iteration,model,split,case_id,n_elements,mae,rmse,r2,bias_predicted_minus_actual,top5_actual_rmse,top5_actual_bias,actual_mean,predicted_mean,actual_p95,predicted_p95,p95_relative_error,p95_underprediction_fraction,actual_p99,predicted_p99,p99_relative_error,p99_underprediction_fraction,actual_max,predicted_max,max_relative_error,prediction_abs_max_ratio,top5pct_hotspot_overlap,top1pct_hotspot_overlap,top1_recall_in_predicted_top5,negative_prediction_fraction,sum_absolute_error,sum_squared_error,actual_sum,actual_squared_sum
1,Ridge,train,case_01,400360,2.152358413809895,3.1206117168678866,0.0736705716534084,0.7374724836855849,7.171668394810603,-6.262867617885815,5.896753568734742,6.634226052420327,10.326234483718872,8.590580797195434,0.16808195564995176,0.16808195564995176,16.558459148406914,10.663715295791611,0.3559959172398257,0.3559959172398257,37.16805648803711,15.267965316772461,0.5892180878037946,0.41078191219620536,0.2726546108502348,0.37987012987012986,0.5814185814185814,0.0,861718.2145529294,3898792.7532767383,2360824.2587786415,18130060.897750977
1,Ridge,train,case_10,400360,2.0804194873195763,3.0294746607766285,0.08518908323131613,0.6208621216106287,6.958125998927608,-6.088944382702795,5.735561601321801,6.356423722932432,10.146135330200195,8.37119517326355,0.17493755988583135,0.17493755988583135,16.147420253753637,10.471246080398556,0.3515220440265432,0.3515220440265432,36.003170013427734,15.053146362304688,0.5818938622157307,0.41810613778426925,0.277300429613348,0.3743756243756244,0.5811688311688312,0.0,832916.7459432655,3674390.6661343714,2296289.4427051963,17187067.072017305
1,Ridge,train,case_11,400360,2.4452805915720606,3.386289918876732,0.000770623583522756,1.2548053347233752,7.047052450171319,-6.085919941039766,6.201051010845691,7.4558563455690665,10.622378873825072,9.414154720306396,0.11374327425807589,0.11374327425807589,17.002918834686216,11.208393230438226,0.3407959339561787,0.3407959339561787,35.55618667602539,15.609115600585938,0.5610014160739358,0.43899858392606417,0.23368967928864023,0.38786213786213786,0.6051448551448552,0.0,978992.5376417902,4590911.871263761,2482652.782702181,19989509.012440648
1,Ridge,train,case_12,400360,2.055950773022315,3.022459548041937,0.0740793231365483,0.6102728137423225,7.111993929826258,-6.243052291517575,5.6733454984825915,6.283618312224914,10.082114791870117,8.252664279937743,0.18145503693407475,0.18145503693407475,16.142577419280983,10.502553091049183,0.3493880922321149,0.3493880922321149,36.23194885253906,14.9884033203125,0.5863208081543164,0.4136791918456835,0.2753022279948047,0.3531468531468531,0.5686813186813187,0.0,823120.4514872141,3657393.3820389863,2271380.6037724903,16836334.16889702
1,Ridge,train,case_13,400360,2.0882556647286266,2.966289207404276,-0.0754025452627376,1.1868133282016553,5.5627136982360055,-4.643529086289724,5.239577948061452,6.426391276263109,9.118360137939451,8.418631172180175,0.07673846559842053,0.07673846559842053,14.603178558349592,10.640570774078355,0.2713524160810562,0.2713524160810562,30.08977508544922,14.978706359863281,0.5021994575457406,0.4978005424542594,0.2810470576481167,0.36313686313686316,0.5851648351648352,0.0,836054.037930753,3522716.2585835424,2097717.427285883,14266872.702133816
1,Ridge,train,case_14,400360,2.02268429414994,2.9155980052733104,-0.009913102062109047,0.8735942001712443,5.9903287840577,-5.111159957578363,5.300424085269767,6.174018285441011,9.186977624893188,8.190795135498046,0.10843419131618103,0.10843419131618103,14.805124273300162,10.526584529876684,0.28899046468252054,0.28899046468252054,30.95267105102539,14.891721725463867,0.5188873457507138,0.4811126542492861,0.2768508342491757,0.35764235764235763,0.5889110889110889,0.0,809801.88400587,3403344.947563689,2122077.7867786037,14617850.616076909
1,Ridge,train,case_15,400360,3.5428445809354443,3.9351753628594466,-3.6105159395536193,3.4722461043408765,2.200655514901775,0.28651420557245244,3.3780577288595954,6.850303833200472,5.832143068313598,8.802312088012695,0.5092757473382663,0.0,9.363036231994613,11.145740222930899,0.1903980660509006,0.0,18.940412521362305,15.406269073486328,0.1865927388798911,0.8134072611201089,0.2886402237985813,0.35664335664335667,0.5844155844155844,0.0,1418413.2564233146,6199816.872431515,1352439.1923262277,5913329.831794531
1,Ridge,train,case_16,400360,2.0808642550956016,3.004425196291446,0.052204484445563026,0.716493304799886,6.61415094019286,-5.731825899906313,5.625429952986378,6.341923257786264,9.801409292221068,8.326453828811644,0.1504840191277421,0.1504840191277421,15.720469598770103,10.534452095031694,0.3298894776110339,0.3298894776110339,34.04954528808594,15.101512908935547,0.5564841532782635,0.4435158467217365,0.2813467878908982,0.3776223776223776,0.5894105894105894,0.0,833094.8131700751,3613877.869517998,2252197.1359776263,16482507.138438577
1,Ridge,train,case_17,400360,2.820114214374201,3.550679400617319,-0.5886222882764784,2.360791753170312,4.418369430673556,-3.391360457763649,5.224712665699665,7.585504418869978,8.882305335998534,9.540736389160156,0.07412839665543892,0.0,13.956213130950902,11.462072696685789,0.17871183327903042,0.17871183327903042,27.7415714263916,15.83597183227539,0.4291609660868009,0.5708390339131991,0.22889399540413627,0.37312687312687315,0.6228771228771228,0.0,1129060.926866855,5047468.319101414,2091765.9628395182,14106137.547034325
1,Ridge,train,case_19,400360,2.1106555407203906,3.047974728528246,0.1163443816863936,0.5082610001047195,7.306437510837243,-6.429094257906417,5.885521276208228,6.393782276312947,10.343796873092652,8.399511909484863,0.18796627461483345,0.18796627461483345,16.581697864532423,10.39918116569517,0.37285184842629443,0.37285184842629443,35.93040466308594,14.634162902832031,0.5927080966648052,0.4072919033351948,0.2770006993705665,0.3593906093906094,0.5691808191808192,0.0,845022.0522828156,3719404.4322792026,2356327.298142726,18077325.27607492
1,Ridge,train,case_20,400360,2.102685889089744,3.054381964905585,0.0811871951652895,0.520026976069209,7.148204711442163,-6.280963808521427,5.788521283110883,6.308548259180092,10.149102687835692,8.285586643218993,0.1836138722736774,0.1836138722736774,16.289631748199415,10.48739750862119,0.35619186052008694,0.35619186052008694,36.26679992675781,15.045578002929688,0.5851418367952285,0.4148581632047715,0.27540213807573183,0.36538461538461536,0.5761738261738262,0.0,841831.32255597,3735058.2047237153,2317492.380906273,17479945.55924125
1,Ridge,train,case_21,400360,2.155666062314575,3.034741594530194,-0.5584079831605517,1.6177320459585562,4.0858340718874935,-3.082525637948033,4.529992944088067,6.1477249900466235,8.021694707870484,8.35073800086975,0.041019174249604065,0.0,12.29129181861873,11.487046241760227,0.06543214405179436,0.06543214405179436,23.24169158935547,14.695358276367188,0.36771563206279023,0.6322843679372098,0.26271355779798183,0.27372627372627373,0.6076423576423576,0.0,863042.4647082633,3687178.0945850713,1813627.9750950986,10581712.180962272
1,Ridge,train,case_24,400360,2.353139719945995,3.332746453833255,-0.3809625273197348,1.666852956369929,5.262432422708874,-4.19678358146034,5.304625899199469,6.971478855569399,9.102337694168089,9.006239318847655,0.010557548901092138,0.010557548901092138,14.59939882278439,12.115720748901362,0.17012194159713645,0.17012194159713645,27.87183380126953,15.379619598388672,0.44820209147170836,0.5517979085282917,0.26546108502347887,0.2777222777222777,0.5761738261738262,0.0,942103.0182775785,4446878.161828449,2123760.0250034994,14485881.92450586
1,Ridge,train,case_27,400360,2.239645289993172,2.8934311732412685,-0.2578351826306604,-1.0456858763934918,6.596735367456494,-5.936073368407234,4.916951870695414,3.8712659943019228,8.11301689147949,5.954328203201293,0.2660771840060273,0.2660771840060273,13.111589975357049,9.055920333862295,0.3093194379260866,0.3093194379260866,27.218610763549805,12.317272186279297,0.5474687413960837,0.4525312586039163,0.26201418723149167,0.280969030969031,0.6193806193806194,0.0,896664.3883016664,3351791.4815372797,1968550.850951616,12344000.055735279
1,Ridge,train,case_32,400360,1.9751601852695377,2.8982889114748067,0.07931838755196541,0.22987242410857053,7.122224186965201,-6.434088349247064,5.271242364639071,5.501114788747642,10.015990829467771,7.506870198249817,0.2505114744949586,0.2505114744949586,15.115796918868979,9.846555881500242,0.3485916796613725,0.3485916796613725,33.723785400390625,14.048715591430664,0.5834181891316407,0.4165818108683593,0.2615645918673194,0.3384115884115884,0.6018981018981019,0.0,790775.1317745121,3363055.4740523044,2110394.5931068985,14777190.176314557
1,Ridge,train,case_34,400360,1.8867009234506287,2.6022371257522297,-0.06278227537020942,-0.6127299672158709,6.345037472446692,-5.6483823050746595,4.684073457170518,4.071343489954647,8.226318550109863,6.162002182006835,0.2509404851670203,0.2509404851670203,12.876111402511585,8.777381801605218,0.3183204519422594,0.3183204519422594,30.05852508544922,12.835351943969727,0.5729879657274639,0.42701203427253603,0.26381256868818065,0.32342657342657344,0.5986513486513486,0.0002897392346887801,755359.5817126937,2711093.0131584015,1875315.6493127886,11335055.49990527
1,Ridge,train,case_35,400360,1.7170610065422072,2.268819603089293,-0.23384482135441553,-0.6172044674749968,4.664353676368958,-3.9454634598364113,3.846318012911481,3.2291135454364848,6.875816249847412,5.786565971374512,0.15841759565594446,0.15841759565594446,10.138929128646827,8.268251333236693,0.18450447494742486,0.18450447494742486,21.769367218017578,11.765556335449219,0.45953613545039707,0.5404638645496029,0.32875412129083825,0.2712287712287712,0.5724275724275725,0.0007043660705365172,687442.544579238,2060870.071805793,1539911.8796492405,7593273.8350793915
1,Ridge,train,case_36,400360,2.7561830598211867,3.611202716014655,-0.0712693306455432,1.3677821122458997,10.248537694383623,-9.158693545478506,3.0640295821179975,4.431811694363898,9.813024330139159,6.5512121438980095,0.3323962191985,0.3323962191985,19.2957092285156,8.809345664978,0.5434557206138158,0.5434557206138158,31.747325897216797,12.770615577697754,0.5977420076562316,0.40225799234376836,0.22844440003996402,0.015484515484515484,0.3086913086913087,0.0,1103465.4498300103,5221008.705080864,1226714.8834967616,8632356.497202441
1,Ridge,train,case_39,400360,1.6693566898980974,2.2086134789664174,-0.1990926371312116,1.1296108394258695,3.615709194215379,-2.848397498864944,3.087728669230164,4.217339508656034,6.646077251434326,6.653437232971189,0.0011074173920074524,0.0,10.974815073013293,8.858502912521361,0.19283351440662294,0.19283351440662294,22.030895233154297,12.645655632019043,0.42600355100465487,0.5739964489953452,0.3994405035468079,0.23676323676323677,0.810939060939061,0.0008842042162054151,668343.6443676023,1952945.4702486668,1236203.0500129885,5445745.664773294
1,Ridge,train,case_40,400360,1.918828076015452,2.7950100012539876,-0.020818908902060285,0.9926673514166614,5.67271783516437,-4.820703706334957,5.041594912488031,6.034262263904693,8.88729267120361,8.143687009811401,0.08367066202305029,0.08367066202305029,14.066408891677813,10.112830162048338,0.2810652498498428,0.2810652498498428,32.35271072387695,14.698060989379883,0.545693060627145,0.454306939372855,0.24947547207513238,0.3696303696303696,0.5806693306693307,0.0,768222.0085135463,3127644.711970486,2018452.9391637081,13240080.589726774
1,Ridge,train,case_42,400360,2.0958661367704288,2.886867057007445,-0.19720920304768974,1.0121245858682344,5.794867463839402,-5.276211140848728,4.11715438872547,5.129278974593704,8.91228380203247,7.307806324958799,0.18002989050996843,0.18002989050996843,13.76958976745605,10.442853240966773,0.24160026425419762,0.24160026425419762,24.76995849609375,13.864240646362305,0.4402800211171645,0.5597199788828354,0.2323408931961235,0.1978021978021978,0.47152847152847155,0.0,839100.9665174088,3336600.802439671,1648343.931070129,9573468.703283088
1,Ridge,train,case_43,400360,2.1346730527168134,2.9527857202942904,-0.24107993991116183,1.022310403343698,5.789227194166455,-5.306784910759806,4.204806520399298,5.227116923742997,9.005365419387815,7.4392671585083,0.17390724173256017,0.17390724173256017,13.601225948333738,10.657828655242906,0.21640676393964492,0.21640676393964492,24.57630157470703,14.07840347290039,0.42715532562518144,0.5728446743748186,0.2137576181436707,0.20404595404595405,0.4727772227772228,0.0,854637.7033857035,3490716.2236531395,1683436.3385070632,9891168.235563483
1,Ridge,train,case_44,400360,1.9664461295315894,2.8148206997882794,0.055565640167061,-0.09127997283861476,6.778238956455298,-5.969169506112921,5.309876889919772,5.2185969170811575,9.196964502334595,7.3051189422607425,0.20570325780790155,0.20570325780790155,14.862060785293576,9.69906982421874,0.3473940145759436,0.3473940145759436,32.25737762451172,14.095752716064453,0.5630223609574084,0.4369776390425916,0.2714556898791088,0.37662337662337664,0.586913086913087,0.0,787286.3724192671,3172138.586388536,2125862.31164828,14646837.997959476
1,Ridge,train,case_47,400360,1.9302631432761477,2.8059678113407456,0.012394505354248797,0.09191508255547215,6.389508074614534,-5.592788511335415,5.241447492183958,5.3333625747394295,9.033231782913207,7.377137637138366,0.1833335162402699,0.1833335162402699,14.435490150451656,10.06774910926818,0.302569638831891,0.302569638831891,29.597883224487305,14.026382446289062,0.5261018384353725,0.4738981615646275,0.26990708362473775,0.3206793206793207,0.5921578421578422,0.0,772800.1520420385,3152216.587241131,2098465.917970769,14190776.00859728
1,Ridge,train,case_48,400360,2.1723805701209424,3.136519690411147,0.11553759321311086,0.6514598055320949,7.5199928297584,-6.641179415941215,6.037508846064417,6.688968651596513,10.65202441215515,8.679045009613036,0.18522107406088217,0.18522107406088217,16.89704576492309,10.57788911819458,0.3739799687260462,0.3739799687260462,36.57381820678711,14.681716918945312,0.5985730328746266,0.4014269671253734,0.2546208412428814,0.3553946053946054,0.5684315684315684,0.0,869734.2850536206,3938643.899411337,2417177.04161035,19046877.92117989
1,Ridge,train,case_49,400360,2.1141087909624625,3.061714115445867,0.09361171663529977,0.5009702024245343,7.157270545281651,-6.3182496934375845,5.85295244275635,6.353922645180885,10.265372943878171,8.352380418777464,0.18635392357971112,0.18635392357971112,16.352748069763166,10.388206062316891,0.3647424874400733,0.3647424874400733,34.92753982543945,14.70962905883789,0.5788529872887257,0.42114701271127436,0.27779998001798384,0.3761238761238761,0.5814185814185814,0.0,846404.5955497315,3753012.0034850864,2343288.0399819324,17855776.270638056
1,Ridge,train,case_52,400360,2.0938154258609187,2.9456250304299707,0.06086045114622485,0.03966148784217022,6.808695545648217,-6.067819369924284,5.676126365691693,5.715787853533863,9.567922735214232,7.717976307868957,0.19334880501664642,0.19334880501664642,15.024835319519037,9.933255901336665,0.3388775523927246,0.3388775523927246,33.935302734375,13.880380630493164,0.5909751936165009,0.40902480638349914,0.24587870916175442,0.3066933066933067,0.6076423576423576,0.0,838279.9438976774,3473806.3424133887,2272493.951768326,16597887.395390868
1,Ridge,train,case_56,400360,1.943602177033275,2.7461953608308076,-0.03246688826088162,0.7074634583757808,5.461835431535652,-4.89991832635824,4.807046602232076,5.514510060607857,9.012357282638549,7.5401535987854,0.16335389706411324,0.16335389706411324,12.885962295532151,9.95913475036621,0.227133021037997,0.227133021037997,27.991840362548828,14.082778930664062,0.4968969975441179,0.5031030024558821,0.24717754021380758,0.33141858141858144,0.6628371628371629,0.0,778140.567597042,3019350.555965005,1924549.177669634,12175801.835297506
1,Ridge,train,case_58,400360,2.337668189252206,3.0431742659227394,-1.257119705697121,2.107299771751352,2.6533293118699364,-1.3374458558433884,3.828242068613012,5.935541840364364,6.500666666030883,8.015770626068115,0.23306901243750588,0.0,10.108694267272929,11.021969099044776,0.09034547960646018,0.0,20.552814483642578,14.742193222045898,0.2827165722836254,0.7172834277163747,0.2666600059946049,0.3086913086913087,0.6348651348651349,0.0,935908.8362490132,3707697.772570361,1532674.9945899055,7510118.65249189
1,Ridge,train,case_59,400360,1.8731680341301058,2.765426520517288,0.07804213870410104,0.008338665520068502,6.816779487378355,-5.99895513640118,5.287436591513801,5.2957752570338705,9.45020728111267,7.438620162010192,0.21286169279301065,0.21286169279301065,14.667274990081749,9.619664554595943,0.34414098316824926,0.34414098316824926,32.03961944580078,13.878089904785156,0.5668459817925814,0.43315401820741867,0.26805874712758515,0.36013986013986016,0.5829170829170829,0.0,749941.5541443292,3061786.666334679,2116878.1137784654,14513820.411748566
1,Ridge,train,case_61,400360,2.105792396316298,3.0042254211679458,0.04816326167190854,0.7296482481292057,6.318870773169845,-5.50424599873816,5.705564880105384,6.43521312823459,9.68325624465942,8.43542013168335,0.12886534048546802,0.12886534048546802,15.157886562347406,10.56941509246825,0.3027118227205263,0.3027118227205263,33.85128402709961,14.818521499633789,0.5622463984594842,0.4377536015405158,0.2641122989309621,0.3618881118881119,0.6371128871128872,0.0,843075.043789193,3613397.285813917,2284279.9553989917,16829343.90342225
1,Ridge,train,case_63,400360,1.7438420203405556,2.4812341208869975,0.03580576523471535,0.06920169643048577,6.225023612432409,-5.704699620653645,3.589908255421658,3.659109951852144,8.285945415496824,5.9729485511779785,0.27914700717107715,0.27914700717107715,13.304288787841797,8.55204298973083,0.3571965306746674,0.3571965306746674,25.949066162109375,12.786008834838867,0.50726516495962,0.4927348350403799,0.3022779498451394,0.10939060939060939,0.497002997002997,0.0015885702867419324,698164.5912635449,2464825.4532561037,1437255.669140615,7715973.792316836
1,Ridge,train,case_64,400360,2.1762028443437154,2.8015816916248686,-0.6798664818231483,1.8595855612932148,3.286056385537593,-2.1978138923311534,3.9771937318564388,5.836779293149653,6.892904663085936,7.985573840141296,0.15852086028507092,0.0,10.860165023803638,9.85277799606323,0.09275982690248144,0.09275982690248144,23.340909957885742,14.299688339233398,0.3873551474627818,0.6126448525372182,0.25362174043360974,0.3693806193806194,0.5881618381618382,1.998201618543311e-05,871264.5707614499,3142369.579530009,1592309.2824860439,8203529.247202241
1,Ridge,train,case_67,400360,2.0901936024103263,2.944380884123913,0.04588931331067769,-0.10225512672281266,6.95750712362267,-6.217624288325139,5.645845615440947,5.543590488718134,9.483993959426876,7.575265026092529,0.20125792377135723,0.20125792377135723,15.007321405410755,9.847282543182372,0.34383476723354356,0.34383476723354356,33.35513687133789,13.67814826965332,0.5899237852803725,0.41007621471962746,0.22954341093016287,0.29920079920079923,0.5914085914085914,0.0,836829.9106609982,3470872.4926824123,2260370.7505979375,16399513.343570031
1,Ridge,train,case_68,400360,2.0197827365072047,2.8209778102152576,0.03690190419620376,0.31387822330930376,6.811200756621415,-6.324899379375014,4.470923505812859,4.7848017291221625,9.673214769363403,6.849830770492554,0.2918764925816546,0.2918764925816546,14.204864883422841,9.341223773956287,0.3423926344517681,0.3423926344517681,30.399791717529297,13.39606761932373,0.5593368617851676,0.44066313821483244,0.24403037266460187,0.18706293706293706,0.4165834165834166,0.0,808640.2163880245,3186031.17198081,1789978.9347872362,11310965.499439059
1,Ridge,train,case_69,400360,2.067005973456993,3.0416278148314295,-0.012724856166651088,0.8102917476554593,6.485731926812411,-5.630995368097603,5.590349281239787,6.400641028895246,9.673070669174193,8.366223526000976,0.1351015812732385,0.1351015812732385,15.407477064132683,10.635395927429194,0.30972501966674965,0.30972501966674965,32.95534896850586,14.71769905090332,0.5534048489376201,0.4465951510623799,0.2485762813467879,0.3129370629370629,0.5774225774225774,0.0,827546.5115332418,3703930.4454975105,2238152.238237161,16169443.43154454
1,Ridge,train,case_72,400360,2.8585776678526558,3.198751380690684,-3.5471961872173337,2.788700433853318,1.9523217304828522,0.3300453926945485,2.7397326694568966,5.528433103310215,4.794327330589294,7.7335224628448485,0.6130568335421278,0.0,7.4184241771698,9.263160629272459,0.2486695837344858,0.0,16.875072479248047,13.314493179321289,0.2109963856039934,0.7890036143960066,0.2259466480167849,0.32842157842157843,0.5521978021978022,0.002093116195424118,1144460.1551014893,4096487.6819305923,1096879.3715437632,3906038.355638345
1,Ridge,train,case_73,400360,1.8217636747354617,2.691675459280093,0.01373872050546232,-0.3689428036632279,7.821968305622567,-7.161918185678845,3.1237290097219934,2.7547862060587653,8.22641882896423,5.256766057014465,0.3609897372954043,0.3609897372954043,14.632464952468844,8.296290979385367,0.43302164014508127,0.43302164014508127,22.04593849182129,11.988838195800781,0.45618834960242405,0.543811650397576,0.3022779498451394,0.036463536463536464,0.514985014985015,0.00048206614047357376,729361.3048170895,2900654.9532763925,1250616.1463322972,6847647.309800914
1,Ridge,train,case_74,400360,2.0174468399773824,2.9083970209936716,-0.06537659604122537,0.5566133936441077,5.769922690436128,-5.132139256110331,5.210357342896367,5.766970736540475,9.183551406860351,7.784103059768676,0.15238640097841133,0.15238640097841133,13.751770725250228,10.530429725646952,0.2342491788121824,0.2342491788121824,29.059873580932617,14.236627578735352,0.5100932721167586,0.4899067278832414,0.23254071335797782,0.30094905094905094,0.6491008991008991,0.0,807705.0168533449,3386554.4510533665,2086018.6658019896,14047641.96894774
1,Ridge,train,case_75,400360,2.056063681381792,2.93512727020587,0.08252095748304045,0.13718909371276547,7.118445954473632,-6.345174647625753,5.667589229630241,5.8047783233430055,9.665987253189082,7.794721221923828,0.19359285112318667,0.19359285112318667,15.416833810806175,9.875865125656125,0.3594102883347033,0.3594102883347033,35.16933822631836,14.157669067382812,0.5974428356804232,0.4025571643195768,0.23853531821360777,0.3538961038961039,0.5924075924075924,0.0,823165.6554780141,3449090.226875696,2269076.023974763,16619503.110003779
1,Ridge,train,case_77,400360,2.4270405648303672,3.101673301487644,-0.8278473341212782,2.1189674742738442,3.4596887204998437,-2.304096710599735,4.216345334965462,6.335312809239307,7.30365433692932,8.35673623085022,0.14418561521952428,0.0,11.748572282791129,10.803638343811024,0.08042968253803988,0.08042968253803988,23.54745101928711,15.101322174072266,0.3586854831249819,0.6413145168750182,0.27660105904685783,0.34715284715284717,0.5874125874125874,0.0,971689.9605354859,3851614.2434814028,1688056.0183067725,9224613.080135196
1,Ridge,train,case_78,400360,2.706804325268284,3.108444326397035,-2.0682611294059168,2.5672802120886713,2.235237349592614,-0.721905527456453,3.235144727900909,5.802424939989579,5.647890686988831,7.918516683578491,0.40203079741266085,0.0,8.848848810195921,9.571720714569087,0.08169106737819393,0.0,20.279897689819336,13.797231674194336,0.31965970020052653,0.6803402997994734,0.22664601858327504,0.3596403596403596,0.5676823176823177,0.0010365670896193425,1083696.1796644102,3868448.925530879,1295222.5432624079,5451027.589212791
1,Ridge,train,case_79,400360,2.1093134831602742,3.056475897775403,0.05893279566680343,0.569413535958327,6.952795980477726,-6.122361084371314,5.793376880167527,6.362790416125854,10.056427860260005,8.3229323387146,0.17237686638171607,0.17237686638171607,15.850202865600538,10.436557044982907,0.34155056982688764,0.34155056982688764,36.246280670166016,14.642608642578125,0.5960245197066434,0.4039754802933566,0.2563692676591068,0.33666333666333664,0.5916583416583416,0.0,844484.7461180474,3740181.101641708,2319436.367743871,17411772.858387887
1,Ridge,train,case_84,400360,2.131495762824852,3.0639612282645796,0.07199053434800118,0.48669750524144323,6.999212154899123,-6.155412123722325,5.8500024248584594,6.336699930099903,10.052421236038205,8.315468263626096,0.1727895132552827,0.1727895132552827,16.077098846435536,10.55527620315547,0.3434588974057538,0.3434588974057538,35.38292694091797,15.102121353149414,0.5731805517851372,0.4268194482148629,0.27415326206414226,0.37162837162837165,0.5999000999000998,0.0,853365.6436045577,3758522.9923504274,2342106.970816333,17751422.6822564
1,Ridge,train,case_85,400360,2.0969825832281543,3.0342040024067547,0.051143025919495044,0.4805218161625772,6.9110364928674475,-6.092751224851594,5.742957919701812,6.223479735864389,9.90499882698059,8.214809036254882,0.1706400798475349,0.1706400798475349,15.767036905288688,10.34647388458249,0.3437908500669517,0.3437908500669517,34.80757522583008,14.545372009277344,0.5821205035137442,0.4178794964862558,0.24922569687281446,0.32142857142857145,0.5811688311688312,0.0,839547.9470212238,3685871.8731026277,2299250.6327318177,17089038.579897046
1,Ridge,train,case_89,400360,1.9877848716617006,2.8989018918732006,0.012452167684203319,0.6735630296126015,6.323503865160829,-5.514640029011007,5.266890383352188,5.94045341296479,9.501103210449216,7.92377107143402,0.16601568302936257,0.16601568302936257,14.831547985076902,10.38504836082458,0.29980010371987253,0.29980010371987253,30.670499801635742,14.515756607055664,0.5267192676696616,0.47328073233033846,0.2699570386652013,0.33291708291708294,0.5981518481518482,0.0,795829.5512184785,3364478.1790667423,2108652.233878882,14512941.660125623
1,Ridge,train,case_91,400360,2.4147525749037504,3.380929327402211,0.010005710021056324,1.1567248540403021,7.065172578622919,-6.159662858507756,6.227670659174811,7.3843955132151144,10.791361618041991,9.355138635635376,0.13309006159198722,0.13309006159198722,16.847370262145986,11.239131889343248,0.3328850904051046,0.3328850904051046,35.742393493652344,15.604412078857422,0.5634200579872,0.43657994201280004,0.23304026376261364,0.37812187812187814,0.6178821178821179,0.0,966770.3408884655,4576388.292677427,2493310.2251072275,20150156.032166723
1,Ridge,train,case_92,400360,2.908971949470999,3.6145403204342323,-0.7108067905686686,2.517154238560661,4.239238428616301,-3.124192327180577,5.1309906232953235,7.648144861855985,8.626925182342527,9.628355884552002,0.11608199689261131,0.0,13.86244007110595,11.52254027366637,0.1687942227657834,0.1687942227657834,26.93845558166504,15.906963348388672,0.4095072265681284,0.5904927734318717,0.23533819562393846,0.3811188811188811,0.6068931068931069,0.0,1164636.009690209,5230664.055840017,2054243.4059425157,13597729.007015591
1,Ridge,train,case_94,400360,2.7890730334958733,3.5485508966697634,-1.1427604089658385,2.5220800448913443,3.383928954371095,-2.0165030318833885,4.538194797936468,7.060274842827813,7.718307733535765,9.146785068511962,0.18507649400522283,0.0,12.303719158172552,12.105680656433096,0.01609582429455176,0.01609582429455176,24.009641647338867,15.833518981933594,0.3405349728037895,0.6594650271962105,0.2769507443301029,0.30694305694305696,0.5994005994005994,0.0,1116633.279690408,5041418.583350165,1816911.6693018444,10598267.30129735
1,Ridge,train,case_95,400360,2.604431799134336,3.34303560171719,-0.07572718672308487,1.4308085612960348,7.259959996674137,-6.632298155911903,4.895934174812619,6.326742736108654,10.778055810928343,8.32976508140564,0.22715513562661963,0.22715513562661963,16.617831211090085,10.378446292877184,0.37546325022539534,0.37546325022539534,34.6576042175293,14.632753372192383,0.5777909724991506,0.42220902750084943,0.245928664202218,0.2122877122877123,0.44430569430569433,0.0,1042710.3151014227,4474378.133071811,1960136.20622798,13756096.419497095
1,Ridge,train,case_96,400360,2.3272231372921963,3.0714551512436765,-0.615948428205962,1.8914874802376278,3.773888217371223,-2.772085226097835,4.446458726790373,6.337946207028001,7.780730009078979,8.395665645599365,0.0790331544473136,0.0,12.240180082321166,11.018007917404155,0.09984919802627967,0.09984919802627967,24.3714542388916,14.879053115844727,0.3894884987166274,0.6105115012833726,0.2636127485263263,0.3211788211788212,0.6091408591408591,0.0,931727.0552463038,3776930.879669123,1780184.2158577936,10252799.934972897
1,Ridge,train,case_97,400360,2.078911132369013,3.0078007776863713,0.057048208814434176,0.5911705118919652,6.859150830561664,-6.0161111270384495,5.692470121784694,6.28364063367666,9.87625789642334,8.248053646087646,0.16486044283284093,0.16486044283284093,15.68950984954829,10.326345100402833,0.3418312490686168,0.3418312490686168,35.222373962402344,14.511415481567383,0.5880057517685378,0.41199424823146225,0.25566989709261667,0.3371628371628372,0.5769230769230769,0.0,832312.860955258,3622003.078886866,2279037.33795772,16814484.77921046
1,Ridge,train,case_99,400360,3.2787885573447286,3.7278576697237837,-2.9509432285190846,3.183371434853531,2.1851891391300766,-0.18884644004321738,3.476781438713956,6.660152873567487,5.963100194931029,8.651104068756103,0.45077288423059336,0.0,9.452709732055656,11.052690525054926,0.16926160205400984,0.0,19.247943878173828,15.013406753540039,0.2199994530031613,0.7800005469968387,0.26171445698871015,0.32517482517482516,0.593906093906094,0.0,1312695.7868185355,5563772.014497434,1391964.2168035195,6247768.959238368
1,Ridge,train,case_100,400360,2.082649450255652,3.032621730865736,0.06585271405230131,0.6266852664887735,7.002001456025642,-6.122453752937512,5.697571016647155,6.324256283135928,10.016252183914181,8.278363227844237,0.17350690898746993,0.17350690898746993,16.072310028076142,10.532391004562378,0.3446871677958102,0.3446871677958102,36.00269317626953,14.996103286743164,0.5834727359611099,0.41652726403889007,0.27859926066540114,0.3548951048951049,0.5799200799200799,0.0,833809.5339043528,3682028.671050144,2281079.532224855,16938205.916138913
1,Ridge,train,case_104,400360,2.0455781897117165,2.9520102912139774,0.028522326605879278,0.4390415565647505,6.5454589189076255,-5.742860508353361,5.5717848155386465,6.010826372103396,9.49413046836853,7.977576255798337,0.15973597767830097,0.15973597767830097,15.03142244338985,10.203040390014642,0.321219237338281,0.321219237338281,32.318115234375,14.133085250854492,0.5626884442870632,0.43731155571293673,0.2500249775202318,0.3094405594405594,0.5931568431568431,0.0,818967.6840329828,3488883.075086688,2230719.7687490527,16020406.29126272
1,Ridge,train,case_105,400360,1.7919404904407865,2.5260743826313754,-0.3268458324433412,1.2233980332644845,3.8893243205110144,-3.028790998713741,4.1177261345419325,5.3411241678064165,6.899764347076416,7.418383526802063,0.07516476703228242,0.0,10.9968593406677,9.40705417633056,0.14456901876137052,0.14456901876137052,24.234914779663086,13.400701522827148,0.4470497773702737,0.5529502226297264,0.21945249275651912,0.3061938061938062,0.5716783216783217,7.243480867219502e-05,717421.2947528732,2554717.8932777653,1648572.835225208,8713778.17665891
1,Ridge,train,case_106,400360,1.1716968532100267,1.773953694801808,-0.37146228995828956,0.35783863500533647,2.7127898227937877,-1.6360005475219663,2.8088639096034482,3.1667025446087846,5.13510546684265,5.768735575675964,0.1233918393545489,0.0,7.404705095291117,7.998946261405943,0.08025183426855481,0.0,16.977144241333008,11.654549598693848,0.3135153101709903,0.6864846898290097,0.3232590668398441,0.2852147852147852,0.541958041958042,0.003918972924368069,469100.55215116625,1259897.5727364628,1124556.7548488365,4077379.610060282
1,Ridge,train,case_107,400360,2.08403836494255,2.988536290399612,0.0702510297522223,0.5196575798214907,6.574356981395436,-5.7926837720527,5.773947810975519,6.29360539079701,9.823783111572263,8.280712842941284,0.15707495280644646,0.15707495280644646,15.309831600189176,10.349005422592157,0.32402878798064116,0.32402878798064116,35.135074615478516,14.600582122802734,0.5844442545634855,0.4155557454365145,0.2601658507343391,0.3451548451548452,0.6216283716283716,0.0,834365.5997883993,3575754.9493114427,2311657.745602159,17193327.08709395
1,Ridge,train,case_109,400360,1.8705812840455165,2.76041877708435,0.066931619985515,0.031714409367771514,6.768239727924216,-5.922143141948709,5.195676734823355,5.2273911441911265,9.180979347229002,7.335420823097227,0.2010197882308493,0.2010197882308493,14.838084297180142,9.694465293884273,0.34664980332221007,0.34664980332221007,33.0452880859375,14.199365615844727,0.5703058911479939,0.42969410885200604,0.2706564092316915,0.36563436563436563,0.5714285714285714,0.0,748905.922880463,3050707.8982088994,2080141.1375538784,14077284.672122162
1,Ridge,train,case_110,400360,1.7288913514312596,2.4531354614802257,-0.3124540416907513,1.2109814464273403,3.8177417411769317,-2.789795939697706,3.929007749751944,5.139989196179284,6.862423944473265,7.362254786491394,0.07283590259979114,0.0,10.958230762481676,9.433386354446409,0.13915060205302165,0.13915060205302165,24.01297378540039,13.850980758666992,0.4231876117281139,0.5768123882718861,0.2635627934858627,0.3573926073926074,0.5696803196803197,0.00038964931561594565,692178.9414590191,2409315.871441974,1573017.5426906883,8016131.630889808
1,Ridge,train,case_111,400360,1.3981812872784292,2.045916777051875,0.13345376837028022,-0.6705676189710634,5.876510006870801,-4.769157606126879,1.8535673291566421,1.1829997101855785,5.327201390266418,4.263019847869872,0.19976371539866364,0.19976371539866364,13.019953222274761,7.350651211738586,0.4354318263476581,0.4354318263476581,22.531204223632812,10.114330291748047,0.5510967726643212,0.4489032273356788,0.5334698771106005,0.2405094905094905,0.987012987012987,0.22254970526526127,559775.8601747919,1675817.0626140365,742094.2159011533,3309425.40804822
1,Ridge,train,case_114,400360,2.2944961996755775,2.8898489248968007,-0.9556242396527224,2.018674431490075,3.06273028074619,-1.9745692306494353,3.8466171109917005,5.865291542481776,6.512721204757687,7.961346817016602,0.2224301588713273,0.0,10.346745529174791,9.743945646285992,0.05825985390179747,0.05825985390179747,23.000751495361328,13.953611373901367,0.39334106641187533,0.6066589335881247,0.21655510040963133,0.32817182817182816,0.5669330669330669,4.49595364172245e-05,918624.4985021142,3343497.16514202,1540031.6265566372,7633594.826299871
1,Ridge,train,case_115,400360,2.1063811957415415,3.032765141882219,0.12725384817580898,0.32001273685696013,7.374945592767183,-6.547184681044388,5.918926264383106,6.238939001240065,10.394952774047848,8.24644546508789,0.20668754881926402,0.20668754881926402,16.448994159698447,10.213216810226433,0.3790977909609965,0.3790977909609965,35.972679138183594,14.39535903930664,0.5998252177990677,0.4001747822009323,0.2750024977520232,0.35764235764235763,0.5781718281718282,0.0,843310.7755270835,3682376.9215124436,2369701.3192084203,18245386.326437797
1,Ridge,train,case_116,400360,2.049088619219455,2.9679255601784402,0.039670171217527805,0.8274065830722414,6.381851608395663,-5.518859151110257,5.529623456611647,6.357030039683888,9.626658058166502,8.34793381690979,0.13283158428712877,0.13283158428712877,15.341071567535392,10.526743431091274,0.31381954743188517,0.31381954743188517,35.28178024291992,15.215311050415039,0.5687487721522122,0.43125122784778785,0.2853931461684484,0.3916083916083916,0.6123876123876124,0.0,820373.119590701,3526603.9418712766,2213840.047089039,15913985.93365754
1,Ridge,train,case_118,400360,2.050326428879296,2.957582286105195,0.004899950572019973,0.045320098656520494,7.927851256528807,-7.404619699306261,4.115224517896751,4.160544616553271,9.728425073623656,6.378966903686522,0.3442960340022975,0.3442960340022975,15.380120143890334,9.273097581863398,0.39707248739880074,0.39707248739880074,27.368141174316406,13.1206636428833,0.5205862334853647,0.47941376651463524,0.23348985912678588,0.07667332667332667,0.2937062937062937,0.0,820868.6890661151,3502066.2171057626,1647571.287985143,10299436.424713062
1,Ridge,train,case_119,400360,1.9925111519430683,2.7657155353287806,-0.20380315672589,1.3839327738252578,4.645291934092725,-3.7506937014733843,4.592839510915934,5.976772284741192,8.03566355705261,8.092370748519897,0.0070569394879054885,0.0,12.864710826873766,10.02576080322265,0.220677329001495,0.220677329001495,27.997272491455078,14.478397369384766,0.48286400492034887,0.5171359950796511,0.2511239884104306,0.3708791208791209,0.5654345654345654,0.00011989209711259867,797721.7647919268,3062426.674615635,1838789.2265903032,10989223.476553407
1,Ridge,train,case_121,400360,2.1236559850728476,2.8847911969262037,-0.302014123044235,1.5422605608404139,4.674238291122097,-3.7390909228294875,4.536640064733341,6.078900625573754,7.992828512191771,8.119709873199461,0.015874400509676066,0.0,12.891168012618962,9.988851814270012,0.22513989387989658,0.22513989387989658,27.960119247436523,14.23331069946289,0.4909424178951652,0.5090575821048349,0.24253172145069438,0.33116883116883117,0.5444555444555444,7.243480867219502e-05,850226.9101837653,3331804.0272351177,1816289.2163166404,10798811.938567609
1,Ridge,train,case_122,400360,2.6395426971462097,3.063064139100574,-1.8437509267839007,2.4858783234680892,2.3557150005966627,-0.8808785768426588,3.1949199588273136,5.680798282295403,5.731524729728698,7.80181393623352,0.3612109000885039,0.0,9.12270348548888,9.590381860733029,0.051265326773808365,0.0,22.65458106994629,14.696565628051758,0.3512762128473735,0.6487237871526265,0.26351283844539913,0.3528971028971029,0.5901598401598401,0.0005420121890298732,1056767.3142294565,3756322.418388864,1279118.1547161033,5407584.278401689
1,Ridge,train,case_124,400360,2.034760266770119,2.835651550145182,-0.15750012252768997,1.282273758808996,5.171608688696353,-4.258922627451227,4.68614249334891,5.968416252157907,8.326841783523559,8.023874044418335,0.036384471685857,0.036384471685857,13.333128252029367,9.97667778968811,0.25173765667711095,0.25173765667711095,28.74965476989746,14.266172409057617,0.5037793488916911,0.49622065110830893,0.24787691078029772,0.30544455544455545,0.5144855144855145,0.0,814636.6204040847,3219262.6166332928,1876144.0086371698,11573098.271248205
1,Ridge,train,case_125,400360,2.133217541875622,2.8930042622730863,-0.41467822257726095,1.6046204215276185,4.348956300092083,-3.3641353713392985,4.388985807024614,5.993606228552232,7.719360971450801,8.069326305389403,0.0453360498664216,0.0,12.352934799194323,10.287554264068602,0.16719755820782184,0.16719755820782184,25.916418075561523,14.32607650756836,0.4472200415273645,0.5527799584726355,0.24542911379758217,0.3111888111888112,0.5464535464535465,0.0,854054.975065324,3350802.475130249,1757174.3577003744,10080810.232415516
1,Ridge,train,case_127,400360,2.1267552357139663,2.8391205154978514,-0.31432799711059034,1.58588247503234,4.5431588221317565,-3.610270345886338,4.408906901601324,5.994789376633665,7.859949254989618,8.047124195098876,0.02381375935607169,0.0,12.608463897705061,9.879797706603993,0.2164154343653019,0.2164154343653019,28.440195083618164,14.107786178588867,0.503949036316031,0.496050963683969,0.24123289039864124,0.33116883116883117,0.5424575424575424,0.0003022279948046758,851467.7261704436,3227143.938516861,1765149.9671251061,10237738.484780371
1,Ridge,train,case_128,400360,2.683285736640446,3.100367040729431,-2.050606485588685,2.5503908562322763,2.2454246476008373,-0.6421173282026447,3.1501356945595393,5.700526550791816,5.586181855201721,7.8467606544494615,0.40467332747908,0.0,8.927573862075796,9.576244468688964,0.0726592259705306,0.0,21.58715057373047,14.576011657714844,0.3247829717993222,0.6752170282006777,0.25671895294235186,0.3389110889110889,0.5846653346653347,0.0007493256069537416,1074280.277521369,3848370.7341799536,1261188.3266738572,5234424.413455113
1,Ridge,train,case_129,400360,1.9114314140587376,2.6440169266644404,-0.090320535978331,1.045691515691497,5.010532691315503,-4.293407405812681,4.307862306820347,5.353553822511845,8.360485506057739,7.466141033172606,0.10697279150081881,0.10697279150081881,12.449416322708034,9.499170465469335,0.2369786486983634,0.2369786486983634,27.233789443969727,13.810922622680664,0.49287547180699953,0.5071245281930005,0.24123289039864124,0.32342657342657344,0.5791708291708292,0.0,765260.6809325562,2798846.9005782846,1724695.7531585942,9996746.400499811
1,Ridge,train,case_130,400360,2.3536170875195053,3.073924147520259,-0.582084838614036,1.9249626984329937,4.1448684781476155,-3.0797383896727366,4.393115192012862,6.318077890445855,7.741332387924194,8.348845529556275,0.07847656077650779,0.0,12.371518497466973,10.572897930145263,0.1453839775359808,0.1453839775359808,25.519859313964844,14.610799789428711,0.4274733410684021,0.5725266589315978,0.2487761015086422,0.2897102897102897,0.5174825174825175,0.0,942294.1371593091,3783005.5093625556,1758827.5982742696,10117884.357995834
1,Ridge,train,case_133,400360,2.0782676228693253,2.8363841962900613,-0.2573296615968834,1.451334927026943,4.769716938887225,-3.851862933576399,4.494560615819249,5.945895542846191,8.05308094024658,7.992589855194091,0.007511545643379209,0.007511545643379209,12.81892926216123,9.964798583984372,0.22264969404282842,0.22264969404282842,28.935829162597656,14.384210586547852,0.5028927456780528,0.49710725432194725,0.24522929363572785,0.32967032967032966,0.5499500499500499,0.0,832055.2254919631,3220926.350696834,1799442.2881493943,10649422.287634764
1,Ridge,train,case_136,400360,2.749718677893419,3.1925699336966287,-1.8560134961956845,2.587892615318399,2.5281988378604785,-1.0101602652985466,3.3661358935285524,5.954028508846952,5.935817217826843,7.996004605293273,0.3470772956551186,0.0,9.499952650070178,9.901481866836525,0.042266444008368924,0.0,21.323503494262695,14.254140853881836,0.331529133675568,0.668470866324432,0.25192326905784795,0.31843156843156845,0.5377122877122877,4.9955040463582775e-06,1100877.3698814092,4080670.413618834,1347666.1663330912,5965226.870345799
1,Ridge,train,case_137,400360,2.740979426510352,3.1297168001460163,-2.285285730043765,2.61472827797333,2.200827792011856,-0.5714421154724062,3.0236621260769616,5.638390404050292,5.4260913848876955,7.761233711242675,0.43035440443532275,0.0,8.722746763229296,9.568067693710328,0.09690994745422152,0.0,21.634017944335938,14.575855255126953,0.3262529737827504,0.6737470262172496,0.25072434808672195,0.34815184815184813,0.5766733266733267,0.000971625537016685,1097378.5231976847,3921577.1454561697,1210553.3687961723,4853983.543434064
1,Ridge,train,case_139,400360,2.0012253386645056,2.808105968997358,-0.1484429321272549,1.2241508803697803,5.150957322268375,-4.2475074411379445,4.656545949523149,5.88069682989293,8.312557744979857,7.9396172046661375,0.04486471574154743,0.04486471574154743,13.217778148651119,9.957537164688091,0.24665575010394142,0.24665575010394142,29.612136840820312,14.419387817382812,0.5130581796614658,0.4869418203385341,0.2488760115895694,0.3111888111888112,0.5282217782217782,0.0,801210.5765877215,3157022.418535359,1864294.736351088,11430133.00250851
1,Ridge,train,case_141,400360,1.5959576260514357,2.2781871426678717,-0.05750870969936117,-0.08805977830759036,5.010843610338221,-4.30511970171765,4.012784792653495,3.924725014345905,7.26107919216156,6.170026350021362,0.15026042455479693,0.15026042455479693,11.077090291976921,8.424680852890015,0.23945001522719667,0.23945001522719667,25.202781677246094,12.459430694580078,0.5056327172873594,0.4943672827126406,0.24413028274552903,0.3101898101898102,0.5699300699300699,0.0005370166849835149,638957.5951659528,2077923.1120034067,1606558.519586753,8411696.52556561
1,Ridge,train,case_142,400360,1.6556897870266625,2.4511803775366356,-0.030459050002332733,0.4752953942231009,5.206254278046609,-4.396242195748345,4.321270355732036,4.796565749955136,7.779161429405209,6.941418004035949,0.10769071100679213,0.10769071100679213,12.231397266387924,9.086666545867917,0.25710314627436537,0.25710314627436537,27.647048950195312,13.265934944152832,0.5201681391728026,0.4798318608271974,0.24428014786691976,0.3179320679320679,0.5524475524475524,0.00017484264162253972,662871.9631339946,2405477.079975817,1730063.799620878,9810447.668562127
1,Ridge,train,case_143,400360,2.2066071048559617,2.8926068101559252,-0.33163934791599936,1.668528750949781,4.423582303621375,-3.4450315448094204,4.474318076376679,6.14284682732646,7.921590662002563,8.192004823684693,0.03413634624914707,0.0,12.536460180282564,10.015151042938232,0.20111810679300568,0.20111810679300568,29.560705184936523,14.645383834838867,0.5045658165725414,0.4954341834274586,0.2628634229193726,0.34465534465534464,0.577922077922078,0.0,883437.2205001328,3349881.8459611125,1791337.9850581675,10530623.36365127
1,Ridge,train,case_144,400360,2.3743062639970343,3.244199534046256,-0.13341041140130927,1.5023710059188475,5.747523564052005,-4.782732685696818,5.492587406903478,6.994958412822327,9.57113671302795,9.053680944442748,0.05406419154799628,0.05406419154799628,15.136413698196405,10.998814125061031,0.2733540226657781,0.2733540226657781,31.827865600585938,15.029748916625977,0.5277801815164984,0.47221981848350164,0.247127585173344,0.3191808191808192,0.5871628371628371,0.0,950577.2558538527,4213721.185704392,2199012.2942278767,15796003.67292771
1,Ridge,train,case_146,400360,1.9351219648221107,2.699803079172684,-0.2553025570899934,1.3326828098867995,4.464908262904964,-3.6038899113455667,4.320783606981047,5.653466416867847,7.589036440849302,7.756246304512024,0.022033082192448764,0.0,12.167704410552965,9.832639570236196,0.19190676906085777,0.19190676906085777,28.361948013305664,14.233940124511719,0.4981324936554415,0.5018675063445585,0.2349385553002298,0.34615384615384615,0.5719280719280719,0.0004396043560795284,774745.4298361803,2918198.6837239945,1729868.9248909322,9799086.767015075
1,Ridge,train,case_148,400360,1.6416944871024897,2.376626523942028,-0.09182993680576379,0.8257739572636974,4.509183973284602,-3.6470044406814073,4.050931678325365,4.876705635589062,7.333276700973511,7.025066542625426,0.042028982529347225,0.042028982529347225,11.485404291152937,9.05823905944823,0.2113260595949872,0.2113260595949872,26.239187240600586,13.493356704711914,0.48575553880597006,0.51424446119403,0.2548706164451993,0.3209290709290709,0.554945054945055,0.00028724148266560094,657268.8048563527,2261374.8610302564,1621831.0067343432,8641105.258012155
1,Ridge,train,case_150,400360,1.835046623956116,2.493987476765911,-0.2569988594322392,1.2024863002549733,4.017927487596667,-3.324370301916759,3.788771955886119,4.991258256141093,7.405756855010986,7.106539297103882,0.04040337318185695,0.04040337318185695,10.835816211700429,9.282615203857414,0.14333954890872738,0.14333954890872738,22.92385482788086,13.428461074829102,0.4142145299883465,0.5857854700116535,0.239584374063343,0.3131868131868132,0.5701798201798202,0.0,734679.2663670706,2490228.6041784137,1516872.7402585666,7728175.482668079
1,Ridge,train,case_151,400360,1.820294451391809,2.505889383592533,-0.416426336186833,1.3183081331493292,3.6064416666199404,-2.759995445134173,3.846295328628278,5.164603461777608,6.654342794418334,7.264707684516907,0.091724293285664,0.0,10.317672529220548,9.251271743774407,0.10335671949521577,0.10335671949521577,23.825817108154297,13.132262229919434,0.4488221675543306,0.5511778324456694,0.2038665201318813,0.286963036963037,0.5464535464535465,0.00011739434508941952,728773.0865592246,2514053.2544977153,1539902.7977696173,7697847.87186607
1,Ridge,train,case_153,400360,1.7471071288337603,2.50341717253285,-0.007416475277581602,-0.04287799718799772,5.777264594890568,-5.023236432291314,4.478284567221076,4.435406570033077,8.088743019104003,6.674113011360168,0.1748887317105711,0.1748887317105711,12.596611623764018,8.919734754562375,0.2918941203414627,0.2918941203414627,28.401994705200195,13.186145782470703,0.5357317005605801,0.4642682994394199,0.2450794285143371,0.3014485514485514,0.5417082917082917,8.9919072834449e-05,699471.8100998843,2509095.1710072514,1792926.0093326299,10519856.4009851
1,Ridge,train,case_154,400360,1.7318953317948842,2.3762013049076978,-0.2717135908356303,1.156244243850929,3.849453587880076,-3.0415960132974478,3.5978396622740405,4.754083906124969,6.938599348068237,6.884398961067199,0.0078114305614328285,0.0078114305614328285,10.474741182327266,8.987250223159736,0.14200741892097438,0.14200741892097438,24.134431838989258,13.59594440460205,0.4366577802491395,0.5633422197508605,0.2520731341792387,0.32367632367632365,0.554945054945055,0.00034468977919872114,693381.6150373998,2260565.736328939,1440431.0871880348,6960014.663848389
1,Ridge,train,case_155,400360,1.9691011309744917,2.727270615312992,-0.2887909176143204,1.3615432767796771,4.350754986620402,-3.5294344032640903,4.394123516012045,5.755666792791723,7.589083981513977,7.787245178222656,0.026111345874070366,0.0,11.835097093582132,9.747406682968137,0.176398249554378,0.176398249554378,28.122840881347656,13.842342376708984,0.5077900403052861,0.492209959694714,0.21570586472175043,0.3224275724275724,0.5836663336663337,0.0,788349.3287969475,2977879.685463176,1759231.2908705822,10040879.112956177
1,Ridge,train,case_156,400360,2.065242699140503,2.867797449462583,-0.18659270966567854,1.3584866469216865,5.033772317147732,-4.085580295313011,4.732292953646106,6.090779600567793,8.350664710998535,8.138087558746339,0.025456315108929477,0.025456315108929477,13.289695453643796,10.139034748077387,0.2370754632080417,0.2370754632080417,28.11277961730957,14.181617736816406,0.49554551595870955,0.5044544840412905,0.24462983315016484,0.2882117882117882,0.50999000999001,0.0,826840.5670278918,3292665.61885365,1894620.8069217552,11740791.85297921
1,Ridge,train,case_157,400360,2.3421115202250467,2.981865354309167,-0.6581729821752667,1.9843314158194956,3.699377767253774,-2.684817263910684,4.141123750788858,6.125455166608354,7.273385071754455,8.207508182525634,0.1284303115476126,0.0,11.7065015220642,10.228644084930403,0.1262424503467887,0.1262424503467887,26.843324661254883,14.758153915405273,0.4502113988619712,0.5497886011380289,0.24687780997102607,0.36688311688311687,0.5714285714285714,0.0003671695474073334,937687.7682372996,3559809.344048576,1657940.3048658273,9012562.259375302
1,Ridge,train,case_158,400360,2.0869229991386016,2.944163379158932,-0.02124436198974622,0.8981243026017975,5.959929696397636,-5.079930657308553,5.309165940253087,6.207290242854883,9.031450700759887,8.297159051895141,0.08130384289236767,0.08130384289236767,14.374462537765476,10.14629861831665,0.2941441398828188,0.2941441398828188,33.08441925048828,14.0166015625,0.5763382921617058,0.4236617078382941,0.2198521330802278,0.2957042957042957,0.554945054945055,0.0,835520.4919351306,3470359.7165533616,2125577.675839726,14683212.409436893
1,Ridge,train,case_163,400360,1.830374781458075,2.649696302480045,0.06863726627252575,0.10141173705677183,6.252115181427391,-5.649633368848861,4.8691821289669655,4.970593866023737,9.154281949996946,7.035221409797667,0.23148298815506618,0.23148298815506618,13.400103712081906,9.228588972091647,0.3113046607414766,0.3113046607414766,30.699800491333008,13.334004402160645,0.5656647864560219,0.4343352135439781,0.22649615346188431,0.32342657342657344,0.6081418581418582,0.0,732808.8475045549,2810883.7187289046,1949425.7571532144,12510142.33051967
1,Ridge,train,case_164,400360,1.7877557617955524,2.5590634409463036,-0.13157124120139163,0.950816066059466,4.610910067671194,-3.8735391584139673,4.41744805846477,5.368264124524237,7.523049545288086,7.508027338981628,0.0019968240559929706,0.0019968240559929706,11.752422008514381,9.303755598068221,0.20835419360129792,0.20835419360129792,27.64034652709961,13.645345687866211,0.5063250862470985,0.4936749137529015,0.19552402837446298,0.33116883116883117,0.5844155844155844,0.0,715745.8967924673,2621879.847965298,1768569.5046869554,10129589.802121753
1,Ridge,train,case_165,400360,1.7581731882871607,2.4961320893070122,0.0388102525421532,-0.2754852765033801,6.5766600156897095,-6.063079778196952,3.916683115704931,3.641197839201551,8.25058135986328,5.819333410263061,0.2946759559789986,0.2946759559789986,13.54518896102898,8.122483825683538,0.40034178562936035,0.40034178562936035,26.689733505249023,12.132949829101562,0.5454076067595282,0.4545923932404719,0.2593166150464582,0.12862137862137862,0.4150849150849151,0.00022979318613248077,703902.2176626477,2494513.2060538926,1568083.252203626,8736920.126982423
1,Ridge,train,case_166,400360,1.850801311833435,2.666105180048108,-0.05791780055169271,0.529535591700633,5.4896343773866265,-4.743081598530069,4.752669265709314,5.282204857409948,8.191421604156492,7.397163438796997,0.09696218846268059,0.09696218846268059,12.85470631599426,9.507669467926004,0.2603744314176793,0.2603744314176793,28.598407745361328,13.371703147888184,0.532431900861436,0.46756809913856406,0.20631431711459686,0.27672327672327673,0.52997002997003,0.0,740986.813205634,2845805.65449093,1902778.6672193808,11733284.091455607
1,Ridge,train,case_169,400360,1.7321117234563486,2.537469023685931,-0.006481473857893771,0.5942135943863296,5.417894864156195,-4.568023130841064,4.506858299532411,5.101071893918739,8.090929222106933,7.2142460346221915,0.10835383222601558,0.10835383222601558,12.841711378097514,9.315161571502674,0.2746168094549789,0.2746168094549789,28.405933380126953,13.595147132873535,0.5213976266527182,0.47860237334728184,0.2557698071735438,0.31718281718281716,0.5414585414585414,3.746628034768708e-05,693468.2496029837,2577817.568122873,1804365.7888007958,10693238.037052538
1,Ridge,train,case_170,400360,1.5732613607040022,2.1769930401250064,-0.1559177991458638,-0.33279787297116376,4.672827746391568,-4.071437672654498,3.5917996307210354,3.2590017577498713,6.727396512031555,5.591496443748474,0.16884690329336025,0.16884690329336025,9.981185073852506,8.004872112274137,0.198003838918454,0.198003838918454,23.188430786132812,12.007112503051758,0.4821938313207346,0.5178061686792654,0.27625137376361275,0.31343656343656345,0.5856643356643356,0.0016385253272055151,629870.9183714543,1897425.626231918,1438012.9001554737,6806542.575703929
1,Ridge,train,case_171,400360,2.27802304752502,3.129487324910726,-0.13497780539137016,1.4070881314762334,5.687622918123287,-4.7306847008378226,5.335408860563249,6.742496992039483,9.183458948135376,8.787444639205932,0.04312256538260588,0.04312256538260588,14.578658542633027,10.529406328201286,0.27775204437296686,0.27775204437296686,33.82589340209961,14.656383514404297,0.5667111186043482,0.43328888139565175,0.22349885103406933,0.31093906093906093,0.5599400599400599,0.0,912029.307307117,3921002.0954407966,2136084.2914151023,14851578.007787077
1,Ridge,train,case_173,400360,2.8444502080693956,3.5975440530715166,-0.02816373578474818,1.3578725295203242,9.445014769927745,-8.553173303532665,2.5970050088225753,3.9548775383428993,9.599425172805786,6.196473860740661,0.3544953214183435,0.3544953214183435,17.56222873687742,8.591799612045287,0.5107796544066128,0.5107796544066128,26.76559829711914,12.759543418884277,0.5232857013976174,0.4767142986023826,0.2479768208612249,0.026473526473526472,0.2727272727272727,0.0,1138804.0853026633,5181588.521873059,1039736.9253322062,7739855.067462722
1,Ridge,train,case_175,400360,2.1591103254689457,2.879867301000663,-0.3796057351244635,1.6607576848603782,4.429012285554842,-3.4877965107511026,4.382044370932325,6.042802055792704,7.760565519332886,8.083055782318116,0.041554995210317115,0.0,12.505675315856932,10.041575431823718,0.19703853025104429,0.19703853025104429,28.643783569335938,14.41160774230957,0.4968678733581256,0.5031321266418745,0.24587870916175442,0.3533966033966034,0.5539460539460539,0.00037216505145369166,864421.4099047472,3320439.977390832,1754395.284346466,10094641.527618555
1,Ridge,train,case_179,400360,1.94511858571334,2.793241266884793,-0.029924103438636607,0.9654132405792011,5.594289997493015,-4.73649871649472,4.922423795128108,5.887837035707308,8.778277397155762,7.993236088752746,0.08942999553162627,0.08942999553162627,13.768545122146582,9.916908798217763,0.2797417076211993,0.2797417076211993,31.174861907958984,14.34489631652832,0.5398569411829199,0.46014305881708006,0.24233190128884005,0.3076923076923077,0.5337162837162838,0.0,778747.6769761927,3123687.500850276,1970741.590617489,12733755.095619332
1,Ridge,train,case_180,400360,1.840867391108676,2.6413982340653623,-0.1236131456851004,0.9556702257286478,4.660158580893189,-3.8758395297244563,4.617005859716327,5.572676085444975,7.6927731275558475,7.711160326004028,0.002390191175964428,0.0,12.1202414035797,9.569093399047851,0.21048656702319227,0.21048656702319227,27.940109252929688,13.689826965332031,0.5100295835852334,0.4899704164147666,0.20016984713757618,0.3271728271728272,0.6056443556443556,0.0,737009.6687042695,2793305.566836579,1848464.4659960286,11020374.196065595
1,Ridge,train,case_181,400360,1.849658175937684,2.621750026568749,-0.06324179266082064,0.8482615208923113,5.300288029736058,-4.588309943098349,4.400496773867756,5.2487582947600675,8.348705530166626,7.297179746627807,0.1259507572448578,0.1259507572448578,12.506495037078853,9.373272895812987,0.25052759641902794,0.25052759641902794,29.049291610717773,13.62056827545166,0.5311221885208955,0.4688778114791045,0.23558797082625638,0.3174325674325674,0.5881618381618382,0.0,740529.1473184112,2751903.7670779466,1761782.8883856947,10340940.005454497
1,Ridge,train,case_182,400360,2.1917591922937563,2.9636489004610067,-0.3876207315871374,1.6548562098708344,4.571527705232801,-3.624298628053771,4.5172521324672905,6.1721083423381256,8.005867195129394,8.22666606903076,0.027579632352094884,0.0,12.821896562576253,10.293714494705188,0.19717691961812917,0.19717691961812917,27.602649688720703,14.566545486450195,0.47227727588766466,0.5277227241123353,0.23403936457188532,0.3246753246753247,0.5526973026973027,0.0,877492.7102267282,3516447.8794113672,1808527.0637546044,10703729.078933505
1,Ridge,train,case_183,400360,2.0107984261466902,2.8585865071700476,-0.09037230818209863,1.1190924095557353,5.628934874428781,-4.7473446771402745,4.862273831097952,5.981366240653688,8.673352289199828,8.030496263504029,0.07411851891411031,0.07411851891411031,13.893857116699213,9.940425529479981,0.28454528890091646,0.28454528890091646,30.76870346069336,14.314569473266602,0.5347685192015553,0.4652314807984447,0.2485762813467879,0.32342657342657344,0.524975024975025,0.0,805043.2578920888,3271548.4736446915,1946659.9510183763,12465589.519301178
1,Ridge,train,case_184,400360,1.8849231024575586,2.6837340626117068,-0.15377174683245465,1.1356148418962095,4.980415862605097,-4.044160891108037,4.47488648801918,5.610501329915389,7.875815033912657,7.682010674476622,0.024607530598614626,0.024607530598614626,12.749776926040594,9.723164081573485,0.2373855528629249,0.2373855528629249,29.159093856811523,13.992000579833984,0.5201496778828923,0.47985032211710765,0.2479768208612249,0.3111888111888112,0.51998001998002,4.9955040463582775e-06,754647.8132999082,2883564.2817957103,1791565.554343359,10516302.702600041
1,Ridge,train,case_185,400360,2.129228418939855,2.8860316673123223,-0.41273540193512304,1.5787510160264409,4.345674059015354,-3.4097292927645673,4.4111433006062715,5.9898943166327125,7.666236424446105,8.054152297973634,0.05060056226423456,0.0,12.235298709869317,10.119343910217278,0.1729385485247903,0.1729385485247903,25.902671813964844,14.079792022705078,0.4564347599418576,0.5435652400581423,0.22604655809771207,0.30694305694305696,0.564935064935065,0.0,852457.8898067605,3334670.0182543197,1766045.331830727,10150713.984372474
1,Ridge,train,case_186,400360,1.961870084771486,2.6668195274636752,-0.317297404513434,1.4044827283954144,4.085242462872596,-3.275170325994706,4.10199790038781,5.506480628783224,7.5299984931945785,7.588945937156676,0.0078283473782063,0.0,11.554426622390743,9.600349025726288,0.1691193912537162,0.1691193912537162,25.107419967651367,13.845544815063477,0.4485476869824855,0.5514523130175145,0.23333999400539515,0.33466533466533466,0.5816683316683317,0.00011739434508941952,785454.3071391121,2847330.8503257744,1642275.8793992638,8898106.523626285
1,Ridge,train,case_187,400360,1.890629099027836,2.7181374621323537,-0.11299476551992393,1.0485017456694852,5.189829019425062,-4.27146136666621,4.630080605487511,5.6785823511569955,8.103256320953365,7.754178762435912,0.04307867660742877,0.04307867660742877,13.128380126953111,9.819534072875967,0.2520376483679007,0.2520376483679007,29.0647029876709,14.15823745727539,0.5128717653408933,0.48712823465910676,0.25017484264162254,0.3116883116883117,0.525974025974026,0.0,756932.2660867844,2957968.282873622,1853699.07121298,11240442.060866356
1,Ridge,train,case_188,400360,2.1122703268728213,2.886121374436045,-0.27087162912034857,1.5050943508985433,4.783011451435145,-3.8690365720240667,4.561877200521213,6.0669715514197575,8.110652208328247,8.145575523376465,0.004305857796782055,0.0,13.086825618743863,10.090209722518914,0.22897958477669228,0.22897958477669228,28.11197280883789,14.44868278503418,0.48603099173133174,0.5139690082686683,0.24113298031771405,0.3421578421578422,0.5524475524475524,0.00011739434508941952,845668.5480668028,3334877.3259623135,1826393.1560006728,10955867.98698799
1,Ridge,train,case_189,400360,2.052185934141286,2.8220143675038076,-0.25069906720272206,1.4299386710385835,4.747652575506599,-3.8054752045428555,4.50395661685842,5.933895287897004,7.995612788200375,7.994678497314452,0.00011685044169488075,0.00011685044169488075,12.753865308761585,9.964319515228256,0.2187215974138429,0.2187215974138429,29.364471435546875,14.680429458618164,0.5000615117203535,0.49993848827964643,0.2462283944449995,0.33141858141858144,0.5339660339660339,0.0,821613.1605928051,3188372.991591709,1803204.071125437,10670825.610614894
1,Ridge,train,case_190,400360,2.040002988164929,2.832516173562463,-0.15106431770259543,1.2997193943458942,5.13272483523491,-4.211548576858545,4.71106754251522,6.010786936861114,8.360267305374144,8.092713594436646,0.032003009134111034,0.032003009134111034,13.360542898178092,10.012038564681983,0.2506263674324737,0.2506263674324737,28.387516021728516,14.183664321899414,0.5003555678826255,0.49964443211737447,0.24283145169347586,0.3014485514485514,0.5144855144855145,0.0,816735.596341711,3212147.4826316326,1886123.0013213935,11676241.904284762
1,Ridge,train,case_191,400360,2.0227777872549324,2.825748533093336,-0.19238707687023937,1.3020099019864415,5.022552629558744,-4.110496158211104,4.650895452266001,5.952905354252442,8.205350446701049,7.9857886075973505,0.02675837437168485,0.02675837437168485,13.111052494049055,9.993723392486556,0.23776345209337052,0.23776345209337052,29.264482498168945,14.348932266235352,0.5096809838638646,0.49031901613613543,0.244729743231092,0.31643356643356646,0.5477022977022977,0.0,809839.3149053848,3196816.4566296763,1862032.503269216,11341140.896453092
1,Ridge,train,case_192,400360,1.9918207936475287,2.78293097031987,-0.16682848284927276,1.256775019899635,4.964662739265862,-4.0690651116808025,4.594875131585384,5.851650151485019,8.175111389160156,7.908023905754089,0.03267080663392718,0.03267080663392718,12.946696014404287,9.917495660781842,0.23397478014871168,0.23397478014871168,29.42413902282715,14.436260223388672,0.5093735720800847,0.49062642791991534,0.2473773603756619,0.3096903096903097,0.535964035964036,0.0,797445.3729447246,3100670.0079490007,1839604.2076815246,11110100.202361241
1,Ridge,train,case_193,400360,2.1789246959905975,2.8767038673717518,-0.4982417731822253,1.7392198036215343,3.9717846014545097,-3.0187886526730168,4.217785242945701,5.957005046567237,7.433103251457213,8.035566091537476,0.0810513213256056,0.0,11.889664096832272,10.001794595718355,0.15878240846323793,0.15878240846323793,26.4258975982666,14.539468765258789,0.4498022740308923,0.5501977259691077,0.24063342991307823,0.3546453546453546,0.5656843156843157,0.0,872354.2912867955,3313149.209271236,1688632.499865741,9333647.424383583
1,Ridge,train,case_194,400360,1.8288332340274953,2.627106813061593,-0.05598840874089772,0.874594940038201,5.261420716404038,-4.436920610695217,4.4735464772618485,5.34814141730005,8.246804285049436,7.449480962753295,0.0966827021397369,0.0966827021397369,12.928755416870114,9.550731496810899,0.26127989981552235,0.26127989981552235,28.35040283203125,13.974966049194336,0.5070628755438725,0.4929371244561274,0.24777700069937056,0.3181818181818182,0.5452047952047953,2.4977520231791387e-06,732191.673575248,2763160.6913684607,1791029.0676365537,10628909.940717285
1,Ridge,train,case_195,400360,2.0384447430246357,2.885362254746674,-0.15320837447476054,1.2210249589205588,5.273392918138189,-4.350087076779881,4.837615727860749,6.058640686781307,8.506486845016479,8.122236776351928,0.04517141749177733,0.04517141749177733,13.599721879959082,10.223229408264158,0.24827658252854526,0.24827658252854526,28.627286911010742,14.568586349487305,0.49109440951304834,0.5089055904869517,0.24817664102307924,0.3064435564435564,0.5347152847152847,0.0,816111.7373173432,3333123.249969526,1936787.8328063295,12259739.691145731
1,Ridge,train,case_200,400360,2.054391490526979,2.7653871316416656,-0.3305731198516335,1.48765375835873,4.3281707942323075,-3.3760708188162614,4.3085884493248345,5.796242207683566,7.528428196907043,7.843160653114318,0.041805865444340624,0.0,12.027814435958856,9.739869976043687,0.19022113053848208,0.19022113053848208,27.248859405517578,14.272377014160156,0.47622112170793596,0.523778878292064,0.24642821460685382,0.33016983016983015,0.5666833166833167,0.0,822496.1771473814,3061699.4468953535,1724986.4715716909,9733294.889121156
1,Ridge,validation,case_18,400360,2.0519919054175504,2.9981585412580167,0.07036602290698157,0.4843378011233058,7.0639260135128525,-6.215629475232735,5.653727981126508,6.1380657822498135,9.915027427673339,8.095559930801391,0.18350604777892218,0.18350604777892218,15.819301843643087,10.402764873504633,0.3424005069044854,0.3424005069044854,36.45985412597656,14.904417037963867,0.5912101845919094,0.40878981540809056,0.2693076231391747,0.35714285714285715,0.5899100899100899,0.0,821535.4792529705,3598817.879077226,2263526.534523809,16668583.556267565
1,Ridge,validation,case_29,400360,5.367620909212033,5.600437546368928,-23.925879235831317,5.366213204707679,4.430568699945854,4.0729346535210365,2.033673969191559,7.399887173899238,3.50241869688034,9.570553636550901,1.7325555465643057,0.0,5.4425946283340405,12.673979635238638,1.328665002765069,0.0,12.888184547424316,16.27069854736328,0.2624507732250742,1.2624507732250743,0.24308122689579378,0.28321678321678323,0.6241258741258742,0.0,2148980.7072121296,12557251.64856741,814201.7103055326,2159604.52317288
1,Ridge,validation,case_45,400360,2.2032302327498896,3.0779399707726736,0.07852742651280009,0.6890609852305051,7.59682965430662,-6.98942777713656,5.207303312044021,5.896364297274527,10.862130212783812,7.872970771789548,0.2751909047708041,0.2751909047708041,15.904301156997667,9.918226251602169,0.37638088252382657,0.37638088252382657,36.334930419921875,14.214937210083008,0.608780392701972,0.391219607298028,0.24323109201718454,0.35214785214785216,0.5497002997002997,0.0,882085.2559837458,3792896.322678959,2084795.9540099443,14972289.90461304
1,Ridge,validation,case_51,400360,3.0657124195947,3.6515734008827754,-2.7164513741352403,2.957903075433453,2.2332010680326464,-0.3342425051191873,3.495074740730534,6.452977816163988,6.196873641014097,8.632339906692504,0.3930153181693489,0.0,9.536471252441398,11.902323293685892,0.24808464038926567,0.0,19.359146118164062,15.389097213745117,0.20507355439060282,0.7949264456093972,0.2582176041562594,0.27647352647352647,0.6266233766233766,0.0,1227388.624308934,5338395.556602572,1399288.1231988766,6327039.392613842
1,Ridge,validation,case_54,400360,2.0313801563115637,2.8536902851489394,0.044404288388975255,-0.2959356032725137,6.969110101490134,-6.211656481489124,5.355598113270859,5.059662509998345,9.406452131271362,7.159106636047362,0.2389153172589687,0.2389153172589687,14.854768409728997,9.548966093063346,0.35717839351777875,0.35717839351777875,33.38887405395508,13.845531463623047,0.585324996546777,0.4146750034532229,0.26611050054950547,0.3598901098901099,0.5984015984015985,0.0,813283.3593808976,3260350.974789053,2144167.260629121,14895149.962829953
1,Ridge,validation,case_60,400360,2.026128144607411,2.9768997420047514,0.09111694632528278,0.5156445630329276,7.02561446022178,-6.1664012759248035,5.622468909648277,6.138113472681206,9.96433162689209,8.158471870422362,0.18123240214085304,0.18123240214085304,15.850470104217512,10.359678211212152,0.3464119270219224,0.3464119270219224,36.91607666015625,15.006673812866211,0.593492180899521,0.40650781910047895,0.27854930562493757,0.39085914085914086,0.6088911088911089,0.0,811180.663975023,3547963.125125803,2251011.6526667844,16559895.004739292
1,Ridge,validation,case_62,400360,2.1725188330817042,2.591611909825167,-2.6254860546745493,2.0721696309608872,1.7361513094226073,0.028040727448041817,2.474723175269594,4.546892806230481,4.507473468780517,6.767368698120116,0.5013662853463243,0.0,6.4952899599075264,8.633833036422727,0.3292452053280847,0.0,14.41285228729248,12.550761222839355,0.12919656896053067,0.8708034310394693,0.22579678289539415,0.3086913086913087,0.5794205794205795,0.0005794784693775602,869789.640012591,2688998.839283873,990780.1704509346,3193599.9834185
1,Ridge,validation,case_81,400360,2.2091704507703827,3.1444730438031954,0.047664772836429226,0.8820644644445663,6.958982156796787,-6.056629626766906,5.84957593964784,6.731640404092407,10.314814281463619,8.72267985343933,0.15435415360657118,0.15435415360657118,16.286035861968987,10.737879524230951,0.34066953952214013,0.34066953952214013,35.2658805847168,15.117687225341797,0.5713225651908616,0.42867743480913845,0.238385453092217,0.3758741258741259,0.586913086913087,0.0,884463.4816704304,3958643.865142326,2341936.2231974094,17856109.41474756
1,Ridge,validation,case_83,400360,2.070278789241609,3.033432605812833,0.0950643481150657,0.5535032304564643,7.144490945126654,-6.298863530158997,5.771707437600671,6.325210668057135,10.300168991088865,8.329870223999018,0.19128800399240445,0.19128800399240445,16.17190748214708,10.426941757202135,0.35524354386067813,0.35524354386067813,37.063751220703125,14.952377319335938,0.5965767946611994,0.4034232053388006,0.27535218303526826,0.37312687312687315,0.5919080919080919,0.0,828856.8160607705,3683997.9664180167,2310760.7897178046,17408040.681773167
1,Ridge,validation,case_86,400360,2.4995682665495256,3.2496153772544627,-0.8361741808984839,2.181423482547485,3.568107270200625,-2.3117140668150022,4.475714650114444,6.657138132661929,7.60098669528961,8.70346584320068,0.14504421492992292,0.0,12.306284666061373,11.372677097320542,0.07586429162617704,0.07586429162617704,24.116090774536133,15.36284065246582,0.362963060800582,0.6370369391994181,0.2796483165151364,0.32042957042957043,0.5816683316683317,0.0,1000727.151195768,4227801.640071498,1791897.1173198188,10322525.946124662
1,Ridge,validation,case_87,400360,2.4005094353855982,3.1999790685291667,-0.012878935907122635,1.1269252567235146,7.189858392087751,-6.604562961741967,5.09026258343684,6.217187840160355,10.772640562057495,8.203668928146362,0.2384718601824842,0.2384718601824842,15.996327209472646,10.153079280853262,0.365286846918157,0.365286846918157,34.780033111572266,14.181985855102539,0.5922377126667023,0.4077622873332977,0.22864422020181838,0.24325674325674326,0.477022977022977,0.0,961067.957550978,4099632.767383966,2037937.5279047734,14421142.352911664
1,Ridge,validation,case_101,400360,2.1046377408149577,3.0606640663453435,0.10592497239053233,0.3948845491267942,7.2847987781885095,-6.462100020845115,5.892952550035133,6.287837099161928,10.397786188125611,8.307266664505004,0.2010542903842362,0.2010542903842362,16.382473373413045,10.407819347381556,0.3646979238023787,0.3646979238023787,37.050594329833984,15.004415512084961,0.595029019547925,0.404970980452075,0.27040663402937354,0.37812187812187814,0.5906593406593407,0.0,842612.7659126765,3750438.1700367713,2359302.482932066,18098026.538970944
1,Ridge,validation,case_120,400360,2.1046426746499747,3.0424367725454524,0.10483263036156898,0.3908036944993518,7.193863208993158,-6.366521261314589,5.849380987685487,6.240184682184839,10.294800615310661,8.258127260208129,0.19783514331239652,0.19783514331239652,16.261321811676016,10.372809658050516,0.36211768156493945,0.36211768156493945,36.66416549682617,14.98051643371582,0.5914125896302588,0.40858741036974117,0.2815466080527525,0.37537462537462535,0.596903096903097,0.0,842614.7412228638,3705900.9177200934,2341858.1722297617,17838317.90270544
1,Ridge,validation,case_145,400360,1.9749930023350346,2.740096730237679,-0.3828667653472051,1.422192625532581,3.9705913064892804,-3.136123133689472,4.284758478472041,5.706951104004622,7.399078512191771,7.752277445793152,0.04773552990678506,0.0,11.438420429229723,9.95659481048583,0.12954809870051964,0.12954809870051964,25.100421905517578,13.960046768188477,0.44383218653708056,0.5561678134629194,0.21046058547307422,0.3224275724275724,0.6056443556443556,0.0,790708.1984148545,3005954.9632564695,1715445.904441066,9523984.02051085
1,Ridge,validation,case_176,400360,1.6576112004123262,2.4266105425986297,-0.042959112516707476,0.5963850463681004,5.01730640657845,-4.28650266122051,4.060998864911518,4.657383911279617,7.827819538116455,6.820683574676513,0.12866111163342953,0.12866111163342953,11.872080402374266,9.076982030868525,0.2354345891177385,0.2354345891177385,27.17892074584961,13.310554504394531,0.5102618448737655,0.4897381551262346,0.2497752023179139,0.3256743256743257,0.567932067932068,0.00013238085722849435,663641.2201970789,2357495.3281214884,1625861.5055559753,8863012.667989213
1,Ridge,internal_test,case_06,400360,2.398419234344662,3.323451869963079,-0.07927765386495822,1.333958818021435,6.302861515152223,-5.395829079713077,5.917631487748422,7.251590305769857,10.134570455551147,9.215711736679078,0.09066577837729378,0.09066577837729378,15.962084121704066,11.310836658477779,0.2913934939674866,0.2913934939674866,32.9944953918457,15.695926666259766,0.5242865065868267,0.47571349341317326,0.23343990408632231,0.3578921078921079,0.6161338661338661,0.0,960231.1246622289,4422109.25242394,2369182.942434958,18117237.60923312
1,Ridge,internal_test,case_28,400360,1.9490991606699601,2.9076013587084137,0.08348224032577034,0.3576789786541473,7.106886884090833,-6.237580798212757,5.5266866433473245,5.8843656220014715,9.724851751327513,7.857361936569213,0.1920327283655891,0.1920327283655891,15.672686471939013,10.091771793365469,0.3560917707736852,0.3560917707736852,36.075843811035156,14.508333206176758,0.5978380081094918,0.4021619918905081,0.2644619842142072,0.36388611388611386,0.5741758241758241,0.0,780341.3399658252,3384701.7569032246,2212664.264530535,15921703.859572133
1,Ridge,internal_test,case_57,400360,2.001232116819606,2.8405236993062957,0.07300219529115237,-0.18520976898660255,6.913559821871741,-6.233003591333477,5.400399450375989,5.215189681389387,9.728502988815302,7.311693716049194,0.2484256082919102,0.2484256082919102,14.611289510726927,9.48656924247739,0.3507370286850593,0.3507370286850593,32.06071853637695,13.843305587768555,0.5682159907906753,0.43178400920932475,0.24837646118493356,0.3611388611388611,0.6133866133866134,2.4977520231791387e-06,801213.2902898974,3230334.641487364,2162103.923952531,15160952.23359229
1,Ridge,internal_test,case_66,400360,2.1131688921797984,2.969616020435223,-0.16253890397864623,0.6647273075453702,7.4492169588459936,-6.774182830803496,3.3097094398571456,3.9744367474025153,8.640856552124024,6.278483629226685,0.2733956881064807,0.2733956881064807,14.484742507934437,9.543932046890253,0.34110447309213204,0.34110447309213204,22.389339447021484,13.163786888122559,0.41205112731122695,0.587948872688773,0.2038165650914177,0.03146853146853147,0.1813186813186813,0.0,846028.2976731041,3530622.42648139,1325075.2713412067,7422607.059131721
1,Ridge,internal_test,case_71,400360,1.9829475014513802,2.613577220073448,-0.17525034358120517,-0.7453838299165524,5.83105047137969,-5.224023631169539,4.549803349447659,3.8044195195311064,7.7705615758895865,5.88566563129425,0.24256881902123661,0.24256881902123661,12.114842939376807,8.815408439636204,0.2723464527151622,0.2723464527151622,25.56398582458496,12.559599876403809,0.5086994664061657,0.49130053359383435,0.2551203916475172,0.3086913086913087,0.6298701298701299,2.9973024278149667e-05,793892.8616810746,2734773.437033444,1821559.2689848647,10614707.437531048
1,Ridge,internal_test,case_82,400360,1.9656692466346384,2.8895547535358603,0.08407630604429162,0.30203125960947974,6.941323999208427,-6.0958770155990045,5.501570875476665,5.8036021350861455,9.606270885467529,7.80510823726654,0.1874986318495148,0.1874986318495148,15.515425043106074,10.05299946784973,0.35206419160804414,0.35206419160804414,34.473167419433594,14.410701751708984,0.5819733772538341,0.4180266227461659,0.27190528524328106,0.3633866133866134,0.5721778221778222,0.0,786975.3395826438,3342816.4990752,2202608.9157058373,15767476.08115845
1,Ridge,internal_test,case_93,400360,2.0420569931480665,2.942194849913385,-0.008153171927444358,0.5974951925691326,6.127893902212689,-5.3227580036599145,5.478692639531607,6.07618783210074,9.250488615036007,8.063951778411866,0.12826747710337272,0.12826747710337272,14.655003519058223,10.366031408309928,0.29266264625393407,0.29266264625393407,30.175100326538086,14.267049789428711,0.5271913055784847,0.47280869442151524,0.24657807972824458,0.3086913086913087,0.5979020979020979,0.0,817557.93777676,3465720.5577352876,2193449.385162874,15454927.461751582
1,Ridge,internal_test,case_98,400360,2.33069441086588,3.2929108966727725,0.037117319281533945,0.9284482931310993,7.0330133884000166,-6.145126027009956,6.260926460286945,7.189374753418044,10.456711626052856,9.140101146697997,0.12591056600189002,0.12591056600189002,16.65958471298217,10.955755252838117,0.34237524874790426,0.34237524874790426,34.968265533447266,15.078582763671875,0.5687923740670192,0.43120762593298084,0.2148566290338695,0.34665334665334663,0.6043956043956044,0.0,933116.8143342637,4341208.443752946,2506624.5176404812,20202345.646022253
1,Ridge,internal_test,case_102,400360,2.0914717801730798,2.8521957450789834,-0.1854716457189136,-1.2784026864559463,7.752177125597981,-7.302863244327206,3.561208677776423,2.282805991320477,8.40616006851196,4.80703284740448,0.4281535435649383,0.4281535435649383,14.098538675308209,7.7299441576003955,0.45172018635247596,0.45172018635247596,24.8814754486084,11.395544052124023,0.5420069008503526,0.45799309914964736,0.3465381156958737,0.05344655344655345,0.708041958041958,0.011764412029173743,837341.6419100942,3256936.834703232,1425765.5062345688,7824824.903724942
1,Ridge,internal_test,case_117,400360,1.8686787678521726,2.7288474307889263,0.010509592988872218,0.16332770738287822,6.08764020111498,-5.3339956376635715,5.137139844130944,5.300467551513823,8.875784015655517,7.359161567687988,0.17087194159889887,0.17087194159889887,13.745235443115213,9.755287570953366,0.2902786124453295,0.2902786124453295,30.055034637451172,13.623126983642578,0.5467272905196727,0.4532727094803273,0.24607852932360874,0.30094905094905094,0.5981518481518482,0.0,748144.2314972958,2981324.099197518,2056705.307996265,13578572.17672394
1,Ridge,internal_test,case_147,400360,1.95704928034216,2.7996488602618563,-0.12225370150037596,1.020147146115397,5.259407420713853,-4.44804707224022,4.797992291013543,5.8181394371289405,8.369614458084104,7.908865022659302,0.05505025801753278,0.05505025801753278,13.121011762619016,9.835939779281606,0.25036727675958537,0.25036727675958537,29.499116897583008,13.852684020996094,0.5304034331234131,0.4695965668765869,0.21625537016684984,0.28996003996003994,0.5394605394605395,0.0,783524.2498777872,3138035.1884528804,1920924.1936301822,12012770.016969586
1,Ridge,internal_test,case_159,400360,1.637634690056966,2.429173438348298,-0.0061251853954567,0.3371064778939482,5.424783979465452,-4.61007730207406,4.308228827876949,4.645335305770898,7.735206508636474,6.829135012626646,0.11713604478409016,0.11713604478409016,12.345149745941162,9.088666229248037,0.263786473530934,0.263786473530934,27.970979690551758,13.32113265991211,0.523751659495437,0.476248340504563,0.24373064242182035,0.2952047952047952,0.5177322677322678,7.74303127185533e-05,655643.4245112069,2362477.755524445,1724842.4935288155,9779111.391040415
1,Ridge,internal_test,case_196,400360,1.9808111239999806,2.8049496582444333,-0.12403938448797369,1.1813001772096312,5.146288616144544,-4.274183125009498,4.721619437764037,5.902919614973667,8.420341682434081,8.02216806411743,0.0472871093992887,0.0472871093992887,13.27775411605834,9.969454345703124,0.24916109617921772,0.24916109617921772,29.805959701538086,14.567001342773438,0.5112721922514801,0.4887278077485199,0.24443001298831052,0.33466533466533466,0.554945054945055,0.0,793037.5416046323,3149929.4214449283,1890347.5581032098,11727831.892893458
1,Ridge,internal_test,case_197,400360,1.8905260349103328,2.6107101922902918,-0.1199030006607471,1.1525813214475205,4.769140635815705,-3.9164096637972228,4.335292672210596,5.487873993658116,7.936916875839233,7.569784545898435,0.046256290154478685,0.046256290154478685,12.379508867263791,9.442850236892697,0.23721931636050236,0.23721931636050236,27.07880973815918,13.577566146850586,0.4985907328224542,0.5014092671775459,0.24607852932360874,0.31218781218781216,0.5402097902097902,0.00015735837746028573,756891.0033367008,2728776.774026291,1735677.7742462344,9961289.997120844
1,Ridge,internal_test,case_199,400360,1.8790315301097,2.731701589566485,-0.01929063586971913,0.7508494841788351,5.823718088966749,-5.027506981366211,4.738719716338008,5.489569200516843,8.71670413017273,7.55661940574646,0.13308754170176032,0.13308754170176032,13.672717103958115,9.595766534805296,0.29818144690294096,0.29818144690294096,29.847414016723633,14.014251708984375,0.5304701539258265,0.4695298460741735,0.24118293535817764,0.3276723276723277,0.5462037962037962,2.4977520231791387e-06,752289.0633947195,2987563.8194628237,1897193.8256330849,11921292.318331864
1,HistGradientBoosting,train,case_01,400360,0.5614250162017683,0.753690254947708,0.9459654185692341,-0.3516056386960291,1.4812988260423503,-1.0133039714337018,5.896753568734742,5.545147930038711,10.326234483718872,9.927757513504263,0.03858879738232545,0.03858879738232545,16.558459148406914,15.323006433834509,0.07461157487538736,0.07461157487538736,37.16805648803711,31.384758606824214,0.15559860879662366,0.8444013912033763,0.882305924667799,0.9105894105894106,1.0,0.05316465181336797,224772.11948653994,227424.09780140157,2360824.2587786415,18130060.897750977
1,HistGradientBoosting,train,case_10,400360,0.512916291809515,0.6914324838791767,0.9523463415124533,-0.2888044410875819,1.1796391133872366,-0.6879006322851152,5.735561601321801,5.446757160234222,10.146135330200195,9.915819309691436,0.022699876653844604,0.022699876653844604,16.147420253753637,15.374703645886854,0.0478538736048043,0.0478538736048043,36.003170013427734,32.25350771059154,0.10414811533089223,0.8958518846691078,0.8871016085523029,0.9070929070929071,1.0,0.053953941452692576,205351.16658885745,191403.66030204596,2296289.4427051963,17187067.072017305
1,HistGradientBoosting,train,case_11,400360,0.5898740788510934,0.8150292859737087,0.9421153586793296,-0.2969155845003528,1.7586899145610069,-1.2367793599188646,6.201051010845691,5.904135426345337,10.622378873825072,10.185802830037451,0.04109964904974361,0.04109964904974361,17.002918834686216,15.472282863901631,0.09002195362257828,0.09002195362257828,35.55618667602539,30.955723084411687,0.12938574188316082,0.8706142581168391,0.8458387451293835,0.9018481518481518,1.0,0.052777500249775205,236161.98620882377,265948.23298324354,2482652.782702181,19989509.012440648
1,HistGradientBoosting,train,case_12,400360,0.5897025459473396,0.7675661223242503,0.9402848696197407,-0.40619538558736235,1.3367627625313225,-0.8669331597950088,5.6733454984825915,5.267150112895229,10.082114791870117,9.765016055599062,0.031451609391191654,0.031451609391191654,16.142577419280983,15.126771871455432,0.06292709778874929,0.06292709778874929,36.23194885253906,32.25350771059154,0.10980477915056229,0.8901952208494377,0.8780597462283944,0.8983516483516484,1.0,0.0534843640723349,236093.3112954769,235875.19764672473,2271380.6037724903,16836334.16889702
1,HistGradientBoosting,train,case_13,400360,0.42021299969761383,0.6053572236393001,0.955211395091783,-0.04907835868933041,1.0717887360307476,0.09400470241422731,5.239577948061452,5.1904995893721235,9.118360137939451,9.505098115466305,0.042413106268716486,0.0,14.603178558349592,14.700623827931208,0.006672880783608601,0.0,30.08977508544922,31.079816674606967,0.03290292421083969,1.0329029242108396,0.8613747627135578,0.8876123876123876,1.0,0.05363173144170247,168236.47655893667,146714.87193746908,2097717.427285883,14266872.702133816
1,HistGradientBoosting,train,case_14,400360,0.47112299687081044,0.6433201950573948,0.9508319383361977,0.08679891325536729,1.0006778969697199,0.2818755070158429,5.300424085269767,5.387222998525134,9.186977624893188,9.729966885880863,0.05910423244271127,0.0,14.805124273300162,15.032466548878245,0.01535564790820949,0.0,30.95267105102539,30.568259300399518,0.012419340159437967,0.987580659840562,0.878109701268858,0.9095904095904096,1.0,0.05435358177640124,188618.80302719766,165693.33926188652,2122077.7867786037,14617850.616076909
1,HistGradientBoosting,train,case_15,400360,1.0079431880752177,1.291852288755011,0.5031250930532776,0.9189135050962794,2.3815791020109596,1.5199481412044358,3.3780577288595954,4.296971233955876,5.832143068313598,7.646541373087268,0.3111031885742671,0.0,9.363036231994613,11.415148366230786,0.2191716536590835,0.0,18.940412521362305,29.450192392022412,0.554886534747142,1.554886534747142,0.7249475472075132,0.6570929070929071,0.9947552447552448,0.028411929263662705,403540.1347777941,668153.7320255702,1352439.1923262277,5913329.831794531
1,HistGradientBoosting,train,case_16,400360,0.4715368797972941,0.643104905614687,0.9565734325089558,-0.08785269693280255,1.0073199490016431,-0.2999618547003338,5.625429952986378,5.537577256053576,9.801409292221068,9.936235059814571,0.013755753236476697,0.0,15.720469598770103,15.273854698542877,0.02840976838644613,0.02840976838644613,34.04954528808594,31.836360863067302,0.0649989421677545,0.9350010578322455,0.8845039464481966,0.9120879120879121,1.0,0.05376910780297732,188784.50519564466,165582.45806133546,2252197.1359776263,16482507.138438577
1,HistGradientBoosting,train,case_17,400360,0.49398227553876495,0.7014033670965651,0.9380083175835162,0.30066190530596093,1.1512816100007963,0.3801213525657785,5.224712665699665,5.525374571005626,8.882305335998534,9.561947315390295,0.07651639452623664,0.0,13.956213130950902,14.188971443405878,0.016677755654131175,0.0,27.7415714263916,28.93026795873741,0.0428489256818003,1.0428489256818003,0.8374462983315016,0.8911088911088911,1.0,0.05264511939254671,197770.74383469994,196963.78135577435,2091765.9628395182,14106137.547034325
1,HistGradientBoosting,train,case_19,400360,0.5721259651841831,0.7626080056254487,0.9446824369568435,-0.3731843105516472,1.4492546435556266,-1.0196794432119487,5.885521276208228,5.51233696565658,10.343796873092652,9.943386514320327,0.038710191594530756,0.038710191594530756,16.581697864532423,15.312869396774293,0.07651981589123648,0.07651981589123648,35.93040466308594,31.649897850267678,0.11913327592483124,0.8808667240751687,0.8815066440203817,0.9095904095904096,1.0,0.05340443600759317,229056.35142113955,232837.75364689762,2356327.298142726,18077325.27607492
1,HistGradientBoosting,train,case_20,400360,0.5659602335905428,0.7360796824996295,0.9466382570630156,-0.38085245903687487,1.2919512595657259,-0.8056368106080315,5.788521283110883,5.407668824074008,10.149102687835692,9.860788551849838,0.02840784499416044,0.02840784499416044,16.289631748199415,15.300229842414879,0.0607381382881108,0.0607381382881108,36.26679992675781,32.25350771059154,0.1106602243448903,0.8893397756551097,0.8861025077430312,0.9073426573426573,1.0,0.05379908082725547,226587.8391203097,216920.37238313814,2317492.380906273,17479945.55924125
1,HistGradientBoosting,train,case_21,400360,0.49436896568097194,0.7465106863006825,0.9057004135991701,0.18970977895895216,1.2762828079640665,0.5347988085739773,4.529992944088067,4.71970272304702,8.021694707870484,8.707802152759683,0.08553148304385418,0.0,12.29129181861873,13.228218790991486,0.07622689186774562,0.0,23.24169158935547,27.284966585079854,0.17396646798188203,1.173966467981882,0.7978319512438805,0.8681318681318682,1.0,0.044157758017783995,197925.55910003392,223111.9020581604,1813627.9750950986,10581712.180962272
1,HistGradientBoosting,train,case_24,400360,0.47312163350067504,0.6536603481130072,0.9468771182775895,-0.11923860802430182,1.0556571882384014,-0.08773129392370584,5.304625899199469,5.185387291175167,9.102337694168089,9.341961323502193,0.02632550421499224,0.0,14.59939882278439,14.494831190771379,0.007162461501484546,0.007162461501484546,27.87183380126953,30.77638403521147,0.10421094839513721,1.1042109483951372,0.8536317314417025,0.8981018981018981,1.0,0.0433185133379958,189418.97718833026,171062.55814433738,2123760.0250034994,14485881.92450586
1,HistGradientBoosting,train,case_27,400360,0.5842616647796249,0.7476763388536364,0.9160105572239298,-0.28540503775350445,1.1996124346208568,-0.5105482646048944,4.916951870695414,4.631546832941911,8.11301689147949,8.116436422941169,0.0004214870383507343,0.0,13.111589975357049,12.080951889871589,0.07860511863340161,0.07860511863340161,27.218610763549805,27.4453705689279,0.008331057280916153,1.008331057280916,0.8344989509441503,0.8751248751248751,1.0,0.05339194724747727,233915.00011117064,223809.21023939646,1968550.850951616,12344000.055735279
1,HistGradientBoosting,train,case_32,400360,0.6054414209178058,0.8476530605111595,0.9212478556766293,-0.30069656009633927,1.8846503729814656,-1.2262341126671474,5.271242364639071,4.970545804542731,10.015990829467771,9.27634929989606,0.0738460669707916,0.0738460669707916,15.115796918868979,14.154482821233945,0.06359665340800062,0.06359665340800062,33.723785400390625,28.10326221101007,0.1666634727581754,0.8333365272418246,0.8085722849435508,0.8386613386613386,1.0,0.05245029473473874,242394.52727865276,287664.95005353197,2110394.5931068985,14777190.176314557
1,HistGradientBoosting,train,case_34,400360,0.47427685035809314,0.6882336798767431,0.9256600252743127,-0.05762096597804961,1.2176807520947088,-0.49190006906178074,4.684073457170518,4.626452491192469,8.226318550109863,8.231178508493397,0.0005907816909751362,0.0,12.876111402511585,12.022390875594773,0.06630266702649736,0.06630266702649736,30.05852508544922,28.276762146668496,0.05927645929783966,0.9407235407021604,0.8298531321810371,0.8778721278721279,1.0,0.052043161154960535,189881.47980936617,189636.7588619953,1875315.6493127886,11335055.49990527
1,HistGradientBoosting,train,case_35,400360,0.4279852364210329,0.5851906324014237,0.9179165991574296,-0.07511338683773194,0.8069096753253696,-0.05961610608561208,3.846318012911481,3.7712046260737493,6.875816249847412,7.061072847125759,0.026943215255710005,0.0,10.138929128646827,10.017120214663356,0.012013982190615105,0.012013982190615105,21.769367218017578,23.561674393693014,0.08233161569308362,1.0823316156930836,0.827705065441103,0.8726273726273727,1.0,0.05324957538215606,171348.16925352474,137102.5118076014,1539911.8796492405,7593273.8350793915
1,HistGradientBoosting,train,case_36,400360,0.7969715022250913,1.137707343886059,0.8936699402645114,0.0320893182519673,2.5951755650213753,-1.2674468996751433,3.0640295821179975,3.0961189003699645,9.813024330139159,9.11911727386741,0.07071286414123351,0.07071286414123351,19.2957092285156,18.901981682667117,0.020404927395289832,0.020404927395289832,31.747325897216797,26.129882332148807,0.1769422591135607,0.8230577408864393,0.8544809671295833,0.8344155844155844,1.0,0.055130382655609954,319075.5106308375,518217.17621302814,1226714.8834967616,8632356.497202441
1,HistGradientBoosting,train,case_39,400360,0.7218310253377248,0.9706029962903692,0.7684223966543103,0.5657391876554515,1.9273247472881883,0.9926712204834847,3.087728669230164,3.6534678568856163,6.646077251434326,7.811467046456412,0.17535002241669362,0.0,10.974815073013293,12.00549596919697,0.09391328139260288,0.0,22.030895233154297,23.237911236690508,0.05478742424047173,1.0547874242404718,0.8362473773603757,0.6416083916083916,1.0,0.05408382455789789,288992.2693042115,377167.21582664375,1236203.0500129885,5445745.664773294
1,HistGradientBoosting,train,case_40,400360,0.48255898497256045,0.6481923434527803,0.945097797528974,-0.2634713677156938,1.2913929983201644,-0.7803329068717434,5.041594912488031,4.778123544772339,8.88729267120361,8.631230251453166,0.028812196157344004,0.028812196157344004,14.066408891677813,13.229468147301342,0.059499247520924524,0.059499247520924524,32.35271072387695,28.75226693296763,0.1112872371542,0.8887127628458,0.8528824058347487,0.8663836163836164,1.0,0.05320961134978519,193197.3152236143,168212.58083740275,2018452.9391637081,13240080.589726774
1,HistGradientBoosting,train,case_42,400360,0.606243487057121,0.8354703356993916,0.8997282611889114,0.276391405396253,1.654070577875662,-0.44059944535873735,4.11715438872547,4.393545794121723,8.91228380203247,8.848038859443276,0.0072085835703012136,0.0072085835703012136,13.76958976745605,13.66625599221423,0.0075044919265529605,0.0075044919265529605,24.76995849609375,25.595416670474634,0.03332497204268872,1.0333249720426887,0.8377460285742832,0.685064935064935,0.9997502497502497,0.041232890398641225,242715.64247818897,279455.55657892174,1648343.931070129,9573468.703283088
1,HistGradientBoosting,train,case_43,400360,0.5986006389922794,0.8419573004536582,0.8990942241297161,0.16828792216696756,1.7209992495978097,-0.6769990341931339,4.204806520399298,4.373094442566266,9.005365419387815,8.642498876158111,0.04029448293663702,0.04029448293663702,13.601225948333738,13.549353985023648,0.003813771163506363,0.003813771163506363,24.57630157470703,25.885621336086224,0.0532757037261739,1.053275703726174,0.8025776800879209,0.6973026973026973,1.0,0.040830752322909385,239655.751826949,283812.0394693681,1683436.3385070632,9891168.235563483
1,HistGradientBoosting,train,case_44,400360,0.5782577714531527,0.7538791557123313,0.9322555411815006,-0.3831238389965954,1.328416643024443,-0.8161526086919745,5.309876889919772,4.9267530509231765,9.196964502334595,8.945871245791407,0.027301753364324617,0.027301753364324617,14.862060785293576,13.631964624766228,0.08276753663560318,0.08276753663560318,32.25737762451172,31.778275110816107,0.014852494188230333,0.9851475058117697,0.8505345189329603,0.8861138861138861,1.0,0.05298980917174543,231511.28137898422,227538.1127283253,2125862.31164828,14646837.997959476
1,HistGradientBoosting,train,case_47,400360,0.5244214892930863,0.6916280173802773,0.9399983374783868,-0.3062073854041064,1.0227636763315113,-0.39798594248649927,5.241447492183958,4.93524010677985,9.033231782913207,8.948283768044606,0.009403945001088595,0.009403945001088595,14.435490150451656,13.874460275703454,0.03886462246179073,0.03886462246179073,29.597883224487305,29.88335713844147,0.009645078730426963,1.009645078730427,0.8562793485862723,0.8918581418581418,1.0,0.05346188430412629,209957.38745338,191511.9315233424,2098465.917970769,14190776.00859728
1,HistGradientBoosting,train,case_48,400360,0.6192977283820921,0.8493145236910252,0.935148437624168,-0.3969496850018305,1.8835565766983426,-1.3998412838021017,6.037508846064417,5.640559161062588,10.65202441215515,9.918132042297657,0.06889698534862912,0.06889698534862912,16.89704576492309,15.347902686196015,0.09168129744567363,0.09168129744567363,36.57381820678711,30.956834653664806,0.15357935891090374,0.8464206410890963,0.8726646018583275,0.8966033966033966,1.0,0.05382905385153362,247942.03853505437,288793.7447186601,2417177.04161035,19046877.92117989
1,HistGradientBoosting,train,case_49,400360,0.6371532401236006,0.8211693914378291,0.9347995615947466,-0.4595819837040586,1.3772857062497936,-0.9622239046981843,5.85295244275635,5.393370459052292,10.265372943878171,9.76859570182702,0.0483934918650381,0.0483934918650381,16.352748069763166,15.301308527154296,0.0642974219454295,0.0642974219454295,34.92753982543945,30.980524778433104,0.11300581337055819,0.8869941866294418,0.8879008891997202,0.9100899100899101,1.0,0.0539989009891098,255090.67121588474,269970.42267474625,2343288.0399819324,17855776.270638056
1,HistGradientBoosting,train,case_52,400360,0.6113447444674561,0.7729099963914579,0.93534039381253,-0.351667599313955,1.1468337146143857,-0.5914175269521204,5.676126365691693,5.324458766377739,9.567922735214232,9.433847052759777,0.01401303983789464,0.01401303983789464,15.024835319519037,14.331984427016407,0.04611370958605682,0.04611370958605682,33.935302734375,30.678200271692553,0.09597976738787546,0.9040202326121245,0.8673693675691877,0.8921078921078921,1.0,0.052922369867119595,244757.98189499072,239171.00535924523,2272493.951768326,16597887.395390868
1,HistGradientBoosting,train,case_56,400360,0.5616405532889538,0.7878636036858007,0.9150202692838856,0.15431107304230107,1.403105431623508,0.2915123807459309,4.807046602232076,4.961357675274377,9.012357282638549,9.321349967998469,0.034285445602025226,0.0,12.885962295532151,13.836750390153261,0.07378479564159283,0.0,27.991840362548828,28.906163993056865,0.03266393415601709,1.032663934156017,0.7799980017983814,0.8773726273726273,1.0,0.05403137176541113,224858.41191476554,248515.08566599517,1924549.177669634,12175801.835297506
1,HistGradientBoosting,train,case_58,400360,0.8273554762597305,1.081449174284741,0.7149551665509732,0.7648697651127461,2.091744474462382,1.552722692717692,3.828242068613012,4.593111833725757,6.500666666030883,8.038213978753145,0.23652148182842359,0.0,10.108694267272929,12.11397346728356,0.19837173298462074,0.0,20.552814483642578,28.707771214792295,0.39678053522256157,1.3967805352225615,0.7548206614047357,0.8186813186813187,1.0,0.04625337196523129,331240.0384753457,468233.9582584213,1532674.9945899055,7510118.65249189
1,HistGradientBoosting,train,case_59,400360,0.5747214937884495,0.8357241522130153,0.9157998758925527,-0.2227701899723733,2.0016889990368,-1.554843229528969,5.287436591513801,5.064666401541429,9.45020728111267,8.648411511345772,0.08484425218580961,0.08484425218580961,14.667274990081749,12.532192192937499,0.1455677894215543,0.1455677894215543,32.03961944580078,28.10893332318741,0.12268204774599901,0.877317952254001,0.8088720151863323,0.8716283716283716,1.0,0.05216055550004996,230095.49725314364,279625.37998595845,2116878.1137784654,14513820.411748566
1,HistGradientBoosting,train,case_61,400360,0.5685684509953851,0.7576571398583268,0.9394599367487189,-0.07071439653435599,0.9977585460737091,-0.08968902300376679,5.705564880105384,5.634850483571028,9.68325624465942,9.89115672596857,0.02147010014568314,0.0,15.157886562347406,15.084607211522481,0.0048344042240659035,0.0048344042240659035,33.85128402709961,31.83802485351424,0.05947364277153137,0.9405263572284687,0.8617244479968029,0.903096903096903,1.0,0.05368668198621241,227632.0650405124,229824.3925942883,2284279.9553989917,16829343.90342225
1,HistGradientBoosting,train,case_63,400360,0.5922051725610392,0.8800283556439656,0.8787107326687039,-0.17488040232360313,2.284744905263259,-1.3820368249481751,3.589908255421658,3.4150278530980556,8.285945415496824,7.806391257528466,0.057875611523033985,0.057875611523033985,13.304288787841797,11.499740893656483,0.13563655472018996,0.13563655472018996,25.949066162109375,22.757934591073177,0.12297674032277368,0.8770232596772263,0.8092217004695774,0.6026473526473527,0.9920079920079921,0.05384404036367269,237095.26288653765,310058.7646613943,1437255.669140615,7715973.792316836
1,HistGradientBoosting,train,case_64,400360,0.5468282041540948,0.7495509279114758,0.8797540450336284,0.37868413935572426,1.4828748666337086,1.2656036125978896,3.9771937318564388,4.3558778712121615,6.892904663085936,8.079563199848295,0.17215652830908218,0.0,10.860165023803638,12.328065240909346,0.13516371195910187,0.0,23.340909957885742,26.25840893900321,0.12499508315577856,1.1249950831557787,0.8604256169447497,0.9055944055944056,1.0,0.0534369067838945,218928.1398151334,224932.89498685367,1592309.2824860439,8203529.247202241
1,HistGradientBoosting,train,case_67,400360,0.7560460097600401,0.9068115430449499,0.9095007748583033,-0.5572808756373995,1.3014761368567573,-0.7822072796867199,5.645845615440947,5.088564739803548,9.483993959426876,9.199552757242753,0.029991710602197803,0.029991710602197803,15.007321405410755,14.130965351465225,0.058395234583939,0.058395234583939,33.35513687133789,29.983154472739773,0.10109334617948056,0.8989066538205195,0.8606254371066041,0.8871128871128872,1.0,0.053174642821460685,302690.58046752965,329218.90042268106,2260370.7505979375,16399513.343570031
1,HistGradientBoosting,train,case_68,400360,0.6869923737859603,0.9496982816494535,0.8908452878815865,-0.028707913724303088,2.0840339790946816,-1.1722837237700474,4.470923505812859,4.442215592088556,9.673214769363403,8.952996624680003,0.07445489031882604,0.07445489031882604,14.204864883422841,13.538384302700353,0.046919177774107194,0.046919177774107194,30.399791717529297,27.090018659565494,0.10887485969370318,0.8911251403062969,0.8251573583774603,0.6688311688311688,0.983016983016983,0.05278249575382156,275044.26676894707,361095.42412459035,1789978.9347872362,11310965.499439059
1,HistGradientBoosting,train,case_69,400360,0.6371311181854632,0.7925399450456775,0.9312422513282735,-0.40980654321208937,1.0140227100496295,-0.39238317485521196,5.590349281239787,5.1805427380276985,9.673070669174193,9.642625688736775,0.0031473956387436126,0.0031473956387436126,15.407477064132683,14.82501881605697,0.037803609614427254,0.037803609614427254,32.95534896850586,31.98342433056534,0.029492166472561046,0.970507833527439,0.8745628933959436,0.8933566433566433,1.0,0.05055200319712259,255081.81447673205,251473.94884041967,2238152.238237161,16169443.43154454
1,HistGradientBoosting,train,case_72,400360,0.5802733288262173,0.9016060702872194,0.6387429148198821,0.43806578489042713,1.3051483954476248,0.6858164451080886,2.7397326694568966,3.1777984543473243,4.794327330589294,6.796833837580232,0.41768247533169595,0.0,7.4184241771698,8.794855420836045,0.18554226757512907,0.0,16.875072479248047,21.768922122106993,0.2900046591727004,1.2900046591727004,0.4581376760915176,0.7222777222777222,0.9655344655344655,0.05616944749725247,232318.22992886437,325450.04405365733,1096879.3715437632,3906038.355638345
1,HistGradientBoosting,train,case_73,400360,0.6133497506569568,0.8426595946531531,0.9033390779881277,-0.25065138469479215,1.8025311769219454,-1.1298083205997609,3.1237290097219934,2.873077625027201,8.22641882896423,7.572990258695416,0.07943050115174906,0.07943050115174906,14.632464952468844,13.509557437912628,0.07674083062585807,0.07674083062585807,22.04593849182129,22.20737060613097,0.007322533099217727,1.0073225330992177,0.8675192326905785,0.8623876123876124,1.0,0.05344190228794085,245560.70617301925,284285.7040536925,1250616.1463322972,6847647.309800914
1,HistGradientBoosting,train,case_74,400360,0.5846676020562975,0.7806340013409123,0.9232478240307963,-0.07525244644148149,1.2542499693973623,0.12892308834766933,5.210357342896367,5.1351048964548855,9.183551406860351,9.31484458861039,0.014296558698627096,0.0,13.751770725250228,14.171000382627449,0.03048550370371248,0.0,29.059873580932617,29.137306505995408,0.002664599515449981,1.00266459951545,0.7970326705964632,0.8763736263736264,1.0,0.04862623638725147,234077.52115925928,243975.15781966725,2086018.6658019896,14047641.96894774
1,HistGradientBoosting,train,case_75,400360,0.5593154717436676,0.7425023704152444,0.9412865004603008,-0.32805959766938836,1.4019002869556076,-0.9229941785196231,5.667589229630241,5.339529631960851,9.665987253189082,9.395041832423434,0.028030806752435442,0.028030806752435442,15.416833810806175,14.160913539618605,0.0814642154543596,0.0814642154543596,35.16933822631836,31.638894599485496,0.10038413586613686,0.8996158641338632,0.8692177040663402,0.8866133866133866,1.0,0.05283994405035468,223927.54226729475,220722.37954612874,2269076.023974763,16619503.110003779
1,HistGradientBoosting,train,case_77,400360,0.9189291991561179,1.143597747909783,0.7515183060741659,0.8437063432763982,2.2360765905552076,1.8701755291811892,4.216345334965462,5.0600516782418605,7.30365433692932,9.160983909917638,0.2543014068446723,0.0,11.748572282791129,14.03078239351047,0.19425425113673078,0.0,23.54745101928711,29.644357891821063,0.2589200362935306,1.2589200362935307,0.8285043460885203,0.8731268731268731,1.0,0.048408931961234886,367902.49417414336,523597.13730097987,1688056.0183067725,9224613.080135196
1,HistGradientBoosting,train,case_78,400360,1.0220408461859494,1.2037987310871374,0.5398346709271246,0.9859259506123924,1.878541783449964,1.6303946629326713,3.235144727900909,4.221070678513301,5.647890686988831,7.63458889143664,0.35175932300258744,0.0,8.848848810195921,10.6735863842262,0.2062118602283902,0.0,20.279897689819336,23.225923978901864,0.14526830135644403,1.145268301356444,0.7845439104805675,0.814935064935065,0.9997502497502497,0.05213308022779498,409184.2731790067,580174.2412853889,1295222.5432624079,5451027.589212791
1,HistGradientBoosting,train,case_79,400360,0.5556924957479065,0.7260328322365472,0.9469004049618446,-0.3180274004258226,1.17099793862576,-0.6638653583969084,5.793376880167527,5.475349479741705,10.056427860260005,9.843943979107728,0.02112916078202578,0.02112916078202578,15.850202865600538,15.061032240999351,0.04978930751188759,0.04978930751188759,36.246280670166016,32.29991123038115,0.10887653482838827,0.8911234651716117,0.8803077230492556,0.9038461538461539,1.0,0.052917374363073234,222477.04759763184,211039.2339166237,2319436.367743871,17411772.858387887
1,HistGradientBoosting,train,case_84,400360,0.5729852007919671,0.7360136909652591,0.9464502236736749,-0.3438170176817534,1.1584940412331164,-0.6248135761155792,5.8500024248584594,5.506185407176708,10.052421236038205,9.905013843334784,0.014663869454153159,0.014663869454153159,16.077098846435536,15.208915284472127,0.05400125795431648,0.05400125795431648,35.38292694091797,32.053118574190734,0.09410777045910626,0.9058922295408938,0.8804076331301829,0.9088411588411588,1.0,0.0548131681486662,229400.35498907196,216881.47913050538,2342106.970816333,17751422.6822564
1,HistGradientBoosting,train,case_85,400360,0.7142358184104026,0.8697713529192723,0.9220311014271643,-0.5254218203152682,1.1978391069534624,-0.7342167691884322,5.742957919701812,5.2175360993865425,9.90499882698059,9.692526155717518,0.021451054661845055,0.021451054661845055,15.767036905288688,14.843934372078957,0.05854635457218327,0.05854635457218327,34.80757522583008,31.661285801836442,0.09039093943144971,0.9096090605685503,0.8633230092916375,0.8998501498501499,1.0,0.05230292736537116,285951.4522587888,302873.2233378978,2299250.6327318177,17089038.579897046
1,HistGradientBoosting,train,case_89,400360,0.5551922685191701,0.7506286893933125,0.933787280851303,-0.21515618777948675,1.3498541725078077,-0.5825257203897387,5.266890383352188,5.051734195572702,9.501103210449216,9.282164585371907,0.023043495079236927,0.023043495079236927,14.831547985076902,14.237013741444315,0.04008578499228748,0.04008578499228748,30.670499801635742,28.774637067352796,0.06181388456479718,0.9381861154352028,0.8223598761114996,0.8613886113886113,1.0,0.048219102807473276,222276.77662433495,225580.21137069137,2108652.233878882,14512941.660125623
1,HistGradientBoosting,train,case_91,400360,0.571658458534482,0.8058349364744088,0.9437590447653639,-0.17041565139413736,1.7344512115220592,-1.2381004216207543,6.227670659174811,6.057255007780676,10.791361618041991,10.101065198693,0.06396749954101158,0.06396749954101158,16.847370262145986,15.58820731299681,0.07473943586189025,0.07473943586189025,35.742393493652344,30.618806795091952,0.14334761043549904,0.856652389564501,0.833449895094415,0.8981018981018981,1.0,0.05204066340293736,228869.18045886524,259981.75111722917,2493310.2251072275,20150156.032166723
1,HistGradientBoosting,train,case_92,400360,0.5022787814134668,0.7007307324292241,0.9357020468131395,0.2804451221577013,1.1329301084249628,0.23039653901141327,5.1309906232953235,5.411435745453025,8.626925182342527,9.292267265421144,0.07712389629162773,0.0,13.86244007110595,13.967260861052363,0.007561496346151546,0.0,26.93845558166504,28.56864491250975,0.06051532263617434,1.0605153226361743,0.8352982315915676,0.8836163836163836,1.0,0.05212808472374863,201092.33292669558,196586.19222969224,2054243.4059425157,13597729.007015591
1,HistGradientBoosting,train,case_94,400360,0.5212033665066595,0.7959159247103196,0.892203186185375,0.3454496383139895,1.6608202259844926,0.9820709539909891,4.538194797936468,4.883644436250457,7.718307733535765,8.811020816369934,0.14157417928367524,0.0,12.303719158172552,13.70017479156498,0.11349865966867866,0.0,24.009641647338867,30.52304737795738,0.2712829215150086,1.2712829215150085,0.8111699470476571,0.8638861138861139,1.0,0.03192376860825257,208668.9798146062,253620.9172603079,1816911.6693018444,10598267.30129735
1,HistGradientBoosting,train,case_95,400360,0.7421077759812933,1.0507295441340385,0.8937321169930394,0.1472600058056548,2.3274472940238002,-1.2464138335333375,4.895934174812619,5.043194180618273,10.778055810928343,10.201680099192192,0.053476779286273396,0.053476779286273396,16.617831211090085,15.426916007319923,0.07166489950718673,0.07166489950718673,34.6576042175293,27.265622884827497,0.2132859872917311,0.7867140127082689,0.8258567289439505,0.6578421578421578,1.0,0.05350684384054351,297110.2691918706,442010.48169341957,1960136.20622798,13756096.419497095
1,HistGradientBoosting,train,case_96,400360,0.8933743095407117,1.1184566028617333,0.785722083214511,0.8274153923924278,2.1965399633884153,1.759183025958812,4.446458726790373,5.273874119182801,7.780730009078979,9.330667983149976,0.19920212785464156,0.0,12.240180082321166,14.368230693481491,0.1738577861476016,0.0,24.3714542388916,28.48198498564962,0.16866169357257707,1.168661693572577,0.8081726446198422,0.8998501498501499,1.0,0.0459411529623339,357671.33856771933,500828.40925609815,1780184.2158577936,10252799.934972897
1,HistGradientBoosting,train,case_97,400360,0.6118454441570826,0.7606698668949468,0.9396907704732183,-0.4161656268842599,1.2135426180270803,-0.6634644949459126,5.692470121784694,5.276304494900434,9.87625789642334,9.719173707685634,0.015905233579875763,0.015905233579875763,15.68950984954829,14.79238301606945,0.057180042084276364,0.057180042084276364,35.222373962402344,30.97724914601991,0.12052352918953829,0.8794764708104617,0.8789089819162753,0.8936063936063936,1.0,0.05089919072834449,244958.4420227296,231655.76127349513,2279037.33795772,16814484.77921046
1,HistGradientBoosting,train,case_99,400360,0.9948170939622697,1.2635377631672526,0.5461016578652913,0.9251058125284961,2.3290777523372688,1.5129982443011447,3.476781438713956,4.401887251242452,5.963100194931029,7.725196313420754,0.29550000182582964,0.0,9.452709732055656,11.50576728409758,0.21719248873999342,0.0,19.247943878173828,29.184509213989237,0.5162403526686796,1.5162403526686796,0.7310420621440703,0.6583416583416584,0.9947552447552448,0.025427115595963633,398284.9717387343,639185.8215443036,1391964.2168035195,6247768.959238368
1,HistGradientBoosting,train,case_100,400360,0.5298056959620596,0.6980716283101379,0.9505030035950399,-0.30442808871987836,1.2072463330501833,-0.6770768280721389,5.697571016647155,5.3931429279272765,10.016252183914181,9.8714576587703,0.014455958424890428,0.014455958424890428,16.072310028076142,15.189154373756631,0.05494889364234251,0.05494889364234251,36.00269317626953,31.06765750831318,0.13707406953680856,0.8629259304631914,0.881706464182236,0.9050949050949051,1.0,0.053294534918573284,212113.00843537017,195097.0287399975,2281079.532224855,16938205.916138913
1,HistGradientBoosting,train,case_104,400360,0.5840526767259623,0.7434631827371603,0.9383808046495242,-0.34005870106156977,0.9887929887246646,-0.34011313226326223,5.5717848155386465,5.231726114477075,9.49413046836853,9.567733963435419,0.007752526185743173,0.0,15.03142244338985,14.584605961924531,0.029725495584205956,0.029725495584205956,32.318115234375,29.99586269757569,0.07185606338606217,0.9281439366139378,0.8704166250374663,0.8921078921078921,1.0,0.05090168848036767,233831.32965400626,221293.9871357381,2230719.7687490527,16020406.29126272
1,HistGradientBoosting,train,case_105,400360,0.4926676592868527,0.7182509842432395,0.8927294135227322,0.2711606701846343,1.0831628923384236,0.7763221435948451,4.1177261345419325,4.388886804726566,6.899764347076416,8.036843164317606,0.16479965982070036,0.0,10.9968593406677,11.806681937335428,0.07364126170759559,0.0,24.234914779663086,26.27526073029033,0.08419034971558541,1.0841903497155854,0.828903986412229,0.8858641358641358,1.0,0.049810170846238386,197244.42407208434,206539.5089580448,1648572.835225208,8713778.17665891
1,HistGradientBoosting,train,case_106,400360,0.5093155588387569,0.708152270555445,0.7814490916187125,0.41625237900655526,1.2644373950803145,0.7975018855308668,2.8088639096034482,3.2251162886100038,5.13510546684265,6.321566334714417,0.23104897757850126,0.0,7.404705095291117,8.493175280162546,0.146997101284104,0.0,16.977144241333008,20.343585353952207,0.19829254347873018,1.1982925434787302,0.7861424717754021,0.7305194805194806,0.9905094905094906,0.054740733339994005,203909.57713668473,200772.38798691833,1124556.7548488365,4077379.610060282
1,HistGradientBoosting,train,case_107,400360,0.6647005608392216,0.8263532666851866,0.9289146453179424,-0.33865615835591373,1.0447359557144655,-0.3392410778321114,5.773947810975519,5.435291652619606,9.823783111572263,9.828694211116684,0.0004999193781706556,0.0,15.309831600189176,15.073878218741896,0.01541188614016916,0.01541188614016916,35.135074615478516,31.93811389300176,0.09099057729248018,0.9090094227075198,0.8519832151064043,0.9110889110889111,1.0,0.05411379758217604,266119.51653759077,273389.7180442017,2311657.745602159,17193327.08709395
1,HistGradientBoosting,train,case_109,400360,0.581242032255422,0.762391403877019,0.9288263057785316,-0.38215664749771705,1.3308403395230097,-0.7828528737263615,5.195676734823355,4.813520087325636,9.180979347229002,8.875534552588958,0.03326930418727423,0.03326930418727423,14.838084297180142,13.662344552216247,0.0792379744861899,0.0792379744861899,33.0452880859375,31.408108235773753,0.04954351875844148,0.9504564812415586,0.8523828554301129,0.8781218781218781,1.0,0.05114646817863922,232706.06003378076,232705.50771720277,2080141.1375538784,14077284.672122162
1,HistGradientBoosting,train,case_110,400360,0.5264024034018281,0.7205416723083675,0.8867705885386384,0.36124051274507857,1.1657931372019517,0.8427141106118116,3.929007749751944,4.290248262497023,6.862423944473265,7.916484028932199,0.1535988002180825,0.0,10.958230762481676,11.738754334448348,0.07122715234643491,0.0,24.01297378540039,26.497967827508354,0.10348547682248382,1.1034854768224838,0.8461884304126286,0.903096903096903,1.0,0.053112199020881205,210750.4662259559,207859.0255217274,1573017.5426906883,8016131.630889808
1,HistGradientBoosting,train,case_111,400360,0.5339102719503893,0.7403064153579215,0.8865410300565436,0.1563695629640695,1.6052760054671085,0.3572895213493039,1.8535673291566421,2.0099368921207117,5.327201390266418,6.123933787832622,0.14955927872784233,0.0,13.019953222274761,13.578886440759057,0.04292897285744949,0.0,22.531204223632812,19.60210777320111,0.13000177093772006,0.86999822906228,0.8798581276850834,0.8731268731268731,1.0,0.06352782495753821,213756.31647805788,219418.73473994143,742094.2159011533,3309425.40804822
1,HistGradientBoosting,train,case_114,400360,0.6325990518190772,0.8610633375698903,0.8263777702767959,0.43589845459940707,1.560061763746644,1.3865469941627981,3.8466171109917005,4.282515565591108,6.512721204757687,8.021747886154452,0.23170448019399137,0.0,10.346745529174791,11.979590242464612,0.15781239701756236,0.0,23.000751495361328,25.715297422859535,0.11801987983069435,1.1180198798306944,0.8395444100309721,0.8901098901098901,1.0,0.0465880707363373,253267.3563862857,296838.9433484701,1540031.6265566372,7633594.826299871
1,HistGradientBoosting,train,case_115,400360,0.701761509944229,0.868481308608057,0.9284299476046094,-0.5428919192761231,1.4962440553924337,-1.1039528184281295,5.918926264383106,5.376034345106983,10.394952774047848,9.720112392466794,0.06492000456855064,0.06492000456855064,16.448994159698447,15.31813124445161,0.06874966969211743,0.06874966969211743,35.972679138183594,31.57737671530639,0.12218446132392076,0.8778155386760792,0.8793585772804476,0.9015984015984015,1.0,0.05453092217004696,280957.23812127154,301975.44688264973,2369701.3192084203,18245386.326437797
1,HistGradientBoosting,train,case_116,400360,0.4791396006911058,0.6454498170005987,0.9545808110601529,-0.10157469747148305,0.9951659152248563,-0.09122612470693639,5.529623456611647,5.428048759140164,9.626658058166502,9.891723104160658,0.027534482308665315,0.0,15.341071567535392,15.230147121123354,0.007230554001636743,0.007230554001636743,35.28178024291992,32.47384034646677,0.0795861171720955,0.9204138828279045,0.8802577680087921,0.9003496503496503,1.0,0.05565491058047757,191828.33053269112,166792.16447429833,2213840.047089039,15913985.93365754
1,HistGradientBoosting,train,case_118,400360,0.7027489439783562,0.9522549753550617,0.8968427928125505,-0.16607433468527968,2.0538571201471894,-1.2933680844535358,4.115224517896751,3.949150183211471,9.728425073623656,8.73296324713171,0.10232507512350658,0.10232507512350658,15.380120143890334,14.428097577213594,0.06189955330452514,0.06189955330452514,27.368141174316406,26.074244389824997,0.047277481369676085,0.9527225186303239,0.8511839344589869,0.7907092907092907,0.9972527472527473,0.05186332300929164,281352.5672111747,363042.25946909946,1647571.287985143,10299436.424713062
1,HistGradientBoosting,train,case_119,400360,0.39568038462502936,0.5497124795784246,0.9524433064150717,-0.025986649691990604,0.7662396916110246,-0.10934318231143283,4.592839510915934,4.566852861223943,8.03566355705261,8.321164708636449,0.03552925648974749,0.0,12.864710826873766,12.706820857692996,0.01227310674181231,0.01227310674181231,27.997272491455078,27.84909712939164,0.005292492763666929,0.994707507236333,0.8618243580777301,0.9103396603396603,1.0,0.05326705964631832,158414.59878847675,120982.3102533775,1838789.2265903032,10989223.476553407
1,HistGradientBoosting,train,case_121,400360,0.34683282763667306,0.490823141438134,0.9623090582980359,0.06355227731071801,0.8407656811459879,-0.2952706181467052,4.536640064733341,4.600192342044059,7.992828512191771,8.104151025913827,0.013927799595881711,0.0,12.891168012618962,12.461175218917809,0.033355611631175695,0.033355611631175695,27.960119247436523,26.805659454183832,0.041289516079533024,0.958710483920467,0.8731141972224997,0.9110889110889111,1.0,0.05246528124687781,138857.99087261842,96449.66911670101,1816289.2163166404,10798811.938567609
1,HistGradientBoosting,train,case_122,400360,0.5064404573677727,0.7125072169230687,0.8461285986078929,0.386383897343853,1.2771275275456033,0.5122025008164849,3.1949199588273136,3.5813038561711665,5.731524729728698,6.7532299672526,0.1782606349449118,0.0,9.12270348548888,9.948132747839011,0.09048077290499554,0.0,22.65458106994629,27.028814540073903,0.19308383839110135,1.1930838383911013,0.7348886002597662,0.7732267732267732,1.0,0.05246777899890099,202758.50151176145,203249.37361928303,1279118.1547161033,5407584.278401689
1,HistGradientBoosting,train,case_124,400360,0.41659411902520155,0.5930943508437212,0.949363591509281,-0.1769175953316163,1.2197600217077305,-0.8734164356752571,4.68614249334891,4.509224898017293,8.326841783523559,8.042599401730442,0.03413567702890086,0.03413567702890086,13.333128252029367,12.338619895365097,0.07458927401473847,0.07458927401473847,28.74965476989746,27.499041346610113,0.04350011968132612,0.9564998803186738,0.8498851034069338,0.8881118881118881,1.0,0.053356978719152764,166787.6214929297,140830.99752833502,1876144.0086371698,11573098.271248205
1,HistGradientBoosting,train,case_125,400360,0.39849792685049584,0.5262276148709152,0.9531934328322827,0.23973293868629095,0.7710392457330383,0.05028250837351697,4.388985807024614,4.628718745710904,7.719360971450801,8.093430251636926,0.04845858116618449,0.0,12.352934799194323,12.364614467467216,0.0009454974435431872,0.0,25.916418075561523,26.685721455009045,0.02968401641015945,1.0296840164101595,0.8687181536617045,0.8988511488511488,1.0,0.04440003996403237,159542.6299938645,110865.89064204787,1757174.3577003744,10080810.232415516
1,HistGradientBoosting,train,case_127,400360,0.39188893364413485,0.5458827612033345,0.951411346658562,0.18843999350815366,0.8097112897193485,-0.14890906211134014,4.408906901601324,4.597346895109478,7.859949254989618,8.178750103771407,0.04056016628598571,0.0,12.608463897705061,12.387791255305457,0.01750194505769811,0.01750194505769811,28.440195083618164,27.059263124937715,0.04855564297714258,0.9514443570228575,0.8559296633030272,0.9063436563436563,1.0,0.05287741033070237,156896.65347376582,119302.47126762313,1765149.9671251061,10237738.484780371
1,HistGradientBoosting,train,case_128,400360,0.5166889834657168,0.7435172489344477,0.8245545688888851,0.4306105736760807,1.4645718494027749,0.797243172887431,3.1501356945595393,3.5807462682356195,5.586181855201721,6.835940626236552,0.22372325202250362,0.0,8.927573862075796,10.023669089929419,0.12277638301149417,0.0,21.58715057373047,26.611026851886077,0.23272530855782297,1.232725308557823,0.7297432310920172,0.7475024975024975,1.0,0.052690078928963935,206861.6014203344,221326.1742290265,1261188.3266738572,5234424.413455113
1,HistGradientBoosting,train,case_129,400360,0.5639742653289541,0.7332728591339319,0.9161395958656586,0.3617903377231751,1.0839762448544994,-0.01122253659345042,4.307862306820347,4.669652644543523,8.360485506057739,8.659594807429547,0.03577654684708011,0.0,12.449416322708034,12.724745905879026,0.02211586278697933,0.0,27.233789443969727,27.105294139015605,0.004718230829333732,0.9952817691706662,0.8088220601458688,0.8324175824175825,1.0,0.05061444699770207,225792.73686710006,215269.20244791976,1724695.7531585942,9996746.400499811
1,HistGradientBoosting,train,case_130,400360,0.40469450880076746,0.5894211979249266,0.9418305473973297,0.07961016082633403,0.9745391943853486,-0.38389741966675056,4.393115192012862,4.472725352839195,7.741332387924194,7.9839633290147,0.03134227145045332,0.0,12.371518497466973,11.960090368536527,0.033256073538158175,0.033256073538158175,25.519859313964844,27.37192464884387,0.07257349314091038,1.0725734931409103,0.812618643221101,0.8741258741258742,1.0,0.03813068238585273,162023.49354347526,139092.009670785,1758827.5982742696,10117884.357995834
1,HistGradientBoosting,train,case_133,400360,0.3765346930969002,0.5172952047096239,0.9581788517852602,0.1143077493662236,0.8766591900684014,-0.3434428780502586,4.494560615819249,4.608868365185471,8.05308094024658,8.143780340546881,0.011262695727670554,0.0,12.81892926216123,12.357123551255428,0.036025295206905825,0.036025295206905825,28.935829162597656,26.828943272723567,0.0728123558524959,0.9271876441475041,0.8637226496153462,0.8923576423576424,1.0,0.05326456189429513,150749.42972827496,107134.06548460227,1799442.2881493943,10649422.287634764
1,HistGradientBoosting,train,case_136,400360,0.647809560016255,0.8089616773956706,0.8166270323041356,0.5875296451098108,1.3404428087643994,0.619380143301737,3.3661358935285524,3.953665538638364,5.935817217826843,7.111177267600672,0.1980114964193825,0.0,9.499952650070178,10.304027541708605,0.0846398841401054,0.0,21.323503494262695,27.034270702055,0.26781561525894865,1.2678156152589486,0.7575681886302328,0.75999000999001,0.9997502497502497,0.044332600659406536,259357.03544810787,262003.18903630495,1347666.1663330912,5965226.870345799
1,HistGradientBoosting,train,case_137,400360,0.5108717077350603,0.7364431731851332,0.8180962944185106,0.3948171907924363,1.4629097811487126,0.6706599525114891,3.0236621260769616,3.4184793168693988,5.4260913848876955,6.623619220837299,0.22069805887988914,0.0,8.722746763229296,9.857964698116573,0.13014454800783445,0.0,21.634017944335938,27.64034748160581,0.2776335654673157,1.2776335654673157,0.6980217803976422,0.750999000999001,1.0,0.053666699970026974,204532.59690880874,217134.66440943436,1210553.3687961723,4853983.543434064
1,HistGradientBoosting,train,case_139,400360,0.4174553736005425,0.5877743274887711,0.9496842836107751,-0.16073458882627298,1.18701526184796,-0.8464978874514503,4.656545949523149,4.495811360696875,8.312557744979857,8.042192486053072,0.03252491798809644,0.03252491798809644,13.217778148651119,12.256906568037675,0.07269539326558465,0.07269539326558465,29.612136840820312,27.655571705491585,0.06607308165048068,0.9339269183495194,0.8462383854530923,0.8871128871128872,1.0,0.0536642022180038,167132.4333747132,138315.8363395706,1864294.736351088,11430133.00250851
1,HistGradientBoosting,train,case_141,400360,0.37371818091241377,0.5288173550799881,0.943020772199394,0.15356970442019172,0.8374152476997834,-0.3263667629028765,4.012784792653495,4.166354497073687,7.26107919216156,7.341216520056989,0.011036558860553141,0.0,11.077090291976921,10.488923078729993,0.0530976274223326,0.0530976274223326,25.202781677246094,24.79188090430144,0.016303786550499254,0.9836962134495008,0.8625237286442202,0.8853646353646354,1.0,0.05402887401338795,149621.81091009398,111959.79121972983,1606558.519586753,8411696.52556561
1,HistGradientBoosting,train,case_142,400360,0.3833043176760074,0.5403338775858848,0.9499268871856323,0.053622824590841625,0.9653961048350723,-0.48298138470268437,4.321270355732036,4.3748931803228785,7.779161429405209,7.676980765249091,0.01313517724029683,0.01313517724029683,12.231397266387924,11.570648843623806,0.0540206820507634,0.0540206820507634,27.647048950195312,26.768772828300616,0.03176744554100021,0.9682325544589998,0.8651713457887901,0.8906093906093906,1.0,0.05391397742032171,153459.71662476633,116889.38555853532,1730063.799620878,9810447.668562127
1,HistGradientBoosting,train,case_143,400360,0.7599247725135333,0.9000112862402588,0.8710849201707492,0.670987875144535,0.945095150736246,0.3830449799175375,4.474318076376679,5.145305951521214,7.921590662002563,8.627874902948578,0.08915939627300408,0.0,12.536460180282564,12.919021805180243,0.03051592071415622,0.0,29.560705184936523,29.072045619606847,0.01653071407710147,0.9834692859228985,0.8676191427715056,0.8676323676323676,1.0,0.05351683484863623,304243.4819235182,324299.73345746764,1791337.9850581675,10530623.36365127
1,HistGradientBoosting,train,case_144,400360,0.5608355908982056,0.7418854481705245,0.9407285177949721,0.22154814109633508,0.9637162353901624,0.021384908531275264,5.492587406903478,5.714135547999816,9.57113671302795,9.862895324907921,0.03048317254551773,0.0,15.136413698196405,15.215102566701967,0.00519864679140862,0.0,31.827865600585938,31.77466320998899,0.001671566396081803,0.9983284336039182,0.8681686482166051,0.9063436563436563,1.0,0.04786941752422819,224536.13717200558,220355.74912942655,2199012.2942278767,15796003.67292771
1,HistGradientBoosting,train,case_146,400360,0.4453803908731436,0.5892136438678984,0.940209824730356,0.24743645004059003,0.8839760786348094,0.18930488560547015,4.320783606981047,4.568220057021638,7.589036440849302,8.042777408121536,0.05978900889576632,0.0,12.167704410552965,12.482291621128136,0.02585427784573167,0.0,28.361948013305664,27.63809895258386,0.025521838640357813,0.9744781613596422,0.85847737036667,0.8828671328671329,1.0,0.054985513038265564,178312.49328997175,138994.06942655786,1729868.9248909322,9799086.767015075
1,HistGradientBoosting,train,case_148,400360,0.5959034127139553,0.7282418799400716,0.8974857071285455,0.46192089966502925,0.8766083025595317,0.2494677215823074,4.050931678325365,4.512852577990393,7.333276700973511,7.840844978752764,0.06921439057548066,0.0,11.485404291152937,11.635721555762888,0.013087677264067978,0.0,26.239187240600586,27.263789387024893,0.0390485473894143,1.0390485473894142,0.8535817764012389,0.8616383616383616,1.0,0.053154660805275256,238575.89031415916,212325.4153243114,1621831.0067343432,8641105.258012155
1,HistGradientBoosting,train,case_150,400360,0.6004962083455856,0.7843393079398268,0.8756761908068396,0.4269722484990567,1.358387683305698,0.4205107915120859,3.788771955886119,4.215744204385176,7.405756855010986,8.058093993490694,0.08808514122878805,0.0,10.835816211700429,11.730902116505074,0.0826043822926914,0.0,22.92385482788086,26.321710145789353,0.14822355766168496,1.148223557661685,0.7896892796483165,0.731018981018981,1.0,0.04779948046757918,240414.66197323863,246296.72772580315,1516872.7402585666,7728175.482668079
1,HistGradientBoosting,train,case_151,400360,0.5247890190155995,0.6823875224804904,0.8949654074660159,0.4113844779797104,0.975533382497627,0.3660320088473795,3.846295328628278,4.25767980660799,6.654342794418334,7.431353722432621,0.1167674933527686,0.0,10.317672529220548,10.835055465573689,0.05014531473913974,0.0,23.825817108154297,26.679736401317648,0.11978264083067303,1.119782640830673,0.799330602457788,0.8116883116883117,1.0,0.04795434109301629,210104.53165308543,186428.72731792607,1539902.7977696173,7697847.87186607
1,HistGradientBoosting,train,case_153,400360,0.4392987799518728,0.6471747742479104,0.9326735436032209,-0.2324100468861051,1.531850322991294,-1.1757417251324698,4.478284567221076,4.2458745203349695,8.088743019104003,7.507352909065629,0.07187644713959214,0.07187644713959214,12.596611623764018,11.089493246292653,0.11964474435554755,0.11964474435554755,28.401994705200195,26.607041149048502,0.06319815121376142,0.9368018487862386,0.8542311919272655,0.8384115884115884,1.0,0.0528973923468878,175877.6595415318,167684.85603696574,1792926.0093326299,10519856.4009851
1,HistGradientBoosting,train,case_154,400360,0.6508596332872469,0.8104414278636634,0.852066640970025,0.5225959505149979,1.2366604436212358,0.42465105899109007,3.5978396622740405,4.120435612789038,6.938599348068237,7.7831388804857475,0.12171614039836973,0.0,10.474741182327266,11.111893687597542,0.060827517757218126,0.0,24.134431838989258,27.05611192816136,0.12105858172522291,1.121058581725223,0.7981816365271256,0.7617382617382618,1.0,0.05226546108502348,260578.16278288217,262962.5767099566,1440431.0871880348,6960014.663848389
1,HistGradientBoosting,train,case_155,400360,0.5153739281303505,0.7047073482678544,0.9139514412672,0.29813705712720806,1.0416647694295416,0.2409580848161524,4.394123516012045,4.692260573139252,7.589083981513977,8.127463749109474,0.07094133744031818,0.0,11.835097093582132,12.473744352395633,0.05396214781878072,0.0,28.122840881347656,27.176309712432257,0.03365702536628089,0.9663429746337191,0.8117694075332201,0.8508991008991009,1.0,0.04499200719352583,206335.10586626714,198823.75916189738,1759231.2908705822,10040879.112956177
1,HistGradientBoosting,train,case_156,400360,0.4089127778647011,0.5686932370325363,0.9533382680402481,-0.16745137666286933,1.1556890628203684,-0.7878899994392474,4.732292953646106,4.564841576983237,8.350664710998535,8.134795253768024,0.025850571745048328,0.025850571745048328,13.289695453643796,12.34007749460813,0.07145520846192895,0.07145520846192895,28.11277961730957,26.890745241517042,0.04346899852763399,0.956531001472366,0.861474672794485,0.8903596403596403,1.0,0.04978269557398342,163712.31974591172,129481.22745784254,1894620.8069217552,11740791.85297921
1,HistGradientBoosting,train,case_157,400360,0.6775825133844521,0.8385931521810625,0.8688535920647728,0.6123588277801876,1.242579037553772,0.87633243414917,4.141123750788858,4.753482578569047,7.273385071754455,8.255485138535414,0.13502654638688907,0.0,11.7065015220642,12.802541619284016,0.0936266138225857,0.0,26.843324661254883,29.173483812835943,0.08680590727810873,1.0868059072781087,0.8654710760315716,0.8663836163836164,1.0,0.0515810770306724,271276.9350585992,281548.5558049468,1657940.3048658273,9012562.259375302
1,HistGradientBoosting,train,case_158,400360,0.4674997955084763,0.6626128458681704,0.9482720149975739,0.09500828929415195,1.0052059235607436,-0.08503233582156502,5.309165940253087,5.40417422954724,9.031450700759887,9.431433650390295,0.04428778530527261,0.0,14.374462537765476,14.154614071664389,0.015294378174035228,0.015294378174035228,33.08441925048828,31.237549252934667,0.05582295350480899,0.944177046495191,0.8611249875112399,0.8868631368631369,1.0,0.05020481566590069,187168.21812977357,175780.3734858697,2125577.675839726,14683212.409436893
1,HistGradientBoosting,train,case_163,400360,0.6022585302511155,0.8530097306264764,0.9034761517932046,0.13253386678510382,1.7681486621461378,-1.203199576014615,4.8691821289669655,5.00171599575207,9.154281949996946,8.43212598198419,0.0788872324402241,0.0788872324402241,13.400103712081906,12.451758687932841,0.07077146897706549,0.07077146897706549,30.699800491333008,28.260444903972086,0.07945835309417032,0.9205416469058296,0.6949745229293636,0.8828671328671329,0.9995004995004995,0.05217554201218903,241120.2251713366,291312.18543357716,1949425.7571532144,12510142.33051967
1,HistGradientBoosting,train,case_164,400360,0.4555856757600079,0.6278544309293644,0.9318857900799664,0.16835568384556862,0.9349110691482178,0.04693771387670261,4.41744805846477,4.58580374231034,7.523049545288086,7.913918296884268,0.051956158103597085,0.0,11.752422008514381,12.024871789249577,0.023182436823474466,0.0,27.64034652709961,27.416991349254992,0.008080766195374265,0.9919192338046258,0.8153162154061345,0.8626373626373627,1.0,0.05478069737236487,182398.28114727678,157822.38700217198,1768569.5046869554,10129589.802121753
1,HistGradientBoosting,train,case_165,400360,0.6862207962561917,0.9462917692062048,0.8618585125017,0.007252506809780361,1.6653315150122496,-0.2803184771022337,3.916683115704931,3.9239356225147106,8.25058135986328,8.269558735881784,0.002300125917286788,0.0,13.54518896102898,13.614950455643937,0.0051502784358098165,0.0,26.689733505249023,25.35313336539486,0.05007918642542069,0.9499208135745794,0.8032270956139475,0.7255244755244755,0.9992507492507493,0.0523104206214407,274735.3579891289,358509.613507452,1568083.252203626,8736920.126982423
1,HistGradientBoosting,train,case_166,400360,0.5113168807977282,0.6673643540299321,0.9337137608831622,-0.29507805215426436,1.31283335559908,-0.9697602351379876,4.752669265709314,4.457591213555049,8.191421604156492,7.8400967345136685,0.042889364828267926,0.042889364828267926,12.85470631599426,11.823571694978595,0.08021456077395504,0.08021456077395504,28.598407745361328,27.095171076390816,0.0525636490798806,0.9474363509201194,0.8262064142271955,0.8561438561438561,1.0,0.050879208712159056,204710.82639617845,178310.40747708612,1902778.6672193808,11733284.091455607
1,HistGradientBoosting,train,case_169,400360,0.4731413010555666,0.6428358044119606,0.9354041819439372,0.14525419731128528,1.1422602371471784,-0.5991245480537601,4.506858299532411,4.652112496843693,8.090929222106933,8.029515476809122,0.007590444015998747,0.007590444015998747,12.841711378097514,12.052323593692268,0.06147060630498247,0.06147060630498247,28.405933380126953,27.71023518623105,0.024491298510987167,0.9755087014890128,0.8400939154760715,0.8503996003996004,1.0,0.05204066340293736,189426.85129060666,165443.91420730524,1804365.7888007958,10693238.037052538
1,HistGradientBoosting,train,case_170,400360,0.4262031192086874,0.5963359961901719,0.9132648926688728,0.15568330963872878,0.9820079177739885,-0.1667105482349954,3.5917996307210354,3.747482940359765,6.727396512031555,6.984643768973977,0.0382387535032833,0.0,9.981185073852506,9.94165086949095,0.0039608727890562455,0.0039608727890562455,23.188430786132812,23.729588297610835,0.023337392532902516,1.0233373925329026,0.819912079128784,0.8331668331668332,0.9997502497502497,0.05467579178739135,170634.6808063901,142374.67012417666,1438012.9001554737,6806542.575703929
1,HistGradientBoosting,train,case_171,400360,0.4875342246137075,0.6812501220817047,0.9462158683432947,0.16358102528395727,1.0267816255928122,0.21529222073927903,5.335408860563249,5.498989885847207,9.183458948135376,9.737973402071372,0.06038187322093764,0.0,14.578658542633027,14.825410201469527,0.016925539350202405,0.0,33.82589340209961,31.994812282134106,0.05413252794830384,0.9458674720516962,0.8584274153262064,0.8966033966033966,1.0,0.05026226396243381,195189.20216634392,185807.7681569161,2136084.2914151023,14851578.007787077
1,HistGradientBoosting,train,case_173,400360,0.8765484673245377,1.1903669288961742,0.8874328305273175,0.007622516024259777,2.8444597739097253,-1.8580235482402805,2.5970050088225753,2.6046275248468356,9.599425172805786,8.612221655499114,0.10283985754723318,0.10283985754723318,17.56222873687742,15.509546353257537,0.11688051752279195,0.11688051752279195,26.76559829711914,24.590694856145937,0.08125741920020127,0.9187425807997988,0.843041262863423,0.8074425574425574,1.0,0.08303526825856729,350934.9443780519,567299.4805970314,1039736.9253322062,7739855.067462722
1,HistGradientBoosting,train,case_175,400360,0.42762506669915296,0.5971646830610776,0.9406803926036666,0.19955047146944513,0.8768305267482811,-0.011982394640566336,4.382044370932325,4.58159484240177,7.760565519332886,8.176115128371519,0.05354630509895557,0.0,12.505675315856932,12.550139378969828,0.0035555107573052346,0.0,28.643783569335938,27.071468632169385,0.0548920128990838,0.9451079871009163,0.8516834848636228,0.8856143856143857,1.0,0.05410880207812968,171203.97170367287,142770.64151530527,1754395.284346466,10094641.527618555
1,HistGradientBoosting,train,case_179,400360,0.4954635183194578,0.6711307734000264,0.9405430497632754,-0.328024604338422,1.4206051603857948,-1.163971637280595,4.922423795128108,4.594399190789685,8.778277397155762,8.15650474865617,0.07083082709382726,0.07083082709382726,13.768545122146582,12.603683193682974,0.08460312386890742,0.08460312386890742,31.174861907958984,27.990991047178177,0.10212942948010174,0.8978705705198983,0.8601258867019682,0.8933566433566433,1.0,0.05304475971625537,198363.77419437811,180328.75594720864,1970741.590617489,12733755.095619332
1,HistGradientBoosting,train,case_180,400360,0.586536146500113,0.7947762610273577,0.8982723952433459,0.2968138319325387,1.207822456598234,0.5146409462137315,4.617005859716327,4.9138196916488655,7.6927731275558475,8.418750916781876,0.09437140250835487,0.0,12.1202414035797,12.9561505627139,0.06896802887831222,0.0,27.940109252929688,28.088010188140892,0.005293498814636743,1.0052934988146367,0.8071735438105705,0.8656343656343657,1.0,0.04951044060345689,234825.61161278523,252895.12298688394,1848464.4659960286,11020374.196065595
1,HistGradientBoosting,train,case_181,400360,0.4829190257820422,0.6815641652649962,0.9281440106094244,0.16709806369062244,1.165461197690432,-0.2610490230137939,4.400496773867756,4.567594837558378,8.348705530166626,8.510094814759624,0.019331054857527927,0.0,12.506495037078853,12.394933860069505,0.008920259167624076,0.008920259167624076,29.049291610717773,26.88499073296051,0.07450442877439192,0.9254955712256081,0.8171645519032871,0.8229270729270729,1.0,0.05308472374862624,193341.46116209842,185979.1152454428,1761782.8883856947,10340940.005454497
1,HistGradientBoosting,train,case_182,400360,0.4086696122527323,0.5758728863060768,0.9476073291770404,0.13971867041828356,0.8415583143266153,-0.195495253624708,4.5172521324672905,4.656970802885574,8.005867195129394,8.233469726809304,0.028429466306707996,0.0,12.821896562576253,12.612541007755652,0.01632797096738827,0.01632797096738827,27.602649688720703,27.588771570272172,0.0005027821098712153,0.9994972178901288,0.8523329003896493,0.8988511488511488,1.0,0.04893845539014886,163614.9659615039,132771.21912222236,1808527.0637546044,10703729.078933505
1,HistGradientBoosting,train,case_183,400360,0.4620958409874965,0.6489491751171548,0.9438055397858601,-0.24717764615338098,1.4499641937153083,-1.1393957743377736,4.862273831097952,4.615096184944572,8.673352289199828,8.131247482530792,0.06250233918712972,0.06250233918712972,13.893857116699213,12.62823187540788,0.09109243248011813,0.09109243248011813,30.76870346069336,27.89515004189393,0.09339208662043097,0.906607913379569,0.8675691877310421,0.8798701298701299,1.0,0.05249525427115596,185004.6908977541,168605.62136557294,1946659.9510183763,12465589.519301178
1,HistGradientBoosting,train,case_184,400360,0.3637338123050223,0.5142810710924999,0.9576316040019116,0.06596651231484862,0.951976302144368,-0.4550710561285282,4.47488648801918,4.54085300033403,7.875815033912657,8.007229320451298,0.016685801529464736,0.0,12.749776926040594,12.076876326072519,0.05277744103849531,0.05277744103849531,29.159093856811523,26.471285688729445,0.09217735576012114,0.9078226442398789,0.8555300229793186,0.9063436563436563,1.0,0.05281496653012289,145624.4690944387,105889.22264084981,1791565.554343359,10516302.702600041
1,HistGradientBoosting,train,case_185,400360,0.3928908050533053,0.5405095230835225,0.9504475257838637,0.22876571679365892,0.7891893328016035,0.15998722362282358,4.4111433006062715,4.63990901739993,7.666236424446105,8.129722793650632,0.06045813663228035,0.0,12.235298709869317,12.325640284558286,0.007383683621561029,0.0,25.902671813964844,26.723813625321085,0.03170104679755628,1.0317010467975563,0.8524328104705765,0.8983516483516484,1.0,0.04856129483464881,157297.76271114132,116965.39201362662,1766045.331830727,10150713.984372474
1,HistGradientBoosting,train,case_186,400360,0.5711040154692872,0.7520535758671393,0.8952403245649139,0.3987461444215795,1.081626349069095,0.5484449417963762,4.10199790038781,4.500744044809389,7.5299984931945785,8.279796695824443,0.09957481443157164,0.0,11.554426622390743,12.368848062988821,0.07048566469060887,0.0,25.107419967651367,27.181181107183082,0.08259554913262965,1.0825955491326296,0.8030272754520931,0.8878621378621379,1.0,0.052270456589069834,228647.20363328385,226437.44283897124,1642275.8793992638,8898106.523626285
1,HistGradientBoosting,train,case_187,400360,0.3593205574381903,0.52425380270927,0.9585968419783278,-0.07449369323706001,1.0605776481649198,-0.6291481619262109,4.630080605487511,4.55558691225045,8.103256320953365,8.028629046011416,0.009209541446810557,0.009209541446810557,13.128380126953111,12.372266617751471,0.057593815984144724,0.057593815984144724,29.0647029876709,27.436908756117077,0.05600587875418247,0.9439941212458175,0.8565291237885903,0.8793706293706294,1.0,0.052690078928963935,143857.57837595386,110035.76299992796,1853699.07121298,11240442.060866356
1,HistGradientBoosting,train,case_188,400360,0.36365280993527865,0.5115947144845439,0.9600676747183114,0.07126548681845318,0.8838745871355422,-0.38912603523464967,4.561877200521213,4.633142687339666,8.110652208328247,8.195181463048371,0.010422004611827263,0.0,13.086825618743863,12.579006817970692,0.03880381809671532,0.03880381809671532,28.11197280883789,27.654901022858915,0.016258972256663545,0.9837410277433365,0.8613747627135578,0.9128371628371629,1.0,0.05285243281047058,145592.03898568815,104785.88325008866,1826393.1560006728,10955867.98698799
1,HistGradientBoosting,train,case_189,400360,0.3966474840889317,0.5541427664106674,0.9517743908687659,-0.012368113001077239,0.9789262941267907,-0.4659203208729648,4.50395661685842,4.4915885038573435,7.995612788200375,7.984063524880403,0.00144445005353631,0.00144445005353631,12.753865308761585,12.337747917347862,0.032626766971410655,0.032626766971410655,29.364471435546875,27.927973441067646,0.0489195931087079,0.9510804068912921,0.8439404535917674,0.8776223776223776,1.0,0.05254271155959636,158801.7867298447,122940.2289401105,1803204.071125437,10670825.610614894
1,HistGradientBoosting,train,case_190,400360,0.4099137808974933,0.5893454625913771,0.9501695644726279,-0.16199304086686206,1.154235801220426,-0.806923895400642,4.71106754251522,4.549074501648358,8.360267305374144,8.164846412517692,0.0233749574885999,0.0233749574885999,13.360542898178092,12.482951216506954,0.06568533092998867,0.06568533092998867,28.387516021728516,27.653569641260113,0.025854547467507268,0.9741454525324927,0.846987711060046,0.8903596403596403,1.0,0.05269257668098711,164113.08132012043,139056.26781755747,1886123.0013213935,11676241.904284762
1,HistGradientBoosting,train,case_191,400360,0.37324183074788253,0.5430708619290661,0.9559583843851637,-0.0429501034649258,1.0096957607258243,-0.5873415058291258,4.650895452266001,4.607945348801075,8.205350446701049,8.205037512684223,3.813780031193728e-05,3.813780031193728e-05,13.111052494049055,12.349082841350674,0.058116589270329734,0.058116589270329734,29.264482498168945,26.981281881782902,0.078019511075547,0.921980488924453,0.8454391048056749,0.8961038961038961,1.0,0.053067239484463985,149431.09935822224,118076.55777653899,1862032.503269216,11341140.896453092
1,HistGradientBoosting,train,case_192,400360,0.3534030113041191,0.5108768641307609,0.9606780881868487,-0.07253544014530786,0.9855596917308453,-0.5879017291082743,4.594875131585384,4.522339691440077,8.175111389160156,8.077959903091093,0.01188381190718468,0.01188381190718468,12.946696014404287,12.314885003827863,0.04880094580682834,0.04880094580682834,29.42413902282715,27.937589063499807,0.050521442893336,0.949478557106664,0.8586272354880607,0.8916083916083916,1.0,0.05379658307523229,141488.42960571713,104492.02638294145,1839604.2076815246,11110100.202361241
1,HistGradientBoosting,train,case_193,400360,0.46833688902723997,0.6155705956906625,0.9313963345828871,0.3267969941058856,0.8879861945936571,0.44943036430359457,4.217785242945701,4.544582237051587,7.433103251457213,8.090844665325582,0.08848813094845985,0.0,11.889664096832272,12.44196268714537,0.04645199274050523,0.0,26.4258975982666,27.184475338117444,0.028705845734473795,1.0287058457344738,0.8601758417424318,0.9093406593406593,1.0,0.05226546108502348,187503.35689094578,151707.27708856328,1688632.499865741,9333647.424383583
1,HistGradientBoosting,train,case_194,400360,0.4372527594577259,0.622461740056785,0.9407171581142351,-0.06975690343230116,1.2045971482364277,-0.6489463820927032,4.4735464772618485,4.403789573829546,8.246804285049436,8.139682402595602,0.012989502206088993,0.012989502206088993,12.928755416870114,12.279093257950887,0.05024939663345431,0.05024939663345431,28.35040283203125,27.260870151948783,0.038430941759017116,0.9615690582409829,0.8113198121690478,0.8578921078921079,1.0,0.05087171545608952,175058.51477649514,155122.93223622866,1791029.0676365537,10628909.940717285
1,HistGradientBoosting,train,case_195,400360,0.45290481741818217,0.6106409742716115,0.9483489708038952,-0.27033011475291074,1.2569818029232476,-0.9159466547364827,4.837615727860749,4.567285613107838,8.506486845016479,8.180812692207944,0.03828538840324323,0.03828538840324323,13.599721879959082,12.553337293401036,0.07694161658555877,0.07694161658555877,28.627286911010742,27.92973640819313,0.024366629816719318,0.9756333701832807,0.8576780897192526,0.8886113886113887,1.0,0.051056549105804774,181324.97270154342,149287.19744755852,1936787.8328063295,12259739.691145731
1,HistGradientBoosting,train,case_200,400360,0.45221990259821965,0.5853128366475485,0.9403922171680646,0.3273853056177086,0.8362151222332078,0.1925706057121594,4.3085884493248345,4.635973754942544,7.528428196907043,8.17240185721457,0.0855389257178671,0.0,12.027814435958856,12.18567454388673,0.01312458790983081,0.0,27.248859405517578,27.508644775066493,0.00953380711033767,1.0095338071103377,0.8456389249675292,0.8973526473526473,1.0,0.05389399540413628,181050.76020422322,137159.77949978792,1724986.4715716909,9733294.889121156
1,HistGradientBoosting,validation,case_18,400360,0.5357034832516409,0.7192209902103532,0.9465032367052645,-0.26748794049088426,1.3909119644889716,-0.8073931031273371,5.653727981126508,5.3862400406356254,9.915027427673339,9.592191164501905,0.032560299558060876,0.032560299558060876,15.819301843643087,14.978861947318766,0.053127496057106226,0.053127496057106226,36.45985412597656,31.676456667735213,0.13119628624167537,0.8688037137583247,0.8699170746328304,0.8923576423576424,1.0,0.05377410330702368,214474.24655462694,207097.7534834577,2263526.534523809,16668583.556267565
1,HistGradientBoosting,validation,case_29,400360,2.1715996699987747,2.5348843545570374,-4.106494533533213,2.1646082593683587,4.233798186379514,3.5134728699676536,2.033673969191559,4.1982822285599175,3.50241869688034,7.220478532905502,1.0615692062564925,0.0,5.4425946283340405,11.14530013217377,1.0477917047416239,0.0,12.888184547424316,28.731373845947125,1.2292801395126707,2.2292801395126705,0.5855729843141173,0.5736763236763237,0.9488011988011988,0.002105604955540014,869421.6438807094,2572568.706319971,814201.7103055326,2159604.52317288
1,HistGradientBoosting,validation,case_45,400360,0.7525677995899259,1.145132295752647,0.872452060040982,-0.11630004056170462,3.0091733189963046,-2.1174333515480415,5.207303312044021,5.091003271482318,10.862130212783812,9.5495416190257,0.12084080820659897,0.12084080820659897,15.904301156997667,14.305993922975489,0.10049528226639153,0.10049528226639153,36.334930419921875,27.459463371208173,0.24426817242086754,0.7557318275791325,0.7627135577979818,0.7582417582417582,0.9560439560439561,0.05327954840643421,301298.04424382275,525003.2679812104,2084795.9540099443,14972289.90461304
1,HistGradientBoosting,validation,case_51,400360,1.9975306200179346,2.2916224176396707,-0.46370821135434714,1.9628333695510092,4.085834738421848,3.512330611909595,3.495074740730534,5.457908110281544,6.196873641014097,9.518329136313135,0.5359889014544265,0.0,9.536471252441398,14.45887738666952,0.5161664103971324,0.0,19.359146118164062,28.39830750177799,0.46691942549742793,1.466919425497428,0.7078129683285044,0.8244255744255744,0.9992507492507493,0.025856728943950445,799731.3590303803,2102503.874001286,1399288.1231988766,6327039.392613842
1,HistGradientBoosting,validation,case_54,400360,0.6616355887693238,0.8368315218353424,0.9178255927022535,-0.47247467033743046,1.467689186287069,-1.0233572927952164,5.355598113270859,4.883123442933428,9.406452131271362,8.780389614332218,0.06655671109597466,0.06655671109597466,14.854768409728997,13.548417035330923,0.08794155104717025,0.08794155104717025,33.38887405395508,30.53364365743982,0.08551442591029931,0.9144855740897007,0.8408931961234889,0.8878621378621379,1.0,0.054463482865421124,264892.4243196865,280366.90169343946,2144167.260629121,14895149.962829953
1,HistGradientBoosting,validation,case_60,400360,0.557113877859523,0.7690363493678838,0.9393440618112743,-0.15632017513639723,1.6437570290241887,-0.9762990600139265,5.622468909648277,5.466148734511881,9.96433162689209,9.558851527280524,0.040693155827656514,0.040693155827656514,15.850470104217512,14.87075487827054,0.061809852925831396,0.061809852925831396,36.91607666015625,30.22668708439517,0.18120532247623647,0.8187946775237636,0.8400439604356079,0.8761238761238761,1.0,0.05356678988909981,223046.11213983863,236779.67274602642,2251011.6526667844,16559895.004739292
1,HistGradientBoosting,validation,case_62,400360,0.7981751768398083,1.2888945146902537,0.10327132903791558,0.7173533613545862,3.431493991910639,2.7530005589126385,2.474723175269594,3.192076536624181,4.507473468780517,7.105553494124052,0.5763938586301737,0.0,6.4952899599075264,10.448400630551314,0.6086118856963343,0.0,14.41285228729248,23.24745306598643,0.6129668578150377,1.6129668578150376,0.6900289739234688,0.45854145854145856,0.9725274725274725,0.04606604056349286,319557.41379958566,665097.6776646494,990780.1704509346,3193599.9834185
1,HistGradientBoosting,validation,case_81,400360,0.6789903197119304,0.9589635710601048,0.9114276196484833,-0.03526812497359013,1.9241802149051592,-1.226410806692839,5.84957593964784,5.814307814674251,10.314814281463619,9.793741048085439,0.05051697676366138,0.05051697676366138,16.286035861968987,15.188994074681519,0.06736088490688337,0.06736088490688337,35.2658805847168,31.038069254905654,0.11988390080477256,0.8801160991952275,0.7760515536017584,0.9003496503496503,1.0,0.053004795683884505,271840.5643998684,368175.51225516276,2341936.2231974094,17856109.41474756
1,HistGradientBoosting,validation,case_83,400360,0.5573572793956,0.750557027065989,0.9445991551003409,-0.33257149725594,1.432292958055826,-0.9335470203127816,5.771707437600671,5.439135940344728,10.300168991088865,9.851483380843076,0.04356099503163172,0.04356099503163172,16.17190748214708,15.29038986789603,0.054509192265921554,0.054509192265921554,37.063751220703125,31.28206707763825,0.1559929568012893,0.8440070431987107,0.8790588470376661,0.8963536463536463,1.0,0.05400889199720252,223143.5603788224,225537.14125757047,2310760.7897178046,17408040.681773167
1,HistGradientBoosting,validation,case_86,400360,0.64647926366963,0.910812042309759,0.8557527700184718,0.5259918715195055,1.8370671578691644,1.2762368631610772,4.475714650114444,5.00170652163395,7.60098669528961,9.03528392610512,0.18869882139174837,0.0,12.306284666061373,14.010936664936269,0.13851881742797925,0.0,24.116090774536133,29.89748793822124,0.23973193739134574,1.2397319373913458,0.8143670696373264,0.8526473526473527,1.0,0.04123788590268758,258824.4380027731,332130.0788540996,1791897.1173198188,10322525.946124662
1,HistGradientBoosting,validation,case_87,400360,0.7620371473288768,1.1141115514986986,0.8772219818711063,0.006977669375958168,2.696442329370614,-1.501415002419311,5.09026258343684,5.0972402528127985,10.772640562057495,10.090663466135373,0.06330640031972523,0.06330640031972523,15.996327209472646,14.834459599245518,0.0726333985928406,0.0726333985928406,34.780033111572266,27.632364830898407,0.20551068073295292,0.7944893192670471,0.7985812768508342,0.6728271728271729,0.9547952047952047,0.053494355080427616,305089.19230458915,496944.6677108407,2037937.5279047734,14421142.352911664
1,HistGradientBoosting,validation,case_101,400360,0.6671093655031987,0.8425645299525484,0.9322438095544799,-0.49151638525464814,1.5055189183575328,-1.0974776648159816,5.892952550035133,5.4014361647804865,10.397786188125611,9.74937181760239,0.06236081015627329,0.06236081015627329,16.382473373413045,15.329057186288082,0.06430141304758913,0.06430141304758913,37.050594329833984,31.588445252309928,0.14742406097183194,0.8525759390281681,0.8707163552802478,0.9040959040959041,1.0,0.054078829053851536,267083.9055728606,284221.5642490318,2359302.482932066,18098026.538970944
1,HistGradientBoosting,validation,case_120,400360,0.6204289062412449,0.7980419814183334,0.9384096607285352,-0.43182621139732674,1.3335481657308215,-0.8972269073047199,5.849380987685487,5.417554776288159,10.294800615310661,9.827990067373793,0.04534430198119785,0.04534430198119785,16.261321811676016,15.337343294854044,0.056820627961407986,0.056820627961407986,36.66416549682617,31.758850707370062,0.13379043878363298,0.866209561216367,0.88385453092217,0.9045954045954046,1.0,0.054256169447497254,248394.9169027448,254977.675203918,2341858.1722297617,17838317.90270544
1,HistGradientBoosting,validation,case_145,400360,0.8189562678269113,1.0433377225147311,0.7995073897310964,0.7213796702103369,1.7013921497001647,1.2128824502027624,4.284758478472041,5.006138148682378,7.399078512191771,8.547739222386001,0.15524375208365931,0.0,11.438420429229723,13.335424103522977,0.16584489843070058,0.0,25.100421905517578,27.977512521534607,0.11462319744452526,1.1146231974445253,0.7779998001798382,0.8459040959040959,1.0,0.04211709461484664,327877.33138718223,435813.32058605034,1715445.904441066,9523984.02051085
1,HistGradientBoosting,validation,case_176,400360,0.49738914183693966,0.6869510924737227,0.916416845097689,0.14851428610831388,1.1610736848883145,-0.2838967179881375,4.060998864911518,4.209513151019831,7.827819538116455,8.052411321366879,0.0286914870937949,0.0,11.872080402374266,11.702274719178291,0.014302942486981109,0.014302942486981109,27.17892074584961,26.385626440962533,0.02918785158193663,0.9708121484180634,0.7931361774403037,0.8254245754245755,1.0,0.05208562293935458,199134.71682583715,188930.60602957872,1625861.5055559753,8863012.667989213
1,HistGradientBoosting,internal_test,case_06,400360,0.6112244427636722,0.8327602511732629,0.9322367272657888,0.010003448579575481,1.3815791327791558,-0.6047447311069257,5.917631487748422,5.927634936327997,10.134570455551147,10.061764657035578,0.007183905705218132,0.007183905705218132,15.962084121704066,15.427506521372726,0.033490463792535806,0.033490463792535806,32.9944953918457,30.005344421403716,0.0905954443291995,0.9094045556708005,0.8124687780997103,0.9108391608391608,1.0,0.05101908282545709,244709.8179048638,277645.5106425987,2369182.942434958,18117237.60923312
1,HistGradientBoosting,internal_test,case_28,400360,0.4928369586584558,0.6957265447348329,0.9475255003700112,-0.14730227423573808,1.3502337239638158,-0.6547182761360123,5.5266866433473245,5.3793843691115875,9.724851751327513,9.610022098533372,0.011807856379760825,0.011807856379760825,15.672686471939013,14.92884276510297,0.04746114893371017,0.04746114893371017,36.075843811035156,31.014559080458756,0.14029567144949817,0.8597043285505018,0.8704166250374663,0.8893606393606394,1.0,0.05437855929663303,197312.20476849936,193788.42277248527,2212664.264530535,15921703.859572133
1,HistGradientBoosting,internal_test,case_57,400360,0.6785251431837243,0.9693981849797318,0.8920341828721655,-0.29835581133878514,2.3427994241112495,-1.9415566320874011,5.400399450375989,5.1020436390372055,9.728502988815302,8.54518461767799,0.12163416843246634,0.12163416843246634,14.611289510726927,12.443046609643195,0.14839504066303721,0.14839504066303721,32.06071853637695,27.844363762986756,0.13151154951833682,0.8684884504816631,0.7291937256469178,0.8736263736263736,1.0,0.053082225996603054,271654.3263250358,376231.4402395745,2162103.923952531,15160952.23359229
1,HistGradientBoosting,internal_test,case_66,400360,0.7506359378194428,1.0100672010018228,0.8655045977497622,0.05616817312239073,1.9149306276024345,-0.789950782849563,3.3097094398571456,3.365877612979535,8.640856552124024,8.102810007620269,0.062267732516806715,0.062267732516806715,14.484742507934437,14.236450536769208,0.01714162133218586,0.01714162133218586,22.389339447021484,24.24177194172,0.08273725533894434,1.0827372553389443,0.8327505245279249,0.8396603396603397,1.0,0.04592117094614847,300524.6040653921,408461.5850860569,1325075.2713412067,7422607.059131721
1,HistGradientBoosting,internal_test,case_71,400360,0.5264320080180199,0.7421887746826077,0.9052261599965141,0.0399850129795617,1.1100362231451486,0.15343736955618492,4.549803349447659,4.589788362427222,7.7705615758895865,8.196818837148285,0.05485539971541892,0.0,12.114842939376807,11.990756751598319,0.010242492486235323,0.010242492486235323,25.56398582458496,28.124295649052787,0.10015299812932803,1.100152998129328,0.8033769607353382,0.8671328671328671,1.0,0.05241033070236787,210762.31873009444,220535.97480976357,1821559.2689848647,10614707.437531048
1,HistGradientBoosting,internal_test,case_82,400360,0.5202742025679632,0.7010759097412921,0.9460827757544233,-0.28692622217222413,1.1690361705901664,-0.5588863867531824,5.501570875476665,5.2146446533044415,9.606270885467529,9.536094532989615,0.00730526479157246,0.00730526479157246,15.515425043106074,14.861172165217233,0.04216789911144218,0.04216789911144218,34.473167419433594,30.306324211567702,0.12087207297107584,0.8791279270289242,0.8754121290838246,0.8936063936063936,1.0,0.05299730242781497,208296.97974010973,196779.91516307116,2202608.9157058373,15767476.08115845
1,HistGradientBoosting,internal_test,case_93,400360,0.5044145171104599,0.6785258773054015,0.9463812741652151,-0.1540603759865821,0.9434379417080273,0.026913818450998925,5.478692639531607,5.324632263545025,9.250488615036007,9.585093872838348,0.0361716306810501,0.0,14.655003519058223,14.628535966371983,0.0018060420559995209,0.0018060420559995209,30.175100326538086,30.964246154816326,0.02615221887379146,1.0261522188737915,0.859426516135478,0.8853646353646354,1.0,0.051483664701768406,201947.39607034373,184324.68952104822,2193449.385162874,15454927.461751582
1,HistGradientBoosting,internal_test,case_98,400360,0.8108652858018149,1.0471281139746706,0.9026327158155222,-0.5798375869360594,1.82713087173063,-1.368570181344323,6.260926460286945,5.681088873350885,10.456711626052856,9.793222975619075,0.06345098479915055,0.06345098479915055,16.65958471298217,15.037004546195838,0.09739619532784137,0.09739619532784137,34.968265533447266,30.981511817384114,0.1140106223527103,0.8859893776472897,0.843041262863423,0.9010989010989011,1.0,0.05163103207113598,324638.0258236146,438985.6466538077,2506624.5176404812,20202345.646022253
1,HistGradientBoosting,internal_test,case_102,400360,0.8247277933859761,1.1703413034031516,0.8004013588924144,-0.6535473839099128,3.142325917500366,-2.5034775824907336,3.561208677776423,2.907661293866511,8.40616006851196,6.904362808047594,0.17865437348615837,0.17865437348615837,14.098538675308209,10.965641591314105,0.22221431285506016,0.22221431285506016,24.8814754486084,21.137687926734674,0.1504648520384715,0.8495351479615285,0.824358077730043,0.6148851148851149,1.0,0.053928963932460786,330188.0193600094,548372.5981364775,1425765.5062345688,7824824.903724942
1,HistGradientBoosting,internal_test,case_117,400360,0.6872329966649411,0.8809158825924308,0.8968849733173933,-0.26335520571152515,1.329567562427578,-0.24812137479646543,5.137139844130944,4.873784638419419,8.875784015655517,9.088285348299431,0.023941697124343513,0.0,13.745235443115213,13.58355712840713,0.011762498749271414,0.011762498749271414,30.055034637451172,28.425723097955323,0.05421093534410988,0.9457890646558901,0.7967828953941453,0.8194305694305695,1.0,0.052362873413927466,275140.6025447758,310684.4814866339,2056705.307996265,13578572.17672394
1,HistGradientBoosting,internal_test,case_147,400360,0.49612040284015213,0.6594544570802172,0.9377336320643124,-0.3116013787597178,1.312843139421236,-1.0071772266195036,4.797992291013543,4.486390912253826,8.369614458084104,7.9115352844454305,0.05473121562920033,0.05473121562920033,13.121011762619016,12.094560536574141,0.07822957898484427,0.07822957898484427,29.499116897583008,27.39701380509748,0.07125986516083682,0.9287401348391632,0.8358976920771306,0.8763736263736264,1.0,0.053042261964232194,198626.76448108332,174108.62925033228,1920924.1936301822,12012770.016969586
1,HistGradientBoosting,internal_test,case_159,400360,0.3908272008168794,0.5788811173302602,0.9428634859867984,-0.027402218217423786,1.2180637421862295,-0.7672190976345172,4.308228827876949,4.280826609659527,7.735206508636474,7.640038550688377,0.012303221360908775,0.012303221360908775,12.345149745941162,11.380404581597423,0.07814770854933761,0.07814770854933761,27.970979690551758,27.042704521705804,0.03318708100737398,0.966812918992626,0.8211609551403737,0.8484015984015985,1.0,0.05184583874512939,156471.57811904582,134161.97640589272,1724842.4935288155,9779111.391040415
1,HistGradientBoosting,internal_test,case_196,400360,0.4267975097554527,0.5933203483298116,0.9497067301874359,-0.13672610362650925,1.1307327872023216,-0.7657548953619951,4.721619437764037,4.584893334137526,8.420341682434081,8.078723541982482,0.040570579358348215,0.040570579358348215,13.27775411605834,12.54982431509468,0.05482326262415787,0.05482326262415787,29.805959701538086,27.941357478179675,0.0625580334278648,0.9374419665721352,0.8574283145169348,0.8948551448551448,1.0,0.05293985413128185,170872.65100569304,140938.3447497508,1890347.5581032098,11727831.892893458
1,HistGradientBoosting,internal_test,case_197,400360,0.475130611626533,0.649319076199344,0.9307245424078893,0.23598648608405054,0.964037568638278,-0.12607838875957958,4.335292672210596,4.571279158294646,7.936916875839233,8.30310952401859,0.046137896352938156,0.0,12.379508867263791,12.267032864287962,0.009085659550942166,0.009085659550942166,27.07880973815918,26.891576795746808,0.0069143712084407186,0.9930856287915593,0.8287541212908383,0.8763736263736264,1.0,0.05246278349485463,190223.29167079873,168797.8865811257,1735677.7742462344,9961289.997120844
1,HistGradientBoosting,internal_test,case_199,400360,0.5946551844106296,0.801640177724686,0.912221031125211,-0.2224695888374143,1.6124509286793836,-1.1224161302151607,4.738719716338008,4.5162501275005935,8.71670413017273,8.289455724834882,0.04901490276111747,0.04901490276111747,13.672717103958115,12.568760237490247,0.08074158618759718,0.08074158618759718,29.847414016723633,27.23447488622534,0.08754323336133084,0.9124567666386691,0.7898391447697073,0.8396603396603397,1.0,0.05109651313817564,238076.14963063964,257282.13552782178,1897193.8256330849,11921292.318331864
1,ExtraTrees,train,case_01,400360,0.42408855109004273,0.6225167457294587,0.9631372213361747,-0.36178481664510553,1.7735893232511653,-1.3829003270881046,5.896753568734742,5.534968752089636,10.326234483718872,9.672678497081383,0.06329083342702851,0.06329083342702851,16.558459148406914,14.764505739914014,0.10834060056037859,0.10834060056037859,37.16805648803711,30.471433719313836,0.18017145370188092,0.8198285462981191,0.9284144270156859,0.9015984015984015,1.0,0.05325207313417924,169788.0923144095,155150.34924097508,2360824.2587786415,18130060.897750977
1,ExtraTrees,train,case_10,400360,0.3472607902296197,0.5272040521893505,0.9722952542284239,-0.2435685263235851,1.4150645604177288,-1.0625388000282492,5.735561601321801,5.491993074998218,10.146135330200195,9.676165308106867,0.046320101871148114,0.046320101871148114,16.147420253753637,14.783379477448987,0.08447422280890747,0.08447422280890747,36.003170013427734,30.543577002879207,0.15164200842626688,0.8483579915737332,0.9329103806574083,0.9120879120879121,1.0,0.05341942251973224,139029.32997633054,111277.70493850071,2296289.4427051963,17187067.072017305
1,ExtraTrees,train,case_11,400360,0.4227518604275302,0.6686070829667174,0.9610453896980689,-0.2786976394558045,2.028459284523165,-1.5353048450446427,6.201051010845691,5.922353371389888,10.622378873825072,10.181346898976827,0.04151913428121132,0.04151913428121132,17.002918834686216,14.9618376598654,0.12004298759910438,0.12004298759910438,35.55618667602539,30.090774289417098,0.1537119949449888,0.8462880050550112,0.8409431511639525,0.8921078921078921,1.0,0.053464382056149465,169252.93484076599,178975.10531260676,2482652.782702181,19989509.012440648
1,ExtraTrees,train,case_12,400360,0.4121444913776099,0.5998592435857957,0.9635286785299935,-0.33256377070043247,1.6150270962549511,-1.2546274288171386,5.6733454984825915,5.340781727782159,10.082114791870117,9.50129953669007,0.05760847472679019,0.05760847472679019,16.142577419280983,14.55481187416209,0.09835886202549277,0.09835886202549277,36.23194885253906,30.57704524834324,0.15607506036207983,0.8439249396379201,0.9243680687381357,0.8991008991008991,1.0,0.05300729343590768,165006.1685679399,144061.98404649072,2271380.6037724903,16836334.16889702
1,ExtraTrees,train,case_13,400360,0.2766328477664771,0.41255160993866485,0.9791982128001672,-0.02427151016557251,1.008771507097408,-0.45412760233478366,5.239577948061452,5.215306437895881,9.118360137939451,9.095054423381065,0.0025559107345866413,0.0025559107345866413,14.603178558349592,13.836889442433224,0.052474131768951826,0.052474131768951826,30.08977508544922,29.65316728854156,0.014510171500709981,0.98548982849929,0.9027375362174044,0.9070929070929071,1.0,0.052715056449195725,110752.72693178679,68140.80392430439,2097717.427285883,14266872.702133816
1,ExtraTrees,train,case_14,400360,0.33320480398254887,0.44956870196691306,0.9759884135151047,0.06583430240556935,0.8554284430110516,-0.23715054122495158,5.300424085269767,5.366258387675335,9.186977624893188,9.34249003179084,0.016927482927167736,0.0,14.805124273300162,14.333688542410826,0.03184274053947202,0.03184274053947202,30.95267105102539,29.309293256890882,0.0530932465061062,0.9469067534938937,0.9211209911080028,0.9225774225774226,1.0,0.05307972824457988,133401.87532245327,80917.5674416898,2122077.7867786037,14617850.616076909
1,ExtraTrees,train,case_15,400360,0.5189218016986262,0.8500085768095871,0.7848863534041755,0.5013910661115177,1.9357070557289382,1.2485635766566618,3.3780577288595954,3.8794487949711125,5.832143068313598,7.274666293201794,0.247340164325789,0.0,9.363036231994613,11.061535767950438,0.18140478087138548,0.0,18.940412521362305,27.88063304241684,0.47201825783736956,1.4720182578373695,0.7826456189429514,0.698051948051948,1.0,0.04753471875312219,207755.532528062,289265.93750897783,1352439.1923262277,5913329.831794531
1,ExtraTrees,train,case_16,400360,0.31028621565248476,0.4617194246916858,0.9776154612293979,-0.0927923708226611,1.1340144504444052,-0.7178293514796215,5.625429952986378,5.532637582163715,9.801409292221068,9.645346324946745,0.015922502838258502,0.015922502838258502,15.720469598770103,14.744119997873373,0.062106897937267445,0.062106897937267445,34.04954528808594,30.144948885792108,0.11467396610609255,0.8853260338939074,0.9224198221600559,0.9203296703296703,1.0,0.05334948546308323,124226.1892986288,85350.67739281808,2252197.1359776263,16482507.138438577
1,ExtraTrees,train,case_17,400360,0.3087259460985356,0.48174786697140265,0.9707559625730939,0.2107745569422448,0.9322398808732046,0.10681145050699681,5.224712665699665,5.435487222641911,8.882305335998534,9.348614730413765,0.052498690010728884,0.0,13.956213130950902,13.774101566366518,0.01304878070258988,0.01304878070258988,27.7415714263916,28.697208086436955,0.03444782003719589,1.0344478200371958,0.8715156359276651,0.9000999000999002,1.0,0.05274253172145069,123601.51978000971,92915.95209523784,2091765.9628395182,14106137.547034325
1,ExtraTrees,train,case_19,400360,0.4278707481199343,0.6235698266584755,0.963014584323148,-0.35777877102171934,1.7345291177794404,-1.3603825339963036,5.885521276208228,5.527742505186509,10.343796873092652,9.70444577818297,0.06181009766083354,0.06181009766083354,16.581697864532423,14.820972587983984,0.10618486061759441,0.10618486061759441,35.93040466308594,29.955062428250546,0.16630322677590992,0.8336967732240901,0.9222699570386652,0.8961038961038961,1.0,0.05361674492956339,171302.3327172969,155675.7136458913,2356327.298142726,18077325.27607492
1,ExtraTrees,train,case_20,400360,0.3905063292722244,0.574010275806345,0.967549627993881,-0.327387610293228,1.5437106872667605,-1.181176630471424,5.788521283110883,5.461133672817655,10.149102687835692,9.604404161362835,0.0536696241260531,0.0536696241260531,16.289631748199415,14.745607597864792,0.09478570014360778,0.09478570014360778,36.26679992675781,30.617706917037626,0.15576485990296207,0.8442351400970379,0.9266160455589969,0.9088411588411588,1.0,0.05352432810470577,156343.11398742776,131913.73429933377,2317492.380906273,17479945.55924125
1,ExtraTrees,train,case_21,400360,0.38615457096431327,0.5902877735896901,0.9410389368673089,0.2429404328650456,1.0426770363771656,0.49277766494453595,4.529992944088067,4.772933376953112,8.021694707870484,8.702581151587095,0.08488062292479912,0.0,12.29129181861873,12.935526687102637,0.05241392670443534,0.0,23.24169158935547,25.62658941440073,0.10261291936846488,1.1026129193684648,0.8249575382156059,0.8843656343656343,1.0,0.049950044959536415,154600.84403127246,139501.3005358231,1813627.9750950986,10581712.180962272
1,ExtraTrees,train,case_24,400360,0.302956825954098,0.4314220928144933,0.9768590008395196,0.0291956758405242,0.8703785029049442,-0.13984740249576605,5.304625899199469,5.333821575039994,9.102337694168089,9.265823551401775,0.01796086485985161,0.0,14.59939882278439,14.37905186688177,0.015092878725851251,0.015092878725851251,27.87183380126953,29.458029067382398,0.05691033024316532,1.0569103302431653,0.9076331301828354,0.8936063936063936,1.0,0.050854231191927265,121291.79483898268,74517.01387535554,2123760.0250034994,14485881.92450586
1,ExtraTrees,train,case_27,400360,0.2754726123003553,0.4135854471175839,0.974300307713107,-0.003095002636959188,0.7976066516886616,0.33013687140348813,4.916951870695414,4.913856868058455,8.11301689147949,8.600424146582288,0.06007718973378287,0.0,13.111589975357049,13.276138330855273,0.012549839936078664,0.0,27.218610763549805,26.871595095917677,0.012749205705121407,0.9872507942948786,0.9077330402637626,0.9028471528471529,1.0,0.05335448096712958,110288.21506057025,68482.747878925,1968550.850951616,12344000.055735279
1,ExtraTrees,train,case_32,400360,0.4182186208380637,0.666788302881772,0.9512693657043392,-0.1841977238036154,1.936932352488812,-1.3096157116137614,5.271242364639071,5.087044640835456,10.015990829467771,9.383000551319615,0.06319796902028436,0.06319796902028436,15.115796918868979,13.360531465820333,0.11612126455982984,0.11612126455982984,33.723785400390625,26.073036803641216,0.22686505995441394,0.773134940045586,0.859076830852233,0.8536463536463537,0.9997502497502497,0.052203017284444,167438.0070387272,178002.71473469108,2110394.5931068985,14777190.176314557
1,ExtraTrees,train,case_34,400360,0.29480444609045814,0.4391019264597459,0.9697391410961959,0.10723023958487629,0.8606344876653166,0.21063280035230006,4.684073457170518,4.791303696755394,8.226318550109863,8.548636751834563,0.03918134214732003,0.0,12.876111402511585,13.195987657669047,0.024842613205029257,0.0,30.05852508544922,28.04138060897802,0.06710723399557822,0.9328927660044217,0.8570286741932261,0.913086913086913,1.0,0.053521830352682584,118027.90803677581,77193.61250891947,1875315.6493127886,11335055.49990527
1,ExtraTrees,train,case_35,400360,0.27527266176447446,0.4555043623270397,0.9502668815614173,0.18547226045778872,0.961877430090896,0.5210176294720651,3.846318012911481,4.031790273369271,6.875816249847412,7.511261812722066,0.09241747303656582,0.0,10.138929128646827,11.089377774291778,0.09374250806818692,0.0,21.769367218017578,23.070224227390412,0.05975630785887841,1.0597563078588783,0.8604755719852133,0.8901098901098901,1.0,0.05160105904685783,110208.162864025,83068.38396026086,1539911.8796492405,7593273.8350793915
1,ExtraTrees,train,case_36,400360,0.4401274129922664,0.7228479763869763,0.9570771180354161,0.04894107587402908,1.961878959285353,-1.16280452399933,3.0640295821179975,3.1129706579920278,9.813024330139159,9.780874983657645,0.0032761914573851076,0.0032761914573851076,19.2957092285156,17.354233691605682,0.10061695654289642,0.10061695654289642,31.747325897216797,24.32499956518856,0.23379374867849684,0.7662062513215032,0.9053851533619742,0.8948551448551448,1.0,0.06911779398541312,176209.41106558376,209191.7820976067,1226714.8834967616,8632356.497202441
1,ExtraTrees,train,case_39,400360,0.4561719343023126,0.7535732300149378,0.8604068125534862,0.4001518477452902,1.6711013766918918,1.0707406162013575,3.087728669230164,3.487880516975455,6.646077251434326,7.864161602619816,0.1832786928443554,0.0,10.974815073013293,12.118335798446552,0.10419498805452664,0.0,22.030895233154297,21.13399536810537,0.04071100404940338,0.9592889959505966,0.8538815066440204,0.6303696303696303,1.0,0.05170596463183135,182632.99561727387,227353.4793387368,1236203.0500129885,5445745.664773294
1,ExtraTrees,train,case_40,400360,0.4056067580386791,0.53730827825575,0.962275018364975,-0.3176350284307462,1.2614032110797602,-0.9632116869209693,5.041594912488031,4.723959884057285,8.88729267120361,8.445044107086805,0.049761899430832174,0.049761899430832174,14.066408891677813,12.847669005440496,0.08664186400541557,0.08664186400541557,32.35271072387695,27.48992083197362,0.15030548547867106,0.8496945145213289,0.9145768808072735,0.9178321678321678,1.0,0.053092217004695776,162388.72164836558,115584.00641978098,2018452.9391637081,13240080.589726774
1,ExtraTrees,train,case_42,400360,0.353114872872668,0.5595257759797986,0.9550265014003768,0.16739867068500625,1.2043935261894885,-0.2802780773957601,4.11715438872547,4.284553059410476,8.91228380203247,9.120546798702733,0.023368084017114574,0.0,13.76958976745605,13.624637824708037,0.010526961601325453,0.010526961601325453,24.76995849609375,22.989496209542416,0.07187990592847035,0.9281200940715296,0.8844539914077331,0.758991008991009,1.0,0.048571285842741535,141373.07050330137,125340.34246815318,1648343.931070129,9573468.703283088
1,ExtraTrees,train,case_43,400360,0.3421897838646557,0.5566696181897862,0.9558906223420437,0.1131646681837092,1.1281162532912865,-0.2901544244733011,4.204806520399298,4.317971188583009,9.005365419387815,9.129327726584416,0.013765383349099913,0.0,13.601225948333738,13.587321169776793,0.0010223180329306067,0.0010223180329306067,24.57630157470703,23.476329594011638,0.04475742525178978,0.9552425747482102,0.8752622639624338,0.7884615384615384,1.0,0.04889349585373164,136999.10186805355,124063.98270919856,1683436.3385070632,9891168.235563483
1,ExtraTrees,train,case_44,400360,0.34457490182459294,0.47536346066165464,0.9730646949129667,-0.25131392910304123,0.9630079246176351,-0.5719810585964702,5.309876889919772,5.058562960816732,9.196964502334595,8.989459301741952,0.02256235745391519,0.02256235745391519,14.862060785293576,14.079538584208931,0.05265233485378904,0.05265233485378904,32.25737762451172,29.392104982847435,0.08882534330648818,0.9111746566935118,0.9208712159056849,0.9185814185814186,1.0,0.053721650514536916,137954.00769449404,90469.51724399338,2125862.31164828,14646837.997959476
1,ExtraTrees,train,case_47,400360,0.2789357938832895,0.3948585276426102,0.980443047918815,-0.1364002840183677,0.7109223263751341,-0.15543406073744903,5.241447492183958,5.105047208165588,9.033231782913207,9.014495103563002,0.002074194463342167,0.002074194463342167,14.435490150451656,14.236933550495959,0.013754752896248909,0.013754752896248909,29.597883224487305,28.886633017648023,0.024030441685466232,0.9759695583145338,0.9216205415126386,0.9225774225774226,1.0,0.053351983215106404,111674.73443911377,62421.43151330274,2098465.917970769,14190776.00859728
1,ExtraTrees,train,case_48,400360,0.4699708271395853,0.7142121335892312,0.9541396051201199,-0.40875331521522107,2.183573269568067,-1.7528955188626305,6.037508846064417,5.628755530849197,10.65202441215515,9.685966111867506,0.09069246022242153,0.09069246022242153,16.89704576492309,14.82074634084699,0.12287943424917096,0.12287943424917096,36.57381820678711,30.010488763997433,0.17945431362076658,0.8205456863792334,0.9150764312119093,0.8811188811188811,1.0,0.05380157857927865,188157.52035360437,204223.2243362685,2417177.04161035,19046877.92117989
1,ExtraTrees,train,case_49,400360,0.46170724976239136,0.6505263512427392,0.9590819624122852,-0.3885096939000059,1.5975567071608154,-1.2762346393662474,5.85295244275635,5.464442748856345,10.265372943878171,9.617739455269858,0.06308913394077266,0.06308913394077266,16.352748069763166,14.732664919433288,0.0990710028319626,0.0990710028319626,34.92753982543945,29.225014193865054,0.16326731456250373,0.8367326854374962,0.9300129883105205,0.9138361638361638,1.0,0.05340943151163952,184849.114514871,169426.1598965947,2343288.0399819324,17855776.270638056
1,ExtraTrees,train,case_52,400360,0.38356574231108287,0.508358814487415,0.9720284892654293,-0.24288285698904954,0.9653061252428433,-0.542202401051933,5.676126365691693,5.433243508702644,9.567922735214232,9.444913433897506,0.012856427118082459,0.012856427118082459,15.024835319519037,14.3837789842775,0.04266644669367715,0.04266644669367715,33.935302734375,29.004478083300864,0.14530074152187902,0.854699258478121,0.9225197322409832,0.9228271728271729,1.0,0.05340443600759317,153564.38059166513,103464.50803315613,2272493.951768326,16597887.395390868
1,ExtraTrees,train,case_56,400360,0.3991243176675628,0.6008398018075662,0.9505768226040898,0.16161037505535228,1.0823424958297334,0.0014397639961374186,4.807046602232076,4.968656977287428,9.012357282638549,9.212658953156913,0.022225225236490145,0.0,12.885962295532151,13.186390056024614,0.02331434421445015,0.0,27.991840362548828,25.455761059186496,0.09060066328312706,0.9093993367168729,0.8146667998801079,0.9048451548451548,1.0,0.053444400039964035,159793.41182138544,144533.3500227392,1924549.177669634,12175801.835297506
1,ExtraTrees,train,case_58,400360,0.5298537756093075,0.832731762928718,0.8309904647624553,0.5055311282484585,1.8841136468800737,1.4188462366021937,3.828242068613012,4.333773196861471,6.500666666030883,7.7991917669631885,0.19975260502399322,0.0,10.108694267272929,12.037781280182083,0.19083444032476143,0.0,20.552814483642578,27.151763304498285,0.3210727575100544,1.3210727575100545,0.790838245578979,0.8076923076923077,1.0,0.0495454091317814,212132.25760294232,277626.51478418475,1532674.9945899055,7510118.65249189
1,ExtraTrees,train,case_59,400360,0.28034642274045984,0.47877526159394435,0.9723655879213191,-0.0978174530694383,1.403717544992109,-0.8953371218883852,5.287436591513801,5.189619138444363,9.45020728111267,8.952572270398415,0.05265863445226605,0.05265863445226605,14.667274990081749,13.645491646195609,0.0696641567419365,0.0696641567419365,32.03961944580078,27.952356319989477,0.12756902848754012,0.8724309715124599,0.8449395544010391,0.8978521478521478,1.0,0.053351983215106404,112239.4938083705,91772.8217161411,2116878.1137784654,14513820.411748566
1,ExtraTrees,train,case_61,400360,0.41827216499904984,0.5758308549286109,0.9650306713925718,-0.1336970708000526,1.018659564975209,-0.479744111106936,5.705564880105384,5.571867809305333,9.68325624465942,9.633048788038309,0.005184976556703414,0.005184976556703414,15.157886562347406,14.551682244941707,0.03999266750758815,0.03999266750758815,33.85128402709961,29.271386483743914,0.13529464760300564,0.8647053523969943,0.9057847936856829,0.9178321678321678,1.0,0.053809071835348186,167459.4439790196,132751.83861758158,2284279.9553989917,16829343.90342225
1,ExtraTrees,train,case_63,400360,0.34943418077981137,0.5960256401569048,0.9443636120796799,0.0958573330631896,1.547561765811393,-0.5761308909732062,3.589908255421658,3.6857655884848475,8.285945415496824,8.324738974421008,0.00468185064936943,0.0,13.304288787841797,12.523192231928208,0.0587101323768166,0.0587101323768166,25.949066162109375,21.66967293292092,0.1649151149584408,0.8350848850415592,0.8875512039164751,0.6653346653346653,0.9995004995004995,0.050584473973423916,139899.46861700527,142226.51425272008,1437255.669140615,7715973.792316836
1,ExtraTrees,train,case_64,400360,0.42756887861352505,0.5712741906477984,0.9301514506499744,0.3007790622636031,1.112551915880584,0.9275240544845127,3.9771937318564388,4.277972794120042,6.892904663085936,7.7562526994684555,0.12525170136271704,0.0,10.860165023803638,11.972611391566245,0.10243365228100243,0.0,23.340909957885742,25.254978724962417,0.08200489057754173,1.0820048905775417,0.8882006194425017,0.9150849150849151,1.0,0.050741832350884204,171181.4762417109,130659.16787244294,1592309.2824860439,8203529.247202241
1,ExtraTrees,train,case_67,400360,0.4931938053888629,0.6273934485606989,0.9566797713737298,-0.39581101426655874,1.0631214366135995,-0.6827068101395191,5.645845615440947,5.250034601174388,9.483993959426876,9.279837949309274,0.021526374963016043,0.021526374963016043,15.007321405410755,14.185511586435346,0.05476059296491859,0.05476059296491859,33.35513687133789,28.22867224377594,0.15369340702562453,0.8463065929743755,0.9210210810270756,0.9158341658341659,1.0,0.053439404535917674,197455.07192548516,157590.71983290144,2260370.7505979375,16399513.343570031
1,ExtraTrees,train,case_68,400360,0.42516320876102637,0.6577012457881081,0.9476485743362534,0.021021539812822926,1.523075741927791,-0.7357717627046799,4.470923505812859,4.491945045625681,9.673214769363403,9.372261223661662,0.031112050427631228,0.031112050427631228,14.204864883422841,13.74470099233403,0.03239480944488428,0.03239480944488428,30.399791717529297,23.263032858907927,0.23476341301727183,0.7652365869827281,0.8703666699970027,0.751998001998002,1.0,0.04821160955140374,170218.34225956452,173184.09701882777,1789978.9347872362,11310965.499439059
1,ExtraTrees,train,case_69,400360,0.4729413680791628,0.6201721144850415,0.9578978963007119,-0.37947188164384416,1.1217259189527133,-0.7211141336669202,5.590349281239787,5.210877399595941,9.673070669174193,9.420455135359251,0.026115340459567572,0.026115340459567572,15.407477064132683,14.329143260352204,0.06998769488943457,0.06998769488943457,32.95534896850586,30.27044725954509,0.08147089298088225,0.9185291070191177,0.9204216205415127,0.9033466533466533,1.0,0.052382855430112896,189346.80612417363,153983.8414765095,2238152.238237161,16169443.43154454
1,ExtraTrees,train,case_72,400360,0.519492625306119,0.8396973237704888,0.6866510401190502,0.4997178734620763,1.533595289754156,1.2667938419001916,2.7397326694568966,3.2394505429189735,4.794327330589294,6.771476598185514,0.4123934665414678,0.0,7.4184241771698,9.0047426231529,0.21383496118555684,0.0,16.875072479248047,19.179469250567298,0.13655625918958628,1.1365562591895864,0.6169947047657108,0.7969530469530469,1.0,0.05069937056649016,207984.0674675578,282290.4711933255,1096879.3715437632,3906038.355638345
1,ExtraTrees,train,case_73,400360,0.33454126268990475,0.5364698697241205,0.9608224508813467,0.06820752184390882,1.2173663942564092,-0.5100397013274862,3.1237290097219934,3.1919365315659025,8.22641882896423,8.211775763540428,0.0017800048512293754,0.0017800048512293754,14.632464952468844,13.95766764345106,0.04611644799490392,0.04611644799490392,22.04593849182129,20.143136616317946,0.08631076768218571,0.9136892323178143,0.9148766110500549,0.9085914085914086,1.0,0.050214806673993403,133936.93993053026,115223.57642032979,1250616.1463322972,6847647.309800914
1,ExtraTrees,train,case_74,400360,0.40347012876779165,0.5596068207483466,0.9605577421186534,-0.0727815582748011,0.9819675643937325,-0.1472513568411861,5.210357342896367,5.137575784621567,9.183551406860351,9.24531643867666,0.0067256150785162385,0.0,13.751770725250228,13.50288802790783,0.01809822911644495,0.01809822911644495,29.059873580932617,25.979032692430263,0.10601700932807297,0.893982990671927,0.8376960735338196,0.9065934065934066,1.0,0.052023179138775105,161533.30075347307,125376.65505700692,2086018.6658019896,14047641.96894774
1,ExtraTrees,train,case_75,400360,0.3340486772171,0.48239568743936956,0.9752172719644481,-0.2378375396661002,1.173989231663441,-0.816331752917006,5.667589229630241,5.4297516899641405,9.665987253189082,9.418834295137414,0.025569344504372826,0.025569344504372826,15.416833810806175,14.384166214178912,0.06698311788918888,0.06698311788918888,35.16933822631836,29.379302255579802,0.16463306569714425,0.8353669343028557,0.9364571885303227,0.9275724275724275,1.0,0.05358177640123889,133739.72841063817,93166.01371977442,2269076.023974763,16619503.110003779
1,ExtraTrees,train,case_77,400360,0.7890765865754501,0.9502195216798632,0.828448028598489,0.7618683992594083,1.520564913246696,1.1909128442719654,4.216345334965462,4.978213734224871,7.30365433692932,8.610677401441134,0.17895467175974353,0.0,11.748572282791129,12.886453245580974,0.09685270136666485,0.0,23.54745101928711,28.180503464731924,0.19675388396179275,1.1967538839617928,0.8680687381356779,0.8706293706293706,1.0,0.050816764911579576,315914.7022013472,361491.9059227805,1688056.0183067725,9224613.080135196
1,ExtraTrees,train,case_78,400360,0.8581088973094316,1.0376139878329713,0.6581167947524285,0.85362531914227,1.7526000197820522,1.597012341481226,3.235144727900909,4.088770047043177,5.647890686988831,7.326733655468291,0.2972513211608447,0.0,8.848848810195921,10.731948441049427,0.21280730084163485,0.0,20.279897689819336,21.13662252155112,0.042245027309080946,1.0422450273090809,0.8348985912678589,0.8651348651348651,1.0,0.05168598261564592,343552.47812680405,431044.7065022454,1295222.5432624079,5451027.589212791
1,ExtraTrees,train,case_79,400360,0.3761796600849254,0.5317057785425606,0.9715212155647746,-0.28444855071196246,1.3033981473695957,-0.9225295409011494,5.793376880167527,5.508928329455564,10.056427860260005,9.656928837210778,0.03972573846305085,0.03972573846305085,15.850202865600538,14.71556834302905,0.07158485807358145,0.07158485807358145,36.246280670166016,30.404249769493035,0.1611760101356138,0.8388239898643862,0.9307123588770106,0.9063436563436563,1.0,0.05335947647117594,150607.28871160073,113186.189946797,2319436.367743871,17411772.858387887
1,ExtraTrees,train,case_84,400360,0.40252165167775433,0.5535014290813671,0.9697152935569135,-0.32196731412580637,1.3224444905206978,-0.9765575765412177,5.8500024248584594,5.5280351107326515,10.052421236038205,9.652056753280553,0.039827666723946525,0.039827666723946525,16.077098846435536,14.788934934754732,0.0801241519993767,0.0801241519993767,35.38292694091797,30.335023046121997,0.14266496107642276,0.8573350389235772,0.9301128983914477,0.9248251748251748,1.0,0.05373164152262963,161153.56846570573,122655.82377756452,2342106.970816333,17751422.6822564
1,ExtraTrees,train,case_85,400360,0.5068968484450126,0.6598405355835761,0.9551265786061718,-0.4229832312936245,1.2710942445028324,-0.9361179763791277,5.742957919701812,5.3199746884081875,9.90499882698059,9.544971010545225,0.03634809278873121,0.03634809278873121,15.767036905288688,14.573128509683043,0.07572179876138779,0.07572179876138779,34.80757522583008,30.289954012072705,0.12978844933745706,0.870211550662543,0.915825756818863,0.9128371628371629,1.0,0.05296483165151364,202941.22224344526,174312.55319135197,2299250.6327318177,17089038.579897046
1,ExtraTrees,train,case_89,400360,0.3772262113992618,0.5568614617616727,0.9635594074044085,-0.17410184863812211,1.3862969867073522,-0.848540868792557,5.266890383352188,5.092788534714064,9.501103210449216,9.210225581154049,0.03061514256315655,0.03061514256315655,14.831547985076902,13.544011590180917,0.08681065497623508,0.08681065497623508,30.670499801635742,27.24131102369261,0.11180739799226369,0.8881926020077363,0.8802577680087921,0.8783716283716284,1.0,0.05136876810870217,151026.28599580846,124149.50912567308,2108652.233878882,14512941.660125623
1,ExtraTrees,train,case_91,400360,0.4024604468002324,0.6551799922483015,0.9628223651564747,-0.2679962736284563,2.0404700950939807,-1.612443755996319,6.227670659174811,5.959674385546357,10.791361618041991,9.992793258828886,0.07400070421863957,0.07400070421863957,16.847370262145986,14.965676804797159,0.11169063349766618,0.11169063349766618,35.742393493652344,29.28106327746379,0.18077497292776576,0.8192250270722342,0.8468878009791188,0.8878621378621379,1.0,0.05320461584573884,161129.06448094104,171858.86279300103,2493310.2251072275,20150156.032166723
1,ExtraTrees,train,case_92,400360,0.3165317323364117,0.47904832375300566,0.9699493778554384,0.20408683581063503,0.9431588938643024,-0.04284878248559104,5.1309906232953235,5.3350774591059595,8.626925182342527,9.08679567757933,0.05330641978651441,0.0,13.86244007110595,13.52464250920108,0.024367828475519,0.024367828475519,26.93845558166504,28.35484486797427,0.05257871157518243,1.0525787115751823,0.8704665800779299,0.8891108891108891,1.0,0.05251273853531822,126726.64435820578,91877.53402296241,2054243.4059425157,13597729.007015591
1,ExtraTrees,train,case_94,400360,0.4481227245294494,0.650228524616901,0.928054510617192,0.37306051829786824,1.3115290728733489,0.6965662235485731,4.538194797936468,4.911255316234335,7.718307733535765,8.590982530836593,0.11306556144543031,0.0,12.303719158172552,13.091359189589909,0.06401641823026981,0.0,24.009641647338867,28.943105431004426,0.20547844304091745,1.2054784430409176,0.8543311020081926,0.8506493506493507,1.0,0.04898341492656609,179410.41399261035,169271.06065850987,1816911.6693018444,10598267.30129735
1,ExtraTrees,train,case_95,400360,0.4505345880598259,0.7317804236042862,0.9484555730475608,0.08379938072597311,2.033578520379052,-1.2449750306804321,4.895934174812619,4.979733555538593,10.778055810928343,10.33756833119231,0.040868918055648185,0.040868918055648185,16.617831211090085,15.146288243227291,0.0885520468447618,0.0885520468447618,34.6576042175293,25.190769624570564,0.27315317393377553,0.7268468260662244,0.8913477869917075,0.721028971028971,1.0,0.05263512838445399,180376.0276756319,214393.81628000078,1960136.20622798,13756096.419497095
1,ExtraTrees,train,case_96,400360,0.5935982351129998,0.7892119608439093,0.8933093263917068,0.5553633973199164,1.5650167380892046,1.2069571553958292,4.446458726790373,5.00182212411029,7.780730009078979,8.975705552729343,0.1535814174577452,0.0,12.240180082321166,13.55475338363244,0.10739819941129371,0.0,24.3714542388916,27.02363824617397,0.10882337924054007,1.10882337924054,0.8544310120891198,0.8888611388611388,1.0,0.051143970426616045,237652.9894098406,249366.43564252538,1780184.2158577936,10252799.934972897
1,ExtraTrees,train,case_97,400360,0.40881582202227246,0.5436517103777083,0.9691941729665572,-0.33251972896108345,1.2701221983132727,-0.8951997720351789,5.692470121784694,5.359950392823612,9.87625789642334,9.52607249069264,0.03545729662016208,0.03545729662016208,15.68950984954829,14.491752598579994,0.07634127913835244,0.07634127913835244,35.222373962402344,30.195222063894093,0.14272609517673107,0.8572739048232689,0.9300129883105205,0.9083416583416584,1.0,0.05306973723648716,163673.502504837,118329.27346423382,2279037.33795772,16814484.77921046
1,ExtraTrees,train,case_99,400360,0.5561171230025316,0.8601399601200264,0.7896607150955415,0.5357399728056577,1.9284418729129487,1.257373354021993,3.476781438713956,4.012521411519615,5.963100194931029,7.387775863003507,0.2389152658014253,0.0,9.452709732055656,11.119081094445855,0.17628504520129998,0.0,19.247943878173828,27.822366417614095,0.44547212906014433,1.4454721290601444,0.7798980917174543,0.7035464535464535,1.0,0.0487785992606654,222647.05136529353,296202.6430684705,1391964.2168035195,6247768.959238368
1,ExtraTrees,train,case_100,400360,0.35388734554022483,0.5256073721379807,0.9719390889587946,-0.24963140066493866,1.429809143425688,-1.0496691809257672,5.697571016647155,5.447939615982214,10.016252183914181,9.599045286650568,0.04165299451362012,0.04165299451362012,16.072310028076142,14.67615633128917,0.08686702125258175,0.08686702125258175,36.00269317626953,30.446406428768025,0.15432975306313537,0.8456702469368647,0.9242182036167449,0.9098401598401599,1.0,0.05339194724747727,141682.33766048442,110604.69857779,2281079.532224855,16938205.916138913
1,ExtraTrees,train,case_104,400360,0.36824656151409296,0.5066962785284357,0.9713784915458608,-0.2539920639447212,0.8599459477098597,-0.4774025169584956,5.5717848155386465,5.317792751593926,9.49413046836853,9.421540741691807,0.0076457477510520075,0.0076457477510520075,15.03142244338985,14.405384260730237,0.04164863205843282,0.04164863205843282,32.318115234375,29.103890665862853,0.09945581743248919,0.9005441825675108,0.9330602457787991,0.9205794205794205,1.0,0.053062243980417624,147431.19336778225,102788.87427254928,2230719.7687490527,16020406.29126272
1,ExtraTrees,train,case_105,400360,0.397015093370576,0.587028997084265,0.9283448673826326,0.2666993041639699,0.9968440509256444,0.8005470454844215,4.1177261345419325,4.384425438705902,6.899764347076416,7.8999540334407286,0.14495997776911257,0.0,10.9968593406677,11.957180261060612,0.08732683493018137,0.0,24.234914779663086,25.711575907477254,0.06093114587938719,1.060931145879387,0.8565790788290538,0.9000999000999002,1.0,0.05003496852832451,158948.96278184382,137965.2744627336,1648572.835225208,8713778.17665891
1,ExtraTrees,train,case_106,400360,0.4035774932896655,0.6374547746114253,0.8229083563687047,0.37849865436538405,1.4843339627451984,1.3076448193899142,2.8088639096034482,3.1873625639688314,5.13510546684265,6.400497554199548,0.24641988281010552,0.0,7.404705095291117,8.995877554836047,0.2148866753055171,0.0,16.977144241333008,19.373855825222353,0.14117283506693945,1.1411728350669395,0.8712159056848836,0.8506493506493507,1.0,0.050994105305225294,161576.2852134505,162685.72136224416,1124556.7548488365,4077379.610060282
1,ExtraTrees,train,case_107,400360,0.4777402592601971,0.6054253599103288,0.9618433836486662,-0.2921237148104533,1.0458161313339156,-0.6157122281626727,5.773947810975519,5.481824096165066,9.823783111572263,9.587533469199274,0.024048743716124088,0.024048743716124088,15.309831600189176,14.638466335646237,0.043851903931761256,0.043851903931761256,35.135074615478516,29.940673944357755,0.14784088913909416,0.8521591108609058,0.9059846138475373,0.9170829170829171,1.0,0.05372664601858328,191268.0901974125,146747.90092093253,2311657.745602159,17193327.08709395
1,ExtraTrees,train,case_109,400360,0.3617481320236545,0.4914855575020335,0.9704208937597253,-0.26058276230119787,1.0520388854187277,-0.5944994215060901,5.195676734823355,4.935093972522158,9.180979347229002,8.937915533873412,0.026474715186997084,0.026474715186997084,14.838084297180142,13.955503095897988,0.059480805177113134,0.059480805177113134,33.0452880859375,29.498743980632728,0.10732374600825502,0.892676253991745,0.913427914876611,0.9065934065934066,1.0,0.05315216305325207,144829.48213699032,96710.18219239777,2080141.1375538784,14077284.672122162
1,ExtraTrees,train,case_110,400360,0.3995865574480231,0.5423317646528225,0.9358537713914172,0.34064152036171363,0.9883150413802883,0.8092060815609879,3.929007749751944,4.269649270113659,6.862423944473265,7.719036985884943,0.1248265989310616,0.0,10.958230762481676,11.874319294268924,0.08359821504432195,0.0,24.01297378540039,25.901220691378935,0.07863444664761082,1.0786344466476108,0.8873513837546209,0.9275724275724275,1.0,0.05026725946648017,159978.47413989055,117755.3817280403,1573017.5426906883,8016131.630889808
1,ExtraTrees,train,case_111,400360,0.2601631498029709,0.44975827620413866,0.9581231372990588,0.13224710783809143,1.1457337681723174,0.10948031318960741,1.8535673291566421,1.985814436994733,5.327201390266418,5.832902342478323,0.09492807107609919,0.0,13.019953222274761,13.07173048867102,0.003976762858692748,0.0,22.531204223632812,18.351248284668937,0.185518532319704,0.814481467680296,0.9078329503446898,0.9343156843156843,1.0,0.04700769307623139,104158.91865511742,80985.82450817239,742094.2159011533,3309425.40804822
1,ExtraTrees,train,case_114,400360,0.5271095525819189,0.6918843004692821,0.8879009104860034,0.3508793343382791,1.3458826266277046,1.200801098380732,3.8466171109917005,4.19749644532998,6.512721204757687,7.72636170158135,0.18634921696587775,0.0,10.346745529174791,11.784101912467086,0.13891869469867324,0.0,23.000751495361328,25.401403338043156,0.1043727568277923,1.1043727568277923,0.8779598361474673,0.9018481518481518,1.0,0.048741132980317715,211033.58047169706,191653.88749303203,1540031.6265566372,7633594.826299871
1,ExtraTrees,train,case_115,400360,0.5164934793343299,0.6913197435433008,0.9546509385341158,-0.4621131794541472,1.7046356131963847,-1.3728898258249562,5.918926264383106,5.456813084928957,10.394952774047848,9.618061429778232,0.07473736159814133,0.07473736159814133,16.448994159698447,14.74302435870345,0.10371271242680487,0.10371271242680487,35.972679138183594,29.843455352528345,0.1703855240281316,0.8296144759718684,0.9263163153162154,0.9055944055944056,1.0,0.05368668198621241,206783.32938629232,191341.24740072267,2369701.3192084203,18245386.326437797
1,ExtraTrees,train,case_116,400360,0.30723391447526566,0.4536395477412632,0.9775644754340114,-0.08698743717532627,1.0965944440974127,-0.5966809455869836,5.529623456611647,5.44263601943632,9.626658058166502,9.535338579349988,0.009486103927732806,0.009486103927732806,15.341071567535392,14.528085944538045,0.052994057124261036,0.052994057124261036,35.28178024291992,30.432496370806465,0.13744442141880225,0.8625555785811978,0.9307123588770106,0.9098401598401599,1.0,0.05400139874113298,123004.16999931735,82389.61969209809,2213840.047089039,15913985.93365754
1,ExtraTrees,train,case_118,400360,0.3891323191910227,0.6195540076351771,0.9563331950652709,0.03598726577112781,1.5435970842043232,-0.7874149240708528,4.115224517896751,4.151211783667879,9.728425073623656,9.321669520551563,0.041811038271232184,0.041811038271232184,15.380120143890334,14.792653950069408,0.03819646324767457,0.03819646324767457,27.368141174316406,21.700833173970352,0.20707683303185134,0.7929231669681487,0.8977420321710461,0.797952047952048,1.0,0.048503846538115694,155793.01531131784,153677.05233133928,1647571.287985143,10299436.424713062
1,ExtraTrees,train,case_119,400360,0.2597277510879092,0.38745295262480106,0.976374641404826,-0.06915497012845946,0.7430230366251179,-0.3873984685064223,4.592839510915934,4.523684540787475,8.03566355705261,8.026329972828155,0.0011615200360477445,0.0011615200360477445,12.864710826873766,12.429776080230662,0.03380835780113665,0.03380835780113665,27.997272491455078,26.62535622103669,0.049001782971434274,0.9509982170285657,0.9100309721250874,0.9245754245754245,1.0,0.05202817464282146,103984.60242555532,60101.9593236497,1838789.2265903032,10989223.476553407
1,ExtraTrees,train,case_121,400360,0.2137355212965251,0.32883696830358067,0.9830820320434163,0.023978820925988565,0.8304619360079749,-0.49562594315805475,4.536640064733341,4.56061888565933,7.992828512191771,7.894942323346934,0.012246752034718106,0.012246752034718106,12.891168012618962,12.265158389231209,0.04856112516530408,0.04856112516530408,27.960119247436523,26.137213024489782,0.06519665409201972,0.9348033459079803,0.9227195524028374,0.9228271728271729,1.0,0.0514611849335598,85571.15330627678,43292.42883985635,1816289.2163166404,10798811.938567609
1,ExtraTrees,train,case_122,400360,0.36790797603710806,0.5635727240889257,0.9037325860052853,0.3184599848962692,1.0732076063218894,0.6054883566676675,3.1949199588273136,3.513379943723584,5.731524729728698,6.685031193473475,0.16636174643006574,0.0,9.12270348548888,9.87942568922434,0.08294933677710191,0.0,22.65458106994629,26.027638391004047,0.14889073916853296,1.148890739168533,0.7777000699370566,0.8121878121878122,1.0,0.050829253671695475,147295.63728621657,127160.02725232628,1279118.1547161033,5407584.278401689
1,ExtraTrees,train,case_124,400360,0.2851468079339625,0.4316635972809265,0.973177072789444,-0.1390603778409439,1.137519888038368,-0.8672544711301368,4.68614249334891,4.547082115507967,8.326841783523559,8.003321419610215,0.03885270938538769,0.03885270938538769,13.333128252029367,12.356821069929431,0.07322416492553702,0.07322416492553702,28.74965476989746,26.52616715081114,0.07733962848884153,0.9226603715111584,0.8986911779398541,0.9025974025974026,1.0,0.049403037266460184,114161.37602444123,74600.46453304226,1876144.0086371698,11573098.271248205
1,ExtraTrees,train,case_125,400360,0.2548516626605251,0.34555974244109366,0.9798160666054094,0.1822815067126526,0.600709709643496,-0.08487743910685279,4.388985807024614,4.571267313737267,7.719360971450801,7.912769979302822,0.025055054241837238,0.0,12.352934799194323,12.278806597307769,0.006000857536412192,0.006000857536412192,25.916418075561523,25.91312693306903,0.00012699063901877515,0.9998730093609812,0.9221700469577381,0.9253246753246753,1.0,0.04923069237686083,102032.41166276783,47807.602391196546,1757174.3577003744,10080810.232415516
1,ExtraTrees,train,case_127,400360,0.25516454942154954,0.37485675765042453,0.9770877999752838,0.14058177928104368,0.7617574135894672,-0.3500662375404251,4.408906901601324,4.549488680882368,7.859949254989618,7.918378066766716,0.007433739058812195,0.0,12.608463897705061,12.218705480984113,0.030912442616573634,0.030912442616573634,28.440195083618164,26.19346335467243,0.07899846405202307,0.921001535947977,0.9114796682985313,0.9180819180819181,1.0,0.05109651313817564,102157.67900641156,56257.62183442787,1765149.9671251061,10237738.484780371
1,ExtraTrees,train,case_128,400360,0.388201482428888,0.6048143950557981,0.8839074889832639,0.36064414358281993,1.2753460236131664,0.855374676096743,3.1501356945595393,3.5107798381423603,5.586181855201721,6.759148704535274,0.20997648836679286,0.0,8.927573862075796,9.915946318392722,0.11071008446264638,0.0,21.58715057373047,26.284371789530578,0.21759338731421948,1.2175933873142195,0.7672594664801679,0.7909590409590409,1.0,0.050679388550304724,155420.3455052296,146451.86914957245,1261188.3266738572,5234424.413455113
1,ExtraTrees,train,case_129,400360,0.4123543269767908,0.5450505253546973,0.9536660575470325,0.3116421410715465,0.880371841930653,-0.0701053256152092,4.307862306820347,4.619504447891893,8.360485506057739,8.652071894525102,0.03487672913924552,0.0,12.449416322708034,12.314331704376004,0.010850678845532093,0.010850678845532093,27.233789443969727,25.6255415306077,0.05905340190247143,0.9409465980975286,0.8574782695573984,0.8743756243756243,1.0,0.049180737336397246,165090.17834842796,118938.9789028408,1724695.7531585942,9996746.400499811
1,ExtraTrees,train,case_130,400360,0.27658975234233335,0.42074527044766485,0.9703597432632938,0.09896191808762002,0.828752540952471,-0.3370834106310851,4.393115192012862,4.492077110100483,7.741332387924194,7.918820287271675,0.022927306367098617,0.0,12.371518497466973,12.04361927110342,0.026504363747319182,0.026504363747319182,25.519859313964844,26.341963804386015,0.03221430339043068,1.0322143033904307,0.8623738635228294,0.8856143856143857,1.0,0.04713008292536717,110735.47324777658,70874.36261136892,1758827.5982742696,10117884.357995834
1,ExtraTrees,train,case_133,400360,0.24353684348827745,0.3557593001026674,0.980219759334475,0.08272529093300461,0.8159406347345559,-0.4715123464645103,4.494560615819249,4.577285906752252,8.05308094024658,7.940745865725548,0.013949328878543858,0.013949328878543858,12.81892926216123,12.287399817301516,0.04146441828247519,0.04146441828247519,28.935829162597656,26.28846206791585,0.0914909705820278,0.9085090294179722,0.9193725646917774,0.9193306693306693,1.0,0.05025976621041063,97502.41065896676,50671.435128475336,1799442.2881493943,10649422.287634764
1,ExtraTrees,train,case_136,400360,0.48813531764169954,0.6561853440123027,0.8793485712971963,0.45219509426548693,1.1352865878702292,0.5687866942337979,3.3661358935285524,3.8183309877940403,5.935817217826843,6.965559656934257,0.17347947238247546,0.0,9.499952650070178,10.166408890633313,0.07015363814031353,0.0,21.323503494262695,25.94715353804248,0.21683350698086845,1.2168335069808685,0.7797981816365271,0.788961038961039,1.0,0.04872115096413228,195429.85577103082,172386.69079266835,1347666.1663330912,5965226.870345799
1,ExtraTrees,train,case_137,400360,0.3922674125462565,0.5952289774959166,0.8811686047092058,0.37226188154357476,1.2766291441391033,0.8618526207281285,3.0236621260769616,3.3959240076205366,5.4260913848876955,6.5417795265260406,0.2056154352183725,0.0,8.722746763229296,9.786888786287243,0.12199620738089445,0.0,21.634017944335938,26.165423136579125,0.20945740194458737,1.2094574019445874,0.7790488560295734,0.7997002997002997,1.0,0.05049205714856629,157048.18128701925,141846.5613731681,1210553.3687961723,4853983.543434064
1,ExtraTrees,train,case_139,400360,0.2841899139905395,0.42122739779132345,0.9741586227472484,-0.11647645698235268,1.0605346109296083,-0.7952421976727244,4.656545949523149,4.540069492540796,8.312557744979857,8.020514723438477,0.03513275101369988,0.03513275101369988,13.217778148651119,12.321102455561949,0.06783860971222885,0.06783860971222885,29.612136840820312,26.644528658721512,0.10021594179613388,0.8997840582038661,0.8964931561594565,0.9105894105894106,1.0,0.049495454091317816,113778.2739652524,71036.88396745395,1864294.736351088,11430133.00250851
1,ExtraTrees,train,case_141,400360,0.23937245439935073,0.35235658010594184,0.974702946907124,0.17246769826681418,0.6051577398160806,0.15469887669772775,4.012784792653495,4.185252490920312,7.26107919216156,7.559647777973916,0.041119037254774116,0.0,11.077090291976921,11.340195566301217,0.02375220092905281,0.0,25.202781677246094,23.44541003427718,0.06972927296178287,0.9302707270382171,0.8968927964831651,0.9150849150849151,1.0,0.051056549105804774,95835.15584332406,49706.75967501783,1606558.519586753,8411696.52556561
1,ExtraTrees,train,case_142,400360,0.24411292949540755,0.3438993311148728,0.9797165018207415,0.13081247199355595,0.6537131038037765,-0.18513206535771728,4.321270355732036,4.452082827725592,7.779161429405209,7.858663254191433,0.01021984509611886,0.0,12.231397266387924,12.034992213327984,0.01605745024729636,0.01605745024729636,27.647048950195312,25.324717227892307,0.08399926250669872,0.9160007374933012,0.9247677090618444,0.9203296703296703,1.0,0.05042961334798681,97733.05245278137,47349.276006481625,1730063.799620878,9810447.668562127
1,ExtraTrees,train,case_143,400360,0.6894256113418241,0.8333729419152152,0.889468363032146,0.6569274850361487,0.7645525119530248,0.3166622033846872,4.474318076376679,5.131245561412827,7.921590662002563,8.567238260128857,0.08150479186248122,0.0,12.536460180282564,12.840897144077575,0.024284124818091116,0.0,29.560705184936523,27.527744957118394,0.06877238601378431,0.9312276139862157,0.9020881206913778,0.906093906093906,1.0,0.05074932560695374,276018.4377568127,278054.2078922821,1791337.9850581675,10530623.36365127
1,ExtraTrees,train,case_144,400360,0.3549013871307172,0.4914128220306484,0.9739945094451106,0.12285656880851907,0.886035172475114,-0.266267149501038,5.492587406903478,5.615443975711998,9.57113671302795,9.682430380515378,0.011628051173476322,0.0,15.136413698196405,14.761505199774023,0.024768647705965825,0.024768647705965825,31.827865600585938,29.979949947099648,0.05805967879455511,0.9419403212054449,0.9163752622639625,0.9080919080919081,1.0,0.05154860625437106,142088.31935165395,96681.5598246465,2199012.2942278767,15796003.67292771
1,ExtraTrees,train,case_146,400360,0.2987247127887077,0.4048785878768592,0.971768506353788,0.1854474769337364,0.6994838497989886,-0.04479676788264033,4.320783606981047,4.506231083914784,7.589036440849302,7.851111035263447,0.034533316114214826,0.0,12.167704410552965,12.227108167933888,0.004882084194073895,0.0,28.361948013305664,26.27922453730096,0.07343372447575255,0.9265662755242474,0.9035368168648217,0.903096903096903,1.0,0.0535443101208912,119597.42601208702,65629.68196999545,1729868.9248909322,9799086.767015075
1,ExtraTrees,train,case_148,400360,0.4723858466980392,0.5659565524255161,0.9380845115507578,0.4364817645619851,0.7369500375327916,0.4722672778176262,4.050931678325365,4.487413442887348,7.333276700973511,7.8947552478489476,0.0765658476791008,0.0,11.485404291152937,12.059376142739634,0.04997402242329596,0.0,26.239187240600586,26.593606744678183,0.01350725923130709,1.013507259231307,0.9034868618243581,0.9240759240759241,1.0,0.049872614646817866,189124.39758402697,128238.03814827441,1621831.0067343432,8641105.258012155
1,ExtraTrees,train,case_150,400360,0.42164269739754484,0.6313171623906998,0.9194544524053256,0.3659453781645435,1.1184230621173346,0.5692585075096703,3.788771955886119,4.154717334050664,7.405756855010986,8.270368060856677,0.11674852722995711,0.0,10.835816211700429,11.644019396595722,0.07458627657624917,0.0,22.92385482788086,24.759849862021568,0.08009102517556087,1.0800910251755609,0.8266560095913678,0.8269230769230769,1.0,0.04812918373463883,168808.87033008106,159568.02590104853,1516872.7402585666,7728175.482668079
1,ExtraTrees,train,case_151,400360,0.47556440762849983,0.6070292978131385,0.9168830677149689,0.44012348160770476,0.9833887658600873,0.6762751595787851,3.846295328628278,4.286418810235983,6.654342794418334,7.563596770466704,0.1366406877642451,0.0,10.317672529220548,11.250501408439693,0.09041078562798845,0.0,23.825817108154297,25.406811986956445,0.06635637601117396,1.066356376011174,0.83310020981117,0.8576423576423576,1.0,0.05015236287341393,190396.96623814618,147526.48180603006,1539902.7977696173,7697847.87186607
1,ExtraTrees,train,case_153,400360,0.2181593596899551,0.3434981299941414,0.9810333185923664,-0.0497441124810444,0.8673730640583212,-0.540593728618141,4.478284567221076,4.428540454740031,8.088743019104003,7.8729177601489155,0.02668217527066331,0.02668217527066331,12.596611623764018,12.002192527240558,0.04718880872710753,0.04718880872710753,28.401994705200195,26.150600003642012,0.0792688937846316,0.9207311062153684,0.9228194624837646,0.8968531468531469,1.0,0.05043460885203317,87342.28124547043,47238.86287130025,1792926.0093326299,10519856.4009851
1,ExtraTrees,train,case_154,400360,0.4762615244111309,0.6299411935898825,0.9106235973579635,0.4392846444939921,1.0967293264666502,0.6882946903417728,3.5978396622740405,4.037124306768033,6.938599348068237,7.930676404527718,0.14297944105040206,0.0,10.474741182327266,11.3813256187716,0.08654957871168228,0.0,24.134431838989258,24.89759962006096,0.03162153499875645,1.0316215349987565,0.8622739534419023,0.8643856143856143,1.0,0.04892846438205615,190676.06391324036,158873.22027923568,1440431.0871880348,6960014.663848389
1,ExtraTrees,train,case_155,400360,0.38589024080904283,0.5355102533305316,0.950310848401517,0.20151236941234266,0.9070262639059511,0.054774345060840696,4.394123516012045,4.595635885424389,7.589083981513977,7.932497177522544,0.045250941595201294,0.0,11.835097093582132,12.242395116461402,0.03441442175410104,0.0,28.122840881347656,26.50406107827797,0.05756103410389573,0.9424389658961043,0.8200619442501749,0.8641358641358642,1.0,0.05001498651213907,154495.01681030839,114811.73021216402,1759231.2908705822,10040879.112956177
1,ExtraTrees,train,case_156,400360,0.2935919583022494,0.41993608092943596,0.9745568364794052,-0.13672058489080371,1.083447047987837,-0.8012399257941928,4.732292953646106,4.595572368755303,8.350664710998535,8.05715698317762,0.03514782810455077,0.03514782810455077,13.289695453643796,12.405180566688832,0.06655644518268068,0.06655644518268068,28.11277961730957,26.116566703536588,0.07100731201065143,0.9289926879893485,0.9048356479168748,0.8981018981018981,1.0,0.04889349585373164,117542.47642588856,70602.00949889341,1894620.8069217552,11740791.85297921
1,ExtraTrees,train,case_157,400360,0.5095424939387366,0.6327767738991699,0.9253285067183832,0.48487567870566795,0.7968749414495212,0.4316359128806092,4.141123750788858,4.6259994294945255,7.273385071754455,7.938596310419679,0.09145827315654063,0.0,11.7065015220642,12.253416469224895,0.04671890625306634,0.0,26.843324661254883,28.250975703740053,0.05243951933111124,1.0524395193311111,0.8904485962633629,0.9095904095904096,1.0,0.05274253172145069,204000.4328733126,160306.7245549075,1657940.3048658273,9012562.259375302
1,ExtraTrees,train,case_158,400360,0.2815333883535153,0.41006862126567467,0.9801884280908523,0.1261500022601998,0.8034508031424293,-0.036278047757389485,5.309165940253087,5.4353159425132835,9.031450700759887,9.379002246025607,0.03848236089429992,0.0,14.374462537765476,14.285082962686777,0.00621794205132018,0.00621794205132018,33.08441925048828,29.247607225934487,0.11597036041360066,0.8840296395863994,0.9169247677090618,0.9120879120879121,1.0,0.05291987211509641,112714.7073612134,67323.04591738535,2125577.675839726,14683212.409436893
1,ExtraTrees,train,case_163,400360,0.3250452634832698,0.5202070200430835,0.9641012708480536,0.09713236408303882,1.2666586737631143,-0.4550454521184144,4.8691821289669655,4.966314493050005,9.154281949996946,8.887650114719515,0.02912646089926479,0.02912646089926479,13.400103712081906,13.523705345817355,0.009223931127040919,0.0,30.699800491333008,27.732512094002047,0.09665497331712852,0.9033450266828715,0.7473274053351984,0.9113386613386614,1.0,0.05323458887001698,130135.12168816189,108343.55900457477,1949425.7571532144,12510142.33051967
1,ExtraTrees,train,case_164,400360,0.35560492175460806,0.48461604853363566,0.9594196881037922,0.149917064332369,0.7810571241586323,0.10367896372948512,4.41744805846477,4.567365122797141,7.523049545288086,7.886591754663971,0.04832378242192793,0.0,11.752422008514381,12.145618646973704,0.03345664733400994,0.0,27.64034652709961,26.13902189293689,0.05431641867046664,0.9456835813295333,0.8315016485163353,0.8873626373626373,1.0,0.052627635128384455,142369.9864736749,94025.63277576072,1768569.5046869554,10129589.802121753
1,ExtraTrees,train,case_165,400360,0.3953485292331667,0.6028431227429839,0.9439361879090792,0.14198501393283106,1.1647025431619806,-0.19459256180068438,3.916683115704931,4.058668129637762,8.25058135986328,8.392352042790874,0.017183114346010636,0.0,13.54518896102898,13.533330235995322,0.0008754935104838345,0.0008754935104838345,26.689733505249023,21.815290423691987,0.1826336362855923,0.8173663637144077,0.8769107802977321,0.7794705294705294,1.0,0.05147866919772205,158281.73716379062,145498.7633944348,1568083.252203626,8736920.126982423
1,ExtraTrees,train,case_166,400360,0.3569846613196857,0.46184412626812815,0.9682540581404321,-0.21108802840551924,0.9165522757115853,-0.6294865926049605,4.752669265709314,4.541581237303794,8.191421604156492,7.97857313778259,0.025984313426853613,0.025984313426853613,12.85470631599426,12.27353099288545,0.04521109302868264,0.04521109302868264,28.598407745361328,26.27734994005013,0.08116038578013754,0.9188396142198625,0.8769107802977321,0.903096903096903,1.0,0.04973773603756619,142922.37900594936,85396.7867862569,1902778.6672193808,11733284.091455607
1,ExtraTrees,train,case_169,400360,0.3603430835215243,0.4673617529854076,0.9658562966935762,0.18328197527642617,0.8032357947627108,-0.3427932839029482,4.506858299532411,4.690140274808836,8.090929222106933,8.100554940333483,0.0011896925510421661,0.0,12.841711378097514,12.496114808037602,0.02691203375348811,0.02691203375348811,28.405933380126953,26.585484924062897,0.06408690859416219,0.9359130914058378,0.8899490458587271,0.9025974025974026,1.0,0.050684384054351085,144266.95691867746,87449.43698437256,1804365.7888007958,10693238.037052538
1,ExtraTrees,train,case_170,400360,0.3066729015760848,0.47073384531038026,0.94595397975934,0.23995484269005782,0.9042474726391807,0.46656485505051887,3.5917996307210354,3.8317544734110927,6.727396512031555,7.336123469067257,0.0904847745999555,0.0,9.981185073852506,10.844017078461182,0.08644584768486234,0.0,23.188430786132812,22.207545821081723,0.042300618532483014,0.957699381467517,0.8556798881007094,0.9100899100899101,1.0,0.05315965630932161,122779.5628750013,88715.91377540225,1438012.9001554737,6806542.575703929
1,ExtraTrees,train,case_171,400360,0.31530408946473404,0.444858044077198,0.9770657854407051,0.14915129033366895,0.8403723377535706,-0.0343613583482859,5.335408860563249,5.484560150896918,9.183458948135376,9.491310544353745,0.033522401304017915,0.0,14.578658542633027,14.459132719252331,0.008198684606760057,0.008198684606760057,33.82589340209961,30.467825931743064,0.09927505625462966,0.9007249437453704,0.9176740933160156,0.9010989010989011,1.0,0.05270756319312619,126235.14525810092,79230.71527665295,2136084.2914151023,14851578.007787077
1,ExtraTrees,train,case_173,400360,0.5032688036725882,0.8026409195855733,0.9488209012216072,0.043331565490321515,2.287458030232591,-1.5128586643778266,2.5970050088225753,2.6403365743128973,9.599425172805786,9.21111275368758,0.04045163248089649,0.04045163248089649,17.56222873687742,15.43605628701111,0.12106506991346383,0.12106506991346383,26.76559829711914,21.611696991349355,0.19255692507066113,0.8074430749293389,0.8794085323209112,0.8736263736263736,1.0,0.15798031771405735,201488.6982383574,257924.90199775543,1039736.9253322062,7739855.067462722
1,ExtraTrees,train,case_175,400360,0.28705570997001423,0.41842584421741763,0.9708762670783754,0.1354806489690659,0.8115197144910116,-0.3273378067983374,4.382044370932325,4.517525019901392,7.760565519332886,7.872630018875586,0.014440249136938412,0.0,12.505675315856932,12.149265290018551,0.028499862409386265,0.028499862409386265,28.643783569335938,26.4543197865356,0.07643765976308477,0.9235623402369152,0.898940953142172,0.8996003996003996,1.0,0.05307223498851034,114925.62404359489,70095.10371098272,1754395.284346466,10094641.527618555
1,ExtraTrees,train,case_179,400360,0.40956066892669263,0.5558452292187654,0.9592154112121268,-0.31884226898318446,1.4201828679573036,-1.2019229262312554,4.922423795128108,4.603581526144922,8.778277397155762,8.11583385444231,0.07546395639400619,0.07546395639400619,13.768545122146582,12.565353272579232,0.08738699978053795,0.08738699978053795,31.174861907958984,26.684604904379896,0.14403454349970096,0.8559654565002991,0.8912978319512439,0.9073426573426573,1.0,0.04994504945549006,163971.70941149065,123696.79454888904,1970741.590617489,12733755.095619332
1,ExtraTrees,train,case_180,400360,0.5314325012649936,0.6814175972072479,0.9252216746743362,0.3087646644993645,1.0472576519781616,0.5568416173631833,4.617005859716327,4.925770524215693,7.6927731275558475,8.333406836530736,0.08327734333931038,0.0,12.1202414035797,12.955107465467561,0.06888196646324925,0.0,27.940109252929688,27.301827988075967,0.022844623085602027,0.977155376914398,0.8308522329903087,0.8833666333666333,1.0,0.05159606354281147,212764.31620645284,185899.13549252183,1848464.4659960286,11020374.196065595
1,ExtraTrees,train,case_181,400360,0.3124032261503766,0.4731533526557943,0.9653699339125493,0.16618598592161968,0.9151329228298837,-0.19727659897179411,4.400496773867756,4.566682759789376,8.348705530166626,8.566470854682104,0.02608372324651045,0.0,12.506495037078853,12.210063234240298,0.023702228478858656,0.023702228478858656,29.049291610717773,25.59897864702404,0.11877442692684237,0.8812255730731576,0.8622739534419023,0.8736263736263736,1.0,0.04973024278149665,125073.75562156476,89630.23272601397,1761782.8883856947,10340940.005454497
1,ExtraTrees,train,case_182,400360,0.26344641849999983,0.3955204654387437,0.975285308379128,0.06053012490963006,0.8149331991060939,-0.4520321914673551,4.5172521324672905,4.577782257376919,8.005867195129394,7.935156870972584,0.008832312906692808,0.008832312906692808,12.821896562576253,12.366511681219315,0.03551618741692917,0.03551618741692917,27.602649688720703,26.59539198305799,0.03649134112201952,0.9635086588779804,0.9048856029573384,0.913086913086913,1.0,0.05156609051853332,105473.40811065993,62630.892550241304,1808527.0637546044,10703729.078933505
1,ExtraTrees,train,case_183,400360,0.3712815169526181,0.5226334034695634,0.9635526076629872,-0.23271193337040175,1.452575949976027,-1.2145544885610717,4.862273831097952,4.629561897727551,8.673352289199828,8.047747815608624,0.07212948958273209,0.07212948958273209,13.893857116699213,12.500099770862386,0.10031464510755987,0.10031464510755987,30.76870346069336,27.081610235004625,0.11983258346907437,0.8801674165309257,0.9120791287840944,0.9028471528471529,1.0,0.05027974822659606,148646.26812715016,109356.60221166379,1946659.9510183763,12465589.519301178
1,ExtraTrees,train,case_184,400360,0.2431544407106107,0.3536819742250117,0.9799614268019713,0.0857473775165091,0.8304139673417156,-0.45215799340658847,4.47488648801918,4.560633865535689,7.875815033912657,7.889386792997816,0.0017232196320914085,0.0,12.749776926040594,12.17061565833825,0.04542520791241809,0.04542520791241809,29.159093856811523,25.842428717017857,0.11374376570412179,0.8862562342958782,0.9130782295933659,0.9178321678321678,1.0,0.049727745029473476,97349.3118829001,50081.40829468174,1791565.554343359,10516302.702600041
1,ExtraTrees,train,case_185,400360,0.2560660129694998,0.36219219606310993,0.9777496513105757,0.16566527343435686,0.6018085420970547,0.040985898029221625,4.4111433006062715,4.576808574040628,7.666236424446105,7.991290296010174,0.042400710539990165,0.0,12.235298709869317,12.270537048280815,0.002880055423826589,0.0,25.902671813964844,25.427669719876203,0.018337957470184758,0.9816620425298153,0.8869517434309122,0.9165834165834166,1.0,0.04979768208612249,102518.58895246894,52520.50070288736,1766045.331830727,10150713.984372474
1,ExtraTrees,train,case_186,400360,0.4014130571622128,0.5523069625975681,0.9434988068074492,0.32537232232744095,0.9150680545967502,0.4674310185583578,4.10199790038781,4.427370222715251,7.5299984931945785,8.184504491244573,0.08691980465089336,0.0,11.554426622390743,12.190670782897447,0.05506497044810158,0.0,25.107419967651367,25.357738212398843,0.009969891174401353,1.0099698911744013,0.8441402737536218,0.8961038961038961,1.0,0.05105155360175842,160709.73156546353,122127.00784663674,1642275.8793992638,8898106.523626285
1,ExtraTrees,train,case_187,400360,0.2400522012005926,0.3624466836631206,0.980210330091842,-0.04194151674236216,0.9619210396430693,-0.646062229172198,4.630080605487511,4.588139088745149,8.103256320953365,7.954096946795625,0.018407337525785123,0.018407337525785123,13.128380126953111,12.347416129445921,0.0594866990409455,0.0594866990409455,29.0647029876709,26.521445906462727,0.08750328817352816,0.9124967118264719,0.9069837146568088,0.9133366633366633,1.0,0.04978269557398342,96107.29927266925,52594.33173481711,1853699.07121298,11240442.060866356
1,ExtraTrees,train,case_188,400360,0.2400255188702745,0.3639330010693418,0.9797923700757094,0.010112391927821584,0.9307619326379601,-0.6278123473282262,4.561877200521213,4.571989592449035,8.110652208328247,7.940136337451227,0.021023694087379276,0.021023694087379276,13.086825618743863,12.35151851957683,0.056186818758696876,0.056186818758696876,28.11197280883789,26.630884761448026,0.052685311609444826,0.9473146883905552,0.9129283644719752,0.9235764235764236,1.0,0.05256768907982815,96096.6167349031,53026.57270947126,1826393.1560006728,10955867.98698799
1,ExtraTrees,train,case_189,400360,0.2575380384270346,0.38589932277117905,0.9766125744644095,0.02465091893826626,0.874993927629444,-0.5092152890276515,4.50395661685842,4.528607535796686,7.995612788200375,7.896640879572676,0.01237827684374086,0.01237827684374086,12.753865308761585,12.193828988684245,0.04391110510572886,0.04391110510572886,29.364471435546875,27.11346986222672,0.07665731624902426,0.9233426837509757,0.9064342092117095,0.8963536463536463,1.0,0.049315615945648913,103107.92906464757,59620.92550953535,1803204.071125437,10670825.610614894
1,ExtraTrees,train,case_190,400360,0.28573042179314123,0.4297606103987687,0.9735023102867165,-0.1299369305975228,1.1031922733660466,-0.8304300366780415,4.71106754251522,4.581130611917698,8.360267305374144,8.107372266719171,0.030249635498186427,0.030249635498186427,13.360542898178092,12.436842789406926,0.06913642026456325,0.06913642026456325,28.387516021728516,26.410997424516257,0.06962633136690727,0.9303736686330928,0.885652912378859,0.9028471528471529,1.0,0.04933809571385753,114395.03166910203,73944.16280573903,1886123.0013213935,11676241.904284762
1,ExtraTrees,train,case_191,400360,0.25626679162028115,0.3837491155987336,0.9780089982028387,-0.04867938530321673,0.9306482779244023,-0.6367194177407806,4.650895452266001,4.602216066962785,8.205350446701049,8.071364314318155,0.01632911759872037,0.01632911759872037,13.111052494049055,12.357428838342189,0.057480027331819956,0.057480027331819956,29.264482498168945,26.105883367614524,0.10793285446793915,0.8920671455320609,0.8961434708762114,0.9198301698301699,1.0,0.049805175342192025,102598.97269309577,58958.368307264296,1862032.503269216,11341140.896453092
1,ExtraTrees,train,case_192,400360,0.22287247946420224,0.3433409321738733,0.9822395764794353,-0.04280864087671179,0.8851923287771783,-0.5892067506832394,4.594875131585384,4.552066490708673,8.175111389160156,8.019559331818899,0.019027515337284886,0.019027515337284886,12.946696014404287,12.344221337552938,0.046535013734859104,0.046535013734859104,29.42413902282715,26.831822563733635,0.08810169286796814,0.9118983071320319,0.901338795084424,0.9123376623376623,1.0,0.04966779898091717,89229.22587828801,47195.636160863876,1839604.2076815246,11110100.202361241
1,ExtraTrees,train,case_193,400360,0.3546671965957943,0.4564621442326929,0.962277443358184,0.2834081415842542,0.6604695095143117,0.20665613781312933,4.217785242945701,4.501193384529956,7.433103251457213,7.856173248162505,0.05691700792967612,0.0,11.889664096832272,12.168239232067895,0.023430025690115465,0.0,26.4258975982666,26.4853908045225,0.0022513220614235607,1.0022513220614235,0.9046857827954841,0.9140859140859141,1.0,0.05061944250174843,141994.55882909222,83418.0844150854,1688632.499865741,9333647.424383583
1,ExtraTrees,train,case_194,400360,0.26199917801290123,0.41650953865057994,0.9734567808179716,-0.04095599970840406,1.0463686426470837,-0.5480271025412236,4.4735464772618485,4.432590477553445,8.246804285049436,8.222635786806594,0.0029306501533760097,0.0029306501533760097,12.928755416870114,12.211258719972125,0.055496192306473804,0.055496192306473804,28.35040283203125,25.817379592617364,0.08934699286007994,0.91065300713992,0.875961634528924,0.8863636363636364,1.0,0.048935957638125686,104893.99090924514,69454.53118525086,1791029.0676365537,10628909.940717285
1,ExtraTrees,train,case_195,400360,0.3413631159331681,0.46738390529860846,0.969740997917459,-0.23674260528265895,1.2110596834103184,-0.9656584448721345,4.837615727860749,4.600873122578088,8.506486845016479,8.080229305139717,0.0501097042343026,0.0501097042343026,13.599721879959082,12.505065066238538,0.08049111764069673,0.08049111764069673,28.627286911010742,26.83174196242784,0.06272145013826969,0.9372785498617303,0.9006394245179339,0.9105894105894106,1.0,0.049445499050854234,136668.13709500319,87457.72715024702,1936787.8328063295,12259739.691145731
1,ExtraTrees,train,case_200,400360,0.3130736850693829,0.4051220578642118,0.9714439160158723,0.27023886832684035,0.5866747757877443,0.1410105708841368,4.3085884493248345,4.578827317651676,7.528428196907043,8.015356577473096,0.06467862451900669,0.0,12.027814435958856,12.172488128443442,0.012028261098879582,0.0,27.248859405517578,26.640044776197072,0.02234275645303626,0.9776572435469637,0.8941452692576681,0.9223276723276723,1.0,0.050162353881506645,125342.18055437814,65708.63730469004,1724986.4715716909,9733294.889121156
1,ExtraTrees,validation,case_18,400360,0.396184280870512,0.5813742825530639,0.9650445874073543,-0.2760757282259081,1.557504651346718,-1.1175971934396765,5.653727981126508,5.3776522529006,9.915027427673339,9.360047989994467,0.0559735655526173,0.0559735655526173,15.819301843643087,14.455285964893525,0.08622478363656015,0.08622478363656015,36.45985412597656,29.663638705259665,0.18640270466345055,0.8135972953365495,0.9142271955240284,0.9005994005994006,1.0,0.0531846338295534,158616.3386893182,135320.10114594497,2263526.534523809,16668583.556267565
1,ExtraTrees,validation,case_29,400360,1.9194931553916605,2.2836303822863955,-3.1443668793483486,1.9147783374304088,3.9053291843291915,3.4514147535852557,2.033673969191559,3.948452306621966,3.50241869688034,7.09427527169675,1.0255360325753553,0.0,5.4425946283340405,10.837378050448837,0.9912153651917526,0.0,12.888184547424316,27.459373209440308,1.1305850415470673,2.1305850415470675,0.6213907483265061,0.5701798201798202,0.9912587412587412,0.023451393745628935,768488.2796926053,2087864.4775408478,814201.7103055326,2159604.52317288
1,ExtraTrees,validation,case_45,400360,0.6881718674836645,1.087730954920716,0.8849186101101969,-0.18770659166222745,3.314439841110924,-2.713135511005629,5.207303312044021,5.019596720381792,10.862130212783812,9.216577134563028,0.15149450853425664,0.15149450853425664,15.904301156997667,12.923847260452206,0.18739923666712657,0.18739923666712657,36.334930419921875,25.469125624706308,0.2990457025688431,0.7009542974311569,0.782445798781097,0.7939560439560439,0.9925074925074925,0.052740033969427516,275516.4888657599,473689.3892239984,2084795.9540099443,14972289.90461304
1,ExtraTrees,validation,case_51,400360,1.7606798625715188,2.021205364649964,-0.13864742838830502,1.7441182166364084,3.265296357410628,2.8481804981985555,3.495074740730534,5.239192957366942,6.196873641014097,8.867977256930645,0.43104051666275894,0.0,9.536471252441398,13.330090994783184,0.3978012036024955,0.0,19.359146118164062,26.913174598996036,0.39020463168797886,1.3902046316879788,0.7462783494854631,0.8414085914085914,1.0,0.047527225497052655,704905.7897791333,1635579.1480413103,1399288.1231988766,6327039.392613842
1,ExtraTrees,validation,case_54,400360,0.4350953635057671,0.5840120319930551,0.9599775097109978,-0.33340197137796507,1.12581165789831,-0.7096145612177753,5.355598113270859,5.022196141892893,9.406452131271362,8.956434581864897,0.0478413692140525,0.0478413692140525,14.854768409728997,13.987805103410972,0.0583626268956314,0.0583626268956314,33.38887405395508,28.38711251518576,0.14980324076477314,0.8501967592352269,0.8837046658007793,0.9168331668331668,1.0,0.0538190628434409,174194.77973316892,136550.80662432744,2144167.260629121,14895149.962829953
1,ExtraTrees,validation,case_60,400360,0.47186830608175456,0.6965941209067302,0.9502332593425316,-0.2997167932765865,1.8923563316859848,-1.3627539360256886,5.622468909648277,5.322752116371691,9.96433162689209,9.286073673708682,0.06806858488660711,0.06806858488660711,15.850470104217512,14.283255182642613,0.09887498044350705,0.09887498044350705,36.91607666015625,28.75286473351059,0.2211289136111331,0.7788710863888669,0.8827055649915077,0.8816183816183816,1.0,0.05332950344689779,188917.19502289125,194272.03532566957,2251011.6526667844,16559895.004739292
1,ExtraTrees,validation,case_62,400360,1.1152588722650687,1.424117206638242,-0.09475710459227127,1.1057858672361347,3.303447828880223,3.0765415232272764,2.474723175269594,3.5805090425057298,4.507473468780517,7.332341479486979,0.6267076290680246,0.0,6.4952899599075264,10.532907586252454,0.6216223834913155,0.0,14.41285228729248,19.264836449571874,0.33664288411234805,1.336642884112348,0.8236587071635528,0.6401098901098901,0.9985014985014985,0.043408432410830255,446505.0421000429,811974.0468318111,990780.1704509346,3193599.9834185
1,ExtraTrees,validation,case_81,400360,0.4312276994961957,0.711933764425862,0.9511827536881319,-0.12479680165237188,2.157416694074021,-1.573383195989862,5.84957593964784,5.72477913799547,10.314814281463619,9.476536935569523,0.08126926215244935,0.08126926215244935,16.286035861968987,14.61166891977826,0.10280997514568256,0.10280997514568256,35.2658805847168,29.679837094163325,0.158397958534865,0.841602041465135,0.812019182735538,0.9023476523476524,1.0,0.05373164152262963,172646.32177029693,202922.33985840614,2341936.2231974094,17856109.41474756
1,ExtraTrees,validation,case_83,400360,0.39957500176914434,0.6009899957272274,0.9644791391311824,-0.290217088923149,1.6613157797806295,-1.2606538424905518,5.771707437600671,5.481490348677522,10.300168991088865,9.636608862263293,0.06442225650857264,0.06442225650857264,16.17190748214708,14.688564627297236,0.0917234319134818,0.0917234319134818,37.063751220703125,29.57889443295609,0.20194547344053324,0.7980545265594667,0.9284643820561495,0.9003496503496503,1.0,0.05333449895094415,159973.84770829463,144605.61801667223,2310760.7897178046,17408040.681773167
1,ExtraTrees,validation,case_86,400360,0.5268598819988587,0.7189722123545252,0.910117702448801,0.461957576414279,1.2615365002825114,0.557519276094525,4.475714650114444,4.937672226528724,7.60098669528961,8.453922462031068,0.1122138218278989,0.0,12.306284666061373,12.871416452259357,0.045922209792247114,0.0,24.116090774536133,28.869831112221693,0.19711902655072822,1.1971190265507283,0.8493855530022979,0.8446553446553446,1.0,0.0486711959236687,210933.62235706308,206954.5084303539,1791897.1173198188,10322525.946124662
1,ExtraTrees,validation,case_87,400360,0.5405036069579244,0.8804357911077091,0.9233241423541212,-0.03688915764130641,2.617418082162324,-1.7798857451198176,5.09026258343684,5.053373425795532,10.772640562057495,10.011424972378302,0.07066193151939769,0.07066193151939769,15.996327209472646,13.971982951206636,0.1265505657490703,0.1265505657490703,34.780033111572266,24.537665201751636,0.29448988380671537,0.7055101161932846,0.8327505245279249,0.7115384615384616,0.9592907092907093,0.05288740133879508,216396.0240816746,310345.93309099786,2037937.5279047734,14421142.352911664
1,ExtraTrees,validation,case_101,400360,0.4958590903355908,0.6750819754228768,0.9565033649819031,-0.4330740237170196,1.7024071584729032,-1.3873440136066428,5.892952550035133,5.459878526318117,10.397786188125611,9.597860967476974,0.07693226290440178,0.07693226290440178,16.382473373413045,14.716063219902095,0.1017190820657979,0.1017190820657979,37.050594329833984,29.739451841387957,0.19732861565891072,0.8026713843410893,0.9289139774203217,0.9150849150849151,1.0,0.05331201918273554,198522.14540675713,182458.3342588162,2359302.482932066,18098026.538970944
1,ExtraTrees,validation,case_120,400360,0.4499581646638184,0.6279197088800316,0.9618697766327403,-0.3760715914616054,1.527794897800583,-1.2043334592451147,5.849380987685487,5.47330939622388,10.294800615310661,9.659715404413243,0.061689899069332685,0.061689899069332685,16.261321811676016,14.756172878909666,0.09256006062715129,0.09256006062715129,36.66416549682617,30.203445409966854,0.1762134770916466,0.8237865229083534,0.932960335697872,0.9175824175824175,1.0,0.053526825856728945,180145.25080480633,157855.20625788145,2341858.1722297617,17838317.90270544
1,ExtraTrees,validation,case_145,400360,0.6949941341045566,0.8644973957830725,0.8623500908588648,0.6229493980519314,1.4475540600294747,1.1030002537217913,4.284758478472041,4.907707876523972,7.399078512191771,8.4130256073654,0.1370369423034106,0.0,11.438420429229723,12.825619129408084,0.1212753726584062,0.0,25.100421905517578,26.736770820089603,0.06519208803467653,1.0651920880346766,0.8548806074532921,0.8873626373626373,1.0,0.0487186532121091,278247.8515301003,299211.34699531936,1715445.904441066,9523984.02051085
1,ExtraTrees,validation,case_176,400360,0.32970732304444644,0.48083589519359926,0.9590493419677234,0.1633907514085023,0.888137122922588,-0.021503298658531986,4.060998864911518,4.2243896163200185,7.827819538116455,8.233053176739492,0.051768393056305075,0.0,11.872080402374266,11.838638646368155,0.0028168404249875995,0.0028168404249875995,27.17892074584961,23.492250798418066,0.13564445703733546,0.8643555429626645,0.865421120991108,0.8856143856143857,1.0,0.04968278549305625,132001.62385407457,92564.49637957038,1625861.5055559753,8863012.667989213
1,ExtraTrees,internal_test,case_06,400360,0.3858143133193782,0.6006036423433981,0.9647523375311204,-0.0819188808486828,1.5961733197637766,-1.040998053009846,5.917631487748422,5.835712606899739,10.134570455551147,9.719440008488915,0.04096181963339621,0.04096181963339621,15.962084121704066,14.88914700654309,0.06721785870693882,0.06721785870693882,32.9944953918457,29.786194669896254,0.09723745381911045,0.9027625461808896,0.8449395544010391,0.9225774225774226,1.0,0.05295234289139774,154464.61848054625,144419.7549831332,2369182.942434958,18117237.60923312
1,ExtraTrees,internal_test,case_28,400360,0.36640944594454117,0.5562015766426569,0.9664621212866892,-0.12362698424451735,1.5251321397551156,-0.9559544603020479,5.5266866433473245,5.403059659102806,9.724851751327513,9.374131786364527,0.0360642993776342,0.0360642993776342,15.672686471939013,14.440857424775182,0.07859718557946947,0.07859718557946947,36.075843811035156,29.1010041708294,0.19333822589819064,0.8066617741018094,0.9244679788190628,0.8858641358641358,1.0,0.05348686182435808,146695.6857783565,123855.44721370046,2212664.264530535,15921703.859572133
1,ExtraTrees,internal_test,case_57,400360,0.4303978101153263,0.6813772450902136,0.9466594949402469,-0.25417098918133235,2.031658114443126,-1.4124913440666718,5.400399450375989,5.146228461194659,9.728502988815302,8.766117107151912,0.09892435483340341,0.09892435483340341,14.611289510726927,13.558248013726438,0.07207040119404898,0.07207040119404898,32.06071853637695,27.834601132913157,0.13181605392495274,0.8681839460750472,0.7327904885602957,0.9040959040959041,1.0,0.05351683484863623,172314.06725777203,185877.1190327372,2162103.923952531,15160952.23359229
1,ExtraTrees,internal_test,case_66,400360,0.6216538169265982,0.8881332565030896,0.8960168030149334,0.2839662703822415,1.3286466202449703,-0.15764476254786733,3.3097094398571456,3.593675710239386,8.640856552124024,8.698307202355146,0.006648721672968818,0.0,14.484742507934437,14.669255179076588,0.012738415684026089,0.0,22.389339447021484,21.042374097971386,0.0601610133357145,0.9398389866642856,0.8761114996503148,0.8783716283716284,1.0,0.045541512638625235,248885.32214473284,315796.23356798355,1325075.2713412067,7422607.059131721
1,ExtraTrees,internal_test,case_71,400360,0.39359127791464615,0.5749036994047075,0.9431343613509552,0.2185885840443404,1.19512093663493,0.8816544397046816,4.549803349447659,4.768391933491999,7.7705615758895865,8.563601977464998,0.10205702558693423,0.0,12.114842939376807,13.171969653948036,0.08725880474564437,0.0,25.56398582458496,27.951049434784775,0.09337603402612465,1.0933760340261247,0.855729843141173,0.9145854145854145,1.0,0.05356928764112299,157578.20402590773,132324.69057057943,1821559.2689848647,10614707.437531048
1,ExtraTrees,internal_test,case_82,400360,0.35887661264030574,0.5245826532261679,0.9698126292851551,-0.21138802619825758,1.2933218858481241,-0.8471226973882725,5.501570875476665,5.290182849278408,9.606270885467529,9.306752618101635,0.031179452561452155,0.031179452561452155,15.515425043106074,14.361303578151608,0.07438542365085084,0.07438542365085084,34.473167419433594,29.432525263589294,0.1462192926607241,0.8537807073392759,0.9338095713857528,0.9020979020979021,1.0,0.05341192926366271,143679.8406366728,110173.85133194609,2202608.9157058373,15767476.08115845
1,ExtraTrees,internal_test,case_93,400360,0.30639994712042673,0.43636472881208155,0.9778240140415585,-0.09951864068969601,0.7848970718710765,-0.19086755547965684,5.478692639531607,5.37917399884191,9.250488615036007,9.3534002748525,0.011124997186550568,0.0,14.655003519058223,14.427153096740067,0.015547619761526885,0.015547619761526885,30.175100326538086,29.141731608622134,0.03424574257362569,0.9657542574263743,0.9139274652812469,0.9148351648351648,1.0,0.05294984513937456,122670.28282913404,76234.21972405503,2193449.385162874,15454927.461751582
1,ExtraTrees,internal_test,case_98,400360,0.6656343531388493,0.8575765253910258,0.9346930824698606,-0.5624804912590718,1.9903417369533787,-1.598378684673486,6.260926460286945,5.698445969027872,10.456711626052856,9.543040613600024,0.0873765142548662,0.0873765142548662,16.65958471298217,14.703725095540618,0.11740146294987934,0.11740146294987934,34.968265533447266,29.587523152631206,0.15387501492372738,0.8461249850762727,0.8847537216505146,0.9038461538461539,1.0,0.053406933759616346,266493.3696226697,294439.75625958253,2506624.5176404812,20202345.646022253
1,ExtraTrees,internal_test,case_102,400360,0.6378856676556102,0.9485356304160493,0.8688887934537014,-0.3140140591114234,2.6062028805096555,-2.124850605646797,3.561208677776423,3.247194618665,8.40616006851196,6.739093353231438,0.19831489071033387,0.19831489071033387,14.098538675308209,11.885130660204666,0.1569955628791546,0.1569955628791546,24.8814754486084,18.598326774993126,0.25252315468963416,0.7474768453103658,0.876561095014487,0.708041958041958,0.9997502497502497,0.05097662104106304,255383.9059026001,360211.83601068956,1425765.5062345688,7824824.903724942
1,ExtraTrees,internal_test,case_117,400360,0.6227468877489587,0.7829906679339966,0.9185359026122567,-0.35400404735110597,1.1144624975901267,-0.4387120782786195,5.137139844130944,4.783135796779838,8.875784015655517,8.8269562039236,0.005501239287232743,0.005501239287232743,13.745235443115213,13.133907692993123,0.044475611396550874,0.044475611396550874,30.055034637451172,26.11418784877241,0.1311210196965844,0.8688789803034156,0.8431411729443501,0.8861138861138861,1.0,0.05263263063243081,249322.9439791731,245450.46120767633,2056705.307996265,13578572.17672394
1,ExtraTrees,internal_test,case_147,400360,0.38042062655116504,0.5107937589129129,0.9626427342137369,-0.2641642576781291,1.1122780359412119,-0.8423718428376404,4.797992291013543,4.533828033335414,8.369614458084104,8.016974982265728,0.04213329987712476,0.04213329987712476,13.121011762619016,12.294800992071606,0.06296852601727222,0.06296852601727222,29.499116897583008,26.089012728749065,0.11560021205629202,0.884399787943708,0.8686681986212409,0.8943556443556444,1.0,0.04969027874912579,152305.20204602444,104458.03335284517,1920924.1936301822,12012770.016969586
1,ExtraTrees,internal_test,case_159,400360,0.2828996574183322,0.3924540791396759,0.9737389148452913,0.11263365777615918,0.7840159205895898,-0.3420763326722321,4.308228827876949,4.4208624856531085,7.735206508636474,7.855941025451812,0.01560844131058891,0.0,12.345149745941162,11.963576331975771,0.030908771608124472,0.030908771608124472,27.970979690551758,26.24344235454176,0.06176177435049007,0.9382382256495099,0.888999900089919,0.8928571428571429,1.0,0.04941552602657608,113261.70684400348,61663.52896687241,1724842.4935288155,9779111.391040415
1,ExtraTrees,internal_test,case_196,400360,0.31066685893401164,0.4430851385158409,0.9719517510549229,-0.12291471282600502,1.069612513500822,-0.8200156075916959,4.721619437764037,4.598704724938032,8.420341682434081,8.00894161848285,0.04885788243123959,0.04885788243123959,13.27775411605834,12.46954217390422,0.06086962712893251,0.06086962712893251,29.805959701538086,26.799658847504798,0.10086240752308852,0.8991375924769115,0.9035368168648217,0.9125874125874126,1.0,0.04977020681386752,124378.5836428209,78600.45278783127,1890347.5581032098,11727831.892893458
1,ExtraTrees,internal_test,case_197,400360,0.30455608955571745,0.43974385457742665,0.9682266770696948,0.1613764384463707,0.8302733204937077,-0.15694445098289017,4.335292672210596,4.496669110656966,7.936916875839233,8.240204513034612,0.038212273347427515,0.0,12.379508867263791,12.190247105089984,0.015288309431587238,0.015288309431587238,27.07880973815918,24.641880472816602,0.08999395796590283,0.9100060420340972,0.8726646018583275,0.8863636363636364,1.0,0.049408032770506545,121932.07601452705,77419.47793219508,1735677.7742462344,9961289.997120844
1,ExtraTrees,internal_test,case_199,400360,0.4401322554452202,0.6056545901362688,0.9498949442533368,-0.25527052955218593,1.5136419583217142,-1.0928179803370872,4.738719716338008,4.483449186785823,8.71670413017273,8.312569443238688,0.04636324474237178,0.04636324474237178,13.672717103958115,12.35081055456869,0.09668206687365352,0.09668206687365352,29.847414016723633,25.75311345239795,0.1371743817414677,0.8628256182585323,0.8543311020081926,0.8701298701298701,1.0,0.05007743031271855,176211.34979004838,146859.0473149718,1897193.8256330849,11921292.318331864
2,Ridge,train,case_01,400360,2.1530885333678014,3.1325775496986323,0.066553022145732,0.7203606900460583,7.212693655578919,-6.312097712358236,5.896753568734742,6.6171142587808,10.326234483718872,8.581587505340575,0.16895287252376848,0.16895287252376848,16.558459148406914,10.701260471343987,0.35372848551711084,0.35372848551711084,37.16805648803711,15.242539405822754,0.5899021674504635,0.4100978325495364,0.2651113997402338,0.3743756243756244,0.5799200799200799,0.0,862010.5252191329,3928749.5371081103,2360824.2587786415,18130060.897750977
2,Ridge,train,case_06,400360,2.37769391096826,3.3135154843211296,-0.07283369858520072,1.2901335867538697,6.345822345535684,-5.445777646120117,5.917631487748422,7.207765074502292,10.134570455551147,9.18492374420166,0.0937036962261508,0.0937036962261508,15.962084121704066,11.303233318328852,0.29186983152409607,0.29186983152409607,32.9944953918457,15.64532470703125,0.5258201551129691,0.47417984488703085,0.22959336597062643,0.34965034965034963,0.6153846153846154,0.0,951933.5341952527,4395706.524485697,2369182.942434958,18117237.60923312
2,Ridge,train,case_10,400360,2.0849342324948488,3.0441954793213286,0.07627698733151111,0.610141340916624,6.998006812427808,-6.135632221497955,5.735561601321801,6.345702942238427,10.146135330200195,8.361198949813843,0.17592278461666574,0.17592278461666574,16.147420253753637,10.498814153671246,0.3498147698713244,0.3498147698713244,36.003170013427734,15.03204345703125,0.5824800024157623,0.4175199975842378,0.26840843241083023,0.3661338661338661,0.5786713286713286,0.0,834724.2693216377,3710186.6119300406,2296289.4427051963,17187067.072017305
2,Ridge,train,case_11,400360,2.430756687301007,3.3847861065963483,0.0016579189939250893,1.2157320311168052,7.094480954179073,-6.142393877103929,6.201051010845691,7.416783041962497,10.622378873825072,9.391551399230957,0.1158711705931554,0.1158711705931554,17.002918834686216,11.23620328903198,0.3391603289836359,0.3391603289836359,35.55618667602539,15.577351570129395,0.5618947635733729,0.4381052364266272,0.2287940853232091,0.38136863136863136,0.6046453546453546,0.0,973177.7473278311,4586835.234678533,2482652.782702181,19989509.012440648
2,Ridge,train,case_13,400360,2.0856839432537413,2.9756522067629168,-0.08220220899620467,1.1739865976395818,5.599614613299628,-4.68868911835635,5.239577948061452,6.4135645457010355,9.118360137939451,8.409937143325806,0.07769192967779986,0.07769192967779986,14.603178558349592,10.676120166778492,0.26891805615331216,0.26891805615331216,30.08977508544922,14.961695671081543,0.5027647887498932,0.49723521125010683,0.2742032171046059,0.35614385614385613,0.5841658341658341,0.0,835024.4235210678,3544990.0444252277,2097717.427285883,14266872.702133816
2,Ridge,train,case_14,400360,2.023738080549195,2.9276126283652655,-0.01825356987578286,0.8713090183490712,6.017363684916978,-5.144577947681464,5.300424085269767,6.171733103618837,9.186977624893188,8.192950677871703,0.10819956111877893,0.10819956111877893,14.805124273300162,10.55166482925414,0.287296436391067,0.287296436391067,30.95267105102539,14.87861442565918,0.5193108083909196,0.4806891916090804,0.27125586971725446,0.3503996003996004,0.5881618381618382,0.0,810223.7779286758,3431451.810358146,2122077.7867786037,14617850.616076909
2,Ridge,train,case_15,400360,3.5137727238795904,3.9142153705067244,-3.5615325972915244,3.440116182511458,2.1996805747099897,0.21987135048953074,3.3780577288595954,6.818173911371054,5.832143068313598,8.778292655944822,0.505157290059951,0.0,9.363036231994613,11.171864566802977,0.1931882233486806,0.0,18.940412521362305,15.375575065612793,0.18821329534025946,0.8117867046597406,0.2803976421220901,0.34440559440559443,0.5841658341658341,0.0,1406774.0477324328,6133948.376192453,1352439.1923262277,5913329.831794531
2,Ridge,train,case_16,400360,2.0826697849285845,3.017231160399579,0.044107559633700166,0.7080372444520826,6.648768929055817,-5.773505635451623,5.625429952986378,6.33346719743846,9.801409292221068,8.322584772109986,0.1508787640655674,0.1508787640655674,15.720469598770103,10.569799270629863,0.32764099671317737,0.32764099671317737,34.04954528808594,15.079741477966309,0.5571235577338894,0.44287644226611056,0.27455290238785096,0.3698801198801199,0.5879120879120879,0.0,833817.6750940081,3644750.8763095792,2252197.1359776263,16482507.138438577
2,Ridge,train,case_17,400360,2.787807682531054,3.531514038834334,-0.5715188849699591,2.317891282509179,4.456527645837395,-3.4408374513013817,5.224712665699665,7.5426039482088445,8.882305335998534,9.514834547042847,0.07121227959601602,0.0,13.956213130950902,11.47394962310791,0.1778608197332584,0.1778608197332584,27.7415714263916,15.79718017578125,0.4305592883338686,0.5694407116661314,0.225696872814467,0.3663836163836164,0.6221278721278721,0.0,1116126.6837781328,4993126.33549993,2091765.9628395182,14106137.547034325
2,Ridge,train,case_18,400360,2.05600834727469,3.011698346191678,0.06195053428124542,0.4850832640693882,7.082009694778379,-6.238989182971124,5.653727981126508,6.138811245195896,9.915027427673339,8.104794788360595,0.1825746476767471,0.1825746476767471,15.819301843643087,10.44075441360472,0.3399990393507607,0.3399990393507607,36.45985412597656,14.893804550170898,0.5915012578297864,0.4084987421702136,0.26271355779798183,0.3508991008991009,0.5889110889110889,0.0,823143.5019148949,3631396.0890757185,2263526.534523809,16668583.556267565
2,Ridge,train,case_19,400360,2.1168387629271272,3.06621812159026,0.1057346337168531,0.5004376180187999,7.342300950551687,-6.4721517405175035,5.885521276208228,6.385958894227027,10.343796873092652,8.394768714904785,0.18842482911259395,0.18842482911259395,16.581697864532423,10.431253795623775,0.37091762973586667,0.37091762973586667,35.93040466308594,14.66301441192627,0.5919051135265752,0.40809488647342484,0.26815865720851234,0.35564435564435565,0.5654345654345654,0.0,847497.5671255046,3764062.0373523016,2356327.298142726,18077325.27607492
2,Ridge,train,case_21,400360,2.1298317810545147,3.005067371543275,-0.528080226401981,1.5842417659279346,4.11717905752454,-3.1230171516184826,4.529992944088067,6.114234710016002,8.021694707870484,8.30162844657898,0.03489708208838191,0.0,12.29129181861873,11.39223448753356,0.073145877939639,0.073145877939639,23.24169158935547,14.6348876953125,0.3703174470306122,0.6296825529693878,0.264012388850035,0.27797202797202797,0.6103896103896104,0.0,852699.4518629855,3615422.9177723085,1813627.9750950986,10581712.180962272
2,Ridge,train,case_24,400360,2.3097214146001277,3.2919672702056992,-0.3473746168379661,1.59848483731554,5.325013016095931,-4.279985704482978,5.304625899199469,6.90311073651501,9.102337694168089,8.925957965850827,0.019377409874637895,0.019377409874637895,14.59939882278439,12.008610382080056,0.17745857018859226,0.17745857018859226,27.87183380126953,15.291838645935059,0.451351541668617,0.548648458331383,0.26606054550904185,0.2804695304695305,0.5791708291708292,0.0,924720.065549307,4338720.740705143,2123760.0250034994,14485881.92450586
2,Ridge,train,case_28,400360,1.957162998484951,2.924688632876247,0.0726782781238613,0.39255497062352784,7.105820534358686,-6.234358129592813,5.5266866433473245,5.9192416139708515,9.724851751327513,7.903182435035705,0.18732103716060625,0.18732103716060625,15.672686471939013,10.182812957763666,0.35028286465148334,0.35028286465148334,36.075843811035156,14.535576820373535,0.5970828320326833,0.4029171679673167,0.25961634528923966,0.3608891108891109,0.5729270729270729,0.0,783569.778073435,3424600.8090059524,2212664.264530535,15921703.859572133
2,Ridge,train,case_29,400360,5.293175477312133,5.52489157482513,-23.257949547062502,5.291606661192117,4.336791852561132,3.970041807648995,2.033673969191559,7.325280630383676,3.50241869688034,9.480602359771728,1.7068729299030554,0.0,5.4425946283340405,12.569325923919674,1.3094363593577245,0.0,12.888184547424316,16.168079376220703,0.2544885058657752,1.2544885058657753,0.24118293535817764,0.2867132867132867,0.6248751248751249,0.0,2119175.7340966854,12220759.55911837,814201.7103055326,2159604.52317288
2,Ridge,train,case_32,400360,1.9819805864657394,2.911975309346936,0.07060250915318989,0.24711008875324272,7.127443004890986,-6.438220621453548,5.271242364639071,5.518352453392313,10.015990829467771,7.529469203948974,0.248255181924016,0.248255181924016,15.115796918868979,9.902907781600947,0.34486366582239586,0.34486366582239586,33.723785400390625,14.073951721191406,0.5826698707130195,0.41733012928698054,0.25656908782096116,0.3341658341658342,0.5999000999000998,0.0,793505.7475974234,3394892.736971282,2110394.5931068985,14777190.176314557
2,Ridge,train,case_34,400360,1.8047410302674547,2.5592585479596464,-0.027966331508815223,-0.40122112875136917,6.181660628372989,-5.467183935307566,4.684073457170518,4.28285232841915,8.226318550109863,6.359291386604309,0.22695780039792152,0.22695780039792152,12.876111402511585,8.979003419876085,0.3026618721142269,0.3026618721142269,30.05852508544922,13.036206245422363,0.5663058580431496,0.4336941419568504,0.26136477170546507,0.3226773226773227,0.6001498501498501,0.0001298831052053152,722546.1188778782,2622279.655675316,1875315.6493127886,11335055.49990527
2,Ridge,train,case_35,400360,1.602313969247338,2.2042750586019446,-0.16464129262024296,-0.3542078893686135,4.468130745070418,-3.729532303087408,3.846318012911481,3.4921101235428678,6.875816249847412,6.010010743141174,0.12592039624756576,0.12592039624756576,10.138929128646827,8.47519640922546,0.16409353476203015,0.16409353476203015,21.769367218017578,12.020242691040039,0.4478368355561848,0.5521631644438152,0.3266060545509042,0.2842157842157842,0.5761738261738262,0.00038465381156958735,641502.4207278643,1945280.5918620736,1539911.8796492405,7593273.8350793915
2,Ridge,train,case_36,400360,2.8230227113075275,3.6500923335174345,-0.09446691114682082,1.481665864601419,10.119542107861847,-9.014473632673294,3.0640295821179975,4.545695446719417,9.813024330139159,6.677262020111083,0.3195510583212431,0.3195510583212431,19.2957092285156,8.96927704811096,0.5351672777668117,0.5351672777668117,31.747325897216797,12.904256820678711,0.593532480106931,0.40646751989306895,0.22944350084923568,0.015484515484515484,0.3114385614385614,0.0,1130225.3726990817,5334065.959936653,1226714.8834967616,8632356.497202441
2,Ridge,train,case_40,400360,1.9244297077827546,2.810707853145392,-0.03231773314457498,0.9924691670601854,5.698384645808096,-4.8528591387992925,5.041594912488031,6.034064079548217,8.88729267120361,8.149317121505733,0.0830371606967606,0.0830371606967606,14.066408891677813,10.156889314651446,0.27793302520442004,0.27793302520442004,32.35271072387695,14.68359661102295,0.546140144597338,0.4538598554026621,0.2427315416125487,0.3613886113886114,0.5799200799200799,0.0,770464.6778079036,3162875.4826021353,2018452.9391637081,13240080.589726774
2,Ridge,train,case_44,400360,1.9527727539658986,2.8198260932790786,0.05220381418929898,0.011475975398269746,6.721701466107338,-5.903518639347844,5.309876889919772,5.321352865318042,9.196964502334595,7.412438654899597,0.19403422150667285,0.19403422150667285,14.862060785293576,9.822014532089215,0.3391216282866793,0.3391216282866793,32.25737762451172,14.17609691619873,0.5605316377166815,0.4394683622833186,0.2671096013587771,0.36838161838161837,0.5856643356643356,0.0,781812.0997777871,3183430.189445702,2125862.31164828,14646837.997959476
2,Ridge,train,case_45,400360,2.2124018946425044,3.0930160103802073,0.06947840041512643,0.7043205666197098,7.591588185500339,-6.982219899340293,5.207303312044021,5.911623878663732,10.862130212783812,7.900752758979797,0.27263321243550587,0.27263321243550587,15.904301156997667,9.990132131576525,0.3718597231679678,0.3718597231679678,36.334930419921875,14.246767044067383,0.6079043807317681,0.39209561926823183,0.24063342991307823,0.3419080919080919,0.5499500499500499,0.0,885757.222539073,3830143.2454818864,2084795.9540099443,14972289.90461304
2,Ridge,train,case_48,400360,2.175975904664897,3.152614161374046,0.10643739429757781,0.6359553370532348,7.5596640196108025,-6.689518361887692,6.037508846064417,6.673464183117653,10.65202441215515,8.673994874954223,0.18569517498887572,0.18569517498887572,16.89704576492309,10.603623771667463,0.37245694193006595,0.37245694193006595,36.57381820678711,14.710301399230957,0.5977914770599171,0.40220852294008297,0.24642821460685382,0.34915084915084915,0.5676823176823177,0.0,871173.7131916382,3979168.45157665,2417177.04161035,19046877.92117989
2,Ridge,train,case_49,400360,2.1198247459614623,3.0764333720138173,0.08487580555370189,0.48508522863465064,7.201100288579896,-6.369493294564955,5.85295244275635,6.3380376713910005,10.265372943878171,8.339029598236083,0.18765449206508147,0.18765449206508147,16.352748069763166,10.42691328048706,0.36237547132724396,0.36237547132724396,34.92753982543945,14.707267761230469,0.5789205928979161,0.4210794071020839,0.26960735338195624,0.37012987012987014,0.5796703296703297,0.0,848693.0352931311,3789184.116201401,2343288.0399819324,17855776.270638056
2,Ridge,train,case_51,400360,3.037695100269268,3.6191450677009356,-2.650735492284698,2.9267468949010857,2.2429494748723826,-0.38518770794635504,3.495074740730534,6.42182163563162,6.196873641014097,8.579915571212766,0.38455551432039403,0.0,9.536471252441398,11.82402880668638,0.23987463430557215,0.0,19.359146118164062,15.32409954071045,0.20843102029524221,0.7915689797047578,0.2588670196822859,0.2822177822177822,0.6291208791208791,0.0,1216171.6103438041,5243999.764393187,1399288.1231988766,6327039.392613842
2,Ridge,train,case_52,400360,2.091820922586122,2.952324120054064,0.0565839162650007,0.09132699634332522,6.772377990706163,-6.030347195976037,5.676126365691693,5.767453362035018,9.567922735214232,7.771435260772704,0.1877614947526333,0.1877614947526333,15.024835319519037,10.027700805664058,0.3325916329587394,0.3325916329587394,33.935302734375,13.974690437316895,0.5881960875168166,0.4118039124831833,0.24193226096513137,0.30744255744255744,0.6086413586413586,0.0,837481.4245665797,3489624.922316748,2272493.951768326,16597887.395390868
2,Ridge,train,case_54,400360,2.00674644150014,2.849371044655261,0.047294808175405545,-0.18504741569046324,6.901789712730834,-6.135085321435062,5.355598113270859,5.170550697580396,9.406452131271362,7.269472599029541,0.22718231086697613,0.22718231086697613,14.854768409728997,9.684135284423817,0.3480790129261605,0.3480790129261605,33.38887405395508,13.93715763092041,0.5825807839941376,0.4174192160058624,0.2621140973124188,0.3469030969030969,0.5971528471528471,0.0,803421.005318996,3250488.9495739685,2144167.260629121,14895149.962829953
2,Ridge,train,case_56,400360,1.949877317239826,2.7601086866851343,-0.0429551717968617,0.7356210848494904,5.435530598479346,-4.871894311447555,4.807046602232076,5.5426676870815665,9.012357282638549,7.571195316314696,0.1599095465400728,0.1599095465400728,12.885962295532151,10.034938087463376,0.22125039191347695,0.22125039191347695,27.991840362548828,14.12009048461914,0.49556405360503347,0.5044359463949665,0.24353082225996603,0.32842157842157843,0.6628371628371629,0.0,780652.8827301367,3050022.5369123286,1924549.177669634,12175801.835297506
2,Ridge,train,case_57,400360,1.9800063677078996,2.8386348714658167,0.07423461388483188,-0.04082977180405033,6.806378922970153,-6.116930191363711,5.400399450375989,5.359569678571939,9.728502988815302,7.458664536476135,0.23331836922379143,0.23331836922379143,14.611289510726927,9.637171211242674,0.34042979545593754,0.34042979545593754,32.06071853637695,13.967741012573242,0.5643347482457367,0.43566525175426335,0.24348086721950246,0.35564435564435565,0.6133866133866134,0.0,792715.3493755347,3226039.9986567628,2162103.923952531,15160952.23359229
2,Ridge,train,case_58,400360,2.381726264141683,3.0758940430205155,-1.3059170946776715,2.162719370345146,2.637222150820859,-1.3032109125092357,3.828242068613012,5.990961438958158,6.500666666030883,8.070094299316406,0.24142564353999857,0.0,10.108694267272929,11.039984483718857,0.09212764693665694,0.0,20.552814483642578,14.768767356872559,0.2814236041187149,0.7185763958812851,0.2650614446997702,0.3114385614385614,0.6346153846153846,0.0,953547.9271117642,3787855.670254638,1532674.9945899055,7510118.65249189
2,Ridge,train,case_59,400360,1.8685807104799999,2.7737059724340343,0.0725133477856269,0.14027310296133935,6.724157615316105,-5.896990810863644,5.287436591513801,5.427709694475141,9.45020728111267,7.565638780593872,0.19942086395134692,0.19942086395134692,14.667274990081749,9.765748996734617,0.33418109339748686,0.33418109339748686,32.03961944580078,13.992627143859863,0.5632711191364108,0.43672888086358913,0.2611149965031472,0.3558941058941059,0.5834165834165834,0.0,748104.9732477728,3080147.5687422385,2116878.1137784654,14513820.411748566
2,Ridge,train,case_60,400360,2.031242342238383,2.9923801155368013,0.0816396826162652,0.5162343479058538,7.055876434997323,-6.202837514060279,5.622468909648277,6.138703257554131,9.96433162689209,8.16079921722412,0.1809988343624105,0.1809988343624105,15.850470104217512,10.414406871795652,0.34295911709113447,0.34295911709113447,36.91607666015625,14.989941596984863,0.5939454310115354,0.4060545689884646,0.27050654411030073,0.38311688311688313,0.6066433566433567,0.0,813228.184138559,3584959.0642961264,2251011.6526667844,16559895.004739292
2,Ridge,train,case_61,400360,2.1053352436471164,3.0126991322232386,0.04278619221052038,0.7170685318142969,6.344362526217905,-5.540030225553121,5.705564880105384,6.422633411919681,9.68325624465942,8.42909984588623,0.12951804301005584,0.12951804301005584,15.157886562347406,10.596261463165275,0.30094070703189774,0.30094070703189774,33.85128402709961,14.819464683532715,0.5622185358856991,0.4377814641143009,0.2569687281446698,0.3531468531468531,0.6368631368631369,0.0,842892.0181465596,3633809.912701529,2284279.9553989917,16829343.90342225
2,Ridge,train,case_62,400360,2.2451108965397557,2.6582187631823517,-2.814237600884796,2.1518583174434784,1.751851825298428,0.11762026209301948,2.474723175269594,4.626581492713072,4.507473468780517,6.859974646568295,0.5219112644991875,0.0,6.4952899599075264,8.756817417144774,0.3481795995554669,0.0,14.41285228729248,12.667522430419922,0.12109538223821113,0.8789046177617889,0.22689579378559296,0.3094405594405594,0.5819180819180819,0.00046458187631131983,898852.5985386566,2828994.602891341,990780.1704509346,3193599.9834185
2,Ridge,train,case_64,400360,2.18416620529896,2.8167752995723445,-0.6981364768925025,1.864802819622432,3.3018701169809943,-2.2209481172645495,3.9771937318564388,5.8419965514788705,6.892904663085936,8.003922414779662,0.16118281131083081,0.0,10.860165023803638,9.891548118591304,0.08918988828339998,0.08918988828339998,23.340909957885742,14.29773235321045,0.38743894822404085,0.6125610517759592,0.2467778998900989,0.3626373626373626,0.5874125874125874,0.0,874452.7819534915,3176545.5556241293,1592309.2824860439,8203529.247202241
2,Ridge,train,case_66,400360,2.127554597839066,2.965891274636747,-0.15962442194520077,0.742156565970964,7.342621008319147,-6.661835037181517,3.3097094398571456,4.051866005828109,8.640856552124024,6.337916827201843,0.2665175276351615,0.2665175276351615,14.484742507934437,9.590254268646218,0.3379064720416757,0.3379064720416757,22.389339447021484,13.109752655029297,0.414464518435209,0.5855354815647911,0.20691377760015986,0.03146853146853147,0.18806193806193805,0.0,851787.7587908485,3521771.1651656236,1325075.2713412067,7422607.059131721
2,Ridge,train,case_67,400360,2.0848230151890417,2.947878031818656,0.04362150377153862,-0.046225544664652445,6.915326891191403,-6.173536841644728,5.645845615440947,5.599620070776295,9.483993959426876,7.6319504737854,0.19528096428199285,0.19528096428199285,15.007321405410755,9.945578699111934,0.3372848871267497,0.3372848871267497,33.35513687133789,13.777669906616211,0.5869400878263108,0.4130599121736892,0.22719552402837445,0.29945054945054944,0.5929070929070929,0.0,834679.7423610848,3479122.350752185,2260370.7505979375,16399513.343570031
2,Ridge,train,case_71,400360,1.8800517434501722,2.546416422396184,-0.11562584680304622,-0.5068595658568559,5.638459100369992,-5.0080047659088365,4.549803349447659,4.042943783590803,7.7705615758895865,6.115890789031982,0.21294095294112317,0.21294095294112317,12.114842939376807,9.015021867752074,0.2558696870554881,0.2558696870554881,25.56398582458496,12.780356407165527,0.5000640160395247,0.4999359839604754,0.2546208412428814,0.31093906093906093,0.6306193806193806,0.0,752697.516007711,2596028.963674242,1821559.2689848647,10614707.437531048
2,Ridge,train,case_72,400360,2.8744659952268035,3.2187561708730703,-3.604249794508278,2.804494511775952,1.9552133339570623,0.3178297232790705,2.7397326694568966,5.5442271812328485,4.794327330589294,7.761848878860472,0.6189651526998317,0.0,7.4184241771698,9.334891710281372,0.2583388988472109,0.0,16.875072479248047,13.37689208984375,0.2072986882697037,0.7927013117302963,0.21825357178539315,0.3239260739260739,0.5521978021978022,0.0013537815965630933,1150821.205849003,4147886.2558769006,1096879.3715437632,3906038.355638345
2,Ridge,train,case_73,400360,1.7963262849721664,2.6658965463686397,0.03253964517042651,-0.1473601021066223,7.669742042091374,-6.985333547069066,3.1237290097219934,2.976368907615371,8.22641882896423,5.439298510551453,0.33880116930099186,0.33880116930099186,14.632464952468844,8.485604677200316,0.4200837176262231,0.4200837176262231,22.04593849182129,12.168338775634766,0.4480462339968409,0.551953766003159,0.2954840643420921,0.036213786213786216,0.48426573426573427,0.0,719177.1914514565,2845360.279958634,1250616.1463322972,6847647.309800914
2,Ridge,train,case_74,400360,2.0146901984436143,2.907131006861949,-0.06444928917309922,0.5700560346220763,5.754018833671879,-5.113403643591323,5.210357342896367,5.780413377518443,9.183551406860351,7.801588511466979,0.15048240426476084,0.15048240426476084,13.751770725250228,10.535842056274408,0.2338556054509339,0.2338556054509339,29.059873580932617,14.265478134155273,0.5091004751130286,0.49089952488697136,0.23064242182036168,0.3036963036963037,0.6491008991008991,0.0,806601.3678488855,3383606.784272048,2086018.6658019896,14047641.96894774
2,Ridge,train,case_75,400360,2.056738286867484,2.9471506278998043,0.07498890073457365,0.18234527486734625,7.0820244615348855,-6.307141371082505,5.667589229630241,5.849934504497586,9.665987253189082,7.847815680503845,0.18809993486028762,0.18809993486028762,15.416833810806175,9.963150634765622,0.35374858696458694,0.35374858696458694,35.16933822631836,14.227185249328613,0.5954662223731595,0.4045337776268405,0.23703666699970027,0.3484015984015984,0.5931568431568431,0.0,823435.740530266,3477405.5802685553,2269076.023974763,16619503.110003779
2,Ridge,train,case_77,400360,2.4214817273971896,3.104138548763353,-0.8307540789471943,2.108988152943448,3.487206800612768,-2.3442250214229037,4.216345334965462,6.325333487908911,7.30365433692932,8.34941120147705,0.14318268859741773,0.0,11.748572282791129,10.816509799957258,0.07933410634065904,0.07933410634065904,23.54745101928711,15.075394630432129,0.3597865595692603,0.6402134404307397,0.2714057348386452,0.34065934065934067,0.5874125874125874,0.0,969464.4243807389,3857739.295374233,1688056.0183067725,9224613.080135196
2,Ridge,train,case_78,400360,2.711156574632286,3.119417226108358,-2.08996146702982,2.5702683446899632,2.2456651117169857,-0.7456231869973793,3.235144727900909,5.805413072590872,5.647890686988831,7.939999389648436,0.40583446629730047,0.0,8.848848810195921,9.631956758499118,0.08849828549459174,0.0,20.279897689819336,13.82425308227539,0.31832727690656587,0.6816727230934341,0.22035168348486361,0.3499000999000999,0.5661838161838162,0.0008891997202517734,1085438.646219782,3895808.6071956204,1295222.5432624079,5451027.589212791
2,Ridge,train,case_79,400360,2.111398617578257,3.0664962279730865,0.05275230431335942,0.5621798836260737,6.969991143028215,-6.145712920032737,5.793376880167527,6.355556763793601,10.056427860260005,8.325011253356932,0.1721701414221956,0.1721701414221956,15.850202865600538,10.4831023979187,0.33861399208523557,0.33861399208523557,36.246280670166016,14.666935920715332,0.595353353515591,0.4046466464844089,0.2497752023179139,0.33116883116883117,0.5889110889110889,0.0,845319.550533631,3764744.8701510895,2319436.367743871,17411772.858387887
2,Ridge,train,case_82,400360,1.971908352250236,2.9062053262824983,0.07349018114661565,0.33676369339471335,6.9415914880400935,-6.094147648877085,5.501570875476665,5.838334568871379,9.606270885467529,7.847961616516113,0.18303765216650364,0.18303765216650364,15.515425043106074,10.1153828334808,0.34804345962952915,0.34804345962952915,34.473167419433594,14.438227653503418,0.5811749040105859,0.4188250959894141,0.26636027575182336,0.3538961038961039,0.5714285714285714,0.0,789473.2279069045,3381452.32998857,2202608.9157058373,15767476.08115845
2,Ridge,train,case_83,400360,2.0759727582399217,3.0486816159489925,0.08594329001138035,0.5436511258050736,7.183206497373483,-6.344335934191344,5.771707437600671,6.315358563405744,10.300168991088865,8.324385070800782,0.19182053440069016,0.19182053440069016,16.17190748214708,10.467608680725089,0.3527288792444077,0.3527288792444077,37.063751220703125,14.931734085083008,0.5971337602562361,0.4028662397437639,0.26636027575182336,0.36688311688311687,0.5901598401598401,0.0,831136.453488935,3721129.843624497,2310760.7897178046,17408040.681773167
2,Ridge,train,case_85,400360,2.09963209924099,3.043938737410115,0.04504476181596917,0.47696464537752853,6.923764752519476,-6.110940336168723,5.742957919701812,6.21992256507934,9.90499882698059,8.215067148208618,0.1706140210909167,0.1706140210909167,15.767036905288688,10.395326471328728,0.3406924500923914,0.3406924500923914,34.80757522583008,14.57080364227295,0.5813898685059735,0.41861013149402654,0.24258167649115797,0.31718281718281716,0.5784215784215784,0.0,840608.7072521227,3709560.817535712,2299250.6327318177,17089038.579897046
2,Ridge,train,case_86,400360,2.4772214659867835,3.233548836357232,-0.8180624748931873,2.15128702746428,3.613421848927318,-2.376361583350886,4.475714650114444,6.627001677578724,7.60098669528961,8.67504596710205,0.14130524297300032,0.0,12.306284666061373,11.346024303436256,0.07803007883226942,0.07803007883226942,24.116090774536133,15.312355041503906,0.3650565017083107,0.6349434982916893,0.2756519132780498,0.3196803196803197,0.5811688311688312,0.0,991780.3861224686,4186099.3325506416,1791897.1173198188,10322525.946124662
2,Ridge,train,case_87,400360,2.406514473339633,3.211144085002897,-0.01995931893045033,1.140135514198964,7.165305840936636,-6.578724545595922,5.09026258343684,6.230398097635804,10.772640562057495,8.231173801422118,0.23591864464379522,0.23591864464379522,15.996327209472646,10.240207166671752,0.35984010375783365,0.35984010375783365,34.780033111572266,14.232767105102539,0.5907776436139472,0.4092223563860527,0.22604655809771207,0.24175824175824176,0.4787712287712288,0.0,963472.1345462555,4128290.6545401113,2037937.5279047734,14421142.352911664
2,Ridge,train,case_89,400360,1.9860314443657556,2.904933452531185,0.008338436703495655,0.663579430175948,6.3519110386336495,-5.544599626290356,5.266890383352188,5.930469813528136,9.501103210449216,7.9182697296142575,0.16659470440171353,0.16659470440171353,14.831547985076902,10.405483150482164,0.2984223116189978,0.2984223116189978,30.670499801635742,14.503825187683105,0.5271082870677714,0.47289171293222865,0.26561095014486963,0.32992007992007993,0.5979020979020979,0.0,795127.549066274,3378493.2552648094,2108652.233878882,14512941.660125623
2,Ridge,train,case_91,400360,2.3997645956495535,3.377213367574337,0.01218070807217897,1.1123064871135526,7.116028787139659,-6.219419537587222,6.227670659174811,7.339977146288365,10.791361618041991,9.32754316329956,0.1356472432816157,0.1356472432816157,16.847370262145986,11.244730749130248,0.33255276199420836,0.33255276199420836,35.742393493652344,15.561655044555664,0.5646163134732617,0.43538368652673837,0.22919372564691778,0.37212787212787213,0.6156343656343657,0.0,960769.7535142552,4566334.057295962,2493310.2251072275,20150156.032166723
2,Ridge,train,case_92,400360,2.873401458466992,3.5919558130884726,-0.6894945260720284,2.470603908972661,4.285891309894733,-3.188410410789096,5.1309906232953235,7.601594532267985,8.626925182342527,9.598586511611938,0.11263124563293932,0.0,13.86244007110595,11.529792299270623,0.16827108069504737,0.16827108069504737,26.93845558166504,15.864184379577637,0.4110952526033013,0.5889047473966986,0.23129183734638825,0.37337662337662336,0.6068931068931069,0.0,1150395.0079118449,5165503.398034774,2054243.4059425157,13597729.007015591
2,Ridge,train,case_93,400360,2.043488091366059,2.950470347120781,-0.013832402773133134,0.6135759719131161,6.1194957145172015,-5.315667815720098,5.478692639531607,6.092268611444723,9.250488615036007,8.087273931503296,0.12574629643260024,0.12574629643260024,14.655003519058223,10.411005992889399,0.2895937568796679,0.2895937568796679,30.175100326538086,14.319109916687012,0.525466037834718,0.474533962165282,0.24308122689579378,0.3101898101898102,0.5981518481518482,0.0,818130.8922593154,3485244.006792535,2193449.385162874,15454927.461751582
2,Ridge,train,case_95,400360,2.609230918710006,3.353158573962516,-0.08225182179534851,1.4391598245912467,7.245950014880691,-6.617541277524129,4.895934174812619,6.335093999403866,10.778055810928343,8.35693941116333,0.22463387110225738,0.22463387110225738,16.617831211090085,10.429314289093018,0.3724022011889912,0.3724022011889912,34.6576042175293,14.643275260925293,0.577487377113074,0.42251262288692604,0.24343091217903887,0.20929070929070928,0.44280719280719283,0.0,1044631.6906147379,4501516.690927302,1960136.20622798,13756096.419497095
2,Ridge,train,case_96,400360,2.3065266301543987,3.060055900143175,-0.6039759797574535,1.864910230767843,3.8143206526541142,-2.8219954352931955,4.446458726790373,6.311368957558216,7.780730009078979,8.37035255432129,0.07577984900572408,0.0,12.240180082321166,11.01866154670713,0.09979579772509309,0.09979579772509309,24.3714542388916,14.858628273010254,0.3903265628975444,0.6096734371024556,0.2596663003297033,0.32042957042957043,0.6088911088911089,0.0,923441.0016486151,3748947.8639607434,1780184.2158577936,10252799.934972897
2,Ridge,train,case_97,400360,2.0809310507302605,3.019564167998541,0.04965809119673581,0.5881855475684498,6.871086198553664,-6.034964542227414,5.692470121784694,6.280655669353144,9.87625789642334,8.250982475280761,0.16456389031023258,0.16456389031023258,15.68950984954829,10.378384466171248,0.33851442360577966,0.33851442360577966,35.222373962402344,14.540959358215332,0.587166970240652,0.41283302975934805,0.24922569687281446,0.33016983016983015,0.5754245754245755,0.0,833121.5554703671,3650389.5022595664,2279037.33795772,16814484.77921046
2,Ridge,train,case_98,400360,2.3233619522986824,3.2949963037369816,0.035897342037474744,0.898699589748496,7.058448288453127,-6.178922629854231,6.260926460286945,7.159626050035441,10.456711626052856,9.123661422729493,0.12748273558602058,0.12748273558602058,16.65958471298217,10.996373195648191,0.33993713618328414,0.33993713618328414,34.968265533447266,15.091959953308105,0.5684098217890563,0.4315901782109437,0.21250874213208112,0.34065934065934067,0.6046453546453546,0.0,930181.1912223004,4346708.776887139,2506624.5176404812,20202345.646022253
2,Ridge,train,case_99,400360,3.2628785841442434,3.7176380551116948,-2.9293105507441446,3.165365798113867,2.189305132510635,-0.22519452882248964,3.476781438713956,6.642147236827823,5.963100194931029,8.637032175064087,0.44841305574674906,0.0,9.452709732055656,11.081307182312006,0.1722889516784288,0.0,19.247943878173828,15.017086029052734,0.21980830139050164,0.7801916986094983,0.25726845838745127,0.3241758241758242,0.5944055944055944,0.0,1306326.0699479892,5533308.583301039,1391964.2168035195,6247768.959238368
2,Ridge,train,case_101,400360,2.1122785782472815,3.076807850398987,0.09646831853220461,0.38730443291039457,7.321933560591889,-6.505918794643487,5.892952550035133,6.280256982945529,10.397786188125611,8.301449251174926,0.2016137761463806,0.2016137761463806,16.382473373413045,10.452677822113015,0.36195972464838166,0.36195972464838166,37.050594329833984,14.982641220092773,0.5956167103093294,0.4043832896906706,0.2618643221101009,0.36863136863136864,0.5894105894105894,0.0,845671.8515870816,3790106.6480681133,2359302.482932066,18098026.538970944
2,Ridge,train,case_102,400360,1.9371614684848206,2.730220211101933,-0.08624519958713828,-0.9843216044350152,7.548045047781186,-7.0757907469654455,3.561208677776423,2.576887073341408,8.40616006851196,5.056731247901916,0.39844932684025763,0.39844932684025763,14.098538675308209,7.972428655624387,0.43452092169048145,0.43452092169048145,24.8814754486084,11.66202163696289,0.5312970221138901,0.46870297788611,0.3349485463083225,0.051698301698301696,0.6615884115884116,0.0006594065341192926,775561.9655225828,2984324.437308193,1425765.5062345688,7824824.903724942
2,Ridge,train,case_104,400360,2.0472639677995828,2.960840022299543,0.022702079124687358,0.45597707145874106,6.535569810102798,-5.734834199245189,5.5717848155386465,6.027761886997387,9.49413046836853,8.001289796829223,0.15723827226863848,0.15723827226863848,15.03142244338985,10.265224542617792,0.31708229335727434,0.31708229335727434,32.318115234375,14.18735122680664,0.5610093248347497,0.43899067516525025,0.24697772005195323,0.3096903096903097,0.5929070929070929,0.0,819642.602148241,3509785.421569857,2230719.7687490527,16020406.29126272
2,Ridge,train,case_106,400360,1.2043976169161665,1.83491612588673,-0.46734334541295053,0.6053564785943341,2.5727694017977294,-1.4358072945711697,2.8088639096034482,3.414220388197782,5.13510546684265,5.982438921928404,0.16500799458881257,0.0,7.404705095291117,8.167132215499871,0.10296522419152182,0.0,16.977144241333008,11.892044067382812,0.2995262396115994,0.7004737603884006,0.3179638325507044,0.2934565434565435,0.5452047952047953,0.0022229993006294335,482192.62990855647,1347978.9658037205,1124556.7548488365,4077379.610060282
2,Ridge,train,case_107,400360,2.0881544353685166,3.000184837060515,0.06298905939329935,0.5154649389463548,6.589848017388264,-5.8165802491010155,5.773947810975519,6.289412749921874,9.823783111572263,8.28409547805786,0.1567306215973635,0.1567306215973635,15.309831600189176,10.398397245407104,0.320802637353724,0.320802637353724,35.135074615478516,14.62784481048584,0.5836683151928859,0.4163316848071142,0.25167349385553,0.33816183816183815,0.6208791208791209,0.0,836013.5097441393,3603684.0218714816,2311657.745602159,17193327.08709395
2,Ridge,train,case_109,400360,1.866419890690127,2.7716330064481647,0.059335021063380955,0.12353843725029996,6.7217752813869565,-5.867245383083505,5.195676734823355,5.319215172073655,9.180979347229002,7.426669430732726,0.1910809130646569,0.1910809130646569,14.838084297180142,9.810728836059564,0.3388143213390415,0.3388143213390415,33.0452880859375,14.26572036743164,0.5682978968035551,0.43170210319644486,0.26755919672294937,0.35914085914085914,0.5701798201798202,0.0,747239.8674366992,3075545.3108012322,2080141.1375538784,14077284.672122162
2,Ridge,train,case_110,400360,1.7777853773099082,2.500089453402574,-0.3631766541036485,1.2880598545754982,3.7897303728903964,-2.746614403664643,3.929007749751944,5.217067604327442,6.862423944473265,7.443908166885375,0.08473452341579915,0.0,10.958230762481676,9.512155141830439,0.13196250854674912,0.13196250854674912,24.01297378540039,13.905431747436523,0.42092004631717606,0.579079953682824,0.2569187731042062,0.3546453546453546,0.5691808191808192,0.000269757218503347,711754.1536597948,2502429.0710249185,1573017.5426906883,8016131.630889808
2,Ridge,train,case_111,400360,1.2968645567864034,1.9684277721226895,0.19785149550948666,-0.34562440351339263,5.729921830818286,-4.551125878422562,1.8535673291566421,1.507942925643249,5.327201390266418,4.534729480743408,0.1487595177030425,0.1487595177030425,13.019953222274761,7.535235910415643,0.4212547632257057,0.4212547632257057,22.531204223632812,10.416733741760254,0.5376752330514931,0.4623247669485069,0.5246278349485463,0.21328671328671328,0.9837662337662337,0.1242207013687681,519212.69395500445,1551278.052467421,742094.2159011533,3309425.40804822
2,Ridge,train,case_115,400360,2.1156340206736846,3.0521324087256145,0.11607152627426631,0.31502882642614966,7.408262492282254,-6.587119717747553,5.918926264383106,6.233955090809254,10.394952774047848,8.24563865661621,0.2067651642244724,0.2067651642244724,16.448994159698447,10.250333948135376,0.3768412920195668,0.3768412920195668,35.972679138183594,14.429484367370605,0.5988765720801076,0.4011234279198925,0.2653611749425517,0.3508991008991009,0.5754245754245755,0.0,847015.2365169164,3729558.4805638306,2369701.3192084203,18245386.326437797
2,Ridge,train,case_116,400360,2.0499429268156755,2.979903252615479,0.03190330135991393,0.8188364240945831,6.41579977279549,-5.561132960915506,5.529623456611647,6.34845988070623,9.626658058166502,8.344230270385742,0.13321630206786547,0.13321630206786547,15.341071567535392,10.54528121948239,0.312611171060684,0.312611171060684,35.28178024291992,15.19221305847168,0.5694034441042601,0.4305965558957399,0.2787491257867919,0.38786213786213786,0.6091408591408591,0.0,820715.1501799239,3555126.0944015053,2213840.047089039,15913985.93365754
2,Ridge,train,case_117,400360,1.866273544197134,2.7352366323602286,0.005870671311551612,0.22204839854836017,6.0402609946234085,-5.27968182967776,5.137139844130944,5.359188242679305,8.875784015655517,7.424876070022582,0.16346814468150161,0.16346814468150161,13.745235443115213,9.853502702713,0.2831332177981371,0.2831332177981371,30.055034637451172,13.648765563964844,0.5458742360936326,0.45412576390636733,0.24428014786691976,0.3011988011988012,0.5989010989010989,0.0,747181.2761547646,2995301.1209987313,2056705.307996265,13578572.17672394
2,Ridge,train,case_118,400360,2.0543971518753477,2.955922945557712,0.006016231708809494,0.11986059165091587,7.850277106516003,-7.322511346240848,4.115224517896751,4.235085109547667,9.728425073623656,6.446252346038817,0.33737965834610595,0.33737965834610595,15.380120143890334,9.36412089347839,0.39115424288813283,0.39115424288813283,27.368141174316406,13.18027400970459,0.518408140116085,0.48159185988391495,0.23383954441003096,0.07667332667332667,0.2977022977022977,0.0,822498.4437248141,3498137.676995459,1647571.287985143,10299436.424713062
2,Ridge,train,case_119,400360,1.9979139638995314,2.781090746216213,-0.21722476438876948,1.3844407507515397,4.673792090208528,-3.7848011602804204,4.592839510915934,5.977280261667474,8.03566355705261,8.10875153541565,0.00909545028162521,0.0,12.864710826873766,10.06064005851743,0.21796609392095828,0.21796609392095828,27.997272491455078,14.4771089553833,0.48291002418889933,0.5170899758111007,0.24487960835248276,0.3623876123876124,0.563936063936064,3.24707763013288e-05,799884.8345868164,3096570.70314171,1838789.2265903032,10989223.476553407
2,Ridge,train,case_120,400360,2.111617342914995,3.0587003912071298,0.09523665572484596,0.38658724513097187,7.227049985682296,-6.406288936345629,5.849380987685487,6.235968232816458,10.294800615310661,8.2563392162323,0.19800882748974422,0.19800882748974422,16.261321811676016,10.412983217239344,0.35964718380011557,0.35964718380011557,36.66416549682617,14.961270332336426,0.5919375191116365,0.4080624808883635,0.2729043860525527,0.3678821178821179,0.593906093906094,0.0,845407.1194094473,3745627.2665782007,2341858.1722297617,17838317.90270544
2,Ridge,train,case_121,400360,2.123090052140922,2.8946882736830375,-0.31096328959526165,1.5345014811748696,4.702938827343251,-3.775070865607569,4.536640064733341,6.07114154590821,7.992828512191771,8.123915863037109,0.016400620962327042,0.0,12.891168012618962,10.024498691558831,0.2223746768527098,0.2223746768527098,27.960119247436523,14.244466781616211,0.49054341808924184,0.5094565819107582,0.23448895993605756,0.3259240759240759,0.5442057942057942,2.4977520231791387e-06,850000.3332751397,3354704.5999918813,1816289.2163166404,10798811.938567609
2,Ridge,train,case_122,400360,2.650017220927474,3.079126007962948,-1.8736528214077492,2.4945903800483022,2.3662349025643645,-0.9065206034198509,3.1949199588273136,5.689510338875616,5.731524729728698,7.817850112915039,0.36400879025520616,0.0,9.12270348548888,9.643834457397459,0.05712462021126962,0.0,22.65458106994629,14.679740905761719,0.3520188759863692,0.6479811240136308,0.25307223498851034,0.34440559440559443,0.5841658341658341,0.00038964931561594565,1060960.8945705236,3795819.955275785,1279118.1547161033,5407584.278401689
2,Ridge,train,case_125,400360,2.1335718389728258,2.8993074956804934,-0.4208494967177725,1.6004408560583177,4.374660459024108,-3.3933087339386,4.388985807024614,5.989426663082932,7.719360971450801,8.080169439315794,0.046740717165501586,0.0,12.352934799194323,10.316336498260497,0.16486756661798743,0.16486756661798743,25.916418075561523,14.318384170532227,0.44751685480664194,0.5524831451933581,0.24258167649115797,0.3091908091908092,0.5464535464535465,0.0,854196.8214511606,3365419.7360272612,1757174.3577003744,10080810.232415516
2,Ridge,train,case_127,400360,2.129839151117688,2.85363009542407,-0.32779630701734397,1.5835890542004813,4.569212182133629,-3.64249383679088,4.408906901601324,5.992495955801806,7.859949254989618,8.056107568740845,0.024956689590165348,0.0,12.608463897705061,9.92659593582153,0.21270378244662094,0.21270378244662094,28.440195083618164,14.136527061462402,0.502938463681454,0.49706153631854594,0.2323408931961235,0.3254245754245754,0.5412087912087912,0.000179838145668898,852702.4025414776,3260213.4423037376,1765149.9671251061,10237738.484780371
2,Ridge,train,case_128,400360,2.6921963417002925,3.1144573568936695,-2.0783978306550694,2.5575239439484965,2.2551851502202003,-0.6705340749794149,3.1501356945595393,5.707659638508036,5.586181855201721,7.860345864295959,0.4071052586618873,0.0,8.927573862075796,9.625464267730713,0.07817245944270987,0.0,21.58715057373047,14.574673652648926,0.3248449533499371,0.6751550466500629,0.247127585173344,0.3324175824175824,0.5774225774225774,0.0005994604855629933,1077847.7273631291,3883429.7952296888,1261188.3266738572,5234424.413455113
2,Ridge,train,case_129,400360,1.9287191968533028,2.6685443739815127,-0.11064326543239922,1.073038425696442,5.0049298824023,-4.283845509571895,4.307862306820347,5.38090073251679,8.360485506057739,7.5000589132308955,0.10291586442000356,0.10291586442000356,12.449416322708034,9.588677768707274,0.22978897000839338,0.22978897000839338,27.233789443969727,13.8363618850708,0.49194136520966114,0.5080586347903389,0.23773603756619044,0.3181818181818182,0.5781718281718282,0.0,772182.0176521883,2851015.23683068,1724695.7531585942,9996746.400499811
2,Ridge,train,case_130,400360,2.329067402090627,3.0599510261727314,-0.567734179781987,1.8873924088776077,4.1924940013382965,-3.1411006607272336,4.393115192012862,6.280507600890469,7.741332387924194,8.3264639377594,0.0755853799467337,0.0,12.371518497466973,10.568048667907696,0.1457759473849981,0.1457759473849981,25.519859313964844,14.574807167053223,0.4288837180588346,0.5711162819411655,0.244729743231092,0.2887112887112887,0.5162337662337663,0.0,932465.4251010034,3748690.9011319485,1758827.5982742696,10117884.357995834
2,Ridge,train,case_136,400360,2.738478910504181,3.1887487268121237,-1.8491808269097554,2.5729243554429924,2.548846753559756,-1.050684696049442,3.3661358935285524,5.939060248971545,5.935817217826843,7.994017577171325,0.3467425434130885,0.0,9.499952650070178,9.927073020935048,0.04496026312949199,0.0,21.323503494262695,14.262804985046387,0.3311228153064088,0.6688771846935913,0.24428014786691976,0.31518481518481517,0.5354645354645354,0.0,1096377.416609454,4070907.8997377646,1347666.1663330912,5965226.870345799
2,Ridge,train,case_137,400360,2.752864121282791,3.1465170610345354,-2.320651100234779,2.625297845700258,2.212503944417362,-0.596636812257438,3.0236621260769616,5.64895997177722,5.4260913848876955,7.782009625434876,0.4341832957529412,0.0,8.722746763229296,9.61533957481383,0.10232932765482275,0.0,21.634017944335938,14.572747230529785,0.32639663755363035,0.6736033624463696,0.24248176641023078,0.3371628371628372,0.567932067932068,0.0008242581676491157,1102136.6795967782,3963792.0512141017,1210553.3687961723,4853983.543434064
2,Ridge,train,case_139,400360,2.007797787963818,2.8242972499081187,-0.1617247456874069,1.2283421736987719,5.168792844517642,-4.268865065970541,4.656545949523149,5.884888123221921,8.312557744979857,7.954347515106201,0.04309266063023598,0.04309266063023598,13.217778148651119,10.017724084854123,0.24210226770401372,0.24210226770401372,29.612136840820312,14.416508674621582,0.5131554081315594,0.4868445918684407,0.24348086721950246,0.30394605394605395,0.5274725274725275,0.0,803841.9223891941,3193533.578119526,1864294.736351088,11430133.00250851
2,Ridge,train,case_141,400360,1.5680191227099136,2.2821474407451476,-0.06118855653007782,0.10102855167935484,4.87267743712126,-4.146300887237337,4.012784792653495,4.11381334433285,7.26107919216156,6.352785348892211,0.1250907501807535,0.1250907501807535,11.077090291976921,8.617556533813465,0.22203789021606907,0.22203789021606907,25.202781677246094,12.633625030517578,0.4987210065814428,0.5012789934185572,0.2392846438205615,0.30994005994005996,0.5701798201798202,0.0003471875312219003,627772.135968141,2085153.7274187186,1606558.519586753,8411696.52556561
2,Ridge,train,case_142,400360,1.6750606472741505,2.482963411213409,-0.057355028234811645,0.5833192993018814,5.142616464379805,-4.317621842239605,4.321270355732036,4.904589655033917,7.779161429405209,7.052850675582885,0.093366201539008,0.093366201539008,12.231397266387924,9.2399690246582,0.24456962492341067,0.24456962492341067,27.647048950195312,13.362405776977539,0.5166787673776972,0.48332123262230275,0.24023378958936956,0.3131868131868132,0.5516983016983017,4.995504046358277e-05,670627.2807426789,2468262.3591983244,1730063.799620878,9810447.668562127
2,Ridge,train,case_144,400360,2.3507546562028687,3.2335281639979345,-0.12596626423295976,1.456950293618965,5.803328205952304,-4.85203504451613,5.492587406903478,6.949537700522445,9.57113671302795,9.016815376281738,0.05791593552223395,0.05791593552223395,15.136413698196405,10.995828666686998,0.2735512595036156,0.2735512595036156,31.827865600585938,15.002652168273926,0.5286315345004556,0.4713684654995443,0.24203217104605854,0.31693306693306694,0.5861638361638362,0.0,941148.1341573806,4186045.8085265937,2199012.2942278767,15796003.67292771
2,Ridge,train,case_145,400360,1.9915893931766038,2.7610111538164026,-0.40405743162470475,1.4530009439197937,3.950921205890774,-3.1082281053977385,4.284758478472041,5.737759422391835,7.399078512191771,7.798943948745728,0.05404259947979761,0.0,11.438420429229723,10.023634204864488,0.12368720253977486,0.12368720253977486,25.100421905517578,14.0177640914917,0.44153273023628686,0.5584672697637131,0.20896193425916676,0.3221778221778222,0.6066433566433567,0.0,797352.7294521851,3052017.3823323725,1715445.904441066,9523984.02051085
2,Ridge,train,case_146,400360,1.954215523834097,2.7236590733676476,-0.27758477263721315,1.3578386594949654,4.472653878360133,-3.6108486594252445,4.320783606981047,5.678622266476013,7.589036440849302,7.793705368041992,0.026969026804381076,0.0,12.167704410552965,9.880494031906093,0.1879738610894583,0.1879738610894583,28.361948013305664,14.252187728881836,0.49748911033206905,0.502510889667931,0.22889399540413627,0.3429070929070929,0.5704295704295704,0.0002947347387351384,782389.727122219,2969998.0939244227,1729868.9248909322,9799086.767015075
2,Ridge,train,case_147,400360,1.961131284748304,2.8111624550382137,-0.13150324975159844,1.0278953011809322,5.257087168536202,-4.44868520496251,4.797992291013543,5.8258875921944755,8.369614458084104,7.929624795913696,0.05256988411759249,0.05256988411759249,13.121011762619016,9.9067364501953,0.24497160513040583,0.24497160513040583,29.499116897583008,13.898553848266602,0.5288484771757567,0.4711515228242433,0.21305824757718053,0.288961038961039,0.541958041958042,0.0,785158.521161831,3163898.6878120927,1920924.1936301822,12012770.016969586
2,Ridge,train,case_148,400360,1.690847809239078,2.426957958004163,-0.13856446433419656,0.9398734890691209,4.445115824911803,-3.563865852541756,4.050931678325365,4.990805167394485,7.333276700973511,7.142836713790893,0.025969289711560525,0.025969289711560525,11.485404291152937,9.211719255447386,0.1979629952997773,0.1979629952997773,26.239187240600586,13.59272575378418,0.4819684912819328,0.5180315087180671,0.2508742132081127,0.3159340659340659,0.5541958041958042,0.00013737636127485262,676947.8289069573,2358170.4169426654,1621831.0067343432,8641105.258012155
2,Ridge,train,case_150,400360,1.8580219336623942,2.522695518730098,-0.2861037907001076,1.235372720073858,4.008041965263182,-3.3075117684110964,3.788771955886119,5.0241446759599775,7.405756855010986,7.152490425109862,0.03419858832250953,0.03419858832250953,10.835816211700429,9.350519161224364,0.13707292754488148,0.13707292754488148,22.92385482788086,13.475229263305664,0.4121743762346383,0.5878256237653617,0.2357378359476471,0.31193806193806195,0.5689310689310689,0.0,743877.6613610762,2547888.109453247,1516872.7402585666,7728175.482668079
2,Ridge,train,case_153,400360,1.7313921514475292,2.511643283074748,-0.014047998716537169,0.09811749001325065,5.683673696037395,-4.914502205661941,4.478284567221076,4.576402057234326,8.088743019104003,6.808870315551756,0.15822887444061975,0.15822887444061975,12.596611623764018,9.07035917282104,0.27993658582682335,0.27993658582682335,28.401994705200195,13.306661605834961,0.531488483680387,0.4685115163196129,0.24083325007493256,0.3011988011988012,0.5409590409590409,2.4977520231791387e-06,693180.1617535328,2525611.7992791086,1792926.0093326299,10519856.4009851
2,Ridge,train,case_154,400360,1.7798258828287092,2.4230249390503484,-0.32232625449725716,1.2287106047590368,3.819720123951523,-2.995421733552729,3.5978396622740405,4.8265502670330775,6.938599348068237,6.963234901428221,0.0035505081247906778,0.0,10.474741182327266,9.117796669006331,0.1295444431228849,0.1295444431228849,24.134431838989258,13.64926528930664,0.43444845188954456,0.5655515481104554,0.2485762813467879,0.31843156843156845,0.5541958041958042,0.00021730442601658508,712571.090449302,2350533.520051872,1440431.0871880348,6960014.663848389
2,Ridge,train,case_155,400360,1.9838990143017117,2.748949292580979,-0.30936117188713763,1.3852197927868108,4.337261960269054,-3.517487745838144,4.394123516012045,5.779343308798857,7.589083981513977,7.827730202674866,0.031445985015082195,0.0,11.835097093582132,9.832666206359853,0.1691942931594659,0.1691942931594659,28.122840881347656,13.907231330871582,0.5054827003592127,0.49451729964078733,0.2123089219702268,0.3211788211788212,0.5841658341658341,0.0,794273.8093658333,3025409.3052693317,1759231.2908705822,10040879.112956177
2,Ridge,train,case_158,400360,2.0942526526032204,2.959844516896211,-0.03215199099684973,0.936040872016083,5.931422275478256,-5.050256636381173,5.309165940253087,6.245206812269169,9.031450700759887,8.336094617843628,0.07699273416371008,0.07699273416371008,14.374462537765476,10.237001495361296,0.2878341386005902,0.2878341386005902,33.08441925048828,14.106036186218262,0.5736350673282538,0.42636493267174624,0.2186532121091018,0.296953046953047,0.560939060939061,0.0,838454.9919962253,3507425.670323338,2125577.675839726,14683212.409436893
2,Ridge,train,case_159,400360,1.6519307530100282,2.4582256296087173,-0.03033501146108364,0.46098333802522135,5.350295040286175,-4.518772611335532,4.308228827876949,4.769212165902171,7.735206508636474,6.952322340011595,0.10121050650047632,0.10121050650047632,12.345149745941162,9.223242521286002,0.25288532653737805,0.25288532653737805,27.970979690551758,13.427562713623047,0.5199466424782144,0.4800533575217856,0.24048356479168748,0.29295704295704295,0.516983016983017,0.0,661366.9962750949,2419324.732794653,1724842.4935288155,9779111.391040415
2,Ridge,train,case_163,400360,1.8383052363019534,2.6641710434214154,0.05843378984172232,0.2812425903591084,6.110876551011134,-5.493891949169595,4.8691821289669655,5.1504247193260735,9.154281949996946,7.224221992492676,0.2108368485968377,0.2108368485968377,13.400103712081906,9.419877223968497,0.297029528549449,0.297029528549449,30.699800491333008,13.511310577392578,0.5598893034758642,0.44011069652413587,0.2236487161554601,0.32317682317682317,0.6093906093906094,0.0,735983.8844058501,2841678.150087559,1949425.7571532144,12510142.33051967
2,Ridge,train,case_166,400360,1.8570348648204713,2.683358308359198,-0.07165428020202214,0.5925108220798301,5.4400067924274875,-4.6859673751032975,4.752669265709314,5.345180087789144,8.191421604156492,7.4656307935714725,0.08860376692328212,0.08860376692328212,12.85470631599426,9.615269937515226,0.2520039197199253,0.2520039197199253,28.598407745361328,13.42622184753418,0.5305255464891426,0.46947445351085737,0.20631431711459686,0.27822177822177824,0.5342157842157842,0.0,743482.4784795239,2882756.8726681094,1902778.6672193808,11733284.091455607
2,Ridge,train,case_169,400360,1.7588968526027724,2.571931904221436,-0.03400637981799348,0.692904020994421,5.3628264226609,-4.49915434143643,4.506858299532411,5.199762320526831,8.090929222106933,7.316475224494934,0.09571879525233636,0.09571879525233636,12.841711378097514,9.458299245834338,0.2634705011384881,0.2634705011384881,28.405933380126953,13.681041717529297,0.5183738011896952,0.4816261988103048,0.25237286442202017,0.3116883116883117,0.5414585414585414,0.0,704191.943908046,2648314.8281200235,1804365.7888007958,10693238.037052538
2,Ridge,train,case_170,400360,1.507990675019316,2.151606794015967,-0.12911631805421475,-0.09347100710205648,4.497083941647126,-3.875144631132068,3.5917996307210354,3.4983286236189786,6.727396512031555,5.8173396348953235,0.13527623583783827,0.13527623583783827,9.981185073852506,8.233507862091061,0.1750971651993306,0.1750971651993306,23.188430786132812,12.233175277709961,0.47244488466957124,0.5275551153304288,0.26526126486162455,0.3141858141858142,0.5859140859140859,0.0010015985612948346,603739.1466507333,1853431.3066688466,1438012.9001554737,6806542.575703929
2,Ridge,train,case_173,400360,2.9016740001139887,3.6405663304561835,-0.052901966664077094,1.4510868429824553,9.362829083307027,-8.461459635318558,2.5970050088225753,4.04809185180503,9.599425172805786,6.289354681968688,0.3448196565159128,0.3448196565159128,17.56222873687742,8.71134760856628,0.5039725459062,0.5039725459062,26.76559829711914,12.832967758178711,0.5205424659025851,0.47945753409741493,0.2453791587571186,0.026723276723276724,0.2647352647352647,0.0,1161714.2026856365,5306260.622934802,1039736.9253322062,7739855.067462722
2,Ridge,train,case_175,400360,2.15981498810398,2.890434016849064,-0.3897483178493024,1.65533244769875,4.457768744996562,-3.525552637546805,4.382044370932325,6.037376818631076,7.760565519332886,8.087736511230467,0.04215813797107223,0.0,12.505675315856932,10.066301670074452,0.19506132889036432,0.19506132889036432,28.643783569335938,14.422343254089355,0.4964930795829318,0.5035069204170682,0.2386851833349985,0.34665334665334663,0.5536963036963037,0.00026226396243380956,864703.5286373094,3344851.181473359,1754395.284346466,10094641.527618555
2,Ridge,train,case_179,400360,1.952330408147708,2.811018947716968,-0.04307579817346441,0.9692580345935543,5.615782127904921,-4.762404950637658,4.922423795128108,5.891681829721661,8.778277397155762,8.007687139511107,0.08778376699445979,0.08778376699445979,13.768545122146582,9.971370973587032,0.2757861571337577,0.2757861571337577,31.174861907958984,14.348438262939453,0.5397433257185887,0.46025667428141126,0.23803576780897193,0.3026973026973027,0.5334665334665335,0.0,781635.0022060163,3163575.667678316,1970741.590617489,12733755.095619332
2,Ridge,train,case_181,400360,1.865839112369105,2.6443443195327436,-0.08164683700077013,0.8843689197440183,5.272982813009533,-4.557840198257584,4.400496773867756,5.284865693611774,8.348705530166626,7.347515821456909,0.11992155012439812,0.11992155012439812,12.506495037078853,9.449953908920286,0.2443963012096221,0.2443963012096221,29.049291610717773,13.666553497314453,0.5295391818686498,0.47046081813135027,0.230842241982216,0.31543456543456544,0.5879120879120879,0.0,747007.3470280948,2799540.0725749233,1761782.8883856947,10340940.005454497
2,Ridge,train,case_182,400360,2.1849131101755197,2.96627436674214,-0.39008037865028067,1.6391251519855718,4.604692322984803,-3.66638390663466,4.5172521324672905,6.156377284452862,8.005867195129394,8.22246127128601,0.02705441782601481,0.0,12.821896562576253,10.332607860565181,0.19414356447677572,0.19414356447677572,27.602649688720703,14.549898147583008,0.47288038243920666,0.5271196175607933,0.22979318613248076,0.32167832167832167,0.5526973026973027,0.0,874751.812789871,3522681.0096193585,1808527.0637546044,10703729.078933505
2,Ridge,train,case_183,400360,2.0162845030839787,2.87413353415187,-0.10226500151168993,1.1180287302003804,5.652318424610437,-4.77461411012304,4.862273831097952,5.980302561298333,8.673352289199828,8.04311671257019,0.07266343572996739,0.07266343572996739,13.893857116699213,9.979758253097533,0.28171434546403046,0.28171434546403046,30.76870346069336,14.33092975616455,0.5342368008950349,0.4657631991049651,0.24173244080327705,0.3159340659340659,0.522977022977023,0.0,807239.6636547017,3307231.2605404966,1946659.9510183763,12465589.519301178
2,Ridge,train,case_184,400360,1.9074560521712194,2.7115793920204805,-0.1778380833031692,1.1720832600255748,4.978745698258549,-4.036592778012355,4.47488648801918,5.6469697480447545,7.875815033912657,7.729537487030028,0.018573004349742673,0.018573004349742673,12.749776926040594,9.802892036437978,0.23113227052496854,0.23113227052496854,29.159093856811523,14.025712013244629,0.5189935571345526,0.48100644286544736,0.24428014786691976,0.3064435564435564,0.5197302697302697,0.0,763669.1050472694,2943712.078299786,1791565.554343359,10516302.702600041
2,Ridge,train,case_185,400360,2.1245544279678437,2.890323185847018,-0.41693999046872054,1.5712470045622673,4.359248458946796,-3.4293077038722934,4.4111433006062715,5.982390305168539,7.666236424446105,8.059329843521118,0.05127593219294875,0.0,12.235298709869317,10.154470825195308,0.17006759982047343,0.17006759982047343,25.902671813964844,14.097491264343262,0.45575146202705946,0.5442485379729405,0.22289939054850635,0.30719280719280717,0.564935064935065,0.0,850586.6107812058,3344594.6759806555,1766045.331830727,10150713.984372474
2,Ridge,train,case_186,400360,1.9744952182547757,2.6877344030101296,-0.33804057633826945,1.4185093192695883,4.09604984998555,-3.284793971194434,4.10199790038781,5.520507219657398,7.5299984931945785,7.617013311386108,0.011555755060266128,0.0,11.554426622390743,9.66454074859619,0.16356379555280035,0.16356379555280035,25.107419967651367,13.875898361206055,0.4473387397397307,0.5526612602602693,0.22859426516135478,0.33291708291708294,0.5814185814185814,4.246178439404536e-05,790508.905580482,2892167.098289292,1642275.8793992638,8898106.523626285
2,Ridge,train,case_187,400360,1.9078682528590356,2.742697635450643,-0.13319892458243676,1.0787534643231402,5.193063872097634,-4.270477225842658,4.630080605487511,5.708834069810651,8.103256320953365,7.792162084579468,0.03839126198803202,0.03839126198803202,13.128380126953111,9.886330804824816,0.2469496838739635,0.2469496838739635,29.0647029876709,14.18328857421875,0.512009856758721,0.48799014324127893,0.24612848436407234,0.3081918081918082,0.5252247752247752,0.0,763834.1337146435,3011664.188317642,1853699.07121298,11240442.060866356
2,Ridge,train,case_188,400360,2.112761392811264,2.896792574801659,-0.28028689322241895,1.4979792661778064,4.817019675548628,-3.9099902913744056,4.561877200521213,6.059856466699021,8.110652208328247,8.14749846458435,0.004542946153981104,0.0,13.086825618743863,10.113939590454084,0.2271663209168008,0.2271663209168008,28.11197280883789,14.44398307800293,0.48619816986085,0.51380183013915,0.23418922969327605,0.3359140859140859,0.5524475524475524,2.9973024278149667e-05,845865.1512259175,3359583.7951701237,1826393.1560006728,10955867.98698799
2,Ridge,train,case_191,400360,2.028022079592661,2.840627396488151,-0.20497706669897098,1.3050662121752965,5.037560450401311,-4.129208256617353,4.650895452266001,5.955961664441297,8.205350446701049,8.002506589889526,0.024720925465538873,0.024720925465538873,13.111052494049055,10.052359733581536,0.23329116879486386,0.23329116879486386,29.264482498168945,14.3495454788208,0.509660029706022,0.490339970293978,0.23893495853731642,0.31243756243756243,0.5467032967032966,0.0,811938.9197857177,3230570.5013136654,1862032.503269216,11341140.896453092
2,Ridge,train,case_192,400360,1.9987344083803342,2.7991077899898036,-0.18043315705505658,1.2626199642161429,4.979572717903318,-4.087379240456108,4.594875131585384,5.857495095801528,8.175111389160156,7.9298440456390376,0.03000171274073797,0.03000171274073797,12.946696014404287,9.965897283554076,0.23023624927424122,0.23023624927424122,29.42413902282715,14.435567855834961,0.5093971026769587,0.4906028973230413,0.24313118193625738,0.3036963036963037,0.5354645354645354,0.0,800213.3077391506,3136822.369583834,1839604.2076815246,11110100.202361241
2,Ridge,train,case_193,400360,2.181484454685986,2.887824186877279,-0.5098475071119648,1.7373291560112873,3.9952847878318574,-3.0505892096228955,4.217785242945701,5.955114398956989,7.433103251457213,8.043934679031372,0.08217717511920862,0.0,11.889664096832272,10.030925779342649,0.15633228174922462,0.15633228174922462,26.4258975982666,14.531679153442383,0.45009704592227046,0.5499029540777296,0.23413927465281248,0.34315684315684314,0.5654345654345654,0.0,873379.1162780813,3338813.643997721,1688632.499865741,9333647.424383583
2,Ridge,train,case_195,400360,2.0388524179591787,2.8952311703519187,-0.16111059153397855,1.213389174204463,5.3004153388094215,-4.38246598266581,4.837615727860749,6.051004902065211,8.506486845016479,8.12560839653015,0.04477505877875607,0.04477505877875607,13.599721879959082,10.262007932662927,0.24542516212884477,0.24542516212884477,28.627286911010742,14.55416202545166,0.4915982757746498,0.5084017242253501,0.2441802377859926,0.30294705294705293,0.5344655344655345,0.0,816274.9540541368,3355963.0627816566,1936787.8328063295,12259739.691145731
2,Ridge,train,case_196,400360,1.9881899589300904,2.8215480318631307,-0.13738181860740117,1.1845535323004297,5.168668964518545,-4.300922702940233,4.721619437764037,5.906172970064466,8.420341682434081,8.033401679992675,0.04595300488204808,0.04595300488204808,13.27775411605834,10.006647567749022,0.24635992802074758,0.24635992802074758,29.805959701538086,14.554163932800293,0.5117028916854756,0.48829710831452444,0.23973423918473374,0.32667332667332666,0.5539460539460539,0.0,795991.731957251,3187319.3264308823,1890347.5581032098,11727831.892893458
2,Ridge,train,case_197,400360,1.9054046722845932,2.6370169744645966,-0.14258608227439962,1.1750037773051158,4.7719192447994025,-3.916618406969132,4.335292672210596,5.510296449515712,7.936916875839233,7.599756908416747,0.042479967057338655,0.042479967057338655,12.379508867263791,9.513824844360347,0.2314860834650251,0.2314860834650251,27.07880973815918,13.639974594116211,0.4962860359813046,0.5037139640186954,0.2398341492656609,0.3076923076923077,0.5407092907092907,4.49595364172245e-05,762847.8145958597,2784046.7985142674,1735677.7742462344,9961289.997120844
2,Ridge,train,case_199,400360,1.8915773057962928,2.7528467116724613,-0.035131635601896916,0.7690980621722746,5.830047240192045,-5.031683598916268,4.738719716338008,5.507817778510282,8.71670413017273,7.586093926429748,0.12970615806832225,0.12970615806832225,13.672717103958115,9.674400072097757,0.2924303195524235,0.2924303195524235,29.847414016723633,14.041808128356934,0.5295469108148113,0.4704530891851887,0.23503846538115697,0.3196803196803197,0.5457042957042957,0.0,757311.8901486038,3033994.1465928215,1897193.8256330849,11921292.318331864
2,Ridge,train,case_200,400360,2.062636129914035,2.782459106177846,-0.3470522787185546,1.4998895656462072,4.327266973463549,-3.3789221222958776,4.3085884493248345,5.808478014971043,7.528428196907043,7.864496636390686,0.04463992093618063,0.0,12.027814435958856,9.801844673156713,0.18506851553573112,0.18506851553573112,27.248859405517578,14.285698890686035,0.47573222504156093,0.524267774958439,0.24048356479168748,0.3211788211788212,0.5664335664335665,0.0,825797.0009723831,3099618.6193447253,1724986.4715716909,9733294.889121156
2,Ridge,validation,case_39,400360,1.7831913006070481,2.3027692825127297,-0.3035093625891434,1.292031931024557,3.5299136628616092,-2.7372206335408857,3.087728669230164,4.379760600254722,6.646077251434326,6.800180101394652,0.023187038629000033,0.0,10.974815073013293,8.993760089874243,0.18050919035623647,0.18050919035623647,22.030895233154297,12.79153060913086,0.4193821688244024,0.5806178311755976,0.3895494055350185,0.22952047952047952,0.8036963036963037,0.0006569087820961135,713918.4691110378,2123007.536086331,1236203.0500129885,5445745.664773294
2,Ridge,validation,case_47,400360,1.922593992587373,2.8105784355375345,0.009146272217630536,0.17602844402316462,6.338933458005641,-5.534373332849332,5.241447492183958,5.417475936207122,9.033231782913207,7.466008687019347,0.17349528203829975,0.17349528203829975,14.435490150451656,10.139136924743653,0.2976243397993368,0.2976243397993368,29.597883224487305,14.088653564453125,0.5239979339874847,0.47600206601251527,0.26661005095414125,0.32142857142857145,0.5914085914085914,0.0,769729.7308722807,3162584.2233346775,2098465.917970769,14190776.00859728
2,Ridge,validation,case_63,400360,1.7502208440387905,2.4886420218691176,0.030039829798477857,0.24870261819170478,6.104959311941325,-5.567959967235047,3.589908255421658,3.838610873613363,8.285945415496824,6.132746052742005,0.259861639774719,0.259861639774719,13.304288787841797,8.716281394958488,0.3448517591617589,0.3448517591617589,25.949066162109375,12.932792663574219,0.5016085518153026,0.4983914481846974,0.29458487361374763,0.10939060939060939,0.47652347652347654,0.0010140873214107304,700718.4171193702,2479565.247285809,1437255.669140615,7715973.792316836
2,Ridge,validation,case_69,400360,2.0641528200841917,3.0444195018010163,-0.014584720950633567,0.7908159492607075,6.511487109587493,-5.663435351921255,5.590349281239787,6.3811652305004944,9.673070669174193,8.35716757774353,0.13603778328883062,0.13603778328883062,15.407477064132683,10.671051521301266,0.307410844949912,0.307410844949912,32.95534896850586,14.723311424255371,0.5532345465882984,0.44676545341170154,0.24492956339294636,0.3114385614385614,0.5774225774225774,0.0,826404.2230489069,3710732.6976156,2238152.238237161,16169443.43154454
2,Ridge,validation,case_81,400360,2.213578380754171,3.1574575510210208,0.039783557656648094,0.8899094749205744,6.9732334444324655,-6.0699571849988025,5.84957593964784,6.739485414568414,10.314814281463619,8.744182348251343,0.1522695310214942,0.1522695310214942,16.286035861968987,10.778598384857172,0.33816930797584305,0.33816930797584305,35.2658805847168,15.123112678527832,0.5711687209341443,0.4288312790658557,0.23473873513837545,0.37337662337662336,0.5861638361638362,0.0,886228.2405187399,3991404.3083470045,2341936.2231974094,17856109.41474756
2,Ridge,validation,case_105,400360,1.8224304808688416,2.560758322304112,-0.3635321459004146,1.2830128239199985,3.8496940229606533,-2.976989923758349,4.1177261345419325,5.400738958461931,6.899764347076416,7.491303443908691,0.08573323190130745,0.0,10.9968593406677,9.502177114486694,0.13591900922597908,0.13591900922597908,24.234914779663086,13.503288269042969,0.44281676284769295,0.5571832371523071,0.21795384154261166,0.3076923076923077,0.5744255744255744,0.0,729628.2673206495,2625353.968046598,1648572.835225208,8713778.17665891
2,Ridge,validation,case_133,400360,2.0842046078323726,2.8519382571095613,-0.2711572692179003,1.4532700589705296,4.790543959640344,-3.8778067473134197,4.494560615819249,5.9478306747897784,8.05308094024658,8.00559673309326,0.005896402570103447,0.005896402570103447,12.81892926216123,10.001817474365208,0.21976186389541452,0.21976186389541452,28.935829162597656,14.381525039672852,0.5029855561124768,0.49701444388752325,0.23933459886102507,0.3229270729270729,0.5484515484515484,0.0,834432.1567917687,3256348.8076021005,1799442.2881493943,10649422.287634764
2,Ridge,validation,case_143,400360,2.207775701311081,2.903805493599009,-0.3419701501752259,1.6663811355871454,4.443796860881004,-3.4737490261931416,4.474318076376679,6.140699211963825,7.921590662002563,8.198332452774046,0.03493512888755142,0.0,12.536460180282564,10.055930957794185,0.1978652017249473,0.1978652017249473,29.560705184936523,14.638510704040527,0.5047983255994858,0.49520167440051416,0.25452093116195423,0.33641358641358643,0.5746753246753247,0.0,883905.0797769043,3375870.0889463895,1791337.9850581675,10530623.36365127
2,Ridge,validation,case_151,400360,1.8574843735566797,2.5447744000094064,-0.4607260526374817,1.3816483747773947,3.5647160848535937,-2.705461388856741,3.846295328628278,5.227943703405673,6.654342794418334,7.33710789680481,0.10260443795579315,0.0,10.317672529220548,9.341548852920528,0.09460696426791532,0.09460696426791532,23.825817108154297,13.24605941772461,0.4440459541179305,0.5559540458820694,0.2033170146867819,0.28846153846153844,0.5526973026973027,2.9973024278149667e-05,743662.4437971523,2592682.014406193,1539902.7977696173,7697847.87186607
2,Ridge,validation,case_157,400360,2.340169826519104,2.987996950816109,-0.6649993810157444,1.9767627387241669,3.731521455975593,-2.727845547820724,4.141123750788858,6.117886489513025,7.273385071754455,8.211339998245238,0.1289571385589425,0.0,11.7065015220642,10.246546001434323,0.1247132217834832,0.1247132217834832,26.843324661254883,14.753921508789062,0.45036906959276257,0.5496309304072374,0.24118293535817764,0.35889110889110887,0.5691808191808192,0.0002647617144569887,936910.3917451886,3574464.4365146565,1657940.3048658273,9012562.259375302
2,Ridge,validation,case_165,400360,1.7441709153161193,2.4908075419329347,0.04290654361735802,-0.14351694443214058,6.439867077466964,-5.916458651800115,3.916683115704931,3.7731661712727904,8.25058135986328,5.966303133964537,0.27686269927730217,0.27686269927730217,13.54518896102898,8.302082099914545,0.3870825926607181,0.3870825926607181,26.689733505249023,12.287456512451172,0.539618613650278,0.46038138634972203,0.2584673793585773,0.12862137862137862,0.41683316683316685,0.0001298831052053152,698296.2676559616,2483882.3683759375,1568083.252203626,8736920.126982423
2,Ridge,validation,case_171,400360,2.2676978541856725,3.1291770116704223,-0.13475273262879317,1.3882339162606139,5.705835602735267,-4.759316055147497,5.335408860563249,6.723642776823863,9.183458948135376,8.775827646255493,0.04438755638610975,0.04438755638610975,14.578658542633027,10.563962421417228,0.275381723872292,0.275381723872292,33.82589340209961,14.679695129394531,0.5660219538064486,0.43397804619355146,0.22035168348486361,0.3094405594405594,0.5631868131868132,0.0,907895.5129017759,3920224.5377039853,2136084.2914151023,14851578.007787077
2,Ridge,validation,case_180,400360,1.8570475741829284,2.666733402003461,-0.14527095457099382,1.007734039863843,4.617445884031753,-3.8266425764230787,4.617005859716327,5.62473989958017,7.6927731275558475,7.771329307556151,0.010211685525849157,0.0,12.1202414035797,9.68335203170776,0.20105947486757217,0.20105947486757217,27.940109252929688,13.781800270080566,0.5067377816843911,0.49326221831560885,0.19907083624737737,0.3254245754245754,0.6071428571428571,0.0,743487.5667998772,2847146.943077831,1848464.4659960286,11020374.196065595
2,Ridge,validation,case_189,400360,2.0580573433775746,2.837317883243777,-0.2643006920096378,1.4320243294501158,4.768004568290263,-3.830652977062732,4.50395661685842,5.935980946308535,7.995612788200375,8.007220888137818,0.001451808666194272,0.0,12.753865308761585,10.019727869033808,0.2143771612398551,0.2143771612398551,29.364471435546875,14.668869018554688,0.500455199721476,0.49954480027852405,0.24008392446797883,0.3241758241758242,0.5334665334665335,0.0,823963.8379946458,3223047.242427386,1803204.071125437,10670825.610614894
2,Ridge,validation,case_194,400360,1.845334684404375,2.65171277174971,-0.07586220345565997,0.9042460871040149,5.263243463739995,-4.433544165069305,4.4735464772618485,5.377792564365864,8.246804285049436,7.490817666053772,0.09167025102877555,0.09167025102877555,12.928755416870114,9.642161731719957,0.2542080485846022,0.2542080485846022,28.35040283203125,13.998392105102539,0.5062365713799777,0.49376342862002226,0.24383055250274752,0.31493506493506496,0.5444555444555444,0.0,738798.1942481356,2815163.618568802,1791029.0676365537,10628909.940717285
2,Ridge,internal_test,case_12,400360,2.0601495363104103,3.0367715339508057,0.06528970102761178,0.6031320067094872,7.1435923962750865,-6.280869889002078,5.6733454984825915,6.276477505192079,10.082114791870117,8.251491260528564,0.1815713834976078,0.1815713834976078,16.142577419280983,10.532275924682608,0.34754682284486554,0.34754682284486554,36.23194885253906,14.973557472229004,0.5867305528286623,0.41326944717133773,0.2674093316015586,0.3489010989010989,0.5666833166833167,0.0,824801.4683572359,3692112.453051361,2271380.6037724903,16836334.16889702
2,Ridge,internal_test,case_20,400360,2.107322732548347,3.0688959040549615,0.07243434263705006,0.5125821576460624,7.18143607932794,-6.320687401734195,5.788521283110883,6.301103440756945,10.149102687835692,8.284274816513062,0.18374312771095894,0.18374312771095894,16.289631748199415,10.531700057983393,0.35347218274915754,0.35347218274915754,36.26679992675781,15.027754783630371,0.5856332840509917,0.41436671594900837,0.26860825257268456,0.35664335664335667,0.5749250749250749,0.0,843687.7292030562,3770639.351915301,2317492.380906273,17479945.55924125
2,Ridge,internal_test,case_27,400360,2.1275765186722913,2.809585266141631,-0.18599227234546634,-0.8259813593874632,6.417659376466096,-5.736593562485467,4.916951870695414,4.090970511307951,8.11301689147949,6.167898011207577,0.23975284487756077,0.23975284487756077,13.111589975357049,9.228279170989982,0.2961739050462733,0.2961739050462733,27.218610763549805,12.53536605834961,0.5394560667608898,0.46054393323911025,0.26101508642222,0.28346653346653344,0.6191308691308691,0.0,851796.5350156385,3160349.5040604356,1968550.850951616,12344000.055735279
2,Ridge,internal_test,case_42,400360,2.0908131091067754,2.877500184064665,-0.18945275749964963,1.0183855360204075,5.779429201097578,-5.260527183535764,4.11715438872547,5.135539924745877,8.91228380203247,7.304454159736633,0.18040601915405421,0.18040601915405421,13.76958976745605,10.429817256927452,0.242546987014968,0.242546987014968,24.76995849609375,13.855643272399902,0.4406271098683935,0.5593728901316065,0.23418922969327605,0.1998001998001998,0.4745254745254745,0.0,837077.9363619885,3314983.7263482176,1648343.931070129,9573468.703283088
2,Ridge,internal_test,case_43,400360,2.1251547942030724,2.938130026075104,-0.22879069784874928,1.0221385828701628,5.774605033369344,-5.293034962464884,4.204806520399298,5.226945103269462,9.005365419387815,7.424407267570495,0.17555735699671288,0.17555735699671288,13.601225948333738,10.626920766830441,0.21867919794889326,0.21867919794889326,24.57630157470703,14.055989265441895,0.4280673508699222,0.5719326491300778,0.21650514536916776,0.20604395604395603,0.47827172827172826,0.0,850826.9734071421,3456150.958947681,1683436.3385070632,9891168.235563483
2,Ridge,internal_test,case_68,400360,2.029015909489317,2.830997930815713,0.03004789911653749,0.3715840601900575,6.747855054124578,-6.258213981225281,4.470923505812859,4.842507566002916,9.673214769363403,6.910744071006774,0.2855793822655328,0.2855793822655328,14.204864883422841,9.43623306274411,0.3357041309307878,0.3357041309307878,30.399791717529297,13.473499298095703,0.5567897496374444,0.44321025036255557,0.24103307023678688,0.1863136863136863,0.4178321678321678,0.0,812336.809523143,3208704.9514554814,1789978.9347872362,11310965.499439059
2,Ridge,internal_test,case_84,400360,2.13496961791824,3.076649003809609,0.06428890002494303,0.4811909330072069,7.023007380509321,-6.185830687378441,5.8500024248584594,6.331193357865667,10.052421236038205,8.313306522369384,0.17300456007892376,0.17300456007892376,16.077098846435536,10.603644952774047,0.3404503477861624,0.3404503477861624,35.38292694091797,15.085504531860352,0.573650180013373,0.426349819986627,0.2671096013587771,0.3618881118881119,0.5994005994005994,0.0,854756.4362297466,3789715.313930415,2342106.970816333,17751422.6822564
2,Ridge,internal_test,case_94,400360,2.726562180806138,3.4931608904239986,-1.0763889757353242,2.446119944162212,3.4459012113473624,-2.120303172714549,4.538194797936468,6.98431474209868,7.718307733535765,9.069546508789061,0.17506930559171846,0.0,12.303719158172552,12.003373956680283,0.02441092791790267,0.02441092791790267,24.009641647338867,15.732791900634766,0.34473024913395467,0.6552697508660453,0.27395344190228793,0.3079420579420579,0.6003996003996004,0.0,1091606.4347075454,4885261.984837412,1816911.6693018444,10598267.30129735
2,Ridge,internal_test,case_100,400360,2.0856646297606396,3.0456460333537776,0.05781165645148867,0.6190677572344567,7.0300750117158515,-6.156572572107569,5.697571016647155,6.316638773881611,10.016252183914181,8.27916660308838,0.17342670181722386,0.17342670181722386,16.072310028076142,10.564862585067722,0.3426668247058237,0.3426668247058237,36.00269317626953,14.981828689575195,0.5838692228877429,0.4161307771122571,0.2708562293935458,0.3499000999000999,0.5759240759240759,0.0,835016.6911709696,3713723.249707214,2281079.532224855,16938205.916138913
2,Ridge,internal_test,case_114,400360,2.299097827791072,2.8998161043096538,-0.9691375218530982,2.023112318093912,3.0635590400632973,-1.9793248924178575,3.8466171109917005,5.869729429085613,6.512721204757687,7.979554176330566,0.22522581966219055,0.0,10.346745529174791,9.798861808776854,0.05295227555882821,0.05295227555882821,23.000751495361328,13.992262840270996,0.39166062278039554,0.6083393772196044,0.2128084723748626,0.3224275724275724,0.5699300699300699,0.0,920466.8063344335,3366600.591563419,1540031.6265566372,7633594.826299871
2,Ridge,internal_test,case_124,400360,2.038093785268575,2.8492647605815526,-0.16864050120879326,1.278758572516809,5.196995726906256,-4.288144105630555,4.68614249334891,5.964901065865719,8.326841783523559,8.031480932235716,0.03547093351434601,0.03547093351434601,13.333128252029367,10.014632358551003,0.24889102022800033,0.24889102022800033,28.74965476989746,14.274182319641113,0.5035007399606412,0.49649926003935885,0.24098311519632332,0.3001998001998002,0.5137362637362637,0.0,815971.2278701267,3250246.461840062,1876144.0086371698,11573098.271248205
2,Ridge,internal_test,case_156,400360,2.0626941798916674,2.877038393167812,-0.19425217888672175,1.3473484303789844,5.063940873198202,-4.121437617503081,4.732292953646106,6.079641384025091,8.350664710998535,8.138070201873779,0.025458393610840443,0.025458393610840443,13.289695453643796,10.195166969299313,0.23285172298632464,0.23285172298632464,28.11277961730957,14.197808265686035,0.4949696024741653,0.5050303975258347,0.24088320511539615,0.2857142857142857,0.5102397602397603,0.0,825820.2418614279,3313919.8122743247,1894620.8069217552,11740791.85297921
2,Ridge,internal_test,case_164,400360,1.8095022846282303,2.590156949174381,-0.15923626207605812,1.0091323177733271,4.563063235889288,-3.8208675791612454,4.41744805846477,5.426580376238098,7.523049545288086,7.57421088218689,0.006800611452950942,0.0,11.752422008514381,9.411029739379883,0.19922636095250915,0.19922636095250915,27.64034652709961,13.7279052734375,0.5033381632904581,0.4966618367095419,0.1948246578079728,0.33016983016983015,0.5876623376623377,0.0,724452.3346737582,2685980.417230224,1768569.5046869554,10129589.802121753
2,Ridge,internal_test,case_176,400360,1.6859259861079283,2.459556367897814,-0.07147164626067481,0.6834408537627099,4.972990744319171,-4.229506903671815,4.060998864911518,4.744439718674227,7.827819538116455,6.9147823572158815,0.11664003959910789,0.11664003959910789,11.872080402374266,9.204892930984496,0.22466049596971785,0.22466049596971785,27.17892074584961,13.379776000976562,0.5077149631476909,0.49228503685230907,0.24542911379758217,0.32167832167832167,0.5671828171828172,4.246178439404536e-05,674977.3277981702,2421944.801056347,1625861.5055559753,8863012.667989213
2,Ridge,internal_test,case_190,400360,2.040980718311077,2.8456248481459707,-0.16174305127873145,1.2932280217501166,5.161044839714755,-4.244361925808768,4.71106754251522,6.004295564265337,8.360267305374144,8.095142078399657,0.03171252990966675,0.03171252990966675,13.360542898178092,10.05294328689575,0.24756476113956283,0.24756476113956283,28.387516021728516,14.204654693603516,0.4996161452544521,0.5003838547455479,0.2386851833349985,0.296953046953047,0.513986013986014,0.0,817127.0403830227,3241947.439633811,1886123.0013213935,11676241.904284762
2,HistGradientBoosting,train,case_01,400360,0.6000149071297142,0.7948479230553733,0.9399028219996959,-0.4139509589234828,1.613227042973949,-1.1749584844782655,5.896753568734742,5.48280260981126,10.326234483718872,9.830032445002237,0.048052563545693774,0.048052563545693774,16.558459148406914,15.15377221512098,0.08483198350138021,0.08483198350138021,37.16805648803711,32.167539423845234,0.13453802906808804,0.8654619709319119,0.8841542611649515,0.903096903096903,1.0,0.05248026775901689,240221.96821845236,252940.73027365905,2360824.2587786415,18130060.897750977
2,HistGradientBoosting,train,case_06,400360,0.5163488835895764,0.723117546737428,0.9489057301049558,0.2028512124906674,1.1881217379932367,-0.45110663158312103,5.917631487748422,6.12048270023909,10.134570455551147,10.110392293617936,0.0023857115641213425,0.0023857115641213425,15.962084121704066,15.353125841675737,0.03815029888235661,0.03815029888235661,32.9944953918457,30.169781912574372,0.08561165872442571,0.9143883412755743,0.8156659006893796,0.9100899100899101,1.0,0.05196573084224198,206725.4390339228,209347.8381949264,2369182.942434958,18117237.60923312
2,HistGradientBoosting,train,case_10,400360,0.5343120813023864,0.7163742814971288,0.9488463459894252,-0.3423137074536696,1.30058644567953,-0.8596513631036293,5.735561601321801,5.393247893868133,10.146135330200195,9.81094887678994,0.033035874498200855,0.033035874498200855,16.147420253753637,15.089563383930086,0.06551243809844122,0.06551243809844122,36.003170013427734,32.58433714463535,0.09495921796656513,0.9050407820334349,0.8869517434309122,0.9025974025974026,1.0,0.053207113597762014,213917.18487022343,205461.5936362396,2296289.4427051963,17187067.072017305
2,HistGradientBoosting,train,case_11,400360,0.5596058318131585,0.8024159094313988,0.9438931380115919,-0.24274887983742835,1.8239062898797123,-1.250299256959945,6.201051010845691,5.958302131008264,10.622378873825072,10.277483441366881,0.03246875643911164,0.03246875643911164,17.002918834686216,15.26640878734317,0.10213011449543231,0.10213011449543231,35.55618667602539,31.220530467772356,0.12193816642256675,0.8780618335774333,0.8379958037766011,0.9040959040959041,1.0,0.05275252272954341,224043.79082471612,257780.31034846266,2482652.782702181,19989509.012440648
2,HistGradientBoosting,train,case_13,400360,0.4378675957688656,0.6263283064365194,0.9520544664086364,-0.11633610676507401,1.1396954913388753,-0.08920261975954381,5.239577948061452,5.123241841296379,9.118360137939451,9.346692161314667,0.02504090866351923,0.0,14.603178558349592,14.430840786091062,0.011801387730070107,0.011801387730070107,30.08977508544922,31.985189861272804,0.06299198882148402,1.062991988821484,0.8575781796383255,0.8738761238761239,1.0,0.05152362873413927,175304.67064202303,157056.08235053514,2097717.427285883,14266872.702133816
2,HistGradientBoosting,train,case_14,400360,0.4423406490169103,0.6169694570315737,0.9547773458870826,0.045058110360869985,0.9768423791928604,0.17120725101286366,5.300424085269767,5.345482195630633,9.186977624893188,9.668554768768447,0.05241954030348007,0.0,14.805124273300162,14.849436740357817,0.0029930493145247277,0.0,30.95267105102539,32.171572585183284,0.03937952663757315,1.0393795266375732,0.8781596563093216,0.9015984015984015,1.0,0.05340443600759317,177095.5022404102,152397.55883586145,2122077.7867786037,14617850.616076909
2,HistGradientBoosting,train,case_15,400360,0.7354880423475466,1.0756648502129504,0.6555110456459288,0.5519166984324955,2.2250917153315672,0.9745343291560655,3.3780577288595954,3.9299744272920916,5.832143068313598,7.157355590706665,0.22722565390980043,0.0,9.363036231994613,11.190784122220927,0.19520888790120042,0.0,18.940412521362305,29.867795390105098,0.5769347872660184,1.5769347872660184,0.7021180937156559,0.5634365634365635,0.9947552447552448,0.03425916674992507,294459.99263426376,463238.4877466538,1352439.1923262277,5913329.831794531
2,HistGradientBoosting,train,case_16,400360,0.47159908871545836,0.6436464518249141,0.9565002643690281,-0.12095514321716129,1.076850513309976,-0.4341817416133898,5.625429952986378,5.504474809769215,9.801409292221068,9.873165660950962,0.00732102563932752,0.0,15.720469598770103,15.058644847118446,0.042099553546634236,0.042099553546634236,34.04954528808594,32.688915010614956,0.039960306839899894,0.9600396931601001,0.8809571385752822,0.9055944055944056,1.0,0.052999800179838144,188809.4111581209,165861.4430505014,2252197.1359776263,16482507.138438577
2,HistGradientBoosting,train,case_17,400360,0.508763396253579,0.7161009948912834,0.9353830753686924,0.3120156929099918,1.1784491748151167,0.3358384794519526,5.224712665699665,5.5367283586096585,8.882305335998534,9.54137242964757,0.07420000424641383,0.0,13.956213130950902,14.091530160020383,0.009695827069979823,0.0,27.7415714263916,29.642426846800113,0.06852010620422735,1.0685201062042273,0.8329003896493156,0.8758741258741258,1.0,0.05089919072834449,203688.51332408292,205304.86218227274,2091765.9628395182,14106137.547034325
2,HistGradientBoosting,train,case_18,400360,0.5282409106515071,0.7039351114563714,0.948753046219898,-0.2913747873679477,1.3082734536842024,-0.7905624947300236,5.653727981126508,5.362353193758562,9.915027427673339,9.594334162224952,0.032344163219691774,0.032344163219691774,15.819301843643087,14.963260079399374,0.05411375120752939,0.05411375120752939,36.45985412597656,32.541767994149346,0.10746302270682143,0.8925369772931786,0.8803077230492556,0.8978521478521478,1.0,0.05296982715555999,211486.53098843741,198388.2453272484,2263526.534523809,16668583.556267565
2,HistGradientBoosting,train,case_19,400360,0.5959039019638703,0.7937995982963068,0.9400647848082042,-0.41082348012465686,1.605331487452103,-1.1869615766953414,5.885521276208228,5.4746977960835705,10.343796873092652,9.847573623305026,0.047973027300879496,0.047973027300879496,16.581697864532423,15.060442281032016,0.09174305284830397,0.09174305284830397,35.93040466308594,32.41800742910459,0.09775557127498488,0.9022444287250151,0.8819062843440904,0.9005994005994006,1.0,0.052854930562493754,238576.08619025513,252273.96331096312,2356327.298142726,18077325.27607492
2,HistGradientBoosting,train,case_21,400360,0.5407775207070115,0.7847964524309791,0.8957798263925205,0.2738651820999412,1.3320044530648827,0.7291765570243245,4.529992944088067,4.803858126188009,8.021694707870484,8.916884628381883,0.11159610943970275,0.0,12.29129181861873,13.363729969391205,0.08725186632929474,0.0,23.24169158935547,26.374592215515886,0.13479658372178313,1.134796583721783,0.8264561894295135,0.8591408591408591,1.0,0.0469702267958837,216505.6881902591,246583.91466912933,1813627.9750950986,10581712.180962272
2,HistGradientBoosting,train,case_24,400360,0.4959612263285397,0.6702068761828361,0.9441536102812436,-0.12580123666845616,1.1777650356019822,-0.18909866638514367,5.304625899199469,5.178824662531015,9.102337694168089,9.304595189796991,0.02222039023650925,0.0,14.59939882278439,14.369454999750726,0.01575022545961314,0.01575022545961314,27.87183380126953,31.51549522170346,0.1307291599976448,1.1307291599976448,0.8614247177540214,0.8691308691308691,1.0,0.04877110600459587,198563.03657289414,179832.60656557995,2123760.0250034994,14485881.92450586
2,HistGradientBoosting,train,case_28,400360,0.4896633898766704,0.6817515882024785,0.949612422947909,-0.15661078913516388,1.2874527687403883,-0.6613306752470973,5.5266866433473245,5.3700758542121605,9.724851751327513,9.555021859364626,0.017463494180227943,0.017463494180227943,15.672686471939013,14.869402919520313,0.051253724360334124,0.051253724360334124,36.075843811035156,32.46816389943169,0.10000264804616779,0.8999973519538322,0.8808572284943551,0.8951048951048951,1.0,0.05305225297232491,196041.63477102376,186081.41388872667,2212664.264530535,15921703.859572133
2,HistGradientBoosting,train,case_29,400360,1.225399627637944,1.6903648279436425,-1.2707402845422755,1.155464236352156,2.9714127986113135,1.8998066255993262,2.033673969191559,3.1891382055437134,3.50241869688034,5.9404445893339615,0.696097783690228,0.0,5.4425946283340405,9.233450110592273,0.6965162282201054,0.0,12.888184547424316,28.73602211041347,1.2296408004303692,2.2296408004303694,0.5489559396543111,0.22477522477522477,0.9358141858141859,0.016457688080727347,490600.9949211272,1143961.940590134,814201.7103055326,2159604.52317288
2,HistGradientBoosting,train,case_32,400360,0.5894572928828516,0.8346376734994045,0.9236477065655457,-0.2657007845574638,1.7421317955629558,-0.9558116793950479,5.271242364639071,5.005541580081608,10.015990829467771,9.417012467416,0.05980220751496026,0.05980220751496026,15.115796918868979,14.466672028842218,0.042943477840487576,0.042943477840487576,33.723785400390625,29.72984755077755,0.11843088793842264,0.8815691120615774,0.8005794784693776,0.8479020979020979,0.9997502497502497,0.0518558297532221,235995.12177857847,278898.8016263683,2110394.5931068985,14777190.176314557
2,HistGradientBoosting,train,case_34,400360,0.48941776023698647,0.6713822191170274,0.92925589834646,-0.127669758079567,1.0380214831883465,-0.2750822820911246,4.684073457170518,4.556403699090951,8.226318550109863,8.372895893351322,0.01781809716565151,0.0,12.876111402511585,12.45719520292899,0.03253437210094985,0.03253437210094985,30.05852508544922,28.547328127192603,0.05027515335368728,0.9497248466463127,0.8392446797881906,0.8951048951048951,1.0,0.05337446298331502,195943.2944884799,180463.90512889443,1875315.6493127886,11335055.49990527
2,HistGradientBoosting,train,case_35,400360,0.4012137369932407,0.5715981742443255,0.9216854824838725,-0.024707638823068125,0.8375137725983544,0.014292185883378267,3.846318012911481,3.821610374088414,6.875816249847412,7.216311912735304,0.0495207624106373,0.0,10.138929128646827,10.160970295773568,0.002173914705100846,0.0,21.769367218017578,23.656488755140263,0.08668701842471536,1.0866870184247153,0.8360475571985213,0.8306693306693307,1.0,0.05354181236886802,160629.93174261384,130807.40992998632,1539911.8796492405,7593273.8350793915
2,HistGradientBoosting,train,case_36,400360,0.814184504343267,1.143696365988806,0.8925475264733768,0.06999802834631848,2.491092172981172,-1.2814230473677743,3.0640295821179975,3.1340276104643165,9.813024330139159,9.155902419593282,0.06696425978764065,0.06696425978764065,19.2957092285156,18.880503114173067,0.021518054061932832,0.021518054061932832,31.747325897216797,25.869582124210286,0.18514138142015285,0.8148586185798472,0.8577779998001799,0.8231768231768232,1.0,0.05598211609551404,325966.90815887036,523687.4459263276,1226714.8834967616,8632356.497202441
2,HistGradientBoosting,train,case_40,400360,0.49532713818747476,0.6664547063489871,0.9419605548595565,-0.250756078596718,1.2502774365316767,-0.701090777281569,5.041594912488031,4.790838833891315,8.88729267120361,8.740481289912424,0.016519246830576574,0.016519246830576574,14.066408891677813,13.302523721359274,0.05430562812449462,0.05430562812449462,32.35271072387695,29.355304804438497,0.0926477519927352,0.9073522480072648,0.842791487661105,0.8728771228771228,1.0,0.05310470576481167,198309.1730447374,177824.64852110713,2018452.9391637081,13240080.589726774
2,HistGradientBoosting,train,case_44,400360,0.5231961496795731,0.7016955837993881,0.9413095021853062,-0.27531516461131206,1.16313176975003,-0.5317864305983079,5.309876889919772,5.034561725308462,9.196964502334595,9.189305755724602,0.0008327472187207567,0.0008327472187207567,14.862060785293576,14.114478879543078,0.050301362412018276,0.050301362412018276,32.25737762451172,31.51549522170346,0.022998844216168306,0.9770011557838317,0.8566789889099811,0.8841158841158842,1.0,0.05144120291737436,209466.81048571385,197127.93253866216,2125862.31164828,14646837.997959476
2,HistGradientBoosting,train,case_45,400360,0.6575439133562017,0.9872365102924854,0.9052008291422154,0.027796214534930013,2.3093093440230628,-1.405809676751114,5.207303312044021,5.235099526578952,10.862130212783812,10.137165424022442,0.06674241374018407,0.06674241374018407,15.904301156997667,14.83516833950219,0.06722287304180442,0.06722287304180442,36.334930419921875,29.323261627865634,0.19297322744319478,0.8070267725568052,0.8169147767009691,0.7937062937062938,0.9932567432567433,0.053054750724348086,263254.2811512889,390205.23983560543,2084795.9540099443,14972289.90461304
2,HistGradientBoosting,train,case_48,400360,0.6098184800542206,0.8491477682404874,0.935173901194021,-0.38631296833262946,1.9514343546098896,-1.456167145945143,6.037508846064417,5.651195877731789,10.65202441215515,9.883077850470345,0.07218783321669363,0.07218783321669363,16.89704576492309,15.274856433255657,0.09600431662645827,0.09600431662645827,36.57381820678711,30.821769454603288,0.15727230664465863,0.8427276933553414,0.8695174343091218,0.8873626373626373,1.0,0.053709161754421024,244146.92667450776,288680.351618751,2417177.04161035,19046877.92117989
2,HistGradientBoosting,train,case_49,400360,0.6718174993704252,0.8529760556242878,0.9296508766238566,-0.5208248144656413,1.463887368624919,-1.0838456640398173,5.85295244275635,5.332127628290707,10.265372943878171,9.685882968176175,0.05645094229602045,0.05645094229602045,16.352748069763166,15.053509378157607,0.07945078625701447,0.07945078625701447,34.92753982543945,32.48285002214654,0.06999318633694096,0.930006813663059,0.8895993605754821,0.9078421578421578,1.0,0.05376910780297732,268968.85404794343,291289.1851218759,2343288.0399819324,17855776.270638056
2,HistGradientBoosting,train,case_51,400360,1.7228544509406254,1.990904768480807,-0.10476360538492635,1.6737091445940238,3.2866797069506766,2.662774186494926,3.495074740730534,5.168783885324557,6.196873641014097,8.935736244259134,0.4419748992649835,0.0,9.536471252441398,13.26668951754133,0.39115288730566583,0.0,19.359146118164062,29.01944562131117,0.49900442117553734,1.4990044211755373,0.6918273553801578,0.7202797202797203,0.9992507492507493,0.0405535018483365,689762.0079785888,1586907.6515108238,1399288.1231988766,6327039.392613842
2,HistGradientBoosting,train,case_52,400360,0.5700958554304421,0.7284620090733656,0.9425633606446203,-0.2801767909779173,1.0344625096034483,-0.4213392336252822,5.676126365691693,5.395949574713777,9.567922735214232,9.613963427815117,0.004811984155289465,0.0,15.024835319519037,14.475029078453174,0.03659316254545561,0.03659316254545561,33.935302734375,31.496234413094793,0.07187406991391108,0.9281259300860889,0.8673194125287241,0.8936063936063936,1.0,0.051491157957837944,228243.57668013178,212453.79594880037,2272493.951768326,16597887.395390868
2,HistGradientBoosting,train,case_54,400360,0.5427215842385428,0.7162480589292584,0.9398012553804376,-0.3024760664842768,1.139953196631639,-0.569067967569535,5.355598113270859,5.053122046786582,9.406452131271362,9.15370340395076,0.026869719187784913,0.026869719187784913,14.854768409728997,14.212462794122448,0.043239019141212386,0.043239019141212386,33.38887405395508,31.496234413094793,0.05668473988676154,0.9433152601132384,0.8494355080427615,0.8953546453546454,1.0,0.05237536217404336,217284.013465743,205389.19682946327,2144167.260629121,14895149.962829953
2,HistGradientBoosting,train,case_56,400360,0.5923246188583965,0.8477122899696448,0.9016192263991882,0.18296971912699975,1.6130638323951965,0.47921819603890975,4.807046602232076,4.990016321359076,9.012357282638549,9.41422691344938,0.044590956417694894,0.0,12.885962295532151,14.132116040169318,0.09670630070594237,0.0,27.991840362548828,29.98254074661808,0.07111716694171615,1.071117166941716,0.7597162553701668,0.8823676323676324,1.0,0.05294984513937456,237143.08440614762,287705.15243179526,1924549.177669634,12175801.835297506
2,HistGradientBoosting,train,case_57,400360,0.5065724826143128,0.7507200652213095,0.9352502763534752,-0.11368813261336358,1.6261676033571475,-1.1163784538338144,5.400399450375989,5.286711317762626,9.728502988815302,9.10977060759092,0.06359995797253984,0.06359995797253984,14.611289510726927,13.413797575739117,0.0819566222480683,0.0819566222480683,32.06071853637695,28.652451201076282,0.1063066422367783,0.8936933577632217,0.7878409431511639,0.8956043956043956,1.0,0.05385153361974223,202811.35913946625,225635.1355522322,2162103.923952531,15160952.23359229
2,HistGradientBoosting,train,case_58,400360,0.7282972669260627,1.017555199483351,0.7476421013376742,0.613561916403479,2.061221069567833,1.27235515849722,3.828242068613012,4.441803985016491,6.500666666030883,7.882253656576945,0.21253004676666787,0.0,10.108694267272929,12.00934947622476,0.18802183137591116,0.0,20.552814483642578,28.28712420298043,0.37631389732502946,1.3763138973250295,0.7348886002597662,0.778971028971029,1.0,0.046850334698771104,291581.09378651844,414540.1842884792,1532674.9945899055,7510118.65249189
2,HistGradientBoosting,train,case_59,400360,0.464486368792573,0.6984938896772832,0.9411817569560901,-0.06806070462303611,1.451462704962532,-0.8400051230498445,5.287436591513801,5.219375886890765,9.45020728111267,9.202000075692913,0.02626473663872192,0.02626473663872192,14.667274990081749,13.555690007572958,0.07578674179494578,0.07578674179494578,32.03961944580078,28.440321106496047,0.11233898534261369,0.8876610146573863,0.8285543011289839,0.8881118881118881,1.0,0.0524902587671096,185961.76260979453,195333.1273036102,2116878.1137784654,14513820.411748566
2,HistGradientBoosting,train,case_60,400360,0.5192053314721705,0.7216453891326938,0.9465894228063911,-0.15047551844913304,1.4336161901875437,-0.87197153410485,5.622468909648277,5.471993391199145,9.96433162689209,9.629789939818922,0.03357392142291762,0.03357392142291762,15.850470104217512,14.907691378964554,0.059479543449131075,0.059479543449131075,36.91607666015625,32.596401359777396,0.11701339067380112,0.8829866093261989,0.8657208512338895,0.8918581418581418,1.0,0.052954840643420924,207869.0465081982,208496.3050069472,2251011.6526667844,16559895.004739292
2,HistGradientBoosting,train,case_61,400360,0.5638210046297674,0.752437317423894,0.9402912357774589,-0.07102752937635266,1.0244312875291037,-0.125214209413682,5.705564880105384,5.634537350729032,9.68325624465942,9.914837786734862,0.023915668058786126,0.0,15.157886562347406,15.111942359179238,0.00303104281584306,0.00303104281584306,33.85128402709961,32.60377644609386,0.03685259265223317,0.9631474073477668,0.8649715256269358,0.8948551448551448,1.0,0.05362423818563293,225731.37741357367,226668.58495082104,2284279.9553989917,16829343.90342225
2,HistGradientBoosting,train,case_62,400360,0.601542218621571,0.9982673653428017,0.4620770763676244,0.4305904819502622,2.3575351075192,1.6112143472920268,2.474723175269594,2.9053136572198555,4.507473468780517,6.6178008753345505,0.46818409940080613,0.0,6.4952899599075264,8.982304434797225,0.3828950655383992,0.0,14.41285228729248,19.096319838279612,0.32495077710027254,1.3249507771002724,0.6203916475172345,0.3886113886113886,0.9193306693306693,0.056174443001298834,240833.44264733215,398973.84666715853,990780.1704509346,3193599.9834185
2,HistGradientBoosting,train,case_64,400360,0.604534734803975,0.8198404085491653,0.8561443830872504,0.4249831793670613,1.5484770323270096,1.3081749436753392,3.9771937318564388,4.402176911223502,6.892904663085936,8.285621381191364,0.2020507733936816,0.0,10.860165023803638,12.292501511929878,0.1318890168783624,0.0,23.340909957885742,26.62558716728693,0.14072618485430805,1.140726184854308,0.8349485463083225,0.9003496503496503,1.0,0.05335448096712958,242031.52642611944,269097.2879824013,1592309.2824860439,8203529.247202241
2,HistGradientBoosting,train,case_66,400360,0.6496409968697726,0.908009029711279,0.8913105890253337,0.09433447653274672,1.6712147389451688,-0.3859479052781589,3.3097094398571456,3.4040439163898926,8.640856552124024,8.408640874468025,0.026874150294616057,0.026874150294616057,14.484742507934437,14.56174554312839,0.0053161480193226265,0.0,22.389339447021484,24.088615521662135,0.07589665959826741,1.0758966595982673,0.854530922170047,0.8548951048951049,1.0,0.04402287940853232,260090.26950678215,330088.9721581807,1325075.2713412067,7422607.059131721
2,HistGradientBoosting,train,case_67,400360,0.7237077836821346,0.8696617381023751,0.9167639413420577,-0.4900126190577925,1.1173082725451884,-0.5255825175525984,5.645845615440947,5.155832996383155,9.483993959426876,9.393536964808836,0.00953785873388573,0.00953785873388573,15.007321405410755,14.381235830335159,0.04171867571583203,0.04171867571583203,33.35513687133789,31.496234413094793,0.05573062000655301,0.944269379993447,0.8610250774303128,0.8921078921078921,1.0,0.05130382655609951,289743.64827497944,302796.8876416366,2260370.7505979375,16399513.343570031
2,HistGradientBoosting,train,case_71,400360,0.48065139718835526,0.6674539981423274,0.9233517237784001,-0.04052522270992051,0.9357697422250622,0.1854139655513566,4.549803349447659,4.509278126737739,7.7705615758895865,8.203118161059534,0.05566606492278228,0.0,12.114842939376807,12.158090636790527,0.0035698108205062104,0.0,25.56398582458496,28.052800411678877,0.09735628098731051,1.0973562809873105,0.8143670696373264,0.8901098901098901,1.0,0.05341692476770906,192433.5933783299,178358.31399674027,1821559.2689848647,10614707.437531048
2,HistGradientBoosting,train,case_72,400360,0.5830204584070661,0.9342775552700134,0.6120868066440528,0.4108287256296027,1.2939402184538504,0.5162206040337249,2.7397326694568966,3.1505613950864997,4.794327330589294,6.765691241620995,0.4111867578281083,0.0,7.4184241771698,8.891202916895525,0.19852986356026953,0.0,16.875072479248047,19.89605214895326,0.17902024856013107,1.179020248560131,0.41482665600959134,0.6191308691308691,0.9607892107892108,0.05802028174642822,233418.07072785296,349464.0549506265,1096879.3715437632,3906038.355638345
2,HistGradientBoosting,train,case_73,400360,0.6165728455836184,0.84105772262564,0.9037062280363164,-0.16268675382065673,1.733551080624837,-0.9279068309976685,3.1237290097219934,2.9610422559013365,8.22641882896423,7.672863373762381,0.06728996744644788,0.06728996744644788,14.632464952468844,13.663794621811556,0.06620007864729928,0.06620007864729928,22.04593849182129,22.918279231288174,0.03956922676666773,1.0395692267666676,0.8710160855230292,0.8513986013986014,1.0,0.05224048356479169,246851.10445785744,283205.89322869503,1250616.1463322972,6847647.309800914
2,HistGradientBoosting,train,case_74,400360,0.5807627467697354,0.7821540996226587,0.9229486199353575,-0.0654318660675394,1.307042910957008,0.24309740665211638,5.210357342896367,5.144925476828829,9.183551406860351,9.404404340128176,0.024048750149407532,0.0,13.751770725250228,14.315281574020197,0.04097733012195164,0.0,29.059873580932617,29.356118389209325,0.010194291019596381,1.0101942910195965,0.7937855929663303,0.8746253746253746,1.0,0.04834648816065541,232514.17329673126,244926.2496354131,2086018.6658019896,14047641.96894774
2,HistGradientBoosting,train,case_75,400360,0.5438219208931409,0.7184251214997415,0.9450325869671259,-0.3010102788607299,1.314730672372057,-0.8283506255285169,5.667589229630241,5.366578950769509,9.665987253189082,9.483382708705497,0.01889145306117991,0.01889145306117991,15.416833810806175,14.299057646725313,0.07250361376389587,0.07250361376389587,35.16933822631836,31.63448959415409,0.10050938716609195,0.8994906128339081,0.875012488760116,0.9013486513486514,1.0,0.05289989009891098,217724.54424877788,206639.67055664,2269076.023974763,16619503.110003779
2,HistGradientBoosting,train,case_77,400360,0.8943533076170902,1.120506928092628,0.7614513800580582,0.8143552638337778,2.1819160990294044,1.7469580101566538,4.216345334965462,5.030700598799243,7.30365433692932,9.113710589815197,0.24782884969428606,0.0,11.748572282791129,13.703454000491682,0.16639313021582985,0.0,23.54745101928711,30.10564859934371,0.27850987245646885,1.2785098724564687,0.8231591567589169,0.8441558441558441,1.0,0.04602857428314517,358063.2902375782,502666.30324075656,1688056.0183067725,9224613.080135196
2,HistGradientBoosting,train,case_78,400360,1.0590238645859753,1.2547644359358192,0.5000454407021593,1.0268046501128973,1.8599000779795714,1.5432819618609186,3.235144727900909,4.261949378013805,5.647890686988831,7.767815172573171,0.37534800212547603,0.0,8.848848810195921,10.632717727568203,0.20159333215376576,0.0,20.279897689819336,22.914287573936356,0.12990153719757197,1.129901537197572,0.7485263263063243,0.7984515484515484,0.9992507492507493,0.047200019982016186,423990.79442564107,630340.3120400221,1295222.5432624079,5451027.589212791
2,HistGradientBoosting,train,case_79,400360,0.5694004895949784,0.7380014733230372,0.9451352827306236,-0.346092712939928,1.2581865506216492,-0.780026708795447,5.793376880167527,5.447284167227599,10.056427860260005,9.807676233322288,0.024735585079937616,0.024735585079937616,15.850202865600538,14.921902894784637,0.05856707189726746,0.05856707189726746,36.246280670166016,32.55461243675926,0.1018495736707501,0.8981504263292499,0.882305924667799,0.8936063936063936,1.0,0.051176441202917373,227965.18001424553,218054.54247365516,2319436.367743871,17411772.858387887
2,HistGradientBoosting,train,case_82,400360,0.5178638385000008,0.692855114351091,0.9473398257781571,-0.2983934500737093,1.1248611055049806,-0.5491983885124199,5.501570875476665,5.203177425402956,9.606270885467529,9.484971267603353,0.012627128602804622,0.012627128602804622,15.515425043106074,14.830163929060788,0.04416644159869574,0.04416644159869574,34.473167419433594,32.11354853214038,0.06844798618542448,0.9315520138145755,0.8797582176041563,0.8956043956043956,1.0,0.05298731141972225,207331.96638186034,192192.1011483991,2202608.9157058373,15767476.08115845
2,HistGradientBoosting,train,case_83,400360,0.5754984443732775,0.764607658847295,0.9425055021691039,-0.3823559065095949,1.4447719743710619,-1.0140993470233646,5.771707437600671,5.3893515310910765,10.300168991088865,9.770480283644051,0.05142524437250217,0.05142524437250217,16.17190748214708,15.095993524760228,0.06652981156209332,0.06652981156209332,37.063751220703125,32.51019000654296,0.12285753773397408,0.8771424622660259,0.8878509341592566,0.8973526473526473,1.0,0.05313218103706664,230406.55718928538,234060.41374108504,2310760.7897178046,17408040.681773167
2,HistGradientBoosting,train,case_85,400360,0.7544509821561538,0.9015100406489663,0.91623697820183,-0.5708316549788223,1.2561319233915749,-0.814921855801345,5.742957919701812,5.1721262647229915,9.90499882698059,9.627164151816933,0.02804994528690431,0.02804994528690431,15.767036905288688,14.738214305215587,0.06525148677288918,0.06525148677288918,34.80757522583008,32.55461243675926,0.06472622049808681,0.9352737795019131,0.8670196822859426,0.8908591408591409,1.0,0.05050704366070537,302051.9952160377,325380.72068358114,2299250.6327318177,17089038.579897046
2,HistGradientBoosting,train,case_86,400360,0.584481694465699,0.8528910600710188,0.8735155669544626,0.4018137931993556,1.7311425264613132,0.9104284607003401,4.475714650114444,4.877528443313799,7.60098669528961,8.809020001755119,0.1589311170895927,0.0,12.306284666061373,13.431816786777514,0.09145994516282935,0.0,24.116090774536133,30.81175915055956,0.27764319012653976,1.2776431901265397,0.8076730942152063,0.8229270729270729,1.0,0.04626336297332401,234003.09119628722,291231.1364773521,1791897.1173198188,10322525.946124662
2,HistGradientBoosting,train,case_87,400360,0.6970422319000873,0.9975227144033495,0.9015742230172576,0.09830825415095994,2.102067898272521,-0.8954530594593311,5.09026258343684,5.1885708375877995,10.772640562057495,10.471227393384552,0.027979506689804076,0.027979506689804076,15.996327209472646,15.414835305347207,0.03635158849345701,0.03635158849345701,34.780033111572266,28.99850078118347,0.1662313636057213,0.8337686363942787,0.8335997602158057,0.6823176823176823,0.9992507492507493,0.05260765311219902,279067.82796351897,398378.8448639208,2037937.5279047734,14421142.352911664
2,HistGradientBoosting,train,case_89,400360,0.5630147397590224,0.7539860637876896,0.9331936503675847,-0.24149051910905897,1.2903898234524849,-0.543071177457575,5.266890383352188,5.025399864243129,9.501103210449216,9.321058602062458,0.018949863442041887,0.018949863442041887,14.831547985076902,14.16684232762762,0.044817011556588085,0.044817011556588085,30.670499801635742,30.21901913196017,0.014720355801032406,0.9852796441989676,0.8280047956838845,0.8686313686313686,1.0,0.049018383454890596,225408.5812099222,227602.65194880054,2108652.233878882,14512941.660125623
2,HistGradientBoosting,train,case_91,400360,0.538636944144725,0.7792055323118728,0.9474146754030907,-0.1100016576241061,1.7085312306246394,-1.200248948326025,6.227670659174811,6.1176690015507065,10.791361618041991,10.182831884638336,0.05639044959685709,0.05639044959685709,16.847370262145986,15.439921140281422,0.08354117586095518,0.08354117586095518,35.742393493652344,31.197104979445363,0.1271679949193721,0.8728320050806279,0.8414926566090518,0.8926073926073926,1.0,0.05290238785093416,215648.6869577821,243083.08268834243,2493310.2251072275,20150156.032166723
2,HistGradientBoosting,train,case_92,400360,0.5196235326788927,0.7236348107244676,0.9314300679352725,0.2579771768400727,1.2092073096786373,0.1583658138848987,5.1309906232953235,5.388967800135396,8.626925182342527,9.333650951836196,0.08192093411684918,0.0,13.86244007110595,13.814853350460135,0.003432780982404588,0.003432780982404588,26.93845558166504,29.20747851951749,0.08422988210938132,1.0842298821093814,0.8112199020881207,0.8718781218781219,1.0,0.04960035967629134,208036.47754332147,209647.4487590396,2054243.4059425157,13597729.007015591
2,HistGradientBoosting,train,case_93,400360,0.5009720113832427,0.6680440210071055,0.9480250809257965,-0.16081641283519701,0.9385575907329221,0.010748964456618576,5.478692639531607,5.317876226696409,9.250488615036007,9.631432859574817,0.041180986258348824,0.0,14.655003519058223,14.573931795684299,0.005532016643223154,0.005532016643223154,30.175100326538086,31.322323192741816,0.0380188583895041,1.038018858389504,0.8558797082625637,0.8813686313686314,1.0,0.04985513038265561,200569.15447739503,178673.787414378,2193449.385162874,15454927.461751582
2,HistGradientBoosting,train,case_95,400360,0.719167393576218,1.0210228089713784,0.8996560877583423,0.1697977642943702,2.1810581732672363,-1.0102980699423063,4.895934174812619,5.065731939106989,10.778055810928343,10.464379763617893,0.02910321238014002,0.02910321238014002,16.617831211090085,15.61997372236833,0.06004739583922502,0.06004739583922502,34.6576042175293,28.486458008528043,0.1780603809273112,0.8219396190726888,0.8410930162853432,0.6705794205794205,0.9987512487512488,0.053117194524927566,287925.8576921746,417370.32610343996,1960136.20622798,13756096.419497095
2,HistGradientBoosting,train,case_96,400360,0.8201816724819724,1.0548987089263786,0.8093834251056462,0.7381265606440695,2.088566220933178,1.57924417153406,4.446458726790373,5.184585287434443,7.780730009078979,9.212956966222333,0.1840735966255292,0.0,12.240180082321166,14.061575541982188,0.14880462929558652,0.0,24.3714542388916,29.020377069095527,0.19075278744693225,1.1907527874469324,0.8024278149665302,0.8816183816183816,1.0,0.050502048156659006,328367.93439488247,445525.12650081026,1780184.2158577936,10252799.934972897
2,HistGradientBoosting,train,case_97,400360,0.6433405657613614,0.7863893052262007,0.9355435248230223,-0.45701485693848376,1.2396439166046518,-0.7357943629084388,5.692470121784694,5.23545526484621,9.87625789642334,9.655369890746039,0.02236555667074012,0.02236555667074012,15.68950984954829,14.70075055269348,0.06302040703223612,0.06302040703223612,35.222373962402344,32.13781471596914,0.08757386000517095,0.912426139994829,0.8806574083325007,0.8871128871128872,1.0,0.05029723249075832,257567.82890821868,247585.8826798333,2279037.33795772,16814484.77921046
2,HistGradientBoosting,train,case_98,400360,0.6348939866348373,0.8397733689908864,0.9373764601403193,-0.36404687193272467,1.6598465186918465,-1.180098363824487,6.260926460286945,5.896879588354216,10.456711626052856,9.93338515854377,0.050046944605914225,0.050046944605914225,16.65958471298217,15.155551414873168,0.09028035956604412,0.09028035956604412,34.968265533447266,30.70129856492371,0.1220239809847642,0.8779760190152358,0.8471375761814367,0.9068431568431569,1.0,0.05095164352083125,254186.15648912347,282341.60345857724,2506624.5176404812,20202345.646022253
2,HistGradientBoosting,train,case_99,400360,0.8032058195648477,1.1091170341592114,0.6502667731760308,0.6702718099777243,2.2131005523243736,1.0880638704123502,3.476781438713956,4.147053248691681,5.963100194931029,7.4042053043653535,0.24167045032369983,0.0,9.452709732055656,11.256140094234812,0.19078448543314885,0.0,19.247943878173828,29.762010479653327,0.5462436231124876,1.5462436231124876,0.7055150364671795,0.580919080919081,0.9945054945054945,0.0300404635827755,321571.4819209824,492499.0887992165,1391964.2168035195,6247768.959238368
2,HistGradientBoosting,train,case_101,400360,0.6982031742434276,0.8680149299635259,0.9280887189259215,-0.5404083336082588,1.5590995982788116,-1.1974871591783256,5.892952550035133,5.352544216426875,10.397786188125611,9.680593185422552,0.06897554822988201,0.06897554822988201,16.382473373413045,15.113660201919613,0.07744942674850167,0.07744942674850167,37.050594329833984,32.580771020769554,0.12064106905473382,0.8793589309452662,0.8773104206214407,0.9023476523476524,1.0,0.05308472374862624,279532.6228400987,301651.20942654414,2359302.482932066,18098026.538970944
2,HistGradientBoosting,train,case_102,400360,0.6256171088254098,0.9358302856033595,0.8723776588297046,-0.21924367068128223,2.6216375196570367,-1.8727226313356682,3.561208677776423,3.34196500709514,8.40616006851196,7.4478321028575785,0.11400305940450918,0.11400305940450918,14.098538675308209,11.5410558591656,0.18140056037309132,0.18140056037309132,24.8814754486084,22.920370825766398,0.07881785896871658,0.9211821410312834,0.8405934658807074,0.6618381618381618,1.0,0.050779298631231894,250472.06568934108,350626.609577429,1425765.5062345688,7824824.903724942
2,HistGradientBoosting,train,case_104,400360,0.5849990922978959,0.7315296846793561,0.9403430566326422,-0.35045329278223714,0.9533321927552362,-0.3126674892115578,5.5717848155386465,5.221331522756408,9.49413046836853,9.533128495580954,0.004107593353846669,0.0,15.03142244338985,14.564125170583548,0.031088027401678063,0.031088027401678063,32.318115234375,31.21769187336398,0.034049738143162554,0.9659502618568374,0.8766610050954141,0.8896103896103896,1.0,0.05043710660405635,234210.2365923856,214246.92067147544,2230719.7687490527,16020406.29126272
2,HistGradientBoosting,train,case_106,400360,0.5441030811676827,0.770594598611259,0.7412077698871681,0.43172215469039465,1.4913656723947384,0.8055003911788117,2.8088639096034482,3.2405860642938418,5.13510546684265,6.474229409057877,0.2607782743435248,0.0,7.404705095291117,8.611625604497876,0.16299373083396354,0.0,16.977144241333008,20.838512702702854,0.22744511129079387,1.2274451112907938,0.7180037965830752,0.554945054945055,0.9647852147852148,0.04719252672594665,217837.10957629344,237740.18793628612,1124556.7548488365,4077379.610060282
2,HistGradientBoosting,train,case_107,400360,0.6814354303492453,0.837610340470371,0.9269647200171334,-0.36389801831892654,1.0901495581486063,-0.4437888846241699,5.773947810975519,5.410049792656593,9.823783111572263,9.746590508741255,0.007857726697984272,0.007857726697984272,15.309831600189176,14.947577302753531,0.023661546834464725,0.023661546834464725,35.135074615478516,32.53535162815059,0.073992243243526,0.926007756756474,0.8582275951643521,0.9025974025974026,1.0,0.05275002497752023,272819.4888946238,280889.0057748429,2311657.745602159,17193327.08709395
2,HistGradientBoosting,train,case_109,400360,0.5792972801394876,0.7522114050695644,0.930714340650386,-0.3453638879904232,1.2299803369794202,-0.5917865722420187,5.195676734823355,4.850312846832932,9.180979347229002,9.034251451178532,0.015981725968565105,0.015981725968565105,14.838084297180142,13.990790094287886,0.057102668102059315,0.057102668102059315,33.0452880859375,31.63448959415409,0.042692879181881874,0.9573071208181181,0.8568788090718353,0.8801198801198801,1.0,0.05090168848036767,231927.45907664523,226532.49508594137,2080141.1375538784,14077284.672122162
2,HistGradientBoosting,train,case_110,400360,0.6023259893218249,0.8188152506888878,0.8537779428677807,0.44055926935615936,1.3901609809657012,1.0479593461023726,3.929007749751944,4.369567019108103,6.862423944473265,8.194668690867042,0.19413617654250528,0.0,10.958230762481676,11.92965654051176,0.08864804904054487,0.0,24.01297378540039,26.16877225247162,0.0897764053022841,1.089776405302284,0.8263063243081227,0.8928571428571429,1.0,0.05165600959136777,241147.2330848858,268424.7309335963,1573017.5426906883,8016131.630889808
2,HistGradientBoosting,train,case_111,400360,0.5254399121568337,0.7445975997169507,0.8852218886113088,0.15279720951691886,1.5680041639228999,0.6368733870311765,1.8535673291566421,2.0063645386735605,5.327201390266418,6.229031309993058,0.16928774672840718,0.0,13.019953222274761,14.046331649902777,0.07883119164146227,0.0,22.531204223632812,20.337860081915352,0.09734695580171779,0.9026530441982822,0.8932960335697872,0.8843656343656343,1.0,0.05415126386252373,210365.12323110996,221969.8274124793,742094.2159011533,3309425.40804822
2,HistGradientBoosting,train,case_115,400360,0.7368861169162143,0.901512497632181,0.9228823323076826,-0.5890986343012455,1.570123730553612,-1.2040743475130289,5.918926264383106,5.329827630081859,10.394952774047848,9.685196152682,0.06827896545502682,0.06827896545502682,16.448994159698447,15.13938595052837,0.07961630945062516,0.07961630945062516,35.972679138183594,32.4041961715513,0.09919981085991703,0.900800189140083,0.8774103307023678,0.906093906093906,1.0,0.05326705964631832,295019.72576857556,325382.4942768246,2369701.3192084203,18245386.326437797
2,HistGradientBoosting,train,case_116,400360,0.48633814502533657,0.655885775801339,0.9531002167540324,-0.1537424512230286,1.0721256503353969,-0.29273464774045,5.529623456611647,5.375881005388617,9.626658058166502,9.768192045861502,0.014702297187644889,0.0,15.341071567535392,14.945748961697944,0.025768904349160675,0.025768904349160675,35.28178024291992,32.3433752043526,0.08328392213590133,0.9167160778640987,0.8823558797082626,0.8853646353646354,1.0,0.05466330302727545,194710.33974234376,172229.32737373322,2213840.047089039,15913985.93365754
2,HistGradientBoosting,train,case_117,400360,0.6219925532337635,0.8029277941155425,0.9143344788206031,-0.17464427840272465,1.1842781541073104,0.11563090518814664,5.137139844130944,4.96249556572822,8.875784015655517,9.238998085602773,0.040921913974765765,0.0,13.745235443115213,13.80200639205899,0.004130227465271454,0.0,30.055034637451172,28.837239234734955,0.040518848752173396,0.9594811512478266,0.8399940053951443,0.8653846153846154,1.0,0.05088420421620542,249020.93861266953,258109.30652062315,2056705.307996265,13578572.17672394
2,HistGradientBoosting,train,case_118,400360,0.6752374807741263,0.9344695600490455,0.9006601744744505,-0.06735366570926599,1.9906791037385565,-1.1097518432302516,4.115224517896751,4.047870852187485,9.728425073623656,9.09115404141644,0.06550608422066462,0.06550608422066462,15.380120143890334,14.236199080817986,0.07437660124695217,0.07437660124695217,27.368141174316406,26.528187874759027,0.030690915185194685,0.9693090848148053,0.8383454890598462,0.7772227772227772,0.9932567432567433,0.051436207413328,270338.0778027292,349607.70747241966,1647571.287985143,10299436.424713062
2,HistGradientBoosting,train,case_119,400360,0.4168914549943932,0.6026027683066152,0.9428517804679928,0.010406623166835369,0.8191153441182496,-0.03766012801068269,4.592839510915934,4.603246134082769,8.03566355705261,8.573333301969633,0.06691043509967888,0.0,12.864710826873766,12.706151389718272,0.012325145841931501,0.012325145841931501,27.997272491455078,28.45970588905286,0.016517087431960325,1.0165170874319602,0.8210110900189829,0.9000999000999002,1.0,0.053521830352682584,166906.66292155525,145382.76538301195,1838789.2265903032,10989223.476553407
2,HistGradientBoosting,train,case_120,400360,0.6380972772414193,0.8091280174343558,0.9366866054049552,-0.4691338218031338,1.3709589234691801,-0.9760387325294864,5.849380987685487,5.380247165882355,10.294800615310661,9.779623772958402,0.05004243031050807,0.05004243031050807,16.261321811676016,15.188951535851883,0.06594607057429645,0.06594607057429645,36.66416549682617,32.580771020769554,0.11137290105266671,0.8886270989473333,0.8881506644020382,0.9093406593406593,1.0,0.053307023678689176,255468.62591637464,262110.94717239548,2341858.1722297617,17838317.90270544
2,HistGradientBoosting,train,case_121,400360,0.3547279490368712,0.5106318779385142,0.95920539107746,0.06965389399049184,0.9016694902834504,-0.2868846507262583,4.536640064733341,4.606293958723832,7.992828512191771,8.14759236001807,0.019362838523337717,0.0,12.891168012618962,12.408630404356403,0.03743164372617056,0.03743164372617056,27.960119247436523,27.64864061442112,0.011140103883639984,0.98885989611636,0.8662703566789889,0.8966033966033966,1.0,0.052784993505844736,142018.88167640177,104391.83407612157,1816289.2163166404,10798811.938567609
2,HistGradientBoosting,train,case_122,400360,0.5041081488006491,0.7189924428640467,0.8433147823522962,0.36255601663283893,1.3164782450908088,0.4766341292857907,3.1949199588273136,3.5574759754601533,5.731524729728698,6.792084217497244,0.18503967753424447,0.0,9.12270348548888,9.871541049495406,0.08208504915211494,0.0,22.65458106994629,27.6058029852709,0.21855279071538125,1.2185527907153813,0.7050154860625437,0.7402597402597403,1.0,0.04597861924268159,201824.7384538279,206966.1552060862,1279118.1547161033,5407584.278401689
2,HistGradientBoosting,train,case_125,400360,0.410719829800328,0.549789068118909,0.9489081390595859,0.24688283925078583,0.838237315612859,0.07708648740840164,4.388985807024614,4.6358686462754,7.719360971450801,8.155004861796504,0.0564352272107606,0.0,12.352934799194323,12.307923362195549,0.0036437848762635307,0.0036437848762635307,25.916418075561523,27.434859150522204,0.05858992822748638,1.0585899282274864,0.864821660505545,0.8871128871128872,1.0,0.04955540013987411,164435.79105885932,121016.02425621566,1757174.3577003744,10080810.232415516
2,HistGradientBoosting,train,case_127,400360,0.40294852995268854,0.5639463466085475,0.9481424877862139,0.1996694003455124,0.8603976009679177,-0.12271530367825882,4.408906901601324,4.608576301946836,7.859949254989618,8.21358943240352,0.04499267946156338,0.0,12.608463897705061,12.35517262307972,0.020088987578529942,0.020088987578529942,28.440195083618164,27.6777330735073,0.026809310128468433,0.9731906898715316,0.8535817764012389,0.8936063936063936,1.0,0.05301978219602358,161324.4734518584,127328.68551471831,1765149.9671251061,10237738.484780371
2,HistGradientBoosting,train,case_128,400360,0.506602142439507,0.7478425275679699,0.8225073867588147,0.40115701202397436,1.4783224056402264,0.7482448915221778,3.1501356945595393,3.551292706583513,5.586181855201721,6.8712341495301406,0.2300412567363537,0.0,8.927573862075796,9.922129821388262,0.11140271418389773,0.0,21.58715057373047,27.35759904492714,0.26730940943260784,1.2673094094326078,0.6997202517734039,0.7162837162837162,1.0,0.045931161954241184,202823.23374708102,223908.7150562741,1261188.3266738572,5234424.413455113
2,HistGradientBoosting,train,case_129,400360,0.5900432466032074,0.7526799326288605,0.9116418926730833,0.39279240833405,1.099822611889649,-0.0023950920041761682,4.307862306820347,4.700654715154398,8.360485506057739,8.631387313557314,0.0324026406484753,0.0,12.449416322708034,12.650795789609644,0.016175815932373393,0.0,27.233789443969727,27.89458137717742,0.024263679300568674,1.0242636793005686,0.8111199920071935,0.8374125874125874,1.0,0.05124637825956639,236229.71421006013,226814.78214202795,1724695.7531585942,9996746.400499811
2,HistGradientBoosting,train,case_130,400360,0.4115709931172773,0.5978540437820998,0.9401541806057783,0.03807576791766082,1.1345436095595045,-0.48003921864733307,4.393115192012862,4.431190959930522,7.741332387924194,7.92964047265287,0.02432502252744244,0.0,12.371518497466973,11.7149669207938,0.053069603121686196,0.053069603121686196,25.519859313964844,27.611167719211597,0.08194827328465555,1.0819482732846555,0.807473274053352,0.8414085914085914,1.0,0.04396792886402238,164776.56280443314,143100.45767140354,1758827.5982742696,10117884.357995834
2,HistGradientBoosting,train,case_136,400360,0.6130697420418336,0.793044728964985,0.823772052725997,0.5429357897276236,1.3648242005348092,0.5355714855611814,3.3661358935285524,3.9090716832561774,5.935817217826843,7.088333714682568,0.1941630704857977,0.0,9.499952650070178,10.225399465027278,0.07636320323678053,0.0,21.323503494262695,27.457999110878543,0.28768704065288314,1.287687040652883,0.7322409831151964,0.7335164835164835,1.0,0.040710860225796786,245448.6019238685,251794.3880348287,1347666.1663330912,5965226.870345799
2,HistGradientBoosting,train,case_137,400360,0.49248653718567603,0.731815821369819,0.820375052673515,0.36028676025596323,1.4965977651495126,0.6295632795285718,3.0236621260769616,3.3839488863329246,5.4260913848876955,6.641804005591834,0.22404941871971448,0.0,8.722746763229296,9.764335401660947,0.11941062450906684,0.0,21.634017944335938,27.26633266987778,0.2603452923092566,1.2603452923092566,0.6787391347786992,0.7162837162837162,0.9997502497502497,0.04917823958437406,197171.91002765726,214414.5581455797,1210553.3687961723,4853983.543434064
2,HistGradientBoosting,train,case_139,400360,0.43043594612572106,0.6077030225414803,0.94621449795032,-0.1532645197835919,1.2678843903585875,-0.8756671937569099,4.656545949523149,4.503281429739557,8.312557744979857,8.04129851455118,0.032632462684845376,0.032632462684845376,13.217778148651119,12.204688809187303,0.07664596334348389,0.07664596334348389,29.612136840820312,28.048741723737812,0.05279575484493104,0.947204245155069,0.8383454890598462,0.8708791208791209,1.0,0.05307473274053352,172329.33539089368,147854.13450931857,1864294.736351088,11430133.00250851
2,HistGradientBoosting,train,case_141,400360,0.4273994688606714,0.5871111727548605,0.9297662511761624,0.22209583043987594,0.9166425773818629,-0.2874972300310093,4.012784792653495,4.234880623093371,7.26107919216156,7.436603721162129,0.02417333902514797,0.0,11.077090291976921,10.581195413558952,0.044767611831885434,0.044767611831885434,25.202781677246094,26.358940285207492,0.04587424605614929,1.0458742460561492,0.8466879808172645,0.8786213786213786,1.0,0.05342192027175542,171113.6513530584,138003.90349993756,1606558.519586753,8411696.52556561
2,HistGradientBoosting,train,case_142,400360,0.40544245747971136,0.5582261132474845,0.946555810880447,0.1409477744363484,0.962789166158373,-0.348186748210194,4.321270355732036,4.462218130168384,7.779161429405209,7.825819522495871,0.005997830680604442,0.0,12.231397266387924,11.669436749866652,0.0459440981502211,0.0459440981502211,27.647048950195312,28.17389908929689,0.019056288432471348,1.0190562884324714,0.8550804276151464,0.8791208791208791,1.0,0.051558597262463784,162322.94227657723,124758.73930622144,1730063.799620878,9810447.668562127
2,HistGradientBoosting,train,case_144,400360,0.5536650716868545,0.7337595500986326,0.9420198124193288,0.23368754955132867,1.0123716257349253,-0.1237512996505336,5.492587406903478,5.726274956454808,9.57113671302795,9.820690735775635,0.026073603400523872,0.0,15.136413698196405,14.908172601474,0.015078941503138302,0.015078941503138302,31.827865600585938,32.39874662049592,0.017936515978610682,1.0179365159786107,0.8734139274652812,0.8971028971028971,1.0,0.05024228194624838,221665.34810054908,215555.05605222902,2199012.2942278767,15796003.67292771
2,HistGradientBoosting,train,case_145,400360,0.8104078507301161,1.0336489237195345,0.8032137889169093,0.7074859597928939,1.7925554746781265,1.341281301880899,4.284758478472041,4.992244438264935,7.399078512191771,8.568403682807432,0.15803659451496763,0.0,11.438420429229723,13.349907485303342,0.1671111031370213,0.0,25.100421905517578,27.989448471180918,0.1150987252938674,1.1150987252938673,0.7918873014287141,0.8543956043956044,1.0,0.04440253771605555,324454.88711830927,427756.67383772315,1715445.904441066,9523984.02051085
2,HistGradientBoosting,train,case_146,400360,0.47224930871052967,0.6251855245096101,0.9326865167347543,0.28567308435943173,0.9568173486514829,0.30076005010376317,4.320783606981047,4.606456691340481,7.589036440849302,8.151733593475075,0.07414606017661986,0.0,12.167704410552965,12.569662524110246,0.03303483549523655,0.0,28.361948013305664,28.409322947241623,0.0016703695357502908,1.0016703695357503,0.8599260665401139,0.8751248751248751,1.0,0.05463832550704366,189069.73323534767,156483.4845209628,1729868.9248909322,9799086.767015075
2,HistGradientBoosting,train,case_147,400360,0.4895252361212527,0.6561819557597829,0.9383500845856481,-0.2805576885614234,1.3103049332477448,-0.9205294164120346,4.797992291013543,4.517434602452119,8.369614458084104,7.986456453348166,0.045779648113402786,0.045779648113402786,13.121011762619016,12.091276431859605,0.07847987254253261,0.07847987254253261,29.499116897583008,27.863210763251853,0.055456105347519456,0.9445438946524806,0.8341492656609052,0.8728771228771228,1.0,0.05085173343990409,195986.32353350474,172384.91053915676,1920924.1936301822,12012770.016969586
2,HistGradientBoosting,train,case_148,400360,0.6621229061068122,0.8022765919275553,0.8755825315090556,0.5651433764817707,0.9647676614939706,0.47387925210387155,4.050931678325365,4.616075054807134,7.333276700973511,8.082130550558999,0.10211722264428881,0.0,11.485404291152937,11.8570343134827,0.032356721009466294,0.0,26.239187240600586,27.187620588174475,0.03614568312948175,1.0361456831294817,0.8376960735338196,0.8736263736263736,1.0,0.050804276151463684,265087.52668892336,257690.805164741,1621831.0067343432,8641105.258012155
2,HistGradientBoosting,train,case_150,400360,0.6084473725988623,0.8128723550424339,0.8664662471583439,0.41842608855912733,1.484367879385421,0.39785190997673947,3.788771955886119,4.207198044445248,7.405756855010986,8.09137874509179,0.09257958416726698,0.0,10.835816211700429,11.844139983639025,0.09305471339111634,0.0,22.92385482788086,27.811097604097082,0.21319463122197813,1.2131946312219781,0.7679088820061944,0.7022977022977023,1.0,0.04740983115196323,243597.9900936805,264542.4603645063,1516872.7402585666,7728175.482668079
2,HistGradientBoosting,train,case_153,400360,0.3981757708497723,0.5954806775113425,0.9429995948413981,-0.06946674670786913,1.3360178702889691,-0.8709729300234379,4.478284567221076,4.408817820513206,8.088743019104003,7.7767321878288795,0.0385734632115541,0.0385734632115541,12.596611623764018,11.466658794487772,0.08970291877099264,0.08970291877099264,28.401994705200195,27.08715193275141,0.04629402920802765,0.9537059707919724,0.8435907683085223,0.8474025974025974,1.0,0.050294734738735136,159413.65161741484,141966.54992117116,1792926.0093326299,10519856.4009851
2,HistGradientBoosting,train,case_154,400360,0.6564204740795577,0.8151917488786943,0.8503273655247907,0.537213007635777,1.1901749993921733,0.39428016342196187,3.5978396622740405,4.135052669909816,6.938599348068237,7.762873203679163,0.11879542458960546,0.0,10.474741182327266,11.04662771578284,0.05459672210521511,0.0,24.134431838989258,27.362440686537138,0.13375118457659402,1.133751184576594,0.7992806474173244,0.764985014985015,1.0,0.0491982216005595,262804.50100249174,266054.26850744,1440431.0871880348,6960014.663848389
2,HistGradientBoosting,train,case_155,400360,0.5330645135466425,0.7342115225423802,0.9065953726235689,0.3302926638909987,1.131730945887372,0.38001357728263346,4.394123516012045,4.724416179903044,7.589083981513977,8.214426149754699,0.08240021717561355,0.0,11.835097093582132,12.611219406592374,0.06557802668396474,0.0,28.122840881347656,26.81925557293828,0.04635325833223241,0.9536467416677676,0.8124687780997103,0.8486513486513486,1.0,0.04894095314217205,213417.70864353378,215820.68789514026,1759231.2908705822,10040879.112956177
2,HistGradientBoosting,train,case_158,400360,0.46706356717662295,0.6595670284118281,0.9487464757274904,0.2141664615040146,1.0032211752257865,0.0443397833727004,5.309165940253087,5.5233324017571,9.031450700759887,9.506051293134952,0.05254976283435099,0.0,14.374462537765476,14.297208047244316,0.0053744263702515385,0.0053744263702515385,33.08441925048828,31.51549522170346,0.04742183977618605,0.9525781602238139,0.8720151863323009,0.8918581418581418,1.0,0.050132380857228494,186993.56975483277,174168.07630659218,2125577.675839726,14683212.409436893
2,HistGradientBoosting,train,case_159,400360,0.4093365600024301,0.5757335630661432,0.943483134303391,0.08121170313602633,1.100048663535421,-0.5399830232737343,4.308228827876949,4.389440531012976,7.735206508636474,7.826375808402458,0.01178627870687,0.0,12.345149745941162,11.590897681652834,0.06109703647266908,0.06109703647266908,27.970979690551758,27.65990825931735,0.011121220446185605,0.9888787795538144,0.8232091117993806,0.8623876123876124,1.0,0.04985013487860925,163881.98516257294,132706.98314516537,1724842.4935288155,9779111.391040415
2,HistGradientBoosting,train,case_163,400360,0.513316645634784,0.7524877706989538,0.9248851940285352,0.12352024079306564,1.5799433305469217,-0.9787887782736315,4.8691821289669655,4.992702369760032,9.154281949996946,8.601947646880049,0.06033616903367077,0.06033616903367077,13.400103712081906,12.797593689580264,0.04496308651390528,0.04496308651390528,30.699800491333008,28.65421791279838,0.06663178736657019,0.9333682126334298,0.7016684983514837,0.8911088911088911,0.9997502497502497,0.053034768708162656,205511.45224634212,226698.98364481103,1949425.7571532144,12510142.33051967
2,HistGradientBoosting,train,case_166,400360,0.48471875265831915,0.6401920686936904,0.9390016698745923,-0.21138622412308736,1.207703032216541,-0.7253034717834613,4.752669265709314,4.541283041586228,8.191421604156492,8.03929059995328,0.01857199049869663,0.01857199049869663,12.85470631599426,12.008975480512385,0.06579153305350807,0.06579153305350807,28.598407745361328,27.989569184520924,0.02128924680917446,0.9787107531908256,0.8215106404236188,0.8548951048951049,1.0,0.04962283944449995,194061.99981428465,164085.89844585728,1902778.6672193808,11733284.091455607
2,HistGradientBoosting,train,case_169,400360,0.47984251180348303,0.6561297944254151,0.932704843844456,0.19442155859085367,1.0895865308461001,-0.44626001708086377,4.506858299532411,4.7012798581232635,8.090929222106933,8.214355519083897,0.015254897625321596,0.0,12.841711378097514,12.220849765905344,0.04834726415445652,0.04834726415445652,28.405933380126953,28.429155917165858,0.0008175241675090046,1.000817524167509,0.8261065041462684,0.8506493506493507,1.0,0.050439604356079526,192109.74802564248,172357.5051236628,1804365.7888007958,10693238.037052538
2,HistGradientBoosting,train,case_170,400360,0.456018030960104,0.6283512966224445,0.903701859474374,0.21760272353664517,1.0018147924662446,-0.0839377263371416,3.5917996307210354,3.8094023542576805,6.727396512031555,7.122167842514384,0.058681145042781956,0.0,9.981185073852506,10.040093384963738,0.005901935559290695,0.0,23.188430786132812,24.873545056021904,0.07267047457548642,1.0726704745754865,0.8129683285043461,0.8314185814185814,1.0,0.054463482865421124,182571.37887518725,158072.27791355102,1438012.9001554737,6806542.575703929
2,HistGradientBoosting,train,case_173,400360,0.933579121305702,1.2584854304542716,0.8741809433790192,-0.012434905492822798,2.8611575483326064,-1.8205862372311405,2.5970050088225753,2.584570103329752,9.599425172805786,8.639744596863137,0.09997271281006785,0.09997271281006785,17.56222873687742,15.523022230046326,0.1161131959606663,0.1161131959606663,26.76559829711914,24.902279811522913,0.06961617165855702,0.930383828341443,0.8272055150364672,0.7944555444555444,1.0,0.07291437706064542,373767.7370059508,634084.3942745889,1039736.9253322062,7739855.067462722
2,HistGradientBoosting,train,case_175,400360,0.4359048402905162,0.6086774288310056,0.9383710976907739,0.21443299413853273,0.9279529669031459,0.0583409827116576,4.382044370932325,4.596477365070859,7.760565519332886,8.235051568083724,0.06114065367643806,0.0,12.505675315856932,12.606194838560745,0.008037912400968567,0.0,28.643783569335938,27.695836664576703,0.03309433275337415,0.9669056672466259,0.8528324507942852,0.8776223776223776,1.0,0.05310220801278849,174518.86185871105,148328.66070378214,1754395.284346466,10094641.527618555
2,HistGradientBoosting,train,case_179,400360,0.5016047895964485,0.6789969093954143,0.9391411252957205,-0.312247575584645,1.433432787742494,-1.1333851306687204,4.922423795128108,4.610176219543462,8.778277397155762,8.205029564572296,0.06530299814508059,0.06530299814508059,13.768545122146582,12.554864512969186,0.08814879120563016,0.08814879120563016,31.174861907958984,28.365669054852667,0.09011083549945499,0.909889164500545,0.8528824058347487,0.8871128871128872,1.0,0.05305974622839445,200822.4935628341,184580.6944364785,1970741.590617489,12733755.095619332
2,HistGradientBoosting,train,case_181,400360,0.5027796816268725,0.6798562060117578,0.9285036930423298,0.21819903845846397,1.1437246414872637,-0.27134662429644996,4.400496773867756,4.61869581232622,8.348705530166626,8.452841284206471,0.012473281476220269,0.0,12.506495037078853,12.28441191235179,0.017757423168412806,0.017757423168412806,29.049291610717773,27.662257388481095,0.047747609161144934,0.952252390838855,0.8259566390248776,0.8336663336663337,1.0,0.05182835448096713,201292.87333613465,185048.17794698765,1761782.8883856947,10340940.005454497
2,HistGradientBoosting,train,case_182,400360,0.4109814338032244,0.5851920941839337,0.9458978933522593,0.14347178544814462,0.8868610312075318,-0.14207994116537292,4.5172521324672905,4.660723917915434,8.005867195129394,8.30224334123962,0.03701986791518797,0.0,12.821896562576253,12.587864935792535,0.01825249686281162,0.01825249686281162,27.602649688720703,27.832080200304905,0.008311901725795327,1.0083119017257953,0.8482865421120991,0.8918581418581418,1.0,0.051238885003496853,164540.52683745892,137103.1967615055,1808527.0637546044,10703729.078933505
2,HistGradientBoosting,train,case_183,400360,0.46723665592834634,0.6597389561430728,0.9419213661221622,-0.24228456215912225,1.4816567685728206,-1.1186426295656677,4.862273831097952,4.61998926893883,8.673352289199828,8.168651505893196,0.058189817094722616,0.058189817094722616,13.893857116699213,12.613442877642598,0.09215685956045049,0.09215685956045049,30.76870346069336,28.487056636206624,0.07415479262561424,0.9258452073743858,0.8565291237885903,0.8646353646353646,1.0,0.05295983614746728,187062.86756747274,174258.8880775915,1946659.9510183763,12465589.519301178
2,HistGradientBoosting,train,case_184,400360,0.37848979851417974,0.5324338284912512,0.9545878331559111,0.09895547370689368,0.97074402163204,-0.37935811612669157,4.47488648801918,4.573841961726075,7.875815033912657,8.061206924569012,0.02353939114340188,0.0,12.749776926040594,12.144247274731457,0.047493352614851006,0.047493352614851006,29.159093856811523,27.18077935746161,0.06784554105366282,0.9321544589463372,0.853681686482166,0.8913586413586414,1.0,0.05270506544110301,151532.175733137,113496.36757016029,1791565.554343359,10516302.702600041
2,HistGradientBoosting,train,case_185,400360,0.40771619554328603,0.5641383651463537,0.9460203685130164,0.23225611986496328,0.8656976349437443,0.17488051569019183,4.4111433006062715,4.643399420471235,7.666236424446105,8.149843699842789,0.06308274994683907,0.0,12.235298709869317,12.290373292902412,0.0045012863469095655,0.0,25.902671813964844,28.00479870154494,0.08115482845467627,1.0811548284546764,0.8492356878809072,0.8866133866133866,1.0,0.05127385353182136,163233.25604771,127415.40876621107,1766045.331830727,10150713.984372474
2,HistGradientBoosting,train,case_186,400360,0.5926464377474866,0.7671158167341424,0.8910020179375838,0.4082979940615385,1.1102618175709382,0.5812122809818222,4.10199790038781,4.510295894449348,7.5299984931945785,8.269847734733121,0.09825357099436334,0.0,11.554426622390743,12.269750335837886,0.06190906194003197,0.0,25.107419967651367,27.890819397351247,0.11085963564898496,1.110859635648985,0.8151163952442801,0.8833666333666333,1.0,0.053576780897192526,237271.92781658372,235598.51851693832,1642275.8793992638,8898106.523626285
2,HistGradientBoosting,train,case_187,400360,0.36554456078975184,0.5365111408960587,0.9566381523808274,-0.048977513535159126,1.0867744933449945,-0.5869376098516784,4.630080605487511,4.581103091952351,8.103256320953365,8.086071882258784,0.0021206830950350132,0.0021206830950350132,13.128380126953111,12.417068990491671,0.05418118073844376,0.05418118073844376,29.0647029876709,28.07027687869638,0.03421421885495784,0.9657857811450422,0.848186632031172,0.8753746253746254,1.0,0.052425317214506946,146349.42035778504,115241.30563578621,1853699.07121298,11240442.060866356
2,HistGradientBoosting,train,case_188,400360,0.37420524193901783,0.5324206896199639,0.9567503746749233,0.08108987193393415,0.9296460647770172,-0.3572765812494131,4.561877200521213,4.642967072455146,8.110652208328247,8.26210641876413,0.01867349339432477,0.0,13.086825618743863,12.598924220071083,0.03728187513815213,0.03728187513815213,28.11197280883789,27.81547295922698,0.010547102176966259,0.9894528978230337,0.8544310120891198,0.9073426573426573,1.0,0.053062243980417624,149816.8106627052,113490.76613882392,1826393.1560006728,10955867.98698799
2,HistGradientBoosting,train,case_191,400360,0.3838588018978431,0.5543233038617756,0.9541143896944073,-0.02614003199445007,1.063460414209309,-0.5839186517225823,4.650895452266001,4.6247554202715495,8.205350446701049,8.214124746218497,0.0010693387899082009,0.0,13.111052494049055,12.297710409406212,0.06203484312277816,0.06203484312277816,29.264482498168945,27.857946340759323,0.04806290893739973,0.9519370910626003,0.8444400039964033,0.8826173826173827,1.0,0.053067239484463985,153681.70992782046,123020.34883876731,1862032.503269216,11341140.896453092
2,HistGradientBoosting,train,case_192,400360,0.36452366680887366,0.5282281369677723,0.9579616931523816,-0.055497525689505195,1.0510227505495762,-0.5929462042932657,4.594875131585384,4.539377605895881,8.175111389160156,8.073221421533228,0.01246343478108806,0.01246343478108806,12.946696014404287,12.316406937055419,0.04868339201350048,0.04868339201350048,29.42413902282715,28.384052543092988,0.03534806843208785,0.9646519315679122,0.8554301128983914,0.8796203796203796,1.0,0.05315715855729843,145940.69524360067,111710.43486106383,1839604.2076815246,11110100.202361241
2,HistGradientBoosting,train,case_193,400360,0.48533433619081845,0.6424121338812586,0.9252830633326793,0.33469017982062627,0.9671921795865215,0.4897757671810959,4.217785242945701,4.552475422766326,7.433103251457213,8.156072594616786,0.09726346032094188,0.0,11.889664096832272,12.453431379455226,0.04741658620727204,0.0,26.4258975982666,27.701202687735208,0.04825966969433271,1.0482596696943327,0.8544310120891198,0.8976023976023976,1.0,0.0530772304925567,194308.45483735608,165225.9095090617,1688632.499865741,9333647.424383583
2,HistGradientBoosting,train,case_195,400360,0.47080943847991613,0.6365437636326787,0.9438740596547837,-0.27490357317317893,1.3412336827339386,-0.9354498432880388,4.837615727860749,4.562712154687571,8.506486845016479,8.193897916735615,0.03674712416254351,0.03674712416254351,13.599721879959082,12.50362894040706,0.08059671728781856,0.08059671728781856,28.627286911010742,28.048741723737812,0.02020957099676838,0.9797904290032317,0.8456389249675292,0.8686313686313686,1.0,0.05182585672894395,188493.26678981923,162221.0528745493,1936787.8328063295,12259739.691145731
2,HistGradientBoosting,train,case_196,400360,0.4393062611563199,0.6124996228437355,0.9464026845767712,-0.13042969779461505,1.1891322375877393,-0.771137406198863,4.721619437764037,4.591189739969423,8.420341682434081,8.110839944725313,0.03675643452265463,0.03675643452265463,13.27775411605834,12.514737439070622,0.057465793561044524,0.057465793561044524,29.805959701538086,28.384052543092988,0.04770546470180334,0.9522945352981966,0.8447896892796484,0.8863636363636364,1.0,0.053494355080427616,175880.65471654423,150197.37127716147,1890347.5581032098,11727831.892893458
2,HistGradientBoosting,train,case_197,400360,0.4748755579724769,0.644682086864994,0.9317104446234958,0.27658447590920787,0.9503260297682774,-0.11711955410913256,4.335292672210596,4.611877148119804,7.936916875839233,8.279085351656352,0.04311100659989448,0.0,12.379508867263791,12.20961641606255,0.013723682661636287,0.013723682661636287,27.07880973815918,27.045542406765943,0.0012285374325872532,0.9987714625674128,0.8435907683085223,0.8691308691308691,1.0,0.05154860625437106,190121.17838986084,166395.6186473663,1735677.7742462344,9961289.997120844
2,HistGradientBoosting,train,case_199,400360,0.5498373483951542,0.7589392522409153,0.9213234054140946,-0.20476775973600925,1.6112867494127197,-1.0822179076778424,4.738719716338008,4.533951956601999,8.71670413017273,8.271784673088272,0.05104216575900247,0.05104216575900247,13.672717103958115,12.492511521884898,0.08631829160946798,0.08631829160946798,29.847414016723633,28.114565036066292,0.05805692177172931,0.9419430782282707,0.8098711159956039,0.8394105894105894,1.0,0.05124637825956639,220132.88080348395,230602.87140069297,1897193.8256330849,11921292.318331864
2,HistGradientBoosting,train,case_200,400360,0.474509004372787,0.6154593725094021,0.9340938944003259,0.36207231897964326,0.866208572969685,0.22760630421304248,4.3085884493248345,4.670660768304478,7.528428196907043,8.17563073671455,0.08596781730260812,0.0,12.027814435958856,12.151824192801499,0.01031024859112376,0.0,27.248859405517578,28.173985245308074,0.0339509931782014,1.0339509931782014,0.8549805175342192,0.8888611388611388,1.0,0.05103906484164252,189974.424990689,151652.46016998225,1724986.4715716909,9733294.889121156
2,HistGradientBoosting,validation,case_39,400360,1.9862915150632259,2.197520617857122,-0.1870778913680604,1.9169278042992166,3.2256659649019843,2.455390237274135,3.087728669230164,5.004656473529383,6.646077251434326,9.42544749101781,0.4181971010017455,0.0,10.974815073013293,13.343644581699168,0.21584231651526858,0.0,22.030895233154297,23.861267697777603,0.08308207384458793,1.0830820738445879,0.8105205315216305,0.5924075924075924,0.9827672327672328,0.053879008891997204,795231.6709707131,1933377.2212345854,1236203.0500129885,5445745.664773294
2,HistGradientBoosting,validation,case_47,400360,0.5200799095130876,0.6839231297055074,0.9413277543412422,-0.28356890497948195,0.9824792146402179,-0.22362303919236143,5.241447492183958,4.957878587204476,9.033231782913207,9.084296611191744,0.005652996569304146,0.0,14.435490150451656,14.16196242723357,0.018948280963603292,0.018948280963603292,29.597883224487305,30.08569296399457,0.016481237384695313,1.0164812373846954,0.8576281346787891,0.8976023976023976,1.0,0.05234039364571885,208219.19257265973,187268.72924351512,2098465.917970769,14190776.00859728
2,HistGradientBoosting,validation,case_63,400360,0.8147255170271562,1.1003794554089215,0.8103669686470243,0.36722801696050167,2.5707723354798304,-1.1796692737006431,3.589908255421658,3.9571362723821606,8.285945415496824,8.212855554810405,0.008820944022841715,0.008820944022841715,13.304288787841797,11.900170863176653,0.1055387437131029,0.1055387437131029,25.949066162109375,23.384409228366046,0.09883426701066497,0.901165732989335,0.7378359476471176,0.560939060939061,0.9185814185814186,0.05232041162953342,326183.50799699227,484769.8789349329,1437255.669140615,7715973.792316836
2,HistGradientBoosting,validation,case_69,400360,0.6837984744042058,0.8351953899373907,0.923641831285855,-0.4703301733236835,1.0792452399682118,-0.49899337839834307,5.590349281239787,5.120019107916103,9.673070669174193,9.577379159620518,0.009892568019648686,0.009892568019648686,15.407477064132683,14.710398891052085,0.04524284996038305,0.04524284996038305,32.95534896850586,32.41800742910459,0.01630513880811229,0.9836948611918878,0.8701168947946848,0.8913586413586414,1.0,0.05023229093815566,273765.55721246783,279271.6542312422,2238152.238237161,16169443.43154454
2,HistGradientBoosting,validation,case_81,400360,0.59995525876727,0.8287262833276275,0.9338520601379233,0.2202110384083962,1.6197810397384822,-0.9198030992465307,5.84957593964784,6.069786978056236,10.314814281463619,9.933739827051394,0.0369443834870629,0.0369443834870629,16.286035861968987,15.300844662653274,0.060493001959815336,0.060493001959815336,35.2658805847168,31.25519474637608,0.11372708611957447,0.8862729138804255,0.782445798781097,0.9033466533466533,1.0,0.0530647417324408,240198.08740006422,274962.1444821734,2341936.2231974094,17856109.41474756
2,HistGradientBoosting,validation,case_105,400360,0.5766929082654781,0.8486903597683838,0.8502293434544365,0.37398134155251284,1.3084565858228514,1.0096582029148184,4.1177261345419325,4.491707476094445,6.899764347076416,8.355440367867203,0.21097474458060148,0.0,10.9968593406677,12.156088757224644,0.1054145898065618,0.0,24.234914779663086,26.485711919158827,0.09287415119711975,1.0928741511971198,0.8005295234289139,0.8593906093906094,1.0,0.04972025177340394,230884.77275316685,288369.42982315045,1648572.835225208,8713778.17665891
2,HistGradientBoosting,validation,case_133,400360,0.3914606118828708,0.5395393928452062,0.9545048223692247,0.12420637534729573,0.923700527213315,-0.33413440088664514,4.494560615819249,4.6187669911665425,8.05308094024658,8.160381215917699,0.013324127308204214,0.0,12.81892926216123,12.324070104118722,0.03860378257201469,0.03860378257201469,28.935829162597656,28.1128834011225,0.028440372551649357,0.9715596274483507,0.8605754820661404,0.8776223776223776,1.0,0.05326456189429513,156725.17057342615,116545.89956502496,1799442.2881493943,10649422.287634764
2,HistGradientBoosting,validation,case_143,400360,0.7531786196802118,0.9000033636241533,0.8710871897871596,0.6665702808663525,1.0240533991967822,0.5015257331178414,4.474318076376679,5.140888357243031,7.921590662002563,8.712801806875948,0.09988033699703543,0.0,12.536460180282564,13.072921891693728,0.04279212023940496,0.0,29.560705184936523,29.529532842314662,0.001054519586959855,0.9989454804130401,0.8681186931761414,0.8636363636363636,1.0,0.05388650214806674,301542.5921751696,324294.0239935485,1791337.9850581675,10530623.36365127
2,HistGradientBoosting,validation,case_151,400360,0.6044303702622389,0.7771413386573232,0.8637707947577539,0.5003435111748139,1.1320586715095255,0.4834237027833569,3.846295328628278,4.34663883980309,6.654342794418334,7.613918437153489,0.14420291715961003,0.0,10.317672529220548,10.85609753001267,0.0521847344221534,0.0,23.825817108154297,25.984909142998447,0.09061985261799096,1.0906198526179909,0.790588470376661,0.7734765234765235,1.0,0.047439804176241385,241989.74303818995,241796.88561772858,1539902.7977696173,7697847.87186607
2,HistGradientBoosting,validation,case_157,400360,0.6992735998227146,0.8695162013624057,0.8590032398759118,0.6316272282028738,1.3315303431656764,0.9470725755950242,4.141123750788858,4.772750978991732,7.273385071754455,8.357388703024617,0.1490370192937802,0.0,11.7065015220642,12.88596344577186,0.10075272458510624,0.0,26.843324661254883,29.028568314019154,0.08140733982621787,1.0814073398262178,0.8595264262164052,0.8606393606393606,1.0,0.05241033070236787,279961.17842502205,302695.5508054785,1657940.3048658273,9012562.259375302
2,HistGradientBoosting,validation,case_165,400360,0.8258960661217577,1.100254043474746,0.813250284252756,-0.12651059305137097,1.8955044324022454,-0.6177592961469368,3.916683115704931,3.7901725226535596,8.25058135986328,8.254561239773032,0.0004823756940467511,0.0,13.54518896102898,13.13883942063369,0.029999547556287542,0.029999547556287542,26.689733505249023,24.7000329605676,0.07454928481358242,0.9254507151864176,0.7735038465381157,0.6840659340659341,0.9837662337662337,0.050187331401738436,330655.7490325069,484659.3852986771,1568083.252203626,8736920.126982423
2,HistGradientBoosting,validation,case_171,400360,0.4846208521781603,0.6724123652427919,0.9476022838822199,0.15879401009396132,1.0212685758718691,0.12663856065454604,5.335408860563249,5.494202870657213,9.183458948135376,9.695933446393648,0.05580408222572006,0.0,14.578658542633027,14.714053970601253,0.00928723500672454,0.0,33.82589340209961,32.55461243675926,0.0375830713538949,0.9624169286461051,0.8650214806673994,0.8833666333666333,1.0,0.04936806873813568,194022.80437804825,181018.1253925776,2136084.2914151023,14851578.007787077
2,HistGradientBoosting,validation,case_180,400360,0.6227490391381842,0.8619743363097108,0.8803431084117339,0.3531159811789562,1.4288931032643097,0.7448582758792132,4.617005859716327,4.970121840895284,7.6927731275558475,8.577669778378143,0.11502960455866777,0.0,12.1202414035797,13.237089474626492,0.09214734540823029,0.0,27.940109252929688,28.060441514897153,0.00430679282167976,1.0043067928216798,0.7986811869317614,0.8426573426573427,1.0,0.053551803376960735,249323.80530936344,297467.3824949509,1848464.4659960286,11020374.196065595
2,HistGradientBoosting,validation,case_189,400360,0.403718022502513,0.5713447493651372,0.9487338308541425,-0.00962288827911448,1.0667248182464093,-0.47688096860352996,4.50395661685842,4.4943337285793055,7.995612788200375,8.013544725084763,0.002242722022613693,0.0,12.753865308761585,12.304917297933017,0.035200937124539956,0.035200937124539956,29.364471435546875,28.44144787722074,0.03143334489613114,0.9685666551038689,0.8332500749325606,0.8593906093906094,1.0,0.05226795883704666,161632.5474891061,130691.44558699036,1803204.071125437,10670825.610614894
2,HistGradientBoosting,validation,case_194,400360,0.4167997707220078,0.6083369635084107,0.943377100965133,-0.020726011258881245,1.2426714311697085,-0.631276585837661,4.4735464772618485,4.452820466002968,8.246804285049436,8.179663728910082,0.008141402877848333,0.008141402877848333,12.928755416870114,12.207326911891464,0.05580030573068873,0.05580030573068873,28.35040283203125,27.31040253849552,0.036683792456052945,0.9633162075439471,0.8135677889899091,0.8553946053946054,1.0,0.0515086422220002,166869.95620626304,148162.77105827478,1791029.0676365537,10628909.940717285
2,HistGradientBoosting,internal_test,case_12,400360,0.638723022760742,0.8187783022174991,0.9320506293121875,-0.4655332408925884,1.475780105441756,-1.041385410580243,5.6733454984825915,5.207812257590003,10.082114791870117,9.65463931233595,0.04239938627547352,0.04239938627547352,16.142577419280983,14.883730028947905,0.07798304803726619,0.07798304803726619,36.23194885253906,32.58433714463535,0.10067390309997351,0.8993260969000265,0.8726646018583275,0.8876123876123876,1.0,0.05206064541912279,255719.14939249068,268400.50651981373,2271380.6037724903,16836334.16889702
2,HistGradientBoosting,internal_test,case_20,400360,0.5989152462795524,0.7693833467277879,0.941700355141021,-0.4386274006210322,1.4321213221899431,-0.9904615734793322,5.788521283110883,5.349893882489851,10.149102687835692,9.745397649773517,0.03977741190322559,0.03977741190322559,16.289631748199415,15.063961188657457,0.07524237370666399,0.07524237370666399,36.26679992675781,32.58433714463535,0.1015381227337217,0.8984618772662784,0.8851533619742232,0.9055944055944056,1.0,0.05260765311219902,239781.7080004816,236993.39595314048,2317492.380906273,17479945.55924125
2,HistGradientBoosting,internal_test,case_27,400360,0.7081687148823035,0.8778859626286794,0.8842093117732724,-0.41574194113791,0.9779360485208755,-0.19908901888378236,4.916951870695414,4.501209929557505,8.11301689147949,8.336805699113354,0.027583919844773604,0.0,13.111589975357049,12.642468892471602,0.035779114795928664,0.035779114795928664,27.218610763549805,28.12826128036389,0.03342016698487262,1.0334201669848726,0.8473373963432911,0.8913586413586414,1.0,0.05245029473473874,283522.42669027904,308550.9515070102,1968550.850951616,12344000.055735279
2,HistGradientBoosting,internal_test,case_42,400360,0.8890087413985576,1.1344889456053073,0.8151084708481801,0.5953562123702334,2.1415486157413137,-0.7523638234642973,4.11715438872547,4.7125106010957,8.91228380203247,9.048620991025356,0.015297671396168324,0.0,13.76958976745605,13.018250868494865,0.054565089566934566,0.054565089566934566,24.76995849609375,26.25482121319615,0.05994611243844284,1.0599461124384428,0.7543710660405635,0.6298701298701299,0.9205794205794205,0.03988660205814767,355923.5397063265,515289.410540629,1648343.931070129,9573468.703283088
2,HistGradientBoosting,internal_test,case_43,400360,0.8379363900420043,1.0951874373083097,0.8292688368827971,0.4928524987608729,2.0847389743174554,-0.9191780769645044,4.204806520399298,4.697659019160174,9.005365419387815,8.870271798035722,0.015001459136932665,0.015001459136932665,13.601225948333738,12.959000670920194,0.047218190467030824,0.047218190467030824,24.57630157470703,26.43128609845331,0.07547858729302687,1.0754785872930268,0.7518233589769208,0.6588411588411588,0.9445554445554446,0.04092816465181337,335476.21311721683,480206.0059233989,1683436.3385070632,9891168.235563483
2,HistGradientBoosting,internal_test,case_68,400360,0.7097116999646814,1.015669453536483,0.8751536164783889,-0.011311777931314828,2.4217110787422254,-1.4971684387875426,4.470923505812859,4.459611727881544,9.673214769363403,8.955979322761273,0.07414654421544818,0.07414654421544818,14.204864883422841,13.001928106346673,0.0846848447309064,0.0846848447309064,30.399791717529297,27.1413533542126,0.10718620685278567,0.8928137931472143,0.7589669297632131,0.653096903096903,0.9288211788211789,0.05182835448096713,284140.17619785987,413005.1459368241,1789978.9347872362,11310965.499439059
2,HistGradientBoosting,internal_test,case_84,400360,0.5879635782789953,0.7488461139132444,0.9445666613640479,-0.3754760941626687,1.273742906235599,-0.7894043638133894,5.8500024248584594,5.47452633069579,10.052421236038205,9.811753706465199,0.023941249965750182,0.023941249965750182,16.077098846435536,15.057721128369769,0.06340557632957355,0.06340557632957355,35.38292694091797,32.65108651745006,0.07720786999983087,0.9227921300001691,0.8812568688180638,0.9043456543456544,1.0,0.05310470576481167,235397.09819977853,224510.0783100234,2342106.970816333,17751422.6822564
2,HistGradientBoosting,internal_test,case_94,400360,0.5466227379595553,0.8213332128561335,0.8852083479275195,0.2898438884812747,1.6858633823473015,0.7454512822039935,4.538194797936468,4.8280386864177425,7.718307733535765,8.759489724043718,0.13489770380417138,0.0,12.303719158172552,13.415914039096947,0.09039501524916045,0.0,24.009641647338867,30.3336287177359,0.263393646739328,1.263393646739328,0.7904386052552702,0.7994505494505495,1.0,0.04578379458487361,218845.87936948755,270078.1503849861,1816911.6693018444,10598267.30129735
2,HistGradientBoosting,internal_test,case_100,400360,0.5530759909824706,0.7253836349151617,0.9465541020825087,-0.3576621685598604,1.341024282474945,-0.8661409161580049,5.697571016647155,5.339908848087295,10.016252183914181,9.730872485243118,0.028491664689650566,0.028491664689650566,16.072310028076142,14.94507571774645,0.07013517710649975,0.07013517710649975,36.00269317626953,32.167539423845234,0.10652407956391895,0.893475920436081,0.8821061045059446,0.8988511488511488,1.0,0.052627635128384455,221429.50374974194,210661.992431502,2281079.532224855,16938205.916138913
2,HistGradientBoosting,internal_test,case_114,400360,0.7084714138430238,0.9775738879852062,0.7762132763222342,0.48957350556148516,1.732323887154942,1.5331073744487516,3.8466171109917005,4.336190616553186,6.512721204757687,8.309571507507183,0.27589854474913755,0.0,10.346745529174791,12.16153106987864,0.1753967501748917,0.0,23.000751495361328,26.71024030019296,0.16127685243587556,1.1612768524358756,0.8000799280647417,0.8516483516483516,1.0,0.04676541112998302,283643.615246193,382604.3168425343,1540031.6265566372,7633594.826299871
2,HistGradientBoosting,internal_test,case_124,400360,0.43570226630580966,0.6228036643409388,0.944163570648503,-0.18274139254371816,1.3350667498117874,-0.9400333598303833,4.68614249334891,4.503401100805192,8.326841783523559,8.03367250799105,0.03520773939918106,0.03520773939918106,13.333128252029367,12.258331954057395,0.08061096223299152,0.08061096223299152,28.74965476989746,27.824949183110512,0.03216405881002679,0.9678359411899732,0.8391447697072635,0.8708791208791209,1.0,0.0530172844440004,174437.75933819395,155293.40011215425,1876144.0086371698,11573098.271248205
2,HistGradientBoosting,internal_test,case_156,400360,0.42821293528261484,0.5973326318879517,0.9485201576049793,-0.18119067899522626,1.2689899985695,-0.8309495192995502,4.732292953646106,4.551102274650881,8.350664710998535,8.118460204582677,0.027806709340158865,0.027806709340158865,13.289695453643796,12.257714340236765,0.07765272853743843,0.07765272853743843,28.11277961730957,27.488173576195862,0.02221786851447184,0.9777821314855282,0.8544310120891198,0.8646353646353646,1.0,0.051413727645119395,171439.33076974767,142850.95950559742,1894620.8069217552,11740791.85297921
2,HistGradientBoosting,internal_test,case_164,400360,0.5054495131563533,0.7051214409959775,0.9140892248063539,0.2522851552738394,1.0809118522835104,0.25784589102879146,4.41744805846477,4.66973321373861,7.523049545288086,8.104444910334012,0.07728187373298254,0.0,11.752422008514381,12.242248575186562,0.04167877619756261,0.0,27.64034652709961,26.921056839213794,0.026023179093670107,0.9739768209063299,0.8081226895793786,0.8394105894105894,1.0,0.054735737835947644,202361.76708727764,199057.48926965636,1768569.5046869554,10129589.802121753
2,HistGradientBoosting,internal_test,case_176,400360,0.53767400487294,0.7017118332810908,0.9127862976411026,0.21755514729395956,1.109876011762439,-0.30416723879615304,4.060998864911518,4.2785540122054755,7.827819538116455,7.984267437848562,0.01998614032557927,0.0,11.872080402374266,11.597262825872889,0.02314822400010169,0.02314822400010169,27.17892074584961,27.596393801586153,0.015360177824584676,1.0153601778245847,0.8121190928164652,0.8246753246753247,1.0,0.051616045558996904,215263.16459093028,197137.06260559175,1625861.5055559753,8863012.667989213
2,HistGradientBoosting,internal_test,case_190,400360,0.42676159150382126,0.6104069648672139,0.9465443327034743,-0.17014440430382774,1.2604684056416515,-0.856812312699797,4.71106754251522,4.540923138211393,8.360267305374144,8.13416836041928,0.027044463615358817,0.027044463615358817,13.360542898178092,12.374301763795481,0.07381744453790871,0.07381744453790871,28.387516021728516,27.85661653760386,0.018701864711174195,0.9812981352888258,0.8375961634528925,0.8728771228771228,1.0,0.05239284643820562,170858.2707744699,149172.79990195466,1886123.0013213935,11676241.904284762
2,ExtraTrees,train,case_01,400360,0.4365784904314461,0.6421263689295005,0.9607782469556294,-0.3743861693125569,1.846734516974548,-1.4797395809092255,5.896753568734742,5.522367399422186,10.326234483718872,9.629295752706158,0.06749204970229578,0.06749204970229578,16.558459148406914,14.6376516454246,0.11600158479523223,0.11600158479523223,37.16805648803711,30.62451738672451,0.17605276464801703,0.823947235351983,0.9211209911080028,0.9025974025974026,1.0,0.05333949445499051,174788.56442913375,165078.94692835683,2360824.2587786415,18130060.897750977
2,ExtraTrees,train,case_06,400360,0.2862611769018236,0.44700393619549283,0.9804756271509033,-0.015110413636994401,1.2086571309944114,-0.7735212429588043,5.917631487748422,5.902521074111428,10.134570455551147,9.802518392191152,0.03276429571596851,0.03276429571596851,15.962084121704066,14.917960848999096,0.06541271582983632,0.06541271582983632,32.9944953918457,29.87624629349901,0.09450816147706088,0.9054918385229391,0.8595264262164052,0.9075924075924076,1.0,0.05332201019082825,114607.5247844141,79996.94009653643,2369182.942434958,18117237.60923312
2,ExtraTrees,train,case_10,400360,0.35301387009776247,0.5313554255820542,0.9718572243326253,-0.25411535730648865,1.4524448111662787,-1.1152622781900254,5.735561601321801,5.481446244015316,10.146135330200195,9.665487456973771,0.04737250761832093,0.04737250761832093,16.147420253753637,14.666402369731712,0.09171854455684011,0.09171854455684011,36.003170013427734,30.78050273099723,0.1450613176696013,0.8549386823303987,0.9274652812468778,0.9138361638361638,1.0,0.0534244180237786,141332.63303234018,113037.07720998074,2296289.4427051963,17187067.072017305
2,ExtraTrees,train,case_11,400360,0.41956799360311514,0.6655919417071903,0.9613959358471335,-0.2836905061559352,1.9995469467364333,-1.5397555241435572,6.201051010845691,5.917360504689758,10.622378873825072,10.172428634335013,0.04235870748300979,0.04235870748300979,17.002918834686216,14.935392543896706,0.12159831561224213,0.12159831561224213,35.55618667602539,30.23934830885114,0.1495334248191259,0.8504665751808741,0.8443900489559396,0.8916083916083916,1.0,0.05372414826656009,167978.24191894318,177364.5376940507,2482652.782702181,19989509.012440648
2,ExtraTrees,train,case_13,400360,0.27913650967926673,0.4223209429551197,0.9782013642665267,-0.05206720487738317,1.0898562064620343,-0.5563629331249607,5.239577948061452,5.187510743184071,9.118360137939451,9.046789704589168,0.007849046568416902,0.007849046568416902,14.603178558349592,13.713530687304099,0.06092152249530796,0.06092152249530796,30.08977508544922,29.791510330362353,0.009912495332379541,0.9900875046676204,0.8974922569687281,0.9035964035964036,1.0,0.052715056449195725,111755.09301519123,71406.19933578964,2097717.427285883,14266872.702133816
2,ExtraTrees,train,case_14,400360,0.304142604420573,0.4196444161764968,0.9790785579819695,0.026682132488208832,0.8516666969882162,-0.2728541951477941,5.300424085269767,5.327106217757975,9.186977624893188,9.356769430716334,0.0184817915919458,0.0,14.805124273300162,14.293279935259406,0.03457210683221524,0.03457210683221524,30.95267105102539,29.75185157096341,0.0387953426727675,0.9612046573272325,0.9162253971425717,0.9198301698301699,1.0,0.05315216305325207,121766.5331058206,70503.97092821525,2122077.7867786037,14617850.616076909
2,ExtraTrees,train,case_15,400360,0.41184224924718915,0.7659661447050083,0.8253210809897734,0.3647306226866839,1.8102503145286923,0.8151814910019589,3.3780577288595954,3.7427883515462783,5.832143068313598,6.918772405089887,0.1863173320764394,0.0,9.363036231994613,10.631112302907276,0.13543428002334282,0.0,18.940412521362305,26.820541621460418,0.4160484409307537,1.4160484409307537,0.7600159856129484,0.6253746253746254,1.0,0.049408032770506545,164885.16290860466,234892.86742224183,1352439.1923262277,5913329.831794531
2,ExtraTrees,train,case_16,400360,0.30852075979307836,0.4580321340772486,0.9779715594135063,-0.10952858619812945,1.172837321797478,-0.7701774469040584,5.625429952986378,5.515901366788249,9.801409292221068,9.619642875959816,0.018544926636775833,0.018544926636775833,15.720469598770103,14.624774336736172,0.06969863432830617,0.06969863432830617,34.04954528808594,30.316843619239215,0.10962559521030693,0.8903744047896931,0.9155260265760815,0.9225774225774226,1.0,0.05333949445499051,123519.37139075685,83992.8999758485,2252197.1359776263,16482507.138438577
2,ExtraTrees,train,case_17,400360,0.3128122590087804,0.47039589473696625,0.972117945227932,0.21829785961218273,0.8936990385977397,0.06816318110401795,5.224712665699665,5.4430105253118475,8.882305335998534,9.3057100979545,0.04766834126270981,0.0,13.956213130950902,13.794134762469504,0.01161334861832641,0.01161334861832641,27.7415714263916,28.014242790132204,0.009828980469404856,1.009828980469405,0.8732640623438905,0.9040959040959041,1.0,0.05307972824457988,125237.51601675531,88588.57714135916,2091765.9628395182,14106137.547034325
2,ExtraTrees,train,case_18,400360,0.37551159501031517,0.5397172690200708,0.9698744192522051,-0.2810761118796387,1.3985643202420386,-1.0045089831421214,5.653727981126508,5.372651869246869,9.915027427673339,9.460974708580556,0.04579439869480327,0.04579439869480327,15.819301843643087,14.556363556226254,0.07983527338308798,0.07983527338308798,36.45985412597656,30.888257915159862,0.15281455026028487,0.8471854497397151,0.9254670796283345,0.9115884115884116,1.0,0.05321710460585473,150339.82217832978,116622.75829436562,2263526.534523809,16668583.556267565
2,ExtraTrees,train,case_19,400360,0.44532949772336244,0.6419205094265058,0.9608057081022523,-0.3765627992994181,1.7973822253577039,-1.4365754799852546,5.885521276208228,5.508958476908808,10.343796873092652,9.670074496380497,0.06513298597971413,0.06513298597971413,16.581697864532423,14.710260891891858,0.11286160126240705,0.11286160126240705,35.93040466308594,30.568798152743014,0.14922199069612244,0.8507780093038776,0.9137776001598561,0.8993506493506493,1.0,0.05362923368967929,178292.1177085254,164973.11846750596,2356327.298142726,18077325.27607492
2,ExtraTrees,train,case_21,400360,0.4117850971705937,0.6091314136778658,0.9372144469303277,0.2650984351278643,1.1272283020789646,0.7252954830915462,4.529992944088067,4.795091379215931,8.021694707870484,8.893033647554027,0.10862279997126158,0.0,12.29129181861873,13.105921095731816,0.06627694542888436,0.0,23.24169158935547,26.03996181510625,0.12039873324161862,1.1203987332416185,0.8498351483664702,0.8888611388611388,1.0,0.05092666600059946,164862.2815032189,148550.0064401646,1813627.9750950986,10581712.180962272
2,ExtraTrees,train,case_24,400360,0.30941792054606215,0.43721949411248495,0.9762328898519652,0.013913133198773646,0.9225253876793016,-0.2748996004354234,5.304625899199469,5.3185390323982435,9.102337694168089,9.218391307565822,0.012749869022338026,0.0,14.59939882278439,14.212313637454619,0.0265137756717538,0.0265137756717538,27.87183380126953,29.594338411351004,0.06180090705058001,1.06180090705058,0.9024877610150864,0.8878621378621379,1.0,0.05127385353182136,123878.55866982145,76533.17233176241,2123760.0250034994,14485881.92450586
2,ExtraTrees,train,case_28,400360,0.3269855273579564,0.4975793180230898,0.9731591787613905,-0.12456488143312883,1.39222062072423,-0.9043584499782163,5.5266866433473245,5.402121761914194,9.724851751327513,9.42290777822612,0.031048696763955844,0.031048696763955844,15.672686471939013,14.505716666778362,0.07445882409821948,0.07445882409821948,36.075843811035156,30.282741161243287,0.16058120996797948,0.8394187900320205,0.9280647417324408,0.8993506493506493,1.0,0.053469377560195826,130911.92573303143,99123.20175371002,2212664.264530535,15921703.859572133
2,ExtraTrees,train,case_29,400360,0.7443588341124084,1.3092170374353285,-0.36216546742568867,0.7345907961187964,2.5914350849595347,1.9077118286527364,2.033673969191559,2.768264765310355,3.50241869688034,5.632080537692843,0.6080546117200171,0.0,5.4425946283340405,9.08215492936329,0.6687178725532432,0.0,12.888184547424316,25.618699231706042,0.9877663248409877,1.9877663248409878,0.6365271255869718,0.33966033966033965,0.9965034965034965,0.04076581077030672,298011.50282524386,686236.7581747752,814201.7103055326,2159604.52317288
2,ExtraTrees,train,case_32,400360,0.40488063827347515,0.628857229926112,0.9566558754366498,-0.1735686295547863,1.6808112129770227,-1.0515086474027948,5.271242364639071,5.0976737350842845,10.015990829467771,9.509726081370946,0.05054564812573087,0.05054564812573087,15.115796918868979,13.695064230017149,0.09398992963965637,0.09398992963965637,33.723785400390625,26.934134589738168,0.2013312186055428,0.7986687813944572,0.8544809671295833,0.8738761238761239,1.0,0.052312918373463885,162098.01233916852,158326.9323617641,2110394.5931068985,14777190.176314557
2,ExtraTrees,train,case_34,400360,0.2601271264398151,0.39871122738700454,0.9750501754440871,0.06364702840390846,0.7656733829810533,0.17543042498971298,4.684073457170518,4.747720485574426,8.226318550109863,8.575560838562716,0.04245426266020161,0.0,12.876111402511585,13.041811146070355,0.012868772129949819,0.0,30.05852508544922,27.81133654943063,0.0747604391642759,0.9252395608357241,0.8815565990608453,0.9235764235764236,1.0,0.05351683484863623,104144.49634144438,63645.48656920466,1875315.6493127886,11335055.49990527
2,ExtraTrees,train,case_35,400360,0.2714089946439387,0.45859054928471754,0.9495906831692442,0.18176690857721714,1.0071737320004397,0.6193587374282244,3.846318012911481,4.028084921488699,6.875816249847412,7.572380752236858,0.10130644523912403,0.0,10.138929128646827,11.174858549029215,0.10217345512904737,0.0,21.769367218017578,23.385352778771033,0.07423208697660133,1.0742320869766013,0.8613747627135578,0.8848651348651349,1.0,0.05168598261564592,108661.30509564729,84197.82666238517,1539911.8796492405,7593273.8350793915
2,ExtraTrees,train,case_36,400360,0.451100917147127,0.7398307172947541,0.9550365472992921,0.07544149293966983,1.9820499367761681,-1.095926726185296,3.0640295821179975,3.1394710750576684,9.813024330139159,9.879122435785398,0.006735752752923348,0.0,19.2957092285156,17.433941433038164,0.09648610338334068,0.09648610338334068,31.747325897216797,24.168594541573267,0.2387203060875101,0.76127969391249,0.9003396942751524,0.8843656343656343,1.0,0.0657208512338895,180602.76318902377,219136.84191763925,1226714.8834967616,8632356.497202441
2,ExtraTrees,train,case_40,400360,0.3849095574013281,0.5115204607978469,0.9658092998847606,-0.2780370373144871,1.134950650234601,-0.8288313265915197,5.041594912488031,4.763557875173545,8.88729267120361,8.595300194866812,0.03285505351735574,0.03285505351735574,14.066408891677813,13.030956107489398,0.0736117364540018,0.0736117364540018,32.35271072387695,28.17935048149172,0.1289956899749117,0.8710043100250883,0.8978419422519732,0.9155844155844156,1.0,0.05297482265960635,154102.3904011957,104755.46787138995,2018452.9391637081,13240080.589726774
2,ExtraTrees,train,case_44,400360,0.3100908089506582,0.43742248591999333,0.9771927714032579,-0.18440077773204783,0.9019518069478741,-0.4827722993464089,5.309876889919772,5.125476112187727,9.196964502334595,9.090148500574914,0.011614267047846715,0.011614267047846715,14.862060785293576,14.269850677384385,0.039847105759061294,0.039847105759061294,32.25737762451172,29.70193348380663,0.07922045525372337,0.9207795447462767,0.9199220701368768,0.9253246753246753,1.0,0.053659206713957436,124147.95627148551,76604.25431059854,2125862.31164828,14646837.997959476
2,ExtraTrees,train,case_45,400360,0.38431174091280634,0.6596537382023031,0.9576752717595091,-0.004635126658759576,1.964543615981737,-1.2503693051402374,5.207303312044021,5.202668185385262,10.862130212783812,10.438465759480774,0.03900380910591744,0.03900380910591744,15.904301156997667,14.459074343683533,0.0908701865644851,0.0908701865644851,36.334930419921875,26.59299874570798,0.2681147744505531,0.7318852255494469,0.9051853332001198,0.8094405594405595,0.9997502497502497,0.05288989909081827,153863.04859185114,174213.8732292658,2084795.9540099443,14972289.90461304
2,ExtraTrees,train,case_48,400360,0.46039061165176204,0.7140586973678249,0.9541593076413187,-0.40003127273864214,2.181396352595851,-1.783231648120228,6.037508846064417,5.637477573325777,10.65202441215515,9.676989253372183,0.0915351975414498,0.0915351975414498,16.89704576492309,14.725391615696068,0.1285227121616253,0.1285227121616253,36.57381820678711,30.476583311778132,0.16671037353921928,0.8332896264607808,0.9132280947147567,0.8811188811188811,1.0,0.053981416724947544,184321.98528089945,204135.48605103715,2417177.04161035,19046877.92117989
2,ExtraTrees,train,case_49,400360,0.4716096011108954,0.6537857609886022,0.9586709021480369,-0.4060393157496564,1.5692355717284028,-1.268417712743472,5.85295244275635,5.446913127006694,10.265372943878171,9.622023488281917,0.0626718054096535,0.0626718054096535,16.352748069763166,14.684256737991634,0.10203125032279035,0.10203125032279035,34.92753982543945,30.35027474680975,0.13105031449411894,0.868949685505881,0.9284144270156859,0.9183316683316683,1.0,0.053471875312219,188813.6199007581,171128.20540423598,2343288.0399819324,17855776.270638056
2,ExtraTrees,train,case_51,400360,1.3875455232808955,1.657476036212689,0.23429249942948693,1.37066578626469,2.825658009348054,2.4016083816432143,3.495074740730534,4.865740526995225,6.196873641014097,8.513765416402876,0.37388075174784874,0.0,9.536471252441398,12.83649151913908,0.34604207146882093,0.0,19.359146118164062,27.01117178982674,0.3952666933219244,1.3952666933219244,0.7388350484563893,0.8136863136863137,1.0,0.048898491357778,555517.7257007393,1099879.7258995539,1399288.1231988766,6327039.392613842
2,ExtraTrees,train,case_52,400360,0.3778300106267033,0.4899424481778951,0.9740184328845708,-0.21537968308464692,0.9049669416855227,-0.4633028559986159,5.676126365691693,5.460746682607045,9.567922735214232,9.48426952510323,0.008743090054764046,0.008743090054764046,15.024835319519037,14.48912418224562,0.035655042193871146,0.035655042193871146,33.935302734375,29.539539575842127,0.12953363619414993,0.8704663638058501,0.9106304326106505,0.9278221778221778,1.0,0.05312718553302028,151268.02305450692,96103.85670752934,2272493.951768326,16597887.395390868
2,ExtraTrees,train,case_54,400360,0.32819284361819107,0.4649812219342337,0.9746293644049785,-0.19073075357103167,0.9485438511063753,-0.47532607155263923,5.355598113270859,5.164867359699828,9.406452131271362,9.173769701294843,0.024736470959436,0.024736470959436,14.854768409728997,14.30507002024535,0.03700484412288974,0.03700484412288974,33.38887405395508,29.633234407920952,0.11248176982443803,0.887518230175562,0.8871016085523029,0.9235764235764236,1.0,0.05376161454690778,131395.28687097898,86560.84941381175,2144167.260629121,14895149.962829953
2,ExtraTrees,train,case_56,400360,0.44174119370895504,0.6520410021791594,0.9417946256573202,0.19929667044791782,1.2096631475708666,0.2627438716235729,4.807046602232076,5.0063432726799935,9.012357282638549,9.358363887659678,0.03839246427654151,0.0,12.885962295532151,13.621663545455098,0.057093233167229654,0.0,27.991840362548828,26.482597246580468,0.053917252185662796,0.9460827478143372,0.7898890998101709,0.9175824175824175,1.0,0.053194624837646115,176855.50431331724,170216.04409778924,1924549.177669634,12175801.835297506
2,ExtraTrees,train,case_57,400360,0.27123365294655516,0.4466217038121323,0.9770828018648414,-0.04448548961955,1.162251353841539,-0.6294365773178855,5.400399450375989,5.355913960756438,9.728502988815302,9.414522038565217,0.032274333534261575,0.032274333534261575,14.611289510726927,13.900868155265506,0.048621400249434676,0.048621400249434676,32.06071853637695,28.643089158107017,0.1065986520043898,0.8934013479956102,0.8496852832450794,0.9078421578421578,1.0,0.05362174043360975,108591.10529368282,79860.18806709458,2162103.923952531,15160952.23359229
2,ExtraTrees,train,case_58,400360,0.5519735562353317,0.8341093607253175,0.8304308133643532,0.5258418859369719,1.8186829213847857,1.3245251268193667,3.828242068613012,4.354083954549984,6.500666666030883,7.7136854966111414,0.18659914327231497,0.0,10.108694267272929,11.869343277712632,0.17417175392669998,0.0,20.552814483642578,27.451779215714716,0.3356700727076982,1.3356700727076982,0.786042561694475,0.800949050949051,1.0,0.05024727745029473,220988.1329743774,278545.836093073,1532674.9945899055,7510118.65249189
2,ExtraTrees,train,case_59,400360,0.2669662993581019,0.4399558127608741,0.9766651536809616,-0.006241606454733263,1.1887447636490038,-0.6452905204988658,5.287436591513801,5.281194985059069,9.45020728111267,9.206941674476038,0.025741827602324244,0.025741827602324244,14.667274990081749,13.872410358499172,0.05419306804570565,0.05419306804570565,32.03961944580078,28.43107808970714,0.11262747243917685,0.8873725275608232,0.8580777300429613,0.906093906093906,1.0,0.05347936856828854,106882.62761100967,77494.12887501807,2116878.1137784654,14513820.411748566
2,ExtraTrees,train,case_60,400360,0.38525033227787536,0.5720621324007925,0.9664365967846718,-0.2671283372584299,1.5227402931948462,-1.0829255999535918,5.622468909648277,5.355340572389849,9.96433162689209,9.521994057857013,0.04439209628885502,0.04439209628885502,15.850470104217512,14.459165881377455,0.08777684281236917,0.08777684281236917,36.91607666015625,30.109708812612613,0.18437408477076309,0.8156259152292369,0.9225197322409832,0.9078421578421578,1.0,0.05349935058447397,154238.82303077017,131019.84516077445,2251011.6526667844,16559895.004739292
2,ExtraTrees,train,case_61,400360,0.4191776566010953,0.5666871993630223,0.9661324145443886,-0.15116021644198463,0.9885128103303367,-0.474181620404452,5.705564880105384,5.554404663663398,9.68325624465942,9.658225605844747,0.002584940249668426,0.002584940249668426,15.157886562347406,14.549996498789532,0.04010387998732542,0.04010387998732542,33.85128402709961,30.326728035915057,0.10411882717249286,0.8958811728275071,0.9010890198821061,0.9185814185814186,1.0,0.053816565091417724,167821.9665968145,128569.36114625417,2284279.9553989917,16829343.90342225
2,ExtraTrees,train,case_62,400360,0.49362701475610465,0.8253726935849995,0.6322721706514818,0.46406304270748316,1.9134401439520214,1.5871453778899873,2.474723175269594,2.9387862179770776,4.507473468780517,6.1555093172951825,0.36562297258746523,0.0,6.4952899599075264,8.73817376524207,0.3453092655106772,0.0,14.41285228729248,18.4029281943682,0.2768415180799216,1.2768415180799215,0.7577680087920872,0.6073926073926074,0.998001998001998,0.05023229093815566,197628.51162775405,272741.27975629666,990780.1704509346,3193599.9834185
2,ExtraTrees,train,case_64,400360,0.49136355434866646,0.6452626144311288,0.9108869741645336,0.33017975016944306,1.2343588779684287,1.0539415233511205,3.9771937318564388,4.30737348202588,6.892904663085936,7.9679544751095985,0.15596470059726103,0.0,10.860165023803638,12.076978969906547,0.11204378049834957,0.0,23.340909957885742,26.015604984527755,0.11459257721605516,1.1145925772160552,0.8810070936157458,0.9055944055944056,1.0,0.04998501348786093,196722.3126190321,166695.42761596793,1592309.2824860439,8203529.247202241
2,ExtraTrees,train,case_66,400360,0.3553105561370647,0.5632117977731504,0.9581832393077945,0.1427072901368818,1.0028272092486132,-0.08485089909910579,3.3097094398571456,3.452416729994025,8.640856552124024,8.83627505255864,0.02261563992594928,0.0,14.484742507934437,14.419319003095822,0.004516718526599755,0.004516718526599755,22.389339447021484,20.49106131263986,0.0847849101968105,0.9152150898031894,0.9117294435008493,0.9003496503496503,1.0,0.04644819662303926,142252.13425503523,126997.20637083994,1325075.2713412067,7422607.059131721
2,ExtraTrees,train,case_67,400360,0.46268719630404115,0.5836096953116011,0.9625151499890028,-0.34332273624038007,0.9317525174436686,-0.5385765050791035,5.645845615440947,5.302522879200566,9.483993959426876,9.367921086716413,0.012238817654991139,0.012238817654991139,15.007321405410755,14.351518938078057,0.043698835362868595,0.043698835362868595,33.35513687133789,29.38638856849771,0.11898462051434511,0.8810153794856549,0.9122789489459486,0.9255744255744256,1.0,0.05315216305325207,185241.4459122859,136362.72668420617,2260370.7505979375,16399513.343570031
2,ExtraTrees,train,case_71,400360,0.3124590460803895,0.4888748502985529,0.958879810594091,0.1935958493603923,1.050228167047159,0.7973581140366185,4.549803349447659,4.74339919880805,7.7705615758895865,8.507420327745102,0.09482696258940057,0.0,12.114842939376807,13.027789412659853,0.07535768130478204,0.0,25.56398582458496,27.751415146887865,0.08556683364294651,1.0855668336429465,0.8693675691877311,0.9198301698301699,1.0,0.05362673593765611,125096.10368874474,95685.4872047046,1821559.2689848647,10614707.437531048
2,ExtraTrees,train,case_72,400360,0.4782810970889728,0.8257900121138458,0.6969446390116709,0.44991384217520025,1.2890907504509237,0.8593095577810874,2.7397326694568966,3.189646511632098,4.794327330589294,6.719187161315364,0.40148694446557054,0.0,7.4184241771698,8.772662406804105,0.1825506599908339,0.0,16.875072479248047,19.221630450069583,0.13905468991064734,1.1390546899106473,0.5152362873413927,0.7465034965034965,0.9937562437562437,0.05117893895494055,191484.62003054115,273017.1521346728,1096879.3715437632,3906038.355638345
2,ExtraTrees,train,case_73,400360,0.32621241146136015,0.5164099763074972,0.9636975579803411,0.10352474564237175,1.1261863264283962,-0.3250371486587763,3.1237290097219934,3.227253755364365,8.22641882896423,8.38595630082638,0.019393307729535868,0.0,14.632464952468844,14.032974854785216,0.040969863904063514,0.040969863904063514,22.04593849182129,19.572466840455135,0.11219625112733461,0.8878037488726653,0.9164751723448896,0.9113386613386614,1.0,0.04922070136876811,130602.40105267015,106767.7099868707,1250616.1463322972,6847647.309800914
2,ExtraTrees,train,case_74,400360,0.4114950499412613,0.5584006697416112,0.9607275829733714,-0.05788276589812871,0.9251292177806463,0.024573864716480875,5.210357342896367,5.15247457699824,9.183551406860351,9.344856959109485,0.017564615811769137,0.0,13.751770725250228,13.75798723698808,0.00045205172934114626,0.0,29.059873580932617,26.522375368276155,0.08731965765747239,0.9126803423425276,0.8295534019382556,0.9200799200799201,1.0,0.051860825257268456,164746.15819448337,124836.7752580204,2086018.6658019896,14047641.96894774
2,ExtraTrees,train,case_75,400360,0.32649769715944105,0.4629721395694381,0.9771728342645861,-0.22903867534688171,1.1136234180368207,-0.7764498659112942,5.667589229630241,5.438550554283359,9.665987253189082,9.427131330226157,0.024710970199564405,0.024710970199564405,15.416833810806175,14.449284101762714,0.06275930070448528,0.06275930070448528,35.16933822631836,30.012941195386063,0.146616265502363,0.853383734497637,0.9338095713857528,0.9348151848151848,1.0,0.053414427015685884,130716.61803475382,85814.44435972761,2269076.023974763,16619503.110003779
2,ExtraTrees,train,case_77,400360,0.7741360889780919,0.9414732424787745,0.8315915886109319,0.7438014157254975,1.4382823801608828,1.0242612768522654,4.216345334965462,4.960146750690962,7.30365433692932,8.52788925895458,0.1676195046410105,0.0,11.748572282791129,12.735140311644063,0.08397343993006048,0.0,23.54745101928711,28.861139680253952,0.22565876266669108,1.225658762666691,0.8441402737536218,0.8628871128871128,1.0,0.05099660305724848,309933.1245832689,354867.8403932682,1688056.0183067725,9224613.080135196
2,ExtraTrees,train,case_78,400360,0.8643681137941996,1.0682005251556086,0.6376638163594056,0.8585849552286292,1.758434567101598,1.5664619388172676,3.235144727900909,4.093729683129536,5.647890686988831,7.463531282833662,0.3214723330300217,0.0,8.848848810195921,10.68394010977864,0.20738192491980068,0.0,20.279897689819336,20.890983650472485,0.03013259583454008,1.03013259583454,0.8095713857528225,0.8581418581418582,1.0,0.051621041063043265,346058.41803864576,456831.7236273865,1295222.5432624079,5451027.589212791
2,ExtraTrees,train,case_79,400360,0.37858960726175117,0.5305533821986184,0.9716445291840878,-0.2949106138165447,1.3319959499793617,-0.9655145654562486,5.793376880167527,5.498466266350982,10.056427860260005,9.650601058751093,0.040354965714278934,0.040354965714278934,15.850202865600538,14.648722367546924,0.07580221579757632,0.07580221579757632,36.246280670166016,30.74004373692636,0.15191177774473807,0.8480882222552619,0.9261164951543611,0.9110889110889111,1.0,0.053194624837646115,151572.1351633147,112696.09182584776,2319436.367743871,17411772.858387887
2,ExtraTrees,train,case_82,400360,0.3313539603804825,0.4829320836953083,0.974415934690778,-0.19405149215749914,1.2092533701771182,-0.7931604451588925,5.501570875476665,5.307519383319165,9.606270885467529,9.354890141852989,0.026168400476279656,0.026168400476279656,15.515425043106074,14.437337666324973,0.06948487545690049,0.06948487545690049,34.473167419433594,30.216265738277443,0.12348449532828258,0.8765155046717175,0.935108402437806,0.9148351648351648,1.0,0.05348686182435808,132660.87157792997,93373.31940800333,2202608.9157058373,15767476.08115845
2,ExtraTrees,train,case_83,400360,0.38724506997221003,0.5711167154811639,0.9679226310094071,-0.29294120279672653,1.5604588322029838,-1.2214068988516806,5.771707437600671,5.478766234803945,10.300168991088865,9.67120101202491,0.06106385046770619,0.06106385046770619,16.17190748214708,14.663855077495937,0.09325136235882829,0.09325136235882829,37.063751220703125,30.6813359838412,0.1722010057443086,0.8277989942556914,0.9352582675591967,0.9113386613386614,1.0,0.0534369067838945,155037.436214074,130587.1438297698,2310760.7897178046,17408040.681773167
2,ExtraTrees,train,case_85,400360,0.5132867555718864,0.667236989807446,0.9541149267836276,-0.4321238331601528,1.3196473206808195,-0.9866550307074797,5.742957919701812,5.310834086541658,9.90499882698059,9.536235858989102,0.03722998603361781,0.03722998603361781,15.767036905288688,14.487847257254549,0.08113063067703383,0.08113063067703383,34.80757522583008,30.442726665991245,0.12539938595319783,0.8746006140468021,0.9119792187031671,0.9170829170829171,1.0,0.05279498451393746,205499.48546076042,178242.3540991249,2299250.6327318177,17089038.579897046
2,ExtraTrees,train,case_86,400360,0.44132034152762145,0.6325482579174163,0.9304275524577277,0.3573788799270707,1.2102858650850232,0.33026726407454987,4.475714650114444,4.833093530041515,7.60098669528961,8.292224662604545,0.09094055745990194,0.0,12.306284666061373,12.580053090062236,0.022246228770887267,0.0,24.116090774536133,28.472010805046395,0.18062297373294106,1.180622973732941,0.8404935557997802,0.8311688311688312,1.0,0.050157358377460284,176687.01193399852,160190.96166523724,1791897.1173198188,10322525.946124662
2,ExtraTrees,train,case_87,400360,0.40175340906845575,0.6537086355401045,0.9577300524879198,0.08041666770998725,1.615218308102446,-0.65723898965715,5.09026258343684,5.1706792511468285,10.772640562057495,10.712165078269896,0.005613803174738834,0.005613803174738834,15.996327209472646,15.423681997524508,0.035798543281174676,0.035798543281174676,34.780033111572266,25.99666897739058,0.25254041898135,0.7474595810186501,0.8976920771305825,0.75999000999001,0.9997502497502497,0.05264262164052353,160845.99485464694,171087.83266474673,2037937.5279047734,14421142.352911664
2,ExtraTrees,train,case_89,400360,0.3742803089991697,0.5283679981325684,0.967193181495996,-0.17755054757084243,1.1672454213876269,-0.6830417664856262,5.266890383352188,5.089339835781345,9.501103210449216,9.316461644228237,0.019433697553975806,0.019433697553975806,14.831547985076902,13.788109977086249,0.07035260304861855,0.07035260304861855,30.670499801635742,27.555313794343995,0.10156945688656843,0.8984305431134315,0.8863023279048856,0.8903596403596403,1.0,0.05191327804975522,149846.8645109076,111769.59876716936,2108652.233878882,14512941.660125623
2,ExtraTrees,train,case_91,400360,0.39621060308762907,0.6380788883439567,0.9647378120671887,-0.26836125380115455,1.9557849789401498,-1.5511152726075699,6.227670659174811,5.959309405373657,10.791361618041991,10.046705949019039,0.06900479247938171,0.06900479247938171,16.847370262145986,14.981254614909975,0.11076599007436481,0.11076599007436481,35.742393493652344,30.153078747935716,0.15637774081104167,0.8436222591889584,0.8452892396842842,0.8893606393606394,1.0,0.05369417524228195,158626.87705216318,163004.43918049388,2493310.2251072275,20150156.032166723
2,ExtraTrees,train,case_92,400360,0.3167344656111337,0.47133871798104066,0.9709088392288399,0.20210190490853688,0.9690168181033784,-0.08534716785929523,5.1309906232953235,5.333092528203861,8.626925182342527,8.978005170799813,0.04069584249737924,0.0,13.86244007110595,13.491821401605598,0.026735456932495454,0.026735456932495454,26.93845558166504,27.588345830692695,0.02412500030142735,1.0241250003014273,0.8665201318813068,0.8816183816183816,1.0,0.053049755220301725,126807.81065207349,88944.05249454887,2054243.4059425157,13597729.007015591
2,ExtraTrees,train,case_93,400360,0.2818122173334804,0.40311616788737353,0.9810746424723518,-0.09124295114357221,0.7684012681826249,-0.22847170603251124,5.478692639531607,5.387449688388034,9.250488615036007,9.343945468367476,0.010102909934893798,0.0,14.655003519058223,14.37953291403087,0.018797034382770014,0.018797034382770014,30.175100326538086,29.534023845744446,0.021245214559562946,0.978754785440437,0.9121290838245579,0.9175824175824175,1.0,0.0527175542012189,112826.3393316322,65059.55887701285,2193449.385162874,15454927.461751582
2,ExtraTrees,train,case_95,400360,0.4401621632676603,0.6888730268407582,0.9543229022754159,0.18381924009755174,1.6895904353153988,-0.7499634055441572,4.895934174812619,5.07975341491017,10.778055810928343,10.729790957354847,0.004478066770127328,0.004478066770127328,16.617831211090085,15.785343832084315,0.05009603048863562,0.05009603048863562,34.6576042175293,26.542266815509674,0.2341574839127226,0.7658425160872774,0.9038365471076032,0.7157842157842158,1.0,0.05315965630932161,176223.32368584047,189989.25542045836,1960136.20622798,13756096.419497095
2,ExtraTrees,train,case_96,400360,0.5659137931802797,0.7742369687627801,0.8973197425454149,0.5095341704670109,1.5265036152017712,1.161756308590364,4.446458726790373,4.955992897257382,7.780730009078979,8.958805037744629,0.1514093185717803,0.0,12.240180082321166,13.468586812047146,0.10035855040239178,0.0,24.3714542388916,27.8341848062419,0.14208140939839878,1.1420814093983989,0.8486861824358077,0.8888611388611388,1.0,0.05121890298731142,226569.24623765677,239992.95295775894,1780184.2158577936,10252799.934972897
2,ExtraTrees,train,case_97,400360,0.4239172551873004,0.5560596985183476,0.9677719376602273,-0.3475935126122484,1.3115179609982495,-0.9531483721680173,5.692470121784694,5.344876609172446,9.87625789642334,9.498664673522644,0.03823241827630287,0.03823241827630287,15.68950984954829,14.425301146122324,0.08057668566761272,0.08057668566761272,35.222373962402344,30.142251584186816,0.14422998244349564,0.8557700175565044,0.9232191028074733,0.9105894105894106,1.0,0.053029773204116296,169719.5122867876,123792.26818632013,2279037.33795772,16814484.77921046
2,ExtraTrees,train,case_98,400360,0.45413014593943535,0.6482011769984384,0.9626893300534328,-0.3542023445342562,1.8143066114501682,-1.4391202050989933,6.260926460286945,5.9067241157526915,10.456711626052856,9.777535097885387,0.06495125355425345,0.06495125355425345,16.65958471298217,14.819267669101603,0.11046596152222687,0.11046596152222687,34.968265533447266,29.546141011817255,0.15505843480980577,0.8449415651901943,0.8742631631531621,0.8991008991008991,1.0,0.0535443101208912,181815.54522831234,168217.16566057474,2506624.5176404812,20202345.646022253
2,ExtraTrees,train,case_99,400360,0.5058342368517887,0.8294357553923228,0.8044095480249679,0.47413855060114346,1.8265864612738718,0.9650115879236163,3.476781438713956,3.9509199893150986,5.963100194931029,7.194294722717697,0.20646886477494586,0.0,9.452709732055656,10.771204302619424,0.13948323897988124,0.0,19.247943878173828,26.70382958479331,0.3873601125299452,1.387360112529945,0.7524727745029474,0.6498501498501499,1.0,0.05016485163352982,202515.79506598215,275433.13585132966,1391964.2168035195,6247768.959238368
2,ExtraTrees,train,case_101,400360,0.4803209258283666,0.6507198520900921,0.9595861013509057,-0.42822012463440046,1.6344623454954514,-1.3530377046470896,5.892952550035133,5.464732425400733,10.397786188125611,9.643236443310908,0.07256830744186753,0.07256830744186753,16.382473373413045,14.690653205079679,0.10327013081425207,0.10327013081425207,37.050594329833984,30.82449601178259,0.16804314291493022,0.8319568570850698,0.9355579978019782,0.9193306693306693,1.0,0.053431911279848136,192301.28586464486,169526.96743898603,2359302.482932066,18098026.538970944
2,ExtraTrees,train,case_102,400360,0.352355890869374,0.6080671542359569,0.9461190052078945,0.08650656866994375,1.669492324795875,-0.7158958048093332,3.561208677776423,3.6477152464463667,8.40616006851196,8.313567926849542,0.011014796400231874,0.011014796400231874,14.098538675308209,13.24505864286391,0.060536772789016806,0.060536772789016806,24.8814754486084,20.816063481282196,0.16339111302796866,0.8366088869720313,0.8917973823558797,0.723026973026973,0.9995004995004995,0.04948796083524828,141069.2044684626,148031.37406330783,1425765.5062345688,7824824.903724942
2,ExtraTrees,train,case_104,400360,0.3546810708383285,0.4834537671852745,0.973944045504361,-0.2504559942296646,0.8529894419733258,-0.4896714338218596,5.5717848155386465,5.321328821308982,9.49413046836853,9.384002000954396,0.011599637036908982,0.011599637036908982,15.03142244338985,14.397496789925913,0.04217336422094298,0.04217336422094298,32.318115234375,29.58448807675492,0.08458498083181758,0.9154150191681825,0.9332101109001898,0.9265734265734266,1.0,0.05289489459486462,142000.1135208332,93575.15991845547,2230719.7687490527,16020406.29126272
2,ExtraTrees,train,case_106,400360,0.3921870969196479,0.6347775385079325,0.8243927613630748,0.36290282246825645,1.5031137732676203,1.2718596036610492,2.8088639096034482,3.171766732071705,5.13510546684265,6.386250549295054,0.24364545003623422,0.0,7.404705095291117,8.986473423417147,0.21361665424487,0.0,16.977144241333008,18.27432231471818,0.07640731886031975,1.0764073188603198,0.8524827655110401,0.8104395604395604,1.0,0.05140623438904986,157016.02612275025,161322.0686660978,1124556.7548488365,4077379.610060282
2,ExtraTrees,train,case_107,400360,0.46608248908259264,0.5885292103243229,0.9639434073013285,-0.29427518582240464,1.0402123870610238,-0.643919593049612,5.773947810975519,5.479672625153114,9.823783111572263,9.592175717927592,0.023576191678320042,0.023576191678320042,15.309831600189176,14.580083481835674,0.04766532626945974,0.04766532626945974,35.135074615478516,30.392347285152184,0.1349855488349228,0.8650144511650771,0.9056848836047557,0.9158341658341659,1.0,0.05346687980817264,186600.7853291068,138671.34454929424,2311657.745602159,17193327.08709395
2,ExtraTrees,train,case_109,400360,0.3658813183072954,0.4902675358227746,0.9705673206445288,-0.2307297725383449,1.0088045977575684,-0.5187510802246597,5.195676734823355,4.96494696228501,9.180979347229002,9.095168837075748,0.009346553010072138,0.009346553010072138,14.838084297180142,14.060682849698887,0.052392305631326935,0.052392305631326935,33.0452880859375,29.899403108158765,0.09519919964376021,0.9048008003562398,0.9130282745529024,0.9108391608391608,1.0,0.053187131581576584,146484.2445975088,96231.43308509965,2080141.1375538784,14077284.672122162
2,ExtraTrees,train,case_110,400360,0.46109558287057884,0.6289049870334054,0.9137396689050645,0.3805622324011409,1.184077869899311,1.0104835010201334,3.929007749751944,4.309569982153086,6.862423944473265,7.988491992990028,0.16409188030763613,0.0,10.958230762481676,12.104410260637282,0.10459530584807962,0.0,24.01297378540039,26.547243746669903,0.10553753083303322,1.1055375308330333,0.8788090718353482,0.9215784215784216,1.0,0.049780197821960234,184604.22755806494,158350.98081997267,1573017.5426906883,8016131.630889808
2,ExtraTrees,train,case_111,400360,0.27549056546123835,0.46755829991747927,0.9547428342833855,0.1624911663091966,1.1144349610417004,0.3074474548084984,1.8535673291566421,2.016058495465838,5.327201390266418,5.973393413369034,0.12130046825023436,0.0,13.019953222274761,13.307073084273416,0.022052295971958236,0.0,22.531204223632812,18.72306599221955,0.169016187222649,0.830983812777351,0.9062343890498551,0.9363136863136863,1.0,0.04684783694674793,110295.40278806139,87523.00540366523,742094.2159011533,3309425.40804822
2,ExtraTrees,train,case_115,400360,0.5112531858735458,0.6825340809954387,0.955796254799378,-0.4627463820786589,1.6647823850109986,-1.3497592756536263,5.918926264383106,5.456179882304447,10.394952774047848,9.66405836559474,0.07031243184460326,0.07031243184460326,16.448994159698447,14.714272504458942,0.1054606523899032,0.1054606523899032,35.972679138183594,30.775943994050813,0.14446338912290382,0.8555366108770962,0.9253172145069437,0.9063436563436563,1.0,0.053659206713957436,204685.3254963328,186508.8156859345,2369701.3192084203,18245386.326437797
2,ExtraTrees,train,case_116,400360,0.30281251930665715,0.44919892800052813,0.9780015626001111,-0.09998025821721818,1.168726621929629,-0.7119681986415418,5.529623456611647,5.429643198394429,9.626658058166502,9.469331736805389,0.016342776528522254,0.016342776528522254,15.341071567535392,14.358648524920339,0.06403874972424002,0.06403874972424002,35.28178024291992,30.340659186172104,0.14004738487478574,0.8599526151252143,0.925766809871116,0.9133366633366633,1.0,0.05403886502148067,121234.02022961326,80784.51145041951,2213840.047089039,15913985.93365754
2,ExtraTrees,train,case_117,400360,0.4375321892670207,0.5721691093271588,0.9564987344002857,-0.15323623780797868,0.8276360653773026,0.030432126296309293,5.137139844130944,4.983903606322966,8.875784015655517,9.134427660195625,0.029140371609302357,0.0,13.745235443115213,13.649196876897717,0.00698704410084153,0.00698704410084153,30.055034637451172,27.167438977643343,0.09607693668100568,0.9039230633189943,0.8752123089219702,0.9110889110889111,1.0,0.0524902587671096,175170.3872949444,131068.85176357423,2056705.307996265,13578572.17672394
2,ExtraTrees,train,case_118,400360,0.37234142852422253,0.5987539134799544,0.9592160012404726,0.02921839628900018,1.5070133048727654,-0.7446470451009242,4.115224517896751,4.144442914185751,9.728425073623656,9.3450559899152,0.0394071065775971,0.0394071065775971,15.380120143890334,14.759461693481231,0.040354590510507535,0.040354590510507535,27.368141174316406,21.828093296571065,0.20242689638507094,0.7975731036149291,0.9006893795583975,0.8186813186813187,1.0,0.04840393645718853,149070.61432395774,143531.56181263103,1647571.287985143,10299436.424713062
2,ExtraTrees,train,case_119,400360,0.27560037941429116,0.4221169808372796,0.9719581858979518,-0.03568305826348836,0.7157394052483059,-0.2922607998112167,4.592839510915934,4.557156452652446,8.03566355705261,8.25287536054197,0.027030972855840937,0.0,12.864710826873766,12.504131003587442,0.0280285991763678,0.0280285991763678,27.997272491455078,27.455994167763063,0.01933325197507067,0.9806667480249294,0.8684683784593865,0.9143356643356644,1.0,0.05183334998501349,110339.3679023056,71337.24399285614,1838789.2265903032,10989223.476553407
2,ExtraTrees,train,case_120,400360,0.4370596366200069,0.6050341737825238,0.9645985597774359,-0.37390638519257446,1.4755160974425683,-1.1790314979641816,5.849380987685487,5.475474602492913,10.294800615310661,9.68890971199957,0.058854068762633195,0.058854068762633195,16.261321811676016,14.73257943465854,0.09401095401234866,0.09401095401234866,36.66416549682617,31.086763735007963,0.15212133390301807,0.8478786660969819,0.9357078629233689,0.9223276723276723,1.0,0.053564292137076634,174981.19611718596,146558.32446440053,2341858.1722297617,17838317.90270544
2,ExtraTrees,train,case_121,400360,0.22135504485003843,0.33754749475442924,0.9821738849577815,0.0426782987766244,0.8099921918282812,-0.43708141818275226,4.536640064733341,4.579318363509963,7.992828512191771,7.9445411234204775,0.006041339270276967,0.006041339270276967,12.891168012618962,12.310423950635444,0.04504976286206469,0.04504976286206469,27.960119247436523,26.434682604276468,0.05455758717123186,0.9454424128287682,0.926715955639924,0.9188311688311688,1.0,0.05116395244280148,88621.70575616139,45616.342278033975,1816289.2163166404,10798811.938567609
2,ExtraTrees,train,case_122,400360,0.35216766483645623,0.5643664101199152,0.9034612460334931,0.28433684435912504,1.1148881101757837,0.4762116417068678,3.1949199588273136,3.479256803186439,5.731524729728698,6.682673351279301,0.16595036511264002,0.0,9.12270348548888,9.744337568729518,0.06814143244153953,0.0,22.65458106994629,27.16631288339161,0.19915317787229406,1.1991531778722941,0.7436307323408932,0.7839660339660339,1.0,0.051011589569387554,140993.84629392362,127518.44134880991,1279118.1547161033,5407584.278401689
2,ExtraTrees,train,case_125,400360,0.2723514348204785,0.3648675155404324,0.977497544057412,0.20184955705569696,0.6130026086388622,-0.03402854842539766,4.388985807024614,4.59083536408031,7.719360971450801,7.9182623419443505,0.025766559075183097,0.0,12.352934799194323,12.318110363103058,0.0028191224722999546,0.0028191224722999546,25.916418075561523,26.331088066754067,0.016000281751264292,1.0160002817512643,0.9285642921370766,0.9185814185814186,1.0,0.04938555300229793,109038.62044472678,53299.24774806187,1757174.3577003744,10080810.232415516
2,ExtraTrees,train,case_127,400360,0.2681709858763555,0.38935493823506273,0.9752811946410908,0.1611645315599691,0.7484170586509341,-0.28483924514884945,4.408906901601324,4.570071433161293,7.859949254989618,7.963492319485065,0.013173502924298872,0.0,12.608463897705061,12.249633644141202,0.028459474244850062,0.028459474244850062,28.440195083618164,26.689203308806537,0.061567502250370144,0.9384324977496299,0.9162753521830352,0.913086913086913,1.0,0.05073933459886103,107364.93590545769,60693.4821876659,1765149.9671251061,10237738.484780371
2,ExtraTrees,train,case_128,400360,0.36643972727017216,0.602152753523188,0.8849270306535524,0.3267893000845813,1.2879235670100824,0.7327761063840919,3.1501356945595393,3.4769249946441203,5.586181855201721,6.758142035557207,0.209796281383891,0.0,8.927573862075796,9.79727968468085,0.09741793638914058,0.0,21.58715057373047,27.045743601306686,0.2528630635586899,1.25286306355869,0.7385353182136077,0.7702297702297702,1.0,0.050816764911579576,146707.80920988612,145165.7070881101,1261188.3266738572,5234424.413455113
2,ExtraTrees,train,case_129,400360,0.4250543389377027,0.5461026849127769,0.9534869998191551,0.32971486974529146,0.8472502033690782,0.007229593302668331,4.307862306820347,4.63757717656564,8.360485506057739,8.64176964607676,0.03364447433288559,0.0,12.449416322708034,12.589224081531617,0.011230065346001015,0.0,27.233789443969727,26.314735142104183,0.03374683878482603,0.966253161215174,0.8494355080427615,0.8911088911088911,1.0,0.04945549005894695,170174.75513709866,119398.61911886632,1724695.7531585942,9996746.400499811
2,ExtraTrees,train,case_130,400360,0.2857632679870214,0.42729178068536383,0.9694302031114669,0.08761718913724596,0.8816786500044006,-0.3429923073775337,4.393115192012862,4.480732381150107,7.741332387924194,7.884015626391775,0.018431354102577246,0.0,12.371518497466973,11.941961008385471,0.034721484607524285,0.034721484607524285,25.519859313964844,26.71432845872274,0.04680547529916299,1.046805475299163,0.8749625337196523,0.8703796203796204,1.0,0.047672095114397045,114408.18197128389,73097.03451221048,1758827.5982742696,10117884.357995834
2,ExtraTrees,train,case_136,400360,0.470951028539185,0.6547838150319294,0.8798634133034712,0.41977148482206644,1.1879223898382247,0.4921084085500606,3.3661358935285524,3.7859073783506196,5.935817217826843,6.960426584267864,0.17261470979326082,0.0,9.499952650070178,10.103338711485389,0.06351463882409496,0.0,21.323503494262695,27.043984577290246,0.26827116306505183,1.2682711630650518,0.7687581176940753,0.775974025974026,1.0,0.04916575082425817,188549.9537859481,171651.08483510115,1347666.1663330912,5965226.870345799
2,ExtraTrees,train,case_137,400360,0.3634025938756326,0.5823228350569172,0.8862658970748296,0.32907582459251716,1.2807149202913033,0.6866751075286947,3.0236621260769616,3.352737950669478,5.4260913848876955,6.499662349396453,0.19785346179365487,0.0,8.722746763229296,9.63915266695032,0.10505932690653474,0.0,21.634017944335938,27.290375564309173,0.2614566390083883,1.2614566390083883,0.7433310020981116,0.7752247752247752,1.0,0.05081176940753322,145491.86248404827,135762.02964981255,1210553.3687961723,4853983.543434064
2,ExtraTrees,train,case_139,400360,0.29343216113647647,0.436425940090869,0.9722601859084499,-0.09933652752024945,1.0768386301234414,-0.7750094772370182,4.656545949523149,4.5572094220029005,8.312557744979857,8.075100729024363,0.02856605911687044,0.02856605911687044,13.217778148651119,12.294264257759757,0.06986907182926257,0.06986907182926257,29.612136840820312,26.856129480980936,0.09307019532748552,0.9069298046725145,0.8920971125986612,0.9020979020979021,1.0,0.04937306424218204,117478.50003259972,76255.60881010583,1864294.736351088,11430133.00250851
2,ExtraTrees,train,case_141,400360,0.2569253302466792,0.3790286742224178,0.9707282091985193,0.20215342052645255,0.6658051007128009,0.3134060965453545,4.012784792653495,4.2149382131799475,7.26107919216156,7.706277768154018,0.06131300378503735,0.0,11.077090291976921,11.510024107437394,0.03908371278457885,0.0,25.202781677246094,25.009091697510907,0.0076852619768577385,0.9923147380231423,0.8936457188530322,0.9153346653346653,1.0,0.05060445598960935,102862.62521756047,57516.81293803931,1606558.519586753,8411696.52556561
2,ExtraTrees,train,case_142,400360,0.2579625495420925,0.35642862663877073,0.9782115994990007,0.17238257217519437,0.6200949756353549,-0.03887559142979447,4.321270355732036,4.49365292790723,7.779161429405209,7.96053327100964,0.023315089068449705,0.0,12.231397266387924,12.128224775918678,0.008435053512059986,0.008435053512059986,27.647048950195312,25.852931412527486,0.06489363623943495,0.935106363760565,0.9210710360675393,0.9170829170829171,1.0,0.050194824657807974,103277.88633467216,50862.28124675963,1730063.799620878,9810447.668562127
2,ExtraTrees,train,case_144,400360,0.3461469331184112,0.47518144894185677,0.9756840614331473,0.11754467390989976,0.8728473578668402,-0.30915353668198636,5.492587406903478,5.610132080813378,9.57113671302795,9.671419826783934,0.010477659734969723,0.0,15.136413698196405,14.65084085867501,0.03207978119541308,0.03207978119541308,31.827865600585938,30.677568770211288,0.03614118661961025,0.9638588133803897,0.9171745429113798,0.906093906093906,1.0,0.052010690378659206,138583.38614328712,90400.25083478363,2199012.2942278767,15796003.67292771
2,ExtraTrees,train,case_145,400360,0.6202413584357384,0.8105911766253278,0.878981352613153,0.5509190116404744,1.5086988190835056,1.1687659854062986,4.284758478472041,4.835677490112515,7.399078512191771,8.45176908814187,0.14227319986070375,0.0,11.438420429229723,12.988258850725144,0.13549409475586036,0.0,25.100421905517578,27.516403136467762,0.0962526144000433,1.0962526144000433,0.8422419822160055,0.8771228771228772,1.0,0.048333999400539514,248319.8302633322,263059.7631491575,1715445.904441066,9523984.02051085
2,ExtraTrees,train,case_146,400360,0.3333527708820237,0.4408478992019705,0.9665295317641106,0.23011425571744473,0.7242945823335654,0.05231370484295698,4.320783606981047,4.550897862698491,7.589036440849302,7.914514718528781,0.04288795820343354,0.0,12.167704410552965,12.317941069201337,0.012347165379697551,0.0,28.361948013305664,27.10080490089486,0.0444660258110322,0.9555339741889678,0.9016385253272056,0.8978521478521478,1.0,0.0533170146867819,133461.11535032702,77808.71296559938,1729868.9248909322,9799086.767015075
2,ExtraTrees,train,case_147,400360,0.3490071308853114,0.47809852267811287,0.9672720561579538,-0.21771132022506243,1.0525022867395764,-0.7258977090219748,4.797992291013543,4.580280970788482,8.369614458084104,8.121583623168315,0.029634678653115254,0.029634678653115254,13.121011762619016,12.335564964836406,0.05986175547988619,0.05986175547988619,29.499116897583008,26.923973372192574,0.08729561411383902,0.912704385886161,0.8731141972224997,0.8898601398601399,1.0,0.04938555300229793,139728.49492124325,91513.56710585693,1920924.1936301822,12012770.016969586
2,ExtraTrees,train,case_148,400360,0.5291679506891737,0.6299391963263703,0.9232938151461024,0.5032048160535183,0.8542627322056441,0.6319499127568293,4.050931678325365,4.554136494378883,7.333276700973511,8.0294845105945,0.09493816175360816,0.0,11.485404291152937,12.256762930263829,0.06715990308717817,0.0,26.239187240600586,27.36327292558717,0.04283995821514083,1.0428399582151409,0.8966430212808473,0.9218281718281718,1.0,0.049452992306923765,211857.68073791757,158872.21284810992,1621831.0067343432,8641105.258012155
2,ExtraTrees,train,case_150,400360,0.41893103245806274,0.635080168854022,0.9184913969454708,0.3513406016781788,1.1790414711638646,0.5542653071945808,3.788771955886119,4.140112557564298,7.405756855010986,8.254403396517121,0.11459281719894875,0.0,10.835816211700429,11.733547938235905,0.08284855602904301,0.0,22.92385482788086,25.496712810956254,0.11223496233042739,1.1122349623304273,0.81776401238885,0.8071928071928072,1.0,0.048421420721350784,167723.22815491,161475.92600417504,1516872.7402585666,7728175.482668079
2,ExtraTrees,train,case_153,400360,0.20339929119906286,0.3190670480742141,0.983635358195277,-0.017210897338684614,0.7665595278504033,-0.3823548235612921,4.478284567221076,4.46107366988239,8.088743019104003,7.999898500935166,0.010983723671156763,0.010983723671156763,12.596611623764018,12.165455055882985,0.034227979774151186,0.034227979774151186,28.401994705200195,26.765571277789782,0.05761649646075022,0.9423835035392498,0.9222200019982016,0.9085914085914086,1.0,0.05018982915376161,81432.9402244568,40758.16182793719,1792926.0093326299,10519856.4009851
2,ExtraTrees,train,case_154,400360,0.4737542102597513,0.6241721121045875,0.9122531421451229,0.4352687571793144,1.088408452023581,0.6727468565694021,3.5978396622740405,4.033108419453355,6.938599348068237,7.91061025138455,0.1400874808525914,0.0,10.474741182327266,11.383339240822627,0.08674181468352898,0.0,24.134431838989258,25.42446896445038,0.05345214397701556,1.0534521439770155,0.8662204016385253,0.8518981018981019,1.0,0.04879608352482766,189672.23561959402,155976.58290883113,1440431.0871880348,6960014.663848389
2,ExtraTrees,train,case_155,400360,0.42771778623145257,0.5909436691119784,0.939491251710077,0.26155270024261124,0.9915774133957987,0.20178667244846474,4.394123516012045,4.655676216254657,7.589083981513977,8.066645691624919,0.06292745096433504,0.0,11.835097093582132,12.40111139651805,0.04782506628043246,0.0,28.122840881347656,27.35735486470932,0.02721937018624754,0.9727806298137525,0.8157658107703067,0.8541458541458542,1.0,0.04981266859826156,171241.09289562434,139811.4852166338,1759231.2908705822,10040879.112956177
2,ExtraTrees,train,case_158,400360,0.29541673490439696,0.41991617424039246,0.9792254767961706,0.16293921497751795,0.8065151218887128,-0.006608536282431621,5.309165940253087,5.4721051552306035,9.031450700759887,9.374565465833752,0.03799110203247819,0.0,14.374462537765476,14.340429942647456,0.002367573398212834,0.002367573398212834,33.08441925048828,29.571183373155748,0.10619004222903755,0.8938099577709624,0.9163253072234988,0.9165834165834166,1.0,0.052690078928963935,118273.04398632437,70595.31600909498,2125577.675839726,14683212.409436893
2,ExtraTrees,train,case_159,400360,0.2519393342531464,0.3617615143754086,0.977685883352565,0.124427333480672,0.6868661846996924,-0.18871985040518632,4.308228827876949,4.432656161357621,7.735206508636474,7.962404015034983,0.029371873413442783,0.0,12.345149745941162,12.110423304214857,0.019013656906306776,0.019013656906306776,27.970979690551758,26.7472718782409,0.04374919383764783,0.9562508061623521,0.8953441902287941,0.9040959040959041,1.0,0.049068338495354184,100866.43186158969,52395.67101485752,1724842.4935288155,9779111.391040415
2,ExtraTrees,train,case_163,400360,0.332344530863627,0.5199152722131475,0.964141525742859,0.13041408233692484,1.2334277500758055,-0.39056273774154326,4.8691821289669655,4.999596211303891,9.154281949996946,8.978322412019192,0.019221555435903124,0.019221555435903124,13.400103712081906,13.50929542119226,0.008148571940671123,0.0,30.699800491333008,27.771563415435352,0.09538293503647813,0.9046170649635219,0.7519732240983115,0.9118381618381618,1.0,0.05315216305325207,133057.4563765617,108222.06839268947,1949425.7571532144,12510142.33051967
2,ExtraTrees,train,case_166,400360,0.3336711968705705,0.4380440533354733,0.971441660960584,-0.14500192485991434,0.853404177272834,-0.48465355097468377,4.752669265709314,4.607667340849401,8.191421604156492,8.121317907694129,0.008558184384843638,0.008558184384843638,12.85470631599426,12.37459012441305,0.03734944850383967,0.03734944850383967,28.598407745361328,26.881548688188413,0.06003337921676391,0.9399666207832361,0.8695673893495853,0.9020979020979021,1.0,0.04933310020981117,133588.6003791016,76822.11479838692,1902778.6672193808,11733284.091455607
2,ExtraTrees,train,case_169,400360,0.37334336582604477,0.48736630597724867,0.9628708259159889,0.2354177522446199,0.7385131752187313,-0.2080151234456839,4.506858299532411,4.742276051777028,8.090929222106933,8.1989670065868,0.013352951374815444,0.0,12.841711378097514,12.662973434815814,0.013918545435194139,0.013918545435194139,28.405933380126953,27.32179304544233,0.03816598173968461,0.9618340182603153,0.8822559696273354,0.9048451548451548,1.0,0.050282245978619244,149471.74994211528,95095.87581059636,1804365.7888007958,10693238.037052538
2,ExtraTrees,train,case_170,400360,0.3251905628501722,0.4988543604574925,0.939303951874677,0.2624225769461891,0.9780004038286504,0.5695722454287789,3.5917996307210354,3.8542222076672243,6.727396512031555,7.439696956609203,0.1058805502698913,0.0,9.981185073852506,11.01246421618452,0.10332231440469267,0.0,23.188430786132812,23.78668397544286,0.025799640985961624,1.0257996409859615,0.850584473973424,0.9083416583416584,1.0,0.05275751823358977,130193.29374269495,99631.85722124262,1438012.9001554737,6806542.575703929
2,ExtraTrees,train,case_173,400360,0.49575475007754755,0.7825648269493547,0.9513491212614227,0.012855688869157503,2.232587396721873,-1.461822622702028,2.5970050088225753,2.6098606976917322,9.599425172805786,9.176036830735875,0.044105593246283964,0.044105593246283964,17.56222873687742,15.497012474134673,0.1175942013786767,0.1175942013786767,26.76559829711914,21.547365830484306,0.19496042676529626,0.8050395732347038,0.8866020581476671,0.8751248751248751,1.0,0.15489559396543112,198480.37174104693,245183.5501263256,1039736.9253322062,7739855.067462722
2,ExtraTrees,train,case_175,400360,0.30241297757384034,0.43335745976919343,0.9687606066635084,0.16027167802928116,0.7971231725820579,-0.22444159699257785,4.382044370932325,4.542316048961606,7.760565519332886,7.9346857530067245,0.022436539352715435,0.0,12.505675315856932,12.263417957478886,0.019371793386548958,0.019371793386548958,28.643783569335938,27.217804583946382,0.04978319229154177,0.9502168077084583,0.9044859626336297,0.8916083916083916,1.0,0.05278249575382156,121074.05970146273,75187.08270270078,1754395.284346466,10094641.527618555
2,ExtraTrees,train,case_179,400360,0.3925967459825238,0.5334641658356627,0.9624336650022067,-0.29315602468253177,1.3554756914623602,-1.1223126381239938,4.922423795128108,4.629267770445576,8.778277397155762,8.161869040232316,0.0702197400509543,0.0702197400509543,13.768545122146582,12.573597988061504,0.08678819174315057,0.08678819174315057,31.174861907958984,27.35111395674452,0.1226548480793192,0.8773451519206807,0.9028874013387951,0.9003496503496503,1.0,0.049842641622539714,157180.03322156324,113936.05673813884,1970741.590617489,12733755.095619332
2,ExtraTrees,train,case_181,400360,0.31435305591626256,0.4523280297637008,0.9683512560661499,0.18739462830504935,0.8236094021068254,-0.11939499862484053,4.400496773867756,4.587891402172805,8.348705530166626,8.552623365184619,0.02442508413803442,0.0,12.506495037078853,12.427971650499847,0.006278608542697391,0.006278608542697391,29.049291610717773,25.9855026589427,0.10546862873050869,0.8945313712694913,0.8778599260665401,0.8943556443556444,1.0,0.04961284843640723,125854.38946663488,81913.91483670812,1761782.8883856947,10340940.005454497
2,ExtraTrees,train,case_182,400360,0.26992143525765927,0.40132958480216363,0.9745539938861267,0.08281106955815713,0.7831775891857489,-0.3738596275446691,4.5172521324672905,4.600063202025448,8.005867195129394,7.9839327451311055,0.0027397968844190645,0.0027397968844190645,12.821896562576253,12.42192915783677,0.031194090732792428,0.031194090732792428,27.602649688720703,26.921948740221698,0.024660710336702238,0.9753392896632977,0.9103806574083325,0.9075924075924076,1.0,0.05176341292836447,108065.74581975646,64484.15781182031,1808527.0637546044,10703729.078933505
2,ExtraTrees,train,case_183,400360,0.36133998624006397,0.5106308535838163,0.965207451666239,-0.21083654863487344,1.409828037081146,-1.1496927657600684,4.862273831097952,4.651437282463081,8.673352289199828,8.09357134613966,0.06684623473465029,0.06684623473465029,13.893857116699213,12.537357347127882,0.09763305885310533,0.09763305885310533,30.76870346069336,27.801982176773976,0.09642009412939137,0.9035799058706087,0.9168748126685983,0.8946053946053946,1.0,0.050149865121390746,144666.076891072,104391.41524540215,1946659.9510183763,12465589.519301178
2,ExtraTrees,train,case_184,400360,0.25460924803416896,0.36625426092009533,0.9785114894038545,0.11160110716888089,0.8012961738677804,-0.39091329099326455,4.47488648801918,4.586487595188061,7.875815033912657,7.936000885821108,0.007641856956936568,0.0,12.749776926040594,12.224730085757505,0.04118086483620861,0.04118086483620861,29.159093856811523,26.73770215570564,0.08304070465962882,0.9169592953403712,0.9193226096513138,0.9195804195804196,1.0,0.04961784394045359,101935.35854295988,53705.164642961274,1791565.554343359,10516302.702600041
2,ExtraTrees,train,case_185,400360,0.27342896093346075,0.38336766722933896,0.9750718753000002,0.19598373832775043,0.6299594324905272,0.10415503707596156,4.4111433006062715,4.607127038934023,7.666236424446105,8.04722920208256,0.049697499078106236,0.0,12.235298709869317,12.315751009277466,0.0065754258490848426,0.0,25.902671813964844,26.06124200636657,0.006121769736365042,1.0061217697363651,0.8884004396043561,0.9115884115884116,1.0,0.04928064741732441,109470.01879932034,58841.216787325735,1766045.331830727,10150713.984372474
2,ExtraTrees,train,case_186,400360,0.44087147354748674,0.5734466731764115,0.939090833271865,0.37824082069759773,0.9316339699444887,0.5483185862706947,4.10199790038781,4.480238721085409,7.5299984931945785,8.176409260299948,0.08584474056529752,0.0,11.554426622390743,12.356703814132851,0.06943461739481005,0.0,25.107419967651367,25.753112826941685,0.025717212685422642,1.0257172126854226,0.8556798881007094,0.9003496503496503,1.0,0.05095414127285443,176507.3031494718,131654.81758214938,1642275.8793992638,8898106.523626285
2,ExtraTrees,train,case_187,400360,0.24422163049143952,0.3647770401794981,0.9799550360403403,-0.01595254706344551,0.9340509203430115,-0.5904263430850657,4.630080605487511,4.614128058424067,8.103256320953365,7.9871911360064445,0.014323277007392683,0.014323277007392683,13.128380126953111,12.394783824174972,0.05587866101409077,0.05587866101409077,29.0647029876709,26.882573156314887,0.07507834613970285,0.9249216538602971,0.9152262963333,0.9053446553446554,1.0,0.04972025177340394,97776.57198355273,53272.81804090123,1853699.07121298,11240442.060866356
2,ExtraTrees,train,case_188,400360,0.2464043577607523,0.3679043716253369,0.9793489375987174,0.03528071026319865,0.8932636069069743,-0.5564701973982698,4.561877200521213,4.597157910784412,8.110652208328247,7.9692584053374835,0.017433099010900305,0.017433099010900305,13.086825618743863,12.419785548431197,0.050970349093464255,0.050970349093464255,28.11197280883789,26.76889147142811,0.04777613248784665,0.9522238675121534,0.9207713058247577,0.9195804195804196,1.0,0.05232540713357978,98650.4486730948,54190.17797001158,1826393.1560006728,10955867.98698799
2,ExtraTrees,train,case_191,400360,0.2613769145351717,0.3880164371223124,0.9775171954047753,-0.02728046339964504,0.9175969455968674,-0.5892174840646696,4.650895452266001,4.623614988866354,8.205350446701049,8.101914112328476,0.012605961810462227,0.012605961810462227,13.111052494049055,12.375230050477043,0.05612230169210233,0.05612230169210233,29.264482498168945,26.506483662935068,0.09424389566452929,0.9057561043354707,0.904935557997802,0.9153346653346653,1.0,0.0496528124687781,104644.86150330133,60276.9026228091,1862032.503269216,11341140.896453092
2,ExtraTrees,train,case_192,400360,0.22719500569148976,0.34993544009442124,0.9815507799544554,-0.016056401113448474,0.8718654392249603,-0.538998105420953,4.594875131585384,4.578818730471936,8.175111389160156,8.076909727889978,0.012012271955142883,0.012012271955142883,12.946696014404287,12.353808208824551,0.04579452587131868,0.04579452587131868,29.42413902282715,27.14621542655813,0.07741683093944784,0.9225831690605522,0.9041862323908483,0.906093906093906,1.0,0.04939054850634429,90959.79247864484,49026.008626034774,1839604.2076815246,11110100.202361241
2,ExtraTrees,train,case_193,400360,0.3809658029849051,0.4880381435984039,0.9568779776598532,0.30901786095504374,0.7134812670014322,0.28316429754426387,4.217785242945701,4.526803103900749,7.433103251457213,7.925267098640326,0.06621243248391942,0.0,11.889664096832272,12.249519858525789,0.030266268143722585,0.0,26.4258975982666,27.158007787491275,0.027704269514489312,1.0277042695144893,0.9029873114197222,0.9078421578421578,1.0,0.051111499650314716,152523.4688830366,95358.23708544903,1688632.499865741,9333647.424383583
2,ExtraTrees,train,case_195,400360,0.34608801493548785,0.4706505253462868,0.9693165499114698,-0.22556632204643712,1.2082852591456565,-0.9327360538451663,4.837615727860749,4.612049405814312,8.506486845016479,8.10740803808548,0.04691464457677963,0.04691464457677963,13.599721879959082,12.499272666457037,0.08091703809941123,0.08091703809941123,28.627286911010742,27.107204213638614,0.05309908347575432,0.9469009165242457,0.9047357378359476,0.8943556443556444,1.0,0.04956289339594365,138559.79765957192,88684.51109361746,1936787.8328063295,12259739.691145731
2,ExtraTrees,train,case_196,400360,0.3018031388023731,0.43068988971988936,0.9734990928742728,-0.09096548741591577,1.0233616588228103,-0.7417744219302836,4.721619437764037,4.630653950348121,8.420341682434081,8.06701433257739,0.04196116537572077,0.04196116537572077,13.27775411605834,12.512101921876216,0.05766428474949173,0.05766428474949173,29.805959701538086,27.38593603224238,0.08119261025407695,0.918807389745923,0.9141272854431012,0.9055944055944056,1.0,0.049692776501148964,120829.90465091809,74264.29020397068,1890347.5581032098,11727831.892893458
2,ExtraTrees,train,case_197,400360,0.30549541735801516,0.42277514129734406,0.9706314864598219,0.20879001428542404,0.7568020803936556,-0.05878844047179041,4.335292672210596,4.54408268649602,7.936916875839233,8.239312586233616,0.03809989636087859,0.0,12.379508867263791,12.284006626462771,0.007714541976181675,0.007714541976181675,27.07880973815918,25.89409597188164,0.04375058496784861,0.9562494150321514,0.8942951343790588,0.8906093906093906,1.0,0.049113298031771405,122308.14529345496,71559.87401483134,1735677.7742462344,9961289.997120844
2,ExtraTrees,train,case_199,400360,0.34837319144443185,0.5135279643187224,0.963978671987577,-0.18686816727353509,1.3762360737426758,-0.984974210482275,4.738719716338008,4.551851549064474,8.71670413017273,8.301219502399643,0.04766533560946423,0.04766533560946423,13.672717103958115,12.509998747780031,0.08503930472177244,0.08503930472177244,29.847414016723633,26.422094004972173,0.11476103121805588,0.8852389687819441,0.8766610050954141,0.8793706293706294,1.0,0.04986012588670197,139474.69092669274,105579.32400418185,1897193.8256330849,11921292.318331864
2,ExtraTrees,train,case_200,400360,0.34370063936057865,0.43770283837932294,0.9666661408314647,0.30891257889210205,0.628602915152847,0.22534098266324973,4.3085884493248345,4.617501028216936,7.528428196907043,8.092479251619382,0.07492281787904581,0.0,12.027814435958856,12.264199757189287,0.01965322315945643,0.0,27.248859405517578,26.944396606103524,0.011173414449501835,0.9888265855504982,0.8958936956738935,0.9173326673326674,1.0,0.04946298331501649,137603.98797440127,76702.48004902739,1724986.4715716909,9733294.889121156
2,ExtraTrees,validation,case_39,400360,2.039883206387937,2.2418660098119134,-0.23547113886517934,2.0029993460316393,3.338638600573258,2.6619752298808135,3.087728669230164,5.090728015261803,6.646077251434326,9.641112453454127,0.4506470642322773,0.0,10.974815073013293,13.481115855488676,0.22836838395922446,0.0,22.030895233154297,22.37502654482759,0.015620396176883952,1.015620396176884,0.8233090218803077,0.5571928071928072,0.9717782217782218,0.051496153461884304,816687.6405094744,2012194.629134138,1236203.0500129885,5445745.664773294
2,ExtraTrees,validation,case_47,400360,0.30030800689161047,0.40977573429988795,0.9789374668141911,-0.12491298534944191,0.6887383159682525,-0.11261771627749961,5.241447492183958,5.116534506834516,9.033231782913207,9.093645038566317,0.006687889462482788,0.0,14.435490150451656,14.315691577437303,0.008298891950725022,0.008298891950725022,29.597883224487305,29.231663795872038,0.012373162831870406,0.9876268371681296,0.9192726546108503,0.9283216783216783,1.0,0.05324208212608652,120231.31363912516,67226.91078327651,2098465.917970769,14190776.00859728
2,ExtraTrees,validation,case_63,400360,0.9590282838873813,1.1997980730000293,0.77455253258251,0.7219709615445303,2.1918083677075306,-0.7299281294973791,3.589908255421658,4.311879216966189,8.285945415496824,8.430101207520888,0.017397627524127268,0.0,13.304288787841797,12.327030441636488,0.07345438465665163,0.07345438465665163,25.949066162109375,22.196303624907628,0.14462033098830746,0.8553796690116926,0.7918873014287141,0.527972027972028,0.9947552447552448,0.05222299930062943,383956.56373715197,576324.3919395842,1437255.669140615,7715973.792316836
2,ExtraTrees,validation,case_69,400360,0.5184517894133689,0.6701244342066014,0.9508424494600678,-0.41035994426690353,1.1740373671060553,-0.7784227694046042,5.590349281239787,5.179989336972883,9.673070669174193,9.503728268690873,0.01750658154736471,0.01750658154736471,15.407477064132683,14.244402673678644,0.07548766002459797,0.07548766002459797,32.95534896850586,30.601591457485732,0.07142262439003519,0.9285773756099648,0.8980417624138276,0.9070929070929071,1.0,0.05220551503646718,207567.35840953636,179788.36696092252,2238152.238237161,16169443.43154454
2,ExtraTrees,validation,case_81,400360,0.3613905819467623,0.5814057392511855,0.9674423742813142,-0.04431574910640501,1.7440280914171,-1.2345877711103863,5.84957593964784,5.805260190541436,10.314814281463619,9.692344857910053,0.060347128563641085,0.060347128563641085,16.286035861968987,14.798065573504768,0.09136479257907777,0.09136479257907777,35.2658805847168,29.802877004291403,0.1549090364354293,0.8450909635645707,0.8317514237186532,0.8928571428571429,1.0,0.053961434708762114,144686.33338820576,135334.74520179536,2341936.2231974094,17856109.41474756
2,ExtraTrees,validation,case_105,400360,0.49624814630004105,0.717874087196651,0.8928419629252344,0.324646750146815,1.1981474873787727,0.9963340867089996,4.1177261345419325,4.442372884688746,6.899764347076416,8.1437403794375,0.18029253896014347,0.0,10.9968593406677,12.28598076058783,0.11722632617049156,0.0,24.234914779663086,26.218500126729797,0.08184824931718976,1.0818482493171897,0.8280047956838845,0.8768731268731269,1.0,0.04835647916874813,198677.90785268444,206322.80558119458,1648572.835225208,8713778.17665891
2,ExtraTrees,validation,case_133,400360,0.2602485752241761,0.376494787128255,0.9778467737931444,0.10583388102460457,0.8088284550145532,-0.4210395569875696,4.494560615819249,4.600394496843854,8.05308094024658,7.987861675547758,0.008098672443844306,0.008098672443844306,12.81892926216123,12.320467081757442,0.038884853033329614,0.038884853033329614,28.935829162597656,26.31821184907199,0.09046284102717848,0.9095371589728215,0.9192226995703866,0.9118381618381618,1.0,0.04997252472774503,104193.11957675115,56750.359290804525,1799442.2881493943,10649422.287634764
2,ExtraTrees,validation,case_143,400360,0.7575827556740521,0.8976932612258066,0.8717481197560727,0.729961821388428,0.7976553218787799,0.400973164358271,4.474318076376679,5.204279897765107,7.921590662002563,8.642852852871128,0.09105017182069731,0.0,12.536460180282564,12.941257961533879,0.03228963961357956,0.0,29.560705184936523,28.39134324089947,0.03955798539721353,0.9604420146027864,0.9006893795583975,0.9093406593406593,1.0,0.050079928064741736,303305.8320616635,322631.3836489398,1791337.9850581675,10530623.36365127
2,ExtraTrees,validation,case_151,400360,0.5917481260761953,0.7400479638461949,0.8764650235227014,0.5428295830713767,1.1910503129973415,0.7575615228700724,3.846295328628278,4.389124911699654,6.654342794418334,7.728398588339256,0.16140674249932538,0.0,10.317672529220548,11.21677902699532,0.08714237588258633,0.0,23.825817108154297,25.445949169964027,0.06799901361012489,1.067999013610125,0.8041762413827556,0.8186813186813187,1.0,0.04854880607453292,236912.27975586557,219265.55707312498,1539902.7977696173,7697847.87186607
2,ExtraTrees,validation,case_157,400360,0.5691873525602457,0.6996850143843709,0.9087024924429516,0.5451518399283934,0.900584643656589,0.5530534631199315,4.141123750788858,4.686275590717253,7.273385071754455,8.118945422510324,0.11625403335780024,0.0,11.7065015220642,12.397290136538054,0.05900897148237402,0.0,26.843324661254883,27.901958965435455,0.039437525624707113,1.039437525624707,0.8673693675691877,0.8953546453546454,1.0,0.052425317214506946,227879.84847101997,195999.88902459037,1657940.3048658273,9012562.259375302
2,ExtraTrees,validation,case_165,400360,0.7589463437020783,1.059354729938404,0.8268761813481676,0.3179916634407073,1.6760712579436832,-0.7683767861712987,3.916683115704931,4.23467477914564,8.25058135986328,8.37485365439949,0.015062247024283553,0.0,13.54518896102898,12.673543925073206,0.06435089524875544,0.06435089524875544,26.689733505249023,20.761771337416093,0.22210645777587434,0.7778935422241257,0.7925367169547407,0.7492507492507493,0.9977522477522478,0.047522229993006294,303851.75816456403,449296.98121693113,1568083.252203626,8736920.126982423
2,ExtraTrees,validation,case_171,400360,0.3664836383493348,0.4841144600972009,0.9728395422655156,0.19588951031782387,0.8688404978975575,-0.11444161939733638,5.335408860563249,5.531298370881074,9.183458948135376,9.454921402267734,0.02955993549548955,0.0,14.578658542633027,14.33908855752324,0.016432923811830952,0.016432923811830952,33.82589340209961,30.670633688227714,0.09327941989186442,0.9067205801081356,0.9137776001598561,0.9000999000999002,1.0,0.0525502048156659,146725.38944953968,93831.09624185279,2136084.2914151023,14851578.007787077
2,ExtraTrees,validation,case_180,400360,0.6175766728798476,0.7815468094366157,0.901630823834437,0.36515885256757924,1.2290053365110651,0.6696581446496442,4.617005859716327,4.982164712283907,7.6927731275558475,8.493049099755028,0.10402958191143809,0.0,12.1202414035797,13.121329101796814,0.08259634976589197,0.0,27.940109252929688,28.385574834079492,0.01594358766163717,1.0159435876616372,0.8102707563193127,0.8741258741258742,1.0,0.0527175542012189,247252.9967541758,244546.05968574408,1848464.4659960286,11020374.196065595
2,ExtraTrees,validation,case_189,400360,0.2745688193093362,0.41070821905845073,0.9735088279687563,0.03653503383500969,0.9034240732764051,-0.4752349534654572,4.50395661685842,4.540491650693428,7.995612788200375,7.92873168584976,0.008364725021366122,0.008364725021366122,12.753865308761585,12.253545959308225,0.0392288406174129,0.0392288406174129,29.364471435546875,27.509161491638334,0.0631821331427956,0.9368178668572044,0.906484164252173,0.8843656343656343,1.0,0.049050854231191925,109926.37249868583,67533.22172769852,1803204.071125437,10670825.610614894
2,ExtraTrees,validation,case_194,400360,0.27528664205041176,0.41628863298835195,0.973484928996737,-0.00970918919279016,0.9979186318878333,-0.5130387045474378,4.4735464772618485,4.463837288069059,8.246804285049436,8.207159772111238,0.0048072576440390275,0.0048072576440390275,12.928755416870114,12.291164323449994,0.049315736345987175,0.049315736345987175,28.35040283203125,26.11541570495899,0.07883440458726372,0.9211655954127362,0.8742631631531621,0.8853646353646354,1.0,0.04908582275951644,110213.76001130286,69380.87702346822,1791029.0676365537,10628909.940717285
2,ExtraTrees,internal_test,case_12,400360,0.4392262608725973,0.6284767342879548,0.9599657959379911,-0.36080694734034646,1.698868754100713,-1.3528162001789432,5.6733454984825915,5.312538551142245,10.082114791870117,9.438022387056524,0.06388465298301976,0.06388465298301976,16.142577419280983,14.41574600918163,0.10697371090423233,0.10697371090423233,36.23194885253906,30.99842638605316,0.14444496175974111,0.8555550382402589,0.9199220701368768,0.9000999000999002,1.0,0.05288989909081827,175848.62580295306,158135.3960984959,2271380.6037724903,16836334.16889702
2,ExtraTrees,internal_test,case_20,400360,0.40129790086845757,0.5879060836118222,0.9659594746354332,-0.340599595945347,1.6127450188836014,-1.2608977405008817,5.788521283110883,5.447921687165537,10.149102687835692,9.564954943285057,0.05755659022454964,0.05755659022454964,16.289631748199415,14.640423120390112,0.10124284288941027,0.10124284288941027,36.26679992675781,30.628528965115738,0.1554664589384445,0.8445335410615555,0.9217204515935657,0.9100899100899101,1.0,0.053489359576381255,160663.62759169567,138377.85334184955,2317492.380906273,17479945.55924125
2,ExtraTrees,internal_test,case_27,400360,0.4579495406855822,0.6092125828292225,0.9442384091614895,-0.20594027707020773,0.818942297321296,0.27340354698064806,4.916951870695414,4.711011593625206,8.11301689147949,8.533458858238278,0.051823134646785764,0.0,13.111589975357049,13.215593793849386,0.007932204918534707,0.0,27.218610763549805,28.058478020680905,0.03085636017308498,1.030856360173085,0.8933959436507144,0.8888611388611388,1.0,0.05311969227695074,183344.67810887969,148589.5988205688,1968550.850951616,12344000.055735279
2,ExtraTrees,internal_test,case_42,400360,1.106394068485231,1.2784747838938644,0.7651985305493062,0.9312779009477877,1.8284109674213973,-0.5883121895604633,4.11715438872547,5.048432289673258,8.91228380203247,9.063787200429827,0.016999391150762835,0.0,13.76958976745605,13.168937975998272,0.043621618479687624,0.043621618479687624,24.76995849609375,23.105626501561122,0.06719155362311546,0.9328084463768845,0.7826955739834149,0.6565934065934066,0.9887612387612388,0.0466829853132181,442955.9292587471,654387.5284192843,1648343.931070129,9573468.703283088
2,ExtraTrees,internal_test,case_43,400360,1.0665589754144371,1.2289069778449335,0.7850319521968411,0.8994112542176047,1.6702402364653688,-0.513075756831695,4.204806520399298,5.104217774616904,9.005365419387815,9.082771591068727,0.008595561432106215,0.0,13.601225948333738,13.202143694997082,0.02934163838264501,0.02934163838264501,24.57630157470703,23.333300373839872,0.05057722770404181,0.9494227722959582,0.7930862223998402,0.6913086913086913,0.9917582417582418,0.04683784593865521,427007.551396924,604628.6205280577,1683436.3385070632,9891168.235563483
2,ExtraTrees,internal_test,case_68,400360,0.8722429450447365,1.104405044027797,0.8523858646049566,0.5316694926613563,2.0530134949354166,-1.1716955838192207,4.470923505812859,5.002592998474215,9.673214769363403,9.094664890727564,0.05980947311003548,0.05980947311003548,14.204864883422841,13.125656350460597,0.07597457222009109,0.07597457222009109,30.399791717529297,23.250549329318034,0.23517405825148557,0.7648259417485145,0.7951843340993107,0.6653346653346653,0.9997502497502497,0.05055450094914577,349211.18547811074,488323.2962900749,1789978.9347872362,11310965.499439059
2,ExtraTrees,internal_test,case_84,400360,0.4114571449194048,0.5615703987115744,0.9688258737439575,-0.3372676786325298,1.3861116892721255,-1.0547714439295353,5.8500024248584594,5.51273474622593,10.052421236038205,9.610139798556379,0.04399750339711543,0.04399750339711543,16.077098846435536,14.68348410669401,0.0866832227041078,0.0866832227041078,35.38292694091797,30.564224110140557,0.13618723060485158,0.8638127693951484,0.9246178439404535,0.9273226773226774,1.0,0.0537116595064442,164730.9825399329,126258.05515620593,2342106.970816333,17751422.6822564
2,ExtraTrees,internal_test,case_94,400360,0.521573183629451,0.7166586033674036,0.9126030707109155,0.4241121363645895,1.2945607237584027,0.5440340168880617,4.538194797936468,4.962306934301056,7.718307733535765,8.548605692434029,0.10757513014033497,0.0,12.303719158172552,13.018243150276737,0.05807382165656585,0.0,24.009641647338867,28.617063726032544,0.19189882741145972,1.1918988274114597,0.8398940953142172,0.8456543456543456,1.0,0.048773603756619044,208817.03979788703,205624.71735156796,1816911.6693018444,10598267.30129735
2,ExtraTrees,internal_test,case_100,400360,0.3717561791548562,0.5461320342966165,0.9697047755714693,-0.2738513606951969,1.515295914943539,-1.159728291647048,5.697571016647155,5.42371965595196,10.016252183914181,9.530434599449144,0.048502930591668464,0.048502930591668464,16.072310028076142,14.55143418913311,0.09462708448793417,0.09462708448793417,36.00269317626953,30.392960580610126,0.15581424890060588,0.8441857510993941,0.9204216205415127,0.9110889110889111,1.0,0.05328704166250375,148836.30388643823,119411.45322558288,2281079.532224855,16938205.916138913
2,ExtraTrees,internal_test,case_114,400360,0.6423446185127478,0.8416794448845887,0.8341068035646205,0.3872642339345292,1.5343144232877437,1.3790733705375433,3.8466171109917005,4.23388134492623,6.512721204757687,8.038297692535167,0.2342456309450207,0.0,10.346745529174791,11.948523629872664,0.15480984780976081,0.0,23.000751495361328,25.746237439043625,0.11936505397382309,1.1193650539738231,0.8285543011289839,0.8948551448551448,1.0,0.04747477270456589,257169.09146776373,283624.7479201506,1540031.6265566372,7633594.826299871
2,ExtraTrees,internal_test,case_124,400360,0.29999897364709704,0.45234807336879734,0.970544879099785,-0.13365840196078524,1.1649278471624944,-0.8616688445459163,4.68614249334891,4.552484091388126,8.326841783523559,8.044151711124035,0.03394925468127499,0.03394925468127499,13.333128252029367,12.310613438819692,0.07668979056389434,0.07668979056389434,28.74965476989746,26.813758984398408,0.06733631415727631,0.9326636858427236,0.8913477869917075,0.8926073926073926,1.0,0.04947547207513238,120107.58908935176,81921.17455279811,1876144.0086371698,11573098.271248205
2,ExtraTrees,internal_test,case_156,400360,0.310815371110014,0.44110587027788845,0.9719268980848753,-0.13253508897172547,1.1117222376706626,-0.788908289371035,4.732292953646106,4.59975786467438,8.350664710998535,8.109448768973783,0.028885837280360455,0.028885837280360455,13.289695453643796,12.344754158208483,0.07110330697429396,0.07110330697429396,28.11277961730957,26.5888358475087,0.05420822097799779,0.9457917790220022,0.900139874113298,0.8883616383616384,1.0,0.04907083624737736,124438.04197760521,77899.80229741104,1894620.8069217552,11740791.85297921
2,ExtraTrees,internal_test,case_164,400360,0.44029474180778233,0.5854319039705224,0.9407794319437012,0.2378699971268318,0.9218402025335561,0.26963612022473926,4.41744805846477,4.655318055591603,7.523049545288086,8.07173151289216,0.07293345129538999,0.0,11.752422008514381,12.373008219418985,0.05280496313483313,0.0,27.64034652709961,27.465675921371524,0.006319407231629021,0.993680592768371,0.8130182835448097,0.8723776223776224,1.0,0.05296982715555999,176276.40283016374,137215.58865972754,1768569.5046869554,10129589.802121753
2,ExtraTrees,internal_test,case_176,400360,0.39133512704766327,0.5211744522034545,0.9518902212149855,0.20407933356473612,0.843664058053661,0.008354978089698437,4.060998864911518,4.265078198476253,7.827819538116455,8.161483213793291,0.04262536636825977,0.0,11.872080402374266,11.969832335053933,0.008233766060084824,0.0,27.17892074584961,24.880393549954196,0.08457021591802585,0.9154297840819742,0.870816265361175,0.8978521478521478,1.0,0.049515436107503245,156674.93146480247,108746.908063295,1625861.5055559753,8863012.667989213
2,ExtraTrees,internal_test,case_190,400360,0.30004141539215334,0.4459362279905391,0.971470096246515,-0.12284259950322446,1.1190769864073469,-0.8129673159498906,4.71106754251522,4.588224943011995,8.360267305374144,8.130830156764246,0.02744375750550605,0.02744375750550605,13.360542898178092,12.42527051613105,0.07000257318694592,0.07000257318694592,28.387516021728516,26.833180037554982,0.05475420896227081,0.9452457910377292,0.8863522829453492,0.8881118881118881,1.0,0.04942301928264562,120124.5810664025,79615.23705676844,1886123.0013213935,11676241.904284762
3,Ridge,train,case_01,400360,2.1563085851782877,3.1356528071094787,0.06471938915663666,0.7224896294869544,7.206099105978454,-6.305483204178167,5.896753568734742,6.619243198221696,10.326234483718872,8.57474808692932,0.16961520673882421,0.16961520673882421,16.558459148406914,10.717201004028308,0.352765803389417,0.352765803389417,37.16805648803711,15.233644485473633,0.5901414837125873,0.4098585162874127,0.2654111299830153,0.37162837162837165,0.5794205794205795,0.0,863299.7051619792,3936467.0453630453,2360824.2587786415,18130060.897750977
3,Ridge,train,case_06,400360,2.366735989359334,3.30380002018069,-0.0665516716728185,1.254754908692579,6.363273117851469,-5.472325686487073,5.917631487748422,7.172386396441001,10.134570455551147,9.140089178085328,0.09812761989543413,0.09812761989543413,15.962084121704066,11.29163063049316,0.2925967220571384,0.2925967220571384,32.9944953918457,15.61185359954834,0.526834600313158,0.473165399686842,0.2307922869417524,0.34715284715284717,0.6151348651348651,0.0,947546.4206999028,4369967.263384774,2369182.942434958,18117237.60923312
3,Ridge,train,case_10,400360,2.0892369722634707,3.0491299093796016,0.07327997825692234,0.6231982528763307,6.984823206759047,-6.120998732990551,5.735561601321801,6.358759854198134,10.146135330200195,8.369334077835083,0.17512098888297148,0.17512098888297148,16.147420253753637,10.523870077133134,0.3482630716391524,0.3482630716391524,36.003170013427734,15.036937713623047,0.5823440628140557,0.4176559371859443,0.26935757817963835,0.36388611388611386,0.5784215784215784,0.0,836446.9142154031,3722224.2712628418,2296289.4427051963,17187067.072017305
3,Ridge,train,case_11,400360,2.417393439799801,3.372721829228642,0.008761949141977587,1.171479894121296,7.113605133268091,-6.169475107214908,6.201051010845691,7.372530904966988,10.622378873825072,9.332268905639648,0.12145207617894554,0.12145207617894554,17.002918834686216,11.2102411365509,0.3406872522568398,0.3406872522568398,35.55618667602539,15.544438362121582,0.56282043111775,0.43717956888225,0.2307922869417524,0.3808691308691309,0.6033966033966034,0.0,967827.6375582484,4554196.1058556065,2482652.782702181,19989509.012440648
3,Ridge,train,case_12,400360,2.06486160499304,3.0421819698192296,0.06195609814077918,0.6218167111693715,7.124592818994722,-6.260071198760909,5.6733454984825915,6.295162209651963,10.082114791870117,8.265054941177368,0.18022606250803308,0.18022606250803308,16.142577419280983,10.559910402297964,0.34583492288629086,0.34583492288629086,36.23194885253906,14.979842185974121,0.5865570950394968,0.41344290496050323,0.26755919672294937,0.34815184815184813,0.5661838161838162,0.0,826687.9921750135,3705280.2086067814,2271380.6037724903,16836334.16889702
3,Ridge,train,case_13,400360,2.0953762035447223,2.9854104411153366,-0.089311708147781,1.192864195399445,5.580982097476687,-4.667266185270083,5.239577948061452,6.432442143460899,9.118360137939451,8.422465085983276,0.07631800471015741,0.07631800471015741,14.603178558349592,10.706021404266336,0.2668704719668717,0.2668704719668717,30.08977508544922,14.975448608398438,0.5023077252697629,0.49769227473023714,0.27445299230692377,0.35614385614385613,0.5841658341658341,0.0,838904.816851165,3568278.7639488783,2097717.427285883,14266872.702133816
3,Ridge,train,case_14,400360,2.0298896858382007,2.9344476969400377,-0.02301373345486546,0.8846758889563352,6.002284976108938,-5.128099875607825,5.300424085269767,6.185099974226101,9.186977624893188,8.199541425704956,0.10748216002101268,0.10748216002101268,14.805124273300162,10.573940544128385,0.2857918414641323,0.2857918414641323,30.95267105102539,14.881827354431152,0.5192070070496178,0.4807929929503823,0.27100609451493657,0.3499000999000999,0.5859140859140859,0.0,812686.634622182,3447493.2684136643,2122077.7867786037,14617850.616076909
3,Ridge,train,case_17,400360,2.758417924884791,3.5086693161029685,-0.5512529058130602,2.2773021976419194,4.471200276390068,-3.469856144962926,5.224712665699665,7.502014863341585,8.882305335998534,9.459651947021484,0.06499963570077447,0.0,13.956213130950902,11.473357305526731,0.17790326087224223,0.17790326087224223,27.7415714263916,15.768248558044434,0.4316021859149801,0.5683978140850199,0.22719552402837445,0.3626373626373626,0.6213786213786214,0.0,1104360.200406875,4928736.021638103,2091765.9628395182,14106137.547034325
3,Ridge,train,case_18,400360,2.0592978471812646,3.0158453821272957,0.05936541273170115,0.49702569872688834,7.067367544792093,-6.223219078372487,5.653727981126508,6.150753679853396,9.915027427673339,8.110250425338744,0.18202440845472312,0.18202440845472312,15.819301843643087,10.462961359024042,0.3385952513935667,0.3385952513935667,36.45985412597656,14.89417839050293,0.5914910043512415,0.40850899564875853,0.26281346787890897,0.3503996003996004,0.5879120879120879,0.0,824460.4860974911,3641403.6639722167,2263526.534523809,16668583.556267565
3,Ridge,train,case_19,400360,2.120990978581261,3.0711463552315683,0.10285767570439197,0.5110081736404588,7.329739577751958,-6.458693017825247,5.885521276208228,6.396529449848686,10.343796873092652,8.400483512878418,0.18787234359458277,0.18787234359458277,16.581697864532423,10.443818378448453,0.37015989172089814,0.37015989172089814,35.93040466308594,14.675783157348633,0.5915497391426211,0.40845026085737884,0.2685083424917574,0.3553946053946054,0.564935064935065,0.0,849159.9481847936,3776171.472477549,2356327.298142726,18077325.27607492
3,Ridge,train,case_20,400360,2.1111775427465944,3.073498042874733,0.06965028817281205,0.5268701441664451,7.165817541319299,-6.303706669166665,5.788521283110883,6.315391427277327,10.149102687835692,8.291669273376465,0.18301454538296,0.18301454538296,16.289631748199415,10.553624753952013,0.3521262532458068,0.3521262532458068,36.26679992675781,15.032943725585938,0.5854902071330931,0.414509792866907,0.26870816265361175,0.3553946053946054,0.5746753246753247,0.0,845231.0410140265,3781956.7883009645,2317492.380906273,17479945.55924125
3,Ridge,train,case_21,400360,2.1288984781651528,3.002295013023451,-0.5252620319668191,1.5786058785709134,4.119243648837855,-3.1396776548167042,4.529992944088067,6.108598822658981,8.021694707870484,8.276068305969238,0.03171070545095355,0.0,12.29129181861873,11.395273952484118,0.07289859189392384,0.07289859189392384,23.24169158935547,14.620096206665039,0.3709538675162121,0.6290461324837879,0.2626636027575182,0.27822177822177824,0.6098901098901099,0.0,852325.7947182006,3608755.097214475,1813627.9750950986,10581712.180962272
3,Ridge,train,case_27,400360,2.097030153780501,2.7896403217167665,-0.16921357572578577,-0.7622992014255895,6.358187526889239,-5.670963971857091,4.916951870695414,4.154652669269825,8.11301689147949,6.218320679664611,0.23353781178549493,0.23353781178549493,13.111589975357049,9.28594618797301,0.29177573387928185,0.29177573387928185,27.218610763549805,12.586902618408203,0.5375626358100489,0.4624373641899511,0.26146468178639226,0.28321678321678323,0.6186313686313686,0.0,839566.9923675614,3115638.8033440467,1968550.850951616,12344000.055735279
3,Ridge,train,case_28,400360,1.9605203428588582,2.9289937406487563,0.06994625519444075,0.41390504718620086,7.086386401364075,-6.211832225602613,5.5266866433473245,5.940591690533525,9.724851751327513,7.916789436340331,0.18592183831906423,0.18592183831906423,15.672686471939013,10.218980693817125,0.3479751724687669,0.3479751724687669,36.075843811035156,14.541000366210938,0.5969324947081897,0.4030675052918104,0.2606654011389749,0.3598901098901099,0.5729270729270729,0.0,784913.9244669725,3434690.174663631,2212664.264530535,15921703.859572133
3,Ridge,train,case_29,400360,5.3056933852957044,5.538695210865185,-23.379315261329598,5.304159845282799,4.349390562755869,3.9847730165571704,2.033673969191559,7.337833814474357,3.50241869688034,9.494808864593505,1.710929128219502,0.0,5.4425946283340405,12.608928251266468,1.3167127284520945,0.0,12.888184547424316,16.176776885986328,0.2551633495362411,1.255163349536241,0.24048356479168748,0.28321678321678323,0.6236263736263736,0.0,2124187.403736988,12281901.627614362,814201.7103055326,2159604.52317288
3,Ridge,train,case_32,400360,1.9845156114957416,2.9156818372925337,0.068235023306631,0.2342908596104966,7.139106043745636,-6.45278552888883,5.271242364639071,5.505533224249567,10.015990829467771,7.509608316421509,0.2502380998265597,0.2502380998265597,15.115796918868979,9.914741134643545,0.34408081903594373,0.34408081903594373,33.723785400390625,14.05986499786377,0.5830875795544318,0.41691242044556814,0.2562194025377161,0.3319180819180819,0.5996503496503497,0.0,794520.6702184351,3403540.6627345006,2110394.5931068985,14777190.176314557
3,Ridge,train,case_34,400360,1.7835467163768652,2.55048637163905,-0.020931444302679125,-0.33943403944936035,6.130031225420459,-5.4134084407784675,4.684073457170518,4.344639417721158,8.226318550109863,6.398186492919922,0.2222296700588535,0.2222296700588535,12.876111402511585,9.047028932571411,0.2973787931963125,0.2973787931963125,30.05852508544922,13.08187484741211,0.564786535260015,0.43521346473998507,0.2606654011389749,0.3221778221778222,0.5999000999000998,4.745728844040364e-05,714060.7633686417,2604334.085830101,1875315.6493127886,11335055.49990527
3,Ridge,train,case_35,400360,1.5678969163952032,2.186818776002057,-0.14626808034636873,-0.2656743072014735,4.39847786560313,-3.671196316169661,3.846318012911481,3.580643705710008,6.875816249847412,6.058649086952208,0.11884656791305878,0.11884656791305878,10.138929128646827,8.507706289291376,0.16088709356361386,0.16088709356361386,21.769367218017578,12.103872299194336,0.4439952168579123,0.5560047831420877,0.3248576281346788,0.29270729270729273,0.5796703296703297,0.00027475272254970525,627723.2094479835,1914592.1271193214,1539911.8796492405,7593273.8350793915
3,Ridge,train,case_40,400360,1.935906852461776,2.819463575380152,-0.03875936005742053,1.0166585028194772,5.673032508000852,-4.824586910043328,5.041594912488031,6.058253415307509,8.88729267120361,8.148051786422728,0.0831795364606538,0.0831795364606538,14.066408891677813,10.175284309387193,0.2766253001924854,0.2766253001924854,32.35271072387695,14.698330879211426,0.5456847185183848,0.4543152814816151,0.2457288440403637,0.3626373626373626,0.5796703296703297,0.0,775059.6674515966,3182611.7161052134,2018452.9391637081,13240080.589726774
3,Ridge,train,case_42,400360,2.074838771044853,2.868901555035549,-0.1823546646708929,0.9776330575192612,5.819733152336678,-5.305740111738142,4.11715438872547,5.094787446244731,8.91228380203247,7.26428346633911,0.18491335916811,0.18491335916811,13.76958976745605,10.415855045318592,0.24356097594598602,0.24356097594598602,24.76995849609375,13.816158294677734,0.44222117704167496,0.557778822958325,0.23249075831751423,0.19855144855144854,0.4725274725274725,0.0,830682.4503755174,3295201.4676018506,1648343.931070129,9573468.703283088
3,Ridge,train,case_43,400360,2.109250786113833,2.9285295213960603,-0.2207735324800384,0.9810235280053204,5.81182681185788,-5.3349664267608485,4.204806520399298,5.18583004840462,9.005365419387815,7.384767699241638,0.17995912932718558,0.17995912932718558,13.601225948333738,10.608079471588132,0.2200644624326891,0.2200644624326891,24.57630157470703,14.012489318847656,0.4298373465082817,0.5701626534917184,0.21540613447896892,0.2042957042957043,0.47627372627372627,0.0,844459.6447285342,3433601.525732063,1683436.3385070632,9891168.235563483
3,Ridge,train,case_44,400360,1.949417035443114,2.821247658337913,0.05124794420420098,0.04735318214268283,6.6904381654940055,-5.868595933876072,5.309876889919772,5.357230072062456,9.196964502334595,7.437033581733703,0.19135997753977885,0.19135997753977885,14.862060785293576,9.864044609069822,0.33629361691007414,0.33629361691007414,32.25737762451172,14.195642471313477,0.5599257126057731,0.440074287394227,0.2673094215206314,0.3673826173826174,0.5851648351648352,0.0,780468.6043100051,3186640.737676747,2125862.31164828,14646837.997959476
3,Ridge,train,case_45,400360,2.1996529822800968,3.0891121604905187,0.0718258335860622,0.6561931024192239,7.635855211621127,-7.03440117070172,5.207303312044021,5.8634964144632455,10.862130212783812,7.84218852519989,0.2780248099060445,0.2780248099060445,15.904301156997667,9.9791663455963,0.37254920872737574,0.37254920872737574,36.334930419921875,14.207260131835938,0.6089916791461277,0.3910083208538723,0.2387351383754621,0.3384115884115884,0.5494505494505495,0.0,880653.0679856596,3820480.9170545926,2084795.9540099443,14972289.90461304
3,Ridge,train,case_49,400360,2.123313056039637,3.08076507082436,0.08229695358931444,0.49604074973663037,7.189993898346539,-6.357153986500555,5.85295244275635,6.348993192492981,10.265372943878171,8.342512702941894,0.18731518586307072,0.18731518586307072,16.352748069763166,10.456150293350213,0.3605875753272308,0.3605875753272308,34.92753982543945,14.715229988098145,0.5786926287496402,0.4213073712503597,0.26980717354381056,0.3661338661338661,0.5784215784215784,0.0,850089.615116029,3799862.16947635,2343288.0399819324,17855776.270638056
3,Ridge,train,case_51,400360,3.0424279427052325,3.624882095977233,-2.6623188760668413,2.9318668051861607,2.239850042965504,-0.38117673876092845,3.495074740730534,6.426941545916694,6.196873641014097,8.585326433181763,0.3854286742849905,0.0,9.536471252441398,11.84332359313963,0.24189789699283815,0.0,19.359146118164062,15.326104164123535,0.20832747113037461,0.7916725288696254,0.2580677390348686,0.2802197802197802,0.6273726273726273,0.0,1218066.4511414669,5260638.401170025,1399288.1231988766,6327039.392613842
3,Ridge,train,case_54,400360,1.9995245918911362,2.848155024306068,0.04810780281501681,-0.14971230287008558,6.8721072443255,-6.103439497607061,5.355598113270859,5.205885810400773,9.406452131271362,7.293470335006714,0.2246311113666466,0.2246311113666466,14.854768409728997,9.72952094078063,0.34502372084048333,0.34502372084048333,33.38887405395508,13.958243370056152,0.5819492640722118,0.4180507359277882,0.26206414227195524,0.3434065934065934,0.5964035964035964,0.0,800529.6656095353,3247715.132327252,2144167.260629121,14895149.962829953
3,Ridge,train,case_56,400360,1.9511951245021646,2.763567446984733,-0.045570715292099884,0.7227224742819226,5.448274504130392,-4.8878880445982675,4.807046602232076,5.529769076513999,9.012357282638549,7.558783435821533,0.16128675342434418,0.16128675342434418,12.885962295532151,10.048819913864117,0.22017310904686835,0.22017310904686835,27.991840362548828,14.107590675354004,0.4960106054967005,0.5039893945032995,0.24323109201718454,0.3254245754245754,0.6615884115884116,0.0,781180.4800456866,3057671.443425738,1924549.177669634,12175801.835297506
3,Ridge,train,case_57,400360,1.9810082591448257,2.841317071839361,0.07248429269119949,-0.028033175364347802,6.794800732514562,-6.11263832522863,5.400399450375989,5.372366275011641,9.728502988815302,7.453759884834289,0.2338225219847542,0.2338225219847542,14.611289510726927,9.66488617897033,0.3385329767181178,0.3385329767181178,32.06071853637695,13.973097801208496,0.5641676656325015,0.43583233436749846,0.24208212608652213,0.35364635364635366,0.6143856143856143,0.0,793116.4666312224,3232139.390863302,2162103.923952531,15160952.23359229
3,Ridge,train,case_58,400360,2.404370365007749,3.0961712180715235,-1.3364198384621164,2.1893602593707953,2.6208021993158717,-1.2765610683856399,3.828242068613012,6.017602327983807,6.500666666030883,8.091279315948485,0.24468454262226988,0.0,10.108694267272929,11.08212034225463,0.09629592598652274,0.0,20.552814483642578,14.788514137268066,0.2804628218175258,0.7195371781824742,0.2653611749425517,0.30994005994005996,0.6341158841158842,0.0,962613.7193345025,3837961.5440819818,1532674.9945899055,7510118.65249189
3,Ridge,train,case_59,400360,1.8709837161681349,2.7759909279921584,0.07098460701875309,0.15822689819824642,6.702933184443915,-5.883877777210041,5.287436591513801,5.445663489712048,9.45020728111267,7.558472800254822,0.20017915211645124,0.20017915211645124,14.667274990081749,9.801669645309408,0.3317320598449639,0.3317320598449639,32.03961944580078,14.002525329589844,0.5629621833281462,0.4370378166718538,0.2560695374163253,0.3548951048951049,0.5841658341658341,0.0,749067.0406050745,3085224.4581455323,2116878.1137784654,14513820.411748566
3,Ridge,train,case_60,400360,2.034797850430503,2.9966471626718345,0.07901870494861307,0.520085079986344,7.0527768884411906,-6.199729104548951,5.622468909648277,6.142553989634622,9.96433162689209,8.157220840454102,0.1813579529570146,0.1813579529570146,15.850470104217512,10.430460376739493,0.3419463077019941,0.3419463077019941,36.91607666015625,14.979677200317383,0.5942234778029638,0.4057765221970362,0.27080627435308224,0.3803696303696304,0.6053946053946054,0.0,814651.6673983561,3595190.4489379795,2251011.6526667844,16559895.004739292
3,Ridge,train,case_61,400360,2.1090278398194955,3.0173603964019313,0.039821888163908525,0.7178706495439509,6.3419005561297865,-5.538175407174418,5.705564880105384,6.4234355296493355,9.68325624465942,8.425254344940186,0.12991517191472204,0.12991517191472204,15.157886562347406,10.611964321136448,0.2999047540376209,0.2999047540376209,33.85128402709961,14.818132400512695,0.5622578928276383,0.4377421071723618,0.2562194025377161,0.3484015984015984,0.6343656343656343,0.0,844370.3859501332,3645063.111664167,2284279.9553989917,16829343.90342225
3,Ridge,train,case_62,400360,2.2845358458453946,2.6932546840481373,-2.915445221893935,2.197060429968885,1.7267369858144614,0.13988894690451584,2.474723175269594,4.6717836052384785,4.507473468780517,6.877481842041013,0.5257953018859799,0.0,6.4952899599075264,8.786798849105821,0.3527954723103569,0.0,14.41285228729248,12.735702514648438,0.11636487623776953,0.8836351237622305,0.2227495254271156,0.3144355644355644,0.5961538461538461,0.0003346987711060046,914636.7712426622,2904059.620744426,990780.1704509346,3193599.9834185
3,Ridge,train,case_64,400360,2.2117360934525254,2.839864463193166,-0.7260898941286791,1.9007383094065085,3.268191015030882,-2.1823405572281622,3.9771937318564388,5.877932041262946,6.892904663085936,8.014718675613402,0.1627490974211781,0.0,10.860165023803638,9.924658756256099,0.0861410729484376,0.0861410729484376,23.340909957885742,14.335101127624512,0.3858379491849508,0.6141620508150493,0.2485762813467879,0.36413586413586413,0.5871628371628371,0.0,885490.6623746532,3228835.4065839145,1592309.2824860439,8203529.247202241
3,Ridge,train,case_66,400360,2.1080652431935354,2.957592983826481,-0.15314445501522855,0.6857638602821149,7.3869150098541825,-6.713444490951548,3.3097094398571456,3.99547330013926,8.640856552124024,6.288523125648498,0.27223382453875994,0.27223382453875994,14.484742507934437,9.56872411727901,0.3393928741199601,0.3393928741199601,22.389339447021484,13.102056503295898,0.4148082602303436,0.5851917397696563,0.2053651713457888,0.03146853146853147,0.18831168831168832,0.0,843985.0007649639,3502091.551444724,1325075.2713412067,7422607.059131721
3,Ridge,train,case_69,400360,2.0689958656181515,3.048504233488512,-0.017309106724640255,0.8074531399479101,6.489868809256022,-5.6402181758427075,5.590349281239787,6.397802421187697,9.673070669174193,8.361954259872437,0.13554293710269025,0.13554293710269025,15.407477064132683,10.703242893218977,0.30532151054534223,0.30532151054534223,32.95534896850586,14.734951972961426,0.5528813247572331,0.44711867524276694,0.245928664202218,0.3111888111888112,0.5769230769230769,0.0,828343.1847588831,3720696.8407411273,2238152.238237161,16169443.43154454
3,Ridge,train,case_71,400360,1.856575479074871,2.5347937395950213,-0.10546492151835296,-0.44251394393590426,5.584359837446011,-4.950398772017012,4.549803349447659,4.107289405511755,7.7705615758895865,6.170125985145569,0.20596138066904088,0.20596138066904088,12.114842939376807,9.08366013526914,0.25020405293538145,0.25020405293538145,25.56398582458496,12.832845687866211,0.4980107649909262,0.5019892350090738,0.25372165051453693,0.3106893106893107,0.6286213786213786,0.0,743298.5588024154,2572384.7854648693,1821559.2689848647,10614707.437531048
3,Ridge,train,case_72,400360,2.921413737806007,3.2597323681573167,-3.722224273018343,2.855673923550141,1.9498586400323925,0.37253272342853394,2.7397326694568966,5.595406593007038,4.794327330589294,7.775118684768676,0.6217329666168203,0.0,7.4184241771698,9.384794807434076,0.26506581226721737,0.0,16.875072479248047,13.449128150939941,0.20301805118295796,0.796981948817042,0.2238485363173144,0.3269230769230769,0.5611888111888111,0.0009941053052252972,1169617.204068013,4254167.352645327,1096879.3715437632,3906038.355638345
3,Ridge,train,case_73,400360,1.8018456102269031,2.6755927581644046,0.025489289124202452,-0.16034707387967687,7.699106299649276,-7.0159523718149135,3.1237290097219934,2.9633819358423166,8.22641882896423,5.42320804595947,0.34075711938407416,0.34075711938407416,14.632464952468844,8.503181619644161,0.41888248854411414,0.41888248854411414,22.04593849182129,12.148733139038086,0.4489355423201837,0.5510644576798163,0.2920371665501049,0.03571428571428571,0.47652347652347654,0.0,721386.9085104429,2866095.809795437,1250616.1463322972,6847647.309800914
3,Ridge,train,case_75,400360,2.0573310874498887,2.9501961846255034,0.07307611801625102,0.20521826171588947,7.055438893292189,-6.27784293271264,5.667589229630241,5.872807491346129,9.665987253189082,7.863522315025329,0.18647499639202075,0.18647499639202075,15.416833810806175,9.99882543563842,0.35143457091494956,0.35143457091494956,35.16933822631836,14.245430946350098,0.594947426798899,0.405052573201101,0.23848536317314417,0.3464035964035964,0.593906093906094,0.0,823673.0741714374,3484596.327821551,2269076.023974763,16619503.110003779
3,Ridge,train,case_77,400360,2.4394142396424736,3.1210569983448386,-0.8507647372339509,2.13067446610922,3.4670790174860056,-2.318589342058521,4.216345334965462,6.3470198010746826,7.30365433692932,8.36116008758545,0.1447913197793446,0.0,11.748572282791129,10.855460367202756,0.07601876160702263,0.07601876160702263,23.54745101928711,15.09146785736084,0.3591039707440178,0.6408960292559822,0.2720051953242082,0.33766233766233766,0.5871628371628371,0.0,976643.8849832608,3899905.4736102084,1688056.0183067725,9224613.080135196
3,Ridge,train,case_79,400360,2.114666774982059,3.070343244303995,0.05037410920814189,0.5736907102821391,6.954626313108858,-6.129166517275317,5.793376880167527,6.367067590449666,10.056427860260005,8.329711103439331,0.1717027935579533,0.1717027935579533,15.850202865600538,10.505315608978265,0.3372125456023155,0.3372125456023155,36.246280670166016,14.676060676574707,0.5951016102831638,0.4048983897168362,0.25107403336996703,0.3306693306693307,0.5896603396603397,0.0,846627.9900318171,3774196.7778868964,2319436.367743871,17411772.858387887
3,Ridge,train,case_81,400360,2.210372928591368,3.1541813633873224,0.04177517091628358,0.8652909487716425,6.9846982948049305,-6.089962045192862,5.84957593964784,6.714866888419483,10.314814281463619,8.70431728363037,0.15613436692965132,0.15613436692965132,16.286035861968987,10.753918037414524,0.3396847379829869,0.3396847379829869,35.2658805847168,15.100386619567871,0.5718131415067532,0.4281868584932468,0.23473873513837545,0.3741258741258741,0.5851648351648352,0.0,884944.90569084,3983125.618882294,2341936.2231974094,17856109.41474756
3,Ridge,train,case_82,400360,1.974678800522871,2.910589745940337,0.07069253155712008,0.3625444059554303,6.91629990727905,-6.0655435071576065,5.501570875476665,5.864115281432096,9.606270885467529,7.8627139806747435,0.18150195071330513,0.18150195071330513,15.515425043106074,10.152403144836423,0.34565742693930174,0.34565742693930174,34.473167419433594,14.455729484558105,0.5806672096974482,0.4193327903025517,0.26670996103506844,0.35364635364635366,0.5714285714285714,0.0,790582.4045773366,3391662.819430116,2202608.9157058373,15767476.08115845
3,Ridge,train,case_83,400360,2.0798125980066,3.0531993032999343,0.08323229388345266,0.5559328885118769,7.171911350018496,-6.331898134754473,5.771707437600671,6.327640326112547,10.300168991088865,8.326108407974242,0.1916532228570687,0.1916532228570687,16.17190748214708,10.492963466644259,0.3511610502207035,0.3511610502207035,37.063751220703125,14.9332275390625,0.5970934660623052,0.40290653393769477,0.26611050054950547,0.36413586413586413,0.5871628371628371,0.0,832673.7717379222,3732166.323623323,2310760.7897178046,17408040.681773167
3,Ridge,train,case_84,400360,2.1382547301511776,3.08094280943944,0.06167529983824005,0.4914035650952111,7.011339924226978,-6.173223332230153,5.8500024248584594,6.341405989953671,10.052421236038205,8.319642162322998,0.17237429998487794,0.17237429998487794,16.077098846435536,10.631387109756439,0.3387247779400492,0.3387247779400492,35.38292694091797,15.082011222839355,0.5737489086749907,0.42625109132500927,0.26715955639924066,0.3598901098901099,0.5979020979020979,0.0,856071.6637633254,3800300.633108849,2342106.970816333,17751422.6822564
3,Ridge,train,case_85,400360,2.1023971554904084,3.047896032155081,0.042560154761895785,0.4965666227081576,6.900154827181478,-6.085376322716073,5.742957919701812,6.23952454240997,9.90499882698059,8.227419996261597,0.16936688837856034,0.16936688837856034,15.767036905288688,10.428307418823234,0.33860068436033786,0.33860068436033786,34.80757522583008,14.591265678405762,0.5808020069269909,0.41919799307300915,0.24408032770506544,0.3166833166833167,0.5789210789210789,0.0,841715.7251721399,3719212.370410892,2299250.6327318177,17089038.579897046
3,Ridge,train,case_86,400360,2.492100421014357,3.246970224383437,-0.8331861444173418,2.1697628340553043,3.5985896855448742,-2.3542851623043886,4.475714650114444,6.645477484169748,7.60098669528961,8.686709070205687,0.1428396625912933,0.0,12.306284666061373,11.379885034561145,0.07527857973699241,0.07527857973699241,24.116090774536133,15.32746696472168,0.3644298693341396,0.6355701306658603,0.2756519132780498,0.31868131868131866,0.5816683316683317,0.0,997737.3245573079,4220921.668842742,1791897.1173198188,10322525.946124662
3,Ridge,train,case_87,400360,2.3763788683000087,3.1949821865797325,-0.009718112218928932,1.073203816516484,7.226217104958861,-6.649599526881076,5.09026258343684,6.163466399953324,10.772640562057495,8.149194240570068,0.24352862293832697,0.24352862293832697,15.996327209472646,10.210304584503165,0.36170944424937346,0.36170944424937346,34.780033111572266,14.184450149536133,0.5921668589551579,0.4078331410448422,0.22499750224797682,0.2405094905094905,0.477022977022977,0.0,951407.0437125915,4086839.3170468463,2037937.5279047734,14421142.352911664
3,Ridge,train,case_89,400360,1.9881618632196614,2.9074950512284006,0.006588751890458711,0.659290063142913,6.353280184017533,-5.549338353848598,5.266890383352188,5.926180446495101,9.501103210449216,7.907210135459899,0.16775873703133434,0.16775873703133434,14.831547985076902,10.422943992614746,0.2972450344965996,0.2972450344965996,30.670499801635742,14.499349594116211,0.5272542120965723,0.4727457879034277,0.26556099510440606,0.32867132867132864,0.5984015984015985,0.0,795980.4835586236,3384454.2590573067,2108652.233878882,14512941.660125623
3,Ridge,train,case_91,400360,2.389265529221889,3.367560185307261,0.01781965989521206,1.0713805963714935,7.136520017452974,-6.247860980136302,6.227670659174811,7.299051255546305,10.791361618041991,9.27196807861328,0.14079720365300785,0.14079720365300785,16.847370262145986,11.221220006942728,0.33394827606089605,0.33394827606089605,35.742393493652344,15.522660255432129,0.5657073089358475,0.4342926910641524,0.22984314117294435,0.3708791208791209,0.6156343656343657,0.0,956566.3472792755,4540267.20684327,2493310.2251072275,20150156.032166723
3,Ridge,train,case_92,400360,2.8418179074309915,3.567701864285419,-0.6667556218435331,2.4305475331777733,4.298134278869003,-3.2125975190491474,5.1309906232953235,7.561538156473097,8.626925182342527,9.546531677246094,0.10659724936363248,0.0,13.86244007110595,11.508791255950921,0.1697860407750895,0.1697860407750895,26.93845558166504,15.837118148803711,0.4120999958296483,0.5879000041703517,0.23299030872215007,0.37312687312687315,0.6056443556443556,0.0,1137750.2174190718,5095980.895743534,2054243.4059425157,13597729.007015591
3,Ridge,train,case_93,400360,2.047244958155576,2.9555544107129244,-0.01732935658613921,0.634420138044745,6.094509638434127,-5.287639178635655,5.478692639531607,6.113112777576352,9.250488615036007,8.100145101547241,0.12435489208850704,0.12435489208850704,14.655003519058223,10.446713476181019,0.2871572181749733,0.2871572181749733,30.175100326538086,14.33995246887207,0.5247753176064666,0.4752246823935335,0.2436806873813568,0.30994005994005996,0.5961538461538461,0.0,819634.9914471663,3497265.4585487354,2193449.385162874,15454927.461751582
3,Ridge,train,case_94,400360,2.73369037847786,3.4991477612965376,-1.0835124525945097,2.454602833956505,3.435434512598781,-2.1068452053439763,4.538194797936468,6.992797631892973,7.718307733535765,9.070288133621215,0.17516539204716403,0.0,12.303719158172552,12.01445725440979,0.02351011917974611,0.02351011917974611,24.009641647338867,15.731941223144531,0.3447656797956334,0.6552343202043666,0.27460285742831453,0.30744255744255744,0.5986513486513486,0.0,1094460.279927396,4902021.874774568,1816911.6693018444,10598267.30129735
3,Ridge,train,case_96,400360,2.3086143166555066,3.064178812816943,-0.6083010692994437,1.8660567738950502,3.811010869394698,-2.8198341560096982,4.446458726790373,6.312515500685423,7.780730009078979,8.367778396606443,0.07544901144782876,0.0,12.240180082321166,11.045071792602531,0.09763812964196193,0.09763812964196193,24.3714542388916,14.861804008483887,0.390196257358839,0.609803742641161,0.25941652512738533,0.31843156843156845,0.6071428571428571,0.0,924276.8278161986,3759056.827813391,1780184.2158577936,10252799.934972897
3,Ridge,train,case_97,400360,2.0853446929289623,3.024628111901649,0.04646788677166558,0.6070542166394701,6.846940316762085,-6.009584558940289,5.692470121784694,6.299524338424164,9.87625789642334,8.264246606826783,0.16322085819370338,0.16322085819370338,15.68950984954829,10.40893150329589,0.3365674515577319,0.3365674515577319,35.222373962402344,14.559558868408203,0.586638910711992,0.413361089288008,0.25037466280347687,0.3304195804195804,0.5756743256743256,0.0,834888.6012610394,3662643.501199804,2279037.33795772,16814484.77921046
3,Ridge,train,case_98,400360,2.3205006234250063,3.290605770059394,0.03846493522635952,0.8702632442737315,7.0651790284866784,-6.190719877474195,6.260926460286945,7.1311897045606765,10.456711626052856,9.083669853210449,0.1313072237185426,0.1313072237185426,16.65958471298217,10.990076942443842,0.34031507196696803,0.34031507196696803,34.968265533447266,15.07384204864502,0.5689279459907202,0.4310720540092799,0.21390748326506145,0.34115884115884115,0.6038961038961039,0.0,929035.6295944356,4335132.644659491,2506624.5176404812,20202345.646022253
3,Ridge,train,case_99,400360,3.2855224007010966,3.7405759879836014,-2.977948053076848,3.1901843894748367,2.1834494185154147,-0.1928929942913591,3.476781438713956,6.666965828188793,5.963100194931029,8.662333250045775,0.4526559955187815,0.0,9.452709732055656,11.137700281143175,0.17825476470238436,0.0,19.247943878173828,15.047773361206055,0.21821398397418174,0.7817860160258182,0.2575182335897692,0.32317682317682317,0.5936563436563437,0.0,1315391.748344691,5601800.5758916745,1391964.2168035195,6247768.959238368
3,Ridge,train,case_100,400360,2.090264967616712,3.0508412541129366,0.05459457134444756,0.6347479701876858,7.01215002079581,-6.137029213580901,5.697571016647155,6.33231898683484,10.016252183914181,8.289950275421143,0.17235008432250046,0.17235008432250046,16.072310028076142,10.588804597854613,0.3411771811670251,0.3411771811670251,36.00269317626953,14.989078521728516,0.5836678537257798,0.4163321462742202,0.27130582475771803,0.3499000999000999,0.5764235764235764,0.0,836858.4824350268,3726403.690767765,2281079.532224855,16938205.916138913
3,Ridge,train,case_101,400360,2.115068266870665,3.08066208186138,0.09420324279864722,0.40055234872606565,7.309355448039889,-6.49207273934054,5.892952550035133,6.2935048987612,10.397786188125611,8.304876375198365,0.20128417482919322,0.20128417482919322,16.382473373413045,10.474224395751905,0.36064450361015565,0.36064450361015565,37.050594329833984,14.983287811279297,0.5955992587353879,0.40440074126461206,0.2625636926765911,0.3673826173826174,0.5879120879120879,0.0,846788.7313243395,3799608.1174379396,2359302.482932066,18098026.538970944
3,Ridge,train,case_102,400360,1.9305131288974382,2.7288902234487407,-0.08518715978709346,-0.9616041100086379,7.549769050640778,-7.075834408960734,3.561208677776423,2.5996045677677855,8.40616006851196,5.06678409576416,0.3972534362338081,0.3972534362338081,14.098538675308209,8.006234683990476,0.4321230825140499,0.4321230825140499,24.8814754486084,11.674467086791992,0.5307968327318412,0.46920316726815875,0.3309021880307723,0.05144855144855145,0.6523476523476524,0.00052203017284444,772900.2362853783,2981417.603720235,1425765.5062345688,7824824.903724942
3,Ridge,train,case_104,400360,2.050260918989357,2.965003113968558,0.019951885856781204,0.4787198218356834,6.507220217280078,-5.704006721047043,5.5717848155386465,6.050504637374329,9.49413046836853,8.017840003967285,0.15549506817078013,0.15549506817078013,15.03142244338985,10.301369953155504,0.314677636667341,0.314677636667341,32.318115234375,14.214296340942383,0.5601755783758262,0.43982442162417373,0.2476770906184434,0.3094405594405594,0.5921578421578422,0.0,820842.4615265789,3519662.2339850017,2230719.7687490527,16020406.29126272
3,Ridge,train,case_105,400360,1.8485464953173107,2.5829989713919934,-0.38732004686219224,1.3308614528454108,3.8005250181967645,-2.915361451869221,4.1177261345419325,5.448587587387343,6.899764347076416,7.5159360408782945,0.08930329541804777,0.0,10.9968593406677,9.56364316940307,0.13032959019166734,0.13032959019166734,24.234914779663086,13.564088821411133,0.44030796292324736,0.5596920370767526,0.22120091917274454,0.3079420579420579,0.5771728271728271,0.0,740084.0748652385,2671155.352611875,1648572.835225208,8713778.17665891
3,Ridge,train,case_106,400360,1.2278189725721165,1.861993817909382,-0.5109697906851465,0.7029974162188558,2.4989073559876376,-1.3744003371123323,2.8088639096034482,3.511861325822304,5.13510546684265,6.02059471607208,0.17243837637747253,0.0,7.404705095291117,8.214769878387429,0.10939865567522161,0.0,16.977144241333008,11.993112564086914,0.29357303009253094,0.706426969907469,0.31746428214606853,0.29595404595404595,0.5629370629370629,0.001438705165351184,491569.60385897255,1388056.5187251586,1124556.7548488365,4077379.610060282
3,Ridge,train,case_107,400360,2.0919802199841895,3.0053836143822736,0.059738905123874475,0.5265527039709037,6.578001478523657,-5.804038139796898,5.773947810975519,6.300500514946423,9.823783111572263,8.288671779632567,0.15626478256949286,0.15626478256949286,15.309831600189176,10.421514387130728,0.3192926833367681,0.3192926833367681,35.135074615478516,14.633750915527344,0.5835002180675448,0.4164997819324552,0.2520231791387751,0.3369130869130869,0.6196303696303697,0.0,837545.20087287,3616183.906880039,2311657.745602159,17193327.08709395
3,Ridge,train,case_109,400360,1.8654804255058728,2.773652545302309,0.05796369839766413,0.1645299412921072,6.684464810322686,-5.827570902490153,5.195676734823355,5.360206676115462,9.180979347229002,7.447086930274963,0.1888570218249495,0.1888570218249495,14.838084297180142,9.862014141082762,0.3353579920719983,0.3353579920719983,33.0452880859375,14.289555549621582,0.5675766084271925,0.4324233915728075,0.2682086122489759,0.35714285714285715,0.5706793206793207,0.0,746863.7431555312,3080028.9102639323,2080141.1375538784,14077284.672122162
3,Ridge,train,case_110,400360,1.8098677467169735,2.5246754288310593,-0.390119547454683,1.3407873584706742,3.742139145103472,-2.693202896782277,3.929007749751944,5.269795108222619,6.862423944473265,7.463485932350158,0.08758741703228146,0.0,10.958230762481676,9.539966268539407,0.12942458729725445,0.12942458729725445,24.01297378540039,13.956339836120605,0.41880002198620236,0.5811999780137976,0.25791787391347787,0.3613886113886114,0.5694305694305695,0.00015985612948346488,724598.6510756075,2551889.0433448567,1573017.5426906883,8016131.630889808
3,Ridge,train,case_111,400360,1.2999202550233167,1.9804027627632081,0.18806201852843707,-0.31996329055290174,5.781375836242177,-4.59534034345257,1.8535673291566421,1.5336040386037402,5.327201390266418,4.529722976684569,0.14969931773913397,0.14969931773913397,13.019953222274761,7.515753779411314,0.4227510920274865,0.4227510920274865,22.531204223632812,10.452043533325195,0.5361080823917026,0.4638919176082974,0.5151363772604656,0.1878121878121878,0.981018981018981,0.11734439004895594,520436.0733011351,1570209.9593410527,742094.2159011533,3309425.40804822
3,Ridge,train,case_114,400360,2.3295067093759427,2.9250921145468998,-1.0036147817126544,2.0626352860968256,3.0255798773528806,-1.925701124671218,3.8466171109917005,5.909252397088526,6.512721204757687,7.994746160507202,0.22755848272253126,0.0,10.346745529174791,9.844863586425781,0.04850626134892855,0.04850626134892855,23.000751495361328,14.045760154724121,0.3893347285823771,0.610665271417623,0.21755420121890298,0.32367632367632365,0.5754245754245755,0.0,932641.3061657524,3425545.7704300713,1540031.6265566372,7633594.826299871
3,Ridge,train,case_115,400360,2.118652673643664,3.056666228825944,0.11344349531853837,0.32880369649794766,7.394670428668053,-6.572190841376478,5.918926264383106,6.247729960881053,10.394952774047848,8.253354120254516,0.2060229325081756,0.2060229325081756,16.448994159698447,10.27527538299559,0.3753250026575508,0.3753250026575508,35.972679138183594,14.444659233093262,0.5984547278892881,0.40154527211071195,0.2656609051853332,0.3501498501498502,0.5749250749250749,0.0,848223.7844199773,3740646.9288144074,2369701.3192084203,18245386.326437797
3,Ridge,train,case_118,400360,2.0561065648261447,2.962021109317946,0.0019107604802206524,0.07227623901792297,7.894178807711818,-7.370818271516908,4.115224517896751,4.187500756914673,9.728425073623656,6.401621150970456,0.34196736855927984,0.34196736855927984,15.380120143890334,9.359642972946165,0.3914453927940068,0.3914453927940068,27.368141174316406,13.133502960205078,0.5201170997857101,0.47988290021428986,0.232640623438905,0.07567432567432568,0.2967032967032967,0.0,823182.8242937953,3512586.1056767814,1647571.287985143,10299436.424713062
3,Ridge,train,case_119,400360,2.016540337540569,2.7956064900022657,-0.2299643945493981,1.4151509411932317,4.642023103183113,-3.7466070504440556,4.592839510915934,6.007990452109166,8.03566355705261,8.116182470321656,0.010020194685525041,0.0,12.864710826873766,10.092379627227768,0.21549891303073299,0.21549891303073299,27.997272491455078,14.507174491882324,0.4818361504210814,0.5181638495789186,0.24757718053751623,0.3643856143856144,0.5646853146853147,0.0,807342.0895377421,3128979.8084100145,1838789.2265903032,10989223.476553407
3,Ridge,train,case_120,400360,2.1146829188638367,3.062977212062039,0.09270472025449139,0.3997797660911621,7.214378584548264,-6.392425808114288,5.849380987685487,6.249160753776649,10.294800615310661,8.260436964035033,0.19761078696852818,0.19761078696852818,16.261321811676016,10.432819070816032,0.3584273657677065,0.3584273657677065,36.66416549682617,14.963191986083984,0.5918851067978277,0.4081148932021723,0.2734039364571885,0.3658841158841159,0.5931568431568431,0.0,846634.4533963257,3756109.2192291166,2341858.1722297617,17838317.90270544
3,Ridge,train,case_121,400360,2.1433485657689086,2.9101068102697725,-0.3249661569783473,1.567731416049312,4.665241083791951,-3.729666922747261,4.536640064733341,6.104371480782652,7.992828512191771,8.141313743591308,0.018577307291535977,0.0,12.891168012618962,10.067066478729247,0.21907258761388002,0.21907258761388002,27.960119247436523,14.289300918579102,0.48893991502238704,0.511060084977613,0.23748626236387252,0.3246753246753247,0.544955044955045,0.0,858111.0317912403,3390537.3986643874,1816289.2163166404,10798811.938567609
3,Ridge,train,case_122,400360,2.691911645456089,3.116475669248592,-1.943790200044658,2.542901961140293,2.3419168122893876,-0.8509060294135775,3.1949199588273136,5.737821919967606,5.731524729728698,7.847377872467041,0.3691606060362399,0.0,9.12270348548888,9.705496072769153,0.06388375860371838,0.0,22.65458106994629,14.7051420211792,0.35089764071218543,0.6491023592878146,0.25517034668798083,0.34465534465534464,0.5854145854145855,0.00027974822659606355,1077733.7463747999,3888464.7102223104,1279118.1547161033,5407584.278401689
3,Ridge,train,case_125,400360,2.1538927815446707,2.9144609363851743,-0.43574065584173405,1.633098529272764,4.3376601211007415,-3.3466938217746973,4.388985807024614,6.022084336297378,7.719360971450801,8.099365711212158,0.04922748672678514,0.0,12.352934799194323,10.359218626022335,0.16139615448322622,0.16139615448322622,25.916418075561523,14.354640007019043,0.4461179023595441,0.5538820976404558,0.24462983315016484,0.3094405594405594,0.5467032967032966,0.0,862332.5140192243,3400690.889603956,1757174.3577003744,10080810.232415516
3,Ridge,train,case_127,400360,2.1519741629507543,2.87115773182937,-0.3441576464378675,1.6181662293490564,4.531302112051097,-3.596341328230732,4.408906901601324,6.027073130950381,7.859949254989618,8.076042890548706,0.027493006449362034,0.0,12.608463897705061,9.97265296936035,0.2090509160933133,0.2090509160933133,28.440195083618164,14.184724807739258,0.5012437584892024,0.49875624151079756,0.23558797082625638,0.32492507492507494,0.541958041958042,9.241682485762813e-05,861564.375878964,3300386.365237005,1765149.9671251061,10237738.484780371
3,Ridge,train,case_128,400360,2.734861871033809,3.1524427283878627,-2.153946899392826,2.6059625543028133,2.2352278303913073,-0.6147454624016905,3.1501356945595393,5.7560982488623536,5.586181855201721,7.88732738494873,0.4119353056156302,0.0,8.927573862075796,9.687588987350459,0.08513120552305883,0.0,21.58715057373047,14.604923248291016,0.32344367551390346,0.6765563244860965,0.2505245279248676,0.33266733266733267,0.5791708291708292,0.00044210210810270755,1094929.2986870958,3978735.7045622803,1261188.3266738572,5234424.413455113
3,Ridge,train,case_129,400360,1.9311828400332023,2.6708730628755264,-0.11258250327358166,1.078053653409266,4.992509288371465,-4.2751703362493965,4.307862306820347,5.385915960229614,8.360485506057739,7.48838255405426,0.10431247699330151,0.10431247699330151,12.449416322708034,9.625794486999503,0.2268075677217234,0.2268075677217234,27.233789443969727,13.852940559387207,0.491332611354436,0.508667388645564,0.23848536317314417,0.3174325674325674,0.5786713286713286,0.0,773168.3618356929,2855993.249848116,1724695.7531585942,9996746.400499811
3,Ridge,train,case_130,400360,2.350065664080618,3.0764574624909993,-0.5846936022260592,1.9183286796869101,4.156034521337554,-3.0946892901893284,4.393115192012862,6.311443871699772,7.741332387924194,8.345983123779297,0.07810680455967828,0.0,12.371518497466973,10.605481691360433,0.14275020535822905,0.14275020535822905,25.519859313964844,14.61043643951416,0.4274875789962089,0.5725124210037911,0.24707763013288042,0.288961038961039,0.5157342657342657,0.0,940872.2892713163,3789243.45999329,1758827.5982742696,10117884.357995834
3,Ridge,train,case_136,400360,2.7730982978467944,3.219762941126111,-1.9048734123416047,2.6133032872738124,2.5244011783097893,-0.9984708098767818,3.3661358935285524,5.979439180802365,5.935817217826843,8.014625644683838,0.3502143598043717,0.0,9.499952650070178,9.978591365814202,0.05038327383036887,0.0,21.323503494262695,14.302298545837402,0.32927070123886626,0.6707292987611337,0.24747727045658907,0.3156843156843157,0.5364635364635365,0.0,1110237.6345259426,4150481.433242564,1347666.1663330912,5965226.870345799
3,Ridge,train,case_137,400360,2.797247711494589,3.186052091152619,-2.4046212794277055,2.675240964517891,2.1951692025538416,-0.5403190732704961,3.0236621260769616,5.698903090594853,5.4260913848876955,7.8101006746292105,0.43936032783768847,0.0,8.722746763229296,9.677067871093747,0.10940603158255019,0.0,21.634017944335938,14.59835147857666,0.3252131196277067,0.6747868803722933,0.24527924867619144,0.3384115884115884,0.5691808191808192,0.0006519132780497553,1119906.0937739736,4064025.5050691045,1210553.3687961723,4853983.543434064
3,Ridge,train,case_141,400360,1.5570819808043368,2.2818351267412225,-0.06089812711850873,0.1737944790773655,4.804614160281529,-4.075716836276928,4.012784792653495,4.186579271730861,7.26107919216156,6.397238516807556,0.11896863434384973,0.11896863434384973,11.077090291976921,8.694588441848753,0.2150837257193617,0.2150837257193617,25.202781677246094,12.708890914916992,0.49573459478915377,0.5042654052108462,0.23908482365870717,0.3106893106893107,0.5711788211788211,0.00023728644220201818,623393.3418348243,2084583.0560084789,1606558.519586753,8411696.52556561
3,Ridge,train,case_142,400360,1.683720558484936,2.4924088486880414,-0.0654148948219948,0.6393221046287355,5.085768884312186,-4.254696349352553,4.321270355732036,4.960592460360772,7.779161429405209,7.088906168937683,0.08873131978703556,0.08873131978703556,12.231397266387924,9.30856816291809,0.23896117833584024,0.23896117833584024,27.647048950195312,13.422382354736328,0.5145094010244625,0.48549059897553754,0.24258167649115797,0.31218781218781216,0.5521978021978022,4.9955040463582775e-06,674094.362795029,2487077.104280226,1730063.799620878,9810447.668562127
3,Ridge,train,case_143,400360,2.2199916475457386,2.914666311389828,-0.3520274007955848,1.6851039924078648,4.417547343583057,-3.4441404625161542,4.474318076376679,6.159422068784544,7.921590662002563,8.203064823150635,0.03553253041692966,0.0,12.536460180282564,10.101534252166745,0.19422754853443303,0.19422754853443303,29.560705184936523,14.654809951782227,0.5042469433628399,0.49575305663716,0.25626935757817965,0.3339160839160839,0.5764235764235764,0.0,888795.8560114119,3401170.183394745,1791337.9850581675,10530623.36365127
3,Ridge,train,case_144,400360,2.34359174334549,3.227452697976116,-0.12173909014763051,1.4397752178269352,5.806397775682573,-4.857942035522408,5.492587406903478,6.932362624730415,9.57113671302795,8.986168098449706,0.06111798756170749,0.06111798756170749,15.136413698196405,10.999796981811508,0.2732890894015271,0.2732890894015271,31.827865600585938,14.999089241027832,0.5287434781441421,0.4712565218558578,0.24383055250274752,0.31693306693306694,0.5871628371628371,0.0,938280.3903658004,4170330.2893996867,2199012.2942278767,15796003.67292771
3,Ridge,train,case_145,400360,2.00560125890581,2.772395891871027,-0.4156602691736029,1.4741446915410437,3.9258510743892416,-3.082829334981459,4.284758478472041,5.758903170013085,7.399078512191771,7.804313850402832,0.054768352240530754,0.0,11.438420429229723,10.06189379692077,0.12034237076925218,0.12034237076925218,25.100421905517578,14.041437149047852,0.44058959638597706,0.5594104036140229,0.2103107203516835,0.32192807192807193,0.6071428571428571,0.0,802962.52001553,3077238.6169385943,1715445.904441066,9523984.02051085
3,Ridge,train,case_146,400360,1.9763538357579689,2.740158281572751,-0.2931101981917068,1.3944457524747869,4.436299109973743,-3.5665252972154162,4.320783606981047,5.715229359455835,7.589036440849302,7.814331150054931,0.02968686617354233,0.0,12.167704410552965,9.918064250946031,0.18488616124302265,0.18488616124302265,28.361948013305664,14.283672332763672,0.4963790101419458,0.5036209898580541,0.23154161254870617,0.3436563436563437,0.5711788211788211,0.00018233589769207714,791253.0216840605,3006090.0114955986,1729868.9248909322,9799086.767015075
3,Ridge,train,case_147,400360,1.972756102100628,2.8205678129160487,-0.13908729803388664,1.0636436527849853,5.210259773434391,-4.395661546748315,4.797992291013543,5.861635943798529,8.369614458084104,7.949500226974487,0.050195171260706585,0.050195171260706585,13.121011762619016,9.961936998367305,0.24076457070572316,0.24076457070572316,29.499116897583008,13.944049835205078,0.5273061941611012,0.4726938058388987,0.21700469577380357,0.288961038961039,0.545954045954046,0.0,789812.6330370074,3185105.1319066216,1920924.1936301822,12012770.016969586
3,Ridge,train,case_151,400360,1.8881003747527632,2.5701141840603006,-0.4899614693333274,1.4325074534324385,3.5128322916944583,-2.640169660210645,3.846295328628278,5.278802782060716,6.654342794418334,7.3745584964752195,0.10823243170775668,0.0,10.317672529220548,9.394283237457271,0.08949589058464086,0.08949589058464086,23.825817108154297,13.303901672363281,0.4416182407523782,0.5583817592476218,0.20596463183135177,0.2892107892107892,0.5586913086913087,0.0,755919.8660360163,2644572.742934057,1539902.7977696173,7697847.87186607
3,Ridge,train,case_153,400360,1.7216951213674279,2.5095567272472215,-0.012363851215693167,0.1619974709889373,5.619956902729333,-4.847249073002743,4.478284567221076,4.640282038210012,8.088743019104003,6.844559288024902,0.15381669662895536,0.15381669662895536,12.596611623764018,9.138352947235102,0.27453880295910454,0.27453880295910454,28.401994705200195,13.36118221282959,0.5295688788230336,0.47043112117696634,0.24228194624837646,0.3011988011988012,0.5417082917082917,0.0,689297.8587906634,2521417.221896932,1792926.0093326299,10519856.4009851
3,Ridge,train,case_154,400360,1.79931394886106,2.43861089549265,-0.3393925293322375,1.2610131087592085,3.78905085739482,-2.9645799329223923,3.5978396622740405,4.8588527710332485,6.938599348068237,6.978444719314575,0.005742566942913433,0.0,10.474741182327266,9.183731346130365,0.12324980767783189,0.12324980767783189,24.134431838989258,13.678359031677246,0.4332429649501916,0.5667570350498083,0.24932560695374165,0.31718281718281716,0.5551948051948052,0.0001223898491357778,720373.332566014,2380870.0961620472,1440431.0871880348,6960014.663848389
3,Ridge,train,case_155,400360,2.003787526448317,2.765095622690868,-0.3247877686309437,1.418916460334458,4.299085818059474,-3.4725369661168055,4.394123516012045,5.813039976346503,7.589083981513977,7.844242429733275,0.033621771592043354,0.0,11.835097093582132,9.885891942977896,0.1646970139063109,0.1646970139063109,28.122840881347656,13.944771766662598,0.5041478268324093,0.4958521731675907,0.21445698871016086,0.3209290709290709,0.5851648351648352,0.0,802236.3740888481,3061053.9924186245,1759231.2908705822,10040879.112956177
3,Ridge,train,case_158,400360,2.0959800774899,2.960914167514226,-0.03289813931795749,0.9372581588552219,5.915635965098429,-5.034606636243453,5.309165940253087,6.2464240991083075,9.031450700759887,8.324869537353516,0.07823562202990499,0.07823562202990499,14.374462537765476,10.257651691436767,0.2863975495092613,0.2863975495092613,33.08441925048828,14.12846565246582,0.5729571208278863,0.4270428791721137,0.2218003796583075,0.29745254745254746,0.5684315684315684,0.0,839146.5838238563,3509961.2075292435,2125577.675839726,14683212.409436893
3,Ridge,train,case_159,400360,1.6578836187721733,2.4662174324539294,-0.03704523294038098,0.5249055013414099,5.285022328690123,-4.44454618537208,4.308228827876949,4.833134329218359,7.735206508636474,6.998233151435851,0.09527520129912252,0.09527520129912252,12.345149745941162,9.296520137786855,0.2469495851321395,0.2469495851321395,27.970979690551758,13.488800048828125,0.5177573256976598,0.48224267430234025,0.24323109201718454,0.29295704295704295,0.516983016983017,0.0,663750.2856116273,2435080.9718885506,1724842.4935288155,9779111.391040415
3,Ridge,train,case_163,400360,1.8429762864155401,2.6687882054770067,0.05516738477724281,0.29642641276496,6.09708650849375,-5.484297746389536,4.8691821289669655,5.165608541731926,9.154281949996946,7.222206568717955,0.211057010460513,0.211057010460513,13.400103712081906,9.4572368621826,0.29424151742529475,0.29424151742529475,30.699800491333008,13.534367561340332,0.5591382567726694,0.4408617432273307,0.2236487161554601,0.3229270729270729,0.6093906093906094,0.0,737853.9860293256,2851536.2692521224,1949425.7571532144,12510142.33051967
3,Ridge,train,case_164,400360,1.825504938799992,2.604378657949219,-0.17200118818278498,1.0495115551242524,4.517174613590424,-3.7680799020540823,4.41744805846477,5.466959613589024,7.523049545288086,7.598686242103577,0.010053994242649173,0.0,11.752422008514381,9.461821746826157,0.19490452776701966,0.19490452776701966,27.64034652709961,13.768638610839844,0.5018644720195325,0.49813552798046745,0.19797182535717853,0.3289210789210789,0.5921578421578422,0.0,730859.1572979648,2715557.0813423833,1768569.5046869554,10129589.802121753
3,Ridge,train,case_166,400360,1.860646281662611,2.6893128383769027,-0.07641568510770669,0.6410506247164481,5.381447634770264,-4.619675876222679,4.752669265709314,5.393719890425762,8.191421604156492,7.501769757270813,0.08419196083567915,0.08419196083567915,12.85470631599426,9.66220446586608,0.2483527644778598,0.2483527644778598,28.598407745361328,13.482707023620605,0.5285504303711627,0.47144956962883733,0.2096613048256569,0.27847152847152845,0.5387112887112887,0.0,744928.345326443,2895565.0823388905,1902778.6672193808,11733284.091455607
3,Ridge,train,case_169,400360,1.7708265257945404,2.5816806467447346,-0.04185990520889127,0.7370043837732744,5.313521652644507,-4.444833438884058,4.506858299532411,5.243862683305684,8.090929222106933,7.341437101364135,0.09263362713579952,0.09263362713579952,12.841711378097514,9.519712619781492,0.25868816550276436,0.25868816550276436,28.405933380126953,13.730661392211914,0.5166269944920026,0.48337300550799744,0.25427115595963634,0.3114385614385614,0.5414585414585414,0.0,708968.1078671021,2668429.4116967637,1804365.7888007958,10693238.037052538
3,Ridge,train,case_170,400360,1.4898454980440219,2.1464297165781274,-0.12368922045971531,-0.017850666186387414,4.435727775935496,-3.8156060171074913,3.5917996307210354,3.573948964534648,6.727396512031555,5.865027785301207,0.12818758715768455,0.12818758715768455,9.981185073852506,8.308800306320185,0.1675537278547646,0.1675537278547646,23.188430786132812,12.306070327758789,0.4693012890239176,0.5306987109760825,0.26141472674592864,0.31493506493506496,0.5876623376623377,0.0006868818063742631,596474.5435969046,1844522.7890740195,1438012.9001554737,6806542.575703929
3,Ridge,train,case_171,400360,2.2667037211653893,3.127728712705152,-0.13370256456541374,1.3847698656251075,5.693424714497755,-4.748550706017397,5.335408860563249,6.720178726188357,9.183458948135376,8.757645606994627,0.04636742468666526,0.04636742468666526,14.578658542633027,10.577289199829092,0.2744675946077309,0.2744675946077309,33.82589340209961,14.69320011138916,0.5656227039822358,0.43437729601776426,0.22259966030572484,0.3094405594405594,0.5681818181818182,0.0,907497.5018057752,3916596.527396193,2136084.2914151023,14851578.007787077
3,Ridge,train,case_173,400360,2.857672113973039,3.6102067208840176,-0.03541435363282419,1.3747901522272545,9.427076765358397,-8.534432094072603,2.5970050088225753,3.9717951610498297,9.599425172805786,6.213270950317382,0.35274551981310726,0.35274551981310726,17.56222873687742,8.699031562805171,0.5046738262474159,0.5046738262474159,26.76559829711914,12.776288986206055,0.5226600636989608,0.4773399363010392,0.24577879908082725,0.025474525474525476,0.2712287712287712,0.0,1144097.607550246,5218129.120330758,1039736.9253322062,7739855.067462722
3,Ridge,train,case_175,400360,2.182904855972439,2.908255519109652,-0.40693864748889275,1.6892765350618113,4.422987177206276,-3.4833394087734177,4.382044370932325,6.0713209059941375,7.760565519332886,8.106641960144042,0.04459422962785655,0.0,12.505675315856932,10.102581090927107,0.19216029236603901,0.19216029236603901,28.643783569335938,14.457594871520996,0.49526238960280716,0.5047376103971929,0.2407333399940054,0.3484015984015984,0.5539460539460539,0.0001498651213907483,873947.7881371257,3386224.927831896,1754395.284346466,10094641.527618555
3,Ridge,train,case_176,400360,1.6938736207230447,2.4661679409514705,-0.07723986903119195,0.7134643806567902,4.942448157712313,-4.200110230570681,4.060998864911518,4.774463245568308,7.827819538116455,6.926048469543456,0.11520079942849383,0.11520079942849383,11.872080402374266,9.256492872238146,0.2203141691672704,0.2203141691672704,27.17892074584961,13.419151306152344,0.5062662188968069,0.49373378110319305,0.24557897891897293,0.3209290709290709,0.5681818181818182,0.0,678159.2427926782,2434983.239543398,1625861.5055559753,8863012.667989213
3,Ridge,train,case_179,400360,1.964092061444769,2.8204568911861077,-0.05009177134667753,1.0032980149780715,5.57569584910757,-4.71683526860928,4.922423795128108,5.925721810106179,8.778277397155762,8.020048427581786,0.08637559913743993,0.08637559913743993,13.768545122146582,10.022731742858873,0.27205585964653606,0.27205585964653606,31.174861907958984,14.381726264953613,0.5386755422553471,0.46132445774465286,0.24033369967029675,0.30194805194805197,0.5342157842157842,0.0,786343.8977200277,3184854.6217626957,1970741.590617489,12733755.095619332
3,Ridge,train,case_180,400360,1.8694797135850032,2.677783622076274,-0.15478200397208575,1.0384980897330989,4.581749824203182,-3.7866232851809563,4.617005859716327,5.655503949449426,7.6927731275558475,7.78225769996643,0.011632290583228691,0.0,12.1202414035797,9.72602474212642,0.19753869429912102,0.19753869429912102,27.940109252929688,13.814827919006348,0.5055556943622982,0.49444430563770186,0.201268858027775,0.3254245754245754,0.6073926073926074,0.0,748464.8981308918,2870791.439709569,1848464.4659960286,11020374.196065595
3,Ridge,train,case_183,400360,2.0297660001801057,2.883451124892183,-0.10942340374301862,1.1510792654190094,5.610730290088767,-4.726715002589702,4.862273831097952,6.013353096516962,8.673352289199828,8.059353256225586,0.0707914324820867,0.0707914324820867,13.893857116699213,10.027720460891722,0.27826230134184476,0.27826230134184476,30.76870346069336,14.366917610168457,0.5330671755954223,0.4669328244045778,0.24527924867619144,0.31518481518481517,0.524975024975025,0.0,812637.115832107,3328709.3003970687,1946659.9510183763,12465589.519301178
3,Ridge,train,case_184,400360,1.9287434812033686,2.727505085102769,-0.19171410879567463,1.2162532648636422,4.930788268732893,-3.978223890843288,4.47488648801918,5.6911397528828225,7.875815033912657,7.754238224029539,0.015436727419272493,0.015436727419272493,12.749776926040594,9.8613777542114,0.22654507514792874,0.22654507514792874,29.159093856811523,14.078108787536621,0.5171966297489043,0.4828033702510956,0.24742731541612548,0.3064435564435564,0.5202297702297702,0.0,772191.7401345806,2978391.73794072,1791565.554343359,10516302.702600041
3,Ridge,train,case_185,400360,2.1417212156396292,2.904044777370819,-0.4304255571817608,1.6000932280608395,4.321346860358131,-3.383867437861661,4.4111433006062715,6.011236528667111,7.666236424446105,8.0727313041687,0.05302404690081867,0.0,12.235298709869317,10.198327760696408,0.16648314009120468,0.16648314009120468,25.902671813964844,14.139372825622559,0.4541345801246791,0.5458654198753209,0.22599660305724847,0.30719280719280717,0.5661838161838162,0.0,857459.5058934819,3376426.4789747233,1766045.331830727,10150713.984372474
3,Ridge,train,case_186,400360,1.9879359575668076,2.6986334378817216,-0.348914358633323,1.4393569425039627,4.073247665881028,-3.2616764418858963,4.10199790038781,5.541354842891773,7.5299984931945785,7.620867085456847,0.012067544547903122,0.0,11.554426622390743,9.706319570541362,0.15994796732431765,0.15994796732431765,25.107419967651367,13.9064302444458,0.4461226895330952,0.5538773104669048,0.23009291637526227,0.33266733266733267,0.580919080919081,0.0,795890.0399714471,2915670.716896867,1642275.8793992638,8898106.523626285
3,Ridge,train,case_187,400360,1.925639807749844,2.7561089230740383,-0.1443082888739946,1.1212532372423663,5.1456847694352,-4.2138067248079825,4.630080605487511,5.751333842729877,8.103256320953365,7.8171848297119135,0.03530327561053811,0.03530327561053811,13.128380126953111,9.936009292602535,0.2431656307541329,0.2431656307541329,29.0647029876709,14.228930473327637,0.5104395018465017,0.48956049815349834,0.24927565191327805,0.30844155844155846,0.5264735264735265,0.0,770949.1534307275,3041189.16744184,1853699.07121298,11240442.060866356
3,Ridge,train,case_188,400360,2.131782417852596,2.9111150372594317,-0.2929783037999507,1.5295316742770166,4.782287757831447,-3.8679845383717755,4.561877200521213,6.091408874798231,8.110652208328247,8.162108135223388,0.006344240336468193,0.0,13.086825618743863,10.14922618865966,0.2244699758111522,0.2244699758111522,28.11197280883789,14.48279094696045,0.48481769509938755,0.5151823049006125,0.2381356778898991,0.3371628371628372,0.5534465534465535,0.0,853480.4088114654,3392887.15673685,1826393.1560006728,10955867.98698799
3,Ridge,train,case_193,400360,2.206253536427197,2.9075527592082016,-0.5305474398624734,1.7726633174107602,3.959314349398683,-3.005120227048418,4.217785242945701,5.990448560356462,7.433103251457213,8.060783052444458,0.08444384259887583,0.0,11.889664096832272,10.075624523162828,0.15257281945860462,0.15257281945860462,26.4258975982666,14.562224388122559,0.4489411633428201,0.5510588366571799,0.23763612748526328,0.34465534465534464,0.5659340659340659,0.0,883295.6658439926,3384588.6097288188,1688632.499865741,9333647.424383583
3,Ridge,train,case_194,400360,1.8553098225277243,2.6591950095162225,-0.08194220871459268,0.9307912758570879,5.230720267725517,-4.399748740692646,4.4735464772618485,5.404337753118937,8.246804285049436,7.500065517425536,0.09054886496793138,0.09054886496793138,12.928755416870114,9.687655858993516,0.2506892158890594,0.2506892158890594,28.35040283203125,14.026439666748047,0.5052472534569951,0.49475274654300494,0.2456289339594365,0.31493506493506496,0.5454545454545454,0.0,742791.8405471997,2831072.913969902,1791029.0676365537,10628909.940717285
3,Ridge,train,case_195,400360,2.0542555392723925,2.906968062004587,-0.17054365655170667,1.248730914639718,5.257847583921483,-4.33302597308066,4.837615727860749,6.086346642500467,8.506486845016479,8.146899366378785,0.04227214891284507,0.04227214891284507,13.599721879959082,10.311182556152332,0.2418093070456706,0.2418093070456706,28.627286911010742,14.589502334594727,0.4903637784486223,0.5096362215513778,0.2462283944449995,0.30244755244755245,0.5347152847152847,0.0,822441.747703095,3383227.4921987467,1936787.8328063295,12259739.691145731
3,Ridge,train,case_196,400360,2.0036619370449693,2.832823630921332,-0.1464904968692653,1.2187553186932312,5.127770012736496,-4.253324807113028,4.721619437764037,5.940374756457268,8.420341682434081,8.045691013336182,0.0444935233304688,0.0444935233304688,13.27775411605834,10.050493106842037,0.2430577476437223,0.2430577476437223,29.805959701538086,14.582252502441406,0.51076051070119,0.48923948929881006,0.24233190128884005,0.32642357642357644,0.5544455544455544,0.0,802186.0931153239,3212844.8498631343,1890347.5581032098,11727831.892893458
3,Ridge,train,case_197,400360,1.9179593539413788,2.6475420876766864,-0.15172508087900893,1.1995509416713084,4.739572796199383,-3.882557595606295,4.335292672210596,5.534843613881905,7.936916875839233,7.608229732513427,0.04141244622661506,0.04141244622661506,12.379508867263791,9.56702914237975,0.22718831215681945,0.22718831215681945,27.07880973815918,13.679211616516113,0.4948370423667659,0.5051629576332342,0.24238185632930362,0.30594405594405594,0.5414585414585414,2.4977520231791387e-06,767874.2069439704,2806315.054885938,1735677.7742462344,9961289.997120844
3,Ridge,train,case_199,400360,1.8965710085380598,2.7555079775181266,-0.03713399338947454,0.7889765987654752,5.801223126827303,-5.0027807290909685,4.738719716338008,5.527696315103483,8.71670413017273,7.586715030670165,0.12963490358599253,0.12963490358599253,13.672717103958115,9.718089561462397,0.28923494228889535,0.28923494228889535,29.847414016723633,14.060906410217285,0.5289070469442043,0.4710929530557957,0.23748626236387252,0.31868131868131866,0.5469530469530469,0.0,759311.1689782976,3039863.1023835144,1897193.8256330849,11921292.318331864
3,Ridge,train,case_200,400360,2.082455977273441,2.798897387413907,-0.36301559210114,1.5333087167261847,4.284908693742602,-3.329598508653899,4.3085884493248345,5.84189716605102,7.528428196907043,7.88658571243286,0.04757400962832617,0.0,12.027814435958856,9.85945554733276,0.18027871149587082,0.18027871149587082,27.248859405517578,14.32101821899414,0.4744360486481757,0.5255639513518243,0.24203217104605854,0.3206793206793207,0.5669330669330669,0.0,833732.0750611947,3136350.8116796557,1724986.4715716909,9733294.889121156
3,Ridge,validation,case_15,400360,3.5346639856711515,3.93554087110501,-3.611372450229056,3.4623602325618856,2.201196390279351,0.24633399319941734,3.3780577288595954,6.8404179614214815,5.832143068313598,8.797981071472167,0.5085331358334049,0.0,9.363036231994613,11.22641843795775,0.19901473835973615,0.0,18.940412521362305,15.398898124694824,0.1869819040463409,0.813018095953659,0.2795484064342092,0.3399100899100899,0.5816683316683317,0.0,1415138.0733033023,6200968.632756522,1352439.1923262277,5913329.831794531
3,Ridge,validation,case_24,400360,2.3111991522437703,3.2911841100442603,-0.3467336113124482,1.6008325642518966,5.316878078290369,-4.271875940725536,5.304625899199469,6.9054584634513665,9.102337694168089,8.919328689575195,0.02010571467922445,0.02010571467922445,14.59939882278439,12.00572364807122,0.17765629983786596,0.17765629983786596,27.87183380126953,15.277443885803223,0.45186800428225316,0.5481319957177468,0.26636027575182336,0.2807192807192807,0.5799200799200799,0.0,925311.6925923158,4336656.619907767,2123760.0250034994,14485881.92450586
3,Ridge,validation,case_36,400360,2.7647610446157738,3.6191981928754036,-0.07601832533864372,1.3903992307848323,10.204744526588811,-9.108208409793514,3.0640295821179975,4.45442881290283,9.813024330139159,6.582623291015625,0.3291952542298164,0.3291952542298164,19.2957092285156,8.94623395919798,0.536361485693563,0.536361485693563,31.747325897216797,12.833730697631836,0.5957539624224876,0.4042460375775125,0.22809471475671894,0.014985014985014986,0.30894105894105894,0.0,1106899.7318223713,5244153.718126387,1226714.8834967616,8632356.497202441
3,Ridge,validation,case_39,400360,1.7925191806978171,2.3126208521452107,-0.31468641142354814,1.3020168679194073,3.5401489576037,-2.7632976225628005,3.087728669230164,4.3897455371495715,6.646077251434326,6.770668840408325,0.018746635686052286,0.0,10.974815073013293,8.97292958259579,0.18240721844508087,0.18240721844508087,22.030895233154297,12.81076431274414,0.41850913559494307,0.5814908644050569,0.3828054750724348,0.22252747252747251,0.7977022977022977,0.0005195324208212608,717652.979184178,2141211.439784816,1236203.0500129885,5445745.664773294
3,Ridge,validation,case_63,400360,1.7557211926978653,2.497161833713681,0.023387186567623952,0.24971148379785954,6.123164649115614,-5.587655573699224,3.589908255421658,3.839619739219518,8.285945415496824,6.126643657684326,0.26059811518599374,0.26059811518599374,13.304288787841797,8.742260360717768,0.3428990831357378,0.3428990831357378,25.949066162109375,12.923625946044922,0.5019618099045159,0.49803819009548406,0.2899390548506344,0.10864135864135864,0.46378621378621376,0.0007468278549305625,702920.5367085173,2496571.7837030613,1437255.669140615,7715973.792316836
3,Ridge,validation,case_74,400360,2.016347864276494,2.9086884762947625,-0.06559013306019312,0.5618133802426872,5.7595613333682305,-5.121223689876411,5.210357342896367,5.772170723139054,9.183551406860351,7.7885440826416,0.15190281650480492,0.15190281650480492,13.751770725250228,10.547146387100211,0.23303357816065579,0.23303357816065579,29.059873580932617,14.255823135375977,0.5094327201502414,0.49056727984975856,0.23214107303426915,0.30294705294705293,0.6476023976023976,0.0,807265.0309417371,3387233.229566746,2086018.6658019896,14047641.96894774
3,Ridge,validation,case_78,400360,2.7440678004722865,3.1477507436140724,-2.146348333422735,2.6084977325277565,2.2216598692916625,-0.6991754642720585,3.235144727900909,5.843642460428664,5.647890686988831,7.942202639579772,0.406224567673804,0.0,8.848848810195921,9.682292346954343,0.09418666254056707,0.0,20.279897689819336,13.875029563903809,0.31582349299182216,0.6841765070081779,0.22414826656009593,0.3531468531468531,0.5689310689310689,0.000736836846837846,1098614.9845970846,3966900.89807699,1295222.5432624079,5451027.589212791
3,Ridge,validation,case_117,400360,1.8683504385603105,2.7384031064312686,0.003567611462592213,0.23920769301707667,6.021388864182439,-5.266074403693167,5.137139844130944,5.376347537148021,8.875784015655517,7.422345280647277,0.16375327885903915,0.16375327885903915,13.745235443115213,9.89339904785156,0.28023065964963023,0.28023065964963023,30.055034637451172,13.670412063598633,0.5451540073567536,0.45484599264324643,0.24443001298831052,0.3011988011988012,0.5991508491508492,0.0,748012.7815820059,3002240.215891361,2056705.307996265,13578572.17672394
3,Ridge,validation,case_124,400360,2.055739271237965,2.8627084255508635,-0.17969449358504574,1.3148615682074374,5.153793289564986,-4.2371329145720225,4.68614249334891,6.0010040615563485,8.326841783523559,8.052883005142212,0.032900682576127896,0.032900682576127896,13.333128252029367,10.050442609786977,0.24620521007459364,0.24620521007459364,28.74965476989746,14.316113471984863,0.502042247582929,0.49795775241707096,0.2441802377859926,0.3016983016983017,0.5142357642357642,0.0,823035.7746328316,3280990.047718661,1876144.0086371698,11573098.271248205
3,Ridge,validation,case_148,400360,1.7134073984561582,2.445129311259198,-0.15567783073200347,0.9905286263141108,4.39453628619929,-3.5073742675357247,4.050931678325365,5.041460304639475,7.333276700973511,7.169350576400756,0.022353735070571274,0.022353735070571274,11.485404291152937,9.281077384948723,0.19192418919917162,0.19192418919917162,26.239187240600586,13.64273452758789,0.48006261007665174,0.5199373899233483,0.25242281946248374,0.3161838161838162,0.5546953046953047,4.745728844040364e-05,685979.7860459075,2393615.2561571123,1621831.0067343432,8641105.258012155
3,Ridge,validation,case_150,400360,1.866623020368508,2.5305077416126784,-0.29408167511194416,1.2505170836909427,3.991258713964596,-3.292809198674223,3.788771955886119,5.039289039577063,7.405756855010986,7.153885507583618,0.0340102102132807,0.0340102102132807,10.835816211700429,9.395638132095323,0.1329090537776022,0.1329090537776022,22.92385482788086,13.497567176818848,0.4111999365655293,0.5888000634344707,0.2363872514736737,0.3111888111888112,0.5694305694305695,0.0,747321.1924347358,2563693.021139609,1516872.7402585666,7728175.482668079
3,Ridge,validation,case_156,400360,2.080430630744697,2.891053259177409,-0.20591559660569114,1.382232856409174,5.021686973494746,-4.071634404141654,4.732292953646106,6.11452581005528,8.350664710998535,8.156883001327513,0.02320554307680381,0.02320554307680381,13.289695453643796,10.24488720893859,0.22911046045606523,0.22911046045606523,28.11277961730957,14.243378639221191,0.49334861820453807,0.506651381795462,0.24283145169347586,0.2854645354645355,0.5107392607392608,0.0,832921.207324947,3346284.526981192,1894620.8069217552,11740791.85297921
3,Ridge,validation,case_165,400360,1.75054174245704,2.498921141611395,0.03666108247876698,-0.16470050949430415,6.470728701626158,-5.94929363229961,3.916683115704931,3.7519826062106265,8.25058135986328,5.930406427383422,0.281213508634294,0.281213508634294,13.54518896102898,8.320797529220537,0.3857008895807656,0.3857008895807656,26.689733505249023,12.279425621032715,0.539919511799631,0.46008048820036895,0.25761814367069635,0.12687312687312688,0.41358641358641357,8.242581676491157e-05,700846.8920101005,2500090.8072708757,1568083.252203626,8736920.126982423
3,Ridge,validation,case_181,400360,1.8694511361564274,2.647193908538096,-0.08397929397524861,0.8941858134984845,5.2524733677801105,-4.540940977724559,4.400496773867756,5.29468258736624,8.348705530166626,7.344123363494872,0.12032789550929389,0.12032789550929389,12.506495037078853,9.48359536170959,0.24170638267612693,0.24170638267612693,29.049291610717773,13.690011978149414,0.5287316413217297,0.4712683586782704,0.2322909381556599,0.3131868131868132,0.5891608391608392,0.0,748453.4568715873,2805576.984572665,1761782.8883856947,10340940.005454497
3,Ridge,validation,case_190,400360,2.0583264088912196,2.859498279609321,-0.17309848454535315,1.3282576516154063,5.119053578866027,-4.194744737084684,4.71106754251522,6.039325194130626,8.360267305374144,8.1139910697937,0.029457937956377637,0.029457937956377637,13.360542898178092,10.094951925277707,0.24442052974851022,0.24442052974851022,28.387516021728516,14.249004364013672,0.49805385039299926,0.5019461496070008,0.24083325007493256,0.2967032967032967,0.5144855144855145,0.0,824071.5610636887,3273635.787383458,1886123.0013213935,11676241.904284762
3,Ridge,internal_test,case_16,400360,2.0874031606304944,3.0225148392067465,0.04075677170257663,0.7176324893498892,6.6379564348920495,-5.761710155354429,5.625429952986378,6.343062442336267,9.801409292221068,8.325156307220459,0.15061640025299672,0.15061640025299672,15.720469598770103,10.594217529296854,0.32608771877109216,0.32608771877109216,34.04954528808594,15.073190689086914,0.5573159476417126,0.44268405235828745,0.27450294734738734,0.3663836163836164,0.5871628371628371,0.0,835712.7293900248,3657527.1958331545,2252197.1359776263,16482507.138438577
3,Ridge,internal_test,case_47,400360,1.9209408714106504,2.812621436924752,0.007705251216858833,0.2118688800053677,6.305159644231383,-5.496861809104434,5.241447492183958,5.453316372189325,9.033231782913207,7.492445707321166,0.17056864172427325,0.17056864172427325,14.435490150451656,10.180706634521481,0.29474465165958025,0.29474465165958025,29.597883224487305,14.113640785217285,0.5231537107511592,0.47684628924884076,0.2674093316015586,0.3209290709290709,0.5919080919080919,0.0,769067.887277968,3167183.641144544,2098465.917970769,14190776.00859728
3,Ridge,internal_test,case_48,400360,2.1783818037538865,3.1549586670378016,0.10510786809266259,0.6304536801846029,7.557183994648686,-6.687948670274359,6.037508846064417,6.6679625262490205,10.65202441215515,8.659556436538695,0.18705063925152352,0.18705063925152352,16.89704576492309,10.605465364456172,0.3723479528905421,0.3723479528905421,36.57381820678711,14.707254409790039,0.5978747877337901,0.4021252122662099,0.247727045658907,0.3503996003996004,0.5666833166833167,0.0,872136.938950906,3985089.0313954353,2417177.04161035,19046877.92117989
3,Ridge,internal_test,case_52,400360,2.0916530905131157,2.95479455793233,0.05500439731566287,0.11378451127304186,6.747840656475488,-6.003217995720603,5.676126365691693,5.7899108769647345,9.567922735214232,7.786047792434692,0.18623425293992432,0.18623425293992432,15.024835319519037,10.061406660079951,0.33034829027317225,0.33034829027317225,33.935302734375,13.996469497680664,0.5875543056964438,0.41244569430355615,0.24198221600559497,0.30719280719280717,0.6068931068931069,0.0,837414.231317831,3495467.443751256,2272493.951768326,16597887.395390868
3,Ridge,internal_test,case_67,400360,2.081630821239799,2.9484763258533446,0.04323325594804128,-0.017055611099305153,6.8844868284213785,-6.139807000099713,5.645845615440947,5.628790004341642,9.483993959426876,7.653778433799743,0.1929794065092102,0.1929794065092102,15.007321405410755,9.981872987747177,0.3348664483091364,0.3348664483091364,33.35513687133789,13.808624267578125,0.586012064023521,0.413987935976479,0.22779498451393745,0.2997002997002997,0.5926573426573427,0.0,833401.7155915659,3480534.722198937,2260370.7505979375,16399513.343570031
3,Ridge,internal_test,case_68,400360,2.031045709358273,2.8355369465942126,0.026935104671370058,0.33571817084437144,6.783814922457534,-6.298130748357457,4.470923505812859,4.80664167665723,9.673214769363403,6.8748805761337275,0.28928688754977727,0.28928688754977727,14.204864883422841,9.436420803070066,0.3356909143090532,0.3356909143090532,30.399791717529297,13.440327644348145,0.5578809299341972,0.4421190700658027,0.23908482365870717,0.18556443556443555,0.41683316683316685,0.0,813149.4601986782,3219002.4073195127,1789978.9347872362,11310965.499439059
3,Ridge,internal_test,case_95,400360,2.567978144886109,3.327950810785277,-0.06604107458033392,1.3627409731137392,7.319946662792755,-6.701839889402406,4.895934174812619,6.2586751479263585,10.778055810928343,8.265863800048828,0.2330839675493509,0.2330839675493509,16.617831211090085,10.391273746490475,0.37469134121691233,0.37469134121691233,34.6576042175293,14.578527450561523,0.579355590794475,0.42064440920552504,0.2401338795084424,0.2062937062937063,0.43656343656343655,0.0,1028115.7300866026,4434089.731978195,1960136.20622798,13756096.419497095
3,Ridge,internal_test,case_116,400360,2.0560836179761286,2.9867191027768456,0.02746963512934364,0.8309551527462611,6.40592806277085,-5.5504013974417195,5.529623456611647,6.3605786093579075,9.626658058166502,8.347880935668945,0.13283707749572995,0.13283707749572995,15.341071567535392,10.56703378677368,0.3111932409509437,0.3111932409509437,35.28178024291992,15.18745231628418,0.5695383789673742,0.4304616210326258,0.27804975522030173,0.3853646353646354,0.6086413586413586,0.0,823173.6372929228,3571407.7763164514,2213840.047089039,15913985.93365754
3,Ridge,internal_test,case_133,400360,2.1044868043280602,2.867597260780512,-0.28515455837735426,1.4882651086511989,4.749724390547325,-3.829142521759027,4.494560615819249,5.982825724470447,8.05308094024658,8.02415099143982,0.003592407554502377,0.003592407554502377,12.81892926216123,10.052903900146472,0.21577663043819742,0.21577663043819742,28.935829162597656,14.423867225646973,0.5015222427325079,0.49847775726749205,0.24213208112698573,0.32142857142857145,0.5494505494505495,0.0,842552.3369807822,3292205.9410723704,1799442.2881493943,10649422.287634764
3,Ridge,internal_test,case_139,400360,2.025467210575247,2.837987769001827,-0.17301474916414628,1.2658763633261756,5.124086874982008,-4.216543307074754,4.656545949523149,5.922422312849324,8.312557744979857,7.976377773284912,0.04044242241781384,0.04044242241781384,13.217778148651119,10.072357654571531,0.23796892781110715,0.23796892781110715,29.612136840820312,14.455516815185547,0.5118381056763649,0.4881618943236351,0.24617843940453593,0.30344655344655347,0.5287212787212787,0.0,810916.0524259058,3224569.333649309,1864294.736351088,11430133.00250851
3,Ridge,internal_test,case_157,400360,2.361642687036386,3.005622099327085,-0.684699810654446,2.004770802705983,3.7047276217954126,-2.692770853911095,4.141123750788858,6.145894553494841,7.273385071754455,8.220236349105834,0.1301802761726987,0.0,11.7065015220642,10.2789921092987,0.12194159032696107,0.12194159032696107,26.843324661254883,14.772976875305176,0.4496591960299093,0.5503408039700908,0.24358077730042962,0.3598901098901099,0.5696803196803197,0.0001473673693675692,945507.2661818875,3616757.8366987687,1657940.3048658273,9012562.259375302
3,Ridge,internal_test,case_182,400360,2.20412991882693,2.9806378110271337,-0.4035752079299113,1.669262615501474,4.570477606345358,-3.6247961796155423,4.5172521324672905,6.186514747968765,8.005867195129394,8.236166381835936,0.028766301150567622,0.0,12.821896562576253,10.38860915184021,0.18977593516377048,0.18977593516377048,27.602649688720703,14.583203315734863,0.47167378928501885,0.5283262107149812,0.23254071335797782,0.32042957042957043,0.5534465534465535,0.0,882445.4543015497,3556879.0168436375,1808527.0637546044,10703729.078933505
3,Ridge,internal_test,case_189,400360,2.079870423436853,2.853643366905577,-0.2788917260293451,1.4703417401886514,4.724546687077912,-3.7788274595222697,4.50395661685842,5.974298357047071,7.995612788200375,8.025605487823485,0.0037511445861126086,0.0,12.753865308761585,10.075709095001208,0.2099878075331837,0.2099878075331837,29.364471435546875,14.697041511535645,0.49949579226056545,0.5005042077394345,0.24358077730042962,0.3239260739260739,0.5344655344655345,0.0,832696.9227271783,3260243.7671612534,1803204.071125437,10670825.610614894
3,Ridge,internal_test,case_191,400360,2.045845312285306,2.8544200792104486,-0.21670702136868192,1.3406040066050768,4.9940067294317085,-4.077955382772349,4.650895452266001,5.991499458871077,8.205350446701049,8.024263000488281,0.0220694347412759,0.0220694347412759,13.111052494049055,10.106121768951404,0.22919065623919607,0.22919065623919607,29.264482498168945,14.394257545471191,0.508132168529827,0.49186783147017304,0.24228194624837646,0.3111888111888112,0.547952047952048,0.0,819074.6292265451,3262018.77247581,1862032.503269216,11341140.896453092
3,Ridge,internal_test,case_192,400360,2.017334941096871,2.813628825979496,-0.19271247992555107,1.2998373544616046,4.936039329352065,-4.036313455532881,4.594875131585384,5.8947124860469895,8.175111389160156,7.951113748550414,0.02739994967001344,0.02739994967001344,12.946696014404287,10.018887224197387,0.22614331771978477,0.22614331771978477,29.42413902282715,14.470050811767578,0.5082251752365036,0.49177482476349643,0.24522929363572785,0.3041958041958042,0.535964035964036,0.0,807660.2170175434,3169452.8107344406,1839604.2076815246,11110100.202361241
3,HistGradientBoosting,train,case_01,400360,0.6015058041386517,0.7924986909580205,0.9402575403757761,-0.40816183104328213,1.5455483985948006,-1.105513200710778,5.896753568734742,5.4885917376914595,10.326234483718872,9.847594519066282,0.04635183961852215,0.04635183961852215,16.558459148406914,15.24260386716301,0.07946725413581142,0.07946725413581142,37.16805648803711,32.96518820410449,0.11307742941268262,0.8869225705873174,0.883504845638925,0.9070929070929071,1.0,0.051765910680387654,240818.86374495062,251447.76957113174,2360824.2587786415,18130060.897750977
3,HistGradientBoosting,train,case_06,400360,0.5073403861940387,0.7212093354188016,0.9491750363098652,0.21694848367717728,1.1203236687288118,-0.3580985269654791,5.917631487748422,6.1345799714256,10.134570455551147,10.198921725853962,0.0063496791092479965,0.0,15.962084121704066,15.441200775399777,0.03263253985712498,0.03263253985712498,32.9944953918457,30.332524570635375,0.08067924026709652,0.9193207597329035,0.8228094714756718,0.9080919080919081,1.0,0.05185083424917574,203118.79701664532,208244.41364407013,2369182.942434958,18117237.60923312
3,HistGradientBoosting,train,case_10,400360,0.521509878903509,0.6964602186090837,0.9516507969851312,-0.312636165753063,1.1959631119837972,-0.6923149365220425,5.735561601321801,5.422925435568741,10.146135330200195,9.90538815065856,0.02372796850294775,0.02372796850294775,16.147420253753637,15.285647910484457,0.053369041600862054,0.053369041600862054,36.003170013427734,33.06408749566958,0.08163399269180997,0.9183660073081901,0.8884503946448197,0.903096903096903,1.0,0.05286242381856329,208791.69511780885,194197.35490300288,2296289.4427051963,17187067.072017305
3,HistGradientBoosting,train,case_11,400360,0.5877895853286008,0.8156176900159684,0.9420317497782997,-0.2855870482688178,1.7458656851372323,-1.2412936683123759,6.201051010845691,5.915463962576873,10.622378873825072,10.154136938396494,0.04408070367197948,0.04408070367197948,17.002918834686216,15.461543770978649,0.0906535565271969,0.0906535565271969,35.55618667602539,31.84619712256369,0.10434160410017335,0.8956583958998267,0.8504845638924967,0.8963536463536463,1.0,0.0519757218503347,235327.4383821586,266332.37010464986,2482652.782702181,19989509.012440648
3,HistGradientBoosting,train,case_12,400360,0.6077523384940803,0.7874466760003188,0.9371514740032165,-0.4212335575692975,1.3492679110754386,-0.8788951356416127,5.6733454984825915,5.252111940913295,10.082114791870117,9.75065451857121,0.032876066196566765,0.032876066196566765,16.142577419280983,15.112474394743371,0.06381279753425485,0.06381279753425485,36.23194885253906,33.01396064781809,0.08881631561741025,0.9111836843825898,0.8755120391647517,0.8988511488511488,1.0,0.05194075332201019,243319.72623948997,248252.13303389624,2271380.6037724903,16836334.16889702
3,HistGradientBoosting,train,case_13,400360,0.4285665366616595,0.6212084366418898,0.952835116363148,-0.0721462575711627,1.124887650637653,0.08195736639353285,5.239577948061452,5.167431690490292,9.118360137939451,9.471201650325526,0.038695720178673385,0.0,14.603178558349592,14.637041934147506,0.002318904453753458,0.0,30.08977508544922,31.90031087601289,0.06017113073866776,1.0601711307386679,0.8568288540313718,0.8821178821178821,1.0,0.05073683684683784,171580.898617862,154498.89267385614,2097717.427285883,14266872.702133816
3,HistGradientBoosting,train,case_14,400360,0.4449123378311043,0.6258586350753742,0.9534648396260899,0.0682806017154487,1.0169665179431027,0.35810194009680196,5.300424085269767,5.368704686985214,9.186977624893188,9.802320976948476,0.06697995545215465,0.0,14.805124273300162,15.09095969270884,0.01930651942747675,0.0,30.95267105102539,32.39097751189976,0.04646792706527098,1.046467927065271,0.8787591167948846,0.9065934065934066,1.0,0.05305974622839445,178125.10357406092,156820.6240905596,2122077.7867786037,14617850.616076909
3,HistGradientBoosting,train,case_17,400360,0.5102963167493351,0.7062201796550264,0.9371539514992963,0.3161458912613624,1.0552058908799875,0.2550308953406781,5.224712665699665,5.5408585569610285,8.882305335998534,9.359389396454246,0.05371173838419709,0.0,13.956213130950902,14.168858121096742,0.015236582312880711,0.0,27.7415714263916,29.134342572102142,0.050205200141818375,1.0502052001418183,0.8116694974522929,0.8926073926073926,1.0,0.049055849735238286,204302.23337376377,199678.32575996578,2091765.9628395182,14106137.547034325
3,HistGradientBoosting,train,case_18,400360,0.5214831287687988,0.6919451084508225,0.9504839393118747,-0.2670702397434808,1.217487301270848,-0.634409824342185,5.653727981126508,5.386657741383025,9.915027427673339,9.709904663479978,0.020688068256962403,0.020688068256962403,15.819301843643087,15.152312004547438,0.04216303890577041,0.04216303890577041,36.45985412597656,32.955499850521676,0.09611542227641932,0.9038845777235807,0.8785592966330302,0.8996003996003996,1.0,0.05289989009891098,208780.98543387628,191687.5769355274,2263526.534523809,16668583.556267565
3,HistGradientBoosting,train,case_19,400360,0.5906944234945993,0.7807608251631198,0.9420175785722671,-0.399454999104658,1.4926856542631413,-1.0598995426162745,5.885521276208228,5.486066277103569,10.343796873092652,9.89773823688183,0.04312329811610621,0.04312329811610621,16.581697864532423,15.253416688609684,0.08010525742142954,0.08010525742142954,35.93040466308594,32.25140975144871,0.10239224818463956,0.8976077518153605,0.8825057448296533,0.9025974025974026,1.0,0.05248776101508642,236490.4193902978,244054.43793155768,2356327.298142726,18077325.27607492
3,HistGradientBoosting,train,case_20,400360,0.5831551862319017,0.7474507685320506,0.9449768396569648,-0.4089784395382178,1.3044029477446673,-0.8274832074199019,5.788521283110883,5.379542843572664,10.149102687835692,9.839032776628828,0.03055146063094825,0.03055146063094825,16.289631748199415,15.238863422861103,0.06450534558305529,0.06450534558305529,36.26679992675781,33.18484504319357,0.08498006137261543,0.9150199386273846,0.8876511139974024,0.9080919080919081,1.0,0.05250524527924868,233472.01035980415,223674.18630615773,2317492.380906273,17479945.55924125
3,HistGradientBoosting,train,case_21,400360,0.4958317480037738,0.7281701165190335,0.910277072864893,0.20624466983002562,1.2349040748698816,0.5807867485401365,4.529992944088067,4.736237613918092,8.021694707870484,8.778877642299223,0.0943918912403671,0.0,12.29129181861873,13.212720033003148,0.07496593750940383,0.0,23.24169158935547,26.405819831376363,0.1361401871226121,1.1361401871226122,0.8227595164352083,0.8583916083916084,1.0,0.04312368868018783,198511.19863079087,212283.57085523003,1813627.9750950986,10581712.180962272
3,HistGradientBoosting,train,case_27,400360,0.5662624914182421,0.7229128003793068,0.9214819952119301,-0.2254165925625243,1.0218877436980027,-0.22561285741996698,4.916951870695414,4.691535278132889,8.11301689147949,8.375723526520607,0.03238088106497346,0.0,13.111589975357049,12.48805198072453,0.04755624571882171,0.04755624571882171,27.218610763549805,27.363399936205454,0.005319491649057478,1.0053194916490575,0.8432910380657408,0.8753746253746254,1.0,0.05246028574283145,226708.85106420744,209229.3038310034,1968550.850951616,12344000.055735279
3,HistGradientBoosting,train,case_28,400360,0.49456828920883344,0.6880524922316941,0.9486767318902475,-0.2090517245895067,1.2787884737079482,-0.6361718211080079,5.5266866433473245,5.317634918757817,9.724851751327513,9.54377888069602,0.01861960215555726,0.01861960215555726,15.672686471939013,14.967027313480733,0.045024773495068615,0.045024773495068615,36.075843811035156,32.48398801703899,0.09956401332731857,0.9004359866726814,0.8763612748526326,0.8978521478521478,1.0,0.05302227994804676,198005.36026764856,189536.92267004203,2212664.264530535,15921703.859572133
3,HistGradientBoosting,train,case_29,400360,1.1488778912693975,1.61800670988469,-1.0804975375405794,1.061649840085937,2.94475704598134,1.834827850509867,2.033673969191559,3.0953238092774957,3.50241869688034,5.858273878355307,0.6726366506589759,0.0,5.4425946283340405,9.14593001403723,0.6804356448712344,0.0,12.888184547424316,28.480325709438542,1.2098012023834879,2.209801202383488,0.5570486562094116,0.2445054945054945,0.9293206793206793,0.01461684483964432,459964.752548616,1048120.7457495151,814201.7103055326,2159604.52317288
3,HistGradientBoosting,train,case_32,400360,0.5787213017371082,0.8230203246403106,0.9257584142125849,-0.2246462862751114,1.727788713855051,-0.9014743222994467,5.271242364639071,5.046596078363961,10.015990829467771,9.482990928211187,0.05321489509439844,0.05321489509439844,15.115796918868979,14.474228246321472,0.04244358904733893,0.04244358904733893,33.723785400390625,29.115208685419322,0.13665656628564365,0.8633434337143564,0.7910880207812968,0.8394105894105894,1.0,0.05243530822259966,231696.86036346864,271188.83239213447,2110394.5931068985,14777190.176314557
3,HistGradientBoosting,train,case_34,400360,0.4614197136421544,0.6550654621586487,0.9326527339996183,-0.03515089402019809,1.0917740837748566,-0.31043533875815416,4.684073457170518,4.64892256315032,8.226318550109863,8.39655683271811,0.02069434602747955,0.0,12.876111402511585,12.355349248608986,0.040444054701252424,0.040444054701252424,30.05852508544922,28.37755543069355,0.055923224774904016,0.944076775225096,0.8322010190828255,0.8968531468531469,1.0,0.05263263063243081,184733.99655377294,171798.78375874634,1875315.6493127886,11335055.49990527
3,HistGradientBoosting,train,case_35,400360,0.38652092297000057,0.5662377527965542,0.9231474549364117,0.010484761091534884,0.8473321798852046,-0.060735988636927044,3.846318012911481,3.8568027740030164,6.875816249847412,7.136111412826881,0.03785662000278813,0.0,10.138929128646827,9.99884986468271,0.013815982160121242,0.013815982160121242,21.769367218017578,23.688737797083654,0.08816841389296307,1.088168413892963,0.8292037166550105,0.833916083916084,1.0,0.054450994105305225,154747.51672026943,128365.50214620579,1539911.8796492405,7593273.8350793915
3,HistGradientBoosting,train,case_40,400360,0.48321311613847157,0.6574986959701888,0.9435099752311585,-0.24251734696946411,1.288448601843893,-0.7651711262746825,5.041594912488031,4.799077565518568,8.88729267120361,8.738484537286798,0.016743921846860865,0.016743921846860865,14.066408891677813,13.351183014273584,0.0508463732934269,0.0508463732934269,32.35271072387695,30.11708964635558,0.06910150733896431,0.9308984926610357,0.831052053152163,0.8616383616383616,1.0,0.05315965630932161,193459.20317719848,173077.44371367243,2018452.9391637081,13240080.589726774
3,HistGradientBoosting,train,case_42,400360,0.5752611803786353,0.8188046058757182,0.9036887473996168,0.22280660982923428,1.6259017506104987,-0.4424219095344865,4.11715438872547,4.3399609985547025,8.91228380203247,8.886201846329227,0.0029265176337062208,0.0029265176337062208,13.76958976745605,13.602187754377704,0.012157371127642112,0.012157371127642112,24.76995849609375,25.841891032397687,0.043275507969582655,1.0432755079695826,0.8334998501348786,0.6978021978021978,1.0,0.047294934558896995,230311.56617639042,268417.75179505325,1648343.931070129,9573468.703283088
3,HistGradientBoosting,train,case_43,400360,0.5674217650278084,0.811036570960734,0.9063696239818273,0.10549154841169912,1.6433231459703868,-0.56491452794693,4.204806520399298,4.310298068810997,9.005365419387815,8.755530459024806,0.02774290089607406,0.02774290089607406,13.601225948333738,13.489890048738323,0.008185725317581024,0.008185725317581024,24.57630157470703,25.843471609264455,0.05156064799683064,1.0515606479968307,0.8231591567589169,0.7090409590409591,1.0,0.04540413627735038,227172.97784653335,263348.9286892952,1683436.3385070632,9891168.235563483
3,HistGradientBoosting,train,case_44,400360,0.5211337650024024,0.7027575230591281,0.9411317245084051,-0.2732705377496206,1.1713054071909477,-0.5814093362692337,5.309876889919772,5.0366063521701525,9.196964502334595,9.158865009288801,0.0041426160812213725,0.0041426160812213725,14.862060785293576,14.006099571722666,0.05759370964341006,0.05759370964341006,32.25737762451172,31.33933082801784,0.0284600567095161,0.9715399432904839,0.8592766510140873,0.8926073926073926,1.0,0.05142122090118893,208641.11415636181,197725.0470155182,2125862.31164828,14646837.997959476
3,HistGradientBoosting,train,case_45,400360,0.6724584099405213,0.9909892330322646,0.9044787505814669,0.06556562904474908,2.2278440103742887,-1.3853191220122592,5.207303312044021,5.272868941088769,10.862130212783812,10.085681082806408,0.07148221525309917,0.07148221525309917,15.904301156997667,14.782084538133525,0.0705605740099044,0.0705605740099044,36.334930419921875,28.854200693141877,0.20588259397569758,0.7941174060243025,0.8414427015685882,0.7914585414585414,0.9987512487512488,0.05251024078329503,269225.44900378713,393177.40547194536,2084795.9540099443,14972289.90461304
3,HistGradientBoosting,train,case_49,400360,0.6632048605055835,0.8400743919086496,0.9317629092688113,-0.5043429599245755,1.3662558213178668,-0.948571194427339,5.85295244275635,5.348609482831774,10.265372943878171,9.78249281923171,0.047039705940194874,0.047039705940194874,16.352748069763166,15.21996745373655,0.06927157510126203,0.06927157510126203,34.92753982543945,32.685769176801145,0.0641834683989256,0.9358165316010744,0.8843041262863423,0.9053446553446554,1.0,0.053344489959036866,265520.6979520154,282544.05457049364,2343288.0399819324,17855776.270638056
3,HistGradientBoosting,train,case_51,400360,1.6967443889917377,1.9669253046044486,-0.07831121043810962,1.6415746989595268,3.243885028189421,2.640671180365178,3.495074740730534,5.136649439690061,6.196873641014097,8.884220918955346,0.43366178392843174,0.0,9.536471252441398,13.238587923938802,0.3882061376266025,0.0,19.359146118164062,28.1158905906861,0.4523311317076049,1.4523311317076049,0.6833849535418124,0.6910589410589411,0.999000999000999,0.0428164651813368,679308.5835767321,1548910.8278127227,1399288.1231988766,6327039.392613842
3,HistGradientBoosting,train,case_54,400360,0.5508367462223566,0.7304194683800223,0.9373955507843924,-0.3170623194041151,1.1800531372191243,-0.6457867360885228,5.355598113270859,5.038535793866743,9.406452131271362,9.10046903810682,0.0325290650390187,0.0325290650390187,14.854768409728997,14.09199545282313,0.05134869395919328,0.05134869395919328,33.38887405395508,31.242092009145612,0.06429632941022069,0.9357036705897793,0.8507343390948147,0.8918581418581418,1.0,0.052760015985612946,220532.9997175827,213597.10445134563,2144167.260629121,14895149.962829953
3,HistGradientBoosting,train,case_56,400360,0.5994542719146861,0.8625257723530863,0.8981508437319984,0.22185484752679577,1.662133881541081,0.49100374190913076,4.807046602232076,5.02890144975887,9.012357282638549,9.429273230766219,0.046260477148505764,0.0,12.885962295532151,14.199932890827652,0.1019691479115288,0.0,27.991840362548828,29.144852655187226,0.04119101415643429,1.0411910141564342,0.7554201218902987,0.8743756243756243,1.0,0.053179638325507046,239997.51230376374,297848.10544418555,1924549.177669634,12175801.835297506
3,HistGradientBoosting,train,case_57,400360,0.5193616904183489,0.7692665220514066,0.9320114879162591,-0.09310327728948982,1.7023274885916955,-1.2432168851939867,5.400399450375989,5.307296173086499,9.728502988815302,9.017426566231743,0.07309207011613937,0.07309207011613937,14.611289510726927,13.228449782044901,0.09464186769188368,0.09464186769188368,32.06071853637695,28.38731949496793,0.11457631672356583,0.8854236832764342,0.770956139474473,0.8813686313686314,1.0,0.05249775202317914,207931.64637589018,236921.43033312855,2162103.923952531,15160952.23359229
3,HistGradientBoosting,train,case_58,400360,0.7646010875783807,1.0261893099442825,0.7433413419034844,0.6635759044381543,1.9828010330599484,1.2569564735976986,3.828242068613012,4.491817973051166,6.500666666030883,7.854045156253182,0.2081907225445591,0.0,10.108694267272929,11.94377116081649,0.18153451326395878,0.0,20.552814483642578,27.89588162031437,0.35727793594964513,1.3572779359496452,0.741732440803277,0.798951048951049,1.0,0.044899590368668196,306115.6914228805,421604.90315751283,1532674.9945899055,7510118.65249189
3,HistGradientBoosting,train,case_59,400360,0.47251198294389885,0.7066579169629326,0.9397987813538142,-0.02715506519451163,1.5567737476577534,-1.0291672650509136,5.287436591513801,5.26028152631929,9.45020728111267,9.099175624240038,0.03714539231051672,0.03714539231051672,14.667274990081749,13.248597094376526,0.09672402656011807,0.09672402656011807,32.03961944580078,28.316882798098174,0.11619166245092595,0.8838083375490741,0.8328004795683884,0.8846153846153846,1.0,0.05156109501448696,189174.89749141934,199925.93619073465,2116878.1137784654,14513820.411748566
3,HistGradientBoosting,train,case_60,400360,0.5130493596186139,0.7096380013803136,0.948352022766879,-0.14608877763645242,1.3317554724439646,-0.6935378539565579,5.622468909648277,5.4763801320118235,9.96433162689209,9.77931536446948,0.018567854759398074,0.018567854759398074,15.850470104217512,15.16870110822823,0.04301254104809649,0.04301254104809649,36.91607666015625,32.67848128329091,0.11478997120620367,0.8852100287937963,0.8647217504246179,0.8876123876123876,1.0,0.05276251373763613,205404.44161690824,201615.7281946995,2251011.6526667844,16559895.004739292
3,HistGradientBoosting,train,case_61,400360,0.5730577643194219,0.7581701708499665,0.9393779222266164,-0.10038517784491299,1.0541549344522954,-0.08013417001197876,5.705564880105384,5.605179702260472,9.68325624465942,9.923156386458803,0.024774738552611867,0.0,15.157886562347406,15.223489678992683,0.004327985723830236,0.0,33.85128402709961,32.60187021290207,0.03690890464294712,0.9630910953570528,0.857278449395544,0.8961038961038961,1.0,0.053754121290838244,229429.40652292376,230135.73910953497,2284279.9553989917,16829343.90342225
3,HistGradientBoosting,train,case_62,400360,0.5932928024069422,0.9277444891569235,0.5353958642926124,0.37571394419387727,1.966806776961326,1.3649944598183366,2.474723175269594,2.8504371194634714,4.507473468780517,6.431979649079331,0.4269589590772419,0.0,6.4952899599075264,8.511863641157271,0.3104670759422809,0.0,14.41285228729248,18.920529623099675,0.3127540091270846,1.3127540091270846,0.6471675492057148,0.538961038961039,0.9605394605394605,0.055872215006494155,237530.70637164335,344593.7904057944,990780.1704509346,3193599.9834185
3,HistGradientBoosting,train,case_64,400360,0.6082758145054568,0.8019601388613289,0.862350782070884,0.44801033292654485,1.4219207858889598,1.1971929920003237,3.9771937318564388,4.425204064782983,6.892904663085936,8.233286374955966,0.19445818234630055,0.0,10.860165023803638,12.14237807298811,0.11806570585014857,0.0,23.340909957885742,26.688744324664174,0.14343204154503686,1.1434320415450367,0.839194724747727,0.9038461538461539,1.0,0.05291987211509641,243529.30509540468,257487.55615214887,1592309.2824860439,8203529.247202241
3,HistGradientBoosting,train,case_66,400360,0.636749924745997,0.8869551146370214,0.8962924952082313,0.0794302130246093,1.6424621451992465,-0.44267214352430617,3.3097094398571456,3.3891396528817537,8.640856552124024,8.334251912549794,0.03548313037309514,0.03548313037309514,14.484742507934437,14.645418382995905,0.011092767094303072,0.0,22.389339447021484,22.80466585113528,0.018550185685314944,1.018550185685315,0.8569287641122989,0.8573926073926074,1.0,0.04959536417224498,254929.19987130736,314958.9583274457,1325075.2713412067,7422607.059131721
3,HistGradientBoosting,train,case_69,400360,0.6514399424548694,0.8021287905630121,0.9295684028996928,-0.43124278669929617,1.0149890654406937,-0.36270233445079636,5.590349281239787,5.159106494540492,9.673070669174193,9.64470007999782,0.002932945508894376,0.002932945508894376,15.407477064132683,14.922268371822069,0.03149176794428852,0.03149176794428852,32.95534896850586,32.303929316178596,0.01976673507386614,0.9802332649261338,0.874762713557798,0.8943556443556444,1.0,0.05095913677690079,260810.4953612315,257595.86647482627,2238152.238237161,16169443.43154454
3,HistGradientBoosting,train,case_71,400360,0.4833068576389465,0.6722163114166153,0.9222540441415377,0.032598829495321606,0.9737706198127518,0.12892182864562815,4.549803349447659,4.58240217894298,7.7705615758895865,8.198298543140693,0.05504582430416404,0.0,12.114842939376807,12.124575139706833,0.0008033286422883336,0.0,25.56398582458496,27.56053083047157,0.07809991053768017,1.0780999105376803,0.7914876611050055,0.8863636363636364,1.0,0.05277500249775202,193496.73352432862,180912.5826507844,1821559.2689848647,10614707.437531048
3,HistGradientBoosting,train,case_72,400360,0.5986935555250275,0.9436677222324338,0.6042500029765009,0.4490989125421788,1.2655300847554842,0.5915681173618496,2.7397326694568966,3.188831581999076,4.794327330589294,6.776900430958015,0.4135247686822072,0.0,7.4184241771698,8.864737891538077,0.19496239091036446,0.0,16.875072479248047,20.07922410128875,0.18987483615142858,1.1898748361514286,0.4283145169347587,0.5984015984015985,0.988011988011988,0.0585722849435508,239692.95189,356524.0911505339,1096879.3715437632,3906038.355638345
3,HistGradientBoosting,train,case_73,400360,0.6265186254917092,0.8535459929882203,0.9008254019574772,-0.14506098943370602,1.71275446115311,-0.9031893046580054,3.1237290097219934,2.978668020288287,8.22641882896423,7.766438081335229,0.05591506549720804,0.05591506549720804,14.632464952468844,13.798834411575779,0.05697129934026677,0.05697129934026677,22.04593849182129,21.34802356125439,0.03165730190283416,0.9683426980971659,0.8656209411529623,0.8588911088911089,1.0,0.0526825856728944,250832.9969018607,291678.57953287143,1250616.1463322972,6847647.309800914
3,HistGradientBoosting,train,case_75,400360,0.6038064182670327,0.774550665008765,0.9361086683361466,-0.394253248611162,1.4092575978600579,-0.954039456209476,5.667589229630241,5.273335981019077,9.665987253189082,9.33641348274401,0.0340962347468786,0.0340962347468786,15.416833810806175,14.195831017145522,0.07919932254862931,0.07919932254862931,35.16933822631836,31.32878365867543,0.10920178659400867,0.8907982134059913,0.8761114996503148,0.8943556443556444,1.0,0.052250474572884405,241739.93761738922,240187.4674099676,2269076.023974763,16619503.110003779
3,HistGradientBoosting,train,case_77,400360,0.9212538930511103,1.1526413473195725,0.7475727679889269,0.8493773246066717,2.3196450735183856,1.9020604190265842,4.216345334965462,5.065722659572135,7.30365433692932,9.19173531883494,0.2585118209057286,0.0,11.748572282791129,14.024020951420754,0.1936787393275537,0.0,23.54745101928711,30.183846510650245,0.281830737684832,1.281830737684832,0.8279048856029574,0.8523976023976024,1.0,0.045773803576780896,368833.2086219425,531911.1197674699,1688056.0183067725,9224613.080135196
3,HistGradientBoosting,train,case_79,400360,0.5633238765276346,0.7290617818876699,0.9464564264252439,-0.3306718534405248,1.1754209289123665,-0.6575371969289082,5.793376880167527,5.462705026727002,10.056427860260005,9.871321480585435,0.018406772488873038,0.018406772488873038,15.850202865600538,15.160694195707682,0.04350156750291735,0.04350156750291735,36.246280670166016,32.58885811522987,0.10090476836004138,0.8990952316399586,0.8794085323209112,0.9055944055944056,1.0,0.05200319712258967,225532.3472066038,212803.78391314106,2319436.367743871,17411772.858387887
3,HistGradientBoosting,train,case_81,400360,0.511584525865494,0.7484937382583833,0.9460401864779476,0.06879437337629368,1.5387238406156194,-0.9146348130439809,5.84957593964784,5.918370313024133,10.314814281463619,9.901592954347931,0.040060956585352456,0.040060956585352456,16.286035861968987,15.287426222089069,0.061316925023594156,0.061316925023594156,35.2658805847168,31.28773024458378,0.11280450889568969,0.8871954911043103,0.7943350984114297,0.903096903096903,1.0,0.05262014187231492,204817.98077550918,224298.83792024,2341936.2231974094,17856109.41474756
3,HistGradientBoosting,train,case_82,400360,0.5387833291673655,0.7052428429980462,0.9454399433666718,-0.3350794470459303,1.0788528090189193,-0.5005210693588727,5.501570875476665,5.166491428430735,9.606270885467529,9.46213853439698,0.01500398570777287,0.01500398570777287,15.515425043106074,14.958868594834483,0.03587116993091235,0.03587116993091235,34.473167419433594,32.27718319829674,0.0637012605896756,0.9362987394103244,0.8809071835348187,0.9088411588411588,1.0,0.052784993505844736,215707.29366544643,199126.0393283227,2202608.9157058373,15767476.08115845
3,HistGradientBoosting,train,case_83,400360,0.5603138423736589,0.7440521457277582,0.9455552830620177,-0.3514952994846154,1.3615765758282803,-0.8634692292916794,5.771707437600671,5.420212138116057,10.300168991088865,9.887724267679337,0.04004252005635566,0.04004252005635566,16.17190748214708,15.26872903306641,0.05584860351679174,0.05584860351679174,37.063751220703125,32.453572415462425,0.1243851108806693,0.8756148891193307,0.8797582176041563,0.8936063936063936,1.0,0.05324707763013288,224327.24993271808,221644.73911923482,2310760.7897178046,17408040.681773167
3,HistGradientBoosting,train,case_84,400360,0.5836336890748559,0.7401032356636358,0.9458534885584109,-0.36402402851491106,1.1830219775715116,-0.6510761409782966,5.8500024248584594,5.4859783963435484,10.052421236038205,9.88865803837947,0.016290920745704478,0.016290920745704478,16.077098846435536,15.20952577846988,0.053963285058610345,0.053963285058610345,35.38292694091797,33.270216696188534,0.05970987782489605,0.940290122175104,0.8796083524827655,0.9088411588411588,1.0,0.05281746428214607,233663.5837580093,219298.3107837116,2342106.970816333,17751422.6822564
3,HistGradientBoosting,train,case_85,400360,0.7339195417786563,0.8824747639688767,0.9197369258221544,-0.5420502971737223,1.163946889668266,-0.7016895669833778,5.742957919701812,5.200907622528087,9.90499882698059,9.695091906219503,0.021192018740003676,0.021192018740003676,15.767036905288688,14.992306558551842,0.0491360774627844,0.0491360774627844,34.80757522583008,32.438163930330845,0.06807171370388754,0.9319282862961125,0.8661204915575982,0.9018481518481518,1.0,0.05139624338095714,293832.02774650283,311785.0378320249,2299250.6327318177,17089038.579897046
3,HistGradientBoosting,train,case_86,400360,0.6168747876866058,0.8789101907484237,0.8656805347608268,0.45039585164195045,1.8064741499580423,0.9940859412624288,4.475714650114444,4.926110501756395,7.60098669528961,8.834372005466674,0.1622664740278263,0.0,12.306284666061373,13.75088557484348,0.11738724952186982,0.0,24.116090774536133,29.885315256311465,0.23922718386294106,1.239227183862941,0.8056249375561995,0.8271728271728271,1.0,0.04462733539814167,246971.98999820946,309271.34328499675,1791897.1173198188,10322525.946124662
3,HistGradientBoosting,train,case_87,400360,0.7367735481379853,1.0333404473694647,0.8943790370926629,0.19469121449199905,2.100421576260513,-1.0729531958647172,5.09026258343684,5.284953797928839,10.772640562057495,10.252145074788196,0.04831642569627221,0.04831642569627221,15.996327209472646,15.034157516967335,0.06014941304373526,0.06014941304373526,34.780033111572266,28.544426998940146,0.17928695158594785,0.8207130484140521,0.8397941852332901,0.6905594405594405,0.9997502497502497,0.05215805774802677,294974.6577325238,427501.39736075123,2037937.5279047734,14421142.352911664
3,HistGradientBoosting,train,case_89,400360,0.5516241590471705,0.7385195096709604,0.9359063432741925,-0.2255883366863325,1.2543886076214,-0.43653150632287996,5.266890383352188,5.041302046665854,9.501103210449216,9.381103374370674,0.012630094992186475,0.012630094992186475,14.831547985076902,14.240544018139937,0.03984776016175903,0.03984776016175903,30.670499801635742,30.14917985726771,0.01699743883339741,0.9830025611666026,0.8293036267359376,0.8676323676323676,1.0,0.05018483364971526,220848.24831612522,218360.77444967357,2108652.233878882,14512941.660125623
3,HistGradientBoosting,train,case_91,400360,0.5512855864308674,0.7972751310122206,0.9449475134435208,-0.11225123777299278,1.7057601479539302,-1.192464311340363,6.227670659174811,6.115419421401819,10.791361618041991,10.165113684950951,0.05803233690584711,0.05803233690584711,16.847370262145986,15.522249771078512,0.0786544410462006,0.0786544410462006,35.742393493652344,31.8623459192034,0.10855589665918765,0.8914441033408124,0.8281546608052752,0.8858641358641358,1.0,0.052370366669997004,220712.6973834621,254487.88696065242,2493310.2251072275,20150156.032166723
3,HistGradientBoosting,train,case_92,400360,0.5319307580736959,0.7265302179260243,0.9308802462103365,0.2960134239090649,1.1743021451848163,0.19851027279352748,5.1309906232953235,5.427004047204389,8.626925182342527,9.142410640228155,0.059753092439090195,0.0,13.86244007110595,14.01502229798599,0.011006880902451822,0.0,26.93845558166504,29.07945234454237,0.07947733886921662,1.0794773388692167,0.8158157658107703,0.8838661338661339,1.0,0.04796682985313218,212963.7983023849,211328.48764057606,2054243.4059425157,13597729.007015591
3,HistGradientBoosting,train,case_93,400360,0.5101796128647006,0.6775854409307555,0.9465298021943317,-0.17857696647173324,0.9218410756641249,0.017683997705811992,5.478692639531607,5.3001156730598735,9.250488615036007,9.660848661106161,0.04436090493675585,0.0,14.655003519058223,14.618991060664193,0.0024573490103360993,0.0024573490103360993,30.175100326538086,31.091397824246588,0.030366013295493377,1.0303660132954935,0.8524827655110401,0.8951048951048951,1.0,0.050961634528923966,204255.50980651152,183814.09583524457,2193449.385162874,15454927.461751582
3,HistGradientBoosting,train,case_94,400360,0.4699020514553656,0.74740945933117,0.9049419904507381,0.17537581229001767,1.5785933910505172,0.5191641135696207,4.538194797936468,4.713570610226485,7.718307733535765,8.546992820945489,0.10736616315635067,0.0,12.303719158172552,13.174251211677007,0.07075356990135928,0.0,24.009641647338867,30.156216143630935,0.2560044246630116,1.2560044246630115,0.7957837945848736,0.7974525474525475,1.0,0.0502272954341093,188129.98532067018,223649.4634830479,1816911.6693018444,10598267.30129735
3,HistGradientBoosting,train,case_96,400360,0.7800386937061503,1.026001007551502,0.8196838132394889,0.6948076379886239,2.1221849189868967,1.6201443389289987,4.446458726790373,5.141266364778996,7.780730009078979,9.203884112993771,0.18290752953182787,0.0,12.240180082321166,14.246921552542842,0.1639470544326443,0.0,24.3714542388916,28.533296199480006,0.1707670752755902,1.1707670752755903,0.806873813567789,0.8723776223776224,1.0,0.051148965930662406,312296.2914121943,421450.19110297767,1780184.2158577936,10252799.934972897
3,HistGradientBoosting,train,case_97,400360,0.6219386132754112,0.7647889629772161,0.9390358421555287,-0.42316586288305197,1.159829848040834,-0.6176560459576259,5.692470121784694,5.269304258901642,9.87625789642334,9.717117841331538,0.01611339606162312,0.01611339606162312,15.68950984954829,14.89387151849148,0.05071148421374792,0.05071148421374792,35.222373962402344,32.28697644166796,0.08333900275625189,0.9166609972437482,0.8819562393845539,0.8996003996003996,1.0,0.05091417724048356,248999.34321094363,234171.4279335473,2279037.33795772,16814484.77921046
3,HistGradientBoosting,train,case_98,400360,0.6100508152716756,0.8184806399435937,0.9405118806890669,-0.3258237868749195,1.6659533095650572,-1.1900782418359646,6.260926460286945,5.935102673412027,10.456711626052856,9.954439522785517,0.048033466086597455,0.048033466086597455,16.65958471298217,15.191149694232708,0.08814355483934526,0.08814355483934526,34.968265533447266,30.998900238598825,0.11351335945020576,0.8864866405497942,0.8461884304126286,0.9158341658341659,1.0,0.05106654011389749,244239.94440216804,268205.3909858563,2506624.5176404812,20202345.646022253
3,HistGradientBoosting,train,case_99,400360,0.8631967054724217,1.1738234012523432,0.6082692438681139,0.7427193355727676,2.301198269432366,1.2463091325852622,3.476781438713956,4.2195007742867245,5.963100194931029,7.50751501442463,0.2589952824885351,0.0,9.452709732055656,11.586914480167025,0.22577703204764005,0.0,19.247943878173828,29.691087654438558,0.5425589269359162,1.5425589269359161,0.7006194425017485,0.6146353646353646,0.9937562437562437,0.026675991607553202,345589.43300293875,551640.5810268857,1391964.2168035195,6247768.959238368
3,HistGradientBoosting,train,case_100,400360,0.5366953517158496,0.7032693016508724,0.9497631740688682,-0.32217780614996705,1.2278234595197017,-0.7121640476714535,5.697571016647155,5.375393210497187,10.016252183914181,9.816749503721192,0.019917897086635314,0.019917897086635314,16.072310028076142,15.150492977100939,0.057354359725821265,0.057354359725821265,36.00269317626953,32.76951788593795,0.08980370647556624,0.9101962935244338,0.8808572284943551,0.9063436563436563,1.0,0.05235288240583475,214871.35101295754,198013.13583363433,2281079.532224855,16938205.916138913
3,HistGradientBoosting,train,case_101,400360,0.6791702301349545,0.8450733102912938,0.9318397135769922,-0.5086584319228005,1.4588512754137477,-1.0486667416069073,5.892952550035133,5.384294118112334,10.397786188125611,9.799224754193563,0.05756623795703855,0.05756623795703855,16.382473373413045,15.26839301640938,0.0680044051719135,0.0680044051719135,37.050594329833984,32.891166398776505,0.11226346044625289,0.8877365395537471,0.8713158157658107,0.9013486513486514,1.0,0.05316215406134479,271912.5933368304,285916.6535105902,2359302.482932066,18098026.538970944
3,HistGradientBoosting,train,case_102,400360,0.6384634955885503,0.9457079972880286,0.8696693267096879,-0.26465084043589415,2.5738857356903084,-1.8265851067206,3.561208677776423,3.29655783734053,8.40616006851196,7.484824968326992,0.10960237405377667,0.10960237405377667,14.098538675308209,11.724727348014206,0.16837286345509206,0.16837286345509206,24.8814754486084,21.37956246968105,0.14074378290629894,0.859256217093701,0.8454391048056749,0.6728271728271729,0.9995004995004995,0.051690978119692275,255615.245093832,358067.417355622,1425765.5062345688,7824824.903724942
3,HistGradientBoosting,train,case_104,400360,0.591152839708631,0.7352637933915578,0.9397324619506298,-0.36097736066219016,0.9395005299813546,-0.29449004812312213,5.5717848155386465,5.2108074548764565,9.49413046836853,9.551831619487128,0.006077560373837338,0.0,15.03142244338985,14.623782028256352,0.027119217537044216,0.027119217537044216,32.318115234375,31.0040966440701,0.040658886843353156,0.9593411131566468,0.8778599260665401,0.8968531468531469,1.0,0.05165600959136777,236673.95090574748,216439.75897353148,2230719.7687490527,16020406.29126272
3,HistGradientBoosting,train,case_105,400360,0.4891488987326787,0.7145279756885239,0.89383859197728,0.2768050280949343,1.0716872371343584,0.727990475112514,4.1177261345419325,4.394531162636865,6.899764347076416,8.026775151123198,0.16334047763882284,0.0,10.9968593406677,11.651011017006928,0.05948531813261409,0.0,24.234914779663086,26.102337445899384,0.07705505396715319,1.0770550539671533,0.8125686881806374,0.8826173826173827,1.0,0.052735038465381155,195835.65309661525,204403.88929871088,1648572.835225208,8713778.17665891
3,HistGradientBoosting,train,case_106,400360,0.5564752839789298,0.7774399616719307,0.7365895303910606,0.4284730688397027,1.472983383605806,0.8473118949859245,2.8088639096034482,3.237336978443151,5.13510546684265,6.4364033014583795,0.2534120950422933,0.0,7.404705095291117,8.647444994833572,0.16783111326509845,0.0,16.977144241333008,20.65493656962609,0.21663197744053045,1.2166319774405305,0.7537216505145369,0.5871628371628371,0.9802697302697303,0.05168348486362274,222790.4446938043,241982.74624362285,1124556.7548488365,4077379.610060282
3,HistGradientBoosting,train,case_107,400360,0.682611623960937,0.8404503566695093,0.9264686109996374,-0.35874940657076637,1.0688438996406653,-0.33831239444424327,5.773947810975519,5.415198404404752,9.823783111572263,9.809714324471766,0.0014321149948764583,0.0014321149948764583,15.309831600189176,15.134394416327995,0.01145911911003732,0.01145911911003732,35.135074615478516,32.53290275417036,0.07406194208455696,0.925938057915443,0.8513837546208413,0.9058441558441559,1.0,0.05306973723648716,273290.38976900076,282797.0092590915,2311657.745602159,17193327.08709395
3,HistGradientBoosting,train,case_109,400360,0.5714033201229879,0.7508001757022733,0.9309740714536534,-0.3501167676589118,1.2607232167003364,-0.7018305806481602,5.195676734823355,4.845559967164445,9.180979347229002,8.944216338672632,0.025788426223595565,0.025788426223595565,14.838084297180142,13.82371770491299,0.06836236888477064,0.06836236888477064,33.0452880859375,31.178089473776406,0.056504231626162894,0.9434957683738371,0.8627235488060745,0.8871128871128872,1.0,0.05146867818962934,228767.03324443943,225683.29385920626,2080141.1375538784,14077284.672122162
3,HistGradientBoosting,train,case_110,400360,0.5653922016312538,0.75204610750139,0.876652605806794,0.3873310486041027,1.1640034422832135,0.7777278949167147,3.929007749751944,4.316338798356047,6.862423944473265,7.975063138978385,0.16213501286250284,0.0,10.958230762481676,11.52897910930242,0.0520839868398142,0.0,24.01297378540039,26.19565154846986,0.09089577086851748,1.0908957708685174,0.8285543011289839,0.9025974025974026,1.0,0.05235538015785793,226360.42184508877,226432.94552840778,1573017.5426906883,8016131.630889808
3,HistGradientBoosting,train,case_111,400360,0.5378714255178368,0.7452019263690537,0.885035501709076,0.1726181361069601,1.5847423395178861,0.08569381579169012,1.8535673291566421,2.0261854652636027,5.327201390266418,6.093921891556997,0.14392557088070493,0.0,13.019953222274761,12.767558045510789,0.019385259874219074,0.019385259874219074,22.531204223632812,19.462108280951032,0.13621535325939785,0.8637846467406022,0.8808072734538915,0.8823676323676324,1.0,0.051318813068238586,215342.20392032116,222330.28175364248,742094.2159011533,3309425.40804822
3,HistGradientBoosting,train,case_114,400360,0.6795925621167653,0.9094924700066379,0.8062983374099818,0.49383289719569834,1.4781121834056266,1.2809716692730166,3.8466171109917005,4.340450008187398,6.512721204757687,8.115534084810147,0.2461049428741966,0.0,10.346745529174791,11.726690265602254,0.13336993091561236,0.0,23.000751495361328,25.76180447279263,0.12004185941438202,1.120041859414382,0.8042261964232191,0.8916083916083916,1.0,0.04908582275951644,272081.6781690682,331168.40475858963,1540031.6265566372,7633594.826299871
3,HistGradientBoosting,train,case_115,400360,0.7216977532256215,0.8831647657804909,0.9259894124710544,-0.5643866756748523,1.4576740283503227,-1.0476577875596265,5.918926264383106,5.354539588708251,10.394952774047848,9.813391625608,0.055946492598963955,0.055946492598963955,16.448994159698447,15.336140299702956,0.06765482735242777,0.06765482735242777,35.972679138183594,32.38220856927133,0.09981104146066014,0.9001889585393399,0.8735138375462084,0.9053446553446554,1.0,0.05314716754920572,288938.9124814098,312272.7942077095,2369701.3192084203,18245386.326437797
3,HistGradientBoosting,train,case_118,400360,0.6869521031099719,0.9404640479358171,0.8993815852038594,-0.12082965167803476,1.9340329381437165,-1.1124574153071405,4.115224517896751,3.9943948662187148,9.728425073623656,9.02328363939284,0.0724825887946284,0.0724825887946284,15.380120143890334,14.588261234685833,0.05148587278878071,0.05148587278878071,27.368141174316406,26.04363493491982,0.04839591519790787,0.9516040848020921,0.8534818663203118,0.772977022977023,0.9952547452547452,0.05207812968328504,275028.14400110836,354107.46032909467,1647571.287985143,10299436.424713062
3,HistGradientBoosting,train,case_119,400360,0.3927430597380215,0.5713546493296939,0.9486249815353802,0.014176930802859195,0.7849170946576985,-0.1523925739847025,4.592839510915934,4.607016441718794,8.03566355705261,8.483538332730525,0.05573587949495869,0.0,12.864710826873766,12.599306762386826,0.020630394888668933,0.020630394888668933,27.997272491455078,28.478039925430043,0.01717193823511549,1.0171719382351154,0.8194125287241483,0.8983516483516484,1.0,0.05424118293535818,157238.6113967143,130695.97473297485,1838789.2265903032,10989223.476553407
3,HistGradientBoosting,train,case_120,400360,0.6247403671017542,0.7897459467818504,0.9396835279779999,-0.44339892120754104,1.2728078035292796,-0.820737898708454,5.849380987685487,5.405982066477946,10.294800615310661,9.892408752080282,0.03908690204567274,0.03908690204567274,16.261321811676016,15.377705301328556,0.054338541514688095,0.054338541514688095,36.66416549682617,33.06408749566958,0.0981906434354337,0.9018093565645663,0.883255070436607,0.9073426573426573,1.0,0.05330202817464282,250121.0533728583,249703.99570110952,2341858.1722297617,17838317.90270544
3,HistGradientBoosting,train,case_121,400360,0.3569887107927721,0.5108702740175334,0.9591672910471757,0.0791286940209985,0.9020185771949668,-0.37424890563801094,4.536640064733341,4.615768758754339,7.992828512191771,8.141190174646498,0.018561847314555197,0.0,12.891168012618962,12.297375988670238,0.04606192575936259,0.04606192575936259,27.960119247436523,27.398049246649403,0.020102560930195332,0.9798974390698046,0.8664701768408433,0.9070929070929071,1.0,0.05308971925267259,142924.00025299424,104489.33058717476,1816289.2163166404,10798811.938567609
3,HistGradientBoosting,train,case_122,400360,0.5252794028786232,0.7384484140001664,0.8347202306749357,0.4008767028177687,1.2661290375253527,0.48512439798707313,3.1949199588273136,3.5957966616450814,5.731524729728698,6.866896076708908,0.19809237515650618,0.0,9.12270348548888,9.789705362472716,0.07311449703969979,0.0,22.65458106994629,27.612185896069143,0.21883453994652075,1.2188345399465208,0.7056149465481067,0.7472527472527473,1.0,0.04721750424617844,210300.8617364856,218318.73423739462,1279118.1547161033,5407584.278401689
3,HistGradientBoosting,train,case_125,400360,0.41932604302120735,0.5514031164064629,0.9486077119185546,0.2604006181858833,0.7691715041511107,-0.008637735163432799,4.388985807024614,4.649386425210497,7.719360971450801,8.141505176625406,0.05468641856960169,0.0,12.352934799194323,12.229806849629096,0.00996750582487145,0.00996750582487145,25.916418075561523,27.13698956221234,0.04709645766217134,1.0470964576621713,0.8640723348985913,0.8998501498501499,1.0,0.05076930762313917,167881.37458397058,121727.6150559455,1757174.3577003744,10080810.232415516
3,HistGradientBoosting,train,case_127,400360,0.4110391959271295,0.5700642438824651,0.9470112461165565,0.20865293844403637,0.8369749184136747,-0.2208671440938745,4.408906901601324,4.617559840045361,7.859949254989618,8.180742513210523,0.040813655128531606,0.0,12.608463897705061,12.25521359587099,0.028016918214626343,0.028016918214626343,28.440195083618164,27.299017772056036,0.04012550927329811,0.9598744907267018,0.8569287641122989,0.9085914085914086,1.0,0.05327954840643421,164563.65248138556,130106.28722848985,1765149.9671251061,10237738.484780371
3,HistGradientBoosting,train,case_128,400360,0.5282779783534783,0.7668706351241683,0.8133602333346018,0.43687865543729815,1.4350395454261227,0.7649871786772238,3.1501356945595393,3.587014349996838,5.586181855201721,6.941510206141102,0.24262159486937057,0.0,8.927573862075796,9.8467433033952,0.10295848071602327,0.0,21.58715057373047,27.0671694410104,0.25385559101758426,1.2538555910175841,0.7017184533919473,0.7257742257742258,1.0,0.04751473673693676,211501.3714135986,235447.94101186376,1261188.3266738572,5234424.413455113
3,HistGradientBoosting,train,case_129,400360,0.6404156713024947,0.8039719828755226,0.8991890844693401,0.4731728522553301,1.1261034717281222,0.10979838513959518,4.307862306820347,4.781035159075678,8.360485506057739,8.681328324078486,0.03837609882682945,0.0,12.449416322708034,12.908508201604718,0.036876578547645616,0.0,27.233789443969727,28.29564256041696,0.03899028148953972,1.0389902814895398,0.8080227794984514,0.8299200799200799,1.0,0.05125886701968228,256396.81816266675,258781.0732412494,1724695.7531585942,9996746.400499811
3,HistGradientBoosting,train,case_130,400360,0.4214444218022536,0.6127650680270215,0.937131735112436,0.07144427657857828,1.1098249513296297,-0.4892661532544486,4.393115192012862,4.464559468591439,7.741332387924194,7.965348813910884,0.028937709267740048,0.0,12.371518497466973,11.803489075962686,0.04591428462242439,0.04591428462242439,25.519859313964844,27.23512517254738,0.06721298254351733,1.0672129825435173,0.7982315915675892,0.8548951048951049,1.0,0.045861224897592166,168729.48871275026,150327.58460795798,1758827.5982742696,10117884.357995834
3,HistGradientBoosting,train,case_136,400360,0.6828999969701645,0.8512841939059111,0.7969380481827165,0.6272487333561754,1.3107207527831921,0.6389653114339299,3.3661358935285524,3.9933846268847275,5.935817217826843,7.1892249329058515,0.21116009288741083,0.0,9.499952650070178,10.242744369830616,0.07818899178986446,0.0,21.323503494262695,26.714568678459063,0.25282267455002827,1.2528226745500282,0.7476271355779798,0.7584915084915085,0.9997502497502497,0.043246078529323606,273405.84278697503,290134.7980379806,1347666.1663330912,5965226.870345799
3,HistGradientBoosting,train,case_137,400360,0.5107719167294966,0.7529725407485939,0.8098390482214041,0.3965483792601259,1.4473645388677667,0.6586760724298504,3.0236621260769616,3.4202105053370877,5.4260913848876955,6.73582370002674,0.24137675211051607,0.0,8.722746763229296,9.701851592934023,0.11224730652873474,0.0,21.634017944335938,27.619451524021432,0.27666768119939356,1.2766676811993936,0.6774902587671096,0.7242757242757243,1.0,0.04895593965431112,204492.64458182125,226991.16720152082,1210553.3687961723,4853983.543434064
3,HistGradientBoosting,train,case_141,400360,0.4218975006185431,0.567593442407877,0.9343582881381507,0.24225737251906349,0.8882198919776895,-0.31589688220154,4.012784792653495,4.255042165172559,7.26107919216156,7.394241701796554,0.01833921736850702,0.0,11.077090291976921,10.551115800870233,0.04748309142949282,0.04748309142949282,25.202781677246094,25.916227221553115,0.028308206349743653,1.0283082063497437,0.855480067938855,0.8718781218781219,1.0,0.052922369867119595,168910.8833476399,128980.90477948077,1606558.519586753,8411696.52556561
3,HistGradientBoosting,train,case_142,400360,0.38606333716588814,0.5397853710582564,0.9500284965421862,0.09426863331931866,1.0195245042029148,-0.5518050407621827,4.321270355732036,4.415538989051354,7.779161429405209,7.71378842304715,0.008403605832236531,0.008403605832236531,12.231397266387924,11.430218214544198,0.06550184205408648,0.06550184205408648,27.647048950195312,26.691806133259345,0.034551348270724556,0.9654486517292754,0.8622239984014387,0.8876123876123876,1.0,0.05275002497752023,154564.31766773498,116652.19129225091,1730063.799620878,9810447.668562127
3,HistGradientBoosting,train,case_143,400360,0.731489723303951,0.8743531278585566,0.8783305494750397,0.6421470199757711,0.9971275428736437,0.4507695372045721,4.474318076376679,5.116465096352452,7.921590662002563,8.630815044280784,0.08953055169590521,0.0,12.536460180282564,13.017427519235758,0.03836548212466411,0.0,29.560705184936523,30.292806568226656,0.024766032430890542,1.0247660324308905,0.8719152762513738,0.8508991008991009,1.0,0.05361674492956339,292859.22562196985,306072.5744996071,1791337.9850581675,10530623.36365127
3,HistGradientBoosting,train,case_144,400360,0.5163317454975245,0.7046516950096923,0.9465286579428315,0.10133571092892504,1.0415855942889496,-0.23130416513263474,5.492587406903478,5.593923117832405,9.57113671302795,9.637011535252462,0.006882653983496516,0.0,15.136413698196405,14.871193613715846,0.017521989671315692,0.017521989671315692,31.827865600585938,32.37586279897468,0.017217528981228764,1.0172175289812289,0.8684683784593865,0.8876123876123876,1.0,0.050559496453192125,206718.57762738888,198792.35675607377,2199012.2942278767,15796003.67292771
3,HistGradientBoosting,train,case_145,400360,0.7247136776001863,0.9443706755966645,0.8357393502584194,0.6120853026800822,1.6687389763477567,1.1989615824418633,4.284758478472041,4.896843781152124,7.399078512191771,8.51118919703596,0.15030394433735478,0.0,11.438420429229723,13.226965301116364,0.1563629246671329,0.0,25.100421905517578,27.905291702170825,0.1117459223279701,1.1117459223279702,0.8043760615446098,0.8414085914085914,1.0,0.04869617344390049,290146.3679640106,357055.4501210139,1715445.904441066,9523984.02051085
3,HistGradientBoosting,train,case_146,400360,0.45026888956383004,0.5997677321306631,0.9380486991167496,0.25865742934071473,0.878714810636106,0.16546325008460633,4.320783606981047,4.5794410363217635,7.589036440849302,8.099467240957402,0.06725897340018266,0.0,12.167704410552965,12.415963439793714,0.020403111455060994,0.0,28.361948013305664,27.88295349501507,0.016888632546180542,0.9831113674538194,0.8508342491757418,0.8773726273726273,1.0,0.05479568388450395,180269.652625775,144018.0326817654,1729868.9248909322,9799086.767015075
3,HistGradientBoosting,train,case_147,400360,0.4913336059965155,0.6586109031247136,0.9378928286432151,-0.2881426600623281,1.350486746942228,-1.041812030407566,4.797992291013543,4.509849630951216,8.369614458084104,7.898343912353248,0.056307318346744434,0.056307318346744434,13.121011762619016,11.969685750643247,0.08774674032804607,0.08774674032804607,29.499116897583008,28.141059682789095,0.046037215944765605,0.9539627840552344,0.8384953541812369,0.8836163836163836,1.0,0.05187081626536118,196710.32249676494,173663.48528171767,1920924.1936301822,12012770.016969586
3,HistGradientBoosting,train,case_151,400360,0.5432692624958584,0.6944823704564856,0.8912090793727582,0.4262286598828876,0.9676176365779994,0.2739736460136024,3.846295328628278,4.272523988511165,6.654342794418334,7.447513803576971,0.11919599480567018,0.0,10.317672529220548,10.59108805753161,0.026499729230281908,0.0,23.825817108154297,26.507950639026355,0.11257257279768623,1.1125725727976863,0.7927365371165951,0.7977022977022977,1.0,0.04875611949245679,217503.28193284184,193095.93522457872,1539902.7977696173,7697847.87186607
3,HistGradientBoosting,train,case_153,400360,0.40858215302500345,0.6072110380758448,0.9407317764341845,-0.1266683065321481,1.433407867492991,-1.0301668409463074,4.478284567221076,4.351616260688928,8.088743019104003,7.630370886177334,0.05666790647744461,0.05666790647744461,12.596611623764018,11.216892151688874,0.1095310003423656,0.1095310003423656,28.401994705200195,26.68791368591235,0.06035072666829314,0.9396492733317069,0.8467878908981916,0.8441558441558441,1.0,0.051231391747427316,163579.9507850904,147614.83179257202,1792926.0093326299,10519856.4009851
3,HistGradientBoosting,train,case_154,400360,0.5792792964204155,0.7524127170983809,0.872492683099866,0.4739642548388639,1.18754332313902,0.49872334859811696,3.5978396622740405,4.071803917112904,6.938599348068237,7.781406190585404,0.12146642286700282,0.0,10.474741182327266,11.219232502923226,0.07107491322573664,0.0,24.134431838989258,27.442966020620126,0.13708771781757548,1.1370877178175756,0.8111699470476571,0.7927072927072927,1.0,0.05027225497052653,231920.25911487755,226653.76370341374,1440431.0871880348,6960014.663848389
3,HistGradientBoosting,train,case_155,400360,0.49861456878771687,0.6799499970059554,0.9198912504409412,0.28405619784520475,0.9842175069368394,0.1456491639825351,4.394123516012045,4.67817971385725,7.589083981513977,8.086181857038582,0.06550169648082309,0.0,11.835097093582132,12.280159652086885,0.03760531535868004,0.0,28.122840881347656,26.318969343609396,0.06414257881516762,0.9358574211848324,0.8127685083424917,0.8546453546453546,1.0,0.050916674992506746,199625.32875985032,185099.23889079373,1759231.2908705822,10040879.112956177
3,HistGradientBoosting,train,case_158,400360,0.44866983313101855,0.6395312518619327,0.9518130539448006,0.059329393395140935,1.0078735526733187,-0.0793480315703554,5.309165940253087,5.368495333648227,9.031450700759887,9.369763076915119,0.037459361443092046,0.0,14.374462537765476,14.189028430480388,0.012900246308194432,0.012900246308194432,33.08441925048828,31.33933082801784,0.05274653332307432,0.9472534666769257,0.86781896293336,0.8886113886113887,1.0,0.05078679188730143,179629.4543923346,163747.32892319522,2125577.675839726,14683212.409436893
3,HistGradientBoosting,train,case_159,400360,0.41061387452239745,0.5834132094349717,0.9419653340342985,0.0462426171130734,1.2069449294027248,-0.7518725965534501,4.308228827876949,4.354471444990021,7.735206508636474,7.663229157483965,0.009305162192133521,0.009305162192133521,12.345149745941162,11.361313788026548,0.07969412912452357,0.07969412912452357,27.970979690551758,27.27882643194909,0.024745406355447388,0.9752545936445526,0.8200619442501749,0.8556443556443556,1.0,0.05060945149365571,164393.37080378705,136270.92272754517,1724842.4935288155,9779111.391040415
3,HistGradientBoosting,train,case_163,400360,0.5411703621773267,0.7778490906866449,0.9197366367323684,0.15077979242619186,1.6074781750755716,-1.022255343382567,4.8691821289669655,5.019961921393159,9.154281949996946,8.619760040098985,0.05839036997305283,0.05839036997305283,13.400103712081906,12.67575261596219,0.054055633574434214,0.054055633574434214,30.699800491333008,28.37755543069355,0.07564365316624971,0.9243563468337502,0.7011689479468478,0.8903596403596403,0.9997502497502497,0.052135577979818166,216662.96620131453,242237.50086765364,1949425.7571532144,12510142.33051967
3,HistGradientBoosting,train,case_164,400360,0.4555131105613242,0.6361037234895737,0.9300841451719701,0.16811561528477725,0.9701741363959395,-0.02397893607332778,4.41744805846477,4.585563673749549,7.523049545288086,7.913088707192678,0.051845885043902855,0.0,11.752422008514381,11.873984349512842,0.01034359903944831,0.0,27.64034652709961,26.489280135367014,0.0416444269468202,0.9583555730531798,0.8026276351283844,0.8479020979020979,1.0,0.054401039064841644,182369.22894433176,161996.8448758534,1768569.5046869554,10129589.802121753
3,HistGradientBoosting,train,case_166,400360,0.5271513120593084,0.6795492942001413,0.9312711149367144,-0.3027152245637324,1.3589434241516556,-0.9834599435636656,4.752669265709314,4.449954041145582,8.191421604156492,7.813185804375032,0.04617462243544336,0.04617462243544336,12.85470631599426,11.696125628457333,0.09012891147076478,0.09012891147076478,28.598407745361328,27.81680096129383,0.027330430107399103,0.9726695698926009,0.8315516035567989,0.8496503496503497,1.0,0.05046208412428814,211050.29929606474,184881.1407067333,1902778.6672193808,11733284.091455607
3,HistGradientBoosting,train,case_169,400360,0.5189614419415658,0.6846696094635133,0.926723217930008,0.20376187858480288,1.161415172736836,-0.6104317393909842,4.506858299532411,4.710620178117213,8.090929222106933,8.140651590300129,0.006145445946720065,0.0,12.841711378097514,12.03218066594205,0.0630391610837928,0.0630391610837928,28.405933380126953,27.82475006238729,0.020459926803400256,0.9795400731965997,0.8257568188630233,0.8299200799200799,1.0,0.05182835448096713,207771.40289572527,187677.74773985217,1804365.7888007958,10693238.037052538
3,HistGradientBoosting,train,case_170,400360,0.4657488167272814,0.638925756808666,0.900433403439165,0.250613014125099,1.0542817276524346,-0.15727869147676674,3.5917996307210354,3.842412644846133,6.727396512031555,7.004073128822026,0.041126848446594665,0.0,9.981185073852506,9.920310341462129,0.006098948365344911,0.006098948365344911,23.188430786132812,24.54070875044824,0.058316924365753905,1.058316924365754,0.815965630932161,0.8156843156843157,0.9997502497502497,0.0541787391347787,186467.19626493438,163437.41048958752,1438012.9001554737,6806542.575703929
3,HistGradientBoosting,train,case_171,400360,0.4660873042654456,0.6564072808186155,0.9500669891017776,0.1281283184957404,1.0056914235701504,0.15906463359144446,5.335408860563249,5.4635371790589895,9.183458948135376,9.656316611677479,0.05149014834308289,0.0,14.578658542633027,14.760647155383452,0.012483220744777554,0.0,33.82589340209961,32.438163930330845,0.04102565615259188,0.9589743438474081,0.8632230992107104,0.8931068931068931,1.0,0.05102158057748027,186602.7131357138,172503.32071126773,2136084.2914151023,14851578.007787077
3,HistGradientBoosting,train,case_173,400360,0.9330027861232567,1.2615410079854485,0.8735692293433782,-0.02023449228594203,2.976314966023688,-1.9678407572798364,2.5970050088225753,2.576770516536633,9.599425172805786,8.525391519651158,0.1118852049805292,0.1118852049805292,17.56222873687742,15.809080844211927,0.09982490940823513,0.09982490940823513,26.76559829711914,24.461030187042645,0.08610187168222362,0.9138981283177764,0.831651513637726,0.804945054945055,1.0,0.08245828754121291,373536.99545230705,637167.2207889151,1039736.9253322062,7739855.067462722
3,HistGradientBoosting,train,case_175,400360,0.44045606867009107,0.6160731899477417,0.9368643498416872,0.22679112773068652,0.9004130563512781,-0.026663166927497095,4.382044370932325,4.608835498663012,7.760565519332886,8.221090383953936,0.05934166311382904,0.0,12.505675315856932,12.474738529038724,0.002473819768771732,0.002473819768771732,28.643783569335938,27.464916356927848,0.04115612763078212,0.9588438723692179,0.8453891497652113,0.8746253746253746,1.0,0.05348186632031172,176340.99165275766,151955.10677208856,1754395.284346466,10094641.527618555
3,HistGradientBoosting,train,case_176,400360,0.4480576271326815,0.635570480178384,0.9284524843779238,0.09183665251230448,1.1344296233354265,-0.33708069192488377,4.060998864911518,4.1528355174238225,7.827819538116455,7.8945706568858665,0.00852742177363391,0.0,11.872080402374266,11.643949932915175,0.019215711292981743,0.019215711292981743,27.17892074584961,26.694175583084725,0.01783533523268793,0.9821646647673121,0.8206114496952742,0.8274225774225774,1.0,0.051288840043960435,179384.35159884035,161725.35605037137,1625861.5055559753,8863012.667989213
3,HistGradientBoosting,train,case_179,400360,0.500996635640417,0.6777980734121595,0.9393558402642851,-0.29999748040952906,1.4588143503948878,-1.1906179269361303,4.922423795128108,4.622426314718577,8.778277397155762,8.194329151361863,0.06652196317959863,0.06652196317959863,13.768545122146582,12.515465391068505,0.09101032243868018,0.09101032243868018,31.174861907958984,28.633070414556723,0.08153336816396092,0.918466631836039,0.8504346088520331,0.8753746253746254,1.0,0.05232041162953342,200579.01304499735,183929.4790106897,1970741.590617489,12733755.095619332
3,HistGradientBoosting,train,case_180,400360,0.5419734721933829,0.7701578721214738,0.9044768659226442,0.24583002385532973,1.2602335365269104,0.47355790084504007,4.617005859716327,4.862835883571656,7.6927731275558475,8.358611829057745,0.08655379412098275,0.0,12.1202414035797,12.878147686467727,0.06253227618586715,0.0,27.940109252929688,28.14254014018646,0.007245171642825439,1.0072451716428255,0.7960335697871915,0.8496503496503497,1.0,0.05427864921570587,216984.49932734278,237470.79072954724,1848464.4659960286,11020374.196065595
3,HistGradientBoosting,train,case_183,400360,0.46988300912395836,0.6639573453939899,0.9411762788554594,-0.23372825303239592,1.5134548302527524,-1.1916291258190543,4.862273831097952,4.628545578065556,8.673352289199828,8.1627423489724,0.058871117326024805,0.058871117326024805,13.893857116699213,12.527860014514854,0.09831662228212702,0.09831662228212702,30.76870346069336,29.060049822909328,0.055532194912496585,0.9444678050875034,0.8552302927365372,0.8646353646353646,1.0,0.052760015985612946,188122.36153286797,176494.44476939453,1946659.9510183763,12465589.519301178
3,HistGradientBoosting,train,case_184,400360,0.3752462138740666,0.5348301438932145,0.9541781418277464,0.044855544096119415,1.0518876718882837,-0.6356586630425594,4.47488648801918,4.519742032115299,7.875815033912657,7.935654839435474,0.0075979191061688245,0.0,12.749776926040594,11.843231714622485,0.07110282922413719,0.07110282922413719,29.159093856811523,27.481783176130598,0.057522729921496096,0.9424772700785039,0.8438904985513038,0.8978521478521478,1.0,0.05251773403936457,150233.5741866213,114520.28870854869,1791565.554343359,10516302.702600041
3,HistGradientBoosting,train,case_185,400360,0.4114409934787823,0.5630602539383336,0.946226489708716,0.24592529365989482,0.7935449257868219,0.11994867021333652,4.4111433006062715,4.657068594266167,7.666236424446105,8.170926569978796,0.0658328438610808,0.0,12.235298709869317,12.248290744477032,0.001061848583822058,0.0,25.902671813964844,27.11104414181028,0.04665048982298298,1.046650489822983,0.8500849235687881,0.8998501498501499,1.0,0.05193825556998701,164724.51614916528,126928.87309188372,1766045.331830727,10150713.984372474
3,HistGradientBoosting,train,case_186,400360,0.630976263962486,0.8023461177738406,0.8807605142875798,0.4855434252813569,1.1472364220825746,0.6837627326953026,4.10199790038781,4.587541325669168,7.5299984931945785,8.349645165041853,0.10885084141624334,0.0,11.554426622390743,12.4488509175597,0.07740966509196542,0.0,25.107419967651367,27.66956971668925,0.10204751234252582,1.1020475123425257,0.8281047057648117,0.8761238761238761,1.0,0.05381156958737136,252617.65704002086,257735.47042807587,1642275.8793992638,8898106.523626285
3,HistGradientBoosting,train,case_187,400360,0.38164023077625303,0.5554631020307688,0.9535205778766299,-0.09311115931121677,1.188407865004179,-0.8018929303311126,4.630080605487511,4.536969446176292,8.103256320953365,7.979224556950741,0.015306410051710136,0.015306410051710136,13.128380126953111,12.102416752865855,0.07814851216723309,0.07814851216723309,29.0647029876709,28.150839474919955,0.03144238264325631,0.9685576173567437,0.8411429713258067,0.8753746253746254,1.0,0.05235538015785793,152793.48279358065,123526.77721983602,1853699.07121298,11240442.060866356
3,HistGradientBoosting,train,case_188,400360,0.3804194969509094,0.5382559197002637,0.9557971642094211,0.08854750316991321,0.9486114089094383,-0.45740282854952113,4.561877200521213,4.650424703691128,8.110652208328247,8.229716349830593,0.014679971282714754,0.0,13.086825618743863,12.438350271159612,0.04955176805102829,0.04955176805102829,28.11197280883789,27.617012671731565,0.017606737900326897,0.9823932620996731,0.8536317314417025,0.9088411588411588,1.0,0.053304525926666,152304.74979926608,115992.07303358392,1826393.1560006728,10955867.98698799
3,HistGradientBoosting,train,case_193,400360,0.4941075555811185,0.6423133261357608,0.9253060456019206,0.3492193728415748,0.8717347025102192,0.3988244561330944,4.217785242945701,4.567004615787278,7.433103251457213,8.147725770895567,0.0961405344797621,0.0,11.889664096832272,12.26467378398874,0.03154081428224551,0.0,26.4258975982666,27.71545907921939,0.04879915530427909,1.048799155304279,0.8548306524128284,0.9048451548451548,1.0,0.05345439104805675,197820.9009524566,165175.08747984903,1688632.499865741,9333647.424383583
3,HistGradientBoosting,train,case_194,400360,0.40277637676957156,0.5887725301955951,0.9469605797500279,0.033924535359104814,1.1107123183417191,-0.48636466794570465,4.4735464772618485,4.507471012620955,8.246804285049436,8.257786943132315,0.0013317471475331963,0.0,12.928755416870114,12.40212853706045,0.040732991137143286,0.040732991137143286,28.35040283203125,27.996887256459157,0.01246950802309867,0.9875304919769013,0.8225097412328904,0.8593906093906094,1.0,0.051036567089619345,161255.55020346568,138786.03203840178,1791029.0676365537,10628909.940717285
3,HistGradientBoosting,train,case_195,400360,0.46385998797324957,0.6312834316403692,0.9447978646639071,-0.2597907948152342,1.3580163404813672,-0.9936094227148184,4.837615727860749,4.577824933045513,8.506486845016479,8.16887889709976,0.0396882936596213,0.0396882936596213,13.599721879959082,12.408746295856746,0.08757352500402159,0.08757352500402159,28.627286911010742,28.563517699934593,0.0022275674000955367,0.9977724325999044,0.844340093915476,0.8668831168831169,1.0,0.052048156659006896,185710.9847849702,159550.97518303915,1936787.8328063295,12259739.691145731
3,HistGradientBoosting,train,case_196,400360,0.4387163564309342,0.6092901455636698,0.9469629091774019,-0.12469697742300336,1.1978868741278663,-0.8394924569083153,4.721619437764037,4.596922460341033,8.420341682434081,8.107941330139537,0.037100674067211716,0.037100674067211716,13.27775411605834,12.403724387399482,0.06582662406752898,0.06582662406752898,29.805959701538086,29.10742942859023,0.023435926235645072,0.976564073764355,0.8431911279848137,0.8843656343656343,1.0,0.0531971225896693,175644.48046068882,148627.4370057323,1890347.5581032098,11727831.892893458
3,HistGradientBoosting,train,case_197,400360,0.4654941776796703,0.6314999570090234,0.9344745926334473,0.29382184227253183,0.9017079630952279,-0.08090906156963273,4.335292672210596,4.629114514483129,7.936916875839233,8.2911253881004,0.04462797302809276,0.0,12.379508867263791,12.280299458374824,0.00801400200546851,0.00801400200546851,27.07880973815918,27.336443708920736,0.00951422803486453,1.0095142280348646,0.8495354181236887,0.8761238761238761,1.0,0.051086522130082926,186365.2489758328,159660.4434714122,1735677.7742462344,9961289.997120844
3,HistGradientBoosting,train,case_199,400360,0.5023064718476614,0.7110967510390707,0.93093008645272,-0.1326454014540534,1.4746122010865326,-0.9499652166225024,4.738719716338008,4.606074314883955,8.71670413017273,8.358764469044479,0.041063646968267344,0.041063646968267344,13.672717103958115,12.659050388429652,0.07413791332192614,0.07413791332192614,29.847414016723633,28.124123995216202,0.05773666088934419,0.9422633391106559,0.8212109101808373,0.8394105894105894,1.0,0.05118892996303327,201103.41906892974,202445.47282749056,1897193.8256330849,11921292.318331864
3,HistGradientBoosting,train,case_200,400360,0.46335386515316257,0.600381814697855,0.9372834833939765,0.339677310495311,0.838220510752285,0.04729895292644143,4.3085884493248345,4.648265759820146,7.528428196907043,8.088946923938433,0.07445361931746558,0.0,12.027814435958856,11.926718914301754,0.008405144774670198,0.008405144774670198,27.248859405517578,28.112680522261957,0.03170118440148234,1.0317011844014823,0.8503846538115696,0.8808691308691309,1.0,0.05111399740233789,185508.35345272016,144313.09436438695,1724986.4715716909,9733294.889121156
3,HistGradientBoosting,validation,case_15,400360,0.8099441589057836,1.1611707528162802,0.598566581684526,0.6428850155358525,2.4448217472716784,1.251627249265363,3.3780577288595954,4.020942744395447,5.832143068313598,7.30309787486832,0.25221514447176596,0.0,9.363036231994613,11.553257522919736,0.23392212063015153,0.0,18.940412521362305,30.241703585873157,0.5966760782936738,1.5966760782936738,0.7063143171145969,0.5836663336663337,0.994005994005994,0.0291187930862224,324269.2434595195,539812.4011845614,1352439.1923262277,5913329.831794531
3,HistGradientBoosting,validation,case_24,400360,0.6106088225969019,0.7993067788803518,0.9205663833694199,-0.30219511073454475,1.4965858120881665,-0.6559820075755332,5.304625899199469,5.002430788464926,9.102337694168089,9.072842789370702,0.003240365913504225,0.003240365913504225,14.59939882278439,13.861048673200067,0.050574010515558085,0.050574010515558085,27.87183380126953,31.178089473776406,0.11862354289570566,1.1186235428957056,0.8218103706664003,0.8451548451548452,1.0,0.0469352582675592,244463.34821489564,255786.53158326852,2123760.0250034994,14485881.92450586
3,HistGradientBoosting,validation,case_36,400360,1.1365387799393079,1.8997153104605622,0.7035359885963226,0.10921344699891902,6.56944099525794,-5.105419698484226,3.0640295821179975,3.173243029116919,9.813024330139159,7.989177832654123,0.18585977534809311,0.18585977534809311,19.2957092285156,12.924841979277835,0.33017015201611594,0.33017015201611594,31.747325897216797,22.66526385443955,0.28607329235163853,0.7139267076483615,0.711209911080028,0.489010989010989,0.9343156843156843,0.05316465181336797,455024.6659365013,1444866.5148931954,1226714.8834967616,8632356.497202441
3,HistGradientBoosting,validation,case_39,400360,1.9343198506950738,2.13963809369544,-0.12536639515166326,1.8454170388291482,2.914583640997205,1.916310421190124,3.087728669230164,4.933145708059313,6.646077251434326,9.035797434579653,0.3595685233164554,0.0,10.974815073013293,12.907483715109738,0.1761003378406633,0.0,22.030895233154297,23.759590267163325,0.07846685373944837,1.0784668537394484,0.7715056449195724,0.5681818181818182,0.8976023976023976,0.05361924268158657,774424.2954242798,1832868.56721898,1236203.0500129885,5445745.664773294
3,HistGradientBoosting,validation,case_63,400360,0.7937880312649951,1.078155201157781,0.8179496134191988,0.3334792663013188,2.5152592115412236,-1.1686166327243155,3.589908255421658,3.923387521722976,8.285945415496824,8.120727636807045,0.01993952052601991,0.01993952052601991,13.304288787841797,11.913216939717591,0.10455815190928845,0.10455815190928845,25.949066162109375,22.524252880199395,0.1319821399550349,0.8680178600449651,0.758617244479968,0.5764235764235764,0.938061938061938,0.05243780597462284,317800.97619725345,465385.9258230323,1437255.669140615,7715973.792316836
3,HistGradientBoosting,validation,case_74,400360,0.6018161161923816,0.8163224993708333,0.9160695980366943,-0.030256459475088905,1.4419474292597239,0.2375737801872243,5.210357342896367,5.180100883421277,9.183551406860351,9.42326631801918,0.026102637262939064,0.0,13.751770725250228,14.506762955839351,0.054901455650569295,0.0,29.059873580932617,28.621889544763402,0.015071780506870296,0.9849282194931297,0.7743530822259966,0.8558941058941059,1.0,0.05044959536417225,240943.1002787819,266792.86686389014,2086018.6658019896,14047641.96894774
3,HistGradientBoosting,validation,case_78,400360,1.171803114493344,1.3579226915772296,0.4144604659647697,1.141895104210575,2.126599729828353,1.853494717769893,3.235144727900909,4.377039832111484,5.647890686988831,7.834221159900829,0.3871056637035656,0.0,8.848848810195921,10.988803036375282,0.24183419471622553,0.0,20.279897689819336,23.53552459205507,0.1605346807972351,1.1605346807972352,0.7812968328504346,0.8189310689310689,0.9992507492507493,0.048301528624238185,469143.09491855523,738245.4379732071,1295222.5432624079,5451027.589212791
3,HistGradientBoosting,validation,case_117,400360,0.7173884619385626,0.8865501089446763,0.8955617338837797,-0.31810889326333686,1.3492364546059563,-0.16709507390491304,5.137139844130944,4.819030950867608,8.875784015655517,9.034495615182616,0.0178814174891092,0.0,13.745235443115213,13.801885117314058,0.004121404426522171,0.0,30.055034637451172,27.05015221909366,0.09997933639421487,0.9000206636057851,0.8005794784693776,0.8304195804195804,0.9997502497502497,0.052237985812768506,287213.6446217229,314671.38786236814,2056705.307996265,13578572.17672394
3,HistGradientBoosting,validation,case_124,400360,0.43159097837785687,0.6189713793483751,0.9448486108294502,-0.1592955104003976,1.3380570245959638,-0.9760279830551016,4.68614249334891,4.526846982948511,8.326841783523559,8.025717931775048,0.03616303270519064,0.03616303270519064,13.333128252029367,12.232434127783796,0.0825533290792459,0.0825533290792459,28.74965476989746,28.43742797086942,0.010860192984124406,0.9891398070158756,0.8384453991407733,0.8756243756243757,1.0,0.052822459786192426,172791.7641033588,153388.1525856149,1876144.0086371698,11573098.271248205
3,HistGradientBoosting,validation,case_148,400360,0.6975550616038976,0.8332909141148377,0.8657771637564227,0.5952996283206768,0.8888116192630605,0.3510077237564316,4.050931678325365,4.646231306646041,7.333276700973511,8.008575746352266,0.09208694461087323,0.0,11.485404291152937,11.6509979718023,0.01441774938448765,0.0,26.239187240600586,27.533659310534404,0.04933354292052335,1.0493335429205233,0.8398940953142172,0.8806193806193806,1.0,0.051923269057847936,279273.14446373645,277999.4735676534,1621831.0067343432,8641105.258012155
3,HistGradientBoosting,validation,case_150,400360,0.844468076869879,1.0507907461908876,0.7768592821689921,0.7215421030731329,1.6416925424199689,0.7747356304826816,3.788771955886119,4.510314058959254,7.405756855010986,8.394683978967407,0.13353491659495678,0.0,10.835816211700429,12.357546635478174,0.1404352375536411,0.0,22.92385482788086,27.485312348276512,0.19898300502443575,1.1989830050244357,0.7563692676591068,0.724025974025974,1.0,0.04848886002597662,338091.23925562477,442061.9749413819,1516872.7402585666,7728175.482668079
3,HistGradientBoosting,validation,case_156,400360,0.42620922315057486,0.5938066325986427,0.9491261253234136,-0.1591666571843793,1.2660777721572138,-0.8725471079228401,4.732292953646106,4.573126296461727,8.350664710998535,8.105994044837313,0.029299543764338833,0.029299543764338833,13.289695453643796,12.229714927435348,0.07975957988697334,0.07975957988697334,28.11277961730957,27.98820002711389,0.004431422004210983,0.995568577995789,0.8548306524128284,0.8701298701298701,1.0,0.051516135478069734,170637.12458056415,141169.46504134635,1894620.8069217552,11740791.85297921
3,HistGradientBoosting,validation,case_165,400360,0.8538766116095214,1.108693975226926,0.8103742209959769,-0.2763868329991719,2.0806541340375917,-1.0086495064622192,3.916683115704931,3.640296282705759,8.25058135986328,8.044946914090135,0.02492363105144291,0.02492363105144291,13.54518896102898,12.765618535560955,0.05755330750356721,0.05755330750356721,26.689733505249023,23.415731158723204,0.12266897853745623,0.8773310214625437,0.7846438205614946,0.6555944055944056,0.9752747252747253,0.05116645019482466,341858.040223988,492123.4451208471,1568083.252203626,8736920.126982423
3,HistGradientBoosting,validation,case_181,400360,0.52688744969351,0.7042858613940344,0.9232731415054075,0.28063601772454383,1.1636757270243259,-0.2130665874117437,4.400496773867756,4.681132791592301,8.348705530166626,8.448888437570416,0.011999813269469833,0.0,12.506495037078853,12.51139521090159,0.00039181032001443236,0.0,29.049291610717773,27.599702744888422,0.04990100568560935,0.9500989943143906,0.8185133379958037,0.8176823176823177,1.0,0.05178089719252672,210944.65935929367,198585.99651065626,1761782.8883856947,10340940.005454497
3,HistGradientBoosting,validation,case_190,400360,0.4282074271655314,0.6115931801113593,0.9463363680374929,-0.14994855732266865,1.2711022111070738,-0.912938385360783,4.71106754251522,4.561118985192552,8.360267305374144,8.11241232261708,0.02964677727442249,0.02964677727442249,13.360542898178092,12.327250780811092,0.07733908159584635,0.07733908159584635,28.387516021728516,28.08633563744894,0.01060960684439754,0.9893903931556025,0.8423918473373964,0.8706293706293706,1.0,0.05217554201218903,171437.12553999215,149753.1438219554,1886123.0013213935,11676241.904284762
3,HistGradientBoosting,internal_test,case_16,400360,0.4699849501641505,0.6404842673602057,0.9569266359939492,-0.10646288252313175,1.020827198796729,-0.26213251207966193,5.625429952986378,5.518967070463246,9.801409292221068,9.967188191648802,0.016913781935349315,0.0,15.720469598770103,15.257923228370252,0.029423190413856236,0.029423190413856236,34.04954528808594,33.20613676840641,0.024770037677262016,0.975229962322738,0.8830052952342892,0.9070929070929071,1.0,0.052747527225497054,188163.17464771928,164235.71792920073,2252197.1359776263,16482507.138438577
3,HistGradientBoosting,internal_test,case_47,400360,0.5147538210732258,0.6807549675805452,0.941870074498834,-0.29222171250412826,0.9964014573950515,-0.3379106522828674,5.241447492183958,4.949225779679829,9.033231782913207,9.010796911681464,0.00248359300092132,0.00248359300092132,14.435490150451656,13.932305650935156,0.03485745854641151,0.03485745854641151,29.597883224487305,29.764957618863857,0.005644808890871158,1.0056448088908712,0.8634229193725647,0.8891108891108891,1.0,0.05223548806074533,206086.83980487665,185537.76419155445,2098465.917970769,14190776.00859728
3,HistGradientBoosting,internal_test,case_48,400360,0.6705489531010485,0.908291089226824,0.9258291170613279,-0.4619261921806686,2.0186725623797086,-1.5439707484129075,6.037508846064417,5.5755826538837505,10.65202441215515,9.791098583069097,0.08082274277400646,0.08082274277400646,16.89704576492309,15.318633694734933,0.0934134932311548,0.0934134932311548,36.57381820678711,31.022537440704834,0.15178291571023633,0.8482170842897636,0.8631231891297831,0.8846153846153846,1.0,0.053289539414526924,268460.97886353574,330294.07848053693,2417177.04161035,19046877.92117989
3,HistGradientBoosting,internal_test,case_52,400360,0.6512613985290933,0.804761258626268,0.929901402474545,-0.39417586326180837,1.1071915624744622,-0.5344048591749084,5.676126365691693,5.2819505024298845,9.567922735214232,9.453126024526174,0.011998080865092551,0.011998080865092551,15.024835319519037,14.375363498230806,0.04322655173760805,0.04322655173760805,33.935302734375,31.25263917848802,0.07905229480005659,0.9209477051999434,0.8673693675691877,0.8876123876123876,1.0,0.05237536217404336,260739.0135151078,259289.42400031287,2272493.951768326,16597887.395390868
3,HistGradientBoosting,internal_test,case_67,400360,0.803181666678272,0.9505388079662171,0.9005624336916002,-0.5995363331263299,1.2402341846684402,-0.7119072119391726,5.645845615440947,5.046309282314617,9.483993959426876,9.213496700442885,0.028521449944105277,0.028521449944105277,15.007321405410755,14.220954000110448,0.052398918105184954,0.052398918105184954,33.35513687133789,30.92562474146379,0.07283772029614378,0.9271622797038562,0.8570786292336897,0.8913586413586414,1.0,0.052470276750924166,321561.812071313,361734.8788290968,2260370.7505979375,16399513.343570031
3,HistGradientBoosting,internal_test,case_68,400360,0.7353715020334397,1.0274938013865045,0.872229790968067,-0.09278909829760448,2.3273322165408796,-1.3730393002601893,4.470923505812859,4.378134407515254,9.673214769363403,8.903947309340689,0.07952552262760729,0.07952552262760729,14.204864883422841,13.445510360493735,0.05345735627624853,0.05345735627624853,30.399791717529297,26.327792175824964,0.13394827107832827,0.8660517289216717,0.7791987211509641,0.6401098901098901,0.9375624375624375,0.05206314317114597,294413.3345541079,422677.47241935536,1789978.9347872362,11310965.499439059
3,HistGradientBoosting,internal_test,case_95,400360,0.8920560077092173,1.2592313867703344,0.8473730514480504,0.35079641070080464,3.1499632412403114,-1.8826572166199314,4.895934174812619,5.246730585513424,10.778055810928343,9.96389981920349,0.07553829800169938,0.07553829800169938,16.617831211090085,14.670432874512702,0.11718727382895584,0.11718727382895584,34.6576042175293,28.52605570125716,0.17691784111178957,0.8230821588882105,0.7871915276251373,0.6116383616383616,0.9025974025974026,0.05212808472374863,357143.54324646224,634836.3130977697,1960136.20622798,13756096.419497095
3,HistGradientBoosting,internal_test,case_116,400360,0.49146085020312535,0.6597271979306625,0.9525492383304776,-0.14188064234031797,1.0533557527459148,-0.15939380871938075,5.529623456611647,5.387742814271329,9.626658058166502,9.84196819394805,0.02236603133513152,0.0,15.341071567535392,15.145220583938517,0.012766447424137753,0.012766447424137753,35.28178024291992,33.32587342485452,0.0554367382994484,0.9445632617005516,0.8778099710260765,0.8928571428571429,1.0,0.05400389649315616,196761.26598732328,174252.67666702563,2213840.047089039,15913985.93365754
3,HistGradientBoosting,internal_test,case_133,400360,0.39678952358256403,0.541254727953476,0.954215080673587,0.12719275637388472,0.9150148575985634,-0.42294379154729755,4.494560615819249,4.621753372193134,8.05308094024658,8.153809910554733,0.012508128386583425,0.0,12.81892926216123,12.214295667275922,0.04716724638383483,0.04716724638383483,28.935829162597656,27.053266307004563,0.06505992432477059,0.9349400756752294,0.8593266060545509,0.8933566433566433,1.0,0.05327705065441103,158858.65366151533,117288.13661778803,1799442.2881493943,10649422.287634764
3,HistGradientBoosting,internal_test,case_139,400360,0.43422815035593243,0.6121569612913565,0.9454232061610662,-0.141070795492095,1.3047700770213715,-0.9593429490588485,4.656545949523149,4.515475154031053,8.312557744979857,8.008119447169072,0.03662390170999321,0.03662390170999321,13.217778148651119,12.117662627467976,0.08322998833925888,0.08322998833925888,29.612136840820312,28.491780115678313,0.0378343761939391,0.9621656238060609,0.839444499950045,0.8783716283716284,1.0,0.05288740133879508,173847.5822765011,150029.36311527964,1864294.736351088,11430133.00250851
3,HistGradientBoosting,internal_test,case_157,400360,0.7057819735136294,0.874628760868226,0.8573403069582637,0.6397939902885995,1.2656919020023785,0.8646352149870421,4.141123750788858,4.780917741077458,7.273385071754455,8.31822236428818,0.14365213476614325,0.0,11.7065015220642,12.779408665083935,0.09165053632782943,0.0,26.843324661254883,28.77667364953265,0.07202345509266685,1.0720234550926668,0.8507343390948147,0.8588911088911089,1.0,0.052362873413927466,282566.87091591663,306265.5789041171,1657940.3048658273,9012562.259375302
3,HistGradientBoosting,internal_test,case_182,400360,0.41778157896264845,0.5981401390746366,0.9434772647164942,0.1571952359584989,0.8832391524238853,-0.23872964411645392,4.5172521324672905,4.674447368425789,8.005867195129394,8.2776207261405,0.03394429664989134,0.0,12.821896562576253,12.450097725886925,0.02899717954163745,0.02899717954163745,27.602649688720703,27.692576656313094,0.003257910693593207,1.0032579106935933,0.8452392846438206,0.8883616383616384,1.0,0.051753421920271755,167263.03295348593,143237.44817424024,1808527.0637546044,10703729.078933505
3,HistGradientBoosting,internal_test,case_189,400360,0.4109326439372011,0.5780331590233257,0.9475265172460184,0.0027769148001980785,1.0721989482985192,-0.569512545213049,4.50395661685842,4.506733531658618,7.995612788200375,7.987795397848325,0.000977709971596692,0.000977709971596692,12.753865308761585,12.122126505711199,0.04953312488068986,0.04953312488068986,29.364471435546875,28.499846288271325,0.029444601077644007,0.970555398922356,0.833449895094415,0.8601398601398601,1.0,0.05218303526825857,164520.99332669782,133769.21721204912,1803204.071125437,10670825.610614894
3,HistGradientBoosting,internal_test,case_191,400360,0.38785133477889816,0.5605829711332694,0.9530722166217146,-0.03049878442690746,1.0887837038185504,-0.6990541316253468,4.650895452266001,4.620396667839092,8.205350446701049,8.170684712849289,0.004224771882314607,0.004224771882314607,13.111052494049055,12.15629993865081,0.07282043572257804,0.07282043572257804,29.264482498168945,27.846687433073594,0.04844763836791105,0.9515523616320889,0.8440903187131582,0.8966033966033966,1.0,0.052917374363073234,155280.16039207968,125814.43818615044,1862032.503269216,11341140.896453092
3,HistGradientBoosting,internal_test,case_192,400360,0.3730010034872988,0.5343504030987961,0.9569815818467489,-0.044588411606627645,1.0828286223176071,-0.699500441628656,4.594875131585384,4.550286719978758,8.175111389160156,8.045212520951155,0.015889553307033934,0.015889553307033934,12.946696014404287,12.175706509031828,0.059551062642906584,0.059551062642906584,29.42413902282715,28.68563875338684,0.02509844957119671,0.9749015504288033,0.8522829453491857,0.8781218781218781,1.0,0.052879908082725545,149334.68175617495,114314.93224392344,1839604.2076815246,11110100.202361241
3,ExtraTrees,train,case_01,400360,0.45337495840083086,0.6440642228846349,0.9605411574321078,-0.3942068814703911,1.799051481632382,-1.4355799432073746,5.896753568734742,5.502546687264351,10.326234483718872,9.623511810399506,0.06805217084962889,0.06805217084962889,16.558459148406914,14.717651516567761,0.11117022516048886,0.11117022516048886,37.16805648803711,31.07400109632971,0.16395948477071512,0.8360405152292849,0.9255170346687981,0.9078421578421578,1.0,0.05344689779198721,181513.19834535665,166076.8240203475,2360824.2587786415,18130060.897750977
3,ExtraTrees,train,case_06,400360,0.27830132807375235,0.437383719904772,0.981306973332455,0.004427122768947515,1.1459782184172063,-0.6731342020926203,5.917631487748422,5.92205861051737,10.134570455551147,9.91245243049684,0.02191686623804005,0.02191686623804005,15.962084121704066,15.025715013722685,0.0586620832744626,0.0586620832744626,32.9944953918457,30.514277983857223,0.07517064220965305,0.9248293577903469,0.8733140173843541,0.9118381618381618,1.0,0.05311969227695074,111420.7197076075,76590.677001732,2369182.942434958,18117237.60923312
3,ExtraTrees,train,case_10,400360,0.33354209615551855,0.5071392241748001,0.9743639509547498,-0.23582932711101204,1.3746972855313195,-1.027687718985118,5.735561601321801,5.499732274210792,10.146135330200195,9.711236608986972,0.0428634851655031,0.0428634851655031,16.147420253753637,14.804512298031772,0.08316547997254803,0.08316547997254803,36.003170013427734,31.164510144743726,0.1343953842642018,0.8656046157357982,0.9289639324607853,0.9210789210789211,1.0,0.053459386552103104,133536.9136168234,102968.66554801802,2296289.4427051963,17187067.072017305
3,ExtraTrees,train,case_11,400360,0.396972086119808,0.6325454059397,0.9651341441901917,-0.2822965924895236,1.9485530423497868,-1.505075867093581,6.201051010845691,5.918754418356167,10.622378873825072,10.075141966392216,0.051517359146482616,0.051517359146482616,17.002918834686216,15.053377492218432,0.11465921595124536,0.11465921595124536,35.55618667602539,30.779312094900682,0.13434721289574145,0.8656527871042585,0.8629733240083924,0.8863636363636364,1.0,0.053576780897192526,158931.74439892633,160189.51715877507,2482652.782702181,19989509.012440648
3,ExtraTrees,train,case_12,400360,0.4098067164556436,0.5949696374984195,0.9641208294022051,-0.3301100013014481,1.5987654405990692,-1.2449307063145438,5.6733454984825915,5.343235497181143,10.082114791870117,9.494905265356714,0.058242693981912355,0.058242693981912355,16.142577419280983,14.571772615703958,0.09730817841398902,0.09730817841398902,36.23194885253906,31.250412532234325,0.13749015656262834,0.8625098434373717,0.9219202717554201,0.9028471528471529,1.0,0.0529448496353282,164070.21700018147,141722.98381103648,2271380.6037724903,16836334.16889702
3,ExtraTrees,train,case_13,400360,0.2681702348940654,0.41652852419662917,0.9787952297186339,-0.03607019968723537,1.0737249047031772,-0.5046702398983947,5.239577948061452,5.203507748374218,9.118360137939451,9.077581812997694,0.004472111687285429,0.004472111687285429,14.603178558349592,13.78834754742276,0.05579819541828039,0.05579819541828039,30.08977508544922,30.018784231989883,0.0023593015653235972,0.9976406984346764,0.8982915376161454,0.9065934065934066,1.0,0.052735038465381155,107364.63524218801,69460.86315189775,2097717.427285883,14266872.702133816
3,ExtraTrees,train,case_14,400360,0.2928376855346363,0.41423963739803016,0.9796139998278817,0.027946214427592122,0.8343756935713663,-0.19641061286540762,5.300424085269767,5.328370299697358,9.186977624893188,9.412537732298713,0.02455215595544097,0.0,14.805124273300162,14.391137217005452,0.02796241683977634,0.02796241683977634,30.95267105102539,30.103420737082082,0.027437060683497123,0.9725629393165028,0.9149265660905185,0.9235764235764236,1.0,0.053117194524927566,117240.49578064698,68699.5648884496,2122077.7867786037,14617850.616076909
3,ExtraTrees,train,case_17,400360,0.30512137621999996,0.4654610736232481,0.9726998857815434,0.20760196927918664,0.8928847598416485,0.011402521687763966,5.224712665699665,5.432314634978851,8.882305335998534,9.123629242766597,0.027169062269230534,0.0,13.956213130950902,13.805403852066988,0.010805888206841864,0.010805888206841864,27.7415714263916,27.815558289946054,0.0026670033365184934,1.0026670033365186,0.8621240883205116,0.8931068931068931,1.0,0.053174642821460685,122158.39418343919,86739.59986738379,2091765.9628395182,14106137.547034325
3,ExtraTrees,train,case_18,400360,0.3691827621718926,0.5310516237229901,0.9708340396125211,-0.27255458827326073,1.3527948759287314,-0.934934601389124,5.653727981126508,5.381173392853248,9.915027427673339,9.506391069793889,0.04121384039129589,0.04121384039129589,15.819301843643087,14.634736777815437,0.07488099522569398,0.07488099522569398,36.45985412597656,30.89190886983398,0.1527144139662256,0.8472855860337745,0.9261664501948247,0.9155844155844156,1.0,0.0531846338295534,147806.01066313894,112907.85652127088,2263526.534523809,16668583.556267565
3,ExtraTrees,train,case_19,400360,0.4389268952615736,0.6290345736025972,0.9623634894011003,-0.3687796636690927,1.731161138563422,-1.3723830739879486,5.885521276208228,5.5167416125391355,10.343796873092652,9.69888460075845,0.06234773171269568,0.06234773171269568,16.581697864532423,14.800956173003723,0.107391999665947,0.107391999665947,35.93040466308594,30.468013290369054,0.1520269928473368,0.8479730071526632,0.9187231491657508,0.9040959040959041,1.0,0.053646717953841544,175728.7717869236,158416.24433308397,2356327.298142726,18077325.27607492
3,ExtraTrees,train,case_20,400360,0.3837406156462407,0.558999594543104,0.9692246265698891,-0.32295269865858495,1.5148247798955026,-1.1576071605246587,5.788521283110883,5.465568584452299,10.149102687835692,9.621262528721552,0.0520085543864669,0.0520085543864669,16.289631748199415,14.76750684783998,0.09344133273778174,0.09344133273778174,36.26679992675781,31.130883432024714,0.1416148241671523,0.8583851758328477,0.9248676191427715,0.9173326673326674,1.0,0.0535443101208912,153634.39288012893,125104.7116765536,2317492.380906273,17479945.55924125
3,ExtraTrees,train,case_21,400360,0.37913025083002094,0.5754210596502022,0.9439714691531099,0.2387818475992764,1.023662634954814,0.6107093087856447,4.529992944088067,4.768774791687343,8.021694707870484,8.84117480627305,0.1021579763685763,0.0,12.29129181861873,13.054950415075691,0.06213005172492764,0.0,23.24169158935547,25.92046525336659,0.11525725886656119,1.1152572588665612,0.8533819562393845,0.8996003996003996,1.0,0.04956289339594365,151788.5872223072,132562.95773810463,1813627.9750950986,10581712.180962272
3,ExtraTrees,train,case_27,400360,0.27087627424251526,0.4131628320807994,0.9743528024388117,0.018793778512313737,0.803154324610668,0.3866484911283996,4.916951870695414,4.935745649207727,8.11301689147949,8.648098620270037,0.0659534838824883,0.0,13.111589975357049,13.443302750470743,0.025299202898896374,0.0,27.218610763549805,26.251414518328865,0.03553437218464415,0.9644656278153558,0.9039864122289939,0.9015984015984015,1.0,0.05310470576481167,108448.0251557334,68342.86359450343,1968550.850951616,12344000.055735279
3,ExtraTrees,train,case_28,400360,0.31408522574813313,0.492803914944724,0.9736719037366948,-0.14914511950617285,1.3889062043968057,-0.8734655850795925,5.5266866433473245,5.377541523841151,9.724851751327513,9.435958425919297,0.02970670739209775,0.02970670739209775,15.672686471939013,14.61494929718712,0.06748920656619439,0.06748920656619439,36.075843811035156,29.730422673536683,0.17589113565120512,0.8241088643487949,0.9280647417324408,0.903096903096903,1.0,0.053494355080427616,125747.16098052259,97229.70748542924,2212664.264530535,15921703.859572133
3,ExtraTrees,train,case_29,400360,0.7023936876475964,1.2620127970403185,-0.26570963762923316,0.6933733891081647,2.5168042091585954,1.8263121211199558,2.033673969191559,2.727047358299722,3.50241869688034,5.496142450468756,0.569241979939251,0.0,5.4425946283340405,8.926891976654742,0.6401904948388988,0.0,12.888184547424316,25.623630625710533,0.9881489539061089,1.988148953906109,0.6348786092516735,0.36813186813186816,0.9987512487512488,0.0329628334498951,281210.3367865917,637643.8834253729,814201.7103055326,2159604.52317288
3,ExtraTrees,train,case_32,400360,0.38621067058090874,0.6248951145198265,0.9572003342076737,-0.11704774738130241,1.691899650817695,-0.9952956694602317,5.271242364639071,5.154194617257768,10.015990829467771,9.626170472625368,0.03891979969625404,0.03891979969625404,15.115796918868979,13.7409580854133,0.09095377774885778,0.09095377774885778,33.723785400390625,27.211011519002792,0.19312108068723494,0.8068789193127651,0.8488860025976621,0.8711288711288712,1.0,0.051985712858427416,154623.30407377263,156338.1394657931,2110394.5931068985,14777190.176314557
3,ExtraTrees,train,case_34,400360,0.2715267103683722,0.4123579792727736,0.9733130236292085,0.09406023747804448,0.7860379419039731,0.13805142085892064,4.684073457170518,4.778133694648563,8.226318550109863,8.523234102534321,0.03609336918037208,0.0,12.876111402511585,13.09740132636568,0.017186083355175977,0.0,30.05852508544922,27.05366769112222,0.09996689411023675,0.9000331058897633,0.8677690078928963,0.9270729270729271,1.0,0.05347936856828854,108708.4337630815,68076.85530507525,1875315.6493127886,11335055.49990527
3,ExtraTrees,train,case_35,400360,0.2871543943360553,0.4758120924458674,0.9457335313535028,0.20321238901093888,1.0137471561440266,0.6042851026827274,3.846318012911481,4.0495304019224205,6.875816249847412,7.564772763558077,0.10019996007397007,0.0,10.138929128646827,11.169233836922013,0.10161869120518183,0.0,21.769367218017578,23.99671555033594,0.10231571317676515,1.1023157131767651,0.8602257967828953,0.8866133866133866,1.0,0.05199820161854331,114965.1333163831,90640.36190012026,1539911.8796492405,7593273.8350793915
3,ExtraTrees,train,case_40,400360,0.3870443743483374,0.5209585468458688,0.9645359518088402,-0.27954803061991096,1.2164807803806228,-0.9117504999842763,5.041594912488031,4.7620468818681205,8.88729267120361,8.603454568285558,0.031937521742446656,0.031937521742446656,14.066408891677813,12.95767459770429,0.07882141792632585,0.07882141792632585,32.35271072387695,28.408914226554398,0.1219000327664029,0.8780999672335971,0.8819562393845539,0.9090909090909091,1.0,0.05301978219602358,154957.08571410037,108656.82622341515,2018452.9391637081,13240080.589726774
3,ExtraTrees,train,case_42,400360,0.34669980805359063,0.5635631658629803,0.9543751260513742,0.16213312697928162,1.2416002139858051,-0.24801119246970135,4.11715438872547,4.279287515704751,8.91228380203247,9.118687217223531,0.023159430262307292,0.0,13.76958976745605,13.638134635328344,0.009546771860872466,0.009546771860872466,24.76995849609375,22.71630794374244,0.08290892181652923,0.9170910781834708,0.8864022379858127,0.7514985014985015,1.0,0.04857877909881107,138804.73515233555,127155.71400609231,1648343.931070129,9573468.703283088
3,ExtraTrees,train,case_43,400360,0.3358647936597492,0.5542204984823342,0.9562778951532426,0.11369118305449263,1.132805624691702,-0.2107226003286549,4.204806520399298,4.318497703453792,9.005365419387815,9.1673707966196,0.017989872668909324,0.0,13.601225948333738,13.645920185014372,0.003286044717616753,0.0,24.57630157470703,23.025358932719907,0.06310724326329449,0.9368927567367055,0.8813567788989909,0.7697302697302697,1.0,0.04878109701268858,134466.8287896172,122974.72210514052,1683436.3385070632,9891168.235563483
3,ExtraTrees,train,case_44,400360,0.29886782954109015,0.43571032715589414,0.9773709660486224,-0.16336596217467897,0.9267143475359194,-0.4850223180866565,5.309876889919772,5.146510927745094,9.196964502334595,9.11776758474976,0.008611201833466978,0.008611201833466978,14.862060785293576,14.22286512375709,0.04300854846247077,0.04300854846247077,32.25737762451172,29.118543451784152,0.09730593135203994,0.9026940686479601,0.9171245878709162,0.9233266733266733,1.0,0.053684184234189226,119654.72423507084,76005.73933222704,2125862.31164828,14646837.997959476
3,ExtraTrees,train,case_45,400360,0.3986629512292918,0.6905622931597591,0.9536160377930235,0.027985254420817188,2.0060765978601034,-1.2470882995011505,5.207303312044021,5.235288566464838,10.862130212783812,10.464293648322545,0.0366260168740241,0.0366260168740241,15.904301156997667,14.411933438193616,0.09383422157769128,0.09383422157769128,36.334930419921875,27.238886603218972,0.25033882579600825,0.7496611742039918,0.9107802977320412,0.8216783216783217,0.9997502497502497,0.05253022279948047,159608.69915415926,190922.1877546903,2084795.9540099443,14972289.90461304
3,ExtraTrees,train,case_49,400360,0.4609367186517053,0.6376901269912204,0.9606808250567562,-0.3972273297522837,1.508542169113021,-1.1971904124245338,5.85295244275635,5.455725113004066,10.265372943878171,9.65936961556264,0.059033737169473716,0.059033737169473716,16.352748069763166,14.794344130647811,0.09529920796596267,0.09529920796596267,34.92753982543945,30.597118167914854,0.12398301395309094,0.876016986046909,0.9280147866919772,0.9230769230769231,1.0,0.05344190228794085,184540.62467939674,162805.87275613385,2343288.0399819324,17855776.270638056
3,ExtraTrees,train,case_51,400360,1.348704142621346,1.62029480790746,0.2682605564477758,1.3322988678011383,2.7733114198595015,2.3854822975651326,3.495074740730534,4.827373608531674,6.196873641014097,8.508819306722163,0.3730825896475314,0.0,9.536471252441398,12.797122633505994,0.34191382690215194,0.0,19.359146118164062,26.679706817954532,0.3781448135732507,1.3781448135732508,0.7446298331501648,0.8251748251748252,1.0,0.049283145169347585,539967.190539882,1051087.2337079805,1399288.1231988766,6327039.392613842
3,ExtraTrees,train,case_54,400360,0.30947096626576776,0.45999070325067837,0.9751710343706178,-0.16873991966141857,0.9772679388735388,-0.5036733164659329,5.355598113270859,5.18685819360944,9.406452131271362,9.164608830555816,0.025710363199696513,0.025710363199696513,14.854768409728997,14.3031249792444,0.037135781270295924,0.037135781270295924,33.38887405395508,28.337845837898193,0.1512787825038552,0.8487212174961448,0.8906484164252173,0.9230769230769231,1.0,0.053659206713957436,123899.79605416278,84712.7517517692,2144167.260629121,14895149.962829953
3,ExtraTrees,train,case_56,400360,0.456501114484839,0.6816443708338716,0.9363894750952337,0.19419676033308433,1.2806062938760296,0.22866218132067168,4.807046602232076,5.0012433625651616,9.012357282638549,9.378772199384233,0.04065694526464769,0.0,12.885962295532151,13.625433958997377,0.05738583169078627,0.0,27.991840362548828,27.156445667402217,0.02984422189919004,0.97015577810081,0.7821960235787792,0.9123376623376623,1.0,0.05322210010990109,182764.78619515014,186022.88937318613,1924549.177669634,12175801.835297506
3,ExtraTrees,train,case_57,400360,0.27097413216912697,0.45761886747181135,0.9759403272771114,-0.05577524949678184,1.242938950176159,-0.6885438956306015,5.400399450375989,5.344624200879207,9.728502988815302,9.33722888623598,0.04021935368978797,0.04021935368978797,14.611289510726927,13.936892713698851,0.046155871220877845,0.046155871220877845,32.06071853637695,27.99687233925888,0.12675468244752922,0.8732453175524708,0.8453391947247477,0.9048451548451548,1.0,0.05335448096712958,108487.20355523168,83841.40055650512,2162103.923952531,15160952.23359229
3,ExtraTrees,train,case_58,400360,0.5356123961235973,0.8300700921806115,0.8320691525924833,0.5094671271454343,1.799842144091905,1.3127224769629364,3.828242068613012,4.337709195758445,6.500666666030883,7.750647034981879,0.19228495063171688,0.0,10.108694267272929,11.961463016844286,0.1832846756054071,0.0,20.552814483642578,25.83225892902817,0.2568720916343286,1.2568720916343286,0.7873413927465281,0.7994505494505495,1.0,0.050042461784394046,214437.77891204343,275854.5890619473,1532674.9945899055,7510118.65249189
3,ExtraTrees,train,case_59,400360,0.26331129183960283,0.4358953836181741,0.977093888828862,-0.016685978678203678,1.2072561428652095,-0.6639846017137687,5.287436591513801,5.270750612835599,9.45020728111267,9.169794502754948,0.029672659023909326,0.029672659023909326,14.667274990081749,13.956676588111064,0.04844788159022064,0.04844788159022064,32.03961944580078,28.118477283113876,0.12238416780573913,0.8776158321942609,0.8619242681586572,0.9058441558441559,1.0,0.05340943151163952,105419.30880090338,76070.31590661954,2116878.1137784654,14513820.411748566
3,ExtraTrees,train,case_60,400360,0.38658683854048514,0.5773296845501349,0.9658156469241904,-0.25152742884399976,1.492112200756499,-1.0161009283812372,5.622468909648277,5.370941480804279,9.96433162689209,9.577016190277078,0.038870187295825365,0.038870187295825365,15.850470104217512,14.607942697907356,0.07839057126637165,0.07839057126637165,36.91607666015625,30.253255605305423,0.18048562191989517,0.8195143780801049,0.9197222499750225,0.906093906093906,1.0,0.05341692476770906,154773.90667806863,133443.8173083819,2251011.6526667844,16559895.004739292
3,ExtraTrees,train,case_61,400360,0.43929673899258453,0.5867803408672788,0.9636881362553597,-0.1576272785301998,1.00280780880056,-0.44213927998434843,5.705564880105384,5.547937601575185,9.68325624465942,9.6809607769129,0.00023705535498833857,0.00023705535498833857,15.157886562347406,14.61642889222645,0.03572118500120926,0.03572118500120926,33.85128402709961,30.28467703879654,0.105361054707639,0.894638945292361,0.8989909081826356,0.9135864135864136,1.0,0.05387401338795084,175876.84242307115,137848.41939196218,2284279.9553989917,16829343.90342225
3,ExtraTrees,train,case_62,400360,0.45990647673572843,0.7414316925732334,0.7032651213732894,0.43170092878337796,1.6023848553707833,1.3271437809256665,2.474723175269594,2.906424104052972,4.507473468780517,5.900997057868766,0.30915846731878,0.0,6.4952899599075264,8.41996150193773,0.29631803259135864,0.0,14.41285228729248,16.621547879580746,0.15324486425463663,1.1532448642546367,0.7827455290238785,0.750999000999001,0.9992507492507493,0.05013987411329803,184128.15702591624,220086.2814445146,990780.1704509346,3193599.9834185
3,ExtraTrees,train,case_64,400360,0.4576926862478734,0.6160397202709084,0.9187757680333013,0.3539821884445266,1.1589615647531142,0.9671569600254754,3.9771937318564388,4.331175920300964,6.892904663085936,7.966133775921947,0.1557005595309553,0.0,10.860165023803638,11.955345005160948,0.10084376977300634,0.0,23.340909957885742,25.50423729634542,0.09268393316126029,1.0926839331612603,0.8694175242281946,0.9038461538461539,1.0,0.050709361574582876,183241.8438661986,151938.59655788614,1592309.2824860439,8203529.247202241
3,ExtraTrees,train,case_66,400360,0.3587341114349991,0.5700757496748504,0.9571577733476538,0.14884584325434258,1.024413304891026,-0.07915033221921912,3.3097094398571456,3.4585552831114876,8.640856552124024,8.835720029853658,0.022551407554813958,0.0,14.484742507934437,14.46819363112202,0.0011425040385323766,0.0011425040385323766,22.389339447021484,20.90020051399513,0.06651107043823296,0.9334889295617671,0.9109801178938955,0.8966033966033966,1.0,0.046747926865820764,143622.78885411625,130111.53923666931,1325075.2713412067,7422607.059131721
3,ExtraTrees,train,case_69,400360,0.45961760284144676,0.6008736708655619,0.9604773845965809,-0.3534771809922726,1.108176833890277,-0.6988806806216785,5.590349281239787,5.236872100247513,9.673070669174193,9.486756853738504,0.019261082835818347,0.019261082835818347,15.407477064132683,14.367370351253474,0.06750662087957872,0.06750662087957872,32.95534896850586,30.69172418647635,0.06868762895494651,0.9313123710450535,0.9093815565990608,0.9080919080919081,1.0,0.052337895893695675,184012.50347360162,144549.64503638443,2238152.238237161,16169443.43154454
3,ExtraTrees,train,case_71,400360,0.3187867713661672,0.5011335089081334,0.9567917575521886,0.20749756735056604,1.0560658811826626,0.78070157465207,4.549803349447659,4.757300916798225,7.7705615758895865,8.459730273983936,0.08868969010331183,0.0,12.114842939376807,13.039057932562837,0.07628782294668134,0.0,25.56398582458496,26.92400720993598,0.05320067827776222,1.0532006782777623,0.8566290338695174,0.9140859140859141,1.0,0.05359676291337796,127629.4717841587,100544.32602598149,1821559.2689848647,10614707.437531048
3,ExtraTrees,train,case_72,400360,0.4759246823990643,0.8346705610207812,0.6903914740926111,0.4445983786566188,1.3006951756244753,0.8381730391234682,2.7397326694568966,3.1843310481135165,4.794327330589294,6.759349024576791,0.4098638992481906,0.0,7.4184241771698,8.865624500867687,0.19508190542024365,0.0,16.875072479248047,18.73719918856116,0.11034777548973759,1.1103477754897375,0.5121890298731142,0.6940559440559441,0.9877622377622378,0.051521130982116095,190541.2058452894,278920.78115425474,1096879.3715437632,3906038.355638345
3,ExtraTrees,train,case_73,400360,0.32890233676460595,0.5257172665581287,0.9623772033277455,0.09469934535541591,1.1486012585471714,-0.35975908593509076,3.1237290097219934,3.21842835507741,8.22641882896423,8.358739311486135,0.016084821995206545,0.0,14.632464952468844,14.088777567529897,0.03715624036722629,0.03715624036722629,22.04593849182129,18.869234938222682,0.14409472995568395,0.855905270044316,0.9173244080327705,0.906093906093906,1.0,0.04922319912079129,131679.33954707763,110650.95405490886,1250616.1463322972,6847647.309800914
3,ExtraTrees,train,case_75,400360,0.3708397960960921,0.509590693106654,0.9723442619422846,-0.2807564165839801,1.157586986707024,-0.8075227204906577,5.667589229630241,5.38683281304626,9.665987253189082,9.383501401583164,0.029224728339334156,0.029224728339334156,15.416833810806175,14.475252184606433,0.06107490278190299,0.06107490278190299,35.16933822631836,29.475169825150996,0.16190718075287047,0.8380928192471295,0.9297132580677391,0.929070929070929,1.0,0.05341192926366271,148469.42076503142,103966.55556318829,2269076.023974763,16619503.110003779
3,ExtraTrees,train,case_77,400360,0.793760594285306,0.9604485869483366,0.8247346517908425,0.7688780141470343,1.499602341255126,1.0848512179284782,4.216345334965462,4.985223349112497,7.30365433692932,8.576594247947888,0.17428808269063717,0.0,11.748572282791129,12.738525471952952,0.08426157369026621,0.0,23.54745101928711,27.94583450961297,0.18678809382481595,1.1867880938248159,0.8530322709561394,0.8576423576423576,1.0,0.05090418623239085,317789.9915280651,369316.6814041642,1688056.0183067725,9224613.080135196
3,ExtraTrees,train,case_79,400360,0.37469774303708914,0.522506335243477,0.9724981563416172,-0.28449281524408176,1.2832635561003403,-0.9107377851547185,5.793376880167527,5.508884064923445,10.056427860260005,9.686497289916637,0.036785484416909334,0.036785484416909334,15.850202865600538,14.768886151033298,0.06822100156926104,0.06822100156926104,36.246280670166016,30.85548713129568,0.14872680559766924,0.8512731944023307,0.926366270356679,0.9140859140859141,1.0,0.05327954840643421,150013.988402329,109303.43278116056,2319436.367743871,17411772.858387887
3,ExtraTrees,train,case_81,400360,0.30730355236267093,0.5287086089501551,0.973076788597173,-0.05570601587595564,1.6267599483660493,-1.078344972729901,5.84957593964784,5.793869923771885,10.314814281463619,9.849952621976396,0.04506738044936099,0.04506738044936099,16.286035861968987,14.948528484014396,0.08212602436163896,0.08212602436163896,35.2658805847168,30.275517583315743,0.1415068309272201,0.85849316907278,0.8658707163552802,0.8841158841158842,1.0,0.05376661005095414,123032.05022391892,111913.74907674734,2341936.2231974094,17856109.41474756
3,ExtraTrees,train,case_82,400360,0.33095725930015296,0.48726350509924055,0.9739549492902921,-0.23124302418554962,1.1920613960674478,-0.7643679753778498,5.501570875476665,5.270327851291115,9.606270885467529,9.373241022496034,0.024258098251635336,0.024258098251635336,15.515425043106074,14.48343217974154,0.06651399239771887,0.06651399239771887,34.473167419433594,30.078536996305235,0.12747974010218072,0.8725202598978193,0.9344589869117794,0.9195804195804196,1.0,0.05348186632031172,132502.04833340924,95055.76262106362,2202608.9157058373,15767476.08115845
3,ExtraTrees,train,case_83,400360,0.37038484393440174,0.552115017851853,0.9700216229199379,-0.27707196271963125,1.508563365933821,-1.1500809338730205,5.771707437600671,5.494635474881038,10.300168991088865,9.724439053535672,0.05589519337510703,0.05589519337510703,16.17190748214708,14.803543203304063,0.08461365985141941,0.08461365985141941,37.063751220703125,30.76271478653485,0.1700053617521756,0.8299946382478244,0.932710560495554,0.9140859140859141,1.0,0.05339944050354681,148287.27611757707,122042.13633247829,2310760.7897178046,17408040.681773167
3,ExtraTrees,train,case_84,400360,0.4090465300393326,0.5529822669505365,0.9697720785922714,-0.3283113073267617,1.3119407971074661,-0.9648565529016084,5.8500024248584594,5.521691117531698,10.052421236038205,9.672235389225282,0.03782032585840576,0.03782032585840576,16.077098846435536,14.794024099028842,0.07980760457233646,0.07980760457233646,35.38292694091797,30.993365304846687,0.12405874854279084,0.8759412514572091,0.926965730842242,0.9268231768231768,1.0,0.05378159656309322,163765.8687665472,122425.83920422403,2342106.970816333,17751422.6822564
3,ExtraTrees,train,case_85,400360,0.4991353890124152,0.6471853964654014,0.9568313350009817,-0.41204124346631693,1.2545956076737195,-0.9170732123597254,5.742957919701812,5.3309166762354945,9.90499882698059,9.568444300493818,0.03397825000948196,0.03397825000948196,15.767036905288688,14.605809605700255,0.07364905064685462,0.07364905064685462,34.80757522583008,30.593566138989605,0.12106586165511847,0.8789341383448815,0.9144270156858827,0.9195804195804196,1.0,0.052947347387351386,199833.84434501056,167690.36057669483,2299250.6327318177,17089038.579897046
3,ExtraTrees,train,case_86,400360,0.45171331422907934,0.641120565415191,0.9285290803817834,0.3824417485168658,1.2192513342858582,0.39772052681779196,4.475714650114444,4.858156398631309,7.60098669528961,8.314816247000651,0.0939127484795372,0.0,12.306284666061373,12.679648279678716,0.030339263534754402,0.0,24.116090774536133,27.91890286189766,0.15768774976485272,1.1576877497648528,0.8611749425517035,0.8484015984015985,1.0,0.049817664102307924,180847.9424847542,164562.2045679011,1791897.1173198188,10322525.946124662
3,ExtraTrees,train,case_87,400360,0.43757466560203595,0.722733190434488,0.948332284039164,0.11401381078561013,1.8471033647717454,-0.9152605112362902,5.09026258343684,5.20427639422245,10.772640562057495,10.620337604963172,0.014137941038407197,0.014137941038407197,15.996327209472646,14.88998558936249,0.06916222740523877,0.06916222740523877,34.780033111572266,26.10479657934082,0.24943152021741338,0.7505684797825866,0.8923968428414427,0.763986013986014,0.9997502497502497,0.05240533519832151,175187.3931204311,209125.3493974856,2037937.5279047734,14421142.352911664
3,ExtraTrees,train,case_89,400360,0.37066097512547524,0.5333907805646727,0.9665664791337363,-0.18009980674815643,1.1947560317426602,-0.6610622240904408,5.266890383352188,5.0867905766040336,9.501103210449216,9.35051964683984,0.01584906092207956,0.01584906092207956,14.831547985076902,13.893186293262822,0.06326795374011088,0.06326795374011088,30.670499801635742,28.11782085904769,0.08322912763397194,0.9167708723660281,0.882056149465481,0.8958541458541458,1.0,0.051670996103506846,148397.82800123526,113904.71197748122,2108652.233878882,14512941.660125623
3,ExtraTrees,train,case_91,400360,0.38733179075079643,0.6278959997792715,0.9658543065635667,-0.25280700268505435,1.909624675172986,-1.4859109210109385,6.227670659174811,5.974863656489758,10.791361618041991,10.074504607121167,0.06642878223284787,0.06642878223284787,16.847370262145986,15.079716555663838,0.10492163934058324,0.10492163934058324,35.742393493652344,30.5010642439777,0.14664180927350245,0.8533581907264975,0.846987711060046,0.8883616383616384,1.0,0.05344190228794085,155072.15574498885,157843.2858346783,2493310.2251072275,20150156.032166723
3,ExtraTrees,train,case_92,400360,0.31024626039681985,0.46878753283849267,0.9712229067122198,0.19804413165984583,0.9866400046316638,-0.07011696638274492,5.1309906232953235,5.329034754955169,8.626925182342527,8.93274077769543,0.035448968072522874,0.0,13.86244007110595,13.522254253819009,0.024540110943094735,0.024540110943094735,26.93845558166504,27.759884282887715,0.030492791197048418,1.0304927911970485,0.8710660405634929,0.8806193806193806,1.0,0.052829953042261964,124210.1928124708,87983.81460826047,2054243.4059425157,13597729.007015591
3,ExtraTrees,train,case_93,400360,0.2913276576339484,0.41298111407640203,0.9801370366166372,-0.10430421003761425,0.7689166724099105,-0.22215653869342886,5.478692639531607,5.374388429493993,9.250488615036007,9.325885183070364,0.008150549789532759,0.0,14.655003519058223,14.450989562463752,0.013921112767332966,0.013921112767332966,30.175100326538086,29.018173729724452,0.03834043911350816,0.9616595608864918,0.9156758916974723,0.9205794205794205,1.0,0.05296982715555999,116635.94101032759,68282.75945772465,2193449.385162874,15454927.461751582
3,ExtraTrees,train,case_94,400360,0.4058955850341482,0.6147563307427315,0.9356901412506219,0.3228882369887792,1.25754238205439,0.5017229056976747,4.538194797936468,4.861083034925248,7.718307733535765,8.473688299377496,0.09786867690693783,0.0,12.303719158172552,12.945990210603389,0.05220137457414403,0.0,24.009641647338867,28.186530303199728,0.1739671385859193,1.1739671385859194,0.8595264262164052,0.8538961038961039,1.0,0.0498201618543311,162504.35642427157,151306.19159993448,1816911.6693018444,10598267.30129735
3,ExtraTrees,train,case_96,400360,0.5429372275944571,0.762500915375204,0.9004090491596739,0.47568058128592533,1.535207741898884,1.1768561244463926,4.446458726790373,4.922139308076298,7.780730009078979,8.964429022526664,0.15213212797083064,0.0,12.240180082321166,13.564807600074943,0.10821961023816748,0.0,24.3714542388916,27.57489599171957,0.13144237194167768,1.1314423719416777,0.8526326306324308,0.8913586413586414,1.0,0.05113148166650015,217370.34843971682,232772.3651317509,1780184.2158577936,10252799.934972897
3,ExtraTrees,train,case_97,400360,0.4011646677934319,0.5313010064414754,0.9705779701047181,-0.324374055831036,1.2483026099054095,-0.887255366218438,5.692470121784694,5.368096065953656,9.87625789642334,9.524696495877077,0.03559662012001328,0.03559662012001328,15.68950984954829,14.53204910392221,0.07377290665708108,0.07377290665708108,35.222373962402344,30.480709510658265,0.1346208082625409,0.8653791917374591,0.9278649215705864,0.9178321678321678,1.0,0.05316714956539115,160610.2863977784,113013.9248516903,2279037.33795772,16814484.77921046
3,ExtraTrees,train,case_98,400360,0.4515025360584492,0.6433432009134347,0.9632464877349196,-0.3466019588492775,1.779055772691138,-1.3835337714259826,6.260926460286945,5.914324501437667,10.456711626052856,9.848621070097497,0.05815313434103927,0.05815313434103927,16.65958471298217,14.910644529820217,0.10498101923267457,0.10498101923267457,34.968265533447266,30.141356919337124,0.13803683255302404,0.861963167446976,0.8617744030372665,0.8948551448551448,1.0,0.05348186632031172,180763.55533636073,165705.19023531576,2506624.5176404812,20202345.646022253
3,ExtraTrees,train,case_99,400360,0.5476968593895184,0.8762161014901525,0.7817246951924953,0.5165430109302521,1.9201510510115545,1.030766024499143,3.476781438713956,3.9933244496442075,5.963100194931029,7.251074060197327,0.21599064633546625,0.0,9.452709732055656,10.987647060098764,0.1623806687766884,0.0,19.247943878173828,26.617019122061134,0.3828499963699216,1.3828499963699217,0.7472774502947347,0.6453546453546454,1.0,0.0480717354381057,219275.91462518758,307378.2542805843,1391964.2168035195,6247768.959238368
3,ExtraTrees,train,case_100,400360,0.3437083522229304,0.5123435941475345,0.9733374617096772,-0.24564649544550052,1.4197974146515926,-1.0534679949719565,5.697571016647155,5.451924521201656,10.016252183914181,9.5739590616097,0.04415754657363668,0.04415754657363668,16.072310028076142,14.703815493821061,0.08514610108095894,0.08514610108095894,36.00269317626953,31.09548299462067,0.1363011971805307,0.8636988028194693,0.9246677989809172,0.9180819180819181,1.0,0.05327455290238785,137607.0758959724,105092.88193065247,2281079.532224855,16938205.916138913
3,ExtraTrees,train,case_101,400360,0.47069084755801094,0.6337571131206468,0.961665630128321,-0.4143901119560743,1.5731092637767665,-1.2815910451919887,5.892952550035133,5.47856243807906,10.397786188125611,9.67770596259903,0.06925322491713874,0.06925322491713874,16.382473373413045,14.828170512607436,0.09487595831091492,0.09487595831091492,37.050594329833984,30.980117765468226,0.16384289305388205,0.8361571069461179,0.9331102008192627,0.9225774225774226,1.0,0.053406933759616346,188445.78772832526,160803.82468064167,2359302.482932066,18098026.538970944
3,ExtraTrees,train,case_102,400360,0.3442088574346028,0.5930094016129919,0.9487545072894686,0.09006190117270499,1.627104440191244,-0.6459933132445266,3.561208677776423,3.651270578949129,8.40616006851196,8.361276576015218,0.005339357344011138,0.005339357344011138,14.098538675308209,13.328890652823478,0.054590623908609116,0.054590623908609116,24.8814754486084,19.738649201128254,0.20669297759702504,0.7933070224029749,0.896193425916675,0.7252747252747253,0.9997502497502497,0.049520431611549606,137807.45816251758,140790.65781470397,1425765.5062345688,7824824.903724942
3,ExtraTrees,train,case_104,400360,0.36152740063507605,0.4878470861090571,0.9734683340692664,-0.25735754158021434,0.8461178420895227,-0.4769962718576437,5.5717848155386465,5.31442727395843,9.49413046836853,9.407313403685226,0.009144288144401559,0.009144288144401559,15.03142244338985,14.440231247799673,0.03933035598039204,0.03933035598039204,32.318115234375,29.156504692758176,0.09782781324617572,0.9021721867538243,0.933310020981117,0.9305694305694305,1.0,0.05299730242781497,144741.11011825904,95283.58989063214,2230719.7687490527,16020406.29126272
3,ExtraTrees,train,case_105,400360,0.3896474510418496,0.554926210484186,0.9359677634169987,0.26466313269751857,0.9968281995680238,0.7879540552722939,4.1177261345419325,4.38238926723945,6.899764347076416,7.8408824291886,0.13639858330972662,0.0,10.9968593406677,11.901632782506905,0.0822756219581025,0.0,24.234914779663086,24.990730335702814,0.031187052354480594,1.0311870523544806,0.8773603756619043,0.8956043956043956,1.0,0.05032970326705965,155999.25349911492,123288.0991486053,1648572.835225208,8713778.17665891
3,ExtraTrees,train,case_106,400360,0.40375116133127936,0.6518859314088871,0.8147993404782098,0.373899577629326,1.5188819807212182,1.304544973124057,2.8088639096034482,3.182763487232775,5.13510546684265,6.435062224330289,0.2531509364085028,0.0,7.404705095291117,9.069803680587524,0.22487034444562762,0.0,16.977144241333008,18.807443436205237,0.10780960383290691,1.1078096038329068,0.8557797981816365,0.8146853146853147,1.0,0.05160605455090419,161645.814950591,170135.09092385764,1124556.7548488365,4077379.610060282
3,ExtraTrees,train,case_107,400360,0.4762172082312524,0.5969451931183616,0.9629048136625166,-0.2937779023426065,1.0246947533577473,-0.6046251695130661,5.773947810975519,5.480169908632913,9.823783111572263,9.609964376459365,0.021765416915711756,0.021765416915711756,15.309831600189176,14.681065194877698,0.04106945273674389,0.04106945273674389,35.135074615478516,30.396827914775688,0.1348580230029005,0.8651419769970995,0.9038365471076032,0.9148351648351648,1.0,0.053696672994305125,190658.3214874642,142665.7091177386,2311657.745602159,17193327.08709395
3,ExtraTrees,train,case_109,400360,0.3508810920208285,0.48857406341197557,0.9707703010286399,-0.20565120524389827,1.0153551254416988,-0.535155443973573,5.195676734823355,4.990025529579458,9.180979347229002,9.08463540413476,0.010493863394140011,0.010493863394140011,14.838084297180142,14.046613659983285,0.05334048663864715,0.05334048663864715,33.0452880859375,29.639574042147967,0.10306201703954408,0.8969379829604559,0.9108802078129683,0.9070929070929071,1.0,0.05320961134978519,140478.7540014589,95567.77983711365,2080141.1375538784,14077284.672122162
3,ExtraTrees,train,case_110,400360,0.4102073448134301,0.573396083930944,0.928294826866436,0.3495782416647123,1.0397343319790284,0.8309159454701713,3.929007749751944,4.278585991416657,6.862423944473265,7.890948274224238,0.14987770182565122,0.0,10.958230762481676,11.841248987528633,0.08058036412868737,0.0,24.01297378540039,25.35676206981169,0.05596092747281087,1.0559609274728108,0.8653711659506444,0.9215784215784216,1.0,0.05049455490058947,164230.61256950485,131631.5895318011,1573017.5426906883,8016131.630889808
3,ExtraTrees,train,case_111,400360,0.27260253257725675,0.4650281850458032,0.955231312461692,0.14035234852910647,1.1854452685046908,-0.08135945923226781,1.8535673291566421,1.9939196776857484,5.327201390266418,5.837850064481557,0.09585683679017089,0.0,13.019953222274761,12.448162733959366,0.043916477928443415,0.043916477928443415,22.531204223632812,18.366783105973713,0.18482905202603725,0.8151709479739627,0.9081326805874713,0.932067932067932,1.0,0.04785443101208912,109139.14994263052,86578.33559143683,742094.2159011533,3309425.40804822
3,ExtraTrees,train,case_114,400360,0.5517124913667129,0.7398627593841284,0.871814922981352,0.391988231428205,1.3175049672899295,1.1655318733212103,3.8466171109917005,4.2386053424199055,6.512721204757687,7.903708150595014,0.21357999246477488,0.0,10.346745529174791,11.707749977267254,0.13153937576359911,0.0,23.000751495361328,25.317981894435928,0.10074585604483081,1.1007458560448309,0.8214107303426916,0.8956043956043956,1.0,0.04885353182136078,220883.61304357718,219155.8239743791,1540031.6265566372,7633594.826299871
3,ExtraTrees,train,case_115,400360,0.5087887840187426,0.6743840419625785,0.9568456128886023,-0.4577720603262478,1.6070978234986855,-1.2854233859222217,5.918926264383106,5.461154204056857,10.394952774047848,9.693382538269383,0.0674914307961084,0.0674914307961084,16.448994159698447,14.823867749672637,0.09879792005808599,0.09879792005808599,35.972679138183594,30.41364401661546,0.15453492079958633,0.8454650792004137,0.9264661804376062,0.9168331668331668,1.0,0.05368168648216605,203698.6775697438,182081.2602024933,2369701.3192084203,18245386.326437797
3,ExtraTrees,train,case_118,400360,0.37191353972355423,0.5911446289717623,0.9602460240211665,0.018743392582291688,1.4563081627345942,-0.7162672575773201,4.115224517896751,4.1339679104790426,9.728425073623656,9.373535599796945,0.03647964301939384,0.03647964301939384,15.380120143890334,14.93882775181327,0.02869238913275757,0.02869238913275757,27.368141174316406,21.789151156606696,0.20384979681942395,0.796150203180576,0.9040363672694575,0.8129370629370629,1.0,0.04888350484563893,148899.30476372218,139906.5916549154,1647571.287985143,10299436.424713062
3,ExtraTrees,train,case_119,400360,0.2697464036903283,0.4174076734073292,0.9725803872589126,-0.030888767371919326,0.7709990106860843,-0.37709965737423345,4.592839510915934,4.561950743544015,8.03566355705261,8.229498371087102,0.02412181802514247,0.0,12.864710826873766,12.387069486374797,0.037128027744020464,0.037128027744020464,27.997272491455078,26.801161280171733,0.04272241918023995,0.95727758081976,0.8523329003896493,0.9120879120879121,1.0,0.05203317014686782,107995.67018145983,69754.3888274228,1838789.2265903032,10989223.476553407
3,ExtraTrees,train,case_120,400360,0.4317272471835474,0.5912215080584735,0.9661965077505377,-0.3675899975618004,1.415684101530288,-1.1065382728041362,5.849380987685487,5.481790990123686,10.294800615310661,9.727181475672788,0.05513648693629843,0.05513648693629843,16.261321811676016,14.861004143537595,0.08611339744429379,0.08611339744429379,36.66416549682617,30.98389861197222,0.15492693773012955,0.8450730622698704,0.934508941952243,0.9295704295704296,1.0,0.05356928764112299,172846.32068240503,139942.98407014698,2341858.1722297617,17838317.90270544
3,ExtraTrees,train,case_121,400360,0.23644672946864123,0.365380299196101,0.9791129464089932,0.047340348851629056,0.8936715546131782,-0.5249404675621812,4.536640064733341,4.58398041358497,7.992828512191771,7.935156904397887,0.007215419135530677,0.007215419135530677,12.891168012618962,12.199444657204117,0.053658702976931844,0.053658702976931844,27.960119247436523,26.133281860703825,0.06533725305553513,0.9346627469444648,0.9111799380557498,0.9098401598401599,1.0,0.05128384453991408,94663.8126100652,53449.16621094754,1816289.2163166404,10798811.938567609
3,ExtraTrees,train,case_122,400360,0.3685128507725397,0.5767234241022182,0.8991874602672733,0.302286131466043,1.0740019654485127,0.45235103504551183,3.1949199588273136,3.4972060902933557,5.731524729728698,6.668496345217063,0.16347685121699135,0.0,9.12270348548888,9.698472015634646,0.06311380514138352,0.0,22.65458106994629,26.01162912401099,0.14818407119071308,1.148184071190713,0.7458287541212908,0.8011988011988012,1.0,0.050779298631231894,147537.804935294,133163.70273012176,1279118.1547161033,5407584.278401689
3,ExtraTrees,train,case_125,400360,0.28638542698546554,0.389217372336898,0.9743938695434132,0.20731025177436244,0.6584014888858007,-0.10592930182346323,4.388985807024614,4.596296058798978,7.719360971450801,7.938369428997718,0.02837131964121069,0.0,12.352934799194323,12.235944056311439,0.009470684075051857,0.009470684075051857,25.916418075561523,26.16410897581696,0.009557296827565875,1.009557296827566,0.9125287241482666,0.9098401598401599,1.0,0.04905834748726146,114657.26954790099,60650.60163019019,1757174.3577003744,10080810.232415516
3,ExtraTrees,train,case_127,400360,0.2801203377160332,0.41481589493176474,0.9719426350005522,0.16173471277276014,0.81955469542992,-0.37864377347505696,4.408906901601324,4.570641614374084,7.859949254989618,7.961500579738393,0.012920099284904263,0.0,12.608463897705061,12.141154950815926,0.03706311495837274,0.03706311495837274,28.440195083618164,26.1679132802653,0.07989684306566947,0.9201031569343305,0.8978419422519732,0.906093906093906,1.0,0.050994105305225294,112148.97840799105,68890.83667682404,1765149.9671251061,10237738.484780371
3,ExtraTrees,train,case_128,400360,0.3798357018517699,0.6107437765483015,0.8816200732328134,0.3417038196421517,1.23902241778677,0.7033022119938966,3.1501356945595393,3.4918395142016907,5.586181855201721,6.734550724089102,0.20557312644915904,0.0,8.927573862075796,9.740534718903895,0.0910617900661169,0.0,21.58715057373047,25.8336264715589,0.19671312725246815,1.196713127252468,0.7362873413927465,0.7827172827172827,1.0,0.050771805375162356,152071.0215933746,149337.46710280594,1261188.3266738572,5234424.413455113
3,ExtraTrees,train,case_129,400360,0.4053571938083536,0.5442014036226087,0.9538103102712823,0.31536424030193333,0.9086780780167699,0.028964853984050087,4.307862306820347,4.6232265471222815,8.360485506057739,8.691015068882312,0.03953473307083446,0.0,12.449416322708034,12.563991643558795,0.009203268481091218,0.0,27.233789443969727,26.02969898957283,0.04421310728256052,0.9557868927174394,0.8485862723548806,0.8756243756243757,1.0,0.04922319912079129,162288.80611311246,118568.6829423007,1724695.7531585942,9996746.400499811
3,ExtraTrees,train,case_130,400360,0.30334326635364117,0.46196688464814994,0.9642673549449762,0.08832673778572797,0.9776715135901592,-0.4466046771227508,4.393115192012862,4.481441929798589,7.741332387924194,7.889231480595767,0.019105121090302626,0.0,12.371518497466973,11.859618343841092,0.04137730980483039,0.04137730980483039,25.519859313964844,26.175527143695344,0.02569245471395328,1.0256924547139532,0.8489859126785892,0.8536463536463537,1.0,0.04740483564791687,121446.51011734377,85442.18982951097,1758827.5982742696,10117884.357995834
3,ExtraTrees,train,case_136,400360,0.5042896234630047,0.6729353909120916,0.8731103629224921,0.4628394202626548,1.1484187720215862,0.466637071763289,3.3661358935285524,3.828975313791208,5.935817217826843,6.960752434063005,0.17266960531702502,0.0,9.499952650070178,10.03644979942548,0.05647366561888484,0.0,21.323503494262695,25.883797587783327,0.21386232777121383,1.2138623277712137,0.7670096912778499,0.7744755244755245,1.0,0.048571285842741535,201897.39364964853,181299.83927132696,1347666.1663330912,5965226.870345799
3,ExtraTrees,train,case_137,400360,0.3758129197873256,0.592491445474294,0.8822591318964648,0.34141788878672413,1.2511284279678871,0.6708496617074767,3.0236621260769616,3.3650800148636866,5.4260913848876955,6.505672238851643,0.19896105269636769,0.0,8.722746763229296,9.591668078310857,0.09961556132117642,0.0,21.634017944335938,26.230450542363705,0.212463196150356,1.212463196150356,0.738035767808972,0.7807192807192808,1.0,0.050771805375162356,150460.4605660537,140544.82178475297,1210553.3687961723,4853983.543434064
3,ExtraTrees,train,case_141,400360,0.25815098698187583,0.3781192061544001,0.9708685142560265,0.19728756118320412,0.6507192368515039,0.26102918679832793,4.012784792653495,4.210072353836699,7.26107919216156,7.647794282964289,0.05325862458850375,0.0,11.077090291976921,11.476737205322154,0.03607869059573299,0.0,25.202781677246094,24.817880852844315,0.015272156436179426,0.9847278435638206,0.8905984613847537,0.919080919080919,1.0,0.05106654011389749,103353.32914806381,57241.1243133961,1606558.519586753,8411696.52556561
3,ExtraTrees,train,case_142,400360,0.25110986303334054,0.36014800713347733,0.9777544971565096,0.13600340627968846,0.6754154602407288,-0.17274239131314173,4.321270355732036,4.4572737620117255,7.779161429405209,7.88568954957209,0.013694036450279183,0.0,12.231397266387924,12.032098214624902,0.016294054344118084,0.016294054344118084,27.647048950195312,25.074371182565145,0.09305433546505126,0.9069456645349487,0.9222699570386652,0.9168331668331668,1.0,0.05038465381156959,100534.34476402822,51929.329188221294,1730063.799620878,9810447.668562127
3,ExtraTrees,train,case_143,400360,0.681417712491989,0.8161038435758324,0.8940017592824474,0.6494721894955907,0.7794522789026775,0.3402910122605376,4.474318076376679,5.12379026587227,7.921590662002563,8.571262856308445,0.08201284590759786,0.0,12.536460180282564,12.847331339122382,0.024797363399977828,0.0,29.560705184936523,28.548085977689244,0.03425558358341491,0.965744416416585,0.9034868618243581,0.9045954045954046,1.0,0.050796782895394146,272812.39537329273,266649.96257375844,1791337.9850581675,10530623.36365127
3,ExtraTrees,train,case_144,400360,0.3252811573754347,0.4607972615955051,0.9771339124715963,0.0822376042224765,0.8772550450217026,-0.3167494981906598,5.492587406903478,5.574825011125957,9.57113671302795,9.630352691507248,0.006186932676313624,0.0,15.136413698196405,14.68382347466958,0.029900756714964345,0.029900756714964345,31.827865600585938,30.60996809008792,0.0382651330058273,0.9617348669941727,0.9175741832350884,0.9118381618381618,1.0,0.05195074433010291,130229.56416682905,85010.08679943236,2199012.2942278767,15796003.67292771
3,ExtraTrees,train,case_145,400360,0.5505414723585619,0.7377714607719055,0.8997481828853657,0.48235612977243236,1.3825401615865702,1.051876213303158,4.284758478472041,4.767114608244472,7.399078512191771,8.346275862653142,0.12801558314331093,0.0,11.438420429229723,12.866375070086056,0.12483844685471955,0.0,25.100421905517578,27.41862169639177,0.09235700497785679,1.0923570049778568,0.8386951743430913,0.8818681318681318,1.0,0.048653711659506445,220414.78387347382,217918.64175400313,1715445.904441066,9523984.02051085
3,ExtraTrees,train,case_146,400360,0.3145007777880069,0.42941546911194317,0.968242989886146,0.21288519451651047,0.7275319364813192,-0.015941272771879022,4.320783606981047,4.5336688014975595,7.589036440849302,7.918767141669911,0.0434482958924504,0.0,12.167704410552965,12.202402719674918,0.0028516725876295847,0.0,28.361948013305664,26.68102015372595,0.05926701010773758,0.9407329898922624,0.8926466180437607,0.8983516483516484,1.0,0.05341192926366271,125913.53139520645,73825.44119729263,1729868.9248909322,9799086.767015075
3,ExtraTrees,train,case_147,400360,0.36492657346281293,0.5021333992065007,0.9638987585781372,-0.23050906002042942,1.1401901967150356,-0.826812110134469,4.797992291013543,4.567483230993114,8.369614458084104,8.064616886503114,0.036441053899011734,0.036441053899011734,13.121011762619016,12.244276633938453,0.066819171001609,0.066819171001609,29.499116897583008,26.54168392714956,0.10025496629954246,0.8997450337004576,0.8658707163552802,0.8853646353646354,1.0,0.049540413627735036,146102.00295157178,100945.94990168551,1920924.1936301822,12012770.016969586
3,ExtraTrees,train,case_151,400360,0.48308938370499344,0.6156755272991141,0.9144984509929779,0.44734579115190654,0.9998803821475534,0.6495477400424982,3.846295328628278,4.293641119780185,6.654342794418334,7.5818943717278335,0.13939041103916824,0.0,10.317672529220548,11.202702528059806,0.08577806635486596,0.0,23.825817108154297,24.834858696850265,0.04235076531123995,1.04235076531124,0.8266060545509042,0.8538961038961039,1.0,0.05,193409.66566013117,151759.0022537863,1539902.7977696173,7697847.87186607
3,ExtraTrees,train,case_153,400360,0.22311923315526586,0.3499135679922518,0.9803182296357478,-0.051275601855496664,0.8616922738561108,-0.4870755580198413,4.478284567221076,4.42700896536558,8.088743019104003,7.937007105622628,0.018758899018426527,0.018758899018426527,12.596611623764018,12.045994740293157,0.04371150750032649,0.04371150750032649,28.401994705200195,25.54160748456521,0.10071078634879371,0.8992892136512063,0.9185233290038964,0.8903596403596403,1.0,0.050357178539314616,89328.01618604224,49019.88024785072,1792926.0093326299,10519856.4009851
3,ExtraTrees,train,case_154,400360,0.47663168123216665,0.6253380418455,0.9119250203923496,0.44094244177144215,1.0749690518136439,0.6672744304872051,3.5978396622740405,4.038782104045481,6.938599348068237,7.877662837158078,0.13533905648425767,0.0,10.474741182327266,11.326254597440933,0.08129207207050804,0.0,24.134431838989258,25.376459896342975,0.05146290849686451,1.0514629084968645,0.8646717953841543,0.8643856143856143,1.0,0.04886602058147667,190824.25989811023,156559.84379163422,1440431.0871880348,6960014.663848389
3,ExtraTrees,train,case_155,400360,0.3952047044849461,0.5466948690122558,0.9482135672619976,0.2352776216324532,0.9190643759934178,0.07553654694358211,4.394123516012045,4.629401137644499,7.589083981513977,7.9598658858239215,0.04885726725558985,0.0,11.835097093582132,12.218027647981387,0.032355505947383296,0.0,28.122840881347656,26.340234948884635,0.06338641035533953,0.9366135896446605,0.8238585273254071,0.8658841158841158,1.0,0.05010240783295034,158224.15548759303,119657.70702246058,1759231.2908705822,10040879.112956177
3,ExtraTrees,train,case_158,400360,0.2802545471374348,0.4148197313910058,0.9797266895486336,0.1178236052299701,0.8364360185164043,-0.055387153726439445,5.309165940253087,5.426989545483057,9.031450700759887,9.331425060970297,0.0332144159503822,0.0,14.374462537765476,14.314137462136973,0.004196683908703608,0.004196683908703608,33.08441925048828,29.05304186707661,0.12185123616314263,0.8781487638368574,0.9160255769807174,0.9095904095904096,1.0,0.05297482265960635,112202.7104919434,68892.11096796095,2125577.675839726,14683212.409436893
3,ExtraTrees,train,case_159,400360,0.26277993948908657,0.3831709737696119,0.9749665804303723,0.09248351339154008,0.8019672700937904,-0.33709132666618774,4.308228827876949,4.400712341268489,7.735206508636474,7.872000437404572,0.01768458652207481,0.0,12.345149745941162,11.946954233694779,0.032255219291876316,0.032255219291876316,27.970979690551758,25.65335054104015,0.08285834729966475,0.9171416527003352,0.8854031371765411,0.8896103896103896,1.0,0.049408032770506545,105206.57657385069,58780.853254071284,1724842.4935288155,9779111.391040415
3,ExtraTrees,train,case_163,400360,0.3328903294186009,0.5313742294271039,0.9625434620576435,0.12565230934958632,1.2989190369223027,-0.4186836479611216,4.8691821289669655,4.994834438316554,9.154281949996946,8.933949139215777,0.024068825057463168,0.024068825057463168,13.400103712081906,13.532167968645762,0.009855465256196735,0.0,30.699800491333008,26.77676315127638,0.1277870630189977,0.8722129369810023,0.748925966630033,0.9090909090909091,1.0,0.05317714057348386,133275.97228603106,113045.07776551112,1949425.7571532144,12510142.33051967
3,ExtraTrees,train,case_164,400360,0.3572892289336127,0.49353617732993527,0.9579120490839967,0.17068827496555813,0.7984389249983737,0.12653566703182903,4.41744805846477,4.588136333430329,7.523049545288086,7.9195608252298415,0.05270619016328324,0.0,11.752422008514381,12.13587413681759,0.032627498231888305,0.0,27.64034652709961,26.183007898507107,0.052725049129310815,0.9472749508706891,0.8307523229093815,0.8876123876123876,1.0,0.05292486761914277,143044.31569586118,97518.87139837816,1768569.5046869554,10129589.802121753
3,ExtraTrees,train,case_166,400360,0.36487611302994766,0.4775952966114754,0.9660517454740177,-0.20721239293797356,0.9715963861578853,-0.6304620171243261,4.752669265709314,4.545456872771341,8.191421604156492,8.002199280784943,0.0231000591247231,0.0231000591247231,12.85470631599426,12.175875717733517,0.05280794298786272,0.05280794298786272,28.598407745361328,25.691270266453397,0.10165382299577393,0.898346177004226,0.8743131181936258,0.8881118881118881,1.0,0.04961284843640723,146081.80061266985,91321.02195440559,1902778.6672193808,11733284.091455607
3,ExtraTrees,train,case_169,400360,0.4413891927576846,0.5602435054752823,0.9509365652527162,0.27649067833307545,0.8366561608425158,-0.29055671567176455,4.506858299532411,4.7833489778654865,8.090929222106933,8.21882927952862,0.01580783293372838,0.0,12.841711378097514,12.502661579184092,0.02640222856057147,0.02640222856057147,28.405933380126953,26.054600510360633,0.08277611716893395,0.917223882831066,0.8654710760315716,0.8958541458541458,1.0,0.050646917774003396,176714.57721246663,125662.10837364689,1804365.7888007958,10693238.037052538
3,ExtraTrees,train,case_170,400360,0.3237431906558536,0.49671031951617656,0.939824565373593,0.2591772533981504,0.9457796442032278,0.4968573420787373,3.5917996307210354,3.8509768841191856,6.727396512031555,7.400644017648185,0.10007549048321539,0.0,9.981185073852506,10.89659012253459,0.09171306231763507,0.0,23.188430786132812,23.36264735861252,0.007513081591700154,1.0075130815917002,0.8464881606554101,0.9113386613386614,1.0,0.052942351883305025,129613.82381097756,98777.27621648986,1438012.9001554737,6806542.575703929
3,ExtraTrees,train,case_171,400360,0.293088795486691,0.42457590400889983,0.9791093640421266,0.11667816912517194,0.8261736832274378,-0.09877643465434849,5.335408860563249,5.452087029688423,9.183458948135376,9.439245192566563,0.02785293056524439,0.0,14.578658542633027,14.40339752324699,0.012021752129903652,0.012021752129903652,33.82589340209961,30.808439549726916,0.0892054443766856,0.9107945556233144,0.9172244979518434,0.9055944055944056,1.0,0.052847437306424216,117341.0301610516,72170.7745973652,2136084.2914151023,14851578.007787077
3,ExtraTrees,train,case_173,400360,0.5090378253628618,0.8102506733427516,0.9478458536110664,0.027319540605964338,2.315730880723821,-1.514610377246067,2.5970050088225753,2.6243245494285397,9.599425172805786,9.215976517700165,0.039944960057805616,0.039944960057805616,17.56222873687742,15.269038718209789,0.13057511395762414,0.13057511395762414,26.76559829711914,21.433766131562507,0.19920466960495758,0.8007953303950425,0.878709161754421,0.8761238761238761,1.0,0.15591967229493456,203798.38376227533,262838.8036762678,1039736.9253322062,7739855.067462722
3,ExtraTrees,train,case_175,400360,0.3099103656261588,0.4542402563467974,0.9656773131328362,0.16308343584825313,0.8449281523035244,-0.3073145228313068,4.382044370932325,4.545127806780579,7.760565519332886,7.9365344435283145,0.02267475530707914,0.0,12.505675315856932,12.099700209406203,0.03246326937146377,0.03246326937146377,28.643783569335938,26.22917487644828,0.08429782633438732,0.9157021736656127,0.8861025077430312,0.8966033966033966,1.0,0.052917374363073234,124075.71398208894,82607.96451017664,1754395.284346466,10094641.527618555
3,ExtraTrees,train,case_176,400360,0.27845120756057856,0.428077163741274,0.9675427856358524,0.10668837505082693,0.8301470826153763,-0.03700073184688226,4.060998864911518,4.167687239962345,7.827819538116455,8.109768271582935,0.03601880857032665,0.0,11.872080402374266,11.869895128055093,0.0001840683557648047,0.0001840683557648047,27.17892074584961,24.409678135422357,0.1018893515427809,0.8981106484572191,0.8740633429913078,0.9090909090909091,1.0,0.049263163153162155,111480.72545895322,73365.99326763145,1625861.5055559753,8863012.667989213
3,ExtraTrees,train,case_179,400360,0.40669558215354656,0.555369688102017,0.9592851660701505,-0.2894239103996796,1.419012398862489,-1.1732413725830475,4.922423795128108,4.632999884728426,8.778277397155762,8.170299259822816,0.0692593899493238,0.0692593899493238,13.768545122146582,12.499814853751996,0.09214701024248705,0.09214701024248705,31.174861907958984,27.03213312784094,0.1328868365912601,0.8671131634087399,0.8882505744829653,0.8926073926073926,1.0,0.04973274053351983,162824.6432709939,123485.23296157918,1970741.590617489,12733755.095619332
3,ExtraTrees,train,case_180,400360,0.4818791718909544,0.6445019953847395,0.9331043962338661,0.2625183150221357,1.046957948331889,0.5396909701375799,4.617005859716327,4.879524174738463,7.6927731275558475,8.313667191955245,0.08071134480429797,0.0,12.1202414035797,12.976584810442903,0.07065398933475726,0.0,27.940109252929688,27.36674265234064,0.02052127267644546,0.9794787273235546,0.828304525926666,0.8811188811188811,1.0,0.05240533519832151,192925.14525826252,166302.66663790407,1848464.4659960286,11020374.196065595
3,ExtraTrees,train,case_183,400360,0.3796065141241027,0.5377340007060433,0.9614160105973085,-0.20731253890228427,1.4936019047632212,-1.2184464218700686,4.862273831097952,4.654961292195669,8.673352289199828,8.10495501934037,0.06553374645778358,0.06553374645778358,13.893857116699213,12.432795879544104,0.10515879247088555,0.10515879247088555,30.76870346069336,26.955630153175452,0.12392700629680616,0.8760729937031938,0.9003396942751524,0.8893606393606394,1.0,0.05014486961734439,151979.26399472574,115767.23903411628,1946659.9510183763,12465589.519301178
3,ExtraTrees,train,case_184,400360,0.2697840492584141,0.3944793552523908,0.9750718813832873,0.0934717817053854,0.9129300860117335,-0.5159687564410416,4.47488648801918,4.568358269724566,7.875815033912657,7.921985205403721,0.005862272195608815,0.0,12.749776926040594,12.087527964030373,0.05194200383675891,0.05194200383675891,29.159093856811523,25.928922387814787,0.11077749826036426,0.8892225017396357,0.8936956738934958,0.9093406593406593,1.0,0.04975022479768208,108010.74196109867,62301.605714356105,1791565.554343359,10516302.702600041
3,ExtraTrees,train,case_185,400360,0.27211152612131834,0.3851190787474374,0.9748435872243432,0.1905587007818536,0.6397590985006628,0.04062282154441895,4.4111433006062715,4.601702001388125,7.666236424446105,8.01475003155387,0.0454608477761557,0.0,12.235298709869317,12.223804727603392,0.000939411659533403,0.000939411659533403,25.902671813964844,25.874084050671364,0.0011036607921684528,0.9988963392078315,0.8881007093615746,0.9073426573426573,1.0,0.04940553501848337,108942.57059793102,59380.075939843446,1766045.331830727,10150713.984372474
3,ExtraTrees,train,case_186,400360,0.4255308506019564,0.5581268325974067,0.9423017836905344,0.37288126283033113,0.9445223918331626,0.5449242848174117,4.10199790038781,4.474879163218141,7.5299984931945785,8.180538538699546,0.08639311762052924,0.0,11.554426622390743,12.265163025386196,0.06151204436385899,0.0,25.107419967651367,25.5118000780699,0.01610600017602525,1.0161060001760251,0.8709161754421021,0.8923576423576424,1.0,0.05051203916475172,170365.53134699925,124714.36650814096,1642275.8793992638,8898106.523626285
3,ExtraTrees,train,case_187,400360,0.26946293877469496,0.4024419293341993,0.9756018591457323,-0.031714246860153825,1.0503248152381468,-0.7067390455908771,4.630080605487511,4.598366358627356,8.103256320953365,7.986343956945767,0.014427824985035574,0.014427824985035574,13.128380126953111,12.239793591886999,0.06768440024385089,0.06768440024385089,29.0647029876709,26.474027837220216,0.08913475398491544,0.9108652460150846,0.8882505744829653,0.8996003996003996,1.0,0.04988510340693376,107882.18216783687,64842.10801682811,1853699.07121298,11240442.060866356
3,ExtraTrees,train,case_188,400360,0.2644125279951123,0.40018821243094166,0.9755656333217132,0.041214306112216784,0.9777234328991203,-0.6429001212836116,4.561877200521213,4.603091506633431,8.110652208328247,7.999873671600919,0.013658400567783889,0.013658400567783889,13.086825618743863,12.27893670817138,0.06173299271409016,0.06173299271409016,28.11197280883789,26.458707757190417,0.05880999753698242,0.9411900024630175,0.8945449095813768,0.9133366633366633,1.0,0.05235038465381157,105860.19970812315,64117.89636540171,1826393.1560006728,10955867.98698799
3,ExtraTrees,train,case_193,400360,0.37843310991994406,0.4912039389763302,0.9563167171366116,0.3080862969274994,0.6964943978574429,0.20112569271115738,4.217785242945701,4.525871539873202,7.433103251457213,7.92854636352765,0.06665360285064086,0.0,11.889664096832272,12.12183360164336,0.019527002858974303,0.0,26.4258975982666,26.188404925428305,0.008987118486899568,0.9910128815131004,0.88720151863323,0.8968531468531469,1.0,0.05070186831851334,151509.4798875488,96599.38513782465,1688632.499865741,9333647.424383583
3,ExtraTrees,train,case_194,400360,0.2391479585480251,0.3915771232226185,0.976539443341672,0.0027871779699116662,0.9886739568633908,-0.47894200788188274,4.4735464772618485,4.476333655231761,8.246804285049436,8.225135962489814,0.002627481120038707,0.002627481120038707,12.928755416870114,12.272708768609556,0.050743217510675016,0.050743217510675016,28.35040283203125,26.13018721531734,0.07831337106100787,0.9216866289389921,0.8904485962633629,0.8778721278721279,1.0,0.04901338795084424,95745.27668428732,61388.25712415598,1791029.0676365537,10628909.940717285
3,ExtraTrees,train,case_195,400360,0.36162329537515986,0.499814389901492,0.9653961352304327,-0.21950835033643354,1.308177954950055,-1.011647674756399,4.837615727860749,4.618107377524315,8.506486845016479,8.116942828927723,0.045793759890073796,0.045793759890073796,13.599721879959082,12.382096420868917,0.08953311470909495,0.08953311470909495,28.627286911010742,26.6551326342585,0.0688907154521061,0.9311092845478939,0.8818563293036268,0.8911088911088911,1.0,0.049428014786691975,144779.502536399,100015.70293380722,1936787.8328063295,12259739.691145731
3,ExtraTrees,train,case_196,400360,0.32161781040979737,0.45509803477245214,0.970410249286477,-0.09510237997053189,1.0996374371517217,-0.8072674310693487,4.721619437764037,4.626517057793505,8.420341682434081,8.089322054680501,0.039311899711163716,0.039311899711163716,13.27775411605834,12.402740800479434,0.06590070187552655,0.06590070187552655,29.805959701538086,27.054309834263872,0.09231878103667367,0.9076812189633263,0.8973423918473374,0.9020979020979021,1.0,0.04981516635028475,128762.90657566646,82920.24962115058,1890347.5581032098,11727831.892893458
3,ExtraTrees,train,case_197,400360,0.2666137932207131,0.3898310861609896,0.9750301453192918,0.16405849208424148,0.7813102510206543,-0.0897017096189479,4.335292672210596,4.499351164294838,7.936916875839233,8.208138208482255,0.03417212714784087,0.0,12.379508867263791,12.220235026890206,0.01286592562607765,0.01286592562607765,27.07880973815918,25.439506064350972,0.06053824705220029,0.9394617529477998,0.8987411329803178,0.8886113886113887,1.0,0.049018383454890596,106741.4982538447,60842.018874248235,1735677.7742462344,9961289.997120844
3,ExtraTrees,train,case_199,400360,0.33450352170496805,0.5052204647818919,0.9651347011807943,-0.18675180208099618,1.3762494668488698,-0.9438613888250771,4.738719716338008,4.551967914257011,8.71670413017273,8.346762935366172,0.042440490038661745,0.042440490038661745,13.672717103958115,12.476182115693485,0.08751259747181091,0.08751259747181091,29.847414016723633,27.028505455560058,0.09444397962195747,0.9055560203780425,0.8816565091417724,0.8681318681318682,1.0,0.04959786192426816,133921.829949801,102190.97639226473,1897193.8256330849,11921292.318331864
3,ExtraTrees,train,case_200,400360,0.33720141288315203,0.4336855093292523,0.9672752231943754,0.29015981267487223,0.6351284742566825,0.1168128436106416,4.3085884493248345,4.598748261999707,7.528428196907043,8.028371142336608,0.06640734723816065,0.0,12.027814435958856,12.10019404618714,0.006017685973928443,0.0,27.248859405517578,26.442368213286638,0.029597245896745124,0.9704027541032548,0.8940453591767409,0.9083416583416584,1.0,0.05019732240983115,135001.95766189875,75300.95832442997,1724986.4715716909,9733294.889121156
3,ExtraTrees,validation,case_15,400360,0.4818216646615406,0.8362240890109177,0.7918067260089732,0.37099613112927393,1.9205042725290828,0.7407966229416706,3.3780577288595954,3.74905385998887,5.832143068313598,6.8654208756596535,0.17716948902709873,0.0,9.363036231994613,10.783681264900325,0.15172909702636828,0.0,18.940412521362305,26.94639196916954,0.4226929819388854,1.4226929819388854,0.7394844639824159,0.596903096903097,1.0,0.04733489859126786,192902.1216638944,279960.0282785909,1352439.1923262277,5913329.831794531
3,ExtraTrees,validation,case_24,400360,0.3904736897871966,0.5270543767652277,0.9654627151577133,-0.10508132232560301,1.064152348658945,-0.386162349565786,5.304625899199469,5.199544576873869,9.102337694168089,9.182318867951624,0.008786882718576736,0.0,14.59939882278439,14.241010191432473,0.02454817733950817,0.02454817733950817,27.87183380126953,29.84419849119625,0.07076551560941348,1.0707655156094136,0.8896493156159456,0.8926073926073926,1.0,0.05032970326705965,156330.04644320204,111214.52950073732,2123760.0250034994,14485881.92450586
3,ExtraTrees,validation,case_36,400360,1.049049511152914,1.62307895533585,0.7835915430123531,0.27694911437160513,5.3129277088479965,-4.379679558207199,3.0640295821179975,3.3409786964896035,9.813024330139159,7.950869642590578,0.1897635861178155,0.1897635861178155,19.2957092285156,13.58582913992923,0.29591449689489474,0.29591449689489474,31.747325897216797,20.066859221595593,0.36791970175495,0.63208029824505,0.7836946747926866,0.746003996003996,0.9872627372627373,0.04659556399240684,419997.46228518063,1054702.4968079373,1226714.8834967616,8632356.497202441
3,ExtraTrees,validation,case_39,400360,1.9384882412036397,2.128441299921636,-0.11361905704991604,1.87792192705283,2.7497219059739857,1.8308054702728205,3.087728669230164,4.965650596282993,6.646077251434326,9.226887021983414,0.38832076018859235,0.0,10.974815073013293,12.159484404061876,0.1079443547036748,0.0,22.030895233154297,21.475890927537694,0.025192090459464238,0.9748079095405358,0.7973324008392447,0.5494505494505495,0.8696303696303697,0.05179838145668898,776093.1522482892,1813735.8413370377,1236203.0500129885,5445745.664773294
3,ExtraTrees,validation,case_63,400360,0.781418326203674,1.0188844454827177,0.8374155877556326,0.5419546713602682,2.018255745328361,-0.7196777730407513,3.589908255421658,4.131862926781928,8.285945415496824,8.294114026494896,0.0009858393446321554,0.0,13.304288787841797,12.528238671315389,0.058330823157988404,0.058330823157988404,25.949066162109375,20.59315395980935,0.20640096136178832,0.7935990386382117,0.8272055150364672,0.5689310689310689,0.9987512487512488,0.05169847137576181,312848.64107890293,415623.930483419,1437255.669140615,7715973.792316836
3,ExtraTrees,validation,case_74,400360,0.5562507109375161,0.7127204541158013,0.9360214762211951,-0.17464527083329257,1.1119796381416118,-0.08794158360879728,5.210357342896367,5.035712072063077,9.183551406860351,9.284254714942799,0.01096561707132382,0.0,13.751770725250228,13.732355313900058,0.001411848098552199,0.001411848098552199,29.059873580932617,26.508350982220716,0.08780226079118462,0.9121977392088154,0.8018283544809671,0.9120879120879121,1.0,0.05176840843241083,222700.53463094396,203371.047646471,2086018.6658019896,14047641.96894774
3,ExtraTrees,validation,case_78,400360,1.0195817005096204,1.2045476134414164,0.5392619557766305,1.014601405075453,1.9284719270246278,1.7205375393461346,3.235144727900909,4.24974613297636,5.647890686988831,7.6304178821321536,0.3510208155604913,0.0,8.848848810195921,10.909463116126302,0.23286806568059748,0.0,20.279897689819336,21.02293181595221,0.03663894845514342,1.0366389484551435,0.7952842441802378,0.8608891108891109,0.9997502497502497,0.05105904685782796,408199.7296160316,580896.3178020618,1295222.5432624079,5451027.589212791
3,ExtraTrees,validation,case_117,400360,0.7116946913099574,0.8861971807915817,0.8956448693260546,-0.48327682346321366,1.1337146942006138,-0.3854343350701353,5.137139844130944,4.653863020667731,8.875784015655517,8.787324534778206,0.009966385022583096,0.009966385022583096,13.745235443115213,13.44889768710054,0.021559307386262615,0.021559307386262615,30.055034637451172,25.031456882853362,0.16714596456787967,0.8328540354321203,0.8251074033369967,0.9058441558441559,1.0,0.05233539814167249,284934.08661285456,314420.9016567464,2056705.307996265,13578572.17672394
3,ExtraTrees,validation,case_124,400360,0.327194007431824,0.4910019271268375,0.9652958259164157,-0.13132707599331525,1.275445909513638,-0.95526735787507,4.68614249334891,4.554815417355596,8.326841783523559,8.019282181011356,0.036935924868991235,0.036935924868991235,13.333128252029367,12.220576485538777,0.08344266592659935,0.08344266592659935,28.74965476989746,26.379809304811417,0.08243039730575855,0.9175696026942415,0.8758617244479968,0.8831168831168831,1.0,0.04950044959536417,130995.39281540505,96519.94681818651,1876144.0086371698,11573098.271248205
3,ExtraTrees,validation,case_148,400360,0.6914443028898847,0.80756154231693,0.8739379468136343,0.6534389713892425,0.8432164746532609,0.5435766829718424,4.050931678325365,4.7043706497146065,7.333276700973511,8.037990039801993,0.09609801560262005,0.0,11.485404291152937,12.11077195937335,0.054448903353112775,0.0,26.239187240600586,25.881049328179316,0.013648971255752694,0.9863510287442473,0.879658307523229,0.9103396603396603,1.0,0.04994504945549006,276826.6411049942,261097.033883786,1621831.0067343432,8641105.258012155
3,ExtraTrees,validation,case_150,400360,0.834436189979266,1.02007511282213,0.7897138591711886,0.7865484193252008,1.4498479823145083,0.7668143595967616,3.788771955886119,4.57532037521132,7.405756855010986,8.572400823857647,0.15753203780343808,0.0,10.835816211700429,11.95016864288729,0.10283973162848514,0.0,22.92385482788086,25.750099718011285,0.12328837847520477,1.1232883784752048,0.7703067239484463,0.7812187812187812,1.0,0.04824657807972824,334074.87302009895,416595.89348452,1516872.7402585666,7728175.482668079
3,ExtraTrees,validation,case_156,400360,0.3312561806657789,0.4726715013091904,0.967765305104089,-0.12524432935699545,1.2172181627874452,-0.8742090942158676,4.732292953646106,4.607048624289111,8.350664710998535,8.095619497464453,0.03054190562796345,0.03054190562796345,13.289695453643796,12.229231602757531,0.0797959482657298,0.0797959482657298,28.11277961730957,26.150350811221223,0.06980557713617343,0.9301944228638266,0.8841542611649515,0.8781218781218781,1.0,0.04904585872714557,132621.72449135123,89447.76986528754,1894620.8069217552,11740791.85297921
3,ExtraTrees,validation,case_165,400360,0.7632377456779171,1.0833063065816888,0.8189591642703354,0.27013248498861436,1.8184146572058573,-0.9241901734365611,3.916683115704931,4.186815600693544,8.25058135986328,8.292062336311607,0.005027642858007737,0.0,13.54518896102898,12.701299253960947,0.06230180394647857,0.06230180394647857,26.689733505249023,20.176182914326404,0.24404704489243442,0.7559529551075655,0.7855929663303027,0.7105394605394605,0.9972527472527473,0.04795434109301629,305569.8638596109,469843.5004712606,1568083.252203626,8736920.126982423
3,ExtraTrees,validation,case_181,400360,0.3095162764481958,0.4676296680431799,0.9661737705951345,0.15244338140454167,0.9194695424998697,-0.20598589839737386,4.400496773867756,4.552940155272297,8.348705530166626,8.500871848819742,0.018226336777993738,0.0,12.506495037078853,12.255735262711616,0.020050363720914045,0.020050363720914045,29.049291610717773,25.95381423358857,0.10655947892330438,0.8934405210766956,0.8682186032570687,0.8758741258741258,1.0,0.04916824857628135,123917.93643879968,87549.72647598616,1761782.8883856947,10340940.005454497
3,ExtraTrees,validation,case_190,400360,0.3225504437039258,0.4803873959910889,0.9668916145223883,-0.1189506438536713,1.2247948014261174,-0.9015930583968492,4.71106754251522,4.592116898661549,8.360267305374144,8.105306031350823,0.030496784936460946,0.030496784936460946,13.360542898178092,12.298355786721643,0.07950179267051297,0.07950179267051297,28.387516021728516,26.159848370495173,0.07847349692478309,0.9215265030752169,0.8727145568987911,0.8838661338661339,1.0,0.04945549005894695,129136.29564130375,92391.89802892144,1886123.0013213935,11676241.904284762
3,ExtraTrees,internal_test,case_16,400360,0.30217672595274137,0.4514741368317834,0.9785978397644624,-0.10756076668200362,1.120317506752785,-0.6870833734727014,5.625429952986378,5.517869186304375,9.801409292221068,9.66380537051447,0.014039197589249496,0.014039197589249496,15.720469598770103,14.749476745146527,0.06176614811172957,0.06176614811172957,34.04954528808594,30.752643239369934,0.09682661018881804,0.903173389811182,0.9191227894894595,0.9228271728271729,1.0,0.05340443600759317,120979.47400243954,81604.93689384362,2252197.1359776263,16482507.138438577
3,ExtraTrees,internal_test,case_47,400360,0.2966038468933355,0.4186430253056032,0.9780160438869064,-0.13470196846610413,0.6838995454505538,-0.10626912564904478,5.241447492183958,5.106745523717853,9.033231782913207,9.110688426408823,0.00857463257415011,0.0,14.435490150451656,14.314698075169478,0.008367715541574401,0.008367715541574401,29.597883224487305,28.52995002437786,0.03608140460618844,0.9639185953938115,0.9212708562293935,0.9278221778221778,1.0,0.05332201019082825,118748.3161422158,70167.88736856049,2098465.917970769,14190776.00859728
3,ExtraTrees,internal_test,case_48,400360,0.5762396332636975,0.8099022412677139,0.9410276351994392,-0.5228489714003436,2.258440242804777,-1.8524640214112633,6.037508846064417,5.514659874664074,10.65202441215515,9.600464753260427,0.0987192310313123,0.0987192310313123,16.89704576492309,14.74309502406608,0.12747499005586163,0.12747499005586163,36.57381820678711,30.45165189541944,0.16739204741362113,0.8326079525863789,0.9004396043560795,0.8846153846153846,1.0,0.053809071835348186,230703.29957345396,262612.7951547343,2417177.04161035,19046877.92117989
3,ExtraTrees,internal_test,case_52,400360,0.46358956465519235,0.5889391953548654,0.9624581107678079,-0.30982041637892355,0.9991682783591485,-0.5429880768626913,5.676126365691693,5.3663059493127685,9.567922735214232,9.41830954794341,0.01563695604691477,0.01563695604691477,15.024835319519037,14.517774328532026,0.033748189594349734,0.033748189594349734,33.935302734375,28.446489469812125,0.16174345953315877,0.8382565404668412,0.9029373563792586,0.9178321678321678,1.0,0.05324957538215606,185602.7181053528,138864.61610539161,2272493.951768326,16597887.395390868
3,ExtraTrees,internal_test,case_67,400360,0.6032128341062664,0.7433783014392923,0.939182223002013,-0.4953890675872504,1.0761651918538502,-0.6855264892880214,5.645845615440947,5.150456547853696,9.483993959426876,9.252020535615129,0.02445946558002288,0.02445946558002288,15.007321405410755,14.268478262154234,0.04923217963401099,0.04923217963401099,33.35513687133789,28.18991008002747,0.1548555117982114,0.8451444882017886,0.9017384354081327,0.9223276723276723,1.0,0.053199620341692476,241502.29026278478,221243.45968796522,2260370.7505979375,16399513.343570031
3,ExtraTrees,internal_test,case_68,400360,0.8125397001712354,1.0744681794360194,0.8602800888508639,0.22113375945525707,1.8541423205834124,-0.9682248318194561,4.470923505812859,4.692057265268115,9.673214769363403,9.209028145169395,0.047986800175693456,0.047986800175693456,14.204864883422841,13.509440214295148,0.048956795776301784,0.048956795776301784,30.399791717529297,22.854903586127257,0.2481888100256774,0.7518111899743226,0.8142671595563993,0.6823176823176823,0.9997502497502497,0.05055699870116895,325308.3943605558,462208.360920925,1789978.9347872362,11310965.499439059
3,ExtraTrees,internal_test,case_95,400360,0.647720462595957,0.9653863344466964,0.9102938051776948,0.3141334361325992,2.6405340819840815,-1.5228463657680738,4.895934174812619,5.210067610945219,10.778055810928343,10.41010186792079,0.034139175883137314,0.034139175883137314,16.617831211090085,14.39698431491517,0.1336424030286702,0.1336424030286702,34.6576042175293,25.736121866656536,0.2574177457529049,0.7425822542470951,0.860275751823359,0.6466033966033966,0.9865134865134865,0.05236037566190429,259321.36440491735,373123.8193734766,1960136.20622798,13756096.419497095
3,ExtraTrees,internal_test,case_116,400360,0.30458198783504337,0.45450067264527466,0.9774792177618941,-0.10061055667032266,1.1425410489186267,-0.6568300748447518,5.529623456611647,5.429012899941325,9.626658058166502,9.49697440094461,0.013471306079255374,0.013471306079255374,15.341071567535392,14.451332437612958,0.05799719569819949,0.05799719569819949,35.28178024291992,30.525843026373177,0.13479867466441492,0.8652013253355851,0.9265161354780698,0.9150849150849151,1.0,0.05395893695673894,121942.44464963797,82702.71008411945,2213840.047089039,15913985.93365754
3,ExtraTrees,internal_test,case_133,400360,0.2775198349062918,0.40438929879470875,0.974442500777625,0.10592311880255302,0.888582686528293,-0.5061045533753707,4.494560615819249,4.600483734621801,8.05308094024658,7.983572160477658,0.00863132759805515,0.00863132759805515,12.81892926216123,12.225307058876398,0.04630825173808234,0.04630825173808234,28.935829162597656,26.30856757695216,0.0907961396537924,0.9092038603462076,0.9055350184833649,0.9085914085914086,1.0,0.05017234488959936,111107.84110308299,65471.15304566317,1799442.2881493943,10649422.287634764
3,ExtraTrees,internal_test,case_139,400360,0.32576930671434773,0.4801074600643279,0.9664293815190226,-0.10660973482539052,1.201665938826548,-0.8810467365438304,4.656545949523149,4.549936214697759,8.312557744979857,8.033559185286153,0.03356350334675244,0.03356350334675244,13.217778148651119,12.193035846357734,0.07752757617572514,0.07752757617572514,29.612136840820312,26.62987011297991,0.10071095996454235,0.8992890400354576,0.8773104206214407,0.8908591408591409,1.0,0.04960535518033769,130424.99963615625,92284.25042612349,1864294.736351088,11430133.00250851
3,ExtraTrees,internal_test,case_157,400360,0.5898815194089464,0.7300735807350185,0.9005998494467581,0.5653755820073628,0.8660882734266162,0.4645587301075902,4.141123750788858,4.706499332796221,7.273385071754455,8.037829104206853,0.10510154830397317,0.0,11.7065015220642,12.24171498437881,0.04571933479065883,0.0,26.843324661254883,28.407101654302135,0.0582557120915941,1.058255712091594,0.8637226496153462,0.8986013986013986,1.0,0.052540213807573184,236164.9651105658,213394.85599088404,1657940.3048658273,9012562.259375302
3,ExtraTrees,internal_test,case_182,400360,0.2922521284476929,0.4391155853672543,0.9695368380802203,0.09147615795733897,0.8648024037954881,-0.46396853157977636,4.5172521324672905,4.60872829042463,8.005867195129394,7.990795204442352,0.0018826181248935857,0.0018826181248935857,12.821896562576253,12.282670951965702,0.042055058546050704,0.042055058546050704,27.602649688720703,26.320299697247197,0.046457496143839906,0.9535425038561601,0.8898990908182636,0.9040959040959041,1.0,0.05126136477170547,117006.06214531831,77198.41502400304,1808527.0637546044,10703729.078933505
3,ExtraTrees,internal_test,case_189,400360,0.29531266214741625,0.4406985734613433,0.9694987474447395,0.029879927482953178,0.9914567572914387,-0.5757769291598022,4.50395661685842,4.533836544341375,7.995612788200375,7.928129590932403,0.008440028182400364,0.008440028182400364,12.753865308761585,12.101632979872464,0.051139973106118106,0.051139973106118106,29.364471435546875,27.301321715887703,0.07026006663146153,0.9297399333685384,0.8860525527025677,0.8823676323676324,1.0,0.04939054850634429,118231.37741733956,77756.01054409951,1803204.071125437,10670825.610614894
3,ExtraTrees,internal_test,case_191,400360,0.28535664139967204,0.4256599906516178,0.9729432330348589,-0.027855295344531503,1.0263351676594026,-0.6891387516590441,4.650895452266001,4.623040156921467,8.205350446701049,8.085234973228438,0.01463867683078703,0.01463867683078703,13.111052494049055,12.267861593621523,0.06431145789479872,0.06431145789479872,29.264482498168945,26.132578100552735,0.10702066567594938,0.8929793343240506,0.8836047557198521,0.9088411588411588,1.0,0.04979018883005295,114245.3849507727,72539.7981705651,1862032.503269216,11341140.896453092
3,ExtraTrees,internal_test,case_192,400360,0.25209747261608006,0.38571779028120234,0.9775848580126467,-0.019484726677532066,0.980880022149834,-0.6385601104007863,4.594875131585384,4.575390404907852,8.175111389160156,8.038706649811653,0.016685367679438574,0.016685367679438574,12.946696014404287,12.256342175010298,0.05332278124286786,0.05332278124286786,29.42413902282715,26.870569885402315,0.08678483796734998,0.91321516203265,0.8919972025177341,0.8958541458541458,1.0,0.04965780797282446,100929.74413657382,59564.84565271162,1839604.2076815246,11110100.202361241
4,Ridge,train,case_01,400360,2.168389898789722,3.149468517896696,0.05645952527355946,0.7893221487588953,7.19978615920192,-6.298462979264021,5.896753568734742,6.686075717493637,10.326234483718872,8.635707712173462,0.1637118326347154,0.1637118326347154,16.558459148406914,10.679844255447367,0.35502185561300414,0.35502185561300414,37.16805648803711,15.197265625,0.5911202505331054,0.4088797494668946,0.2586671995204316,0.37662337662337664,0.5796703296703297,0.0,868136.5798794532,3971231.672789245,2360824.2587786415,18130060.897750977
4,Ridge,train,case_06,400360,2.4272365546874926,3.3560505777168284,-0.1005540905629636,1.4153092817460813,6.290333656630319,-5.367685835253575,5.917631487748422,7.332940769494503,10.134570455551147,9.30609359741211,0.08174760457511492,0.08174760457511492,15.962084121704066,11.313877201080322,0.29120300865370424,0.29120300865370424,32.9944953918457,15.636669158935547,0.5260824882080175,0.47391751179198244,0.22669597362373864,0.35564435564435565,0.6141358641358642,0.0,971768.4270346845,4509284.899250252,2369182.942434958,18117237.60923312
4,Ridge,train,case_10,400360,2.092300047334753,3.053155720939812,0.07083123831927474,0.6448424363530649,7.009165104846167,-6.150317553921719,5.735561601321801,6.380404037674867,10.146135330200195,8.38058123588562,0.17401247241985476,0.17401247241985476,16.147420253753637,10.458382930755587,0.3523186511279146,0.3523186511279146,36.003170013427734,14.947772026062012,0.5848206693886373,0.41517933061136264,0.26291337795983616,0.3676323676323676,0.5784215784215784,0.0,837673.2469509416,3732059.776071272,2296289.4427051963,17187067.072017305
4,Ridge,train,case_12,400360,2.0666810701156546,3.0429032060816814,0.06151126513445526,0.6313712818552013,7.1552624699605625,-6.29610911572369,5.6733454984825915,6.304716780337793,10.082114791870117,8.261051559448243,0.18062314008667302,0.18062314008667302,16.142577419280983,10.493623485565168,0.3499412632191315,0.3499412632191315,36.23194885253906,14.893149375915527,0.5889498123181457,0.4110501876818543,0.26271355779798183,0.3503996003996004,0.5659340659340659,0.0,827416.4332315035,3707037.30220464,2271380.6037724903,16836334.16889702
4,Ridge,train,case_13,400360,2.1017010280137134,2.990719565814795,-0.093189522731145,1.2105020520588659,5.605701910947229,-4.699770094369577,5.239577948061452,6.45008000012032,9.118360137939451,8.42646861076355,0.07587894278238647,0.07587894278238647,14.603178558349592,10.637328987121581,0.2715744079538407,0.2715744079538407,30.08977508544922,14.878726959228516,0.5055221610339137,0.4944778389660863,0.2696573084224198,0.35664335664335667,0.5844155844155844,0.0,841437.0235755703,3580981.393806659,2097717.427285883,14266872.702133816
4,Ridge,train,case_14,400360,2.0306393701199306,2.9344380616633563,-0.023007015322388247,0.8986372952864023,6.0288199176307655,-5.160643093544759,5.300424085269767,6.199061380556168,9.186977624893188,8.201250648498535,0.10729611158774474,0.10729611158774474,14.805124273300162,10.512170658111552,0.28996403785212416,0.28996403785212416,30.95267105102539,14.800453186035156,0.521835994003986,0.47816400599601405,0.26646018583275055,0.3518981018981019,0.5879120879120879,0.0,812986.7782212154,3447470.628721025,2122077.7867786037,14617850.616076909
4,Ridge,train,case_15,400360,3.5663261627602676,3.960443597465361,-3.6699153902053627,3.493587666084968,2.1931789359829,0.22685164301911603,3.3780577288595954,6.871645394944563,5.832143068313598,8.808612155914306,0.510355979394959,0.0,9.363036231994613,11.17436846733093,0.19345564734084647,0.0,18.940412521362305,15.34259033203125,0.18995479561351594,0.8100452043864841,0.277300429613348,0.3469030969030969,0.5844155844155844,0.0,1427814.3425227008,6279692.036337682,1352439.1923262277,5913329.831794531
4,Ridge,train,case_16,400360,2.0904825643760496,3.0263006774171424,0.0383522746563022,0.7484515363194739,6.65127051163894,-5.7792494416129685,5.625429952986378,6.373881489305852,9.801409292221068,8.342105054855347,0.14888718487900557,0.14888718487900557,15.720469598770103,10.535680856704701,0.32981131444515094,0.32981131444515094,34.04954528808594,15.009561538696289,0.5591846701122264,0.44081532988777355,0.27050654411030073,0.3726273726273726,0.5891608391608392,0.0,836945.5994735953,3666695.374538631,2252197.1359776263,16482507.138438577
4,Ridge,train,case_18,400360,2.0598467926148514,3.015383331332212,0.05965361561362803,0.514781866922956,7.08888340711329,-6.249716713373949,5.653727981126508,6.168509848049464,9.915027427673339,8.115194368362422,0.18152577715392823,0.18152577715392823,15.819301843643087,10.389732131957981,0.3432243575190996,0.3432243575190996,36.45985412597656,14.814642906188965,0.5936724580685041,0.4063275419314959,0.25761814367069635,0.35364635364635366,0.5891608391608392,0.0,824680.2618912819,3640287.967139014,2263526.534523809,16668583.556267565
4,Ridge,train,case_19,400360,2.124969501547154,3.078673059540724,0.09845489010378938,0.5492189677720948,7.34205208950727,-6.473292896328111,5.885521276208228,6.434740243980322,10.343796873092652,8.424767780303954,0.18552463049430848,0.18552463049430848,16.581697864532423,10.430025873184197,0.3709916826132987,0.3709916826132987,35.93040466308594,14.630464553833008,0.592811027567858,0.407188972432142,0.26151463682685583,0.35514485514485516,0.563936063936064,0.0,850752.7896394187,3794703.2850274523,2356327.298142726,18077325.27607492
4,Ridge,train,case_20,400360,2.112698310771023,3.075965927606431,0.06815562794584884,0.5469131460390718,7.190309725848334,-6.332818740516386,5.788521283110883,6.335434429149955,10.149102687835692,8.299583530426025,0.1822347466861702,0.1822347466861702,16.289631748199415,10.485448055267328,0.35631153500898854,0.35631153500898854,36.26679992675781,14.949830055236816,0.5877819359461389,0.4122180640538611,0.2638625237286442,0.3598901098901099,0.5746753246753247,0.0,845839.8957002867,3788032.719017883,2317492.380906273,17479945.55924125
4,Ridge,train,case_21,400360,2.097725168727597,2.966104338436299,-0.48871161946353125,1.5485031267587184,4.151877111245127,-3.141635444366988,4.529992944088067,6.078496070846786,8.021694707870484,8.26975450515747,0.030923614812167113,0.0,12.29129181861873,11.213908843994115,0.08765416935204522,0.08765416935204522,23.24169158935547,14.476613998413086,0.3771273513910978,0.6228726486089021,0.27480267759016885,0.2842157842157842,0.6083916083916084,0.0,839845.2485517806,3522277.177576991,1813627.9750950986,10581712.180962272
4,Ridge,train,case_24,400360,2.306956374606359,3.275749995274818,-0.3341321262797283,1.5982773374319676,5.350351082817865,-4.319494981415111,5.304625899199469,6.902903236631437,9.102337694168089,8.889349555969236,0.023399278883633932,0.023399278883633932,14.59939882278439,11.856786136627177,0.1878579193190466,0.1878579193190466,27.87183380126953,15.167366027832031,0.45581743433253485,0.5441825656674651,0.2660105904685783,0.2867132867132867,0.5811688311688312,0.0,923613.0541374017,4296078.206308543,2123760.0250034994,14485881.92450586
4,Ridge,train,case_27,400360,2.04226072212489,2.742135807210536,-0.12973177922802837,-0.6609688069670379,6.303541978753701,-5.612515340640788,4.916951870695414,4.255983063728377,8.11301689147949,6.296465253829955,0.22390581234427434,0.22390581234427434,13.111589975357049,9.254837942123379,0.2941483100434312,0.2941483100434312,27.218610763549805,12.592512130737305,0.5373565447505958,0.46264345524940415,0.2610650414626836,0.28796203796203795,0.6198801198801199,0.0,817639.502709921,3010430.4652371383,1968550.850951616,12344000.055735279
4,Ridge,train,case_28,400360,1.9637728230780522,2.9313605036558323,0.06844259466423774,0.4572100388005204,7.092275712069644,-6.21931049438823,5.5266866433473245,5.9838966821478445,9.724851751327513,7.9501457691192625,0.18249182893363802,0.18249182893363802,15.672686471939013,10.152643604278511,0.3522078284117915,0.3522078284117915,36.075843811035156,14.481460571289062,0.5985829008701007,0.40141709912989926,0.25537016684983516,0.36163836163836166,0.5731768231768232,0.0,786216.087447529,3440243.1957422113,2212664.264530535,15921703.859572133
4,Ridge,train,case_29,400360,5.336545427268282,5.558322812615054,-23.552408497783624,5.3350173258906874,4.343043622647729,3.983123771960186,2.033673969191559,7.368691295082246,3.50241869688034,9.48580060005188,1.7083571157557582,0.0,5.4425946283340405,12.502807474136326,1.2972145323936044,0.0,12.888184547424316,16.115610122680664,0.2504173930300636,1.2504173930300637,0.24178239584374064,0.29595404595404595,0.6256243756243757,0.0,2136539.3272611294,12369103.178590894,814201.7103055326,2159604.52317288
4,Ridge,train,case_32,400360,1.9795940472562799,2.9079410107039174,0.07317593052621518,0.2373774877188885,7.15595620660101,-6.4656754653167265,5.271242364639071,5.50861985235796,10.015990829467771,7.50768027305603,0.2504305963452073,0.2504305963452073,15.115796918868979,9.828227739334077,0.3498041954330872,0.3498041954330872,33.723785400390625,13.967325210571289,0.5858316305615708,0.4141683694384292,0.2546208412428814,0.3354145854145854,0.5994005994005994,0.0,792550.2727595242,3385492.5722253127,2110394.5931068985,14777190.176314557
4,Ridge,train,case_34,400360,1.7373351096068275,2.5188257685594437,0.00425801134129733,-0.22371197957333885,6.052225832184956,-5.322074119963005,4.684073457170518,4.460361477597179,8.226318550109863,6.512794733047485,0.20829777094390456,0.20829777094390456,12.876111402511585,9.01841732025146,0.2996008625327404,0.2996008625327404,30.05852508544922,13.108236312866211,0.5639095306372278,0.4360904693627722,0.261614546907783,0.33016983016983015,0.6018981018981019,0.0001348786092516735,695559.4844821894,2540077.314914478,1875315.6493127886,11335055.49990527
4,Ridge,train,case_35,400360,1.540888033336602,2.170378200687652,-0.1290975062737758,-0.2007771633166159,4.369501868172375,-3.5818070028673605,3.846318012911481,3.6455408495948656,6.875816249847412,6.193900322914123,0.09917599629693732,0.09917599629693732,10.138929128646827,8.562286682128905,0.15550384330661027,0.15550384330661027,21.769367218017578,12.04107666015625,0.44687980410425693,0.553120195895743,0.32475771805375164,0.2807192807192807,0.5594405594405595,0.0004046358277550205,616909.933026642,1885912.4085603158,1539911.8796492405,7593273.8350793915
4,Ridge,train,case_36,400360,2.8773609569140843,3.663413248493102,-0.1024699437923946,1.5871307189844017,9.89934381777056,-8.801230581350552,3.0640295821179975,4.6511603011024,9.813024330139159,6.810539507865905,0.30596936492367544,0.30596936492367544,19.2957092285156,8.985001945495602,0.5343523350664209,0.5343523350664209,31.747325897216797,12.907026290893555,0.5934452453513548,0.4065547546486452,0.25936657008692177,0.017232767232767232,0.4050949050949051,0.0,1151980.2327101228,5373070.066480437,1226714.8834967616,8632356.497202441
4,Ridge,train,case_39,400360,1.8675233059089467,2.3612431627731976,-0.37054950286634325,1.4139480610349018,3.436633433995351,-2.585655055187575,3.087728669230164,4.501676730265066,6.646077251434326,6.9749591588973985,0.04948511656136631,0.0,10.974815073013293,9.044252614974976,0.17590842717573493,0.17590842717573493,22.030895233154297,12.748968124389648,0.42131411413532915,0.5786858858646708,0.4021880307723049,0.25424575424575424,0.8096903096903096,0.000774303127185533,747681.6307537059,2232194.8784358166,1236203.0500129885,5445745.664773294
4,Ridge,train,case_40,400360,1.9281019424352994,2.817306917293057,-0.037170836629913495,0.9961463616115022,5.743955843023854,-4.907619091594763,5.041594912488031,6.037741274099534,8.88729267120361,8.178634119033813,0.07973840610267915,0.07973840610267915,14.066408891677813,10.12401126861572,0.2802703698876944,0.2802703698876944,32.35271072387695,14.555756568908691,0.5500915922273477,0.44990840777265223,0.23214107303426915,0.35714285714285715,0.5749250749250749,0.0,771934.8936733964,3177744.7050667647,2018452.9391637081,13240080.589726774
4,Ridge,train,case_42,400360,2.044531516071605,2.8280383047974484,-0.14891275886256272,0.9467900661728492,5.789541630172918,-5.280941702457489,4.11715438872547,5.063944454898318,8.91228380203247,7.226938056945798,0.189103689079372,0.189103689079372,13.76958976745605,10.266783981323242,0.2543870838048908,0.2543870838048908,24.76995849609375,13.674444198608398,0.44794238550036836,0.5520576144996316,0.24457987810970128,0.20304695304695305,0.489010989010989,0.0,818548.6377744279,3201999.469595875,1648343.931070129,9573468.703283088
4,Ridge,train,case_43,400360,2.080593309696094,2.8895425058401627,-0.1884859910139718,0.9504292744402699,5.793056981883364,-5.3224482290846495,4.204806520399298,5.1552357948395695,9.005365419387815,7.32449493408203,0.18665211315989555,0.18665211315989555,13.601225948333738,10.4537294101715,0.23141270868658959,0.23141270868658959,24.57630157470703,13.882088661193848,0.43514329774172567,0.5648567022582743,0.22324907583175144,0.21003996003996003,0.48951048951048953,0.0,832986.3374699282,3342788.161344319,1683436.3385070632,9891168.235563483
4,Ridge,train,case_45,400360,2.232873035918979,3.1016723045197585,0.06426268859621465,0.7730875121291065,7.535705846238889,-6.910663506882044,5.207303312044021,5.980390824173128,10.862130212783812,7.98285036087036,0.2650750631330844,0.2650750631330844,15.904301156997667,9.984463100433342,0.37221616958376574,0.37221616958376574,36.334930419921875,14.206517219543457,0.6090121253746988,0.3909878746253012,0.24323109201718454,0.3404095904095904,0.5484515484515484,0.0,893953.0486605224,3851611.767440428,2084795.9540099443,14972289.90461304
4,Ridge,train,case_47,400360,1.9138129176391818,2.805005745199037,0.013071618554963083,0.2630394201483608,6.29797123894153,-5.490336706486124,5.241447492183958,5.504486912332318,9.033231782913207,7.53872709274292,0.16544518352747406,0.16544518352747406,14.435490150451656,10.090369987487774,0.3010026066089576,0.3010026066089576,29.597883224487305,14.050664901733398,0.5252814265410433,0.4747185734589567,0.2656609051853332,0.32517482517482516,0.5914085914085914,0.0,766214.1397060228,3150055.3928428586,2098465.917970769,14190776.00859728
4,Ridge,train,case_48,400360,2.193404217150903,3.174672315617598,0.09388952433734066,0.7221485946443443,7.53915708576684,-6.666131645438078,6.037508846064417,6.759657440708763,10.65202441215515,8.741702127456664,0.17933889472864847,0.17933889472864847,16.89704576492309,10.629383707046495,0.37093241890175604,0.37093241890175604,36.57381820678711,14.703574180603027,0.5979754124256449,0.4020245875743551,0.24003396942751523,0.34915084915084915,0.5661838161838162,0.0,878151.3123785355,4035046.0005716784,2417177.04161035,19046877.92117989
4,Ridge,train,case_49,400360,2.1238774549561033,3.0822967743660348,0.08138419431922661,0.5088269049879179,7.221441349870175,-6.394164050991498,5.85295244275635,6.361779347744268,10.265372943878171,8.343325853347778,0.1872359729196804,0.1872359729196804,16.352748069763166,10.3820235443115,0.365120559552419,0.365120559552419,34.92753982543945,14.617037773132324,0.581503940839085,0.418496059160915,0.2628634229193726,0.36863136863136864,0.5794205794205795,0.0,850315.5778662255,3803641.5613328014,2343288.0399819324,17855776.270638056
4,Ridge,train,case_51,400360,3.045514629843006,3.6134715312348185,-2.639298345906558,2.93524194333366,2.2353725952148578,-0.4017202223868193,3.495074740730534,6.430316684064194,6.196873641014097,8.551900148391724,0.3800346180678673,0.0,9.536471252441398,11.713930940628044,0.22832970713661013,0.0,19.359146118164062,15.21857738494873,0.21388178527824478,0.7861182147217552,0.2584673793585773,0.2917082917082917,0.6308691308691309,0.0,1219302.2372039459,5227571.186360337,1399288.1231988766,6327039.392613842
4,Ridge,train,case_52,400360,2.0821246585560482,2.9453939170984533,0.0610078148825377,0.16912870611382647,6.729760659304984,-5.9855322210995245,5.676126365691693,5.845255071805519,9.567922735214232,7.828423094749451,0.18180536032786354,0.18180536032786354,15.024835319519037,10.003042325973496,0.33423281432054286,0.33423281432054286,33.935302734375,13.97182846069336,0.5882804237800272,0.4117195762199728,0.239584374063343,0.31043956043956045,0.6101398601398601,0.0,833599.4282994994,3473261.255069905,2272493.951768326,16597887.395390868
4,Ridge,train,case_54,400360,1.979727575718866,2.834897700215815,0.056948735361139535,-0.07622796375249857,6.843120324095354,-6.069209779329573,5.355598113270859,5.27937014951836,9.406452131271362,7.357753419876097,0.21779717610898694,0.21779717610898694,14.854768409728997,9.68785565376279,0.3478285634249393,0.3478285634249393,33.38887405395508,13.926797866821289,0.5828910599286414,0.4171089400713586,0.2598661204915576,0.35514485514485516,0.5954045954045954,0.0,792603.7322148052,3217551.1804650147,2144167.260629121,14895149.962829953
4,Ridge,train,case_56,400360,1.9470141945575472,2.7543900093642244,-0.038637845188604025,0.7538930417444357,5.413927098627716,-4.848365052452167,4.807046602232076,5.5609396439765115,9.012357282638549,7.565147876739499,0.16058056294405473,0.16058056294405473,12.885962295532151,9.98100068092346,0.22543614112668217,0.22543614112668217,27.991840362548828,14.05630874633789,0.4978426368441186,0.5021573631558814,0.24373064242182035,0.3306693306693307,0.6640859140859141,0.0,779506.6029330596,3037396.928630708,1924549.177669634,12175801.835297506
4,Ridge,train,case_57,400360,1.954601654407803,2.8306937113087938,0.07940707762662302,0.18483070016562528,6.6527908228013795,-5.933639015419189,5.400399450375989,5.585230150541615,9.728502988815302,7.680769348144532,0.2104880517614083,0.2104880517614083,14.611289510726927,9.75037077903745,0.3326823911141325,0.3326823911141325,32.06071853637695,14.05721664428711,0.561543930204265,0.43845606979573504,0.24118293535817764,0.36163836163836166,0.6108891108891109,0.0,782544.318358708,3208015.3725766684,2162103.923952531,15160952.23359229
4,Ridge,train,case_58,400360,2.478892837085964,3.1439075314624163,-1.4090203855539691,2.280432203503217,2.5901726174405457,-1.223023452522014,3.828242068613012,6.10867427211623,6.500666666030883,8.15896325111389,0.2550963878440971,0.0,10.108694267272929,11.014416694641106,0.08959835992868724,0.0,20.552814483642578,14.767298698425293,0.28149506189635576,0.7185049381036442,0.26436207413328006,0.3161838161838162,0.6351148851148851,0.0,992449.5362557366,3957220.1221983405,1532674.9945899055,7510118.65249189
4,Ridge,train,case_59,400360,1.869383148460009,2.7814462976000884,0.06732962225714034,0.34557725955128094,6.600731075055712,-5.738887653113578,5.287436591513801,5.6330138510650825,9.45020728111267,7.773902940750121,0.17738281187893482,0.17738281187893482,14.667274990081749,9.868324165344237,0.3271876219667689,0.3271876219667689,32.03961944580078,14.061270713806152,0.5611286601704919,0.43887133982950816,0.26101508642222,0.35664335664335667,0.5806693306693307,0.0,748426.2373174492,3097362.522235612,2116878.1137784654,14513820.411748566
4,Ridge,train,case_60,400360,2.0359658091772608,2.9973764636481235,0.07857036768739134,0.551333275530609,7.06022783585239,-6.210530702557308,5.622468909648277,6.173802185178887,9.96433162689209,8.178821849822995,0.179190119711622,0.179190119711622,15.850470104217512,10.373054771423337,0.34556800503580887,0.34556800503580887,36.91607666015625,14.918965339660645,0.5958680691612396,0.4041319308387605,0.2663103207113598,0.3856143856143856,0.6076423576423576,0.0,815119.2713622081,3596940.601572032,2251011.6526667844,16559895.004739292
4,Ridge,train,case_62,400360,2.206405918394533,2.619092767026295,-2.7027813462666783,2.105774784690174,1.824094191247383,0.13411393389738527,2.474723175269594,4.580497959959768,4.507473468780517,6.881496691703797,0.5266860114354849,0.0,6.4952899599075264,8.676642122268657,0.33583599436293465,0.0,14.41285228729248,12.497252464294434,0.13290914142560056,0.8670908585743994,0.24452992306923768,0.30394605394605395,0.5591908091908092,0.0006893795583974423,883356.6734884352,2746328.241807806,990780.1704509346,3193599.9834185
4,Ridge,train,case_63,400360,1.7434215123386023,2.473198680731503,0.04204071062729109,0.33187051759400815,6.012609063696507,-5.472266167953115,3.589908255421658,3.921778773015667,8.285945415496824,6.195109176635742,0.25233526580451365,0.25233526580451365,13.304288787841797,8.704834527969359,0.34571214840703673,0.34571214840703673,25.949066162109375,12.913087844848633,0.5023679170503552,0.4976320829496448,0.30167848935957636,0.1108891108891109,0.493006993006993,0.0014811669497452292,697996.2366798829,2448886.701965993,1437255.669140615,7715973.792316836
4,Ridge,train,case_64,400360,2.174420937139347,2.8085475222247203,-0.6882304805185537,1.8437846240306626,3.362786700574731,-2.294895543300828,3.9771937318564388,5.8209783558871,6.892904663085936,8.018171072006224,0.1632499597660921,0.0,10.860165023803638,9.834364242553708,0.09445535855132492,0.09445535855132492,23.340909957885742,14.133244514465332,0.3944861387166953,0.6055138612833046,0.23588770106903786,0.3494005994005994,0.5831668331668332,2.7475272254970525e-05,870551.1663931089,3158015.3319443,1592309.2824860439,8203529.247202241
4,Ridge,train,case_66,400360,2.0812063847743136,2.916278438454928,-0.12115297632938815,0.6728722481532101,7.3053108508000655,-6.646820612882255,3.3097094398571456,3.9825816880103555,8.640856552124024,6.260122013092041,0.2755206644932406,0.2755206644932406,14.484742507934437,9.44040526390074,0.34825177190899426,0.34825177190899426,22.389339447021484,12.867379188537598,0.4252899144709077,0.5747100855290923,0.21805375162353882,0.03146853146853147,0.21853146853146854,0.0,833231.7882082441,3404933.6570138605,1325075.2713412067,7422607.059131721
4,Ridge,train,case_67,400360,2.0734032584616893,2.93805436026408,0.04998505997851699,0.011281648500104392,6.890955822072328,-6.1483098319008205,5.645845615440947,5.657127263941051,9.483993959426876,7.667740845680236,0.19150719849851072,0.19150719849851072,15.007321405410755,9.91526055335997,0.3393051107851191,0.3393051107851191,33.35513687133789,13.750375747680664,0.5877583773461779,0.41224162265382214,0.22484763712658606,0.3016983016983017,0.593906093906094,0.0,830107.728557722,3455972.9483793015,2260370.7505979375,16399513.343570031
4,Ridge,train,case_68,400360,2.017764779975165,2.8116556050857033,0.04325669599710458,0.36452712059113684,6.708824074695093,-6.223538031288884,4.470923505812859,4.835450626403995,9.673214769363403,6.887010598182679,0.2880329071163676,0.2880329071163676,14.204864883422841,9.342116546630857,0.3423297846688313,0.3423297846688313,30.399791717529297,13.395698547363281,0.5593490023933625,0.4406509976066375,0.24697772005195323,0.18906093906093907,0.42807192807192807,0.0,807832.307310857,3165008.84325092,1789978.9347872362,11310965.499439059
4,Ridge,train,case_71,400360,1.796551050177252,2.4873456303663684,-0.06446647642580094,-0.3079701082187011,5.484328349748727,-4.835687095235904,4.549803349447659,4.241833241228957,7.7705615758895865,6.286432409286499,0.190993810692914,0.190993810692914,12.114842939376807,9.046707696914634,0.25325423183901374,0.25325423183901374,25.56398582458496,12.870776176452637,0.49652701793963705,0.503472982060363,0.25616944749725246,0.3191808191808192,0.6316183816183816,0.0,719267.1784489646,2476982.593743631,1821559.2689848647,10614707.437531048
4,Ridge,train,case_72,400360,2.828861092656144,3.1839756863125044,-3.5052843312648534,2.7512515406777633,1.969146005658525,0.21001141529148043,2.7397326694568966,5.49098421013466,4.794327330589294,7.774302768707274,0.6215627829799635,0.0,7.4184241771698,9.277492790222167,0.2506015521158323,0.0,16.875072479248047,13.187496185302734,0.21852210107423675,0.7814778989257632,0.20671395743830553,0.3126873126873127,0.52997002997003,0.00275502048156659,1132562.8270558137,4058730.0408332436,1096879.3715437632,3906038.355638345
4,Ridge,train,case_73,400360,1.7799049615974532,2.6420155714539835,0.049794939409933736,-0.09326310917000535,7.586954684057211,-6.906633731523038,3.1237290097219934,3.030465900551988,8.22641882896423,5.480108737945557,0.3338402952873304,0.3338402952873304,14.632464952468844,8.455116863250696,0.42216729097142874,0.42216729097142874,22.04593849182129,12.11921501159668,0.4502744795331473,0.5497255204668527,0.3048256569087821,0.036463536463536464,0.5117382617382618,0.0,712602.7504251563,2794611.400582857,1250616.1463322972,6847647.309800914
4,Ridge,train,case_74,400360,2.00750184021093,2.893054609612249,-0.05416606801014501,0.588197075959204,5.739515886518435,-5.095992097667386,5.210357342896367,5.798554418855572,9.183551406860351,7.797564601898193,0.15092056913045535,0.15092056913045535,13.751770725250228,10.447195138931258,0.24030182384085957,0.24030182384085957,29.059873580932617,14.202622413635254,0.5112634480642001,0.4887365519357999,0.23164152262963333,0.3079420579420579,0.6505994005994006,0.0,803723.436746848,3350919.1050701845,2086018.6658019896,14047641.96894774
4,Ridge,train,case_75,400360,2.0525802153205146,2.947402955760156,0.07483049955812926,0.25802226640039544,7.038036745166563,-6.260479740251348,5.667589229630241,5.925611496030635,9.665987253189082,7.906890177726745,0.18198835042762557,0.18198835042762557,15.416833810806175,9.991602668762177,0.3519030696329665,0.3519030696329665,35.16933822631836,14.210254669189453,0.5959476240995784,0.40405237590042165,0.2346887800979119,0.3499000999000999,0.593906093906094,0.0,821771.0150057212,3478001.0597555866,2269076.023974763,16619503.110003779
4,Ridge,train,case_77,400360,2.445925541098575,3.122175443802277,-0.8520914354055473,2.1373271470588637,3.4948785988572277,-2.3590974125641546,4.216345334965462,6.353672482024327,7.30365433692932,8.367635917663574,0.14567797593520618,0.0,11.748572282791129,10.773867626190174,0.08296366853261525,0.08296366853261525,23.54745101928711,15.003382682800293,0.36284472274678864,0.6371552772532114,0.2668098711159956,0.34465534465534464,0.5871628371628371,0.0,979250.7496342255,3902701.073373456,1688056.0183067725,9224613.080135196
4,Ridge,train,case_81,400360,2.2652304668383834,3.2024615390323112,0.012216101778423027,1.0501508670381385,6.898292560698576,-5.966481888004802,5.84957593964784,6.899726806685979,10.314814281463619,8.904286193847657,0.13674779294386047,0.13674779294386047,16.286035861968987,10.85366756439208,0.33355988796896413,0.33355988796896413,35.2658805847168,15.145917892456055,0.5705220558417063,0.4294779441582937,0.23064242182036168,0.3728771228771229,0.5831668331668332,0.0,906907.6697034151,4105996.0371597135,2341936.2231974094,17856109.41474756
4,Ridge,train,case_82,400360,1.9736201400730402,2.910492664893293,0.07075452355554634,0.38593663016780866,6.944481655835499,-6.096852880768133,5.501570875476665,5.887507505644474,9.606270885467529,7.878671669960021,0.1798407765203705,0.1798407765203705,15.515425043106074,10.084733581542938,0.35001886486997275,0.35001886486997275,34.473167419433594,14.362322807312012,0.5833767569841718,0.41662324301582815,0.2625137376361275,0.3543956043956044,0.5711788211788211,0.0,790158.5592796424,3391436.569277928,2202608.9157058373,15767476.08115845
4,Ridge,train,case_83,400360,2.0825095955680797,3.055998454406247,0.08155055128661426,0.5762168333367339,7.1971998839420674,-6.361709335060169,5.771707437600671,6.347924270937405,10.300168991088865,8.338504028320312,0.19044978431574058,0.19044978431574058,16.17190748214708,10.422924747467038,0.3554919381666394,0.3554919381666394,37.063751220703125,14.835511207580566,0.5997299053935554,0.4002700946064446,0.26151463682685583,0.3673826173826174,0.5899100899100899,0.0,833753.5416816364,3739012.706892549,2310760.7897178046,17408040.681773167
4,Ridge,train,case_84,400360,2.1381116147969665,3.081706173093943,0.06121026575414912,0.5271463650241524,7.011885292741664,-6.176416922311157,5.8500024248584594,6.377148789882613,10.052421236038205,8.344214057922363,0.16992992414522706,0.16992992414522706,16.077098846435536,10.574089641571042,0.3422886963268606,0.3422886963268606,35.38292694091797,15.0286283493042,0.5752576270923306,0.4247423729076693,0.263412928364472,0.3678821178821179,0.5994005994005994,0.0,856014.3661001136,3802184.0635715486,2342106.970816333,17751422.6822564
4,Ridge,train,case_85,400360,2.101340382668583,3.0445880678176174,0.044637297891705674,0.5039094105298323,6.925893381207221,-6.116215541570238,5.742957919701812,6.246867330231644,9.90499882698059,8.225895404815674,0.16952080979466091,0.16952080979466091,15.767036905288688,10.36614434242248,0.34254328161397296,0.34254328161397296,34.80757522583008,14.508378982543945,0.5831832901770895,0.4168167098229105,0.2392346887800979,0.3194305694305694,0.5774225774225774,0.0,841292.6356051939,3711143.627019936,2299250.6327318177,17089038.579897046
4,Ridge,train,case_86,400360,2.503881027468301,3.2480811909542684,-0.8344408260445355,2.1825751352773577,3.6185262923216537,-2.393591174165594,4.475714650114444,6.658289785391801,7.60098669528961,8.685301780700684,0.14265451695673043,0.0,12.306284666061373,11.262064800262447,0.08485256875933526,0.08485256875933526,24.116090774536133,15.22262191772461,0.36877738353025363,0.6312226164697463,0.2743530822259966,0.3226773226773227,0.5814185814185814,0.0,1002453.8081572091,4223810.580524651,1791897.1173198188,10322525.946124662
4,Ridge,train,case_87,400360,2.4643489164504637,3.2432375546563876,-0.040448970685802,1.2646539991022105,7.039671187652401,-6.432370647539422,5.09026258343684,6.354916582539051,10.772640562057495,8.378822660446167,0.22221273306403966,0.22221273306403966,15.996327209472646,10.283488540649408,0.3571343967907977,0.3571343967907977,34.780033111572266,14.245246887207031,0.590418823308502,0.409581176691498,0.23478869017883905,0.2425074925074925,0.4915084915084915,0.0,986626.7321901077,4211222.626714354,2037937.5279047734,14421142.352911664
4,Ridge,train,case_92,400360,3.025436130609222,3.7177143875811303,-0.8098678371432186,2.652397351648154,4.215645215987605,-3.078720947664474,5.1309906232953235,7.783387974943477,8.626925182342527,9.785322761535644,0.1342769937965974,0.0,13.86244007110595,11.61719658851623,0.16196596494361581,0.16196596494361581,26.93845558166504,15.906534194946289,0.40952315745329293,0.5904768425467071,0.22339894095314217,0.3738761238761239,0.6003996003996004,0.0,1211263.6092507083,5533535.811147441,2054243.4059425157,13597729.007015591
4,Ridge,train,case_93,400360,2.046581077260549,2.9531018188806417,-0.015641647223334942,0.6635903887944615,6.100480774339453,-5.297699973780693,5.478692639531607,6.1422830283260685,9.250488615036007,8.119140529632567,0.12230144076546558,0.12230144076546558,14.655003519058223,10.365171089172364,0.2927213510598691,0.2927213510598691,30.175100326538086,14.284902572631836,0.5265996660144093,0.47340033398559067,0.24093316015585972,0.3131868131868132,0.5994005994005994,0.0,819369.2000920333,3491463.6327974256,2193449.385162874,15454927.461751582
4,Ridge,train,case_94,400360,2.721063264020017,3.4773126051463215,-1.0575907830695805,2.437687353045327,3.4729839573020875,-2.174406142248618,4.538194797936468,6.975882150981795,7.718307733535765,9.039246606826781,0.17114358728553739,0.0,12.303719158172552,11.865816917419416,0.035591046505825535,0.035591046505825535,24.009641647338867,15.611727714538574,0.34977256454517236,0.6502274354548276,0.2723548806074533,0.3101898101898102,0.6011488511488512,0.0,1089404.888383054,4841034.194627206,1816911.6693018444,10598267.30129735
4,Ridge,train,case_95,400360,2.684694807807528,3.3997687438391253,-0.11254835269594654,1.5750738911046538,7.101320582936355,-6.453975023977025,4.895934174812619,6.471008065917273,10.778055810928343,8.511658477783204,0.21027886410155158,0.21027886410155158,16.617831211090085,10.461624412536619,0.37045789672271173,0.37045789672271173,34.6576042175293,14.641928672790527,0.5775262311586772,0.4224737688413228,0.25596962733539813,0.21178821178821178,0.4647852147852148,0.0,1074844.413253822,4627532.038538356,1960136.20622798,13756096.419497095
4,Ridge,train,case_96,400360,2.3069131372297433,3.0566523376416836,-0.6004099034198316,1.8693275507815563,3.8332803862149927,-2.848497023197997,4.446458726790373,6.315786277571929,7.780730009078979,8.350790548324586,0.07326568825552737,0.0,12.240180082321166,10.929206905364982,0.10710407593182872,0.10710407593182872,24.3714542388916,14.77468490600586,0.39377089437573903,0.6062291056242609,0.2578679188730143,0.3229270729270729,0.6093906093906094,0.0,923595.7436213,3740612.929748904,1780184.2158577936,10252799.934972897
4,Ridge,train,case_97,400360,2.085389989965589,3.0251584804834324,0.04613345371399691,0.6260042989396818,6.870960282507629,-6.036967346391688,5.692470121784694,6.3184744207243755,9.87625789642334,8.269631481170654,0.1626756239156656,0.1626756239156656,15.68950984954829,10.347049827575681,0.34051159489385974,0.34051159489385974,35.222373962402344,14.487948417663574,0.5886720062330681,0.41132799376693185,0.24447996802877411,0.3344155844155844,0.5744255744255744,0.0,834906.7363826233,3663928.1029958664,2279037.33795772,16814484.77921046
4,Ridge,train,case_98,400360,2.3571109425090553,3.331890663936673,0.014186185270573692,1.0423072270963176,6.9904670702496565,-6.095504086576674,6.260926460286945,7.303233687383262,10.456711626052856,9.268923330307006,0.11359099669407353,0.11359099669407353,16.65958471298217,11.042229156494137,0.33718460893629865,0.33718460893629865,34.968265533447266,15.128963470458984,0.5673516189704039,0.4326483810295961,0.20811269857128584,0.34415584415584416,0.6008991008991009,0.0,943692.9369429253,4444594.69691406,2506624.5176404812,20202345.646022253
4,Ridge,train,case_100,400360,2.0922082196673824,3.0525318974678983,0.05354647599061768,0.6543840420754466,7.035574307129479,-6.164817131009894,5.697571016647155,6.351955058722601,10.016252183914181,8.295507192611694,0.17179529425846077,0.17179529425846077,16.072310028076142,10.528318357467647,0.3449405630506066,0.3449405630506066,36.00269317626953,14.906976699829102,0.5859482892892374,0.4140517107107627,0.2654111299830153,0.3508991008991009,0.5759240759240759,0.0,837636.4828260333,3730534.8563782084,2281079.532224855,16938205.916138913
4,Ridge,train,case_101,400360,2.1161885256647115,3.0826684980755186,0.09302297889141842,0.4188691751948498,7.33683454998356,-6.524260994151513,5.892952550035133,6.311821725229984,10.397786188125611,8.315205574035645,0.20029077117091493,0.20029077117091493,16.382473373413045,10.403342514038076,0.3649711934876965,0.3649711934876965,37.050594329833984,14.892263412475586,0.5980560182138834,0.4019439817861166,0.2563193126186432,0.37162837162837165,0.5894105894105894,0.0,847237.2381351239,3804559.051835719,2359302.482932066,18098026.538970944
4,Ridge,train,case_102,400360,1.866060546603666,2.6666290656143,-0.03623374882721242,-0.8563555343819239,7.426471927269087,-6.949889803935579,3.561208677776423,2.7048531433945,8.40616006851196,5.159685039520263,0.38620190461902315,0.38620190461902315,14.098538675308209,8.00331083297729,0.4323304693277136,0.4323304693277136,24.8814754486084,11.691787719726562,0.5301007070953071,0.4698992929046929,0.3404935557997802,0.053946053946053944,0.6748251748251748,0.0001348786092516735,747096.0004382437,2846924.157238086,1425765.5062345688,7824824.903724942
4,Ridge,train,case_104,400360,2.047022940392651,2.9600933396653804,0.023194938830971457,0.4967719235462004,6.528255424112946,-5.728519063680033,5.5717848155386465,6.068556739084846,9.49413046836853,8.025873470306395,0.1546489173446591,0.1546489173446591,15.03142244338985,10.213004131317128,0.320556376498596,0.320556376498596,32.318115234375,14.133709907531738,0.562669115911237,0.437330884088763,0.24452992306923768,0.31218781218781216,0.5934065934065934,0.0,819546.1044156017,3508015.406741169,2230719.7687490527,16020406.29126272
4,Ridge,train,case_105,400360,1.8354401798610886,2.570506616789614,-0.37393329386476193,1.3063440959468167,3.8667330030464004,-3.0029968403831373,4.1177261345419325,5.424070230488749,6.899764347076416,7.538347911834716,0.09255150359285566,0.0,10.9968593406677,9.443940277099603,0.14121477918929246,0.14121477918929246,24.234914779663086,13.423446655273438,0.44611124993359474,0.5538887500664053,0.20871215905684884,0.3086913086913087,0.5659340659340659,0.0,734836.8304091855,2645380.4083197806,1648572.835225208,8713778.17665891
4,Ridge,train,case_106,400360,1.2319112098016212,1.864782787580025,-0.5154995639479736,0.707382507235908,2.566369103700747,-1.3241375514541263,2.8088639096034482,3.516246416839356,5.13510546684265,6.131173467636107,0.1939722576731993,0.0,7.404705095291117,8.283681793212889,0.11870515930212269,0.0,16.977144241333008,11.838235855102539,0.3026956897567699,0.6973043102432301,0.3214107303426916,0.2757242757242757,0.5317182817182817,0.0036267359376561093,493207.97195617703,1392217.807286039,1124556.7548488365,4077379.610060282
4,Ridge,train,case_110,400360,1.8010314249563109,2.5192753973536752,-0.3841792501837533,1.31866147776745,3.8186206187215204,-2.7686756277360667,3.929007749751944,5.247669227519394,6.862423944473265,7.514858126640318,0.09507342994926728,0.0,10.958230762481676,9.515937728881834,0.13161732626930103,0.13161732626930103,24.01297378540039,13.787835121154785,0.42581725843811863,0.5741827415618814,0.2551203916475172,0.33791208791208793,0.5674325674325674,0.0003346987711060046,721060.9412955086,2540984.2405545837,1573017.5426906883,8016131.630889808
4,Ridge,train,case_111,400360,1.2626562671995383,1.9206612508314869,0.23630954987018915,-0.31142048900847863,5.558008391472026,-4.385685968927861,1.8535673291566421,1.542146840148163,5.327201390266418,4.594371032714843,0.1375638546142753,0.1375638546142753,13.019953222274761,7.633126559257501,0.41373625319954177,0.41373625319954177,22.531204223632812,10.32591438293457,0.5417060588308993,0.4582939411691007,0.5464082325906684,0.26698301698301696,0.9892607392607392,0.1127035667898891,505517.0631360072,1476903.874448789,742094.2159011533,3309425.40804822
4,Ridge,train,case_114,400360,2.2871732069155346,2.8878995402283385,-0.9529867466879838,2.001963322627001,3.10764816955373,-2.052372409230477,3.8466171109917005,5.848580433618702,6.512721204757687,7.997241163253784,0.22794157953692562,0.0,10.346745529174791,9.739053373336784,0.058732685956612504,0.058732685956612504,23.000751495361328,13.851926803588867,0.3977619902383428,0.6022380097616572,0.20151863323009292,0.3179320679320679,0.5581918081918081,7.493256069537417e-06,915692.6651207035,3338987.8887320226,1540031.6265566372,7633594.826299871
4,Ridge,train,case_115,400360,2.1196891509046947,3.059246235956805,0.11194625142583148,0.34497050688514735,7.422283393336376,-6.604796432010038,5.918926264383106,6.263896771268252,10.394952774047848,8.258570814132689,0.20552108377527922,0.20552108377527922,16.448994159698447,10.22140744209289,0.37859984976246874,0.37859984976246874,35.972679138183594,14.368210792541504,0.6005799085092273,0.3994200914907728,0.25906683984414025,0.3501498501498502,0.5744255744255744,0.0,848638.7484562036,3746964.248397949,2369701.3192084203,18245386.326437797
4,Ridge,train,case_116,400360,2.0564983274753827,2.9865745599746067,0.027563764411578706,0.859597770832516,6.40811857207752,-5.554789524774402,5.529623456611647,6.389221227444163,9.626658058166502,8.368726062774657,0.13067172302071264,0.13067172302071264,15.341071567535392,10.50009142875669,0.3155568447397854,0.3155568447397854,35.28178024291992,15.134899139404297,0.5710279063244986,0.4289720936755013,0.274902587671096,0.38961038961038963,0.6078921078921079,0.0,823339.6703880442,3571062.1068518297,2213840.047089039,15913985.93365754
4,Ridge,train,case_117,400360,1.8588476660880915,2.7279356401154287,0.011170720017744995,0.25834728647083127,6.022267739756382,-5.24230646564239,5.137139844130944,5.395487130601776,8.875784015655517,7.480477905273437,0.15720370255979357,0.15720370255979357,13.745235443115213,9.817690258026115,0.2857386620508089,0.2857386620508089,30.055034637451172,13.604263305664062,0.5473549283915323,0.4526450716084677,0.24642821460685382,0.3026973026973027,0.5981518481518482,0.0,744208.2515950283,2979332.1304731695,2056705.307996265,13578572.17672394
4,Ridge,train,case_119,400360,1.9981924075123068,2.7854104775261295,-0.22100901162666853,1.3767897886592155,4.730293125086172,-3.8559695136381538,4.592839510915934,5.969629299575149,8.03566355705261,8.129072618484496,0.011624312139089597,0.0,12.864710826873766,10.01857605934143,0.22123581367930137,0.22123581367930137,27.997272491455078,14.34117603302002,0.48776524436810675,0.5122347556318932,0.23309021880307723,0.35214785214785216,0.560939060939061,6.244380057947847e-05,799996.3122716271,3106197.675475129,1838789.2265903032,10989223.476553407
4,Ridge,train,case_120,400360,2.1146848807692695,3.0638512242123,0.0921868579383136,0.4189259588986531,7.23897130171642,-6.421563918469776,5.849380987685487,6.26830694658414,10.294800615310661,8.272083234786987,0.19647951000774544,0.19647951000774544,16.261321811676016,10.369599065780632,0.36231511891394874,0.36231511891394874,36.66416549682617,14.872401237487793,0.5943613870394726,0.4056386129605274,0.26641023079228693,0.36863136863136864,0.5929070929070929,0.0,846635.2388647848,3758253.1159995617,2341858.1722297617,17838317.90270544
4,Ridge,train,case_121,400360,2.122051924417772,2.8989272438460616,-0.314805639904824,1.5209565033458234,4.769062941382032,-3.8601080490904667,4.536640064733341,6.0575965680791635,7.992828512191771,8.122578573226928,0.016233309752266566,0.0,12.891168012618962,9.957858543395991,0.22754411907063815,0.22754411907063815,27.960119247436523,14.094533920288086,0.495905800845956,0.504094199154044,0.22115096413228094,0.3191808191808192,0.5387112887112887,4.745728844040364e-05,849584.7084598992,3364537.02654461,1816289.2163166404,10798811.938567609
4,Ridge,train,case_122,400360,2.6158873109599488,3.0495286947745512,-1.818673824074879,2.4495603481302997,2.4073810413777825,-1.0183031678688086,3.1949199588273136,5.644480306957614,5.731524729728698,7.7885123729705805,0.3588901278873571,0.0,9.12270348548888,9.514035835266114,0.04289653285341455,0.0,22.65458106994629,14.541008949279785,0.3581426686115163,0.6418573313884837,0.23863522829453493,0.34115884115884115,0.5754245754245755,0.0006044559896093515,1047296.6438159251,3723197.969195042,1279118.1547161033,5407584.278401689
4,Ridge,train,case_125,400360,2.1296685252507332,2.8949923472617107,-0.4166232365932927,1.5828636094327149,4.445052680511826,-3.4870120678549226,4.388985807024614,5.971849416457329,7.719360971450801,8.06220908164978,0.04441405337397286,0.0,12.352934799194323,10.194729156494112,0.17471197555749843,0.17471197555749843,25.916418075561523,14.14890193939209,0.4540564248446772,0.5459435751553229,0.23538815066440205,0.3081918081918082,0.5437062937062938,0.0,852634.0907693836,3355409.4293302004,1757174.3577003744,10080810.232415516
4,Ridge,train,case_127,400360,2.1285355090589175,2.858034007219391,-0.3318977565720391,1.5693624265439399,4.634863414294589,-3.7270766322888367,4.408906901601324,5.978269328145264,7.859949254989618,8.050431251525879,0.024234507164959087,0.0,12.608463897705061,9.855068798065181,0.21837672867834765,0.21837672867834765,28.440195083618164,13.998812675476074,0.5077807084544392,0.4922192915455608,0.22080127884903586,0.3209290709290709,0.5364635364635365,0.0002572684583874513,852180.4764068282,3270283.9635881237,1765149.9671251061,10237738.484780371
4,Ridge,train,case_128,400360,2.6563425783522514,3.083523938303303,-2.0175509741776647,2.5117080025825445,2.288413438030735,-0.782223993324831,3.1501356945595393,5.661843697142084,5.586181855201721,7.831748366355896,0.4019859305266184,0.0,8.927573862075796,9.511610908508295,0.06541945834953883,0.0,21.58715057373047,14.450818061828613,0.3305824215904669,0.6694175784095331,0.23568788090718354,0.32817182817182816,0.5711788211788211,0.0007967828953941452,1063493.3146691073,3806670.8743919176,1261188.3266738572,5234424.413455113
4,Ridge,train,case_129,400360,1.9234095010365029,2.6675768671281186,-0.10983806227651272,1.0530350638490529,5.06310764280481,-4.339451994258977,4.307862306820347,5.3608973706694005,8.360485506057739,7.478254985809326,0.1055238382518786,0.1055238382518786,12.449416322708034,9.47890208244323,0.2386067075969268,0.2386067075969268,27.233789443969727,13.673322677612305,0.49792801674759457,0.5020719832524054,0.2322909381556599,0.3179320679320679,0.5751748251748252,0.0,770056.2278349743,2848948.28469796,1724695.7531585942,9996746.400499811
4,Ridge,train,case_130,400360,2.304868806585706,3.038647222892391,-0.5459806045872286,1.841475748513697,4.283300615102392,-3.265236922250855,4.393115192012862,6.234590940526559,7.741332387924194,8.284517335891723,0.07016685510298588,0.0,12.371518497466973,10.434476623535133,0.15657268542486863,0.15657268542486863,25.519859313964844,14.387038230895996,0.43624147555456166,0.5637585244454383,0.2375362174043361,0.28746253746253747,0.5142357642357642,0.0,922777.2754046533,3696674.7937769243,1758827.5982742696,10117884.357995834
4,Ridge,train,case_136,400360,2.696495205608772,3.150559797930865,-1.781345053164221,2.5190450793228094,2.6001559840994197,-1.1751682843251094,3.3661358935285524,5.885180972851362,5.935817217826843,7.955563473701477,0.34026422677046003,0.0,9.499952650070178,9.794682340621945,0.03102433258439345,0.0,21.323503494262695,14.120195388793945,0.3378107217421787,0.6621892782578214,0.23209111799380558,0.30894105894105894,0.5324675324675324,4.745728844040364e-05,1079568.8205175279,3973984.18586979,1347666.1663330912,5965226.870345799
4,Ridge,train,case_137,400360,2.714286094999684,3.113587753383027,-2.2515114354838888,2.577143727462683,2.244012631934581,-0.7100602936608914,3.0236621260769616,5.600805853539645,5.4260913848876955,7.7585338830947865,0.42985684035901395,0.0,8.722746763229296,9.485704803466795,0.08746763616407464,0.0,21.634017944335938,14.447917938232422,0.33216668418197964,0.6678333158180204,0.22869417524228194,0.33291708291708294,0.5604395604395604,0.0010315715855729842,1086691.5809940735,3881261.4735379918,1210553.3687961723,4853983.543434064
4,Ridge,train,case_141,400360,1.5618801998261471,2.287714247357841,-0.06637195206436908,0.19696841221718617,4.842370858269139,-4.104148210601643,4.012784792653495,4.209753204870681,7.26107919216156,6.454596734046936,0.11106922769624022,0.11106922769624022,11.077090291976921,8.595753717422486,0.224006170316374,0.224006170316374,25.202781677246094,12.568621635437012,0.5013002216821019,0.49869977831789813,0.23348985912678588,0.3101898101898102,0.5644355644355644,0.0004046358277550205,625314.3568023962,2095338.7001575443,1606558.519586753,8411696.52556561
4,Ridge,train,case_142,400360,1.6911895666210877,2.501510818506844,-0.07321063108717296,0.6320724577738632,5.1657248608412205,-4.34088329742905,4.321270355732036,4.953342813505899,7.779161429405209,7.112562251091004,0.08569036449024732,0.08569036449024732,12.231397266387924,9.18802070617675,0.24881675363242606,0.24881675363242606,27.647048950195312,13.247499465942383,0.5208349545802502,0.4791650454197498,0.23134179238685185,0.3116883116883117,0.548951048951049,8.742132081126986e-05,677084.6548924186,2505275.270337751,1730063.799620878,9810447.668562127
4,Ridge,train,case_143,400360,2.226761327394114,2.9195224143623704,-0.35653635860584854,1.6858153231081476,4.485382932236959,-3.5245044738551528,4.474318076376679,6.160133399484827,7.921590662002563,8.21995916366577,0.03766522588630955,0.0,12.536460180282564,9.982630167007422,0.20371221034880524,0.20371221034880524,29.560705184936523,14.520050048828125,0.5088056946548346,0.4911943053451654,0.24258167649115797,0.3356643356643357,0.5674325674325674,0.0,891506.1650355074,3412512.9511917806,1791337.9850581675,10530623.36365127
4,Ridge,train,case_144,400360,2.388238810930066,3.265057314516434,-0.14803122645067512,1.5275594898703941,5.802347574855046,-4.848656415558204,5.492587406903478,7.020146896773874,9.57113671302795,9.090053176879882,0.05026399168379147,0.05026399168379147,15.136413698196405,10.94699722290038,0.2767773502249888,0.2767773502249888,31.827865600585938,14.922261238098145,0.5311573378698875,0.46884266213011255,0.2348886002597662,0.3174325674325674,0.5824175824175825,0.0,956155.2903439612,4268077.522567055,2199012.2942278767,15796003.67292771
4,Ridge,train,case_145,400360,2.00560753664577,2.7709486732739976,-0.4141826770769115,1.4828186578876488,3.954872175240512,-3.10388248719968,4.284758478472041,5.76757713635969,7.399078512191771,7.83437864780426,0.05883166868620556,0.0,11.438420429229723,9.972341203689572,0.12817147565180714,0.12817147565180714,25.100421905517578,13.954703330993652,0.4440450689027611,0.5559549310972389,0.20606454191227894,0.3239260739260739,0.6051448551448552,0.0,802965.0333715004,3074026.756325542,1715445.904441066,9523984.02051085
4,Ridge,train,case_146,400360,1.9571896504876065,2.7279599331781563,-0.28162276060474745,1.3553438428460065,4.525026524596504,-3.6760952927894985,4.320783606981047,5.676127449827054,7.589036440849302,7.802695322036742,0.028153624357024315,0.0,12.167704410552965,9.821427402496326,0.19282823849844094,0.19282823849844094,28.361948013305664,14.120532035827637,0.5021310937738424,0.4978689062261577,0.22065141372764513,0.33941058941058944,0.5669330669330669,0.00042212009191727447,783580.4484692181,2979385.194353078,1729868.9248909322,9799086.767015075
4,Ridge,train,case_147,400360,1.9608676081397103,2.8129581016379044,-0.13294922016503397,1.0094993717980536,5.326848709448401,-4.532724703521874,4.797992291013543,5.807491662811597,8.369614458084104,7.918670034408569,0.05387875701251374,0.05387875701251374,13.121011762619016,9.814796390533441,0.25197869127019507,0.25197869127019507,29.499116897583008,13.763740539550781,0.5334185566525043,0.4665814433474958,0.2036167449295634,0.28846153846153844,0.5324675324675324,0.0,785052.9555948144,3167941.896609494,1920924.1936301822,12012770.016969586
4,Ridge,train,case_148,400360,1.7314811264479348,2.4602994433457055,-0.1700624858338835,1.0187989794681063,4.444451594860565,-3.5572725780146714,4.050931678325365,5.06973065779347,7.333276700973511,7.229942107200621,0.014091189789575492,0.014091189789575492,11.485404291152937,9.178700437545755,0.2008378455936468,0.2008378455936468,26.239187240600586,13.525915145874023,0.48451470612073616,0.5154852938792639,0.2403836547107603,0.31493506493506496,0.5499500499500499,0.000179838145668898,693215.7837846952,2423408.446777209,1621831.0067343432,8641105.258012155
4,Ridge,train,case_150,400360,1.8226541960581797,2.49532511233391,-0.258347588970947,1.1672542097587402,4.088816684080722,-3.39283742661933,3.788771955886119,4.95602616564486,7.405756855010986,7.097565698623656,0.04161507897451387,0.04161507897451387,10.835816211700429,9.190026960372922,0.15188419766204567,0.15188419766204567,22.92385482788086,13.299543380737305,0.41983826539671254,0.5801617346032875,0.23314017384354083,0.31093906093906093,0.5656843156843157,0.0,729717.8339338528,2492900.559567544,1516872.7402585666,7728175.482668079
4,Ridge,train,case_151,400360,1.862432826169697,2.5462335978116113,-0.46240172129669377,1.3851172114639985,3.605391604159233,-2.7606231106519816,3.846295328628278,5.231412540092276,6.654342794418334,7.339223337173461,0.10292234168182691,0.0,10.317672529220548,9.238953475952142,0.10455061935852099,0.10455061935852099,23.825817108154297,13.154260635375977,0.4478988663572852,0.5521011336427148,0.19407533220101908,0.28946053946053946,0.5397102897102897,4.995504046358277e-05,745643.6062852999,2595656.2038423293,1539902.7977696173,7697847.87186607
4,Ridge,train,case_153,400360,1.7337069703765633,2.5225450523251283,-0.022870039058960456,0.16409061684614332,5.69098847757295,-4.9166526379243685,4.478284567221076,4.642375184067218,8.088743019104003,6.890308499336243,0.14816078554322917,0.14816078554322917,12.596611623764018,9.054311695098871,0.28121053775941257,0.28121053775941257,28.401994705200195,13.239017486572266,0.5338701515866313,0.46612984841336863,0.23398940953142172,0.29920079920079923,0.537962037962038,4.9955040463582775e-06,694106.9226599609,2547584.1804787572,1792926.0093326299,10519856.4009851
4,Ridge,train,case_155,400360,1.9913811891132736,2.7550994666424407,-0.3152265454888985,1.3966102610146014,4.363756907422051,-3.5544999831443853,4.394123516012045,5.790733777026647,7.589083981513977,7.847020602226256,0.033987846404200946,0.0,11.835097093582132,9.774469404220577,0.17411159985151115,0.17411159985151115,28.122840881347656,13.82138729095459,0.5085351672233952,0.49146483277660474,0.2047157558197622,0.3221778221778222,0.5821678321678322,0.0,797269.3728733902,3038961.8347429777,1759231.2908705822,10040879.112956177
4,Ridge,train,case_157,400360,2.3445068529804316,2.991869637044955,-0.669318126220968,1.9746830040013619,3.777283827387053,-2.792423457148454,4.141123750788858,6.115806754790221,7.273385071754455,8.219620513916016,0.13009560649224838,0.0,11.7065015220642,10.180155019760114,0.13038451320637978,0.13038451320637978,26.843324661254883,14.657450675964355,0.45396291774838804,0.546037082251612,0.22809471475671894,0.3548951048951049,0.5659340659340659,0.0003996403237086622,938646.7636592457,3583736.0322416304,1657940.3048658273,9012562.259375302
4,Ridge,train,case_158,400360,2.1346236181246865,2.9979507028569015,-0.058899719921978066,1.0703543550763648,5.865896880512999,-4.971662044298853,5.309165940253087,6.379520295329451,9.031450700759887,8.466345882415771,0.06257076931135429,0.06257076931135429,14.374462537765476,10.271900901794417,0.28540626303018674,0.28540626303018674,33.08441925048828,14.111747741699219,0.5734624315193035,0.4265375684806965,0.21135977620141871,0.2982017982017982,0.5536963036963037,0.0,854617.9117523994,3598318.94173411,2125577.675839726,14683212.409436893
4,Ridge,train,case_159,400360,1.6680097945293495,2.4771794162333536,-0.046284757080854,0.5184798855663857,5.3685806076457565,-4.540065081699088,4.308228827876949,4.826708713443335,7.735206508636474,7.009875226020813,0.09377012518099136,0.09377012518099136,12.345149745941162,9.189130563735958,0.25564851355835844,0.25564851355835844,27.970979690551758,13.342954635620117,0.5229714946263682,0.4770285053736319,0.2322909381556599,0.29270729270729273,0.5157342657342657,2.4977520231791387e-06,667804.4013377704,2456776.254513763,1724842.4935288155,9779111.391040415
4,Ridge,train,case_164,400360,1.8196540608259113,2.6027439658994913,-0.1705303884172602,1.0387436098715386,4.57167396353121,-3.8343664163094395,4.41744805846477,5.456191668336309,7.523049545288086,7.612888145446776,0.011941779675631514,0.0,11.752422008514381,9.38642943382263,0.20131957250834245,0.20131957250834245,27.64034652709961,13.651423454284668,0.5061051987571751,0.4938948012428249,0.18833050254770706,0.3304195804195804,0.5794205794205795,0.0,728516.6997922618,2712149.200225215,1768569.5046869554,10129589.802121753
4,Ridge,train,case_165,400360,1.741979497351767,2.476286023169953,0.05403380741347663,-0.15887880310946392,6.356022702629095,-5.843732122227271,3.916683115704931,3.757804312595467,8.25058135986328,5.987935042381286,0.2742408345294455,0.2742408345294455,13.54518896102898,8.252378435134887,0.39075206267864554,0.39075206267864554,26.689733505249023,12.182249069213867,0.5435604830292515,0.4564395169707485,0.27794984513937454,0.12787212787212787,0.493006993006993,0.0002073134179238685,697418.9115597535,2455004.504707421,1568083.252203626,8736920.126982423
4,Ridge,train,case_169,400360,1.7873071738012754,2.599876480342146,-0.056597836718119465,0.7737542488169487,5.364687516541193,-4.497615324103853,4.506858299532411,5.2806125483493584,8.090929222106933,7.401766967773438,0.08517714534573974,0.08517714534573974,12.841711378097514,9.424278964996335,0.26611970262233603,0.26611970262233603,28.405933380126953,13.597661972045898,0.5213090944739402,0.47869090552605975,0.24318113697672095,0.3111888111888112,0.5384615384615384,0.0,715566.3001030786,2706176.4539911994,1804365.7888007958,10693238.037052538
4,Ridge,train,case_170,400360,1.4831225011513132,2.140603786062227,-0.11759756898140572,0.01849622531011541,4.432188425488172,-3.7911962821941203,3.5917996307210354,3.6102958560311507,6.727396512031555,5.931648182868957,0.11828473730356878,0.11828473730356878,9.981185073852506,8.238661870956399,0.17458079276186927,0.17458079276186927,23.188430786132812,12.223114013671875,0.4728787762136296,0.5271212237863704,0.2633130182835448,0.3166833166833167,0.5829170829170829,0.0014536916774902588,593782.9245609398,1834523.4140063815,1438012.9001554737,6806542.575703929
4,Ridge,train,case_171,400360,2.311813169183598,3.167207681060893,-0.16250293784860848,1.473541596672986,5.684891226076336,-4.732698531581491,5.335408860563249,6.808950457236236,9.183458948135376,8.859731578826903,0.03525113697755502,0.03525113697755502,14.578658542633027,10.563944444656363,0.2753829569597405,0.2753829569597405,33.82589340209961,14.633955001831055,0.5673741761119986,0.4326258238880014,0.2123089219702268,0.30844155844155846,0.5536963036963037,0.0,925557.5204143453,4016093.0316066374,2136084.2914151023,14851578.007787077
4,Ridge,train,case_173,400360,2.8881061141694637,3.6213391505013446,-0.041809804161979436,1.4285868509023874,9.294708181627177,-8.408764647453717,2.5970050088225753,4.025591859724963,9.599425172805786,6.2780759811401365,0.3459945915381163,0.3459945915381163,17.56222873687742,8.594809694290156,0.5106082591759751,0.5106082591759751,26.76559829711914,12.664639472961426,0.5268314448878,0.4731685551122001,0.2619142771505645,0.026473526473526472,0.31718281718281716,0.0,1156282.1638688864,5250359.972188983,1039736.9253322062,7739855.067462722
4,Ridge,train,case_175,400360,2.1570974000762346,2.8912997121556154,-0.3905809116779091,1.6415196440149846,4.515821859559144,-3.6014968248046784,4.382044370932325,6.02356401494731,7.760565519332886,8.086042404174805,0.04193984111481319,0.0,12.505675315856932,10.005321331024167,0.1999375420903795,0.1999375420903795,28.643783569335938,14.297303199768066,0.5008584265706513,0.49914157342934873,0.2279448496353282,0.34115884115884115,0.548951048951049,0.0003671695474073334,863615.5150945213,3346855.0712536415,1754395.284346466,10094641.527618555
4,Ridge,train,case_176,400360,1.6918564688563147,2.4650998947982803,-0.07630701061455958,0.6810420816926263,5.02059233207828,-4.272293951499711,4.060998864911518,4.742040946604144,7.827819538116455,6.922026824951171,0.11571456249785207,0.11571456249785207,11.872080402374266,9.108197994232171,0.23280522995694616,0.23280522995694616,27.17892074584961,13.222278594970703,0.5135097997962326,0.4864902002037674,0.24088320511539615,0.32042957042957043,0.5644355644355644,6.244380057947847e-05,677351.6558713141,2432874.6148306774,1625861.5055559753,8863012.667989213
4,Ridge,train,case_179,400360,1.9560546418886329,2.8198774870824574,-0.04966037671054302,0.9533079269899114,5.6946770255792805,-4.855609716408164,4.922423795128108,5.875731722118019,8.778277397155762,7.997367238998413,0.08895938494839212,0.08895938494839212,13.768545122146582,9.883699817657456,0.2821536531292901,0.2821536531292901,31.174861907958984,14.196749687194824,0.5446090594046745,0.4553909405953255,0.22869417524228194,0.3014485514485514,0.531968031968032,0.0,783126.036426533,3183546.2321169656,1970741.590617489,12733755.095619332
4,Ridge,train,case_181,400360,1.861127228197956,2.642699802151457,-0.08030190328921138,0.865679006879133,5.324812309339156,-4.6068723099204805,4.400496773867756,5.266175780746889,8.348705530166626,7.329886865615843,0.12203312967135505,0.12203312967135505,12.506495037078853,9.34988784790039,0.25239742868164544,0.25239742868164544,29.049291610717773,13.511982917785645,0.5348601577327146,0.4651398422672855,0.22574682785493055,0.3144355644355644,0.5849150849150849,0.0,745120.8970813337,2796059.0881244848,1761782.8883856947,10340940.005454497
4,Ridge,train,case_182,400360,2.1814748712412135,2.964147920456062,-0.38808806682918084,1.6231214745606437,4.666459721626865,-3.7483437599055787,4.5172521324672905,6.140373607027934,8.005867195129394,8.214962911605834,0.026117809773768166,0.0,12.821896562576253,10.202904129028317,0.20425936371941156,0.20425936371941156,27.602649688720703,14.392955780029297,0.4785661542518252,0.5214338457481749,0.2216005594964532,0.3229270729270729,0.5506993006993007,0.0,873375.2794501322,3517632.1799795623,1808527.0637546044,10703729.078933505
4,Ridge,train,case_184,400360,1.9222695111918329,2.7272656214012736,-0.19150486281045476,1.1838302491531782,5.03544598921963,-4.10746613666244,4.47488648801918,5.658716737172358,7.875815033912657,7.7541557312011715,0.015447201615023937,0.015447201615023937,12.749776926040594,9.726406841278058,0.2371312143185422,0.2371312143185422,29.159093856811523,13.878747940063477,0.5240336339593962,0.4759663660406038,0.2343390948146668,0.3051948051948052,0.516983016983017,0.0,769599.8215007622,2977868.7798679937,1791565.554343359,10516302.702600041
4,Ridge,train,case_187,400360,1.9197741943652367,2.758211840947587,-0.14605517512563448,1.0872846583015867,5.253277124074932,-4.344182464826094,4.630080605487511,5.717365263789097,8.103256320953365,7.812999510765076,0.03581977401328703,0.03581977401328703,13.128380126953111,9.813932924270622,0.25246429267216225,0.25246429267216225,29.0647029876709,14.045660972595215,0.5167450712104881,0.48325492878951193,0.23878509341592566,0.30569430569430567,0.5224775224775224,0.0,768600.7964560662,3045831.807538826,1853699.07121298,11240442.060866356
4,Ridge,train,case_188,400360,2.1122780180688543,2.9015983468674946,-0.28453840280874343,1.4853775327473828,4.882607765275338,-3.9933239348178406,4.561877200521213,6.047254733268597,8.110652208328247,8.14717149734497,0.004502632843660167,0.0,13.086825618743863,10.038905353546133,0.23289989138636388,0.23289989138636388,28.11197280883789,14.293533325195312,0.491549973301707,0.508450026698293,0.22369867119592368,0.3309190809190809,0.5487012987012987,8.742132081126986e-05,845671.6273140465,3370740.1248856266,1826393.1560006728,10955867.98698799
4,Ridge,train,case_193,400360,2.173875650477739,2.883277800954229,-0.5050972552714363,1.7179806818143637,4.056152831437185,-3.135097729265303,4.217785242945701,5.935765924760066,7.433103251457213,8.03033308982849,0.08034730827318909,0.0,11.889664096832272,9.937248249053917,0.16421118644542118,0.16421118644542118,26.4258975982666,14.398940086364746,0.45512011341067027,0.5448798865893297,0.22484763712658606,0.34265734265734266,0.561938061938062,0.0,870332.8554252676,3328309.135706073,1688632.499865741,9333647.424383583
4,Ridge,train,case_194,400360,1.8415162490664143,2.653246832146618,-0.0771073722532627,0.8735142545754933,5.345861596956344,-4.521669439710167,4.4735464772618485,5.347060731837342,8.246804285049436,7.476250433921813,0.09343666037092126,0.09343666037092126,12.928755416870114,9.54618783950804,0.2616313379204563,0.2616313379204563,28.35040283203125,13.841609954833984,0.5117667273780229,0.4882332726219771,0.2372864422020182,0.31218781218781216,0.5422077922077922,0.0,737269.4454762297,2818421.7996692522,1791029.0676365537,10628909.940717285
4,Ridge,train,case_195,400360,2.0391274458933273,2.9002354302624003,-0.16512790166841307,1.1952622103988155,5.377865197897825,-4.4779220429175695,4.837615727860749,6.032877938259563,8.506486845016479,8.108876895904539,0.04674196955290419,0.04674196955290419,13.599721879959082,10.160099229812605,0.2529186023440081,0.2529186023440081,28.627286911010742,14.400659561157227,0.4969603788887732,0.5030396211112268,0.2366370266759916,0.3016983016983017,0.5322177822177823,0.0,816385.0642378526,3367574.3119780743,1936787.8328063295,12259739.691145731
4,Ridge,train,case_196,400360,1.9909254725409333,2.830086799403967,-0.14427628516989177,1.1695152540907203,5.246243540256705,-4.395524506254955,4.721619437764037,5.891134691854757,8.420341682434081,8.024678087234497,0.04698901898779118,0.04698901898779118,13.27775411605834,9.918930978775007,0.2529662100927984,0.2529662100927984,29.805959701538086,14.401627540588379,0.5168205390868456,0.48317946091315445,0.2308921970226796,0.3224275724275724,0.5504495504495505,0.0,797086.922186488,3206639.897729414,1890347.5581032098,11727831.892893458
4,Ridge,train,case_197,400360,1.8982780907055872,2.637697004230465,-0.14317545484070693,1.1498429258769194,4.849228120975592,-4.0019042601724975,4.335292672210596,5.485135598087516,7.936916875839233,7.57799437046051,0.045221905557726,0.045221905557726,12.379508867263791,9.422654409408551,0.2388507080175294,0.2388507080175294,27.07880973815918,13.507171630859375,0.5011903491524147,0.4988096508475854,0.23209111799380558,0.30594405594405594,0.5364635364635365,7.74303127185533e-05,759994.6163948888,2785482.874825554,1735677.7742462344,9961289.997120844
4,Ridge,validation,case_11,400360,2.502164109931905,3.4496426997283725,-0.036967506236448955,1.3883348763936565,7.022952570207969,-6.048610142697249,6.201051010845691,7.589385887239349,10.622378873825072,9.572447538375853,0.09884145048115232,0.09884145048115232,17.002918834686216,11.31100868225096,0.3347607671233289,0.3347607671233289,35.55618667602539,15.603656768798828,0.561154942992805,0.43884505700719495,0.22050154860625437,0.37962037962037964,0.5994005994005994,0.0,1001766.4230523375,4764297.914827786,2482652.782702181,19989509.012440648
4,Ridge,validation,case_17,400360,2.9286929548003227,3.649914776580077,-0.6786616866698132,2.4991389751275666,4.376930674602341,-3.3155721895153296,5.224712665699665,7.723851640827233,8.882305335998534,9.70457935333252,0.0925743921458591,0.0,13.956213130950902,11.551470994949337,0.17230620609171782,0.17230620609171782,27.7415714263916,15.839354515075684,0.4290390305717466,0.5709609694282534,0.2192526725946648,0.3676323676323676,0.6143856143856143,0.0,1172531.511383857,5333547.026554505,2091765.9628395182,14106137.547034325
4,Ridge,validation,case_44,400360,1.9372948221656845,2.814578025974328,0.0557284779695546,0.1248082067022052,6.660031903709434,-5.835092796373229,5.309876889919772,5.434685096621978,9.196964502334595,7.505505228042602,0.1839149508365098,0.1839149508365098,14.862060785293576,9.834101562499987,0.33830834737056753,0.33830834737056753,32.25737762451172,14.17459774017334,0.5605781131630999,0.43942188683690003,0.2645119392546708,0.37512487512487513,0.583916083916084,0.0,775615.3550022534,3171591.6515261657,2125862.31164828,14646837.997959476
4,Ridge,validation,case_61,400360,2.107381794919421,3.015336826088538,0.04110932893485286,0.7680765717695756,6.324336270324627,-5.520612878832311,5.705564880105384,6.473641451874959,9.68325624465942,8.461996221542359,0.1261207998900803,0.1261207998900803,15.157886562347406,10.560222711563107,0.30331826484339963,0.30331826484339963,33.85128402709961,14.763996124267578,0.563857131314479,0.43614286868552093,0.2525726845838745,0.35914085914085914,0.6376123876123876,0.0,843711.3754139394,3640175.6821291945,2284279.9553989917,16829343.90342225
4,Ridge,validation,case_69,400360,2.0669402533589896,3.0446733023793056,-0.014753891409692077,0.8092849499040927,6.524369558641628,-5.680061089622115,5.590349281239787,6.39963423114388,9.673070669174193,8.363583135604859,0.135374544273967,0.135374544273967,15.407477064132683,10.618945245742783,0.31079272735295527,0.31079272735295527,32.95534896850586,14.654362678527832,0.5553267333769569,0.444673266623043,0.2413328004795684,0.3146853146853147,0.5774225774225774,0.0,827520.1998348051,3711351.4200750818,2238152.238237161,16169443.43154454
4,Ridge,validation,case_78,400360,2.687355237155582,3.102861401588195,-2.0572495195326725,2.537423820539382,2.2922607778810575,-0.8425979055907179,3.235144727900909,5.77256854844029,5.647890686988831,7.972864580154418,0.41165348658777706,0.0,8.848848810195921,9.555418691635117,0.07984879124898861,0.0,20.279897689819336,13.643162727355957,0.3272568266355244,0.6727431733644755,0.20671395743830553,0.3354145854145854,0.5536963036963037,0.0010765311219902089,1075909.5427476089,3854565.540582231,1295222.5432624079,5451027.589212791
4,Ridge,validation,case_91,400360,2.452448274328353,3.4241334013466305,-0.015457745420466962,1.2594952597139875,7.057609356053421,-6.140379967609954,6.227670659174811,7.4871659188888,10.791361618041991,9.476457118988037,0.12184787662527921,0.12184787662527921,16.847370262145986,11.295334987640366,0.32954907431341823,0.32954907431341823,35.742393493652344,15.560856819152832,0.5646386462082805,0.43536135379171953,0.22170046957738035,0.37212787212787213,0.6103896103896104,0.0,981862.1911100994,4694096.7083251355,2493310.2251072275,20150156.032166723
4,Ridge,validation,case_107,400360,2.0875088386017326,3.000107910822528,0.06303710963449127,0.5575417175440193,6.574023527172714,-5.802385588592196,5.773947810975519,6.331489528519539,9.823783111572263,8.306287908554078,0.1544715702477796,0.1544715702477796,15.309831600189176,10.372992057800278,0.3224620408187831,0.3224620408187831,35.135074615478516,14.588275909423828,0.5847945089321921,0.41520549106780785,0.24837646118493356,0.34465534465534464,0.6203796203796204,0.0,835755.0386225897,3603499.2237235345,2311657.745602159,17193327.08709395
4,Ridge,validation,case_109,400360,1.8610112401799999,2.7727720312388793,0.05856171457810733,0.20914260092977485,6.690320944294889,-5.827969656515602,5.195676734823355,5.40481933575313,9.180979347229002,7.509453535079956,0.1820639987229189,0.1820639987229189,14.838084297180142,9.801509828567488,0.33943562846383174,0.33943562846383174,33.0452880859375,14.244071006774902,0.5689530389406259,0.4310469610593742,0.26346288340493557,0.3608891108891109,0.5684315684315684,0.0,745074.4601184648,3078073.6701936317,2080141.1375538784,14077284.672122162
4,Ridge,validation,case_139,400360,2.0078494414972625,2.829280997877246,-0.16582831631943717,1.2097683560764187,5.246862299146628,-4.365193493085875,4.656545949523149,5.866314305599568,8.312557744979857,7.94366579055786,0.044377671198107385,0.044377671198107385,13.217778148651119,9.921880941390988,0.24935334594010256,0.24935334594010256,29.612136840820312,14.257505416870117,0.5185249381525161,0.4814750618474839,0.23533819562393846,0.30244755244755245,0.5242257742257742,0.0,803862.602397844,3204814.1251270873,1864294.736351088,11430133.00250851
4,Ridge,validation,case_166,400360,1.8650395813717608,2.69296390102854,-0.07934039421001104,0.6138101109991739,5.4747270627061075,-4.727413644013151,4.752669265709314,5.366479376708488,8.191421604156492,7.481786441802978,0.0866315026433789,0.0866315026433789,12.85470631599426,9.563913145065268,0.2559990940309913,0.2559990940309913,28.598407745361328,13.346435546875,0.5333154326034184,0.4666845673965816,0.19882106104505945,0.27822177822177824,0.5264735264735265,0.0,746687.2467979982,2903432.568543148,1902778.6672193808,11733284.091455607
4,Ridge,validation,case_183,400360,2.0213485068527475,2.8866029487257316,-0.1118500918002916,1.1053806769964711,5.727383658212527,-4.86442691243151,4.862273831097952,5.967654508094424,8.673352289199828,8.04526619911194,0.07241560922989256,0.07241560922989256,13.893857116699213,9.916217975616453,0.2862876095293928,0.2862876095293928,30.76870346069336,14.202871322631836,0.5383987713107304,0.46160122868926956,0.22859426516135478,0.3114385614385614,0.51998001998002,0.0,809267.088203566,3335990.3250069283,1946659.9510183763,12465589.519301178
4,Ridge,validation,case_191,400360,2.031327720221466,2.8474900727004515,-0.21080631164054986,1.2961136812500567,5.104349125670201,-4.213438263888935,4.650895452266001,5.947009133516056,8.205350446701049,8.000830125808715,0.024925238991414533,0.024925238991414533,13.111052494049055,9.965791244506834,0.23989387968432102,0.23989387968432102,29.264482498168945,14.184327125549316,0.5153057250734976,0.4846942749265024,0.23004296133479868,0.3101898101898102,0.5437062937062938,0.0,813262.3660678661,3246198.8375481353,1862032.503269216,11341140.896453092
4,Ridge,validation,case_192,400360,1.9968793726617409,2.801533775802458,-0.1824802058268724,1.2438414146280792,5.054659763934344,-4.1803347024780395,4.594875131585384,5.838716546213464,8.175111389160156,7.919209551811218,0.03130255053016797,0.03130255053016797,12.946696014404287,9.874177665710446,0.23732065271907254,0.23732065271907254,29.42413902282715,14.287396430969238,0.5144328124644488,0.4855671875355511,0.23418922969327605,0.3014485514485514,0.5314685314685315,0.0,799470.6256388546,3142262.0917236973,1839604.2076815246,11110100.202361241
4,Ridge,validation,case_199,400360,1.893469216544135,2.761057925011656,-0.04131604327337435,0.737542439855822,5.913008196721914,-5.1189204888191835,4.738719716338008,5.47626215619383,8.71670413017273,7.573035883903503,0.1312042062217573,0.1312042062217573,13.672717103958115,9.57946334838865,0.29937383509416055,0.29937383509416055,29.847414016723633,13.906326293945312,0.5340860589747058,0.46591394102529415,0.22714556898791088,0.31893106893106893,0.542957042957043,0.0,758069.3355356099,3052120.7848193655,1897193.8256330849,11921292.318331864
4,Ridge,internal_test,case_79,400360,2.115961256358213,3.0710120973471797,0.0499603252764943,0.6070467214836196,6.958803178913292,-6.1361805352789265,5.793376880167527,6.400423601651147,10.056427860260005,8.350886440277097,0.16959714161752176,0.16959714161752176,15.850202865600538,10.456060228347777,0.34032010082089165,0.34032010082089165,36.246280670166016,14.624005317687988,0.5965377675363841,0.4034622324636159,0.24517933859526425,0.33641358641358643,0.5891608391608392,0.0,847146.248595574,3775841.322329828,2319436.367743871,17411772.858387887
4,Ridge,internal_test,case_89,400360,1.9786801349956353,2.8956277305868925,0.014681677358378109,0.6503425851182114,6.3898550387358775,-5.581387539047594,5.266890383352188,5.9172329684704,9.501103210449216,7.890447497367857,0.16952302036988465,0.16952302036988465,14.831547985076902,10.30439284324645,0.30523820887648084,0.30523820887648084,30.670499801635742,14.379598617553711,0.531158647216215,0.468841352783785,0.2653611749425517,0.33266733266733267,0.5979020979020979,0.0,792184.3788468526,3356882.4592410107,2108652.233878882,14512941.660125623
4,Ridge,internal_test,case_99,400360,3.316942431192779,3.762459601522444,-3.0246288420087417,3.221577769310739,2.176593802172645,-0.20521694818973685,3.476781438713956,6.698359208024695,5.963100194931029,8.667133235931395,0.453460943570753,0.0,9.452709732055656,11.073698997497557,0.17148408354747913,0.0,19.247943878173828,14.995916366577148,0.22090814159211358,0.7790918584078864,0.25417124587870915,0.3256743256743257,0.5944055944055944,0.0,1327971.071752341,5667537.098046483,1391964.2168035195,6247768.959238368
4,Ridge,internal_test,case_118,400360,2.0391780587267445,2.934232759823572,0.020550163620366213,0.06576849117418794,7.836575470817634,-7.321290968967277,4.115224517896751,4.180993009070939,9.728425073623656,6.394537973403929,0.342695459438628,0.342695459438628,15.380120143890334,9.253889675140375,0.39832136624651593,0.39832136624651593,27.368141174316406,13.035480499267578,0.5236987263314504,0.4763012736685496,0.24607852932360874,0.07767232767232768,0.3241758241758242,0.0,816405.3275918395,3446988.2554087183,1647571.287985143,10299436.424713062
4,Ridge,internal_test,case_124,400360,2.0367079124720116,2.8540712765797474,-0.17258666105106846,1.2563177959136258,5.279111069110066,-4.388660239808887,4.68614249334891,5.942460289262536,8.326841783523559,8.023210048675537,0.03646421329258618,0.03646421329258618,13.333128252029367,9.940961694717398,0.2544164050020043,0.2544164050020043,28.74965476989746,14.123291015625,0.5087491961672912,0.49125080383270886,0.23134179238685185,0.29795204795204794,0.5112387612387612,0.0,815416.3798372946,3261221.6009456664,1876144.0086371698,11573098.271248205
4,Ridge,internal_test,case_133,400360,2.0857632858058617,2.8573265517760076,-0.2759651154800167,1.4411545702401134,4.859705399059144,-3.965862361054902,4.494560615819249,5.935715186059362,8.05308094024658,8.0000479221344,0.006585432147731196,0.006585432147731196,12.81892926216123,9.92819588661193,0.22550505712533533,0.22550505712533533,28.935829162597656,14.215736389160156,0.5087150843586206,0.49128491564137944,0.2299930062943351,0.3191808191808192,0.5439560439560439,0.0,835056.1891052348,3268665.162802122,1799442.2881493943,10649422.287634764
4,Ridge,internal_test,case_154,400360,1.770538113422892,2.4156588006157658,-0.3142985760885275,1.2054309657336526,3.879840740758278,-3.0543851351235367,3.5978396622740405,4.803270628007693,6.938599348068237,6.955320906639099,0.0024099328599391477,0.0,10.474741182327266,9.006139011383056,0.14020414875949405,0.14020414875949405,24.134431838989258,13.50552749633789,0.4404041666926808,0.5595958333073192,0.2448296533120192,0.3166833166833167,0.5501998001998002,0.0003022279948046758,708852.639089989,2336263.7230757168,1440431.0871880348,6960014.663848389
4,Ridge,internal_test,case_156,400360,2.0599335066128415,2.880225477833259,-0.19689954778841812,1.3262117648483513,5.145975858361688,-4.222811118445681,4.732292953646106,6.058504718494458,8.350664710998535,8.124823617935181,0.027044684570547005,0.027044684570547005,13.289695453643796,10.097704267501825,0.24018542767033718,0.24018542767033718,28.11277961730957,14.050703048706055,0.5002022838021051,0.499797716197895,0.23189129783195125,0.28346653346653344,0.5079920079920079,0.0,824714.9787075173,3321265.972833067,1894620.8069217552,11740791.85297921
4,Ridge,internal_test,case_163,400360,1.8761046256072387,2.6907068897585287,0.039583884388048496,0.5514295276461697,5.922763553356315,-5.279112069229703,4.8691821289669655,5.4206116566131355,9.154281949996946,7.48524694442749,0.182322875205959,0.182322875205959,13.400103712081906,9.553928833007808,0.2870257545548905,0.2870257545548905,30.699800491333008,13.625688552856445,0.5561636123106672,0.44383638768933276,0.21890298731141972,0.3246753246753247,0.6068931068931069,0.0,751117.2479081141,2898567.79192158,1949425.7571532144,12510142.33051967
4,Ridge,internal_test,case_180,400360,1.8704362286627096,2.6827933184530224,-0.1591068632844579,1.0600482808601464,4.608139120056886,-3.813256954394064,4.617005859716327,5.677054140576474,7.6927731275558475,7.827734708786011,0.017543944035828245,0.0,12.1202414035797,9.668895130157466,0.20225226476910196,0.20225226476910196,27.940109252929688,13.742731094360352,0.5081361003296956,0.4918638996703044,0.1928264561894295,0.32667332667332666,0.5984015984015985,0.0,748847.8485074025,2881543.052610705,1848464.4659960286,11020374.196065595
4,Ridge,internal_test,case_185,400360,2.1139286241935213,2.881944513105897,-0.40873684645658304,1.548194588091823,4.423556447348901,-3.515716105541729,4.4111433006062715,5.959337888698095,7.666236424446105,8.044303703308104,0.04931589086613837,0.0,12.235298709869317,10.036349029541006,0.17972178141875528,0.17972178141875528,25.902671813964844,13.946518898010254,0.46157990966432655,0.5384200903356735,0.21335797781996205,0.3081918081918082,0.5611888111888111,0.0,846332.4639821183,3325231.688152059,1766045.331830727,10150713.984372474
4,Ridge,internal_test,case_186,400360,1.9532417823042698,2.673824074872919,-0.3242263996942052,1.3794566869540095,4.165486812282025,-3.3622772635274005,4.10199790038781,5.48145458734182,7.5299984931945785,7.586878323554992,0.007553763843620979,0.0,11.554426622390743,9.566533184051492,0.1720460480909552,0.1720460480909552,25.107419967651367,13.722784996032715,0.4534370710446044,0.5465629289553956,0.2219002897392347,0.3321678321678322,0.5761738261738262,0.00013238085722849435,781999.8799633374,2862307.834014022,1642275.8793992638,8898106.523626285
4,Ridge,internal_test,case_189,400360,2.0580417806487428,2.842752079220984,-0.2691482539447507,1.4160637305553778,4.841851212857124,-3.9244750215047506,4.50395661685842,5.920020347413798,7.995612788200375,8.000476694107055,0.0006083218429309873,0.0,12.753865308761585,9.916972570419308,0.22243395783656292,0.22243395783656292,29.364471435546875,14.536421775817871,0.504965658662565,0.49503434133743496,0.22959336597062643,0.3224275724275724,0.5297202797202797,0.0,823957.6073005307,3235404.9997443003,1803204.071125437,10670825.610614894
4,Ridge,internal_test,case_190,400360,2.038776647366403,2.850160965843745,-0.16544979669126536,1.2709469503204633,5.242207557835698,-4.344031637562227,4.71106754251522,5.982014492835683,8.360267305374144,8.084199666976929,0.03302138894766602,0.03302138894766602,13.360542898178092,9.976166152954065,0.2533113190846113,0.2533113190846113,28.387516021728516,14.069913864135742,0.5043626271010723,0.49563737289892773,0.22859426516135478,0.29245754245754246,0.5112387612387612,0.0,816244.6185396132,3252291.4427989786,1886123.0013213935,11676241.904284762
4,Ridge,internal_test,case_200,400360,2.061847310924068,2.784201385263591,-0.3487397614160064,1.4907022980962705,4.386929688459275,-3.4557894576809507,4.3085884493248345,5.799290747421106,7.528428196907043,7.860623288154602,0.04412542466487724,0.0,12.027814435958856,9.707681570053097,0.19289729470463002,0.19289729470463002,27.248859405517578,14.145668029785156,0.4808711873304751,0.5191288126695249,0.230842241982216,0.3196803196803197,0.560939060939061,0.0,825481.1894015599,3103501.5813288135,1724986.4715716909,9733294.889121156
4,HistGradientBoosting,train,case_01,400360,0.6149410141905242,0.8123617983971412,0.9372252522273175,-0.41449291172612857,1.5960189243008716,-1.1301284250026742,5.896753568734742,5.482260657008612,10.326234483718872,9.910319770409647,0.04027748100868604,0.04027748100868604,16.558459148406914,15.178879661265372,0.08331569228615525,0.08331569228615525,37.16805648803711,32.128211285869085,0.13559614567929174,0.8644038543207083,0.8773603756619043,0.9063436563436563,1.0,0.05244779698271555,246197.78444131825,264210.2520069532,2360824.2587786415,18130060.897750977
4,HistGradientBoosting,train,case_06,400360,0.5028913107073119,0.7201044501725878,0.9493306436619853,0.13693493817586255,1.2074425510891036,-0.4764948705382903,5.917631487748422,6.054566425924286,10.134570455551147,10.176197001532296,0.004107381379775049,0.0,15.962084121704066,15.350657094864584,0.03830496206996611,0.03830496206996611,32.9944953918457,29.537773026182766,0.10476663833195751,0.8952333616680425,0.8258067739034869,0.9010989010989011,1.0,0.05154111299830153,201337.56515477935,207606.84581424302,2369182.942434958,18117237.60923312
4,HistGradientBoosting,train,case_10,400360,0.5296059542009631,0.7089994038252339,0.9498941504615233,-0.32099190963792557,1.2543123398460259,-0.7459185890713118,5.735561601321801,5.414569691683877,10.146135330200195,9.91327518587594,0.022950624720246223,0.022950624720246223,16.147420253753637,15.229094839671347,0.056871339176845614,0.056871339176845614,36.003170013427734,32.48897792543061,0.09760785193877293,0.902392148061227,0.8872514736736937,0.9025974025974026,1.0,0.053476870816265364,212033.0398238976,201253.02670547963,2296289.4427051963,17187067.072017305
4,HistGradientBoosting,train,case_12,400360,0.6142305745600009,0.8023356496044516,0.9347523360962421,-0.422433001476807,1.4174406068879064,-0.9363517143679075,5.6733454984825915,5.250912497005785,10.082114791870117,9.774253137153014,0.030535424469214745,0.030535424469214745,16.142577419280983,15.076039078177347,0.06606989165371716,0.06606989165371716,36.23194885253906,32.49708172076038,0.10308214849218504,0.896917851507815,0.8680687381356779,0.8928571428571429,1.0,0.05255270256768908,245913.35283084196,257728.74514854435,2271380.6037724903,16836334.16889702
4,HistGradientBoosting,train,case_13,400360,0.4300853052892051,0.6328606799723023,0.9510491425165262,-0.06966074628668995,1.1574959717473872,0.05949137135527122,5.239577948061452,5.169917201774763,9.118360137939451,9.501907878440967,0.04206323666748586,0.0,14.603178558349592,14.644755304159007,0.0028471024745255224,0.0,30.08977508544922,31.780574332073094,0.05619182070395435,1.0561918207039545,0.8511339794185233,0.8821178821178821,1.0,0.05205315216305325,172188.95282558614,160349.24065249373,2097717.427285883,14266872.702133816
4,HistGradientBoosting,train,case_14,400360,0.4410438940046219,0.6306919339678435,0.9527433130341376,0.07846533908297136,1.03194250185061,0.31402158874648933,5.300424085269767,5.378889424352736,9.186977624893188,9.815324527246592,0.06839538834304155,0.0,14.805124273300162,15.04750291833653,0.01637126717493875,0.0,30.95267105102539,32.04136348434145,0.03517281049901495,1.035172810499015,0.8761614546907783,0.9058441558441559,1.0,0.05365670896193426,176576.33340369043,159252.12426244546,2122077.7867786037,14617850.616076909
4,HistGradientBoosting,train,case_15,400360,0.8262706771278138,1.1587840141042878,0.6002151454168632,0.6861306455236089,2.344033151819141,1.200683232785838,3.3780577288595954,4.064188374383203,5.832143068313598,7.3819927138897485,0.26574273426119843,0.0,9.363036231994613,11.415942507462708,0.21925647029465387,0.0,18.940412521362305,29.885992228326277,0.5778955286543411,1.5778955286543412,0.7010190828254571,0.5824175824175825,0.993006993006993,0.029530922170046957,330805.72829489154,537595.5574783423,1352439.1923262277,5913329.831794531
4,HistGradientBoosting,train,case_16,400360,0.4718633449444601,0.6504196071347206,0.9555799433533629,-0.11796260180759885,1.06084586904225,-0.33398826011033933,5.625429952986378,5.5074673511787795,9.801409292221068,9.975165143978757,0.01772763962582303,0.0,15.720469598770103,15.161258647632236,0.035572153085148134,0.035572153085148134,34.04954528808594,32.54061627677605,0.04431568758240857,0.9556843124175914,0.8813567788989909,0.9058441558441559,1.0,0.05358177640123889,188915.20878196403,169370.562577638,2252197.1359776263,16482507.138438577
4,HistGradientBoosting,train,case_18,400360,0.5162933528832587,0.6947328420614725,0.9500841513796184,-0.2564091605286705,1.2563870500715566,-0.6551786712526718,5.653727981126508,5.397318820597837,9.915027427673339,9.76759789526571,0.01486930152065387,0.01486930152065387,15.819301843643087,15.068861047009074,0.0474383006311732,0.0474383006311732,36.45985412597656,32.480287116501984,0.1091492850115178,0.8908507149884822,0.8744629833150165,0.8948551448551448,1.0,0.053049755220301725,206703.20676034148,193235.24407538632,2263526.534523809,16668583.556267565
4,HistGradientBoosting,train,case_19,400360,0.6113294189877414,0.8042034993714974,0.9384834124242517,-0.41733413281509857,1.5527974437556287,-1.1008921366065552,5.885521276208228,5.468187143393128,10.343796873092652,9.95527085721695,0.037561257306432144,0.037561257306432144,16.581697864532423,15.22924109058728,0.08156322621448753,0.08156322621448753,35.93040466308594,31.231528756383693,0.13077714962475112,0.8692228503752489,0.8748626236387251,0.903096903096903,1.0,0.05277500249775202,244751.84618593214,258930.1349371693,2356327.298142726,18077325.27607492
4,HistGradientBoosting,train,case_20,400360,0.5893860436963504,0.7563872074908313,0.9436532727908264,-0.41062614544589726,1.3666639624746892,-0.8719178333438752,5.788521283110883,5.377895137664983,10.149102687835692,9.864873837447167,0.02800531821686955,0.02800531821686955,16.289631748199415,15.203513494516757,0.06667543321246121,0.06667543321246121,36.26679992675781,32.485342138077655,0.10426775442876007,0.89573224557124,0.8820061944250175,0.9053446553446554,1.0,0.0533644719752223,235966.59645427085,229054.60684106723,2317492.380906273,17479945.55924125
4,HistGradientBoosting,train,case_21,400360,0.5187688769496681,0.7728619437510098,0.8989255060577649,0.22058482253784625,1.3183907840018219,0.6006490498765807,4.529992944088067,4.750577766625913,8.021694707870484,8.879771514754784,0.10696951680826228,0.0,12.29129181861873,13.252826115556402,0.07822890475036563,0.0,23.24169158935547,26.39066262303564,0.13548803113463478,1.1354880311346347,0.8042761514636827,0.8476523476523476,1.0,0.04557148566290339,207694.30757556914,239141.26724971115,1813627.9750950986,10581712.180962272
4,HistGradientBoosting,train,case_24,400360,0.5063936741345662,0.6805764465747544,0.9424121090003725,-0.15978323273256423,1.156848662963394,-0.28720676601796247,5.304625899199469,5.1448426664669045,9.102337694168089,9.248700136647747,0.016079654194046573,0.0,14.59939882278439,14.324868401668667,0.01880422779376923,0.01880422779376923,27.87183380126953,30.265664256021754,0.08588708126708142,1.0858870812670813,0.8563792586671995,0.8788711288711288,1.0,0.044617344390048955,202739.77137651492,185440.46620079543,2123760.0250034994,14485881.92450586
4,HistGradientBoosting,train,case_27,400360,0.5666237279656118,0.7147693890066136,0.9232409986671057,-0.2591247554175496,1.0460743122937413,-0.2694101176826496,4.916951870695414,4.657827115277866,8.11301689147949,8.323785436924826,0.025979059117538828,0.0,13.111589975357049,12.481942962442,0.04802217077398369,0.04802217077398369,27.218610763549805,27.542486960465805,0.011899071548123379,1.0118990715481233,0.8339494454990508,0.8843656343656343,1.0,0.0528249575382156,226853.47572831233,204542.03408496096,1968550.850951616,12344000.055735279
4,HistGradientBoosting,train,case_28,400360,0.48681018078520044,0.6840254322647411,0.9492757473517118,-0.14287551106332025,1.2833067846603154,-0.5740250694680508,5.5266866433473245,5.383811132284004,9.724851751327513,9.628213716552834,0.009937224468382027,0.009937224468382027,15.672686471939013,15.044747895490241,0.040065790735561345,0.040065790735561345,36.075843811035156,31.79654032965468,0.11861963655778693,0.881380363442213,0.8730642421820362,0.8911088911088911,1.0,0.05335947647117594,194899.32397916284,187324.75747910092,2212664.264530535,15921703.859572133
4,HistGradientBoosting,train,case_29,400360,1.2042996663427785,1.6727334583271656,-1.2236173661502763,1.1302222464486824,2.965678802247543,1.8451951318298816,2.033673969191559,3.163896215640241,3.50241869688034,5.972214859036706,0.7051687350676412,0.0,5.4425946283340405,9.31902931936507,0.7122402008134846,0.0,12.888184547424316,28.213804118426186,1.189121673002787,2.189121673002787,0.5463582775502048,0.23376623376623376,0.9025974025974026,0.014409531421720452,482153.4144169948,1120222.1824430025,814201.7103055326,2159604.52317288
4,HistGradientBoosting,train,case_32,400360,0.5967054635520432,0.8244107691193576,0.925507348717653,-0.2971616609617693,1.7606086745650282,-1.080670282886965,5.271242364639071,4.974080703677301,10.015990829467771,9.33248999292651,0.06824096069760294,0.06824096069760294,15.115796918868979,14.202161611479813,0.060442417445333574,0.060442417445333574,33.723785400390625,29.07215025856101,0.13793336325096336,0.8620666367490366,0.8048756119492457,0.8489010989010989,1.0,0.05166350284743731,238896.99938769604,272105.9216178347,2110394.5931068985,14777190.176314557
4,HistGradientBoosting,train,case_34,400360,0.4581484467296261,0.6538147252759409,0.9329096649458379,-0.052799705633026356,1.1257873646114926,-0.3668962719868132,4.684073457170518,4.631273751537492,8.226318550109863,8.360620826219069,0.01632592699773496,0.0,12.876111402511585,12.2345999795293,0.04982182919426694,0.04982182919426694,30.05852508544922,27.883526495588598,0.0723587928442137,0.9276412071557862,0.8418922969327605,0.8873626373626373,0.9995004995004995,0.053269557398341494,183424.3121326731,171143.3685252572,1875315.6493127886,11335055.49990527
4,HistGradientBoosting,train,case_35,400360,0.40578808294880825,0.5725377947989881,0.9214277965228256,-0.00968702765186256,0.8574798525642414,0.03552921608737867,3.846318012911481,3.8366309852596183,6.875816249847412,7.110109989748444,0.03407504380388751,0.0,10.138929128646827,10.27520999951212,0.013441347615325576,0.0,21.769367218017578,23.741335710781428,0.09058455732841583,1.0905845573284159,0.8063742631631532,0.8396603396603397,1.0,0.05381156958737136,162461.31688938488,131237.81841884565,1539911.8796492405,7593273.8350793915
4,HistGradientBoosting,train,case_36,400360,0.8370778312677436,1.1702880355773373,0.887492761494645,0.0031801907911366417,2.5545319926415146,-1.4379712596894219,3.0640295821179975,3.067209772909136,9.813024330139159,8.921602985442314,0.09084063329579081,0.09084063329579081,19.2957092285156,18.48488081753511,0.04202117690404622,0.04202117690404622,31.747325897216797,25.56035901974218,0.1948815121470439,0.805118487852956,0.8469377560195823,0.8411588411588412,1.0,0.0536642022180038,335132.4805263538,548322.6811572227,1226714.8834967616,8632356.497202441
4,HistGradientBoosting,train,case_39,400360,0.7915337524328633,1.0388342642351676,0.7347191923865009,0.6914844290033906,2.1111934868576747,1.4764567158208792,3.087728669230164,3.779213098233556,6.646077251434326,8.191019665998255,0.23245929231871423,0.0,10.974815073013293,12.528629269300492,0.1415799889064169,0.0,22.030895233154297,23.139550076751014,0.050322732320396246,1.0503227323203963,0.866620041962234,0.6855644355644356,0.9995004995004995,0.0535792786492157,316898.4531240211,432059.1550058864,1236203.0500129885,5445745.664773294
4,HistGradientBoosting,train,case_40,400360,0.4935923129854199,0.6735840191289739,0.94071217431629,-0.27370301873217967,1.3333080867478464,-0.8194029120027839,5.041594912488031,4.767891893755852,8.88729267120361,8.67234296263911,0.024186185435411064,0.024186185435411064,14.066408891677813,13.257539006777918,0.05750365222060702,0.05750365222060702,32.35271072387695,29.16829907080457,0.09842797038710653,0.9015720296128935,0.8410430612448796,0.8658841158841158,1.0,0.052822459786192426,197614.6184268427,181649.50988547408,2018452.9391637081,13240080.589726774
4,HistGradientBoosting,train,case_42,400360,0.5859016644200286,0.8153128216943835,0.9045084326723187,0.21940191659498745,1.5894820427042036,-0.4660583307411082,4.11715438872547,4.336556305320459,8.91228380203247,8.826991657563568,0.009570178235285838,0.009570178235285838,13.76958976745605,13.659313336402185,0.008008694007318929,0.008008694007318929,24.76995849609375,25.690243328895825,0.03715326503058957,1.0371532650305895,0.8345489059846138,0.6970529470529471,0.9995004995004995,0.04599860125886702,234571.59036720262,266133.3034867019,1648343.931070129,9573468.703283088
4,HistGradientBoosting,train,case_43,400360,0.5869963036877067,0.827618797810581,0.9025018029603143,0.1305979994767341,1.6547477515030786,-0.6948689226057062,4.204806520399298,4.3354045198760325,9.005365419387815,8.688145511895321,0.0352256563414456,0.0352256563414456,13.601225948333738,13.493166036968681,0.007944865541940014,0.007944865541940014,24.57630157470703,25.935777230074553,0.05531652723396921,1.0553165272339693,0.8113198121690478,0.7065434565434565,0.9997502497502497,0.046150964132280946,235009.84014441026,274227.73283058876,1683436.3385070632,9891168.235563483
4,HistGradientBoosting,train,case_45,400360,0.6474127680754924,0.9552231871628655,0.9112492903199507,0.019576077526807824,2.2556055963118817,-1.4312058750660004,5.207303312044021,5.226879389570829,10.862130212783812,10.045566596071566,0.07517527416042384,0.07517527416042384,15.904301156997667,14.82639848442604,0.06777428708946227,0.06777428708946227,36.334930419921875,28.778653489976826,0.20796178340283983,0.7920382165971601,0.8308522329903087,0.7892107892107892,0.9995004995004995,0.052685083424917574,259198.17582670413,365309.0173988588,2084795.9540099443,14972289.90461304
4,HistGradientBoosting,train,case_47,400360,0.5256151857885184,0.6822707889583165,0.9416109131579138,-0.33728616039667075,1.0828033530442933,-0.5075244547205987,5.241447492183958,4.904161331787285,9.033231782913207,8.905756086633673,0.014111859337060348,0.014111859337060348,14.435490150451656,13.699833829488805,0.05096164475854908,0.05096164475854908,29.597883224487305,29.127650196414862,0.015887387098122045,0.9841126129018779,0.8646717953841543,0.8858641358641358,1.0,0.052515236287341394,210435.29578229124,186364.94942092916,2098465.917970769,14190776.00859728
4,HistGradientBoosting,train,case_48,400360,0.6640812882396732,0.9019558786556684,0.9268601729931478,-0.44079153809384736,1.9703505747628107,-1.4599562894813896,6.037508846064417,5.596717307970569,10.65202441215515,9.913763986740637,0.06930705346225786,0.06930705346225786,16.89704576492309,15.292245947000037,0.09497517141454913,0.09497517141454913,36.57381820678711,30.268413260299234,0.17240215147451474,0.8275978485254852,0.861474672794485,0.8833666333666333,1.0,0.053174642821460685,265871.58455963555,325702.6316031425,2417177.04161035,19046877.92117989
4,HistGradientBoosting,train,case_49,400360,0.6749003744619126,0.8542818522585072,0.9294353208363215,-0.5086013671335984,1.4235815832081418,-0.9920849624455435,5.85295244275635,5.344351075622752,10.265372943878171,9.803181245119646,0.04502434556302767,0.04502434556302767,16.352748069763166,15.177776911883852,0.07185160273164602,0.07185160273164602,34.92753982543945,32.166355725709415,0.07905464036487708,0.9209453596351229,0.8865021480667399,0.9018481518481518,1.0,0.053514337096613046,270203.11391957133,292181.7203332057,2343288.0399819324,17855776.270638056
4,HistGradientBoosting,train,case_51,400360,1.6947447649706537,1.956603258999448,-0.06702336699573364,1.648586786875937,3.272020799962414,2.6550951331630017,3.495074740730534,5.143661527606472,6.196873641014097,8.92163654404029,0.4396996067488468,0.0,9.536471252441398,13.275710310889355,0.3920988130164696,0.0,19.359146118164062,28.1420359947427,0.45368167702076145,1.4536816770207615,0.6907782995304226,0.6928071928071928,0.9992507492507493,0.035717853931461686,678508.0141036509,1532696.7119236302,1399288.1231988766,6327039.392613842
4,HistGradientBoosting,train,case_52,400360,0.6168439843259772,0.768368198484972,0.9360980707126172,-0.3711967893290587,1.1557366875981923,-0.6072085647511658,5.676126365691693,5.3049295763626345,9.567922735214232,9.511578382255244,0.005888880430818608,0.005888880430818608,15.024835319519037,14.263808486971149,0.05065125948896251,0.05065125948896251,33.935302734375,30.402465035386566,0.10410508863413856,0.8958949113658614,0.8601758417424318,0.8896103896103896,1.0,0.052797482265960635,246959.65756474825,236368.41566505603,2272493.951768326,16597887.395390868
4,HistGradientBoosting,train,case_54,400360,0.6342510965602598,0.7943449414779907,0.9259578899057969,-0.4575061607208415,1.408171257351091,-0.9427779509644608,5.355598113270859,4.898091952550018,9.406452131271362,8.867747054856851,0.05726974090726595,0.05726974090726595,14.854768409728997,13.615190940982774,0.08344643514835093,0.08344643514835093,33.38887405395508,30.402465035386566,0.08944323829975803,0.9105567617002419,0.8541812368868019,0.8873626373626373,1.0,0.05356678988909981,253928.76901886563,252620.70861964763,2144167.260629121,14895149.962829953
4,HistGradientBoosting,train,case_56,400360,0.5805196756461226,0.8255084181339554,0.9067054472848954,0.2012694165981327,1.493462208322504,0.5059834478922217,4.807046602232076,5.008316018830209,9.012357282638549,9.425841454016378,0.04587969145146605,0.0,12.885962295532151,14.142179417860156,0.09748725733611399,0.0,27.991840362548828,29.084694494209902,0.03904188211659131,1.0390418821165912,0.7822459786192427,0.8646353646353646,0.9997502497502497,0.053049755220301725,232416.85734168167,272830.98645743774,1924549.177669634,12175801.835297506
4,HistGradientBoosting,train,case_57,400360,0.5738089454793418,0.8219171515849307,0.9223863767553308,-0.09228629168417124,1.768235057369564,-1.243764385988684,5.400399450375989,5.3081131586918175,9.728502988815302,9.062789406396199,0.068429190306511,0.068429190306511,14.611289510726927,13.146924911778278,0.10022144848157177,0.10022144848157177,32.06071853637695,28.199149248904796,0.12044550040544841,0.8795544995945516,0.7565690878209611,0.8853646353646354,1.0,0.05320461584573884,229730.14941210928,270462.31883725943,2162103.923952531,15160952.23359229
4,HistGradientBoosting,train,case_58,400360,0.7723202719224721,1.0281440948767626,0.7423625939705901,0.6857634421441047,1.99637710376687,1.2979358015071272,3.828242068613012,4.514005510757116,6.500666666030883,7.912629337333711,0.2172027491704834,0.0,10.108694267272929,11.915306551782104,0.17871865908123397,0.0,20.552814483642578,28.182256568426062,0.371211548221561,1.371211548221561,0.7483265061444699,0.7867132867132867,1.0,0.0453192127085623,309206.1440668809,423212.66083272186,1532674.9945899055,7510118.65249189
4,HistGradientBoosting,train,case_59,400360,0.5260676986470926,0.7631103026371823,0.9297960644557763,-0.08435321993904367,1.6769374212944945,-1.0998129802158616,5.287436591513801,5.203083371574758,9.45020728111267,8.985260700075456,0.049199617236593704,0.049199617236593704,14.667274990081749,13.11422837575737,0.10588515013010759,0.10588515013010759,32.03961944580078,28.030561579972066,0.1251281362005739,0.8748718637994262,0.804475971625537,0.8761238761238761,1.0,0.052135577979818166,210616.46383035,233144.57503664153,2116878.1137784654,14513820.411748566
4,HistGradientBoosting,train,case_60,400360,0.509337590435887,0.7180302836895295,0.9471232064038547,-0.13941707753235097,1.3805006963861612,-0.7679019052137985,5.622468909648277,5.483051832115927,9.96433162689209,9.770060633503014,0.01949664068433551,0.01949664068433551,15.850470104217512,15.015724719152233,0.05266376199423694,0.05266376199423694,36.91607666015625,32.3147649679567,0.12464248935656198,0.875357510643438,0.862074133280048,0.8936063936063936,1.0,0.052942351883305025,203918.39770691172,206412.59961389273,2251011.6526667844,16559895.004739292
4,HistGradientBoosting,train,case_62,400360,0.6150797486459726,1.0281493006538072,0.42939092597408934,0.5102458712004039,2.3670953750205834,1.7393982038669136,2.474723175269594,2.984969046469999,4.507473468780517,6.816368010258341,0.5122369676648343,0.0,6.4952899599075264,9.01371635576459,0.3877311731119265,0.0,14.41285228729248,20.312301085063236,0.4093186192556889,1.4093186192556888,0.6271355779798181,0.43156843156843155,0.9485514485514486,0.05456339294634829,246253.3281679016,423216.9465283616,990780.1704509346,3193599.9834185
4,HistGradientBoosting,train,case_63,400360,0.5773034951654522,0.8477868726178047,0.8874352487651407,-0.1025118680183903,2.0968391598260645,-1.0763986940397563,3.589908255421658,3.4873963874032685,8.285945415496824,7.905325458933522,0.045935609936730515,0.045935609936730515,13.304288787841797,11.909910844346602,0.10480665037649031,0.10480665037649031,25.949066162109375,23.598564256977717,0.0905813677628154,0.9094186322371846,0.8257068638225596,0.6118881118881119,0.9972527472527473,0.05272005195324208,231129.22732444044,287755.77988252905,1437255.669140615,7715973.792316836
4,HistGradientBoosting,train,case_64,400360,0.5966371354039395,0.7913673777225246,0.8659630704934693,0.43229789566837196,1.3589509267959372,1.105536183892633,3.9771937318564388,4.409491627524812,6.892904663085936,8.149107791911,0.18224582962136382,0.0,10.860165023803638,11.95723338534474,0.10101765112560569,0.0,23.340909957885742,26.514223820120264,0.13595501923276201,1.135955019232762,0.8428913977420321,0.8933566433566433,1.0,0.05233539814167249,238869.6435303212,250730.38504691847,1592309.2824860439,8203529.247202241
4,HistGradientBoosting,train,case_66,400360,0.6840642416923353,0.9420624178812457,0.8830052812706923,-0.0371581043185788,1.7319831572181181,-0.6408734464824132,3.3097094398571456,3.272551335538567,8.640856552124024,8.17781173943869,0.053587837026586475,0.053587837026586475,14.484742507934437,14.409239104690027,0.005212616185827989,0.005212616185827989,22.389339447021484,23.21964930343426,0.03708505373182117,1.0370850537318212,0.848186632031172,0.8651348651348651,1.0,0.04752472774502947,273871.95980394335,355312.13304940984,1325075.2713412067,7422607.059131721
4,HistGradientBoosting,train,case_67,400360,0.749254354781588,0.8952150296647384,0.9118006242968498,-0.5564328483681927,1.2809090725488732,-0.7756517868072793,5.645845615440947,5.089412767072755,9.483993959426876,9.261205079286338,0.02349103986080576,0.02349103986080576,15.007321405410755,14.078736776215193,0.06187544093383442,0.06187544093383442,33.35513687133789,30.146996191999285,0.09618130759629304,0.9038186924037069,0.8554301128983914,0.8861138861138861,1.0,0.052829953042261964,299971.47348035657,320852.487316817,2260370.7505979375,16399513.343570031
4,HistGradientBoosting,train,case_68,400360,0.6997827591711107,0.9601082179375316,0.8884392158619201,-0.008658595776237187,1.9589591129317898,-1.0952646529913719,4.470923505812859,4.462264910036621,9.673214769363403,9.0160685852643,0.06793462150560212,0.06793462150560212,14.204864883422841,13.581795162092273,0.043863121996865574,0.043863121996865574,30.399791717529297,26.570154088202173,0.12597578512746377,0.8740242148725362,0.81441702467779,0.679070929070929,0.999000999000999,0.051810870216804875,280165.02546174586,369054.96686492756,1789978.9347872362,11310965.499439059
4,HistGradientBoosting,train,case_71,400360,0.4969512434562971,0.6881102316741218,0.9185341214319506,0.04599815627852302,0.9644945135976585,0.22383503317172304,4.549803349447659,4.595801505726182,7.7705615758895865,8.330727369183517,0.07208819952370069,0.0,12.114842939376807,12.151812569693,0.003051597986139041,0.0,25.56398582458496,27.504748160607154,0.07591783023740202,1.075917830237402,0.8300529523428914,0.8826173826173827,1.0,0.05304475971625537,198959.3998301631,189568.73482258184,1821559.2689848647,10614707.437531048
4,HistGradientBoosting,train,case_72,400360,0.5651349871964654,0.914329510155601,0.628474871338395,0.39492199312473825,1.2784951381221987,0.563686420837632,2.7397326694568966,3.134654662581635,4.794327330589294,6.790564738571979,0.41637486769959836,0.0,7.4184241771698,8.723186733560404,0.1758813631075466,0.0,16.875072479248047,20.77823771398012,0.23129768713775603,1.2312976871377561,0.4237686082525727,0.6713286713286714,0.9735264735264735,0.058192626636027575,226257.4434739769,334700.34069968347,1096879.3715437632,3906038.355638345
4,HistGradientBoosting,train,case_73,400360,0.6060515139906525,0.8359558368257002,0.904870927567037,-0.21328740263945659,1.7600308296153748,-1.0724332945129067,3.1237290097219934,2.910441607082537,8.22641882896423,7.618580268912809,0.07388859875591237,0.07388859875591237,14.632464952468844,13.622291370939063,0.06903646000938075,0.06903646000938075,22.04593849182129,22.723185111116187,0.030719790837942625,1.0307197908379426,0.8642721550604456,0.8633866133866134,1.0,0.05240783295034469,242638.78414129763,279780.4404271869,1250616.1463322972,6847647.309800914
4,HistGradientBoosting,train,case_74,400360,0.5894481962219877,0.7909669114859811,0.921202506715764,-0.04058559784993979,1.2992988143512703,0.3186995595486506,5.210357342896367,5.169771745046428,9.183551406860351,9.505247638344906,0.035029610793515006,0.0,13.751770725250228,14.36040418181892,0.044258551769711586,0.0,29.059873580932617,28.83734484109918,0.007657594903628425,0.9923424050963716,0.8015286242381856,0.8666333666333667,1.0,0.04895344190228794,235991.47983943502,250476.68834209238,2086018.6658019896,14047641.96894774
4,HistGradientBoosting,train,case_75,400360,0.5746813665815328,0.7580374066301384,0.9388039272750602,-0.3501388821382547,1.4935312280186033,-1.0228042672294535,5.667589229630241,5.317450347491983,9.665987253189082,9.400713119629941,0.027444080631455314,0.027444080631455314,15.416833810806175,14.048989888839957,0.08872404922776363,0.08872404922776363,35.16933822631836,30.49380921794276,0.13294333200949307,0.867056667990507,0.8708662204016385,0.8898601398601399,1.0,0.05268008792087121,230079.43192458246,230055.1473957645,2269076.023974763,16619503.110003779
4,HistGradientBoosting,train,case_77,400360,0.9222678381862139,1.1556590177723867,0.7462493045540151,0.8468719469881296,2.2755817227353297,1.855109572297954,4.216345334965462,5.063217281953593,7.30365433692932,9.21828944507455,0.2621475524196565,0.0,11.748572282791129,13.864696082639536,0.18011752823345414,0.0,23.54745101928711,30.348584911182947,0.2888267560818028,1.2888267560818027,0.8249075831751423,0.8489010989010989,1.0,0.04695274253172145,369239.1516962326,534699.9033389841,1688056.0183067725,9224613.080135196
4,HistGradientBoosting,train,case_81,400360,0.5275103508867339,0.766665027929997,0.943388403419842,0.07853904034606482,1.5470478845554636,-0.8805555868685724,5.84957593964784,5.928114979993906,10.314814281463619,9.977258873776961,0.032725301539676434,0.032725301539676434,16.286035861968987,15.318901382515856,0.05938427789610702,0.05938427789610702,35.2658805847168,30.86207605041284,0.12487436755549042,0.8751256324445096,0.8017783994405036,0.9038461538461539,1.0,0.05264012388850035,211194.04408101278,235321.7051157796,2341936.2231974094,17856109.41474756
4,HistGradientBoosting,train,case_82,400360,0.5067375254499431,0.6843601007896678,0.9486232295933277,-0.276989767576118,1.1352621235807148,-0.5092821905471966,5.501570875476665,5.224581107900548,9.606270885467529,9.569473731032607,0.0038305347489824425,0.0038305347489824425,15.515425043106074,14.927392004147126,0.03789989879911324,0.03789989879911324,34.473167419433594,31.49423623749844,0.08641303961688872,0.9135869603831113,0.8785093415925667,0.8986013986013986,1.0,0.05268758117694075,202877.43568913924,187508.10457025675,2202608.9157058373,15767476.08115845
4,HistGradientBoosting,train,case_83,400360,0.5719712438875455,0.7612149628305803,0.9430145961890033,-0.3591608155898049,1.4150138441606372,-0.9187776931907757,5.771707437600671,5.412546622010867,10.300168991088865,9.885602695449093,0.040248494563383634,0.040248494563383634,16.17190748214708,15.202968033338204,0.05991497600876917,0.05991497600876917,37.063751220703125,32.34189404638554,0.12739825351730838,0.8726017464826916,0.8795583974423019,0.8921078921078921,1.0,0.053471875312219,228994.40720281773,231987.88921393408,2310760.7897178046,17408040.681773167
4,HistGradientBoosting,train,case_84,400360,0.6002546965365979,0.7601584742600904,0.9428792162092556,-0.36920264421553045,1.2416604797712805,-0.6963636943227902,5.8500024248584594,5.480799780642929,10.052421236038205,9.92758205866865,0.012418816764463006,0.012418816764463006,16.077098846435536,15.139543046204343,0.058316230383758515,0.058316230383758515,35.38292694091797,32.64866584719386,0.07727628351068151,0.9227237164893185,0.87451293835548,0.9065934065934066,1.0,0.0539389549405535,240317.97030539234,231344.38512192763,2342106.970816333,17751422.6822564
4,HistGradientBoosting,train,case_85,400360,0.7419079093114568,0.8944643465841875,0.9175411509485571,-0.550627311264353,1.2411699643152525,-0.7706136648301206,5.742957919701812,5.19233060843746,9.90499882698059,9.70339106175046,0.020354143271674334,0.020354143271674334,15.767036905288688,14.92701857328202,0.0532768672422466,0.0532768672422466,34.80757522583008,31.631649979468797,0.09124235818657324,0.9087576418134268,0.8634728744130282,0.8963536463536463,1.0,0.05266759916075532,297030.25057193486,320314.6108523427,2299250.6327318177,17089038.579897046
4,HistGradientBoosting,train,case_86,400360,0.626053933538242,0.8980849120972948,0.8597558500148674,0.46407381664358605,1.8083933568800734,0.980367100342364,4.475714650114444,4.939788466758031,7.60098669528961,8.901171420669908,0.1710547298005445,0.0,12.306284666061373,13.709245265375786,0.11400358738519503,0.0,24.116090774536133,29.919515322924344,0.24064532691658183,1.2406453269165818,0.7961334798681187,0.8186813186813187,1.0,0.042471775402138076,250646.95283137058,322912.9640780836,1791897.1173198188,10322525.946124662
4,HistGradientBoosting,train,case_87,400360,0.6830259775367237,0.959858879485386,0.9088665024529224,0.1064647964716153,1.9618616547998788,-1.0185045124764758,5.09026258343684,5.196727379908456,10.772640562057495,10.287655613892412,0.04502006220027958,0.04502006220027958,15.996327209472646,15.117431633482383,0.05494358576697545,0.05494358576697545,34.780033111572266,28.32660794636709,0.18554971309265214,0.8144502869073479,0.8435907683085223,0.6970529470529471,0.9997502497502497,0.05284244180237786,273456.2803666027,368863.305875446,2037937.5279047734,14421142.352911664
4,HistGradientBoosting,train,case_92,400360,0.515191289898393,0.7351413170519833,0.9292320716895223,0.18235355371187784,1.2986067556956535,-0.023703172319272225,5.1309906232953235,5.3133441770072025,8.626925182342527,9.374622785205455,0.08667023152041534,0.0,13.86244007110595,13.58505553475561,0.020009791561047426,0.020009791561047426,26.93845558166504,29.016466745379372,0.07713920931416265,1.0771392093141627,0.7791487661105005,0.8486513486513486,1.0,0.050012488760115895,206261.98482372065,216367.65820694313,2054243.4059425157,13597729.007015591
4,HistGradientBoosting,train,case_93,400360,0.49880406854852755,0.6695018956559939,0.9477979833266773,-0.16013939303905284,0.9557694091477408,-0.018616131456646555,5.478692639531607,5.318553246492554,9.250488615036007,9.658612039858939,0.04411912081698655,0.0,14.655003519058223,14.641185914284048,0.0009428591918252309,0.0009428591918252309,30.175100326538086,30.28562325314749,0.003662719441307179,1.0036627194413072,0.8523828554301129,0.8798701298701299,1.0,0.051533619742231994,199701.19688408848,179454.4791185711,2193449.385162874,15454927.461751582
4,HistGradientBoosting,train,case_94,400360,0.5156681166070731,0.7969051191105331,0.891935071766711,0.28944620154720796,1.6410357797615023,0.7830550770231925,4.538194797936468,4.827640999483676,7.718307733535765,8.790074955469603,0.1388603899889931,0.0,12.303719158172552,13.525369333292542,0.09929112973198255,0.0,24.009641647338867,29.829877173818133,0.24241242797242488,1.242412427972425,0.7913877510240783,0.827922077922078,1.0,0.04521180937156559,206452.8871648078,254251.72834262045,1816911.6693018444,10598267.30129735
4,HistGradientBoosting,train,case_95,400360,0.7137007478706648,0.9888043544078159,0.9058888930130314,0.15124443114512812,1.9979536121421562,-1.0493479966503199,4.895934174812619,5.047178605957749,10.778055810928343,10.273045881480867,0.046855382668869176,0.046855382668869176,16.617831211090085,15.494952567528674,0.0675707093963047,0.0675707093963047,34.6576042175293,28.01930482037158,0.1915394773248684,0.8084605226751316,0.8477370366669997,0.6883116883116883,1.0,0.05266010590468578,285737.23141749937,391445.6047768095,1960136.20622798,13756096.419497095
4,HistGradientBoosting,train,case_96,400360,0.7921036502855372,1.0362514310889006,0.8160628611688134,0.7131888898525952,2.094113633829723,1.6023898141237238,4.446458726790373,5.159647616642967,7.780730009078979,9.261646631432988,0.19033132117757534,0.0,12.240180082321166,14.121028089704726,0.15366179212511114,0.0,24.3714542388916,28.71359565917039,0.17816505234840133,1.1781650523484013,0.8095713857528225,0.8763736263736264,1.0,0.048798581276850835,317126.61742831767,429913.385503754,1780184.2158577936,10252799.934972897
4,HistGradientBoosting,train,case_97,400360,0.6343682726941161,0.7824168491001233,0.9361930855346622,-0.43823549094521025,1.251128732741065,-0.7041775545404808,5.692470121784694,5.254234630839485,9.87625789642334,9.718688748736783,0.01595433709194857,0.01595433709194857,15.68950984954829,14.84926119301854,0.053554806019255066,0.053554806019255066,35.222373962402344,30.86614105114616,0.12367800409779842,0.8763219959022016,0.8764112298930962,0.8928571428571429,1.0,0.05129633330002997,253975.68165581633,245090.83370757816,2279037.33795772,16814484.77921046
4,HistGradientBoosting,train,case_98,400360,0.6613516371491283,0.8657189833155741,0.9334470519041594,-0.38286927191738707,1.705357539157303,-1.2024303576700903,6.260926460286945,5.8780571883695565,10.456711626052856,9.980616262994035,0.045530122669982735,0.045530122669982735,16.65958471298217,15.184727370600497,0.08852905806423698,0.08852905806423698,34.968265533447266,29.644908569513852,0.1522339436264462,0.8477660563735537,0.8419422519732241,0.9093406593406593,1.0,0.051873314017384355,264778.741449025,300057.5521980867,2506624.5176404812,20202345.646022253
4,HistGradientBoosting,train,case_100,400360,0.5411252645701405,0.7138631826877356,0.9482382633539,-0.3264197662354411,1.2782816110673627,-0.745775594924325,5.697571016647155,5.371151250411715,10.016252183914181,9.865055841204567,0.015095101434489758,0.015095101434489758,16.072310028076142,15.129174392514068,0.05868077668453035,0.05868077668453035,36.00269317626953,32.13631508119885,0.10739135753375047,0.8926086424662495,0.8771106004595863,0.9018481518481518,1.0,0.05266260365670896,216644.91092330148,204023.71367052034,2281079.532224855,16938205.916138913
4,HistGradientBoosting,train,case_101,400360,0.6883915801940583,0.8584972123314992,0.9296570765104467,-0.5112428997640616,1.506147587097734,-1.0878189118669546,5.892952550035133,5.381709650271074,10.397786188125611,9.81570779408485,0.05598099282956039,0.05598099282956039,16.382473373413045,15.220854777593402,0.07090617938710174,0.07090617938710174,37.050594329833984,32.48897792543061,0.12311857574522782,0.8768814242547722,0.8712658607253472,0.8986013986013986,1.0,0.05317214506943751,275604.4530464932,295072.31171927124,2359302.482932066,18098026.538970944
4,HistGradientBoosting,train,case_102,400360,0.6254761924272674,0.9232535408246896,0.8757848753754488,-0.32442203787005797,2.5207055753402243,-1.844989882173686,3.561208677776423,3.236786639906365,8.40616006851196,7.421015747371958,0.1171931432557637,0.1171931432557637,14.098538675308209,11.899893988817011,0.15594840976971916,0.15594840976971916,24.8814754486084,22.933336103031223,0.07829677743994612,0.9217032225600539,0.8369467479268659,0.6398601398601399,1.0,0.052010690378659206,250415.64840018077,341265.703214363,1425765.5062345688,7824824.903724942
4,HistGradientBoosting,train,case_104,400360,0.5829763892429354,0.7331850742800385,0.940072753941257,-0.3504650769787024,1.0147467921421736,-0.37453027267424666,5.5717848155386465,5.221319738559944,9.49413046836853,9.589553600883718,0.010050750074807631,0.0,15.03142244338985,14.589178796746035,0.02942127721507118,0.02942127721507118,32.318115234375,30.073394319356407,0.06945704904941385,0.9305429509505861,0.8670196822859426,0.8868631368631369,1.0,0.05170596463183135,233400.42719730161,215217.6629859432,2230719.7687490527,16020406.29126272
4,HistGradientBoosting,train,case_105,400360,0.48849374394507616,0.7220431911770822,0.8915936931198701,0.2789654456034648,1.044406766486633,0.6856686763006125,4.1177261345419325,4.396691580145396,6.899764347076416,8.025250285008795,0.16311947500196478,0.0,10.9968593406677,11.696190671151403,0.06359373243026678,0.0,24.234914779663086,26.237986692258357,0.08265231921822823,1.0826523192182282,0.8103207113597762,0.8711288711288712,1.0,0.05078928963932461,195573.3553258507,208726.23266324683,1648572.835225208,8713778.17665891
4,HistGradientBoosting,train,case_106,400360,0.5410085924788165,0.7567772060138062,0.7504052779816839,0.4263151999139106,1.3966584390026806,0.8168033922548074,2.8088639096034482,3.23517910951736,5.13510546684265,6.3629360676845925,0.2391052352809574,0.0,7.404705095291117,8.615431284410676,0.16350768511895186,0.0,16.977144241333008,21.01974770849233,0.23812034637233573,1.2381203463723358,0.7764012388850035,0.6568431568431569,0.9902597402597403,0.05362174043360975,216598.200084819,229290.87204306028,1124556.7548488365,4077379.610060282
4,HistGradientBoosting,train,case_110,400360,0.5385151085886519,0.7275727240650683,0.8845500198609091,0.35200062141258714,1.154664572760791,0.7734570601915846,3.929007749751944,4.281008371164532,6.862423944473265,7.946565559002337,0.15798231401926124,0.0,10.958230762481676,11.585863449565645,0.05727500183997134,0.0,24.01297378540039,26.249646541277407,0.09314434671297928,1.0931443467129793,0.8378459386552103,0.8883616383616384,1.0,0.051733439904086326,215599.90887455267,211935.39786615485,1573017.5426906883,8016131.630889808
4,HistGradientBoosting,train,case_111,400360,0.5423139513448818,0.7673492030256613,0.8781005058583888,0.22012060315795326,1.6064519154389352,0.3379351459845931,1.8535673291566421,2.073687932314595,5.327201390266418,6.25280096164465,0.17374968648067984,0.0,13.019953222274761,13.603880783634198,0.04484866814732045,0.0,22.531204223632812,20.59323172824956,0.08601282364439837,0.9139871763556017,0.8664701768408433,0.8946053946053946,1.0,0.0508267559196723,217120.8135604369,235741.8966814253,742094.2159011533,3309425.40804822
4,HistGradientBoosting,train,case_114,400360,0.6750910225935248,0.9070139160383482,0.8073526525465036,0.47704009773652645,1.4245140787104587,1.2215026909303583,3.8466171109917005,4.323657208728225,6.512721204757687,8.097867230226568,0.24339227423260434,0.0,10.346745529174791,11.681553905722478,0.12900755824949184,0.0,23.000751495361328,26.11059544777481,0.13520618893868133,1.1352061889386813,0.8049255669897093,0.8821178821178821,1.0,0.05011739434508942,270279.4418055436,329365.8602826873,1540031.6265566372,7633594.826299871
4,HistGradientBoosting,train,case_115,400360,0.725419278734697,0.889924394400999,0.9248521419188171,-0.5593792013451364,1.5110808024616251,-1.088632143232243,5.918926264383106,5.359547063037969,10.394952774047848,9.850921387352356,0.052336109506310284,0.052336109506310284,16.448994159698447,15.32383539825945,0.06840289141786801,0.06840289141786801,35.972679138183594,31.458073523933646,0.12550095579224932,0.8744990442077507,0.8693675691877311,0.8976023976023976,1.0,0.05341192926366271,290428.8624342233,317071.27865398396,2369701.3192084203,18245386.326437797
4,HistGradientBoosting,train,case_116,400360,0.4966655976271376,0.6761974906287407,0.9501504180947387,-0.14062473346737217,1.0992722715034295,-0.21139933788426432,5.529623456611647,5.388998723144275,9.626658058166502,9.861395483886335,0.02438410342420969,0.0,15.341071567535392,15.084071206995114,0.01675243866824398,0.01675243866824398,35.28178024291992,32.51224919503042,0.07849748592108725,0.9215025140789127,0.8738635228294535,0.8881118881118881,1.0,0.054853132181037066,198845.0386660008,183061.82602972208,2213840.047089039,15913985.93365754
4,HistGradientBoosting,train,case_117,400360,0.625737586146167,0.8092960992273565,0.9129702026487643,-0.23605062768186635,1.2675506588892929,-0.14133478975927402,5.137139844130944,4.901089216449078,8.875784015655517,9.090387895148636,0.024178582885138983,0.0,13.745235443115213,13.670955247175566,0.005404068649609963,0.005404068649609963,30.055034637451172,28.403478074045236,0.05495107835769898,0.945048921642301,0.8220101908282545,0.8459040959040959,1.0,0.05190828254570886,250520.29998947945,262219.85615328694,2056705.307996265,13578572.17672394
4,HistGradientBoosting,train,case_119,400360,0.39917601235708144,0.5815896929180271,0.9467678678153725,-0.006964352394221381,0.864167004611123,-0.22753791958533598,4.592839510915934,4.585875158521713,8.03566355705261,8.390231225242442,0.04412425503786064,0.0,12.864710826873766,12.507719386488537,0.02774966691357659,0.02774966691357659,27.997272491455078,27.398094450093538,0.021401300485410234,0.9785986995145898,0.8300529523428914,0.8868631368631369,1.0,0.05248776101508642,159814.10830728113,135420.39712892106,1838789.2265903032,10989223.476553407
4,HistGradientBoosting,train,case_120,400360,0.6336280411543888,0.8029832567561039,0.9376445956969705,-0.44370718739109805,1.3340603741109958,-0.880923138046483,5.849380987685487,5.405673800294388,10.294800615310661,9.91096070895646,0.03728483150837766,0.03728483150837766,16.261321811676016,15.338741518255148,0.05673464335220482,0.05673464335220482,36.66416549682617,32.48897792543061,0.11387651988852673,0.8861234801114732,0.8812568688180638,0.9040959040959041,1.0,0.05353931461684484,253679.3225565711,258144.9658120827,2341858.1722297617,17838317.90270544
4,HistGradientBoosting,train,case_121,400360,0.360780444584676,0.5237995605695033,0.9570743197366405,0.06345796901696003,0.9923620173270482,-0.45129971394519286,4.536640064733341,4.6000980337503,7.992828512191771,8.10137411638386,0.013580374460245303,0.0,12.891168012618962,12.176604595435682,0.05543046343696747,0.05543046343696747,27.960119247436523,27.45497596291885,0.018066564024543107,0.9819334359754569,0.8599760215805775,0.8898601398601399,1.0,0.051641023079228694,144442.05879392088,109845.16361379689,1816289.2163166404,10798811.938567609
4,HistGradientBoosting,train,case_122,400360,0.516200162040593,0.7360572637599491,0.8357888737788752,0.3747452139337868,1.282763766254496,0.4608254230781765,3.1949199588273136,3.5696651727610993,5.731524729728698,6.830358483716537,0.19171752819774582,0.0,9.12270348548888,9.863000938792164,0.0811489110087645,0.0,22.65458106994629,26.656391998390742,0.1766446669699525,1.1766446669699526,0.7013687681087022,0.7477522477522478,1.0,0.04809171745429114,206665.89687457183,216907.15911990547,1279118.1547161033,5407584.278401689
4,HistGradientBoosting,train,case_125,400360,0.41864099356465534,0.5597452976684415,0.9470409203926806,0.24641709709113857,0.8454683621231919,-0.11697622870184154,4.388985807024614,4.635402904115754,7.719360971450801,8.086229562171047,0.04752577215614984,0.0,12.352934799194323,12.05141691741864,0.02440860303054038,0.02440860303054038,25.916418075561523,27.569526660231897,0.06378615207744354,1.0637861520774436,0.8561794385053452,0.8891108891108891,1.0,0.046585572984314115,167607.1081835454,125438.71263214717,1757174.3577003744,10080810.232415516
4,HistGradientBoosting,train,case_127,400360,0.41429639521107114,0.5854215404495654,0.9441177994532537,0.19782357361635822,0.9161741751867921,-0.2953720613967052,4.408906901601324,4.606730475217682,7.859949254989618,8.158599009177324,0.037996397241129604,0.0,12.608463897705061,12.08777767441237,0.041296562968900885,0.041296562968900885,28.440195083618164,27.425144549796784,0.03569070222046612,0.9643092977795339,0.8465880707363374,0.8893606393606394,1.0,0.051633529823159156,165867.70478670445,137210.73062574488,1765149.9671251061,10237738.484780371
4,HistGradientBoosting,train,case_128,400360,0.5053426901570739,0.74963894782895,0.8216536394065873,0.4048877736768353,1.4442479966569073,0.7267357134594571,3.1501356945595393,3.5550234682363753,5.586181855201721,6.89764884648826,0.2347698347960749,0.0,8.927573862075796,9.914415402333141,0.11053860270475423,0.0,21.58715057373047,26.6323253220569,0.23371193576913918,1.2337119357691393,0.6951243880507543,0.7242757242757243,1.0,0.04816415226296333,202318.99943128612,224985.7259195949,1261188.3266738572,5234424.413455113
4,HistGradientBoosting,train,case_129,400360,0.5768231352688163,0.7413655952442265,0.9142783374959184,0.39295089135632144,1.0943593493743293,0.024402728883162795,4.307862306820347,4.70081319817667,8.360485506057739,8.722390916092166,0.04328760689462387,0.0,12.449416322708034,12.709993709935867,0.0209308918967176,0.0,27.233789443969727,27.14345514978796,0.0033169931921379348,0.996683006807862,0.8130182835448097,0.8251748251748252,1.0,0.05011739434508942,230936.9104362233,220047.0425852228,1724695.7531585942,9996746.400499811
4,HistGradientBoosting,train,case_130,400360,0.4297624621183645,0.6340861542913617,0.9326806342237389,0.04522358561880793,1.2004400403984152,-0.6199488285077339,4.393115192012862,4.438338777631669,7.741332387924194,7.8752772044160695,0.017302553330589162,0.0,12.371518497466973,11.617642564277386,0.06093641078449185,0.06093641078449185,25.519859313964844,27.284263111905798,0.06913846100144627,1.0691384610014463,0.791187930862224,0.8431568431568431,1.0,0.0425641922269957,172059.6993337084,160970.8439159865,1758827.5982742696,10117884.357995834
4,HistGradientBoosting,train,case_136,400360,0.6320270900145664,0.8089841746714977,0.8166168329344683,0.5631763329515135,1.3443880884486936,0.5363904984038128,3.3661358935285524,3.9293122264800653,5.935817217826843,7.094635732820405,0.195224763915122,0.0,9.499952650070178,10.164626529759843,0.06996602027113846,0.0,21.323503494262695,26.7299323364859,0.2535431780090855,1.2535431780090855,0.7409331601558597,0.7362637362637363,0.9997502497502497,0.04279648316515136,253038.36575823178,262017.7618897226,1347666.1663330912,5965226.870345799
4,HistGradientBoosting,train,case_137,400360,0.484863448107738,0.726340251479654,0.8230529652973935,0.35501121270373603,1.4693015253865165,0.6347209129868289,3.0236621260769616,3.378673338780698,5.4260913848876955,6.6793645546772025,0.23097162964855708,0.0,8.722746763229296,9.796216268493112,0.12306553593748959,0.0,21.634017944335938,26.705520194235945,0.2344225775789278,1.2344225775789277,0.6786891797382356,0.737012987012987,1.0,0.04856878809071835,194119.930084414,211217.98962574181,1210553.3687961723,4853983.543434064
4,HistGradientBoosting,train,case_141,400360,0.40054023951421214,0.5467244358428104,0.9390965170023673,0.21105128296913825,0.8453598689267366,-0.1787680082953451,4.012784792653495,4.223836075622633,7.26107919216156,7.462012354245356,0.0276726305782075,0.0,11.077090291976921,10.661831738172246,0.03748805352841118,0.03748805352841118,25.202781677246094,26.84256069279277,0.06506341389399578,1.0650634138939958,0.8621740433609751,0.8866133866133866,1.0,0.05356179438505345,160360.29029190997,119670.65023820486,1606558.519586753,8411696.52556561
4,HistGradientBoosting,train,case_142,400360,0.38442629115890065,0.5428172240070371,0.9494655626558133,0.03790552372455747,1.0606963142004608,-0.5602910197438322,4.321270355732036,4.3591758794565925,7.779161429405209,7.695243604803392,0.01078751551351131,0.01078751551351131,12.231397266387924,11.362598898844261,0.0710301814765787,0.0710301814765787,27.647048950195312,26.915135108128467,0.026473488848135256,0.9735265111518647,0.857877909881107,0.8888611388611388,1.0,0.05300229793186133,153908.90992837746,117966.28966540672,1730063.799620878,9810447.668562127
4,HistGradientBoosting,train,case_143,400360,0.7300084632644105,0.8727141499632572,0.8787862615504436,0.6365051109618033,1.0037494474440865,0.40777323200924787,4.474318076376679,5.1108231873384815,7.921590662002563,8.664181307876737,0.09374261780984881,0.0,12.536460180282564,13.055010531793062,0.041363378820927305,0.0,29.560705184936523,29.312864547824617,0.008384124653365863,0.9916158753466341,0.8633729643321011,0.8486513486513486,1.0,0.05246528124687781,292266.1883525394,304926.1818139528,1791337.9850581675,10530623.36365127
4,HistGradientBoosting,train,case_144,400360,0.519864036305836,0.7112049057171571,0.9455294739116986,0.15037167598913398,1.0253696115447652,-0.17461020081088843,5.492587406903478,5.642959082892614,9.57113671302795,9.797863238122908,0.023688568233106895,0.0,15.136413698196405,14.870035988354447,0.017598469171974235,0.017598469171974235,31.827865600585938,31.705162895592405,0.0038551974088791366,0.9961448025911208,0.8703666699970027,0.8933566433566433,1.0,0.050389649315615945,208132.7655754045,202507.05963690995,2199012.2942278767,15796003.67292771
4,HistGradientBoosting,train,case_145,400360,0.7896073014703577,1.0066501275268713,0.8133596001657695,0.6857502051151049,1.7247599983181323,1.2524491238456,4.284758478472041,4.970508683587146,7.399078512191771,8.520686218721888,0.1515874854797117,0.0,11.438420429229723,13.447477746353227,0.17564114989072815,0.0,25.100421905517578,27.570515974269384,0.09840846811458692,1.098408468114587,0.7970326705964632,0.8219280719280719,1.0,0.05032970326705965,316127.17921667243,405702.5957124766,1715445.904441066,9523984.02051085
4,HistGradientBoosting,train,case_146,400360,0.47280463461126304,0.6233202482339298,0.9330875846846748,0.2755438636517706,0.9361464814897303,0.13615034681103072,4.320783606981047,4.5963274706328185,7.589036440849302,8.082230341840356,0.06498768385619451,0.0,12.167704410552965,12.39197209345266,0.018431388151177428,0.0,28.361948013305664,27.389664750542813,0.03428125819519575,0.9657187418048042,0.8471375761814367,0.8616383616383616,1.0,0.05415875711859327,189292.06351296528,155551.1228708322,1729868.9248909322,9799086.767015075
4,HistGradientBoosting,train,case_147,400360,0.5051971422376161,0.6869978832581838,0.9324236523086963,-0.28881003822318885,1.4415828540665883,-1.1039378820341152,4.797992291013543,4.509182252790354,8.369614458084104,7.913701999805651,0.05447233687545703,0.05447233687545703,13.121011762619016,11.894063294654833,0.09351020257901807,0.09351020257901807,29.499116897583008,27.807160765347497,0.05735616215596407,0.9426438378440359,0.8193625736836847,0.8721278721278721,1.0,0.052760015985612946,202260.727866252,188956.3444334665,1920924.1936301822,12012770.016969586
4,HistGradientBoosting,train,case_148,400360,0.618973971035166,0.7489103685068484,0.8915841434513275,0.4911820374142098,0.8782323542240048,0.26641114387750264,4.050931678325365,4.542113715739574,7.333276700973511,7.911420876234602,0.07883845091844699,0.0,11.485404291152937,11.56701724920434,0.007105797582960904,0.0,26.239187240600586,26.926998965585216,0.026213149007922064,1.026213149007922,0.8566290338695174,0.8751248751248751,1.0,0.05222799480467579,247812.4190436391,224548.60804924596,1621831.0067343432,8641105.258012155
4,HistGradientBoosting,train,case_150,400360,0.7021806674620236,0.8899600977371369,0.8399383030430825,0.5313072709229453,1.4457023370230393,0.5062909950229608,3.788771955886119,4.3200792268090655,7.405756855010986,8.186101567391828,0.1053700152001122,0.0,10.835816211700429,11.873513629313674,0.09576550555487896,0.0,22.92385482788086,26.8804015940895,0.17259517633118743,1.1725951763311875,0.769757218503347,0.7345154845154845,1.0,0.04817164551903287,281125.05202509573,317096.72065692086,1516872.7402585666,7728175.482668079
4,HistGradientBoosting,train,case_151,400360,0.5796516178052294,0.7436634619899539,0.8752550167956292,0.45774439024370117,0.9939984058669233,0.3065543441142457,3.846295328628278,4.304039718871981,6.654342794418334,7.527660970715355,0.13124033481256187,0.0,10.317672529220548,10.68814845962986,0.03590692855972034,0.0,23.825817108154297,26.334246776002676,0.10528199962509903,1.105281999625099,0.7657608152662604,0.8029470529470529,1.0,0.05156109501448696,232069.32170450166,221413.23060364503,1539902.7977696173,7697847.87186607
4,HistGradientBoosting,train,case_153,400360,0.44275450195886296,0.6483390167153116,0.9324310903185036,-0.222329282007628,1.5383949029970674,-1.1273026766006862,4.478284567221076,4.255955285213447,8.088743019104003,7.57899832660173,0.0630190242536272,0.0630190242536272,12.596611623764018,11.067082273713421,0.12142387141356947,0.12142387141356947,28.401994705200195,26.29938934366794,0.07403020046149378,0.9259697995385062,0.8409431511639525,0.8491508491508492,1.0,0.05212808472374863,177261.19240425038,168288.71589116513,1792926.0093326299,10519856.4009851
4,HistGradientBoosting,train,case_155,400360,0.5042067787294029,0.6904371027575747,0.9174011038761534,0.2964239934544901,1.0512851912591659,0.20630551242904982,4.394123516012045,4.690547509466536,7.589083981513977,8.1513264529245,0.0740856831707322,0.0,11.835097093582132,12.445353571133538,0.051563284418032575,0.0,28.122840881347656,26.71445434615415,0.05007981025585553,0.9499201897441445,0.8019282645618943,0.8399100899100899,1.0,0.051815865720851235,201864.22593210376,190852.97036714066,1759231.2908705822,10040879.112956177
4,HistGradientBoosting,train,case_157,400360,0.6673955351610981,0.8315768638162414,0.8710389465267916,0.594256480296869,1.2013747791457252,0.7610355347046532,4.141123750788858,4.735380231085727,7.273385071754455,8.26482379232746,0.13631049515351107,0.0,11.7065015220642,12.705932644088389,0.08537402230209255,0.0,26.843324661254883,29.006774618627638,0.08059545472381205,1.0805954547238121,0.8490358677190528,0.8506493506493507,1.0,0.051463682685582976,267198.4764570972,276856.9794027387,1657940.3048658273,9012562.259375302
4,HistGradientBoosting,train,case_158,400360,0.46119066562957983,0.6569588487981801,0.9491510262392718,0.09330965560734401,1.028162779224592,-0.14491540211746126,5.309165940253087,5.4024755958604285,9.031450700759887,9.404209550653112,0.04127341910440392,0.0,14.374462537765476,14.06092881785523,0.021811856901537113,0.021811856901537113,33.08441925048828,30.402465035386566,0.08106396533051229,0.9189360346694877,0.863273054251174,0.8903596403596403,1.0,0.05083175142371865,184642.2948914586,172793.34578013714,2125577.675839726,14683212.409436893
4,HistGradientBoosting,train,case_159,400360,0.41456424305398454,0.6066225636595408,0.9372560157188967,-0.0277101746348065,1.283645907025594,-0.8103147578145028,4.308228827876949,4.280518653242143,7.735206508636474,7.654176330538831,0.010475502885045415,0.010475502885045415,12.345149745941162,11.267077268173084,0.08732761448458952,0.08732761448458952,27.970979690551758,27.170520929871465,0.028617473164541236,0.9713825268354588,0.8076730942152063,0.8553946053946054,1.0,0.05078928963932461,165974.94034909326,147328.85063285616,1724842.4935288155,9779111.391040415
4,HistGradientBoosting,train,case_164,400360,0.4532099725892806,0.6241070584457926,0.9326964479998534,0.1695324703103171,0.975438354600249,0.012587098809798698,4.41744805846477,4.586980528775088,7.523049545288086,7.9191624657869975,0.05265323830640047,0.0,11.752422008514381,12.015087725308542,0.022349922135527844,0.0,27.64034652709961,26.66193698150999,0.03539787551615361,0.9646021244838464,0.8012288939954041,0.8489010989010989,1.0,0.05504545908682186,181447.14462584438,155944.07162408868,1768569.5046869554,10129589.802121753
4,HistGradientBoosting,train,case_165,400360,0.6673687228682782,0.9087247641152938,0.8726090050207505,-0.021035124535704417,1.4892005967291748,-0.3706781038991171,3.916683115704931,3.895647991169228,8.25058135986328,8.24244159081722,0.0009865691508305562,0.0009865691508305562,13.54518896102898,13.486471191655278,0.004334953874961788,0.004334953874961788,26.689733505249023,24.909938272011956,0.06668463860409239,0.9333153613959076,0.8165151363772605,0.7247752247752248,1.0,0.05021730442601659,267187.7418875439,330609.5598174485,1568083.252203626,8736920.126982423
4,HistGradientBoosting,train,case_169,400360,0.480983182469948,0.6528400958455187,0.933377960056764,0.13257814633712603,1.181331631498318,-0.6144356112495492,4.506858299532411,4.639436445869536,8.090929222106933,8.063633698125095,0.003373595693713169,0.003373595693713169,12.841711378097514,12.058089538453899,0.06102160503156456,0.06102160503156456,28.405933380126953,27.50785695189928,0.03161580421279077,0.9683841957872092,0.8435907683085223,0.8381618381618382,1.0,0.05121640523528824,192566.42693366838,170633.5083661021,1804365.7888007958,10693238.037052538
4,HistGradientBoosting,train,case_170,400360,0.4535684369080125,0.619353595202072,0.9064400037336532,0.2316163264285749,0.999766556148958,-0.019061895547956,3.5917996307210354,3.823415957149611,6.727396512031555,7.0716889462445245,0.05117766339433435,0.0,9.981185073852506,10.044098734669149,0.006303225553993166,0.0,23.188430786132812,24.45132206262456,0.05446212760748705,1.054462127607487,0.8260565491058047,0.8159340659340659,0.9997502497502497,0.054890598461384756,181590.6594004919,153577.6459512131,1438012.9001554737,6806542.575703929
4,HistGradientBoosting,train,case_171,400360,0.483172345796692,0.6805347417313569,0.9463287664047572,0.1358346843729926,1.029698376161853,0.15972964230276426,5.335408860563249,5.471243544936241,9.183458948135376,9.712169436366985,0.05757204243167641,0.0,14.578658542633027,14.798052890157548,0.015049007896229672,0.0,33.82589340209961,31.81783278607785,0.05936459954364771,0.9406354004563523,0.8624737736037567,0.8951048951048951,1.0,0.05122389849135778,193442.8803631636,185417.73979383908,2136084.2914151023,14851578.007787077
4,HistGradientBoosting,train,case_173,400360,0.9520800760906313,1.2779285465274117,0.870263199443529,-0.011360847317198539,2.964886454224849,-2.0273317212484963,2.5970050088225753,2.5856441615053773,9.599425172805786,8.50976576643056,0.11351298507561916,0.11351298507561916,17.56222873687742,15.601919877810653,0.11162073381668701,0.11162073381668701,26.76559829711914,24.31611426079687,0.09151613235508793,0.9084838676449121,0.831052053152163,0.8181818181818182,1.0,0.06444699770206815,381174.7792636451,653828.464505076,1039736.9253322062,7739855.067462722
4,HistGradientBoosting,train,case_175,400360,0.4392906189845095,0.617085786279899,0.9366566359913988,0.2017813236293552,0.9536029296445341,-0.12670594758193018,4.382044370932325,4.583825694561681,7.760565519332886,8.17027983600622,0.05279438923009747,0.0,12.505675315856932,12.368942813129626,0.01093363607113096,0.01093363607113096,28.643783569335938,26.762732471320096,0.06567048286280049,0.9343295171371995,0.8393445898691178,0.8581418581418582,1.0,0.052280447597162556,175874.39221663823,152455.0332038188,1754395.284346466,10094641.527618555
4,HistGradientBoosting,train,case_176,400360,0.5170833658842533,0.6931865123819849,0.9148925985594498,0.206875591833217,1.1152258076933173,-0.19452672191224016,4.060998864911518,4.2678744567447335,7.827819538116455,8.113399513094235,0.0364826978428908,0.0,11.872080402374266,11.814336856980217,0.004863810169488112,0.004863810169488112,27.17892074584961,26.67013584360307,0.018719834647011647,0.9812801653529883,0.8050754321111,0.8354145854145855,1.0,0.05092916375262264,207019.49636541965,192375.99909406126,1625861.5055559753,8863012.667989213
4,HistGradientBoosting,train,case_179,400360,0.519116537782247,0.7110834905636771,0.9332533437481686,-0.3113507018670617,1.5941546514369158,-1.3090946795197,4.922423795128108,4.611073093261046,8.778277397155762,8.168021397998112,0.06951887842543888,0.06951887842543888,13.768545122146582,12.304335262250625,0.10634455905880635,0.10634455905880635,31.174861907958984,27.880652079259946,0.10566878655067988,0.8943312134493201,0.8409431511639525,0.8723776223776224,1.0,0.05234039364571885,207833.49706650042,202437.92252388806,1970741.590617489,12733755.095619332
4,HistGradientBoosting,train,case_181,400360,0.4940964172026718,0.6823927328152465,0.9279691958712277,0.23113074153650487,1.1480715464318558,-0.15642898470647168,4.400496773867756,4.6316275154042605,8.348705530166626,8.600416286195838,0.030149674715403224,0.0,12.506495037078853,12.421911512626684,0.00676316779412606,0.00676316779412606,29.049291610717773,27.201466911765618,0.06360997451209442,0.9363900254879056,0.8281546608052752,0.8174325674325674,1.0,0.05080927165551004,197816.44159126168,186431.5742626718,1761782.8883856947,10340940.005454497
4,HistGradientBoosting,train,case_182,400360,0.4177293407737765,0.6072725788010273,0.9417381034303324,0.13425016529860734,0.9584045589109244,-0.32170425033929917,4.5172521324672905,4.6515022977659,8.005867195129394,8.236272064477967,0.02877950179947367,0.0,12.821896562576253,12.427765462965361,0.030738908061484202,0.030738908061484202,27.602649688720703,27.304287865907856,0.010809173256101095,0.9891908267438989,0.8396443201118993,0.8753746253746254,1.0,0.05038215605954641,167242.11887218917,147644.75478004687,1808527.0637546044,10703729.078933505
4,HistGradientBoosting,train,case_184,400360,0.39297463827468093,0.5545585473463586,0.9507353104965804,0.06992958544291088,1.0878487593228297,-0.6057029477024107,4.47488648801918,4.5448160734620915,7.875815033912657,7.974490599585661,0.012528933862478369,0.0,12.749776926040594,11.82936926520364,0.07219009918182026,0.07219009918182026,29.159093856811523,27.504381518494863,0.05674772839109064,0.9432522716089093,0.840993106204416,0.8921078921078921,1.0,0.05122389849135778,157331.32617965125,123124.78563963792,1791565.554343359,10516302.702600041
4,HistGradientBoosting,train,case_187,400360,0.3946144497838681,0.5747206696330445,0.9502418846193521,-0.07887072185172889,1.2517419321558325,-0.8177044228153266,4.630080605487511,4.551209883635782,8.103256320953365,8.009992293661895,0.011509450472436403,0.011509450472436403,13.128380126953111,12.034437730996226,0.08332653270078431,0.08332653270078431,29.0647029876709,27.84807428644476,0.04185931993670213,0.9581406800632979,0.836796882805475,0.8618881118881119,1.0,0.051516135478069734,157987.84111546943,132240.44862669925,1853699.07121298,11240442.060866356
4,HistGradientBoosting,train,case_188,400360,0.38103439102829073,0.5482953825875667,0.9541328580611932,0.06895482957118015,1.0379252716594496,-0.5279693551903666,4.561877200521213,4.630832030092394,8.110652208328247,8.20740262207873,0.011928808098951256,0.0,13.086825618743863,12.408268220253186,0.05185041951799216,0.05185041951799216,28.11197280883789,27.36806907026488,0.026462167690313808,0.9735378323096862,0.8460885203317015,0.8901098901098901,1.0,0.05195324208212609,152550.9287920865,120359.35664430253,1826393.1560006728,10955867.98698799
4,HistGradientBoosting,train,case_193,400360,0.49165442164348505,0.6442673774123513,0.9248508850905777,0.331354414538187,0.872451517265333,0.29626664385418733,4.217785242945701,4.549139657483891,7.433103251457213,8.09579540738223,0.08915417067496002,0.0,11.889664096832272,12.118285108219514,0.019228550909874114,0.0,26.4258975982666,27.01571367301059,0.0223196231102734,1.0223196231102734,0.8474373064242182,0.8886113886113887,1.0,0.05157608152662604,196838.76424918568,166181.61040241082,1688632.499865741,9333647.424383583
4,HistGradientBoosting,train,case_194,400360,0.4362997550665879,0.628132543229564,0.9396320707593183,0.04952405437502264,1.2473442740399205,-0.6193680080273172,4.4735464772618485,4.523070531636872,8.246804285049436,8.253179165235473,0.00077301218334889,0.0,12.928755416870114,12.166382192925212,0.05896725549855461,0.05896725549855461,28.35040283203125,27.235774573587,0.039316134767048316,0.9606838652329517,0.8137176541112998,0.8526473526473527,1.0,0.05050704366070537,174676.96993845914,157962.2349226871,1791029.0676365537,10628909.940717285
4,HistGradientBoosting,train,case_195,400360,0.48337135158670586,0.6665335303515769,0.9384609059373299,-0.27381181155051465,1.5076602908882064,-1.1316670401597406,4.837615727860749,4.563803916310234,8.506486845016479,8.112474028145392,0.04631910024076726,0.04631910024076726,13.599721879959082,12.231051299691753,0.10063960074685344,0.10063960074685344,28.627286911010742,27.829463429253884,0.02786933614201476,0.9721306638579852,0.8362973324008393,0.8588911088911089,1.0,0.050659406534119295,193522.55432125356,177866.71493412444,1936787.8328063295,12259739.691145731
4,HistGradientBoosting,train,case_196,400360,0.46188619610713405,0.6477191887785738,0.9400616321561776,-0.13901514001216667,1.350075334796446,-0.9745333853797318,4.721619437764037,4.582604297751869,8.420341682434081,8.052140360567654,0.0437275986833816,0.0437275986833816,13.27775411605834,12.231591063195916,0.07879066321895331,0.07879066321895331,29.805959701538086,27.881468022087212,0.06456734487739255,0.9354326551226074,0.8309521430712359,0.8741258741258742,1.0,0.052287940853232094,184920.7574734522,167967.09345789382,1890347.5581032098,11727831.892893458
4,HistGradientBoosting,train,case_197,400360,0.4977904890414483,0.6815042815320835,0.9236866961110994,0.3058714449348203,1.0578858993858493,-0.1330182265210527,4.335292672210596,4.641164117145416,7.936916875839233,8.3618805215913,0.05354266050658761,0.0,12.379508867263791,12.09286854081265,0.02315441828303286,0.02315441828303286,27.07880973815918,26.74981451471888,0.012149545220840394,0.9878504547791596,0.8314017384354081,0.8521478521478522,1.0,0.05190078928963932,199295.40019263423,185946.4356094933,1735677.7742462344,9961289.997120844
4,HistGradientBoosting,validation,case_11,400360,0.7247861352687197,0.9690959833326751,0.9181628483952026,-0.44117669619509087,2.1848616173983686,-1.6036677715044656,6.201051010845691,5.7598743146506,10.622378873825072,10.24688052289873,0.035349741840937296,0.035349741840937296,17.002918834686216,14.840844133412965,0.12715903206351759,0.12715903206351759,35.55618667602539,30.68054973226528,0.13712485504098293,0.8628751449590171,0.7976321310820261,0.8908591408591409,1.0,0.052225497052652614,290175.3771161846,375996.90289357794,2482652.782702181,19989509.012440648
4,HistGradientBoosting,validation,case_17,400360,0.5157416694728657,0.7746846375256652,0.9243780942777243,0.2306569644514515,1.4641575070627952,0.27426932144571425,5.224712665699665,5.455369630151118,8.882305335998534,9.755770135249698,0.0983376236472251,0.0,13.956213130950902,13.918347573116158,0.0027131684991803942,0.0027131684991803942,27.7415714263916,29.015419870868172,0.045918395353217456,1.0459183953532174,0.798731141972225,0.8486513486513486,1.0,0.05106903786592067,206482.3347901565,240270.56411085106,2091765.9628395182,14106137.547034325
4,HistGradientBoosting,validation,case_44,400360,0.5826655140512933,0.7539717078228853,0.9322389064795991,-0.39409672056271616,1.35592370226702,-0.859803281446329,5.309876889919772,4.915780169357055,9.196964502334595,8.976453397584303,0.023976509281330452,0.023976509281330452,14.862060785293576,13.55821501114068,0.08772981035329147,0.08772981035329147,32.25737762451172,30.49380921794276,0.0546717847649481,0.945328215235052,0.8562793485862723,0.8831168831168831,1.0,0.052035667898891,233275.9652055758,227593.98487997433,2125862.31164828,14646837.997959476
4,HistGradientBoosting,validation,case_61,400360,0.6040698964830259,0.791753811240683,0.9338883867127646,-0.10382458955548529,1.1026933121251925,-0.1177511366890179,5.705564880105384,5.6017402905499,9.68325624465942,9.970090300035155,0.029621652895319355,0.0,15.157886562347406,15.141507219006971,0.0010805822614559427,0.0010805822614559427,33.85128402709961,31.943553217822622,0.05635623179758132,0.9436437682024187,0.8444899590368669,0.8856143856143857,1.0,0.05373913477869917,241845.42375594424,250975.31372079992,2284279.9553989917,16829343.90342225
4,HistGradientBoosting,validation,case_69,400360,0.6833462065243094,0.8467488475657156,0.9215146578715012,-0.45298464216868206,1.0812606545075072,-0.45167767643450124,5.590349281239787,5.137364639071106,9.673070669174193,9.677008345787122,0.000407076175456695,0.0,15.407477064132683,14.842579559381083,0.036663854984190426,0.036663854984190426,32.95534896850586,31.30674863296369,0.050025273199736806,0.9499747268002632,0.8628234588870017,0.8813686313686314,1.0,0.051471175941652514,273584.48724407254,287051.55844145437,2238152.238237161,16169443.43154454
4,HistGradientBoosting,validation,case_78,400360,1.1354551660379688,1.3197683977928014,0.44690264556629067,1.1039910441034044,2.0148672532671834,1.744807204448625,3.235144727900909,4.3391357720043136,5.647890686988831,7.75493448360297,0.3730673827431154,0.0,8.848848810195921,10.876720561656647,0.22916786069665337,0.0,20.279897689819336,23.57659076851116,0.1625596504042912,1.1625596504042912,0.7835947647117594,0.8316683316683317,0.999000999000999,0.0484314117294435,454590.8302749612,697342.4934296039,1295222.5432624079,5451027.589212791
4,HistGradientBoosting,validation,case_91,400360,0.591676480976017,0.8553512868519675,0.9366349866692454,-0.16625534776155215,1.9463903286462194,-1.4590979214252917,6.227670659174811,6.06141531141326,10.791361618041991,10.078625887722556,0.06604687670996201,0.06604687670996201,16.847370262145986,15.268540627504063,0.09371371377700198,0.09371371377700198,35.742393493652344,30.595471431731465,0.14400048678427047,0.8559995132157295,0.8293535817764013,0.8831168831168831,1.0,0.05142122090118893,236883.59592355817,292913.7148643377,2493310.2251072275,20150156.032166723
4,HistGradientBoosting,validation,case_107,400360,0.6972646217035422,0.8579026586189116,0.9233830841985261,-0.3658808583257356,1.1223655994983412,-0.3925985297845915,5.773947810975519,5.408066952649784,9.823783111572263,9.837740785935692,0.0014208044095544749,0.0,15.309831600189176,15.042326712763922,0.017472751785326528,0.017472751785326528,35.135074615478516,31.713542367320926,0.09738223941753797,0.902617760582462,0.8452392846438206,0.8988511488511488,1.0,0.054068838045758814,279156.86394523014,294663.7475759582,2311657.745602159,17193327.08709395
4,HistGradientBoosting,validation,case_109,400360,0.5981120025302686,0.7832444446945614,0.9248795513799936,-0.41045647632245225,1.4121727052875768,-0.8797609240769487,5.195676734823355,4.785220258500903,9.180979347229002,8.864146932235917,0.034509653383406336,0.034509653383406336,14.838084297180142,13.560922749169201,0.08607321015514484,0.08607321015514484,33.0452880859375,30.35700843857795,0.08135137573527629,0.9186486242647237,0.8642222000199821,0.8741258741258742,1.0,0.0514611849335598,239460.12133301835,245609.5939276089,2080141.1375538784,14077284.672122162
4,HistGradientBoosting,validation,case_139,400360,0.45647000148801914,0.6490343845774419,0.9386495369501234,-0.1523922110491039,1.4416153417880424,-1.0861873991941138,4.656545949523149,4.504153738474044,8.312557744979857,7.972852187735036,0.04086655006396524,0.04086655006396524,13.217778148651119,11.882929065887451,0.10098891566733477,0.10098891566733477,29.612136840820312,27.986808906682025,0.05488722218444478,0.9451127778155552,0.8229093815565991,0.8686313686313686,1.0,0.05210310720351684,182752.32979574334,168649.90137317847,1864294.736351088,11430133.00250851
4,HistGradientBoosting,validation,case_166,400360,0.5337328510552929,0.6981606439481796,0.927454898225173,-0.29441930940591055,1.4047893386038786,-1.0468514281701176,4.752669265709314,4.458249956303404,8.191421604156492,7.841902651549346,0.04266890040549163,0.04266890040549163,12.85470631599426,11.657815412767492,0.09310915969644173,0.09310915969644173,28.598407745361328,27.31006785947542,0.04504935720048528,0.9549506427995147,0.805325207313418,0.8573926073926074,1.0,0.051094015386152464,213685.28424849705,195146.78808576762,1902778.6672193808,11733284.091455607
4,HistGradientBoosting,validation,case_183,400360,0.4903927938782639,0.7023680181378299,0.9341733747646982,-0.2568513624864322,1.6762284633590723,-1.3329423436943093,4.862273831097952,4.60542246861152,8.673352289199828,8.104979454663917,0.06553092917068018,0.06553092917068018,13.893857116699213,12.311691145130046,0.11387521537612041,0.11387521537612041,30.76870346069336,27.82498766988625,0.09567240278966153,0.9043275972103385,0.8437406334299131,0.8511488511488512,1.0,0.05176840843241083,196333.65895710172,197505.9286609902,1946659.9510183763,12465589.519301178
4,HistGradientBoosting,validation,case_191,400360,0.4074784822537493,0.5953806550838094,0.9470653948406902,-0.03462695402323573,1.1858138238753975,-0.7801522081996275,4.650895452266001,4.616268498242765,8.205350446701049,8.160535173782252,0.00546171345269167,0.00546171345269167,13.111052494049055,12.006819272325599,0.08422155446518532,0.08422155446518532,29.264482498168945,26.914397377889014,0.08030502915699858,0.9196949708430014,0.8271555599960035,0.8851148851148851,1.0,0.051521130982116095,163138.08515511107,141918.8619040117,1862032.503269216,11341140.896453092
4,HistGradientBoosting,validation,case_192,400360,0.3923544093150142,0.5668460603210074,0.9515902968917342,-0.04739851176594554,1.1992325603063503,-0.7952871244767618,4.594875131585384,4.547476619819439,8.175111389160156,8.037106204403225,0.016881138150596962,0.016881138150596962,12.946696014404287,11.980157213314548,0.07465524795008571,0.07465524795008571,29.42413902282715,27.894247783634295,0.051994426685041444,0.9480055733149586,0.8381456688979918,0.8728771228771228,1.0,0.052390348686182434,157083.01131335908,128641.45564477536,1839604.2076815246,11110100.202361241
4,HistGradientBoosting,validation,case_199,400360,0.552912994324225,0.7796714588878608,0.9169662223778868,-0.17145276090655398,1.6685400370148766,-1.1108222668161536,4.738719716338008,4.567266955431453,8.71670413017273,8.340945332126314,0.04310789863174694,0.04310789863174694,13.672717103958115,12.419526733461346,0.09165627877534183,0.09165627877534183,29.847414016723633,27.27019780733684,0.08634638189904054,0.9136536181009595,0.8021780397642122,0.8306693306693307,1.0,0.050741832350884204,221364.24640764674,243373.87305189966,1897193.8256330849,11921292.318331864
4,HistGradientBoosting,internal_test,case_79,400360,0.5824039788729223,0.7521490687362504,0.9430115910559849,-0.34559732678686356,1.2418302048243468,-0.7101869110241974,5.793376880167527,5.447779553380664,10.056427860260005,9.894656001949464,0.016086413640952445,0.016086413640952445,15.850202865600538,15.073545147088712,0.048999859818664844,0.048999859818664844,36.246280670166016,31.887118822856078,0.12026508007752433,0.8797349199224757,0.8736137476271356,0.8988511488511488,1.0,0.05313218103706664,233171.25698156317,226494.95080009982,2319436.367743871,17411772.858387887
4,HistGradientBoosting,internal_test,case_89,400360,0.5880826667426411,0.7770978301771607,0.9290352793837355,-0.2737393803807729,1.3774716376020486,-0.6262507643421537,5.266890383352188,4.993151002971416,9.501103210449216,9.350664955351455,0.015833767065314114,0.015833767065314114,14.831547985076902,14.084876262458371,0.05034347887151172,0.05034347887151172,30.670499801635742,29.649626135626214,0.033285198239745746,0.9667148017602543,0.8307023678689179,0.8556443556443556,1.0,0.04881356778898991,235444.7764570838,241769.81223998033,2108652.233878882,14512941.660125623
4,HistGradientBoosting,internal_test,case_99,400360,0.9311262878676283,1.2467250363189295,0.5581005042007393,0.8379204986486555,2.397867245655308,1.3805862088791034,3.476781438713956,4.314701937362611,5.963100194931029,7.654640375155528,0.28366791181244994,0.0,9.452709732055656,11.627962259431916,0.23011946722532164,0.0,19.247943878173828,29.417276097419183,0.5283334305009508,1.5283334305009508,0.7019182735538015,0.6008991008991009,0.9927572427572428,0.02659606354281147,372785.72061068367,622288.8828676008,1391964.2168035195,6247768.959238368
4,HistGradientBoosting,internal_test,case_118,400360,0.917121909143244,1.1791785397398793,0.8418197679351354,-0.5409188880884677,2.3683771908373665,-1.665694557280877,4.115224517896751,3.5743056298082823,9.728425073623656,8.429603093883332,0.13350793884014958,0.13350793884014958,15.380120143890334,13.85627717180518,0.09907874306758857,0.09907874306758857,27.368141174316406,25.229849096993146,0.0781307018150702,0.9218692981849298,0.8406933759616345,0.760989010989011,0.9995004995004995,0.05054700769307623,367178.92754458915,556685.3777635195,1647571.287985143,10299436.424713062
4,HistGradientBoosting,internal_test,case_124,400360,0.45195587806230875,0.6535777352478204,0.9385092460478335,-0.18677146440522696,1.490352409509481,-1.123078486778847,4.68614249334891,4.499371028943684,8.326841783523559,7.961936626748197,0.04382275612554629,0.04382275612554629,13.333128252029367,11.960594269807082,0.10294163202198091,0.10294163202198091,28.74965476989746,27.4746147690134,0.04434974997401018,0.9556502500259898,0.8285043460885203,0.8688811188811189,1.0,0.05213308022779498,180945.05534102593,171019.3213928322,1876144.0086371698,11573098.271248205
4,HistGradientBoosting,internal_test,case_133,400360,0.40656587511114467,0.5620059306563704,0.9506370797211448,0.11797388429678718,1.0084988256569927,-0.5221158392079831,4.494560615819249,4.612534500116037,8.05308094024658,8.109440887276085,0.006998557129587039,0.0,12.81892926216123,12.027182419208902,0.06176388267383592,0.06176388267383592,28.935829162597656,26.91474950691609,0.06984695839627116,0.9301530416037288,0.8496353282046158,0.8838661338661339,1.0,0.051616045558996904,162772.71375949788,126453.97267696667,1799442.2881493943,10649422.287634764
4,HistGradientBoosting,internal_test,case_154,400360,0.7848525955264825,0.947390637710248,0.7978466094377128,0.6975525302417191,1.3047821996941378,0.6200966276001852,3.5978396622740405,4.295392192515759,6.938599348068237,7.981659465686552,0.15032718640956136,0.0,10.474741182327266,11.299508343467599,0.07873866731254994,0.0,24.134431838989258,27.208560322741683,0.12737521663079548,1.1273752166307955,0.7904885602957339,0.7727272727272727,1.0,0.05077430312718553,314223.5851449825,359342.7258157637,1440431.0871880348,6960014.663848389
4,HistGradientBoosting,internal_test,case_156,400360,0.45141631700499385,0.6306192168413124,0.9426228293012792,-0.17734194071585885,1.4184451038171522,-1.014907093009808,4.732292953646106,4.554951012930248,8.350664710998535,8.061396306508142,0.034640165124747734,0.034640165124747734,13.289695453643796,11.971016118552567,0.09922570006897116,0.09922570006897116,28.11277961730957,27.731223763243126,0.013572327577011047,0.9864276724229889,0.8411429713258067,0.8573926073926074,1.0,0.04992256968728145,180729.03667611934,159215.40367461395,1894620.8069217552,11740791.85297921
4,HistGradientBoosting,internal_test,case_163,400360,0.7327826927295372,0.95180355116851,0.8798230164767278,0.38707964952791524,1.6663796391702026,-0.8990059290383922,4.8691821289669655,5.256261778494881,9.154281949996946,8.810977541523354,0.03750205754518049,0.03750205754518049,13.400103712081906,12.909362197433937,0.03662221764787554,0.03662221764787554,30.699800491333008,28.18032989214647,0.08206797955894923,0.9179320204410507,0.6937756019582376,0.8813686313686314,0.9995004995004995,0.052937356379258664,293376.8788611975,362698.1348068007,1949425.7571532144,12510142.33051967
4,HistGradientBoosting,internal_test,case_180,400360,0.5573367048426313,0.7666911131493395,0.9053348987191792,0.2597341425942397,1.236745478496394,0.5041460926617793,4.617005859716327,4.876740002310566,7.6927731275558475,8.396358554548193,0.09146057154240936,0.0,12.1202414035797,12.948441282285364,0.0683319623040723,0.0,27.940109252929688,28.409238189112322,0.01679051903254258,1.0167905190325426,0.8020781296832851,0.8486513486513486,1.0,0.05453591767409332,223135.32315079586,235337.7186875429,1848464.4659960286,11020374.196065595
4,HistGradientBoosting,internal_test,case_185,400360,0.41610143678124456,0.5797616082145938,0.9429891455408448,0.23863322477186233,0.846302362540552,0.02816372661065075,4.4111433006062715,4.649776525378135,7.666236424446105,8.193904139580937,0.06883008635791663,0.0,12.235298709869317,12.073068187562432,0.013259220404322904,0.013259220404322904,25.902671813964844,27.10812153758112,0.04653765960028822,1.0465376596002882,0.8245578978918973,0.8838661338661339,1.0,0.05066190428614247,166590.37122973907,134570.4134118783,1766045.331830727,10150713.984372474
4,HistGradientBoosting,internal_test,case_186,400360,0.6282529366941085,0.8075441803061666,0.8792105047663117,0.44829000800695057,1.1397071629158742,0.5841941055288405,4.10199790038781,4.550287908394761,7.5299984931945785,8.350595808519193,0.10897708891525672,0.0,11.554426622390743,12.305019165929975,0.06496147044498918,0.0,25.107419967651367,27.19908383051017,0.08330859425435672,1.0833085942543568,0.8170646418223598,0.8588911088911089,1.0,0.05251773403936457,251527.3457348533,261085.80719567605,1642275.8793992638,8898106.523626285
4,HistGradientBoosting,internal_test,case_189,400360,0.43466300226069116,0.6132848934895143,0.9409310951040651,-0.00921532739701906,1.1961933436413545,-0.6821747467214933,4.50395661685842,4.494741289461401,7.995612788200375,7.945583845140689,0.006257049257502373,0.006257049257502373,12.753865308761585,11.976731599592398,0.06093319086844325,0.06093319086844325,29.364471435546875,27.648880131404344,0.05842404852776403,0.9415759514722359,0.8193625736836847,0.8516483516483516,1.0,0.05090418623239085,174021.6795850903,150582.74684278766,1803204.071125437,10670825.610614894
4,HistGradientBoosting,internal_test,case_190,400360,0.45041158205801896,0.6521717585391189,0.9389790771809767,-0.1669593786467125,1.4102645243748013,-1.0431524565595411,4.71106754251522,4.544108163868509,8.360267305374144,8.079363751616965,0.033599829227542614,0.033599829227542614,13.360542898178092,12.107133773778676,0.09381423598964211,0.09381423598964211,28.387516021728516,27.249994640840484,0.04007118410844205,0.959928815891558,0.8269557398341493,0.8596403596403597,1.0,0.05133629733240084,180326.78099274848,170284.3191353517,1886123.0013213935,11676241.904284762
4,HistGradientBoosting,internal_test,case_200,400360,0.4831909167191488,0.631179742290042,0.9306840828527956,0.3615085119449006,0.8906870129623825,0.040121083127330544,4.3085884493248345,4.670096961269736,7.528428196907043,8.175462874792,0.08594552022835038,0.0,12.027814435958856,11.836343278513565,0.015919031546817047,0.015919031546817047,27.248859405517578,27.372145022668356,0.004524432208924451,1.0045244322089244,0.828903986412229,0.8698801198801199,1.0,0.05219552402837446,193450.31541767842,159498.5664630774,1724986.4715716909,9733294.889121156
4,ExtraTrees,train,case_01,400360,0.4611676061691286,0.6589334744800901,0.9586981853776753,-0.39577487131151184,1.8427903665512042,-1.4719820782370068,5.896753568734742,5.50097869742323,10.326234483718872,9.600390832701043,0.07029122301670077,0.07029122301670077,16.558459148406914,14.659785134752447,0.11466489705578303,0.11466489705578303,37.16805648803711,30.871371507702833,0.16941119809051422,0.8305888019094858,0.9238185632930362,0.9038461538461539,1.0,0.053124687780997104,184633.06280587232,173833.63911272597,2360824.2587786415,18130060.897750977
4,ExtraTrees,train,case_06,400360,0.2877183068717706,0.45501169934065155,0.9797698303550227,-0.049878895460667275,1.2387717732890886,-0.817011821758158,5.917631487748422,5.867752592287753,10.134570455551147,9.853066555982423,0.02777659899877969,0.02777659899877969,15.962084121704066,14.852832661839521,0.06949289650442743,0.06949289650442743,32.9944953918457,29.63190351474942,0.10191372340027714,0.8980862765997228,0.881456688979918,0.9148351648351648,1.0,0.05279998001798381,115190.90133918206,82888.79144750026,2369182.942434958,18117237.60923312
4,ExtraTrees,train,case_10,400360,0.35246239458884493,0.5260677863671753,0.9724145478178304,-0.2544124595405383,1.4290134061643602,-1.067745181712493,5.735561601321801,5.481149141781262,10.146135330200195,9.683036301187466,0.04564289889119705,0.04564289889119705,16.147420253753637,14.686584237067596,0.0904686936816706,0.0904686936816706,36.003170013427734,31.149854339642953,0.13480245411653166,0.8651975458834683,0.9236686981716455,0.913086913086913,1.0,0.05322959336597063,141111.84429758997,110798.55537501117,2296289.4427051963,17187067.072017305
4,ExtraTrees,train,case_12,400360,0.4183325681951582,0.6065958335337284,0.9627049121625785,-0.3354208611512753,1.6502152927770426,-1.28174429771076,5.6733454984825915,5.337924637331315,10.082114791870117,9.476073024414726,0.0601105799692028,0.0601105799692028,16.142577419280983,14.470666985890048,0.10357146755226179,0.10357146755226179,36.23194885253906,31.189131054003884,0.1391815223370682,0.8608184776629317,0.919422519732241,0.8951048951048951,1.0,0.05281996203416925,167483.62700261353,147315.86716608526,2271380.6037724903,16836334.16889702
4,ExtraTrees,train,case_13,400360,0.26786963595386093,0.4194259381867456,0.9784991986792667,-0.03174692322597827,1.0876834979386434,-0.5064382020254994,5.239577948061452,5.2078310248354756,9.118360137939451,9.094320586804173,0.0026363897424115574,0.0026363897424115574,14.603178558349592,13.705117226938054,0.06149766147302623,0.06149766147302623,30.08977508544922,30.33108667567798,0.008019720637441876,1.008019720637442,0.8965930662403837,0.8926073926073926,1.0,0.05265011489659307,107244.28745048775,70430.57757187728,2097717.427285883,14266872.702133816
4,ExtraTrees,train,case_14,400360,0.2893761630289733,0.41107187708763704,0.9799245980282731,0.047384849433919844,0.8553316768950303,-0.19705463131049875,5.300424085269767,5.347808934703685,9.186977624893188,9.406590695121796,0.023904822586433692,0.0,14.805124273300162,14.312647570656782,0.033263935753077165,0.033263935753077165,30.95267105102539,30.27683813281354,0.02183439733190524,0.9781656026680947,0.9161754421021081,0.919080919080919,1.0,0.05305974622839445,115854.64063027975,67652.868084669,2122077.7867786037,14617850.616076909
4,ExtraTrees,train,case_15,400360,0.4711959879004913,0.8329390597050284,0.7934392492882762,0.4268902393728945,1.9096006835623534,0.8012575573522246,3.3780577288595954,3.8049479682324905,5.832143068313598,6.937559981735055,0.18953871681016496,0.0,9.363036231994613,10.810607922166428,0.15460494377083467,0.0,18.940412521362305,28.06083029069235,0.48153216087788003,1.48153216087788,0.7451293835548006,0.5921578421578422,1.0,0.047784493955440106,188648.0257158407,277764.7543647043,1352439.1923262277,5913329.831794531
4,ExtraTrees,train,case_16,400360,0.30200429699210823,0.45498065518906616,0.9782640952589027,-0.12065095413820688,1.1483559474555995,-0.713704047613658,5.625429952986378,5.504778998848171,9.801409292221068,9.632469158813,0.017236310449982726,0.017236310449982726,15.720469598770103,14.652709276800621,0.06792165560073464,0.06792165560073464,34.04954528808594,30.780407687014897,0.09601119701927191,0.903988802980728,0.9161254870616445,0.9183316683316683,1.0,0.053257068638225595,120910.44034376045,82877.48130128342,2252197.1359776263,16482507.138438577
4,ExtraTrees,train,case_18,400360,0.3661612528178042,0.5299195311948467,0.9709582586901828,-0.2638115202103804,1.3958983452776865,-0.9661227315348746,5.653727981126508,5.389916460916129,9.915027427673339,9.489140097957225,0.042953721794802155,0.042953721794802155,15.819301843643087,14.56672779737187,0.07918010912564755,0.07918010912564755,36.45985412597656,30.805985163913064,0.15507108016746793,0.844928919832532,0.9214207213507843,0.9068431568431569,1.0,0.053124687780997104,146596.3191781361,112426.97711214147,2263526.534523809,16668583.556267565
4,ExtraTrees,train,case_19,400360,0.4660072805609986,0.6595607124307477,0.9586219637014807,-0.3954694364782604,1.7866732056852228,-1.4099509148687002,5.885521276208228,5.490051839729967,10.343796873092652,9.66819069950783,0.06531510448955911,0.06531510448955911,16.581697864532423,14.716922862781873,0.1124598347518578,0.1124598347518578,35.93040466308594,30.332349972020953,0.15580271760246261,0.8441972823975373,0.9134778699170746,0.8973526473526473,1.0,0.053469377560195826,186570.6748454014,174164.7406728797,2356327.298142726,18077325.27607492
4,ExtraTrees,train,case_20,400360,0.3960212935031412,0.5729481158930106,0.9676696104963322,-0.33181664799770566,1.5669115163274614,-1.1993160626362156,5.788521283110883,5.456704635113177,10.149102687835692,9.58720902006426,0.05536387649766276,0.05536387649766276,16.289631748199415,14.653905064588667,0.10041520329589737,0.10041520329589737,36.26679992675781,31.123035713252566,0.14183121267642237,0.8581687873235776,0.9219702267958837,0.9080919080919081,1.0,0.05331201918273554,158551.0850669176,131425.99443780223,2317492.380906273,17479945.55924125
4,ExtraTrees,train,case_21,400360,0.39643749623554636,0.5867120653125757,0.9417510946308247,0.22016359834037658,0.9653954731241586,0.4399838510774722,4.529992944088067,4.750156542428444,8.021694707870484,8.724686889613116,0.08763636704509473,0.0,12.29129181861873,12.786271458955568,0.04027075816286846,0.0,23.24169158935547,25.848231340182515,0.11214931326344695,1.112149313263447,0.8401938255569987,0.8848651348651349,1.0,0.050394644819662306,158717.71599286335,137816.34221046924,1813627.9750950986,10581712.180962272
4,ExtraTrees,train,case_24,400360,0.3018389690431022,0.4382333766238735,0.976122533395424,-0.012382071103748938,0.9516602648082007,-0.28844236465739315,5.304625899199469,5.292243828095721,9.102337694168089,9.216710014623981,0.012565159006259602,0.0,14.59939882278439,14.205081001621684,0.027009182086821206,0.027009182086821206,27.87183380126953,29.415151213747134,0.055371936539292434,1.0553719365392924,0.9056349285642922,0.8838661338661339,1.0,0.05107153561794385,120844.24964609639,76888.53441212409,2123760.0250034994,14485881.92450586
4,ExtraTrees,train,case_27,400360,0.2803844170708126,0.4205624995833032,0.973425902980151,0.007624467269625842,0.7844332938347581,0.25560536379849935,4.916951870695414,4.92457633796504,8.11301689147949,8.581294045502386,0.057719238143666834,0.0,13.111589975357049,13.205998413821405,0.007200380628268167,0.0,27.218610763549805,27.227934982412304,0.0003425677725986583,1.0003425677725986,0.8998401438705166,0.8958541458541458,1.0,0.05299480467579179,112254.70521847052,70812.80063608244,1968550.850951616,12344000.055735279
4,ExtraTrees,train,case_28,400360,0.3216255588454179,0.49759204497936244,0.9731578056885374,-0.11037261570835817,1.4119759057654717,-0.8761130471957634,5.5266866433473245,5.4163140276389665,9.724851751327513,9.452743028193753,0.027980757968533082,0.027980757968533082,15.672686471939013,14.49787340361404,0.07495926562611992,0.07495926562611992,36.075843811035156,29.77261281506541,0.17472165111330437,0.8252783488866956,0.9242681586572085,0.8986013986013986,1.0,0.05331201918273554,128766.0087393515,99128.27251425917,2212664.264530535,15921703.859572133
4,ExtraTrees,train,case_29,400360,0.7285135922653484,1.2901688126412016,-0.3228166370528234,0.7193240738308244,2.5351461739322168,1.768192769043167,2.033673969191559,2.752998043022384,3.50241869688034,5.451853242346943,0.5565966591038917,0.0,5.4425946283340405,9.017445663912358,0.6568284576932689,0.0,12.888184547424316,26.683465968771575,1.0703820519162432,2.0703820519162432,0.6173943450894195,0.34315684315684314,0.9952547452547452,0.03407683085223299,291667.70179935487,666413.4588482436,814201.7103055326,2159604.52317288
4,ExtraTrees,train,case_32,400360,0.4251094980510315,0.6596683270196189,0.9523045023775121,-0.2010231262568351,1.823208879765403,-1.1895705810564012,5.271242364639071,5.0702192383822355,10.015990829467771,9.458172768151725,0.05569274880672868,0.05569274880672868,15.115796918868979,13.485888814585966,0.10782812927636029,0.10782812927636029,33.723785400390625,27.597165333820456,0.18167059224908969,0.8183294077509103,0.8647717054650814,0.8636363636363636,1.0,0.05222799480467579,170196.83863971097,174221.57909774734,2110394.5931068985,14777190.176314557
4,ExtraTrees,train,case_34,400360,0.28494984631757575,0.42546226829056094,0.9715899061800781,0.09725097880210226,0.8054896160651317,0.033698475006748184,4.684073457170518,4.781324435972622,8.226318550109863,8.45787329049616,0.028148039609188824,0.0,12.876111402511585,12.900020094840137,0.0018568255260581802,0.0,30.05852508544922,27.14445720640984,0.09694646928800994,0.90305353071199,0.8605754820661404,0.9143356643356644,1.0,0.05344190228794085,114082.52047170463,72472.42322660572,1875315.6493127886,11335055.49990527
4,ExtraTrees,train,case_35,400360,0.27284931140742974,0.4544778372946381,0.9504907861800781,0.17702188563026383,0.9411298798325587,0.474984097286472,3.846318012911481,4.023339898541745,6.875816249847412,7.415252465674083,0.0784541349310553,0.0,10.138929128646827,11.006103188200912,0.08552915683214962,0.0,21.769367218017578,22.986154451589094,0.055894469572107405,1.0558944695721073,0.8416425217304426,0.8843656343656343,1.0,0.051715955639924066,109237.95031507857,82694.39987445774,1539911.8796492405,7593273.8350793915
4,ExtraTrees,train,case_36,400360,0.4470479417220358,0.739117167601662,0.955123237903374,0.041795933360310705,2.0776740596543606,-1.216461302981209,3.0640295821179975,3.105825515478309,9.813024330139159,9.725003955930543,0.008969749920855244,0.008969749920855244,19.2957092285156,17.429234310057616,0.09673004999990722,0.09673004999990722,31.747325897216797,24.01664717092988,0.24350645315184313,0.7564935468481568,0.9012388850034968,0.8841158841158842,1.0,0.06683484863622739,178980.11394783427,218714.34088488098,1226714.8834967616,8632356.497202441
4,ExtraTrees,train,case_39,400360,0.4889159754302747,0.7925724058314741,0.8455843921237629,0.43890586171343954,1.7845903338729865,1.2626135428156058,3.087728669230164,3.526634530943603,6.646077251434326,7.953214871346205,0.1966780659417973,0.0,10.974815073013293,12.46354240607108,0.1356494230794392,0.0,22.030895233154297,21.878959689316147,0.006896476163596918,0.9931035238364031,0.8505345189329603,0.6550949050949051,1.0,0.051810870216804875,195742.39992326478,251494.54896085116,1236203.0500129885,5445745.664773294
4,ExtraTrees,train,case_40,400360,0.40740302392305333,0.5458397035418786,0.9610675066296926,-0.3000695897795184,1.2738421988644484,-0.958342218673681,5.041594912488031,4.7415253227085135,8.88729267120361,8.542084050286293,0.03884294505523078,0.03884294505523078,14.066408891677813,12.815619251984494,0.08892032425087056,0.08892032425087056,32.35271072387695,28.637501813291884,0.1148345479392294,0.8851654520607706,0.8963432910380658,0.9020979020979021,1.0,0.052797482265960635,163107.87465783363,119283.65153858095,2018452.9391637081,13240080.589726774
4,ExtraTrees,train,case_42,400360,0.35317038803031403,0.5481019928234271,0.9568441932644811,0.16115808014839725,1.1610346895265242,-0.24991685462226493,4.11715438872547,4.278312468873867,8.91228380203247,9.046996525238185,0.015115398723612746,0.0,13.76958976745605,13.750688977373084,0.0013726472903091047,0.0013726472903091047,24.76995849609375,23.996470994759985,0.031226838811851253,0.9687731611881487,0.8843540813268059,0.7809690309690309,1.0,0.048836047557198524,141395.29655181651,120274.46750083817,1648343.931070129,9573468.703283088
4,ExtraTrees,train,case_43,400360,0.3448579491101585,0.5469202505221821,0.9574221330786848,0.11301230040437188,1.0794176201699637,-0.232184384049266,4.204806520399298,4.31781882080367,9.005365419387815,9.068272069118153,0.006985463310006932,0.0,13.601225948333738,13.711966406856726,0.0081419468321203,0.0,24.57630157470703,24.492167068161653,0.003423399826439574,0.9965766001735604,0.873913477869917,0.8004495504495505,1.0,0.049025876710960134,138067.32850574306,119756.38800625381,1683436.3385070632,9891168.235563483
4,ExtraTrees,train,case_45,400360,0.40694964399305816,0.692994718424716,0.9532886980872173,-0.05596258111063492,2.089983838720564,-1.44647903506677,5.207303312044021,5.151340730933386,10.862130212783812,10.224378148490123,0.058713351046290066,0.058713351046290066,15.904301156997667,14.331138490479864,0.09891429060532053,0.09891429060532053,36.334930419921875,27.274687303309687,0.24935352873676064,0.7506464712632394,0.9049855130382656,0.8156843156843157,0.9997502497502497,0.05277000699370567,162926.35946906076,192269.55891053585,2084795.9540099443,14972289.90461304
4,ExtraTrees,train,case_47,400360,0.2810941863655605,0.396474547860479,0.9802826405790727,-0.1043680879821407,0.7313948768768453,-0.17610388377381364,5.241447492183958,5.137079404201816,9.033231782913207,9.05482889331412,0.0023908509069550435,0.0,14.435490150451656,14.16912945837619,0.01845179410600977,0.01845179410600977,29.597883224487305,28.50882506583135,0.03679513667906298,0.963204863320937,0.9165750824258168,0.9168331668331668,1.0,0.05317214506943751,112538.8684533158,62933.41598462491,2098465.917970769,14190776.00859728
4,ExtraTrees,train,case_48,400360,0.5017453118161024,0.7485677531060562,0.9496214607262692,-0.4344032467268195,2.2347524498027167,-1.819976100332323,6.037508846064417,5.6031055993375976,10.65202441215515,9.634579394260719,0.09551658713187071,0.09551658713187071,16.89704576492309,14.711664747888745,0.12933509487031272,0.12933509487031272,36.57381820678711,30.18352877621537,0.17472305993432966,0.8252769400656703,0.9069337596163453,0.8808691308691309,1.0,0.053469377560195826,200878.75303869476,224343.1997212563,2417177.04161035,19046877.92117989
4,ExtraTrees,train,case_49,400360,0.475329888415238,0.6510384058135096,0.9590175207050248,-0.4056911117355198,1.563711159984179,-1.2383704093514254,5.85295244275635,5.4472613310208295,10.265372943878171,9.629717018517738,0.06192234114002759,0.06192234114002759,16.352748069763166,14.699448759615912,0.10110223083570068,0.10110223083570068,34.92753982543945,30.503599764895508,0.12666051152339594,0.873339488476604,0.9219202717554201,0.9158341658341659,1.0,0.05341942251973224,190303.07412592467,169692.9886997823,2343288.0399819324,17855776.270638056
4,ExtraTrees,train,case_51,400360,1.3969432020573027,1.6589878079509275,0.23289507003487353,1.3821460471011615,2.746566199065208,2.3576007461945707,3.495074740730534,4.877220787831694,6.196873641014097,8.54850487014705,0.3794867162642544,0.0,9.536471252441398,12.693900225660222,0.3310898643364024,0.0,19.359146118164062,27.424650773371063,0.41662502085458186,1.4166250208545819,0.7426316315316216,0.8174325674325674,1.0,0.048736137476271355,559280.1803756617,1101887.0253688241,1399288.1231988766,6327039.392613842
4,ExtraTrees,train,case_52,400360,0.41269082893918224,0.5338274785261188,0.9691555481263815,-0.2525122828199206,0.9829410970648904,-0.5554067132677306,5.676126365691693,5.423614082871771,9.567922735214232,9.432470577030758,0.014156903429513467,0.014156903429513467,15.024835319519037,14.323940677920167,0.0466490731308266,0.0466490731308266,33.935302734375,28.776296098736605,0.15202477125428865,0.8479752287457114,0.9083325007493256,0.9280719280719281,1.0,0.05318213607753022,165224.900274091,114091.30057148014,2272493.951768326,16597887.395390868
4,ExtraTrees,train,case_54,400360,0.36223278031242767,0.5099344562567044,0.9694866960596029,-0.23517503816178503,1.0697677436189261,-0.645346941844551,5.355598113270859,5.120423075109074,9.406452131271362,9.047039848325143,0.03820912262460434,0.03820912262460434,14.854768409728997,13.997334217050964,0.05772114172553941,0.05772114172553941,33.38887405395508,28.440010393177847,0.14821894421417345,0.8517810557858265,0.8860525527025677,0.9143356643356644,1.0,0.053584274153262064,145023.51592588355,104106.87180501233,2144167.260629121,14895149.962829953
4,ExtraTrees,train,case_56,400360,0.40538404094295216,0.6085316345096536,0.9493033112805478,0.1666347647683476,1.094554342334594,0.11371249875231079,4.807046602232076,4.973681367000424,9.012357282638549,9.300454485790587,0.03196690878057285,0.0,12.885962295532151,13.305929753483886,0.03259108232043695,0.0,27.991840362548828,27.295510718633825,0.0248761651572808,0.9751238348427193,0.8122689579378559,0.9068431568431569,1.0,0.05318213607753022,162299.55463192033,148257.61194966792,1924549.177669634,12175801.835297506
4,ExtraTrees,train,case_57,400360,0.2825315348833539,0.4754731463483739,0.9740262976411954,-0.039115491264351036,1.288615185664545,-0.7425296567060701,5.400399450375989,5.361283959111639,9.728502988815302,9.295845189371512,0.044473214423761766,0.044473214423761766,14.611289510726927,13.757315333918578,0.05844618821503745,0.05844618821503745,32.06071853637695,27.911135161744483,0.129428895048757,0.870571104951243,0.8353981416724947,0.9050949050949051,1.0,0.05312968328504346,113114.32530589958,90511.27205601231,2162103.923952531,15160952.23359229
4,ExtraTrees,train,case_58,400360,0.5661455324710627,0.8477795500170753,0.8248271403894437,0.5421490800996511,1.8093542027328755,1.3179368791760888,3.828242068613012,4.370391148712664,6.500666666030883,7.736489123857199,0.19010703383455796,0.0,10.108694267272929,11.824602221931586,0.16974575640435965,0.0,20.552814483642578,26.751378048904982,0.3015919581328227,1.3015919581328226,0.7817963832550704,0.7997002997002997,1.0,0.04988760115895694,226662.02538011468,287750.8090304156,1532674.9945899055,7510118.65249189
4,ExtraTrees,train,case_59,400360,0.28038115233020505,0.4697024642825863,0.9734030092439352,-0.019949913153330362,1.3269278371734243,-0.7671140318284165,5.287436591513801,5.267486678360471,9.45020728111267,9.091246161994178,0.03798447043970316,0.03798447043970316,14.667274990081749,13.725721007749888,0.06419419987479305,0.06419419987479305,32.03961944580078,27.94825441785469,0.12769705441936258,0.8723029455806375,0.8471875312219003,0.8943556443556444,1.0,0.0531971225896693,112253.3981469209,88327.58532703682,2116878.1137784654,14513820.411748566
4,ExtraTrees,train,case_60,400360,0.38946127201897773,0.5821081943664735,0.9652474229460435,-0.24316127392619008,1.5583574523263926,-1.0875828350886636,5.622468909648277,5.379307635722088,9.96433162689209,9.533767893730099,0.043210498133158304,0.043210498133158304,15.850470104217512,14.421041434263204,0.09018209936713262,0.09018209936713262,36.91607666015625,29.71693065394378,0.19501384376478317,0.8049861562352169,0.9162253971425717,0.9010989010989011,1.0,0.05313967429313618,155924.71486551792,135661.96596141995,2251011.6526667844,16559895.004739292
4,ExtraTrees,train,case_62,400360,0.4921360679349429,0.8253718991086129,0.6322728785763714,0.46121852918093015,1.8653618132850007,1.5253932645410497,2.474723175269594,2.935941704450524,4.507473468780517,6.177505489072439,0.37050290630856314,0.0,6.4952899599075264,8.58729931912921,0.32208098054662787,0.0,14.41285228729248,17.081499993680865,0.18515750062472205,1.1851575006247221,0.757068638225597,0.6281218781218781,0.998001998001998,0.04998501348786093,197031.59615843373,272740.754693125,990780.1704509346,3193599.9834185
4,ExtraTrees,train,case_63,400360,0.3563432839016706,0.5883994688763757,0.9457782431793629,0.11107653495178003,1.4249661839409602,-0.41313140191392833,3.589908255421658,3.7009847903734383,8.285945415496824,8.385726956050112,0.012042263803315762,0.0,13.304288787841797,12.87220858653232,0.032476760554411274,0.032476760554411274,25.949066162109375,22.25820450770635,0.1422348546705081,0.8577651453294919,0.8864022379858127,0.6925574425574426,1.0,0.04961784394045359,142665.59714287284,138610.21100619104,1437255.669140615,7715973.792316836
4,ExtraTrees,train,case_64,400360,0.4450482542357689,0.6018799988229214,0.9224667468741542,0.33903574924625723,1.1364249235040627,0.9358195047936209,3.9771937318564388,4.316229481102696,6.892904663085936,7.875042064015175,0.14248527274560308,0.0,10.860165023803638,11.911014916476864,0.09676187151575882,0.0,23.340909957885742,25.894583060069262,0.10940760693525403,1.109407606935254,0.8769107802977321,0.9035964035964036,1.0,0.050502048156659006,178179.51906583243,145034.22662510586,1592309.2824860439,8203529.247202241
4,ExtraTrees,train,case_66,400360,0.35564058846694024,0.5654197296407509,0.9578547322187004,0.10110881065470002,1.0978490758344615,-0.31217138757022234,3.3097094398571456,3.4108182505118445,8.640856552124024,8.633025860101533,0.0009062402523701445,0.0009062402523701445,14.484742507934437,14.274960237367115,0.014482982383180626,0.014482982383180626,22.389339447021484,21.303491463194415,0.04849843767818359,0.9515015623218164,0.904935557997802,0.9020979020979021,1.0,0.04605105405135378,142384.2659986242,127994.88007624808,1325075.2713412067,7422607.059131721
4,ExtraTrees,train,case_67,400360,0.4960175973695116,0.6219178577282976,0.9574326282811019,-0.3802010094470478,1.0346374722396068,-0.6643370163858219,5.645845615440947,5.2656446059938995,9.483993959426876,9.296008157583456,0.019821375113442147,0.019821375113442147,15.007321405410755,14.191369762466008,0.05437023842579678,0.05437023842579678,33.35513687133789,28.490838625342988,0.1458335567549357,0.8541664432450643,0.9120791287840944,0.9228271728271729,1.0,0.05317714057348386,198585.60528285766,154851.97016037605,2260370.7505979375,16399513.343570031
4,ExtraTrees,train,case_68,400360,0.42970897088256443,0.6437124752094872,0.9498518361783715,0.0355423525951013,1.3921544661878418,-0.6032283902935178,4.470923505812859,4.506465858407962,9.673214769363403,9.381828203092343,0.030123032850870504,0.030123032850870504,14.204864883422841,13.960199452655932,0.01722405899491769,0.01722405899491769,30.399791717529297,24.103133067819275,0.20712834838533473,0.7928716516146652,0.8728644220201819,0.7662337662337663,1.0,0.048049255669897095,172038.2835825435,165895.47196639638,1789978.9347872362,11310965.499439059
4,ExtraTrees,train,case_71,400360,0.32415338834205853,0.4974546659177483,0.957423816212493,0.20821471109210532,0.9834048103299876,0.6843230529856535,4.549803349447659,4.758018060539764,7.7705615758895865,8.430540294668074,0.0849332075079698,0.0,12.114842939376807,12.852689816014461,0.06090436998068168,0.0,25.56398582458496,27.123641447535938,0.06100987669344785,1.061009876693448,0.8559296633030272,0.9128371628371629,1.0,0.053576780897192526,129778.05055662655,99073.54386940703,1821559.2689848647,10614707.437531048
4,ExtraTrees,train,case_72,400360,0.4636293137760036,0.8136613191298958,0.7057814435908946,0.431519491198784,1.2086879516347968,0.7433652647889323,2.7397326694568966,3.171252160655681,4.794327330589294,6.685134998428407,0.3943843499744322,0.0,7.4184241771698,8.651228913272345,0.16618148364938493,0.0,16.875072479248047,18.83450685506406,0.11611413096006597,1.116114130960066,0.5004995504046358,0.744005994005994,0.99000999000999,0.05042461784394045,185618.6320633608,265056.2330064902,1096879.3715437632,3906038.355638345
4,ExtraTrees,train,case_73,400360,0.33032409291378345,0.5290724753198099,0.9618954418859161,0.06842337604177569,1.2209463613939024,-0.5333031284251557,3.1237290097219934,3.1921523857637695,8.22641882896423,8.234939904294134,0.0010358183198626374,0.0,14.632464952468844,13.886653878215283,0.05096961288998169,0.05096961288998169,22.04593849182129,19.647798572267316,0.10877921665451651,0.8912207833454835,0.9147267459286642,0.9120879120879121,1.0,0.050037466280347685,132248.55383896234,112067.84402270312,1250616.1463322972,6847647.309800914
4,ExtraTrees,train,case_74,400360,0.40605106017055037,0.5583853157282446,0.9607297426445846,-0.07091469061798908,0.9726258538676484,-0.12418614444663556,5.210357342896367,5.139442652278379,9.183551406860351,9.254690250501389,0.007746332599379237,0.0,13.751770725250228,13.468835350140314,0.02057446860937005,0.02057446860937005,29.059873580932617,26.5650395372727,0.08585151056186566,0.9141484894381343,0.8357478269557398,0.9095904095904096,1.0,0.05192077130582476,162566.60244988155,124829.91022626808,2086018.6658019896,14047641.96894774
4,ExtraTrees,train,case_75,400360,0.35620465860685346,0.5009566495427484,0.973273470450551,-0.2524832820382159,1.2116749126381376,-0.8489791753886803,5.667589229630241,5.415105947592023,9.665987253189082,9.391899416847824,0.028355907075175175,0.028355907075175175,15.416833810806175,14.290631948148047,0.07305013963818793,0.07305013963818793,35.16933822631836,29.294881297684782,0.16703347930037338,0.8329665206996266,0.9293136177440303,0.9298201798201798,1.0,0.053307023678689176,142610.09711983986,100473.37061173804,2269076.023974763,16619503.110003779
4,ExtraTrees,train,case_77,400360,0.7834928751030734,0.9524052787198595,0.8276578907682954,0.7558352320274092,1.4896324133296337,1.054471959664174,4.216345334965462,4.972180566992871,7.30365433692932,8.592145673032325,0.17641734899583525,0.0,11.748572282791129,12.67714072195208,0.0790367047850643,0.0,23.54745101928711,28.919867129043535,0.22815276716600952,1.2281527671660095,0.8435907683085223,0.8434065934065934,1.0,0.050684384054351085,313679.2074762665,363156.87326675735,1688056.0183067725,9224613.080135196
4,ExtraTrees,train,case_81,400360,0.31891928529310165,0.5457589902872411,0.9713122891868942,-0.06931833564018848,1.6906656072712238,-1.1730986723671384,5.84957593964784,5.780257604007653,10.314814281463619,9.801866320822672,0.04972924830675305,0.04972924830675305,16.286035861968987,14.777931590642101,0.09260106536106788,0.09260106536106788,35.2658805847168,29.633759123511346,0.15970454637240072,0.8402954536275993,0.8706664002397841,0.8888611388611388,1.0,0.05320961134978519,127682.52505994619,119248.37722691211,2341936.2231974094,17856109.41474756
4,ExtraTrees,train,case_82,400360,0.32563422169724265,0.48581631487776084,0.974109429027839,-0.1849404742645721,1.2496783340418918,-0.7907722831808409,5.501570875476665,5.316630401212094,9.606270885467529,9.363430222643597,0.025279389444587068,0.025279389444587068,15.515425043106074,14.387568416199334,0.07269260260503639,0.07269260260503639,34.473167419433594,30.195192707945864,0.12409578323447304,0.875904216765527,0.9316615046458188,0.9050949050949051,1.0,0.05337945848736138,130370.91699870807,94491.96301761158,2202608.9157058373,15767476.08115845
4,ExtraTrees,train,case_83,400360,0.3912024270944502,0.574445046708392,0.9675476631480047,-0.29279014024379946,1.5715447082125873,-1.198145358796892,5.771707437600671,5.478917297356871,10.300168991088865,9.687141410562022,0.05951626435034228,0.05951626435034228,16.17190748214708,14.6728622380811,0.09269439895824572,0.09269439895824572,37.063751220703125,30.826037573960058,0.16829687879134037,0.8317031212086596,0.9261164951543611,0.9128371628371629,1.0,0.05327455290238785,156621.80371153407,132113.64003533032,2310760.7897178046,17408040.681773167
4,ExtraTrees,train,case_84,400360,0.4386542053962434,0.5817924605679504,0.9665402992000346,-0.34793299263341515,1.3544078062281075,-0.996865618568827,5.8500024248584594,5.502069432225043,10.052421236038205,9.637699950474845,0.04125586023758859,0.04125586023758859,16.077098846435536,14.702827430190702,0.08548006262644364,0.08548006262644364,35.38292694091797,30.901132129521518,0.12666546266452472,0.8733345373354753,0.9215206314317115,0.9200799200799201,1.0,0.05351683484863623,175619.59767244,135514.8405576666,2342106.970816333,17751422.6822564
4,ExtraTrees,train,case_85,400360,0.5233337630128996,0.6693732474835118,0.9538206407717086,-0.43116787432001424,1.3078458073735142,-0.9549578013100636,5.742957919701812,5.311790045381797,9.90499882698059,9.560602605922941,0.034769940620238624,0.034769940620238624,15.767036905288688,14.490976301977192,0.08093217584107203,0.08093217584107203,34.80757522583008,30.781172613133972,0.11567604426832309,0.8843239557316769,0.90588470376661,0.9163336663336663,1.0,0.05287741033070237,209521.90535984447,179385.51957464986,2299250.6327318177,17089038.579897046
4,ExtraTrees,train,case_86,400360,0.4716184862922133,0.6640959432042157,0.9233147904764051,0.4063818076715091,1.2565530778931597,0.38636090672169093,4.475714650114444,4.882096457785952,7.60098669528961,8.347874542846629,0.09826195959793897,0.0,12.306284666061373,12.596043375510959,0.023545588072466022,0.0,24.116090774536133,28.911503791554576,0.19884702963889395,1.198847029638894,0.8472874413028274,0.8331668331668332,1.0,0.05015486062543711,188817.17717195052,176568.13714395964,1791897.1173198188,10322525.946124662
4,ExtraTrees,train,case_87,400360,0.3951454877568205,0.6410794960366756,0.9593475206276275,0.030121434167098757,1.6505395039271553,-0.8547221876753707,5.09026258343684,5.120384017603939,10.772640562057495,10.574059062144245,0.018433874106287062,0.018433874106287062,15.996327209472646,15.179578911351578,0.05105848907850603,0.05105848907850603,34.780033111572266,26.442898290607964,0.23971037618679866,0.7602896238132013,0.9009391547607154,0.7804695304695305,1.0,0.05296233389949046,158200.44747832065,164541.12194674107,2037937.5279047734,14421142.352911664
4,ExtraTrees,train,case_92,400360,0.31887017567823567,0.5086719941831503,0.9661178880620404,0.1727224389397659,1.0680608471455384,-0.19910562974186394,5.1309906232953235,5.303713062235089,8.626925182342527,9.056304212759574,0.04977196641230814,0.0,13.86244007110595,13.329125588062613,0.038471905401051776,0.038471905401051776,26.93845558166504,28.403950229566096,0.05440158376779802,1.054401583767798,0.8457887900889199,0.8738761238761239,1.0,0.052105604955540015,127662.86353453842,103592.02805766501,2054243.4059425157,13597729.007015591
4,ExtraTrees,train,case_93,400360,0.2969567699391437,0.41803752257748805,0.9796476674807401,-0.09497600690033174,0.7973994481187102,-0.2283794314510187,5.478692639531607,5.383716632631276,9.250488615036007,9.330134563904977,0.008609918046870677,0.0,14.655003519058223,14.34031360042343,0.021473206623632096,0.021473206623632096,30.175100326538086,28.929898465677127,0.04126587310020779,0.9587341268997922,0.9120791287840944,0.9150849150849151,1.0,0.05297482265960635,118889.61241283559,69965.06004639131,2193449.385162874,15454927.461751582
4,ExtraTrees,train,case_94,400360,0.4350383750410634,0.6418202478628573,0.9299031723087312,0.3481357548324613,1.264756787460426,0.51398799249323,4.538194797936468,4.88633055276893,7.718307733535765,8.528181413894293,0.10492891814091018,0.0,12.303719158172552,12.917701066064877,0.049902139344955534,0.0,24.009641647338867,28.803488145797147,0.19966339226848104,1.199663392268481,0.8508842042162054,0.8414085914085914,1.0,0.04940553501848337,174171.96383144014,164921.58818969986,1816911.6693018444,10598267.30129735
4,ExtraTrees,train,case_95,400360,0.4268701627546744,0.6651297281489656,0.9574173328632939,0.15231403141865865,1.6702319771837277,-0.8493023359115489,4.895934174812619,5.0482482062312775,10.778055810928343,10.646418115864515,0.01221349168839477,0.01221349168839477,16.617831211090085,15.648482716120425,0.058331829385940275,0.058331829385940275,34.6576042175293,27.323360016055343,0.2116200576196898,0.7883799423803102,0.9101308822060146,0.7405094905094906,1.0,0.05274502947347387,170901.73836046143,177118.28522690307,1960136.20622798,13756096.419497095
4,ExtraTrees,train,case_96,400360,0.5714692446341996,0.7826765157666603,0.8950690158789683,0.515107994243664,1.5090882461047515,1.1384717494685155,4.446458726790373,4.9615667210340355,7.780730009078979,8.976018696449625,0.1536216635169089,0.0,12.240180082321166,13.44048176958842,0.09806242058488042,0.0,24.3714542388916,28.02564901636218,0.149937494154094,1.149937494154094,0.850334698771106,0.8883616383616384,1.0,0.05129133779598361,228793.42678174816,245253.54104325545,1780184.2158577936,10252799.934972897
4,ExtraTrees,train,case_97,400360,0.42135091636432614,0.5531389257651275,0.9681096123006658,-0.3412467943113947,1.3075659269597135,-0.9290434003362629,5.692470121784694,5.3512233274733,9.87625789642334,9.505897777174694,0.037500045374753856,0.037500045374753856,15.68950984954829,14.425877045204151,0.08053997967186463,0.08053997967186463,35.222373962402344,30.326717408571284,0.13899280494429092,0.8610071950557091,0.9226695973623739,0.9085914085914086,1.0,0.05300979118793086,168692.05287562162,122495.21504027044,2279037.33795772,16814484.77921046
4,ExtraTrees,train,case_98,400360,0.4845533735939848,0.6800512296174026,0.9589326502301116,-0.37166178314865894,1.8810797661733427,-1.5030212258244937,6.260926460286945,5.8892646771382875,10.456711626052856,9.802761661836751,0.06253877773455963,0.06253877773455963,16.65958471298217,14.744294990586342,0.11496623447662035,0.11496623447662035,34.968265533447266,29.582912768372392,0.15400685973182643,0.8459931402681735,0.8543311020081926,0.8973526473526473,1.0,0.05307223498851034,193995.78865208777,185154.359044622,2506624.5176404812,20202345.646022253
4,ExtraTrees,train,case_100,400360,0.3569251997695699,0.5278609190170278,0.9716979502473089,-0.25792266926428437,1.4714550719122412,-1.0920511239410076,5.697571016647155,5.439648347382872,10.016252183914181,9.553091817325166,0.04624088512196586,0.04624088512196586,16.072310028076142,14.596728030320353,0.09180895559991985,0.09180895559991985,36.00269317626953,30.91134015098517,0.1414158935376598,0.8585841064623402,0.9228694175242282,0.9125874125874126,1.0,0.053144669797182534,142898.572979745,111555.16930413764,2281079.532224855,16938205.916138913
4,ExtraTrees,train,case_101,400360,0.49025609398481684,0.6580070268159077,0.9586758719900358,-0.4268211686454263,1.6417442802807518,-1.3304042739525557,5.892952550035133,5.466131381389708,10.397786188125611,9.640009200497092,0.07287868531994907,0.07287868531994907,16.382473373413045,14.692480442766021,0.10315859468385875,0.10315859468385875,37.050594329833984,30.973871237585573,0.16401148759320427,0.8359885124067957,0.9240183834548906,0.9175824175824175,1.0,0.05320461584573884,196278.92978776127,173345.16930468637,2359302.482932066,18098026.538970944
4,ExtraTrees,train,case_102,400360,0.32989616178767184,0.5584366985199186,0.954555595446123,0.051340548499328766,1.4779760459506097,-0.6778375356297506,3.561208677776423,3.612549226275753,8.40616006851196,8.268610686875585,0.016362926772190818,0.016362926772190818,14.098538675308209,13.329875313627669,0.054520782570661425,0.054520782570661425,24.8814754486084,20.893461785188187,0.16028043319445745,0.8397195668055425,0.9018383454890598,0.7632367632367633,1.0,0.04997002697572185,132077.2273333123,124852.88505818196,1425765.5062345688,7824824.903724942
4,ExtraTrees,train,case_104,400360,0.37002302363337203,0.49711168462747996,0.9724510511666908,-0.25352421352097515,0.9059498981051549,-0.5147736485360935,5.5717848155386465,5.318260602017671,9.49413046836853,9.39635872708424,0.010298124889902819,0.010298124889902819,15.03142244338985,14.35301315537197,0.045132740469030874,0.045132740469030874,32.318115234375,29.059376049757024,0.10083320642262686,0.8991667935773732,0.9271155959636327,0.9223276723276723,1.0,0.05293485862723549,148142.41774185683,98936.97400698598,2230719.7687490527,16020406.29126272
4,ExtraTrees,train,case_105,400360,0.376827216246385,0.5683920592677428,0.9328224440361379,0.24002166670217057,0.941952546322681,0.7200276311678916,4.1177261345419325,4.357747801244104,6.899764347076416,7.906494137578542,0.1459078513208498,0.0,10.9968593406677,11.794184805327902,0.07250483433134366,0.0,24.234914779663086,24.6971623028672,0.019073618678123478,1.0190736186781235,0.8432410830252772,0.8981018981018981,1.0,0.05019982016185433,150866.5442964027,129344.118247344,1648572.835225208,8713778.17665891
4,ExtraTrees,train,case_106,400360,0.3765831462183436,0.6075200201728624,0.8391502091944383,0.34402662888625996,1.3598289336819458,1.0867893578133565,2.8088639096034482,3.1528905384897086,5.13510546684265,6.273905506624628,0.22176760480095367,0.0,7.404705095291117,8.781297741086279,0.18590782861434685,0.0,16.977144241333008,19.22071897390371,0.13215265775432575,1.1321526577543257,0.8407932860425616,0.794955044955045,1.0,0.05053202118093716,150768.82841997605,147765.09897130195,1124556.7548488365,4077379.610060282
4,ExtraTrees,train,case_110,400360,0.38921799074776664,0.5490940962943623,0.934244120295954,0.3261776709396259,0.989041284525898,0.7747812245800231,3.929007749751944,4.25518542069157,6.862423944473265,7.817120980989314,0.13911950707809678,0.0,10.958230762481676,11.748129323011957,0.0720826726185309,0.0,24.01297378540039,25.53078743506876,0.06320806674062095,1.063208066740621,0.8699170746328304,0.9210789210789211,1.0,0.05023229093815566,155827.31477577586,120710.27219169971,1573017.5426906883,8016131.630889808
4,ExtraTrees,train,case_111,400360,0.2718065712001917,0.46315454325331645,0.9555913401138829,0.14956289728307182,1.1332264169686812,0.1669957476640854,1.8535673291566421,2.0031302264397137,5.327201390266418,5.956887354717597,0.11820201984511189,0.0,13.019953222274761,13.017947485331913,0.00015405100990816984,0.00015405100990816984,22.531204223632812,18.688857894991656,0.1705344415018416,0.8294655584981584,0.9096812868418424,0.9423076923076923,1.0,0.047759516435208316,108820.47884570876,85882.07674161231,742094.2159011533,3309425.40804822
4,ExtraTrees,train,case_114,400360,0.5417983678096407,0.7298185421171817,0.8752717241493949,0.3794300898692726,1.2949647933617923,1.1393262158516493,3.8466171109917005,4.2260472008609735,6.512721204757687,7.859793893988719,0.20683714946172815,0.0,10.346745529174791,11.677751220600985,0.12864003349392789,0.0,23.000751495361328,25.170271473344854,0.09432387365347884,1.0943238736534788,0.8338994904585872,0.9000999000999002,1.0,0.0491982216005595,216914.39453626776,213245.7904048099,1540031.6265566372,7633594.826299871
4,ExtraTrees,train,case_115,400360,0.5194678609343779,0.6860850245098646,0.9553351106050525,-0.46223327132191816,1.6713363314213292,-1.329504042830586,5.918926264383106,5.4566929930611865,10.394952774047848,9.665393347363898,0.0701840058865276,0.0701840058865276,16.448994159698447,14.72425048804952,0.10485405094706082,0.10485405094706082,35.972679138183594,30.40743624897178,0.15470748975448217,0.8452925102455178,0.9180237785992607,0.906093906093906,1.0,0.053521830352682584,207974.15280368755,188454.52090058904,2369701.3192084203,18245386.326437797
4,ExtraTrees,train,case_116,400360,0.32264928877585297,0.47461126498997536,0.9754421413805692,-0.11340113663726371,1.1676621287214073,-0.6807405393789802,5.529623456611647,5.416222319974382,9.626658058166502,9.49319913797526,0.013863473635902693,0.013863473635902693,15.341071567535392,14.396371670337615,0.061579785547506406,0.061579785547506406,35.28178024291992,31.002791571412917,0.12128040711227091,0.878719592887729,0.9216205415126386,0.9110889110889111,1.0,0.053691677490258764,129175.86925430049,90183.43324918178,2213840.047089039,15913985.93365754
4,ExtraTrees,train,case_117,400360,0.46156073660137326,0.6030574408258191,0.9516751584421848,-0.1966406363167426,0.9715977600246526,-0.2864148188507789,5.137139844130944,4.940499207814202,8.875784015655517,8.942453834866706,0.0075114287474316015,0.0,13.745235443115213,13.310157020608752,0.03165303528681171,0.03165303528681171,30.055034637451172,26.133788364736105,0.13046886553339235,0.8695311344666077,0.8608752123089219,0.8933566433566433,1.0,0.05251273853531822,184790.4565057258,145602.2349538513,2056705.307996265,13578572.17672394
4,ExtraTrees,train,case_119,400360,0.2703416436088002,0.41573163797875984,0.9728001435319802,-0.05522325331284938,0.799911349022888,-0.40951515476239897,4.592839510915934,4.537616257603084,8.03566355705261,8.130238339338385,0.011769380538931421,0.0,12.864710826873766,12.351911397833959,0.039860937096898745,0.039860937096898745,27.997272491455078,26.59240639813541,0.050178677003213136,0.9498213229967869,0.8786092516734939,0.9068431568431569,1.0,0.05193326006594065,108233.98043521924,69195.33773273499,1838789.2265903032,10989223.476553407
4,ExtraTrees,train,case_120,400360,0.443835313631378,0.6039613720623005,0.9647239908921843,-0.3704112699343584,1.470511399336211,-1.149974471789231,5.849380987685487,5.478969717751129,10.294800615310661,9.695265191388957,0.05823672029452048,0.05823672029452048,16.261321811676016,14.760148598280404,0.09231557131584063,0.09231557131584063,36.66416549682617,31.081547060997384,0.15226361653620746,0.8477363834637925,0.9264661804376062,0.9208291708291708,1.0,0.05337446298331502,177693.9061654585,146039.05253937023,2341858.1722297617,17838317.90270544
4,ExtraTrees,train,case_121,400360,0.23031963430041683,0.3595963175471046,0.9797689977573196,0.02656443214258299,0.9071985644857027,-0.5386806921636753,4.536640064733341,4.5632044968759224,7.992828512191771,7.901792550795018,0.011389705316195937,0.011389705316195937,12.891168012618962,12.175085281859776,0.05554832037393543,0.05554832037393543,27.960119247436523,25.8203812232114,0.07652821525148906,0.923471784748511,0.916075532021181,0.9150849150849151,1.0,0.05136627035667899,92210.76878851488,51770.35606154887,1816289.2163166404,10798811.938567609
4,ExtraTrees,train,case_122,400360,0.3625804010741411,0.5743780084399608,0.9000057607158688,0.2926875756588224,1.081665876383935,0.405183336648472,3.1949199588273136,3.487607534486136,5.731524729728698,6.664257763037669,0.1627373303426576,0.0,9.12270348548888,9.659163078704074,0.058804892000328415,0.0,22.65458106994629,26.79469348960678,0.18274945834918965,1.1827494583491895,0.7310920171845339,0.7932067932067932,1.0,0.05047457288440404,145162.6893740431,132082.80626655085,1279118.1547161033,5407584.278401689
4,ExtraTrees,train,case_125,400360,0.2734569904407052,0.37880616439139714,0.9757454290496044,0.18898090112723356,0.6798545006079886,-0.125406712512347,4.388985807024614,4.5779667081518465,7.719360971450801,7.89291330213715,0.02248273287493788,0.0,12.352934799194323,12.203229443040737,0.012119011278465562,0.012119011278465562,25.916418075561523,25.92427093182271,0.00030300700653509494,1.000303007006535,0.9150764312119093,0.9145854145854145,1.0,0.04920321710460585,109481.24069284073,57449.30195203402,1757174.3577003744,10080810.232415516
4,ExtraTrees,train,case_127,400360,0.27223057703627795,0.41062523641604026,0.972506667958795,0.14923701205977127,0.8367333591796328,-0.38776639630753357,4.408906901601324,4.5581439136610955,7.859949254989618,7.948683872843126,0.01128946447041976,0.0,12.608463897705061,12.120833553960614,0.03867484157473011,0.03867484157473011,28.440195083618164,25.869066024303812,0.09040476170275455,0.9095952382972454,0.8993405934658807,0.9103396603396603,1.0,0.050949145768808074,108990.23382224425,67505.934623213,1765149.9671251061,10237738.484780371
4,ExtraTrees,train,case_128,400360,0.3708820535089752,0.601955701068351,0.8850023328114736,0.33044956545933385,1.2328955780772344,0.6605099032069969,3.1501356945595393,3.4805852600188736,5.586181855201721,6.7270024913880775,0.2042218935504313,0.0,8.927573862075796,9.72434056994661,0.08924784271519362,0.0,21.58715057373047,26.54299352609121,0.22957374274266354,1.2295737427426636,0.7276950744330103,0.7744755244755245,1.0,0.05053202118093716,148486.3389428533,145070.7126592535,1261188.3266738572,5234424.413455113
4,ExtraTrees,train,case_129,400360,0.4254553359860255,0.5613456929399334,0.9508541875117776,0.3304839809942445,0.8979324112228314,-0.021073095038850177,4.307862306820347,4.638346287814592,8.360485506057739,8.709183249769467,0.041707834247074894,0.0,12.449416322708034,12.400660477486321,0.003916315749902356,0.003916315749902356,27.233789443969727,26.60102764651112,0.023234438187914982,0.9767655618120851,0.8529823159156759,0.8626373626373627,1.0,0.04934309121790389,170335.29831536516,126157.03402819922,1724695.7531585942,9996746.400499811
4,ExtraTrees,train,case_130,400360,0.29672198560915874,0.46242449500973676,0.9641965285377985,0.06942314280594437,1.0071077849903043,-0.4922437216414786,4.393115192012862,4.462538334818806,7.741332387924194,7.843913693580069,0.01325111757452665,0.0,12.371518497466973,11.821722856770517,0.04444043314561784,0.04444043314561784,25.519859313964844,25.966862551508378,0.017515897405395452,1.0175158974053955,0.8497851933260065,0.8541458541458542,1.0,0.04776451193925467,118795.6141584828,85611.54654289462,1758827.5982742696,10117884.357995834
4,ExtraTrees,train,case_136,400360,0.4863214665175054,0.6581897679320711,0.8786103470247034,0.4423372440406374,1.1654850302952562,0.43904220371929786,3.3661358935285524,3.808473137569191,5.935817217826843,6.914217733167809,0.16482996012791098,0.0,9.499952650070178,10.052369865152391,0.05814947036374257,0.0,21.323503494262695,26.323561530328885,0.2344857653157937,1.2344857653157937,0.7652612648616245,0.76998001998002,1.0,0.048351483664701767,194703.66233494846,173441.46520160922,1347666.1663330912,5965226.870345799
4,ExtraTrees,train,case_137,400360,0.3683620124440115,0.5843953676718563,0.8854548792259596,0.3313236093847634,1.2443202798702848,0.6045486554421907,3.0236621260769616,3.354985735461725,5.4260913848876955,6.457790466602827,0.19013669482024112,0.0,8.722746763229296,9.549587220820499,0.09479129453542612,0.0,21.634017944335938,27.214436391968377,0.257946464775558,1.257946464775558,0.7297432310920172,0.7744755244755245,1.0,0.050149865121390746,147477.41530208444,136730.12476300195,1210553.3687961723,4853983.543434064
4,ExtraTrees,train,case_141,400360,0.2468924806369843,0.3700178483637857,0.9721034493665812,0.17609272289609398,0.6433104807054912,0.1355906602542356,4.012784792653495,4.1888775155495885,7.26107919216156,7.5876502367668,0.04497555197549395,0.0,11.077090291976921,11.242931685242239,0.014971566439738748,0.0,25.202781677246094,23.749270819013226,0.05767263617353577,0.9423273638264642,0.8929963033270057,0.9100899100899101,1.0,0.05110400639424518,98845.87354782304,54814.57199802499,1606558.519586753,8411696.52556561
4,ExtraTrees,train,case_142,400360,0.23482389215755312,0.3472000213594335,0.9793252778552493,0.10372159519429129,0.7138521933714561,-0.23740312094902874,4.321270355732036,4.4249919509263265,7.779161429405209,7.852560751112305,0.009435377112711224,0.0,12.231397266387924,11.908962280999285,0.026361255248792872,0.026361255248792872,27.647048950195312,24.86459288900259,0.10064206368662233,0.8993579363133777,0.9195723848536317,0.9193306693306693,1.0,0.0503471875312219,94014.09346419797,48262.539160535955,1730063.799620878,9810447.668562127
4,ExtraTrees,train,case_143,400360,0.668073422574898,0.8064783609974764,0.8964873924285665,0.6323534672871551,0.7764813216566216,0.26832701931161335,4.474318076376679,5.1066715436638335,7.921590662002563,8.546986598052227,0.07894827727586277,0.0,12.536460180282564,12.682084254686062,0.011616044107294086,0.0,29.560705184936523,28.91960039110012,0.021687736805517673,0.9783122631944823,0.90253771605555,0.8948551448551448,1.0,0.05080677390348686,267469.8754620862,260397.08534770293,1791337.9850581675,10530623.36365127
4,ExtraTrees,train,case_144,400360,0.3326527112877275,0.47245886433842016,0.9759619028560038,0.09026145889511449,0.9053430308818535,-0.3517560290959005,5.492587406903478,5.582848865798596,9.57113671302795,9.613170363591468,0.004391709346947551,0.0,15.136413698196405,14.639642487244165,0.03281961109529088,0.03281961109529088,31.827865600585938,30.34741850279958,0.046514180886798207,0.9534858191132017,0.9152762513737636,0.9010989010989011,1.0,0.05203317014686782,133180.8394911546,89367.309653037,2199012.2942278767,15796003.67292771
4,ExtraTrees,train,case_145,400360,0.598108815228491,0.7839848864812955,0.886795437298516,0.527100007731045,1.3762113304857115,1.007710410495542,4.284758478472041,4.811858486203085,7.399078512191771,8.275348827448752,0.11842965496488705,0.0,11.438420429229723,12.791655190142086,0.11830608686618205,0.0,25.100421905517578,27.222080487362685,0.08452680954254095,1.0845268095425409,0.8235587970826256,0.8786213786213786,1.0,0.04873363972424818,239458.84526487868,246074.1885212391,1715445.904441066,9523984.02051085
4,ExtraTrees,train,case_146,400360,0.32291773681121405,0.4421187159574158,0.966336285346211,0.21552890318948556,0.7346489526259272,-0.03293003961922046,4.320783606981047,4.536312510170532,7.589036440849302,7.878758628743963,0.03817641279664717,0.0,12.167704410552965,12.15233577802674,0.0012630675440220905,0.0012630675440220905,28.361948013305664,26.66814671799865,0.05972090825751421,0.9402790917424858,0.9007892896393246,0.8946053946053946,1.0,0.05322959336597063,129283.34510973765,78257.95242517359,1729868.9248909322,9799086.767015075
4,ExtraTrees,train,case_147,400360,0.3829980279859909,0.5266603596882895,0.960285858336386,-0.24035534125522293,1.2003898711381784,-0.8859562480172614,4.797992291013543,4.557636949758321,8.369614458084104,8.044439450507635,0.038851850250089665,0.038851850250089665,13.121011762619016,12.172595689235898,0.07228223635048475,0.07228223635048475,29.499116897583008,26.172721070373342,0.11276255620663045,0.8872374437933696,0.8589269657308423,0.8853646353646354,1.0,0.04960035967629134,153337.09048447132,111048.30739520752,1920924.1936301822,12012770.016969586
4,ExtraTrees,train,case_148,400360,0.46557999176193854,0.5694050869214445,0.9373276753275184,0.4259193498049905,0.7448404310847448,0.42335519591948223,4.050931678325365,4.476851028130354,7.333276700973511,7.926171603820856,0.08084992930494991,0.0,11.485404291152937,11.93114485595227,0.03880930557600673,0.0,26.239187240600586,25.632922185615797,0.023105329041850003,0.97689467095815,0.8971925267259466,0.9123376623376623,1.0,0.04991257867918873,186399.6055018097,129805.58117989145,1621831.0067343432,8641105.258012155
4,ExtraTrees,train,case_150,400360,0.4476468862162965,0.6703273171857012,0.9091928212267935,0.37869846097352106,1.2353885753839577,0.5939666091679411,3.788771955886119,4.167470416859642,7.405756855010986,8.311835649428335,0.12234789936483886,0.0,10.835816211700429,11.709860666357669,0.08066253963531175,0.0,22.92385482788086,26.214857967929145,0.14356237922278425,1.1435623792227843,0.8084723748626237,0.7969530469530469,1.0,0.04837396343291038,179219.90736555646,179897.24680253136,1516872.7402585666,7728175.482668079
4,ExtraTrees,train,case_151,400360,0.48045838978776245,0.6246428445090152,0.9119896517490594,0.4409330704103942,0.9592570398337709,0.5886796337807307,3.846295328628278,4.287228399038673,6.654342794418334,7.560105667796088,0.13611605253301765,0.0,10.317672529220548,11.10522104665809,0.07633005556312578,0.0,23.825817108154297,24.530269986094083,0.029566787772356825,1.0295667877723569,0.8118693176141473,0.8681318681318682,1.0,0.050207313417923866,192356.32093542858,156211.93760447617,1539902.7977696173,7697847.87186607
4,ExtraTrees,train,case_153,400360,0.23185862531357543,0.3680783366295431,0.9782217434104565,-0.07482807621150482,0.9543607462922206,-0.5809643250349996,4.478284567221076,4.403456491009571,8.088743019104003,7.888210059818389,0.02479160962488171,0.02479160962488171,12.596611623764018,11.90424737167966,0.05496432475366511,0.05496432475366511,28.401994705200195,25.35935746553194,0.10712758984886268,0.8928724101511373,0.91787391347787,0.8831168831168831,1.0,0.05044959536417225,92826.91923054306,54241.43815667104,1792926.0093326299,10519856.4009851
4,ExtraTrees,train,case_155,400360,0.3942303312178608,0.5536359209035406,0.9468902177630043,0.22213719753448438,0.9245563221102181,0.04885963073854005,4.394123516012045,4.616260713546529,7.589083981513977,7.936808048639213,0.04581897735909184,0.0,11.835097093582132,12.154296094403533,0.026970543485823565,0.0,28.122840881347656,26.472449244084878,0.05868509672354592,0.9413149032764541,0.8235587970826256,0.8626373626373627,1.0,0.050042461784394046,157834.05540638274,122715.43774973392,1759231.2908705822,10040879.112956177
4,ExtraTrees,train,case_157,400360,0.5041958226118924,0.6295097235475515,0.926097579676244,0.47767623401037185,0.8141899361941167,0.40286978722845657,4.141123750788858,4.618799984799231,7.273385071754455,7.870944955567919,0.08215705313527734,0.0,11.7065015220642,12.168149943665812,0.039435216467661675,0.0,26.843324661254883,28.991190582315642,0.08001489935264786,1.080014899352648,0.9057847936856829,0.9000999000999002,1.0,0.052792486761914274,201859.83954089726,158655.65851350065,1657940.3048658273,9012562.259375302
4,ExtraTrees,train,case_158,400360,0.29851275537181304,0.4337361797174856,0.9778355397946623,0.13072827092061784,0.8322111335335212,-0.0891694233660616,5.309165940253087,5.439894211173706,9.031450700759887,9.321001954239446,0.032060325973455886,0.0,14.374462537765476,14.166390948314476,0.01447508655745158,0.01447508655745158,33.08441925048828,28.72124941313398,0.1318798980365934,0.8681201019634066,0.9133280047956839,0.9170829170829171,1.0,0.05281496653012289,119512.56674065908,75318.55518486213,2125577.675839726,14683212.409436893
4,ExtraTrees,train,case_159,400360,0.2554055442680366,0.38959718535360915,0.9741198616103898,0.06113882019353346,0.8721810829923552,-0.4305773333460222,4.308228827876949,4.369367648070483,7.735206508636474,7.836207495356727,0.01305730966684392,0.0,12.345149745941162,11.813630459149282,0.04305490801896779,0.04305490801896779,27.970979690551758,25.208699749868742,0.09875520883582346,0.9012447911641766,0.8755619942052153,0.8878621378621379,1.0,0.049428014786691975,102254.16370315113,60769.02968224255,1724842.4935288155,9779111.391040415
4,ExtraTrees,train,case_164,400360,0.37148993638054234,0.5080380515240351,0.9554023186855718,0.16599018810752503,0.8040009504985254,0.07762997398963682,4.41744805846477,4.583438246572295,7.523049545288086,7.887497751919095,0.04844421194318381,0.0,11.752422008514381,12.044462512235963,0.0248493887906684,0.0,27.64034652709961,25.845672368013066,0.06492951010317397,0.9350704898968261,0.8280047956838845,0.8831168831168831,1.0,0.05252522729543411,148729.71092931394,103333.98167678194,1768569.5046869554,10129589.802121753
4,ExtraTrees,train,case_165,400360,0.39602210868373205,0.5971819660170166,0.9449842077555333,0.12722755748229497,1.175232401885417,-0.2539461655418196,3.916683115704931,4.043910673187227,8.25058135986328,8.312567903896552,0.007512991064462388,0.0,13.54518896102898,13.541333272931682,0.0002846536957432795,0.0002846536957432795,26.689733505249023,22.251704133692716,0.1662822662011027,0.8337177337988974,0.8776101508642222,0.8034465534465535,1.0,0.05083175142371865,158551.41143261897,142778.9056825726,1568083.252203626,8736920.126982423
4,ExtraTrees,train,case_169,400360,0.36102601656540173,0.4841109680180443,0.9633651741813959,0.16140179377156663,0.8833278434064195,-0.4093643804526303,4.506858299532411,4.668260093303977,8.090929222106933,8.132354586774671,0.005119976152374573,0.0,12.841711378097514,12.286032509655168,0.043271403014873644,0.043271403014873644,28.405933380126953,25.64217640560769,0.09729505936435144,0.9027049406356485,0.8804076331301829,0.8943556443556444,1.0,0.05071185932660605,144540.37599212423,93829.74257671511,1804365.7888007958,10693238.037052538
4,ExtraTrees,train,case_170,400360,0.3099543957559584,0.4750078767058828,0.9449681018700071,0.2412026079320962,0.9002573041128676,0.4369775194060588,3.5917996307210354,3.8330022386531315,6.727396512031555,7.338111915753139,0.09078034907402222,0.0,9.981185073852506,10.746164391234986,0.07664213334611733,0.0,23.188430786132812,22.956638287212055,0.009996040743704596,0.9900039592562954,0.8614247177540214,0.8973526473526473,1.0,0.05274253172145069,124093.34188485552,90334.2208669082,1438012.9001554737,6806542.575703929
4,ExtraTrees,train,case_171,400360,0.308966748415519,0.43925265046797707,0.9776401051667472,0.1426675966905398,0.8408322363596267,-0.10611895791950667,5.335408860563249,5.478076457253789,9.183458948135376,9.45229264157222,0.029273685977703134,0.0,14.578658542633027,14.357063558279203,0.015199957095215898,0.015199957095215898,33.82589340209961,30.709796986817725,0.09212162937545545,0.9078783706245446,0.9167749025876711,0.9040959040959041,1.0,0.05277000699370567,123697.92739563719,77246.61581799667,2136084.2914151023,14851578.007787077
4,ExtraTrees,train,case_173,400360,0.503786736441102,0.8060361148751608,0.9483870072042767,-0.011232252249100037,2.356173982286219,-1.6267334547650787,2.5970050088225753,2.5857727565734754,9.599425172805786,9.057391485160178,0.0564652234782907,0.0564652234782907,17.56222873687742,15.291752157901282,0.12928180204193318,0.12928180204193318,26.76559829711914,21.610711824158074,0.19259373228790863,0.8074062677120913,0.8782096113497851,0.8748751248751249,1.0,0.1571235887701069,201696.05780155957,260111.57731187128,1039736.9253322062,7739855.067462722
4,ExtraTrees,train,case_175,400360,0.29775418764884704,0.44461889052552533,0.9671159076721212,0.14342046747819506,0.8542834609162262,-0.3377610747188794,4.382044370932325,4.525464838410519,7.760565519332886,7.896180930915541,0.017474939325596125,0.0,12.505675315856932,12.076820945921105,0.03429277980630513,0.03429277980630513,28.643783569335938,26.379284521708637,0.07905726009086024,0.9209427399091398,0.8958437406334299,0.8996003996003996,1.0,0.0528374462983315,119208.8665670924,79145.550069672,1754395.284346466,10094641.527618555
4,ExtraTrees,train,case_176,400360,0.34993997673793703,0.48588337524322894,0.9581850865519808,0.24577874757129511,0.8463417780460749,0.039945786067685146,4.060998864911518,4.306777612482812,7.827819538116455,8.265832009564766,0.05595587242596378,0.0,11.872080402374266,11.88067606070365,0.0007240229208407786,0.0,27.17892074584961,24.952347001752777,0.0819228167636805,0.9180771832363195,0.8772604655809771,0.8973526473526473,1.0,0.04953791587571186,140101.96908680047,94518.05149066256,1625861.5055559753,8863012.667989213
4,ExtraTrees,train,case_179,400360,0.42554458301550296,0.5789165086958921,0.9557594832054388,-0.30482841858162096,1.48371554189253,-1.2331389912190154,4.922423795128108,4.617595376546486,8.778277397155762,8.15059188698017,0.0715044059075836,0.0715044059075836,13.768545122146582,12.441299417797115,0.09639694626955206,0.09639694626955206,31.174861907958984,26.816622618214108,0.13979979454639418,0.8602002054536058,0.8808572284943551,0.8918581418581418,1.0,0.04981266859826156,170371.02925608677,134178.381572911,1970741.590617489,12733755.095619332
4,ExtraTrees,train,case_181,400360,0.32209485720192066,0.480981141060636,0.9642146249269823,0.18696000394172765,0.9096551286391393,-0.1514415903055307,4.400496773867756,4.587456777809484,8.348705530166626,8.614589371358845,0.03184731336271146,0.0,12.506495037078853,12.238088931757371,0.021461337051325743,0.021461337051325743,29.049291610717773,26.20475611321699,0.09792099358633886,0.9020790064136611,0.8719652312918373,0.8706293706293706,1.0,0.0494854630832251,128953.89702936095,92620.42665129673,1761782.8883856947,10340940.005454497
4,ExtraTrees,train,case_182,400360,0.27704441160725585,0.4217607493949896,0.9718971997762947,0.0648042636011205,0.8745270443702826,-0.4821685764442989,4.5172521324672905,4.5820563960684115,8.005867195129394,7.9430878167782275,0.007841671216999453,0.007841671216999453,12.821896562576253,12.258496994971809,0.04394042370056698,0.04394042370056698,27.602649688720703,26.069264550306663,0.055552099371120475,0.9444479006288795,0.9004396043560795,0.9103396603396603,1.0,0.0518433409931062,110917.50063108095,71216.88945879217,1808527.0637546044,10703729.078933505
4,ExtraTrees,train,case_184,400360,0.26157549745880454,0.393635108805838,0.975178467216008,0.07278616069679014,0.9396599889765287,-0.5413975548096454,4.47488648801918,4.547672648715969,7.875815033912657,7.876839931752324,0.00013013228919846618,0.0,12.749776926040594,12.055086307866256,0.054486491975830366,0.054486491975830366,29.159093856811523,25.837429171653298,0.11391522320513706,0.886084776794863,0.8970426616045559,0.9113386613386614,1.0,0.049832650614447,104724.366162607,62035.22104943202,1791565.554343359,10516302.702600041
4,ExtraTrees,train,case_187,400360,0.28022843791606167,0.41361790978237556,0.9742279502730913,-0.05492504283823229,1.092114899100175,-0.7494345350653414,4.630080605487511,4.575155562649278,8.103256320953365,7.937406728684672,0.02046703025299103,0.02046703025299103,13.128380126953111,12.194343565040679,0.07114636785956678,0.07114636785956678,29.0647029876709,26.313998829486337,0.09464071108352272,0.9053592889164773,0.8893495853731641,0.903096903096903,1.0,0.04996503147167549,112192.25740407445,68493.49883620194,1853699.07121298,11240442.060866356
4,ExtraTrees,train,case_188,400360,0.25369296803026065,0.38920365187460676,0.9768885967407999,0.017122179948540622,0.9947084928753002,-0.6589006580302104,4.561877200521213,4.578999380469756,8.110652208328247,7.934731593791172,0.02169007004842777,0.02169007004842777,13.086825618743863,12.270976184327068,0.06234127802912555,0.06234127802912555,28.11197280883789,26.130665293730402,0.07047913458726032,0.9295208654127397,0.9105804775701868,0.916083916083916,1.0,0.05253022279948047,101568.51668059514,60646.32566675975,1826393.1560006728,10955867.98698799
4,ExtraTrees,train,case_193,400360,0.36950717524878574,0.481281541078924,0.9580637108880798,0.29272254413771914,0.6971768064802644,0.17672806886777342,4.217785242945701,4.510507787083421,7.433103251457213,7.860173578102099,0.057455185566157904,0.0,11.889664096832272,12.113463994789663,0.01882306313573804,0.0,26.4258975982666,26.70506547898509,0.01056417779870612,1.0105641777987062,0.900989109801179,0.9040959040959041,1.0,0.05078179638325507,147935.89268260385,92736.1562051636,1688632.499865741,9333647.424383583
4,ExtraTrees,train,case_194,400360,0.271162983006745,0.4293897516190232,0.9717897432227506,0.038125471446195776,1.076708501774985,-0.527689486040743,4.4735464772618485,4.511671948708044,8.246804285049436,8.257268372333273,0.0012688657232727107,0.0,12.928755416870114,12.22192604678038,0.05467110694718736,0.05467110694718736,28.35040283203125,26.451349203430365,0.06698506683846023,0.9330149331615397,0.8722649615346189,0.8733766233766234,1.0,0.04904835647916875,108562.81187658044,73816.59871934494,1791029.0676365537,10628909.940717285
4,ExtraTrees,train,case_195,400360,0.3845193752984861,0.5252807432552538,0.9617800552512435,-0.24507639115258534,1.3706113785458223,-1.0794347921021052,4.837615727860749,4.592539336708163,8.506486845016479,8.082543463280572,0.04983765794974143,0.04983765794974143,13.599721879959082,12.30414252698126,0.09526513589127317,0.09526513589127317,28.627286911010742,26.56455150458147,0.07205486893820506,0.9279451310617949,0.8743630732340893,0.8898601398601399,1.0,0.04950044959536417,153946.1770945019,110467.27484324123,1936787.8328063295,12259739.691145731
4,ExtraTrees,train,case_196,400360,0.33828076522493844,0.4797405355940497,0.9671190605473711,-0.11776604752973988,1.1760551307194291,-0.8745243931440912,4.721619437764037,4.603853390234297,8.420341682434081,8.052963444018253,0.04362984927110812,0.04362984927110812,13.27775411605834,12.314351907740116,0.0725576177941922,0.0725576177941922,29.805959701538086,26.801082656643683,0.10081463824630152,0.8991853617536985,0.8914976521130982,0.8986013986013986,1.0,0.049847637126586075,135434.08716545635,92143.24695016342,1890347.5581032098,11727831.892893458
4,ExtraTrees,train,case_197,400360,0.32959224077283455,0.46142073373527187,0.965016980684836,0.23234019964277597,0.8460225046249885,-0.08781332172691424,4.335292672210596,4.567632871853372,7.936916875839233,8.286520492708835,0.04404778610367333,0.0,12.379508867263791,12.221464066821218,0.012766645441040439,0.012766645441040439,27.07880973815918,25.638527095207188,0.053188550637155975,0.946811449362844,0.8790088919972026,0.8821178821178821,1.0,0.049428014786691975,131955.54951581205,85240.28468198614,1735677.7742462344,9961289.997120844
4,ExtraTrees,validation,case_11,400360,0.6622819852546172,0.8982962658073167,0.9296836844055549,-0.49277069736824763,2.1964905732580715,-1.6690943420209892,6.201051010845691,5.708280313477443,10.622378873825072,10.147051905478536,0.04474769484242404,0.04474769484242404,17.002918834686216,14.769980134443285,0.13132678700363504,0.13132678700363504,35.55618667602539,30.052413736581297,0.1547908663432444,0.8452091336567557,0.8099210710360676,0.8901098901098901,1.0,0.05292736537116595,265151.21561653854,323064.9694905665,2482652.782702181,19989509.012440648
4,ExtraTrees,validation,case_17,400360,0.36564057604792694,0.5944566943997329,0.9554714888284426,0.20849608760429225,1.2580476832834844,0.11386757037065164,5.224712665699665,5.433208753303959,8.882305335998534,9.458110727583334,0.06482611999963048,0.0,13.956213130950902,13.678380525267478,0.01990744932572504,0.01990744932572504,27.7415714263916,28.518312275406476,0.027999165478994163,1.0279991654789942,0.8327005694874613,0.8733766233766234,1.0,0.05222050154860625,146387.86102654802,141478.72096080898,2091765.9628395182,14106137.547034325
4,ExtraTrees,validation,case_44,400360,0.3813441155150487,0.5208573014121483,0.9676623973933847,-0.26266098148103634,1.0511604869864482,-0.6546791250295017,5.309876889919772,5.047215908438736,9.196964502334595,8.966848275189152,0.02502088891253511,0.02502088891253511,14.862060785293576,13.90793949569492,0.06419845157293293,0.06419845157293293,32.25737762451172,28.734228975919006,0.10921993379634011,0.8907800662036599,0.9128284543910481,0.9110889110889111,1.0,0.053514337096613046,152674.9300876049,108614.59661197454,2125862.31164828,14646837.997959476
4,ExtraTrees,validation,case_61,400360,0.5201987909502607,0.6770287676666886,0.9516594402007781,-0.21139394095080152,1.069083321134983,-0.5109491441709659,5.705564880105384,5.494170939154582,9.68325624465942,9.627643433796113,0.005743193142697132,0.005743193142697132,15.157886562347406,14.560827933688133,0.039389305771847,0.039389305771847,33.85128402709961,30.483156165166168,0.09949778741737213,0.9005022125826279,0.8884503946448197,0.9088411588411588,1.0,0.05362423818563293,208266.78794484635,183512.1933621194,2284279.9553989917,16829343.90342225
4,ExtraTrees,validation,case_69,400360,0.5451307432041275,0.7032046747734455,0.945869401908732,-0.4296059972980191,1.2226876851689126,-0.7827917072386243,5.590349281239787,5.160743283941766,9.673070669174193,9.496250242150296,0.018279658349585066,0.018279658349585066,15.407477064132683,14.188325383315892,0.07912727539636417,0.07912727539636417,32.95534896850586,30.465753152471205,0.07554451383336477,0.9244554861666352,0.8938455390148866,0.8956043956043956,1.0,0.052213008292536715,218248.5443492045,197976.74470255524,2238152.238237161,16169443.43154454
4,ExtraTrees,validation,case_78,400360,1.0041340624021748,1.1843329507432412,0.554596365659955,0.9977577431779439,1.905063185987529,1.6890024612728254,3.235144727900909,4.2329024710788525,5.647890686988831,7.574255250441866,0.3410768143744078,0.0,8.848848810195921,10.871132291980356,0.2285363356478976,0.0,20.279897689819336,22.002447813496506,0.08493879752371251,1.0849387975237126,0.8004795683884504,0.8571428571428571,0.9997502497502497,0.05030972125087421,402015.1132233347,561562.7673202348,1295222.5432624079,5451027.589212791
4,ExtraTrees,validation,case_91,400360,0.551981146840989,0.791064333244337,0.9458018937302329,-0.41393102546138744,2.2302194253792478,-1.8401335429620465,6.227670659174811,5.813739633713423,10.791361618041991,9.701510660987953,0.10099290484640279,0.10099290484640279,16.847370262145986,14.818573037642565,0.12042219010654051,0.12042219010654051,35.742393493652344,30.009123632718538,0.16040531426503388,0.8395946857349661,0.8478369467479269,0.8921078921078921,1.0,0.052740033969427516,220991.17194925834,250538.3935330823,2493310.2251072275,20150156.032166723
4,ExtraTrees,validation,case_107,400360,0.5284716195534452,0.6552433034458833,0.9553055270297327,-0.3212221703493974,1.0928748903249703,-0.655241418452453,5.773947810975519,5.452725640626123,9.823783111572263,9.578622253505635,0.02495585003071089,0.02495585003071089,15.309831600189176,14.593304712038313,0.0468017485014015,0.0468017485014015,35.135074615478516,30.32544346291029,0.1368897378248167,0.8631102621751833,0.8936457188530322,0.9105894105894106,1.0,0.05342192027175542,211578.89760441735,171892.07844748543,2311657.745602159,17193327.08709395
4,ExtraTrees,validation,case_109,400360,0.45851489407074064,0.5980325478053979,0.9562061457742956,-0.3145152043766462,1.1561757900516607,-0.664051614075414,5.195676734823355,4.881161530446708,9.180979347229002,9.009728171498349,0.018652822237568794,0.018652822237568794,14.838084297180142,13.79628147752415,0.07021140996307575,0.07021140996307575,33.0452880859375,29.18469384746019,0.11682737425188908,0.883172625748111,0.903137176541113,0.8921078921078921,1.0,0.05301228893995404,183571.02299016173,143185.92274801072,2080141.1375538784,14077284.672122162
4,ExtraTrees,validation,case_139,400360,0.3402114057416807,0.5020905503688862,0.9632847466335573,-0.1285329395058964,1.2683580084561812,-0.9503200056226354,4.656545949523149,4.528013010017252,8.312557744979857,7.995983900369206,0.038083806972870386,0.038083806972870386,13.217778148651119,12.110043163105694,0.08380644410032487,0.08380644410032487,29.612136840820312,26.386657130990237,0.1089242470804658,0.8910757529195342,0.8713657708062743,0.8916083916083916,1.0,0.04961284843640723,136207.03840273927,100928.72247936953,1864294.736351088,11430133.00250851
4,ExtraTrees,validation,case_166,400360,0.4329351006000557,0.5563320876781956,0.9539355822206612,-0.25923078102573494,1.0987583638844747,-0.7803256199107941,4.752669265709314,4.4934384846835815,8.191421604156492,7.948106525664269,0.029703644892207767,0.029703644892207767,12.85470631599426,11.987410686503207,0.06746911272581427,0.06746911272581427,28.598407745361328,25.6531653188664,0.1029862380003533,0.8970137619996467,0.8521830352682586,0.8873626373626373,1.0,0.049805175342192025,173329.8968762383,123913.57865319273,1902778.6672193808,11733284.091455607
4,ExtraTrees,validation,case_183,400360,0.4035898989512517,0.5683448761390698,0.9568981379664335,-0.24458852005834977,1.5849233263958151,-1.3063986526351705,4.862273831097952,4.617685311039603,8.673352289199828,8.056141465439167,0.07116173806628615,0.07116173806628615,13.893857116699213,12.341714022838259,0.11171434115263876,0.11171434115263876,30.76870346069336,26.77406180728621,0.1298280786679964,0.8701719213320036,0.8924467978819063,0.8936063936063936,1.0,0.050277250474572883,161581.25194412313,129322.64501677794,1946659.9510183763,12465589.519301178
4,ExtraTrees,validation,case_191,400360,0.2971632585251868,0.4395517439623044,0.9711483766579388,-0.0486537567243474,1.0648913888016165,-0.7322599274812489,4.650895452266001,4.602241695541652,8.205350446701049,8.059442986955467,0.017781990018993436,0.017781990018993436,13.111052494049055,12.183389957922518,0.07075423857448448,0.07075423857448448,29.264482498168945,25.625463478136997,0.12434933781110392,0.8756506621888961,0.8793585772804476,0.9135864135864136,1.0,0.04976521130982116,118972.28218314379,77351.84831294458,1862032.503269216,11341140.896453092
4,ExtraTrees,validation,case_192,400360,0.2630099360046679,0.4067843860668442,0.9750695163752434,-0.03772537808018719,1.0468888216507812,-0.7003153747207845,4.594875131585384,4.557149753505197,8.175111389160156,8.016931214670441,0.01934899317695597,0.01934899317695597,12.946696014404287,12.163471619096585,0.06049608289530386,0.06049608289530386,29.42413902282715,26.652494193812483,0.09419629328370262,0.9058037067162974,0.8807073633729643,0.8938561438561439,1.0,0.049635328204615844,105298.65797882884,66248.98517234094,1839604.2076815246,11110100.202361241
4,ExtraTrees,validation,case_199,400360,0.3934569374741258,0.5786518524155478,0.9542631532963306,-0.19322633347878815,1.5184511338735014,-1.0573387863082977,4.738719716338008,4.54549338285922,8.71670413017273,8.314274762091326,0.046167606709100126,0.046167606709100126,13.672717103958115,12.3435136862113,0.09721574780202419,0.09721574780202419,29.847414016723633,26.80659335737367,0.1018788648707113,0.8981211351292887,0.8591767409331602,0.8613886113886113,1.0,0.04983764611849335,157524.419487141,134055.72818944743,1897193.8256330849,11921292.318331864
4,ExtraTrees,internal_test,case_79,400360,0.41426076666279943,0.5616227600807722,0.968226278333198,-0.31319457290104386,1.3432925909548097,-0.9530937084189272,5.793376880167527,5.480182307266482,10.056427860260005,9.659608234524756,0.03945930217461825,0.03945930217461825,15.850202865600538,14.658796510629251,0.07516663130898964,0.07516663130898964,36.246280670166016,30.70152681150466,0.1529744226481475,0.8470255773518525,0.9196223398940954,0.9105894105894106,1.0,0.0530772304925567,165853.44054111838,126281.60110116847,2319436.367743871,17411772.858387887
4,ExtraTrees,internal_test,case_89,400360,0.486784940064837,0.6721636902862141,0.9469065188061314,-0.2806421513231729,1.5209705244824754,-1.004936839370098,5.266890383352188,4.986248232029016,9.501103210449216,9.134839705303781,0.0385495765105069,0.0385495765105069,14.831547985076902,13.383170409396428,0.09765518590087781,0.09765518590087781,30.670499801635742,27.893970907185206,0.09052767031538415,0.9094723296846159,0.865670896193426,0.8696303696303697,1.0,0.051583574782695575,194889.21860435815,180884.26006522673,2108652.233878882,14512941.660125623
4,ExtraTrees,internal_test,case_99,400360,0.6734691929913192,1.0033135926222647,0.713809287298153,0.6366660981974281,1.98351819787626,0.9704382736630054,3.476781438713956,4.1134475369113845,5.963100194931029,7.335156641691006,0.23009112741830187,0.0,9.452709732055656,10.990283497662622,0.162659576903415,0.0,19.247943878173828,27.66725704040381,0.43741363833552366,1.4374136383355236,0.695524028374463,0.6116383616383616,1.0,0.047314916575082425,269630.1261060046,403017.65579568886,1391964.2168035195,6247768.959238368
4,ExtraTrees,internal_test,case_118,400360,0.6535979226667229,0.9405534526219446,0.8993624538284463,-0.2136864219846475,2.232993344126626,-1.4956413952995598,4.115224517896751,3.901538095912103,9.728425073623656,8.681071453917253,0.10765911355436726,0.10765911355436726,15.380120143890334,14.182541275687168,0.07786537796838328,0.07786537796838328,27.368141174316406,22.092337071800795,0.19277173663027877,0.8072282633697212,0.8587771006094514,0.7787212787212787,0.997002997002997,0.046623039264661804,261674.46431884918,354174.78958263027,1647571.287985143,10299436.424713062
4,ExtraTrees,internal_test,case_124,400360,0.33957504398863975,0.5106782647644386,0.9624586342742999,-0.16036882755860896,1.342342795012099,-1.0258862446314436,4.68614249334891,4.525773665790301,8.326841783523559,7.965682049204612,0.04337295504203991,0.04337295504203991,13.333128252029367,12.137150866622259,0.08969968358513873,0.08969968358513873,28.74965476989746,26.099691987961684,0.09217372532453642,0.9078262746754636,0.8711159956039565,0.8836163836163836,1.0,0.04961284843640723,135952.26461129182,104410.8012655642,1876144.0086371698,11573098.271248205
4,ExtraTrees,internal_test,case_133,400360,0.2727890847929724,0.4049550464680765,0.9743709399819824,0.08909981794054722,0.9254932642991328,-0.53804123087095,4.494560615819249,4.583660433759796,8.05308094024658,7.9593800394376215,0.011635410286350609,0.011635410286350609,12.81892926216123,12.166663847408286,0.05088298729272923,0.05088298729272923,28.935829162597656,25.921992800054944,0.10415586661115574,0.8958441333888443,0.902287940853232,0.9123376623376623,1.0,0.050182335897692075,109213.83798771445,65654.4717562624,1799442.2881493943,10649422.287634764
4,ExtraTrees,internal_test,case_154,400360,0.7222000371343213,0.8414037237089059,0.8405473607928007,0.6880908830231711,1.2154591044448109,0.7622159987281961,3.5978396622740405,4.285930545297211,6.938599348068237,8.01772127069389,0.1555244608446933,0.0,10.474741182327266,11.431803212785647,0.09136856117009493,0.0,24.134431838989258,25.748713821689265,0.06688709282528577,1.0668870928252858,0.8539814167249475,0.8359140859140859,1.0,0.04947547207513238,289140.0068670969,283438.9561899428,1440431.0871880348,6960014.663848389
4,ExtraTrees,internal_test,case_156,400360,0.347996998675749,0.4938179288334716,0.9648165490574571,-0.14736990784145212,1.2771259263848245,-0.9384129225699133,4.732292953646106,4.584923045804655,8.350664710998535,8.066479556601314,0.03403144111664849,0.03403144111664849,13.289695453643796,12.138030776412549,0.08665847018454298,0.08665847018454298,28.11277961730957,25.78503602889176,0.08280019336773708,0.9171998066322629,0.8759116794884604,0.8776223776223776,1.0,0.04912079128784094,139324.07838982288,97630.2469478133,1894620.8069217552,11740791.85297921
4,ExtraTrees,internal_test,case_163,400360,0.6243450015873677,0.7840883005681029,0.9184438708737835,0.416793468573408,1.608894454134841,-0.7040876240048727,4.8691821289669655,5.285975597540372,9.154281949996946,8.866215301800182,0.03146796764293026,0.03146796764293026,13.400103712081906,13.313991516539376,0.0064262335122741284,0.0064262335122741284,30.699800491333008,27.10010948390974,0.11725454074007782,0.8827454592599222,0.708462383854531,0.9023476523476524,1.0,0.053042261964232194,249962.76483551852,246139.11124182184,1949425.7571532144,12510142.33051967
4,ExtraTrees,internal_test,case_180,400360,0.5787786490694703,0.7367563335541304,0.912582818233139,0.3030371847037426,1.0936051017373203,0.5004144278580603,4.617005859716327,4.92004304442007,7.6927731275558475,8.301611579834763,0.07914421005060313,0.0,12.1202414035797,12.882642907150387,0.06290316159424957,0.0,27.940109252929688,27.659336204675064,0.010049103448841476,0.9899508965511585,0.8186632031171945,0.8778721278721279,1.0,0.052595164352083126,231719.8199414531,217319.36957506157,1848464.4659960286,11020374.196065595
4,ExtraTrees,internal_test,case_185,400360,0.29220019754924415,0.41194448546675166,0.971217001761807,0.20277339142547024,0.6729213019881216,0.034992698826071804,4.4111433006062715,4.613916692031741,7.666236424446105,8.028106740666722,0.0472031249997305,0.0,12.235298709869317,12.230430358547729,0.00039789394905919725,0.00039789394905919725,25.902671813964844,25.63960838788258,0.01015584137310656,0.9898441586268935,0.878359476471176,0.9090909090909091,1.0,0.04971026076531122,116985.2710908154,67940.39501586504,1766045.331830727,10150713.984372474
4,ExtraTrees,internal_test,case_186,400360,0.5036633619841429,0.6455762707844309,0.9228045504526982,0.4095885276066161,0.9936746199800637,0.5266150419424325,4.10199790038781,4.511586427994426,7.5299984931945785,8.244010633522612,0.0948223483674451,0.0,11.554426622390743,12.214034074572183,0.057086991309739245,0.0,25.107419967651367,25.723790503298638,0.024549337862727748,1.0245493378627277,0.8469377560195823,0.8843656343656343,1.0,0.05032970326705965,201646.66360397145,166857.52529967713,1642275.8793992638,8898106.523626285
4,ExtraTrees,internal_test,case_189,400360,0.2997012659711782,0.45131794507817674,0.9680110791733519,0.007458137611646553,1.0514316646613806,-0.6246409791040545,4.50395661685842,4.511414754470066,7.995612788200375,7.89657076763918,0.012387045644250916,0.012387045644250916,12.753865308761585,12.03885960797371,0.056061882690315416,0.056061882690315416,29.364471435546875,26.958598005794304,0.08193144000678876,0.9180685599932112,0.8798581276850834,0.8746253746253746,1.0,0.049428014786691975,119988.39884422091,81548.4826593531,1803204.071125437,10670825.610614894
4,ExtraTrees,internal_test,case_190,400360,0.3386373832437031,0.5034337009438079,0.9636387031554431,-0.14271031034487622,1.2839692381048888,-0.96342134707508,4.71106754251522,4.568357232170344,8.360267305374144,8.079300024988793,0.03360745178622933,0.03360745178622933,13.360542898178092,12.218880131847838,0.08545032750771955,0.08545032750771955,28.387516021728516,26.001624078043612,0.08404722490895936,0.9159527750910407,0.8615745828754121,0.8818681318681318,1.0,0.04945549005894695,135576.862755449,101469.43687524031,1886123.0013213935,11676241.904284762
4,ExtraTrees,internal_test,case_200,400360,0.3626366600809868,0.4686740809888227,0.9617819307190268,0.31314250952073924,0.6795974557958672,0.11094756766267477,4.3085884493248345,4.621730958845574,7.528428196907043,8.054240179056753,0.06984352754612629,0.0,12.027814435958856,12.071052908951462,0.003594873634177303,0.0,27.248859405517578,26.43779526126713,0.02976506767421674,0.9702349323257833,0.8815066440203817,0.9055944055944056,1.0,0.050214806673993403,145185.21323002386,87941.23361819566,1724986.4715716909,9733294.889121156
