path,size_bytes,role
.gitattributes,753,delivery_documentation_or_audit
.gitignore,259,delivery_documentation_or_audit
FE_Results_Cases_All/FE_Results_Case_0.txt,33922402,original_fem_data
FE_Results_Cases_All/FE_Results_Case_1.txt,33925265,original_fem_data
FE_Results_Cases_All/FE_Results_Case_10.txt,33923729,original_fem_data
FE_Results_Cases_All/FE_Results_Case_100.txt,33922967,original_fem_data
FE_Results_Cases_All/FE_Results_Case_101.txt,33925936,original_fem_data
FE_Results_Cases_All/FE_Results_Case_102.txt,33916404,original_fem_data
FE_Results_Cases_All/FE_Results_Case_103.txt,33918171,original_fem_data
FE_Results_Cases_All/FE_Results_Case_104.txt,33919178,original_fem_data
FE_Results_Cases_All/FE_Results_Case_105.txt,33907969,original_fem_data
FE_Results_Cases_All/FE_Results_Case_106.txt,33902689,original_fem_data
FE_Results_Cases_All/FE_Results_Case_107.txt,33920883,original_fem_data
FE_Results_Cases_All/FE_Results_Case_108.txt,33922650,original_fem_data
FE_Results_Cases_All/FE_Results_Case_109.txt,33916779,original_fem_data
FE_Results_Cases_All/FE_Results_Case_11.txt,33932437,original_fem_data
FE_Results_Cases_All/FE_Results_Case_110.txt,33907468,original_fem_data
FE_Results_Cases_All/FE_Results_Case_111.txt,33911614,original_fem_data
FE_Results_Cases_All/FE_Results_Case_112.txt,33913979,original_fem_data
FE_Results_Cases_All/FE_Results_Case_113.txt,33925545,original_fem_data
FE_Results_Cases_All/FE_Results_Case_114.txt,33906778,original_fem_data
FE_Results_Cases_All/FE_Results_Case_115.txt,33925813,original_fem_data
FE_Results_Cases_All/FE_Results_Case_116.txt,33920552,original_fem_data
FE_Results_Cases_All/FE_Results_Case_117.txt,33914854,original_fem_data
FE_Results_Cases_All/FE_Results_Case_118.txt,33923190,original_fem_data
FE_Results_Cases_All/FE_Results_Case_119.txt,33911987,original_fem_data
FE_Results_Cases_All/FE_Results_Case_12.txt,33923465,original_fem_data
FE_Results_Cases_All/FE_Results_Case_120.txt,33925062,original_fem_data
FE_Results_Cases_All/FE_Results_Case_121.txt,33911642,original_fem_data
FE_Results_Cases_All/FE_Results_Case_122.txt,33904846,original_fem_data
FE_Results_Cases_All/FE_Results_Case_123.txt,33908099,original_fem_data
FE_Results_Cases_All/FE_Results_Case_124.txt,33911808,original_fem_data
FE_Results_Cases_All/FE_Results_Case_125.txt,33909823,original_fem_data
FE_Results_Cases_All/FE_Results_Case_126.txt,33910877,original_fem_data
FE_Results_Cases_All/FE_Results_Case_127.txt,33911241,original_fem_data
FE_Results_Cases_All/FE_Results_Case_128.txt,33904781,original_fem_data
FE_Results_Cases_All/FE_Results_Case_129.txt,33911200,original_fem_data
FE_Results_Cases_All/FE_Results_Case_13.txt,33916759,original_fem_data
FE_Results_Cases_All/FE_Results_Case_130.txt,33908944,original_fem_data
FE_Results_Cases_All/FE_Results_Case_131.txt,33907612,original_fem_data
FE_Results_Cases_All/FE_Results_Case_132.txt,33907474,original_fem_data
FE_Results_Cases_All/FE_Results_Case_133.txt,33911080,original_fem_data
FE_Results_Cases_All/FE_Results_Case_134.txt,33910072,original_fem_data
FE_Results_Cases_All/FE_Results_Case_135.txt,33899992,original_fem_data
FE_Results_Cases_All/FE_Results_Case_136.txt,33904503,original_fem_data
FE_Results_Cases_All/FE_Results_Case_137.txt,33904708,original_fem_data
FE_Results_Cases_All/FE_Results_Case_138.txt,33909112,original_fem_data
FE_Results_Cases_All/FE_Results_Case_139.txt,33911644,original_fem_data
FE_Results_Cases_All/FE_Results_Case_14.txt,33917485,original_fem_data
FE_Results_Cases_All/FE_Results_Case_140.txt,33910164,original_fem_data
FE_Results_Cases_All/FE_Results_Case_141.txt,33907399,original_fem_data
FE_Results_Cases_All/FE_Results_Case_142.txt,33909472,original_fem_data
FE_Results_Cases_All/FE_Results_Case_143.txt,33910814,original_fem_data
FE_Results_Cases_All/FE_Results_Case_144.txt,33918819,original_fem_data
FE_Results_Cases_All/FE_Results_Case_145.txt,33906832,original_fem_data
FE_Results_Cases_All/FE_Results_Case_146.txt,33911015,original_fem_data
FE_Results_Cases_All/FE_Results_Case_147.txt,33911810,original_fem_data
FE_Results_Cases_All/FE_Results_Case_148.txt,33907145,original_fem_data
FE_Results_Cases_All/FE_Results_Case_149.txt,33907545,original_fem_data
FE_Results_Cases_All/FE_Results_Case_15.txt,33902274,original_fem_data
FE_Results_Cases_All/FE_Results_Case_150.txt,33907728,original_fem_data
FE_Results_Cases_All/FE_Results_Case_151.txt,33906071,original_fem_data
FE_Results_Cases_All/FE_Results_Case_152.txt,33921206,original_fem_data
FE_Results_Cases_All/FE_Results_Case_153.txt,33909673,original_fem_data
FE_Results_Cases_All/FE_Results_Case_154.txt,33905550,original_fem_data
FE_Results_Cases_All/FE_Results_Case_155.txt,33908072,original_fem_data
FE_Results_Cases_All/FE_Results_Case_156.txt,33911438,original_fem_data
FE_Results_Cases_All/FE_Results_Case_157.txt,33910414,original_fem_data
FE_Results_Cases_All/FE_Results_Case_158.txt,33916223,original_fem_data
FE_Results_Cases_All/FE_Results_Case_159.txt,33908859,original_fem_data
FE_Results_Cases_All/FE_Results_Case_16.txt,33921381,original_fem_data
FE_Results_Cases_All/FE_Results_Case_160.txt,33913374,original_fem_data
FE_Results_Cases_All/FE_Results_Case_161.txt,33931058,original_fem_data
FE_Results_Cases_All/FE_Results_Case_162.txt,33904609,original_fem_data
FE_Results_Cases_All/FE_Results_Case_163.txt,33914971,original_fem_data
FE_Results_Cases_All/FE_Results_Case_164.txt,33908680,original_fem_data
FE_Results_Cases_All/FE_Results_Case_165.txt,33918157,original_fem_data
FE_Results_Cases_All/FE_Results_Case_166.txt,33911005,original_fem_data
FE_Results_Cases_All/FE_Results_Case_167.txt,33905370,original_fem_data
FE_Results_Cases_All/FE_Results_Case_168.txt,33911632,original_fem_data
FE_Results_Cases_All/FE_Results_Case_169.txt,33909887,original_fem_data
FE_Results_Cases_All/FE_Results_Case_17.txt,33914609,original_fem_data
FE_Results_Cases_All/FE_Results_Case_170.txt,33905459,original_fem_data
FE_Results_Cases_All/FE_Results_Case_171.txt,33916889,original_fem_data
FE_Results_Cases_All/FE_Results_Case_172.txt,33918809,original_fem_data
FE_Results_Cases_All/FE_Results_Case_173.txt,33976751,original_fem_data
FE_Results_Cases_All/FE_Results_Case_174.txt,34066935,original_fem_data
FE_Results_Cases_All/FE_Results_Case_175.txt,33911699,original_fem_data
FE_Results_Cases_All/FE_Results_Case_176.txt,33909276,original_fem_data
FE_Results_Cases_All/FE_Results_Case_177.txt,34020422,original_fem_data
FE_Results_Cases_All/FE_Results_Case_178.txt,33914639,original_fem_data
FE_Results_Cases_All/FE_Results_Case_179.txt,33913820,original_fem_data
FE_Results_Cases_All/FE_Results_Case_18.txt,33922250,original_fem_data
FE_Results_Cases_All/FE_Results_Case_180.txt,33908485,original_fem_data
FE_Results_Cases_All/FE_Results_Case_181.txt,33911756,original_fem_data
FE_Results_Cases_All/FE_Results_Case_182.txt,33911404,original_fem_data
FE_Results_Cases_All/FE_Results_Case_183.txt,33913705,original_fem_data
FE_Results_Cases_All/FE_Results_Case_184.txt,33910285,original_fem_data
FE_Results_Cases_All/FE_Results_Case_185.txt,33909468,original_fem_data
FE_Results_Cases_All/FE_Results_Case_186.txt,33909222,original_fem_data
FE_Results_Cases_All/FE_Results_Case_187.txt,33910972,original_fem_data
FE_Results_Cases_All/FE_Results_Case_188.txt,33912369,original_fem_data
FE_Results_Cases_All/FE_Results_Case_189.txt,33910630,original_fem_data
FE_Results_Cases_All/FE_Results_Case_19.txt,33925272,original_fem_data
FE_Results_Cases_All/FE_Results_Case_190.txt,33911848,original_fem_data
FE_Results_Cases_All/FE_Results_Case_191.txt,33911339,original_fem_data
FE_Results_Cases_All/FE_Results_Case_192.txt,33910992,original_fem_data
FE_Results_Cases_All/FE_Results_Case_193.txt,33909637,original_fem_data
FE_Results_Cases_All/FE_Results_Case_194.txt,33910481,original_fem_data
FE_Results_Cases_All/FE_Results_Case_195.txt,33912464,original_fem_data
FE_Results_Cases_All/FE_Results_Case_196.txt,33912169,original_fem_data
FE_Results_Cases_All/FE_Results_Case_197.txt,33909537,original_fem_data
FE_Results_Cases_All/FE_Results_Case_198.txt,33909825,original_fem_data
FE_Results_Cases_All/FE_Results_Case_199.txt,33913195,original_fem_data
FE_Results_Cases_All/FE_Results_Case_2.txt,33917999,original_fem_data
FE_Results_Cases_All/FE_Results_Case_20.txt,33923994,original_fem_data
FE_Results_Cases_All/FE_Results_Case_200.txt,33908817,original_fem_data
FE_Results_Cases_All/FE_Results_Case_21.txt,33909726,original_fem_data
FE_Results_Cases_All/FE_Results_Case_22.txt,33918672,original_fem_data
FE_Results_Cases_All/FE_Results_Case_23.txt,33898964,original_fem_data
FE_Results_Cases_All/FE_Results_Case_24.txt,33915948,original_fem_data
FE_Results_Cases_All/FE_Results_Case_26.txt,33896259,original_fem_data
FE_Results_Cases_All/FE_Results_Case_27.txt,33911581,original_fem_data
FE_Results_Cases_All/FE_Results_Case_28.txt,33920801,original_fem_data
FE_Results_Cases_All/FE_Results_Case_29.txt,33898971,original_fem_data
FE_Results_Cases_All/FE_Results_Case_3.txt,33924766,original_fem_data
FE_Results_Cases_All/FE_Results_Case_31.txt,33921540,original_fem_data
FE_Results_Cases_All/FE_Results_Case_32.txt,33922855,original_fem_data
FE_Results_Cases_All/FE_Results_Case_33.txt,33902609,original_fem_data
FE_Results_Cases_All/FE_Results_Case_34.txt,33912459,original_fem_data
FE_Results_Cases_All/FE_Results_Case_35.txt,33905743,original_fem_data
FE_Results_Cases_All/FE_Results_Case_36.txt,33938746,original_fem_data
FE_Results_Cases_All/FE_Results_Case_37.txt,33898802,original_fem_data
FE_Results_Cases_All/FE_Results_Case_38.txt,33960723,original_fem_data
FE_Results_Cases_All/FE_Results_Case_39.txt,33908878,original_fem_data
FE_Results_Cases_All/FE_Results_Case_4.txt,33919726,original_fem_data
FE_Results_Cases_All/FE_Results_Case_40.txt,33915924,original_fem_data
FE_Results_Cases_All/FE_Results_Case_41.txt,33937530,original_fem_data
FE_Results_Cases_All/FE_Results_Case_42.txt,33916689,original_fem_data
FE_Results_Cases_All/FE_Results_Case_43.txt,33917031,original_fem_data
FE_Results_Cases_All/FE_Results_Case_44.txt,33917545,original_fem_data
FE_Results_Cases_All/FE_Results_Case_45.txt,33930061,original_fem_data
FE_Results_Cases_All/FE_Results_Case_46.txt,33919550,original_fem_data
FE_Results_Cases_All/FE_Results_Case_47.txt,33915578,original_fem_data
FE_Results_Cases_All/FE_Results_Case_48.txt,33927678,original_fem_data
FE_Results_Cases_All/FE_Results_Case_49.txt,33924717,original_fem_data
FE_Results_Cases_All/FE_Results_Case_5.txt,33920383,original_fem_data
FE_Results_Cases_All/FE_Results_Case_50.txt,33918033,original_fem_data
FE_Results_Cases_All/FE_Results_Case_51.txt,33903599,original_fem_data
FE_Results_Cases_All/FE_Results_Case_52.txt,33919711,original_fem_data
FE_Results_Cases_All/FE_Results_Case_53.txt,33937878,original_fem_data
FE_Results_Cases_All/FE_Results_Case_54.txt,33917913,original_fem_data
FE_Results_Cases_All/FE_Results_Case_55.txt,33926802,original_fem_data
FE_Results_Cases_All/FE_Results_Case_56.txt,33914943,original_fem_data
FE_Results_Cases_All/FE_Results_Case_57.txt,33920461,original_fem_data
FE_Results_Cases_All/FE_Results_Case_58.txt,33904886,original_fem_data
FE_Results_Cases_All/FE_Results_Case_59.txt,33918134,original_fem_data
FE_Results_Cases_All/FE_Results_Case_6.txt,33924502,original_fem_data
FE_Results_Cases_All/FE_Results_Case_60.txt,33922875,original_fem_data
FE_Results_Cases_All/FE_Results_Case_61.txt,33919973,original_fem_data
FE_Results_Cases_All/FE_Results_Case_62.txt,33903148,original_fem_data
FE_Results_Cases_All/FE_Results_Case_63.txt,33913103,original_fem_data
FE_Results_Cases_All/FE_Results_Case_64.txt,33907851,original_fem_data
FE_Results_Cases_All/FE_Results_Case_65.txt,33909203,original_fem_data
FE_Results_Cases_All/FE_Results_Case_66.txt,33919435,original_fem_data
FE_Results_Cases_All/FE_Results_Case_67.txt,33919403,original_fem_data
FE_Results_Cases_All/FE_Results_Case_68.txt,33919812,original_fem_data
FE_Results_Cases_All/FE_Results_Case_69.txt,33920312,original_fem_data
FE_Results_Cases_All/FE_Results_Case_7.txt,33925562,original_fem_data
FE_Results_Cases_All/FE_Results_Case_70.txt,33909315,original_fem_data
FE_Results_Cases_All/FE_Results_Case_71.txt,33910434,original_fem_data
FE_Results_Cases_All/FE_Results_Case_72.txt,33903830,original_fem_data
FE_Results_Cases_All/FE_Results_Case_73.txt,33919317,original_fem_data
FE_Results_Cases_All/FE_Results_Case_74.txt,33916049,original_fem_data
FE_Results_Cases_All/FE_Results_Case_75.txt,33921045,original_fem_data
FE_Results_Cases_All/FE_Results_Case_76.txt,33906132,original_fem_data
FE_Results_Cases_All/FE_Results_Case_77.txt,33908822,original_fem_data
FE_Results_Cases_All/FE_Results_Case_78.txt,33905267,original_fem_data
FE_Results_Cases_All/FE_Results_Case_79.txt,33922952,original_fem_data
FE_Results_Cases_All/FE_Results_Case_8.txt,33924386,original_fem_data
FE_Results_Cases_All/FE_Results_Case_80.txt,33900721,original_fem_data
FE_Results_Cases_All/FE_Results_Case_81.txt,33926100,original_fem_data
FE_Results_Cases_All/FE_Results_Case_82.txt,33920066,original_fem_data
FE_Results_Cases_All/FE_Results_Case_83.txt,33924872,original_fem_data
FE_Results_Cases_All/FE_Results_Case_84.txt,33923377,original_fem_data
FE_Results_Cases_All/FE_Results_Case_85.txt,33922156,original_fem_data
FE_Results_Cases_All/FE_Results_Case_86.txt,33909238,original_fem_data
FE_Results_Cases_All/FE_Results_Case_87.txt,33929442,original_fem_data
FE_Results_Cases_All/FE_Results_Case_88.txt,33926849,original_fem_data
FE_Results_Cases_All/FE_Results_Case_89.txt,33918696,original_fem_data
FE_Results_Cases_All/FE_Results_Case_9.txt,33924996,original_fem_data
FE_Results_Cases_All/FE_Results_Case_90.txt,33913038,original_fem_data
FE_Results_Cases_All/FE_Results_Case_91.txt,33933798,original_fem_data
FE_Results_Cases_All/FE_Results_Case_92.txt,33914322,original_fem_data
FE_Results_Cases_All/FE_Results_Case_93.txt,33917595,original_fem_data
FE_Results_Cases_All/FE_Results_Case_94.txt,33909266,original_fem_data
FE_Results_Cases_All/FE_Results_Case_95.txt,33930246,original_fem_data
FE_Results_Cases_All/FE_Results_Case_96.txt,33909554,original_fem_data
FE_Results_Cases_All/FE_Results_Case_97.txt,33921897,original_fem_data
FE_Results_Cases_All/FE_Results_Case_98.txt,33929936,original_fem_data
FE_Results_Cases_All/FE_Results_Case_99.txt,33902689,original_fem_data
README.md,10046,delivery_documentation_or_audit
cluster/run_149case_development_integration.slurm,2189,cluster_execution_entry
cluster/run_formal_v11_iteration2.slurm,1980,cluster_execution_entry
cluster/run_formal_v11_iteration3.slurm,1980,cluster_execution_entry
cluster/run_formal_v11_iteration4.slurm,1980,cluster_execution_entry
cluster/run_locked_149_final_test.slurm,3633,cluster_execution_entry
cluster/run_recoverable_16000_iteration1.slurm,4026,cluster_execution_entry
cluster/run_residual_shape_pilot.slurm,4072,cluster_execution_entry
cluster/run_signed_staged_residual_pilot.slurm,4158,cluster_execution_entry
cluster/run_three_spatial_case_export.slurm,2858,cluster_execution_entry
cluster/run_v11_gain_stability_audit.slurm,4140,cluster_execution_entry
cluster/run_v11_iteration1_pilot.slurm,4012,cluster_execution_entry
cluster/run_v12_case_adaptive_tail_gain.slurm,3854,non_deployed_completed_decision_support
cluster/run_v13_residual_gain_audit.slurm,2957,cluster_execution_entry
cluster/run_v13_structural_tail_residual.slurm,4094,cluster_execution_entry
cluster/setup_environment.sh,632,cluster_execution_entry
docs/GITHUB_UPLOAD.md,7069,delivery_documentation_or_audit
docs/RESEARCH_FILE_MAP.md,8193,delivery_documentation_or_audit
docs/RUN_AND_PATHS.md,9088,delivery_documentation_or_audit
formula_appendix/Appendix_Frozen_Model_Expressions.tex,11669,formula_transcription_with_check_record
formula_appendix/build_formula_appendix.py,7976,formula_transcription_with_check_record
formula_appendix/formula_appendix_intro.tex,3394,formatting_template_not_experimental_result
formula_appendix/formula_transcription_checks.json,3646,formula_transcription_with_check_record
formula_appendix/frozen_formula_components.json,5433,formula_transcription_with_check_record
logs/csf3/slurm-ct3-v10-pilot-18821085.err,398,original_scheduler_log
logs/csf3/slurm-ct3-v10-pilot-18821085.out,1812,original_scheduler_log
logs/csf3/slurm-ct3-v11-gain-18852802.err,350,original_scheduler_log
logs/csf3/slurm-ct3-v11-gain-18852802.out,1648,original_scheduler_log
logs/csf3/slurm-ct3-v11-i1-18839742.err,5570,original_scheduler_log
logs/csf3/slurm-ct3-v11-i1-18839742.out,24110,original_scheduler_log
notebooks/00_Data_QC_Sensitivity_and_Feature_Ablation.ipynb,17699,research_notebook
notebooks/01_Four_Iteration_199Case_Baseline.ipynb,12128,research_notebook
notebooks/02A_Hierarchical_Feasibility_Iteration_1.ipynb,7729,research_notebook
notebooks/02A_Hierarchical_Feasibility_Iteration_3.ipynb,7729,research_notebook
notebooks/02A_Hierarchical_Feasibility_Iteration_4.ipynb,7729,research_notebook
notebooks/02A_Hierarchical_Stress_Decomposition_Feasibility.ipynb,8657,research_notebook
notebooks/06_Completed_Context_Stage_Artifacts.ipynb,1304,delivery_documentation_or_audit
notebooks/08_Recoverable_16000_Single_Formula_Symbolic_Regression/01_Recoverable_16000_Single_Formula_Iteration_1.ipynb,12332,research_notebook
notebooks/09_Residual_Shape_Symbolic_Regression_Pilot/01_Residual_Shape_Symbolic_Regression_Pilot.ipynb,10758,research_notebook
notebooks/10_Signed_Staged_Residual_Symbolic_Regression_Pilot/01_Signed_Staged_Residual_Symbolic_Regression_Pilot.ipynb,10231,research_notebook
notebooks/11_Tail_Aware_Localised_Symbolic_Regression/01_V11_Tail_Aware_Localised_Iteration_1.ipynb,8646,research_notebook
notebooks/12_V11_Frozen_Gain_and_Stability_Audit/01_V11_Frozen_Gain_and_Stability_Audit.ipynb,9264,research_notebook
notebooks/13_V12_Case_Adaptive_Tail_Gain/01_V12_Formal_Case_Adaptive_Tail_Gain.ipynb,10016,non_deployed_completed_decision_support
notebooks/13_V12_Case_Adaptive_Tail_Gain/CSF3_RUNBOOK.md,3349,non_deployed_completed_decision_support
notebooks/13_V12_Case_Adaptive_Tail_Gain/README.md,728,non_deployed_completed_decision_support
notebooks/15_V13_Structural_Tail_Residual/01_V13_Structural_Tail_Residual_Iteration_1.ipynb,8799,research_notebook
notebooks/16_V13_Residual_Gain_Audit/01_V13_Residual_Gain_Audit_Iteration_1.ipynb,7100,research_notebook
notebooks/17_Formal_V11_Four_Rotation/01_Register_Completed_Iteration_1.ipynb,3249,research_notebook
notebooks/17_Formal_V11_Four_Rotation/02_Formal_V11_Iteration_2.ipynb,5169,research_notebook
notebooks/17_Formal_V11_Four_Rotation/03_Formal_V11_Iteration_3.ipynb,5169,research_notebook
notebooks/17_Formal_V11_Four_Rotation/04_Formal_V11_Iteration_4.ipynb,5169,research_notebook
notebooks/17_Formal_V11_Four_Rotation/05_Aggregate_Four_Rotation_Stability.ipynb,2803,research_notebook
notebooks/18_149Case_Development_Integration/01_149Case_Development_Integration.ipynb,6401,research_notebook
notebooks/18_149Case_Development_Integration/README.md,1744,research_notebook
notebooks/19_One_Time_Final_50Case_Locked_149/01_One_Time_Final_50Case_Locked_149.ipynb,7916,research_notebook
notebooks/19_One_Time_Final_50Case_Locked_149/README.md,1793,research_notebook
notebooks/Multi-Case_FEM_Parametric_and_Position_Sensitivity_Stability_Analysis_199Cases.ipynb,61658,runnable_english_edition
notebooks/PreSplit_Grouping_and_Frozen_Manifest.ipynb,57059,delivery_documentation_or_audit
outputs/00_qc_sensitivity_ablation/ablation_case_metrics.csv,269902,executed_research_artifact
outputs/00_qc_sensitivity_ablation/ablation_split_metrics.csv,12320,executed_research_artifact
outputs/00_qc_sensitivity_ablation/ablation_stability_summary.csv,6898,executed_research_artifact
outputs/00_qc_sensitivity_ablation/ablation_training_audit_iteration_1.csv,20980,executed_research_artifact
outputs/00_qc_sensitivity_ablation/ablation_training_audit_iteration_2.csv,21086,executed_research_artifact
outputs/00_qc_sensitivity_ablation/ablation_training_audit_iteration_3.csv,21077,executed_research_artifact
outputs/00_qc_sensitivity_ablation/ablation_training_audit_iteration_4.csv,21052,executed_research_artifact
outputs/00_qc_sensitivity_ablation/ablation_validation_ranking.csv,1785,executed_research_artifact
outputs/00_qc_sensitivity_ablation/case_file_inventory.csv,59541,executed_research_artifact
outputs/00_qc_sensitivity_ablation/complete_case_read_audit.csv,14318,executed_research_artifact
outputs/00_qc_sensitivity_ablation/cross_case_sensitivity_stability.csv,960,executed_research_artifact
outputs/00_qc_sensitivity_ablation/development_case_summary.csv,132523,executed_research_artifact
outputs/00_qc_sensitivity_ablation/frozen_manifest_copy.csv,25685,executed_research_artifact
outputs/00_qc_sensitivity_ablation/locked_feature_set.csv,377,executed_research_artifact
outputs/00_qc_sensitivity_ablation/provisional_boundary_audit.csv,64146,executed_research_artifact
outputs/00_qc_sensitivity_ablation/within_case_feature_correlations.csv,82419,executed_research_artifact
outputs/01_baseline_199cases/baseline_case_metrics.csv,975211,executed_research_artifact
outputs/01_baseline_199cases/baseline_model_parameters.csv,1518,executed_research_artifact
outputs/01_baseline_199cases/baseline_run_contract.csv,422,executed_research_artifact
outputs/01_baseline_199cases/baseline_split_metrics.csv,13476,executed_research_artifact
outputs/01_baseline_199cases/baseline_stability_summary.csv,7570,executed_research_artifact
outputs/01_baseline_199cases/baseline_timing.csv,864,executed_research_artifact
outputs/01_baseline_199cases/baseline_validation_ranking.csv,1656,executed_research_artifact
outputs/01_baseline_199cases/training_weight_audit_iteration_1.csv,20980,executed_research_artifact
outputs/01_baseline_199cases/training_weight_audit_iteration_2.csv,21086,executed_research_artifact
outputs/01_baseline_199cases/training_weight_audit_iteration_3.csv,21077,executed_research_artifact
outputs/01_baseline_199cases/training_weight_audit_iteration_4.csv,21052,executed_research_artifact
outputs/02_symbolic_search_v4_context_interaction/formal_5000_per_case/discovery_manifest_iteration_1.csv.gz,2022402,reused_discovery_manifest_only
outputs/02_symbolic_search_v4_context_interaction/formal_5000_per_case/discovery_manifest_iteration_2.csv.gz,2020587,reused_discovery_manifest_only
outputs/05_hierarchical_feasibility_v5/iteration_1_pilot/case_amplitude_prediction.png,93724,executed_research_artifact
outputs/05_hierarchical_feasibility_v5/iteration_1_pilot/case_level_model_metrics.csv,1674,executed_research_artifact
outputs/05_hierarchical_feasibility_v5/iteration_1_pilot/case_level_model_predictions.csv,27313,executed_research_artifact
outputs/05_hierarchical_feasibility_v5/iteration_1_pilot/case_tail_predictions.csv,14065,executed_research_artifact
outputs/05_hierarchical_feasibility_v5/iteration_1_pilot/element_model_fit_timing.csv,103,executed_research_artifact
outputs/05_hierarchical_feasibility_v5/iteration_1_pilot/feasibility_decision_table.csv,550,executed_research_artifact
outputs/05_hierarchical_feasibility_v5/iteration_1_pilot/full_case_metrics.csv.gz,19563,executed_research_artifact
outputs/05_hierarchical_feasibility_v5/iteration_1_pilot/hierarchical_method_comparison.png,70717,executed_research_artifact
outputs/05_hierarchical_feasibility_v5/iteration_1_pilot/normalised_shape_case_metrics.csv,5876,executed_research_artifact
outputs/05_hierarchical_feasibility_v5/iteration_1_pilot/run_summary.json,1750,executed_research_artifact
outputs/05_hierarchical_feasibility_v5/iteration_1_pilot/split_metrics.csv,2809,executed_research_artifact
outputs/05_hierarchical_feasibility_v5/iteration_1_pilot/training_sample_audit.csv,17531,executed_research_artifact
outputs/05_hierarchical_feasibility_v5/iteration_1_pilot/training_sample_manifest.csv.gz,2022396,executed_research_artifact
outputs/05_hierarchical_feasibility_v5/iteration_1_pilot/validation_p95_adaptation.png,117160,executed_research_artifact
outputs/05_hierarchical_feasibility_v5/iteration_2_pilot/case_amplitude_prediction.png,93896,executed_research_artifact
outputs/05_hierarchical_feasibility_v5/iteration_2_pilot/case_level_model_metrics.csv,1684,executed_research_artifact
outputs/05_hierarchical_feasibility_v5/iteration_2_pilot/case_level_model_predictions.csv,27403,executed_research_artifact
outputs/05_hierarchical_feasibility_v5/iteration_2_pilot/case_tail_predictions.csv,14051,executed_research_artifact
outputs/05_hierarchical_feasibility_v5/iteration_2_pilot/element_model_fit_timing.csv,102,executed_research_artifact
outputs/05_hierarchical_feasibility_v5/iteration_2_pilot/feasibility_decision_table.csv,546,executed_research_artifact
outputs/05_hierarchical_feasibility_v5/iteration_2_pilot/full_case_metrics.csv.gz,19602,executed_research_artifact
outputs/05_hierarchical_feasibility_v5/iteration_2_pilot/hierarchical_method_comparison.png,72884,executed_research_artifact
outputs/05_hierarchical_feasibility_v5/iteration_2_pilot/normalised_shape_case_metrics.csv,5727,executed_research_artifact
outputs/05_hierarchical_feasibility_v5/iteration_2_pilot/run_summary.json,1746,executed_research_artifact
outputs/05_hierarchical_feasibility_v5/iteration_2_pilot/split_metrics.csv,2748,executed_research_artifact
outputs/05_hierarchical_feasibility_v5/iteration_2_pilot/training_sample_audit.csv,17554,executed_research_artifact
outputs/05_hierarchical_feasibility_v5/iteration_2_pilot/validation_p95_adaptation.png,127550,executed_research_artifact
outputs/05_hierarchical_feasibility_v5/iteration_3_pilot/case_amplitude_prediction.png,91702,executed_research_artifact
outputs/05_hierarchical_feasibility_v5/iteration_3_pilot/case_level_model_metrics.csv,1681,executed_research_artifact
outputs/05_hierarchical_feasibility_v5/iteration_3_pilot/case_level_model_predictions.csv,27397,executed_research_artifact
outputs/05_hierarchical_feasibility_v5/iteration_3_pilot/case_tail_predictions.csv,14052,executed_research_artifact
outputs/05_hierarchical_feasibility_v5/iteration_3_pilot/element_model_fit_timing.csv,103,executed_research_artifact
outputs/05_hierarchical_feasibility_v5/iteration_3_pilot/feasibility_decision_table.csv,548,executed_research_artifact
outputs/05_hierarchical_feasibility_v5/iteration_3_pilot/full_case_metrics.csv.gz,19618,executed_research_artifact
outputs/05_hierarchical_feasibility_v5/iteration_3_pilot/hierarchical_method_comparison.png,66989,executed_research_artifact
outputs/05_hierarchical_feasibility_v5/iteration_3_pilot/normalised_shape_case_metrics.csv,5747,executed_research_artifact
outputs/05_hierarchical_feasibility_v5/iteration_3_pilot/run_summary.json,1747,executed_research_artifact
outputs/05_hierarchical_feasibility_v5/iteration_3_pilot/split_metrics.csv,2766,executed_research_artifact
outputs/05_hierarchical_feasibility_v5/iteration_3_pilot/training_sample_audit.csv,18972,executed_research_artifact
outputs/05_hierarchical_feasibility_v5/iteration_3_pilot/training_sample_manifest.csv.gz,2020910,executed_research_artifact
outputs/05_hierarchical_feasibility_v5/iteration_3_pilot/validation_p95_adaptation.png,114975,executed_research_artifact
outputs/05_hierarchical_feasibility_v5/iteration_4_pilot/case_amplitude_prediction.png,95536,executed_research_artifact
outputs/05_hierarchical_feasibility_v5/iteration_4_pilot/case_level_model_metrics.csv,1679,executed_research_artifact
outputs/05_hierarchical_feasibility_v5/iteration_4_pilot/case_level_model_predictions.csv,27419,executed_research_artifact
outputs/05_hierarchical_feasibility_v5/iteration_4_pilot/case_tail_predictions.csv,14070,executed_research_artifact
outputs/05_hierarchical_feasibility_v5/iteration_4_pilot/element_model_fit_timing.csv,103,executed_research_artifact
outputs/05_hierarchical_feasibility_v5/iteration_4_pilot/feasibility_decision_table.csv,547,executed_research_artifact
outputs/05_hierarchical_feasibility_v5/iteration_4_pilot/full_case_metrics.csv.gz,19618,executed_research_artifact
outputs/05_hierarchical_feasibility_v5/iteration_4_pilot/hierarchical_method_comparison.png,75135,executed_research_artifact
outputs/05_hierarchical_feasibility_v5/iteration_4_pilot/normalised_shape_case_metrics.csv,5797,executed_research_artifact
outputs/05_hierarchical_feasibility_v5/iteration_4_pilot/run_summary.json,1747,executed_research_artifact
outputs/05_hierarchical_feasibility_v5/iteration_4_pilot/split_metrics.csv,2813,executed_research_artifact
outputs/05_hierarchical_feasibility_v5/iteration_4_pilot/training_sample_audit.csv,18930,executed_research_artifact
outputs/05_hierarchical_feasibility_v5/iteration_4_pilot/training_sample_manifest.csv.gz,2020495,executed_research_artifact
outputs/05_hierarchical_feasibility_v5/iteration_4_pilot/validation_p95_adaptation.png,114035,executed_research_artifact
outputs/06_hierarchical_symbolic_regression/iteration_1/case_log_scale_candidate_metrics.csv,9027,completed_context_stages_or_reused_preprocessing
outputs/06_hierarchical_symbolic_regression/iteration_1/case_log_scale_frontier.csv,6832,completed_context_stages_or_reused_preprocessing
outputs/06_hierarchical_symbolic_regression/iteration_1/case_log_scale_scaling.csv,841,completed_context_stages_or_reused_preprocessing
outputs/06_hierarchical_symbolic_regression/iteration_1/case_mean_candidate_metrics.csv,9010,completed_context_stages_or_reused_preprocessing
outputs/06_hierarchical_symbolic_regression/iteration_1/case_mean_frontier.csv,8195,completed_context_stages_or_reused_preprocessing
outputs/06_hierarchical_symbolic_regression/iteration_1/case_mean_scaling.csv,833,completed_context_stages_or_reused_preprocessing
outputs/06_hierarchical_symbolic_regression/iteration_1/feature_registry.csv,1015,completed_context_stages_or_reused_preprocessing
outputs/06_hierarchical_symbolic_regression/iteration_1/pysr_runs/hierarchical_i1_case_log_scale_20260817_061000/checkpoint.pkl,89133,completed_context_stages_or_reused_preprocessing
outputs/06_hierarchical_symbolic_regression/iteration_1/pysr_runs/hierarchical_i1_case_log_scale_20260817_061000/hall_of_fame.csv,940,completed_context_stages_or_reused_preprocessing
outputs/06_hierarchical_symbolic_regression/iteration_1/pysr_runs/hierarchical_i1_case_log_scale_20260817_061000/hall_of_fame.csv.bak,940,completed_context_stages_or_reused_preprocessing
outputs/06_hierarchical_symbolic_regression/iteration_1/pysr_runs/hierarchical_i1_case_mean_20260817_060826/checkpoint.pkl,78646,completed_context_stages_or_reused_preprocessing
outputs/06_hierarchical_symbolic_regression/iteration_1/pysr_runs/hierarchical_i1_case_mean_20260817_060826/hall_of_fame.csv,1128,completed_context_stages_or_reused_preprocessing
outputs/06_hierarchical_symbolic_regression/iteration_1/pysr_runs/hierarchical_i1_case_mean_20260817_060826/hall_of_fame.csv.bak,1128,completed_context_stages_or_reused_preprocessing
outputs/06_hierarchical_symbolic_regression/iteration_1/selected_case_log_scale_formula.csv,1738,completed_context_stages_or_reused_preprocessing
outputs/06_hierarchical_symbolic_regression/iteration_1/selected_case_mean_formula.csv,1640,completed_context_stages_or_reused_preprocessing
outputs/06_hierarchical_symbolic_regression/iteration_1/shape_scaling.csv,1693,completed_context_stages_or_reused_preprocessing
outputs/06_hierarchical_symbolic_regression/iteration_1/stage_status_case_log_scale.json,256,completed_context_stages_or_reused_preprocessing
outputs/06_hierarchical_symbolic_regression/iteration_1/stage_status_case_mean.json,246,completed_context_stages_or_reused_preprocessing
outputs/06_hierarchical_symbolic_regression/iteration_1/training_sample_audit.csv,17531,completed_context_stages_or_reused_preprocessing
outputs/06_hierarchical_symbolic_regression/iteration_1/training_sample_manifest.csv.gz,2022396,completed_context_stages_or_reused_preprocessing
outputs/08_recoverable_16000_single_formula/iteration_1/case_log_scale_scaling.csv,841,executed_research_artifact
outputs/08_recoverable_16000_single_formula/iteration_1/case_mean_scaling.csv,833,executed_research_artifact
outputs/08_recoverable_16000_single_formula/iteration_1/feature_registry.csv,983,executed_research_artifact
outputs/08_recoverable_16000_single_formula/iteration_1/preflight_checks.csv,271,executed_research_artifact
outputs/08_recoverable_16000_single_formula/iteration_1/round_complete.json,650,executed_research_artifact
outputs/08_recoverable_16000_single_formula/iteration_1/run_configuration.json,579,executed_research_artifact
outputs/08_recoverable_16000_single_formula/iteration_1/run_status.json,650,executed_research_artifact
outputs/08_recoverable_16000_single_formula/iteration_1/search_progress.json,610,executed_research_artifact
outputs/08_recoverable_16000_single_formula/iteration_1/search_signature.json,2756,executed_research_artifact
outputs/08_recoverable_16000_single_formula/iteration_1/search_state/pysr_runs/recoverable_i1_single_shape/checkpoint.pkl,108631,executed_research_artifact
outputs/08_recoverable_16000_single_formula/iteration_1/search_state/pysr_runs/recoverable_i1_single_shape/hall_of_fame.csv,2456,executed_research_artifact
outputs/08_recoverable_16000_single_formula/iteration_1/search_state/pysr_runs/recoverable_i1_single_shape/hall_of_fame.csv.bak,2456,executed_research_artifact
outputs/08_recoverable_16000_single_formula/iteration_1/search_state/stable_snapshots/segment_01/checkpoint.pkl,96852,executed_research_artifact
outputs/08_recoverable_16000_single_formula/iteration_1/search_state/stable_snapshots/segment_01/hall_of_fame.csv,2288,executed_research_artifact
outputs/08_recoverable_16000_single_formula/iteration_1/search_state/stable_snapshots/segment_02/checkpoint.pkl,116419,executed_research_artifact
outputs/08_recoverable_16000_single_formula/iteration_1/search_state/stable_snapshots/segment_02/hall_of_fame.csv,2259,executed_research_artifact
outputs/08_recoverable_16000_single_formula/iteration_1/search_state/stable_snapshots/segment_03/checkpoint.pkl,85691,executed_research_artifact
outputs/08_recoverable_16000_single_formula/iteration_1/search_state/stable_snapshots/segment_03/hall_of_fame.csv,2064,executed_research_artifact
outputs/08_recoverable_16000_single_formula/iteration_1/search_state/stable_snapshots/segment_04/checkpoint.pkl,103331,executed_research_artifact
outputs/08_recoverable_16000_single_formula/iteration_1/search_state/stable_snapshots/segment_04/hall_of_fame.csv,1899,executed_research_artifact
outputs/08_recoverable_16000_single_formula/iteration_1/search_state/stable_snapshots/segment_05/checkpoint.pkl,134005,executed_research_artifact
outputs/08_recoverable_16000_single_formula/iteration_1/search_state/stable_snapshots/segment_05/hall_of_fame.csv,1858,executed_research_artifact
outputs/08_recoverable_16000_single_formula/iteration_1/search_state/stable_snapshots/segment_06/checkpoint.pkl,110275,executed_research_artifact
outputs/08_recoverable_16000_single_formula/iteration_1/search_state/stable_snapshots/segment_06/hall_of_fame.csv,2520,executed_research_artifact
outputs/08_recoverable_16000_single_formula/iteration_1/search_state/stable_snapshots/segment_07/checkpoint.pkl,125411,executed_research_artifact
outputs/08_recoverable_16000_single_formula/iteration_1/search_state/stable_snapshots/segment_07/hall_of_fame.csv,2178,executed_research_artifact
outputs/08_recoverable_16000_single_formula/iteration_1/search_state/stable_snapshots/segment_08/checkpoint.pkl,129406,executed_research_artifact
outputs/08_recoverable_16000_single_formula/iteration_1/search_state/stable_snapshots/segment_08/hall_of_fame.csv,2327,executed_research_artifact
outputs/08_recoverable_16000_single_formula/iteration_1/search_state/stable_snapshots/segment_09/checkpoint.pkl,108317,executed_research_artifact
outputs/08_recoverable_16000_single_formula/iteration_1/search_state/stable_snapshots/segment_09/hall_of_fame.csv,2259,executed_research_artifact
outputs/08_recoverable_16000_single_formula/iteration_1/search_state/stable_snapshots/segment_10/checkpoint.pkl,120062,executed_research_artifact
outputs/08_recoverable_16000_single_formula/iteration_1/search_state/stable_snapshots/segment_10/hall_of_fame.csv,2056,executed_research_artifact
outputs/08_recoverable_16000_single_formula/iteration_1/search_state/stable_snapshots/segment_11/checkpoint.pkl,95279,executed_research_artifact
outputs/08_recoverable_16000_single_formula/iteration_1/search_state/stable_snapshots/segment_11/hall_of_fame.csv,2047,executed_research_artifact
outputs/08_recoverable_16000_single_formula/iteration_1/search_state/stable_snapshots/segment_12/checkpoint.pkl,125236,executed_research_artifact
outputs/08_recoverable_16000_single_formula/iteration_1/search_state/stable_snapshots/segment_12/hall_of_fame.csv,2409,executed_research_artifact
outputs/08_recoverable_16000_single_formula/iteration_1/search_state/stable_snapshots/segment_13/checkpoint.pkl,116335,executed_research_artifact
outputs/08_recoverable_16000_single_formula/iteration_1/search_state/stable_snapshots/segment_13/hall_of_fame.csv,2417,executed_research_artifact
outputs/08_recoverable_16000_single_formula/iteration_1/search_state/stable_snapshots/segment_14/checkpoint.pkl,138868,executed_research_artifact
outputs/08_recoverable_16000_single_formula/iteration_1/search_state/stable_snapshots/segment_14/hall_of_fame.csv,2556,executed_research_artifact
outputs/08_recoverable_16000_single_formula/iteration_1/search_state/stable_snapshots/segment_15/checkpoint.pkl,110745,executed_research_artifact
outputs/08_recoverable_16000_single_formula/iteration_1/search_state/stable_snapshots/segment_15/hall_of_fame.csv,2554,executed_research_artifact
outputs/08_recoverable_16000_single_formula/iteration_1/search_state/stable_snapshots/segment_16/checkpoint.pkl,123672,executed_research_artifact
outputs/08_recoverable_16000_single_formula/iteration_1/search_state/stable_snapshots/segment_16/hall_of_fame.csv,2560,executed_research_artifact
outputs/08_recoverable_16000_single_formula/iteration_1/search_state/stable_snapshots/segment_17/checkpoint.pkl,111955,executed_research_artifact
outputs/08_recoverable_16000_single_formula/iteration_1/search_state/stable_snapshots/segment_17/hall_of_fame.csv,2591,executed_research_artifact
outputs/08_recoverable_16000_single_formula/iteration_1/search_state/stable_snapshots/segment_18/checkpoint.pkl,85198,executed_research_artifact
outputs/08_recoverable_16000_single_formula/iteration_1/search_state/stable_snapshots/segment_18/hall_of_fame.csv,2449,executed_research_artifact
outputs/08_recoverable_16000_single_formula/iteration_1/search_state/stable_snapshots/segment_19/checkpoint.pkl,110874,executed_research_artifact
outputs/08_recoverable_16000_single_formula/iteration_1/search_state/stable_snapshots/segment_19/hall_of_fame.csv,2462,executed_research_artifact
outputs/08_recoverable_16000_single_formula/iteration_1/search_state/stable_snapshots/segment_20/checkpoint.pkl,108631,executed_research_artifact
outputs/08_recoverable_16000_single_formula/iteration_1/search_state/stable_snapshots/segment_20/hall_of_fame.csv,2456,executed_research_artifact
outputs/08_recoverable_16000_single_formula/iteration_1/segment_attempt_audit.csv,2098,executed_research_artifact
outputs/08_recoverable_16000_single_formula/iteration_1/segments/segment_01/attempt_1/frontier.csv,14538,executed_research_artifact
outputs/08_recoverable_16000_single_formula/iteration_1/segments/segment_01/attempt_1/worker_status.json,401,executed_research_artifact
outputs/08_recoverable_16000_single_formula/iteration_1/segments/segment_01/attempt_1/worker_stderr.log,449634,executed_research_artifact
outputs/08_recoverable_16000_single_formula/iteration_1/segments/segment_01/attempt_1/worker_stdout.log,4491,executed_research_artifact
outputs/08_recoverable_16000_single_formula/iteration_1/segments/segment_01/complete.json,444,executed_research_artifact
outputs/08_recoverable_16000_single_formula/iteration_1/segments/segment_01/frontier.csv,14609,executed_research_artifact
outputs/08_recoverable_16000_single_formula/iteration_1/segments/segment_01/watchdog_status.json,220,executed_research_artifact
outputs/08_recoverable_16000_single_formula/iteration_1/segments/segment_02/attempt_1/frontier.csv,15038,executed_research_artifact
outputs/08_recoverable_16000_single_formula/iteration_1/segments/segment_02/attempt_1/worker_status.json,410,executed_research_artifact
outputs/08_recoverable_16000_single_formula/iteration_1/segments/segment_02/attempt_1/worker_stderr.log,735007,executed_research_artifact
outputs/08_recoverable_16000_single_formula/iteration_1/segments/segment_02/attempt_1/worker_stdout.log,4333,executed_research_artifact
outputs/08_recoverable_16000_single_formula/iteration_1/segments/segment_02/complete.json,443,executed_research_artifact
outputs/08_recoverable_16000_single_formula/iteration_1/segments/segment_02/frontier.csv,15115,executed_research_artifact
outputs/08_recoverable_16000_single_formula/iteration_1/segments/segment_02/watchdog_status.json,221,executed_research_artifact
outputs/08_recoverable_16000_single_formula/iteration_1/segments/segment_03/attempt_1/frontier.csv,14676,executed_research_artifact
outputs/08_recoverable_16000_single_formula/iteration_1/segments/segment_03/attempt_1/worker_status.json,410,executed_research_artifact
outputs/08_recoverable_16000_single_formula/iteration_1/segments/segment_03/attempt_1/worker_stderr.log,761047,executed_research_artifact
outputs/08_recoverable_16000_single_formula/iteration_1/segments/segment_03/attempt_1/worker_stdout.log,4040,executed_research_artifact
outputs/08_recoverable_16000_single_formula/iteration_1/segments/segment_03/complete.json,443,executed_research_artifact
outputs/08_recoverable_16000_single_formula/iteration_1/segments/segment_03/frontier.csv,14750,executed_research_artifact
outputs/08_recoverable_16000_single_formula/iteration_1/segments/segment_03/watchdog_status.json,221,executed_research_artifact
outputs/08_recoverable_16000_single_formula/iteration_1/segments/segment_04/attempt_1/frontier.csv,14094,executed_research_artifact
outputs/08_recoverable_16000_single_formula/iteration_1/segments/segment_04/attempt_1/worker_status.json,410,executed_research_artifact
outputs/08_recoverable_16000_single_formula/iteration_1/segments/segment_04/attempt_1/worker_stderr.log,781668,executed_research_artifact
outputs/08_recoverable_16000_single_formula/iteration_1/segments/segment_04/attempt_1/worker_stdout.log,3724,executed_research_artifact
outputs/08_recoverable_16000_single_formula/iteration_1/segments/segment_04/complete.json,443,executed_research_artifact
outputs/08_recoverable_16000_single_formula/iteration_1/segments/segment_04/frontier.csv,14166,executed_research_artifact
outputs/08_recoverable_16000_single_formula/iteration_1/segments/segment_04/watchdog_status.json,221,executed_research_artifact
outputs/08_recoverable_16000_single_formula/iteration_1/segments/segment_05/attempt_1/frontier.csv,13734,executed_research_artifact
outputs/08_recoverable_16000_single_formula/iteration_1/segments/segment_05/attempt_1/worker_status.json,410,executed_research_artifact
outputs/08_recoverable_16000_single_formula/iteration_1/segments/segment_05/attempt_1/worker_stderr.log,628802,executed_research_artifact
outputs/08_recoverable_16000_single_formula/iteration_1/segments/segment_05/attempt_1/worker_stdout.log,3647,executed_research_artifact
outputs/08_recoverable_16000_single_formula/iteration_1/segments/segment_05/complete.json,443,executed_research_artifact
outputs/08_recoverable_16000_single_formula/iteration_1/segments/segment_05/frontier.csv,13809,executed_research_artifact
outputs/08_recoverable_16000_single_formula/iteration_1/segments/segment_05/watchdog_status.json,221,executed_research_artifact
outputs/08_recoverable_16000_single_formula/iteration_1/segments/segment_06/attempt_1/frontier.csv,19155,executed_research_artifact
outputs/08_recoverable_16000_single_formula/iteration_1/segments/segment_06/attempt_1/worker_status.json,409,executed_research_artifact
outputs/08_recoverable_16000_single_formula/iteration_1/segments/segment_06/attempt_1/worker_stderr.log,703941,executed_research_artifact
outputs/08_recoverable_16000_single_formula/iteration_1/segments/segment_06/attempt_1/worker_stdout.log,4718,executed_research_artifact
outputs/08_recoverable_16000_single_formula/iteration_1/segments/segment_06/complete.json,443,executed_research_artifact
outputs/08_recoverable_16000_single_formula/iteration_1/segments/segment_06/frontier.csv,19230,executed_research_artifact
outputs/08_recoverable_16000_single_formula/iteration_1/segments/segment_06/watchdog_status.json,220,executed_research_artifact
outputs/08_recoverable_16000_single_formula/iteration_1/segments/segment_07/attempt_1/frontier.csv,15371,executed_research_artifact
outputs/08_recoverable_16000_single_formula/iteration_1/segments/segment_07/attempt_1/worker_status.json,410,executed_research_artifact
outputs/08_recoverable_16000_single_formula/iteration_1/segments/segment_07/attempt_1/worker_stderr.log,820948,executed_research_artifact
outputs/08_recoverable_16000_single_formula/iteration_1/segments/segment_07/attempt_1/worker_stdout.log,4135,executed_research_artifact
outputs/08_recoverable_16000_single_formula/iteration_1/segments/segment_07/complete.json,443,executed_research_artifact
outputs/08_recoverable_16000_single_formula/iteration_1/segments/segment_07/frontier.csv,15451,executed_research_artifact
outputs/08_recoverable_16000_single_formula/iteration_1/segments/segment_07/watchdog_status.json,221,executed_research_artifact
outputs/08_recoverable_16000_single_formula/iteration_1/segments/segment_08/attempt_1/frontier.csv,15917,executed_research_artifact
outputs/08_recoverable_16000_single_formula/iteration_1/segments/segment_08/attempt_1/worker_status.json,410,executed_research_artifact
outputs/08_recoverable_16000_single_formula/iteration_1/segments/segment_08/attempt_1/worker_stderr.log,712950,executed_research_artifact
outputs/08_recoverable_16000_single_formula/iteration_1/segments/segment_08/attempt_1/worker_stdout.log,4326,executed_research_artifact
outputs/08_recoverable_16000_single_formula/iteration_1/segments/segment_08/complete.json,444,executed_research_artifact
outputs/08_recoverable_16000_single_formula/iteration_1/segments/segment_08/frontier.csv,15998,executed_research_artifact
outputs/08_recoverable_16000_single_formula/iteration_1/segments/segment_08/watchdog_status.json,221,executed_research_artifact
outputs/08_recoverable_16000_single_formula/iteration_1/segments/segment_09/attempt_1/frontier.csv,16132,executed_research_artifact
outputs/08_recoverable_16000_single_formula/iteration_1/segments/segment_09/attempt_1/worker_status.json,410,executed_research_artifact
outputs/08_recoverable_16000_single_formula/iteration_1/segments/segment_09/attempt_1/worker_stderr.log,645625,executed_research_artifact
outputs/08_recoverable_16000_single_formula/iteration_1/segments/segment_09/attempt_1/worker_stdout.log,4267,executed_research_artifact
outputs/08_recoverable_16000_single_formula/iteration_1/segments/segment_09/complete.json,444,executed_research_artifact
outputs/08_recoverable_16000_single_formula/iteration_1/segments/segment_09/frontier.csv,16208,executed_research_artifact
outputs/08_recoverable_16000_single_formula/iteration_1/segments/segment_09/watchdog_status.json,221,executed_research_artifact
outputs/08_recoverable_16000_single_formula/iteration_1/segments/segment_10/attempt_1/frontier.csv,14920,executed_research_artifact
outputs/08_recoverable_16000_single_formula/iteration_1/segments/segment_10/attempt_1/worker_status.json,412,executed_research_artifact
outputs/08_recoverable_16000_single_formula/iteration_1/segments/segment_10/attempt_1/worker_stderr.log,701356,executed_research_artifact
outputs/08_recoverable_16000_single_formula/iteration_1/segments/segment_10/attempt_1/worker_stdout.log,3984,executed_research_artifact
outputs/08_recoverable_16000_single_formula/iteration_1/segments/segment_10/complete.json,445,executed_research_artifact
outputs/08_recoverable_16000_single_formula/iteration_1/segments/segment_10/frontier.csv,15018,executed_research_artifact
outputs/08_recoverable_16000_single_formula/iteration_1/segments/segment_10/watchdog_status.json,222,executed_research_artifact
outputs/08_recoverable_16000_single_formula/iteration_1/segments/segment_11/attempt_1/frontier.csv,14970,executed_research_artifact
outputs/08_recoverable_16000_single_formula/iteration_1/segments/segment_11/attempt_1/worker_status.json,412,executed_research_artifact
outputs/08_recoverable_16000_single_formula/iteration_1/segments/segment_11/attempt_1/worker_stderr.log,778028,executed_research_artifact
outputs/08_recoverable_16000_single_formula/iteration_1/segments/segment_11/attempt_1/worker_stdout.log,3972,executed_research_artifact
outputs/08_recoverable_16000_single_formula/iteration_1/segments/segment_11/complete.json,445,executed_research_artifact
outputs/08_recoverable_16000_single_formula/iteration_1/segments/segment_11/frontier.csv,15064,executed_research_artifact
outputs/08_recoverable_16000_single_formula/iteration_1/segments/segment_11/watchdog_status.json,222,executed_research_artifact
outputs/08_recoverable_16000_single_formula/iteration_1/segments/segment_12/attempt_1/frontier.csv,17816,executed_research_artifact
outputs/08_recoverable_16000_single_formula/iteration_1/segments/segment_12/attempt_1/worker_status.json,412,executed_research_artifact
outputs/08_recoverable_16000_single_formula/iteration_1/segments/segment_12/attempt_1/worker_stderr.log,706507,executed_research_artifact
outputs/08_recoverable_16000_single_formula/iteration_1/segments/segment_12/attempt_1/worker_stdout.log,4552,executed_research_artifact
outputs/08_recoverable_16000_single_formula/iteration_1/segments/segment_12/complete.json,444,executed_research_artifact
outputs/08_recoverable_16000_single_formula/iteration_1/segments/segment_12/frontier.csv,17915,executed_research_artifact
outputs/08_recoverable_16000_single_formula/iteration_1/segments/segment_12/watchdog_status.json,223,executed_research_artifact
outputs/08_recoverable_16000_single_formula/iteration_1/segments/segment_13/attempt_1/frontier.csv,18363,executed_research_artifact
outputs/08_recoverable_16000_single_formula/iteration_1/segments/segment_13/attempt_1/worker_status.json,412,executed_research_artifact
outputs/08_recoverable_16000_single_formula/iteration_1/segments/segment_13/attempt_1/worker_stderr.log,832252,executed_research_artifact
outputs/08_recoverable_16000_single_formula/iteration_1/segments/segment_13/attempt_1/worker_stdout.log,4565,executed_research_artifact
outputs/08_recoverable_16000_single_formula/iteration_1/segments/segment_13/complete.json,445,executed_research_artifact
outputs/08_recoverable_16000_single_formula/iteration_1/segments/segment_13/frontier.csv,18463,executed_research_artifact
outputs/08_recoverable_16000_single_formula/iteration_1/segments/segment_13/watchdog_status.json,223,executed_research_artifact
outputs/08_recoverable_16000_single_formula/iteration_1/segments/segment_14/attempt_1/frontier.csv,19434,executed_research_artifact
outputs/08_recoverable_16000_single_formula/iteration_1/segments/segment_14/attempt_1/worker_status.json,412,executed_research_artifact
outputs/08_recoverable_16000_single_formula/iteration_1/segments/segment_14/attempt_1/worker_stderr.log,825268,executed_research_artifact
outputs/08_recoverable_16000_single_formula/iteration_1/segments/segment_14/attempt_1/worker_stdout.log,4805,executed_research_artifact
outputs/08_recoverable_16000_single_formula/iteration_1/segments/segment_14/complete.json,445,executed_research_artifact
outputs/08_recoverable_16000_single_formula/iteration_1/segments/segment_14/frontier.csv,19538,executed_research_artifact
outputs/08_recoverable_16000_single_formula/iteration_1/segments/segment_14/watchdog_status.json,223,executed_research_artifact
outputs/08_recoverable_16000_single_formula/iteration_1/segments/segment_15/attempt_1/frontier.csv,18838,executed_research_artifact
outputs/08_recoverable_16000_single_formula/iteration_1/segments/segment_15/attempt_1/worker_status.json,412,executed_research_artifact
outputs/08_recoverable_16000_single_formula/iteration_1/segments/segment_15/attempt_1/worker_stderr.log,1064505,executed_research_artifact
outputs/08_recoverable_16000_single_formula/iteration_1/segments/segment_15/attempt_1/worker_stdout.log,4810,executed_research_artifact
outputs/08_recoverable_16000_single_formula/iteration_1/segments/segment_15/complete.json,445,executed_research_artifact
outputs/08_recoverable_16000_single_formula/iteration_1/segments/segment_15/frontier.csv,18949,executed_research_artifact
outputs/08_recoverable_16000_single_formula/iteration_1/segments/segment_15/watchdog_status.json,223,executed_research_artifact
outputs/08_recoverable_16000_single_formula/iteration_1/segments/segment_16/attempt_1/frontier.csv,18858,executed_research_artifact
outputs/08_recoverable_16000_single_formula/iteration_1/segments/segment_16/attempt_1/worker_status.json,412,executed_research_artifact
outputs/08_recoverable_16000_single_formula/iteration_1/segments/segment_16/attempt_1/worker_stderr.log,986112,executed_research_artifact
outputs/08_recoverable_16000_single_formula/iteration_1/segments/segment_16/attempt_1/worker_stdout.log,4810,executed_research_artifact
outputs/08_recoverable_16000_single_formula/iteration_1/segments/segment_16/complete.json,444,executed_research_artifact
outputs/08_recoverable_16000_single_formula/iteration_1/segments/segment_16/frontier.csv,18964,executed_research_artifact
outputs/08_recoverable_16000_single_formula/iteration_1/segments/segment_16/watchdog_status.json,222,executed_research_artifact
outputs/08_recoverable_16000_single_formula/iteration_1/segments/segment_17/attempt_1/frontier.csv,18947,executed_research_artifact
outputs/08_recoverable_16000_single_formula/iteration_1/segments/segment_17/attempt_1/worker_status.json,412,executed_research_artifact
outputs/08_recoverable_16000_single_formula/iteration_1/segments/segment_17/attempt_1/worker_stderr.log,876425,executed_research_artifact
outputs/08_recoverable_16000_single_formula/iteration_1/segments/segment_17/attempt_1/worker_stdout.log,4835,executed_research_artifact
outputs/08_recoverable_16000_single_formula/iteration_1/segments/segment_17/complete.json,444,executed_research_artifact
outputs/08_recoverable_16000_single_formula/iteration_1/segments/segment_17/frontier.csv,19055,executed_research_artifact
outputs/08_recoverable_16000_single_formula/iteration_1/segments/segment_17/watchdog_status.json,222,executed_research_artifact
outputs/08_recoverable_16000_single_formula/iteration_1/segments/segment_18/attempt_1/frontier.csv,17878,executed_research_artifact
outputs/08_recoverable_16000_single_formula/iteration_1/segments/segment_18/attempt_1/worker_status.json,412,executed_research_artifact
outputs/08_recoverable_16000_single_formula/iteration_1/segments/segment_18/attempt_1/worker_stderr.log,931984,executed_research_artifact
outputs/08_recoverable_16000_single_formula/iteration_1/segments/segment_18/attempt_1/worker_stdout.log,4630,executed_research_artifact
outputs/08_recoverable_16000_single_formula/iteration_1/segments/segment_18/complete.json,445,executed_research_artifact
outputs/08_recoverable_16000_single_formula/iteration_1/segments/segment_18/frontier.csv,17981,executed_research_artifact
outputs/08_recoverable_16000_single_formula/iteration_1/segments/segment_18/watchdog_status.json,223,executed_research_artifact
outputs/08_recoverable_16000_single_formula/iteration_1/segments/segment_19/attempt_1/frontier.csv,17960,executed_research_artifact
outputs/08_recoverable_16000_single_formula/iteration_1/segments/segment_19/attempt_1/worker_status.json,412,executed_research_artifact
outputs/08_recoverable_16000_single_formula/iteration_1/segments/segment_19/attempt_1/worker_stderr.log,821432,executed_research_artifact
outputs/08_recoverable_16000_single_formula/iteration_1/segments/segment_19/attempt_1/worker_stdout.log,4640,executed_research_artifact
outputs/08_recoverable_16000_single_formula/iteration_1/segments/segment_19/complete.json,445,executed_research_artifact
outputs/08_recoverable_16000_single_formula/iteration_1/segments/segment_19/frontier.csv,18061,executed_research_artifact
outputs/08_recoverable_16000_single_formula/iteration_1/segments/segment_19/watchdog_status.json,223,executed_research_artifact
outputs/08_recoverable_16000_single_formula/iteration_1/segments/segment_20/attempt_1/frontier.csv,18086,executed_research_artifact
outputs/08_recoverable_16000_single_formula/iteration_1/segments/segment_20/attempt_1/worker_status.json,412,executed_research_artifact
outputs/08_recoverable_16000_single_formula/iteration_1/segments/segment_20/attempt_1/worker_stderr.log,833447,executed_research_artifact
outputs/08_recoverable_16000_single_formula/iteration_1/segments/segment_20/attempt_1/worker_stdout.log,4599,executed_research_artifact
outputs/08_recoverable_16000_single_formula/iteration_1/segments/segment_20/complete.json,445,executed_research_artifact
outputs/08_recoverable_16000_single_formula/iteration_1/segments/segment_20/frontier.csv,18190,executed_research_artifact
outputs/08_recoverable_16000_single_formula/iteration_1/segments/segment_20/watchdog_status.json,222,executed_research_artifact
outputs/08_recoverable_16000_single_formula/iteration_1/selected_case_log_scale_formula.csv,1733,executed_research_artifact
outputs/08_recoverable_16000_single_formula/iteration_1/selected_case_mean_formula.csv,1635,executed_research_artifact
outputs/08_recoverable_16000_single_formula/iteration_1/selected_composite_formula.csv,2341,executed_research_artifact
outputs/08_recoverable_16000_single_formula/iteration_1/selected_composite_formula.txt,1683,executed_research_artifact
outputs/08_recoverable_16000_single_formula/iteration_1/selected_formula_case_metrics.csv.gz,8802,executed_research_artifact
outputs/08_recoverable_16000_single_formula/iteration_1/selected_formula_internal_test_case_metrics.csv.gz,4638,executed_research_artifact
outputs/08_recoverable_16000_single_formula/iteration_1/selected_formula_split_metrics.csv,1155,executed_research_artifact
outputs/08_recoverable_16000_single_formula/iteration_1/selected_formula_tail_adaptation.csv,373,executed_research_artifact
outputs/08_recoverable_16000_single_formula/iteration_1/selected_formula_validation_case_metrics.csv.gz,4613,executed_research_artifact
outputs/08_recoverable_16000_single_formula/iteration_1/selected_formula_validation_tail_adaptation.png,88677,executed_research_artifact
outputs/08_recoverable_16000_single_formula/iteration_1/selected_shape_formula.csv,3183,executed_research_artifact
outputs/08_recoverable_16000_single_formula/iteration_1/shape_candidate_validation_metrics.csv,23733,executed_research_artifact
outputs/08_recoverable_16000_single_formula/iteration_1/shape_frontier_combined.csv,34003,executed_research_artifact
outputs/08_recoverable_16000_single_formula/iteration_1/shape_full_validation_shortlist.csv,12370,executed_research_artifact
outputs/08_recoverable_16000_single_formula/iteration_1/sleep_inhibitor.json,69,executed_research_artifact
outputs/08_recoverable_16000_single_formula/iteration_1/symbolic_vs_hierarchical_feasibility.png,59124,executed_research_artifact
outputs/08_recoverable_16000_single_formula/iteration_1/training_cache/cache_metadata.json,2910,executed_research_artifact
outputs/08_recoverable_16000_single_formula/iteration_1/training_cache/discovery_weights.npy,2380128,executed_research_artifact
outputs/08_recoverable_16000_single_formula/iteration_1/training_cache/shape_features.npy,64260128,executed_research_artifact
outputs/08_recoverable_16000_single_formula/iteration_1/training_cache/shape_scaling.csv,1693,executed_research_artifact
outputs/08_recoverable_16000_single_formula/iteration_1/training_cache/shape_target.npy,2380128,executed_research_artifact
outputs/08_recoverable_16000_single_formula/iteration_1/training_cache/training_sample_audit.csv,18126,executed_research_artifact
outputs/08_recoverable_16000_single_formula/iteration_1/training_cache/training_sample_manifest.csv.gz,2022396,executed_research_artifact
outputs/09_residual_shape_symbolic_pilot/iteration_1/feature_registry.csv,1366,executed_research_artifact
outputs/09_residual_shape_symbolic_pilot/iteration_1/fixed_v8_baseline_case_metrics.csv.gz,8212,executed_research_artifact
outputs/09_residual_shape_symbolic_pilot/iteration_1/pilot_complete.json,696,executed_research_artifact
outputs/09_residual_shape_symbolic_pilot/iteration_1/preflight_checks.csv,281,executed_research_artifact
outputs/09_residual_shape_symbolic_pilot/iteration_1/residual_candidate_validation_metrics.csv,21805,executed_research_artifact
outputs/09_residual_shape_symbolic_pilot/iteration_1/residual_frontier.csv,13600,executed_research_artifact
outputs/09_residual_shape_symbolic_pilot/iteration_1/residual_full_validation_shortlist.csv,13600,executed_research_artifact
outputs/09_residual_shape_symbolic_pilot/iteration_1/residual_learnability_case_metrics.csv.gz,13609,executed_research_artifact
outputs/09_residual_shape_symbolic_pilot/iteration_1/residual_learnability_model_audit.csv,1309,executed_research_artifact
outputs/09_residual_shape_symbolic_pilot/iteration_1/residual_learnability_split_metrics.csv,2010,executed_research_artifact
outputs/09_residual_shape_symbolic_pilot/iteration_1/run_configuration.json,555,executed_research_artifact
outputs/09_residual_shape_symbolic_pilot/iteration_1/run_status.json,696,executed_research_artifact
outputs/09_residual_shape_symbolic_pilot/iteration_1/search_progress.json,299,executed_research_artifact
outputs/09_residual_shape_symbolic_pilot/iteration_1/search_signature.json,3150,executed_research_artifact
outputs/09_residual_shape_symbolic_pilot/iteration_1/search_state/pysr_runs/v9_i1_residual_shape_pilot/checkpoint.pkl,104445,executed_research_artifact
outputs/09_residual_shape_symbolic_pilot/iteration_1/search_state/pysr_runs/v9_i1_residual_shape_pilot/hall_of_fame.csv,1680,executed_research_artifact
outputs/09_residual_shape_symbolic_pilot/iteration_1/search_state/pysr_runs/v9_i1_residual_shape_pilot/hall_of_fame.csv.bak,1680,executed_research_artifact
outputs/09_residual_shape_symbolic_pilot/iteration_1/search_state/stable_snapshots/segment_01/checkpoint.pkl,91639,executed_research_artifact
outputs/09_residual_shape_symbolic_pilot/iteration_1/search_state/stable_snapshots/segment_01/hall_of_fame.csv,1532,executed_research_artifact
outputs/09_residual_shape_symbolic_pilot/iteration_1/search_state/stable_snapshots/segment_02/checkpoint.pkl,106157,executed_research_artifact
outputs/09_residual_shape_symbolic_pilot/iteration_1/search_state/stable_snapshots/segment_02/hall_of_fame.csv,1711,executed_research_artifact
outputs/09_residual_shape_symbolic_pilot/iteration_1/search_state/stable_snapshots/segment_03/checkpoint.pkl,79049,executed_research_artifact
outputs/09_residual_shape_symbolic_pilot/iteration_1/search_state/stable_snapshots/segment_03/hall_of_fame.csv,2276,executed_research_artifact
outputs/09_residual_shape_symbolic_pilot/iteration_1/search_state/stable_snapshots/segment_04/checkpoint.pkl,115187,executed_research_artifact
outputs/09_residual_shape_symbolic_pilot/iteration_1/search_state/stable_snapshots/segment_04/hall_of_fame.csv,1672,executed_research_artifact
outputs/09_residual_shape_symbolic_pilot/iteration_1/search_state/stable_snapshots/segment_05/checkpoint.pkl,104445,executed_research_artifact
outputs/09_residual_shape_symbolic_pilot/iteration_1/search_state/stable_snapshots/segment_05/hall_of_fame.csv,1680,executed_research_artifact
outputs/09_residual_shape_symbolic_pilot/iteration_1/segment_attempt_audit.csv,615,executed_research_artifact
outputs/09_residual_shape_symbolic_pilot/iteration_1/segments/segment_01/attempt_1/frontier.csv,13592,executed_research_artifact
outputs/09_residual_shape_symbolic_pilot/iteration_1/segments/segment_01/attempt_1/worker_status.json,397,executed_research_artifact
outputs/09_residual_shape_symbolic_pilot/iteration_1/segments/segment_01/attempt_1/worker_stderr.log,501850,executed_research_artifact
outputs/09_residual_shape_symbolic_pilot/iteration_1/segments/segment_01/attempt_1/worker_stdout.log,3296,executed_research_artifact
outputs/09_residual_shape_symbolic_pilot/iteration_1/segments/segment_01/complete.json,139,executed_research_artifact
outputs/09_residual_shape_symbolic_pilot/iteration_1/segments/segment_01/frontier.csv,13660,executed_research_artifact
outputs/09_residual_shape_symbolic_pilot/iteration_1/segments/segment_01/watchdog_status.json,190,executed_research_artifact
outputs/09_residual_shape_symbolic_pilot/iteration_1/segments/segment_02/attempt_1/frontier.csv,14630,executed_research_artifact
outputs/09_residual_shape_symbolic_pilot/iteration_1/segments/segment_02/attempt_1/worker_status.json,406,executed_research_artifact
outputs/09_residual_shape_symbolic_pilot/iteration_1/segments/segment_02/attempt_1/worker_stderr.log,670885,executed_research_artifact
outputs/09_residual_shape_symbolic_pilot/iteration_1/segments/segment_02/attempt_1/worker_stdout.log,3620,executed_research_artifact
outputs/09_residual_shape_symbolic_pilot/iteration_1/segments/segment_02/complete.json,138,executed_research_artifact
outputs/09_residual_shape_symbolic_pilot/iteration_1/segments/segment_02/frontier.csv,14693,executed_research_artifact
outputs/09_residual_shape_symbolic_pilot/iteration_1/segments/segment_02/watchdog_status.json,190,executed_research_artifact
outputs/09_residual_shape_symbolic_pilot/iteration_1/segments/segment_03/attempt_1/frontier.csv,19846,executed_research_artifact
outputs/09_residual_shape_symbolic_pilot/iteration_1/segments/segment_03/attempt_1/worker_status.json,406,executed_research_artifact
outputs/09_residual_shape_symbolic_pilot/iteration_1/segments/segment_03/attempt_1/worker_stderr.log,717330,executed_research_artifact
outputs/09_residual_shape_symbolic_pilot/iteration_1/segments/segment_03/attempt_1/worker_stdout.log,4574,executed_research_artifact
outputs/09_residual_shape_symbolic_pilot/iteration_1/segments/segment_03/complete.json,138,executed_research_artifact
outputs/09_residual_shape_symbolic_pilot/iteration_1/segments/segment_03/frontier.csv,19912,executed_research_artifact
outputs/09_residual_shape_symbolic_pilot/iteration_1/segments/segment_03/watchdog_status.json,190,executed_research_artifact
outputs/09_residual_shape_symbolic_pilot/iteration_1/segments/segment_04/attempt_1/frontier.csv,13715,executed_research_artifact
outputs/09_residual_shape_symbolic_pilot/iteration_1/segments/segment_04/attempt_1/worker_status.json,406,executed_research_artifact
outputs/09_residual_shape_symbolic_pilot/iteration_1/segments/segment_04/attempt_1/worker_stderr.log,895141,executed_research_artifact
outputs/09_residual_shape_symbolic_pilot/iteration_1/segments/segment_04/attempt_1/worker_stdout.log,3638,executed_research_artifact
outputs/09_residual_shape_symbolic_pilot/iteration_1/segments/segment_04/complete.json,138,executed_research_artifact
outputs/09_residual_shape_symbolic_pilot/iteration_1/segments/segment_04/frontier.csv,13780,executed_research_artifact
outputs/09_residual_shape_symbolic_pilot/iteration_1/segments/segment_04/watchdog_status.json,190,executed_research_artifact
outputs/09_residual_shape_symbolic_pilot/iteration_1/segments/segment_05/attempt_1/frontier.csv,13168,executed_research_artifact
outputs/09_residual_shape_symbolic_pilot/iteration_1/segments/segment_05/attempt_1/worker_status.json,406,executed_research_artifact
outputs/09_residual_shape_symbolic_pilot/iteration_1/segments/segment_05/attempt_1/worker_stderr.log,681031,executed_research_artifact
outputs/09_residual_shape_symbolic_pilot/iteration_1/segments/segment_05/attempt_1/worker_stdout.log,3607,executed_research_artifact
outputs/09_residual_shape_symbolic_pilot/iteration_1/segments/segment_05/complete.json,138,executed_research_artifact
outputs/09_residual_shape_symbolic_pilot/iteration_1/segments/segment_05/frontier.csv,13233,executed_research_artifact
outputs/09_residual_shape_symbolic_pilot/iteration_1/segments/segment_05/watchdog_status.json,190,executed_research_artifact
outputs/09_residual_shape_symbolic_pilot/iteration_1/selected_corrected_composite_formula.csv,2592,executed_research_artifact
outputs/09_residual_shape_symbolic_pilot/iteration_1/selected_corrected_composite_formula.txt,3021,executed_research_artifact
outputs/09_residual_shape_symbolic_pilot/iteration_1/selected_formula_case_metrics.csv.gz,8126,executed_research_artifact
outputs/09_residual_shape_symbolic_pilot/iteration_1/selected_formula_split_metrics.csv,1889,executed_research_artifact
outputs/09_residual_shape_symbolic_pilot/iteration_1/selected_formula_tail_adaptation.csv,728,executed_research_artifact
outputs/09_residual_shape_symbolic_pilot/iteration_1/selected_residual_formula.csv,3641,executed_research_artifact
outputs/09_residual_shape_symbolic_pilot/iteration_1/selected_v9_tail_adaptation.png,85361,executed_research_artifact
outputs/09_residual_shape_symbolic_pilot/iteration_1/sleep_inhibitor.json,69,executed_research_artifact
outputs/09_residual_shape_symbolic_pilot/iteration_1/training_cache/cache_metadata.json,3078,executed_research_artifact
outputs/09_residual_shape_symbolic_pilot/iteration_1/training_cache/residual_features.npy,73780128,executed_research_artifact
outputs/09_residual_shape_symbolic_pilot/iteration_1/training_cache/residual_scaling.csv,1983,executed_research_artifact
outputs/09_residual_shape_symbolic_pilot/iteration_1/training_cache/residual_target.npy,2380128,executed_research_artifact
outputs/09_residual_shape_symbolic_pilot/iteration_1/training_cache/tier_mass_weights.npy,2380128,executed_research_artifact
outputs/09_residual_shape_symbolic_pilot/iteration_1/training_cache/training_sample_audit.csv,51866,executed_research_artifact
outputs/09_residual_shape_symbolic_pilot/iteration_1/training_cache/training_sample_manifest.csv.gz,2020088,executed_research_artifact
outputs/09_residual_shape_symbolic_pilot/iteration_1/v9_validation_model_comparison.png,117531,executed_research_artifact
outputs/10_signed_staged_residual_symbolic_pilot/iteration_1/design_rationale.json,584,executed_research_artifact
outputs/10_signed_staged_residual_symbolic_pilot/iteration_1/executed_notebooks/v10_signed_staged_pilot_executed_job_18821085.ipynb,129391,executed_research_artifact
outputs/10_signed_staged_residual_symbolic_pilot/iteration_1/feature_registry.csv,1519,executed_research_artifact
outputs/10_signed_staged_residual_symbolic_pilot/iteration_1/frozen_baseline_hash_audit.csv,1517,executed_research_artifact
outputs/10_signed_staged_residual_symbolic_pilot/iteration_1/pilot_complete.json,751,executed_research_artifact
outputs/10_signed_staged_residual_symbolic_pilot/iteration_1/preflight_checks.csv,388,executed_research_artifact
outputs/10_signed_staged_residual_symbolic_pilot/iteration_1/run_configuration.json,608,executed_research_artifact
outputs/10_signed_staged_residual_symbolic_pilot/iteration_1/run_status.json,751,executed_research_artifact
outputs/10_signed_staged_residual_symbolic_pilot/iteration_1/selected_composite_formula.csv,4691,executed_research_artifact
outputs/10_signed_staged_residual_symbolic_pilot/iteration_1/selected_composite_formula.txt,4154,executed_research_artifact
outputs/10_signed_staged_residual_symbolic_pilot/iteration_1/selected_models_case_metrics.csv.gz,20892,executed_research_artifact
outputs/10_signed_staged_residual_symbolic_pilot/iteration_1/selected_models_split_metrics.csv,2667,executed_research_artifact
outputs/10_signed_staged_residual_symbolic_pilot/iteration_1/selected_models_tail_adaptation.csv,1001,executed_research_artifact
outputs/10_signed_staged_residual_symbolic_pilot/iteration_1/stages/stage_geometry/candidate_validation_metrics.csv,43702,executed_research_artifact
outputs/10_signed_staged_residual_symbolic_pilot/iteration_1/stages/stage_geometry/frontier.csv,39972,executed_research_artifact
outputs/10_signed_staged_residual_symbolic_pilot/iteration_1/stages/stage_geometry/full_validation_shortlist.csv,33756,executed_research_artifact
outputs/10_signed_staged_residual_symbolic_pilot/iteration_1/stages/stage_geometry/search_progress.json,322,executed_research_artifact
outputs/10_signed_staged_residual_symbolic_pilot/iteration_1/stages/stage_geometry/search_signature.json,3271,executed_research_artifact
outputs/10_signed_staged_residual_symbolic_pilot/iteration_1/stages/stage_geometry/search_state/pysr_runs/v10_i1_geometry_signed_residual_pilot/checkpoint.pkl,110883,executed_research_artifact
outputs/10_signed_staged_residual_symbolic_pilot/iteration_1/stages/stage_geometry/search_state/pysr_runs/v10_i1_geometry_signed_residual_pilot/hall_of_fame.csv,5256,executed_research_artifact
outputs/10_signed_staged_residual_symbolic_pilot/iteration_1/stages/stage_geometry/search_state/pysr_runs/v10_i1_geometry_signed_residual_pilot/hall_of_fame.csv.bak,5256,executed_research_artifact
outputs/10_signed_staged_residual_symbolic_pilot/iteration_1/stages/stage_geometry/search_state/stable_snapshots/segment_01/checkpoint.pkl,187994,executed_research_artifact
outputs/10_signed_staged_residual_symbolic_pilot/iteration_1/stages/stage_geometry/search_state/stable_snapshots/segment_01/hall_of_fame.csv,3291,executed_research_artifact
outputs/10_signed_staged_residual_symbolic_pilot/iteration_1/stages/stage_geometry/search_state/stable_snapshots/segment_02/checkpoint.pkl,165090,executed_research_artifact
outputs/10_signed_staged_residual_symbolic_pilot/iteration_1/stages/stage_geometry/search_state/stable_snapshots/segment_02/hall_of_fame.csv,3839,executed_research_artifact
outputs/10_signed_staged_residual_symbolic_pilot/iteration_1/stages/stage_geometry/search_state/stable_snapshots/segment_03/checkpoint.pkl,211557,executed_research_artifact
outputs/10_signed_staged_residual_symbolic_pilot/iteration_1/stages/stage_geometry/search_state/stable_snapshots/segment_03/hall_of_fame.csv,4128,executed_research_artifact
outputs/10_signed_staged_residual_symbolic_pilot/iteration_1/stages/stage_geometry/search_state/stable_snapshots/segment_04/checkpoint.pkl,196188,executed_research_artifact
outputs/10_signed_staged_residual_symbolic_pilot/iteration_1/stages/stage_geometry/search_state/stable_snapshots/segment_04/hall_of_fame.csv,6442,executed_research_artifact
outputs/10_signed_staged_residual_symbolic_pilot/iteration_1/stages/stage_geometry/search_state/stable_snapshots/segment_05/checkpoint.pkl,110883,executed_research_artifact
outputs/10_signed_staged_residual_symbolic_pilot/iteration_1/stages/stage_geometry/search_state/stable_snapshots/segment_05/hall_of_fame.csv,5256,executed_research_artifact
outputs/10_signed_staged_residual_symbolic_pilot/iteration_1/stages/stage_geometry/segment_attempt_audit.csv,664,executed_research_artifact
outputs/10_signed_staged_residual_symbolic_pilot/iteration_1/stages/stage_geometry/segments/segment_01/attempt_1/frontier.csv,22340,executed_research_artifact
outputs/10_signed_staged_residual_symbolic_pilot/iteration_1/stages/stage_geometry/segments/segment_01/attempt_1/worker_status.json,381,executed_research_artifact
outputs/10_signed_staged_residual_symbolic_pilot/iteration_1/stages/stage_geometry/segments/segment_01/attempt_1/worker_stderr.log,1471553,executed_research_artifact
outputs/10_signed_staged_residual_symbolic_pilot/iteration_1/stages/stage_geometry/segments/segment_01/attempt_1/worker_stdout.log,5567,executed_research_artifact
outputs/10_signed_staged_residual_symbolic_pilot/iteration_1/stages/stage_geometry/segments/segment_01/complete.json,161,executed_research_artifact
outputs/10_signed_staged_residual_symbolic_pilot/iteration_1/stages/stage_geometry/segments/segment_01/frontier.csv,22401,executed_research_artifact
outputs/10_signed_staged_residual_symbolic_pilot/iteration_1/stages/stage_geometry/segments/segment_01/watchdog_status.json,215,executed_research_artifact
outputs/10_signed_staged_residual_symbolic_pilot/iteration_1/stages/stage_geometry/segments/segment_02/attempt_1/frontier.csv,26145,executed_research_artifact
outputs/10_signed_staged_residual_symbolic_pilot/iteration_1/stages/stage_geometry/segments/segment_02/attempt_1/worker_status.json,390,executed_research_artifact
outputs/10_signed_staged_residual_symbolic_pilot/iteration_1/stages/stage_geometry/segments/segment_02/attempt_1/worker_stderr.log,2749036,executed_research_artifact
outputs/10_signed_staged_residual_symbolic_pilot/iteration_1/stages/stage_geometry/segments/segment_02/attempt_1/worker_stdout.log,6246,executed_research_artifact
outputs/10_signed_staged_residual_symbolic_pilot/iteration_1/stages/stage_geometry/segments/segment_02/complete.json,161,executed_research_artifact
outputs/10_signed_staged_residual_symbolic_pilot/iteration_1/stages/stage_geometry/segments/segment_02/frontier.csv,26209,executed_research_artifact
outputs/10_signed_staged_residual_symbolic_pilot/iteration_1/stages/stage_geometry/segments/segment_02/watchdog_status.json,214,executed_research_artifact
outputs/10_signed_staged_residual_symbolic_pilot/iteration_1/stages/stage_geometry/segments/segment_03/attempt_1/frontier.csv,29495,executed_research_artifact
outputs/10_signed_staged_residual_symbolic_pilot/iteration_1/stages/stage_geometry/segments/segment_03/attempt_1/worker_status.json,390,executed_research_artifact
outputs/10_signed_staged_residual_symbolic_pilot/iteration_1/stages/stage_geometry/segments/segment_03/attempt_1/worker_stderr.log,3723775,executed_research_artifact
outputs/10_signed_staged_residual_symbolic_pilot/iteration_1/stages/stage_geometry/segments/segment_03/attempt_1/worker_stdout.log,6706,executed_research_artifact
outputs/10_signed_staged_residual_symbolic_pilot/iteration_1/stages/stage_geometry/segments/segment_03/complete.json,160,executed_research_artifact
outputs/10_signed_staged_residual_symbolic_pilot/iteration_1/stages/stage_geometry/segments/segment_03/frontier.csv,29560,executed_research_artifact
outputs/10_signed_staged_residual_symbolic_pilot/iteration_1/stages/stage_geometry/segments/segment_03/watchdog_status.json,215,executed_research_artifact
outputs/10_signed_staged_residual_symbolic_pilot/iteration_1/stages/stage_geometry/segments/segment_04/attempt_1/frontier.csv,49689,executed_research_artifact
outputs/10_signed_staged_residual_symbolic_pilot/iteration_1/stages/stage_geometry/segments/segment_04/attempt_1/worker_status.json,390,executed_research_artifact
outputs/10_signed_staged_residual_symbolic_pilot/iteration_1/stages/stage_geometry/segments/segment_04/attempt_1/worker_stderr.log,3769386,executed_research_artifact
outputs/10_signed_staged_residual_symbolic_pilot/iteration_1/stages/stage_geometry/segments/segment_04/attempt_1/worker_stdout.log,9988,executed_research_artifact
outputs/10_signed_staged_residual_symbolic_pilot/iteration_1/stages/stage_geometry/segments/segment_04/complete.json,161,executed_research_artifact
outputs/10_signed_staged_residual_symbolic_pilot/iteration_1/stages/stage_geometry/segments/segment_04/frontier.csv,49767,executed_research_artifact
outputs/10_signed_staged_residual_symbolic_pilot/iteration_1/stages/stage_geometry/segments/segment_04/watchdog_status.json,215,executed_research_artifact
outputs/10_signed_staged_residual_symbolic_pilot/iteration_1/stages/stage_geometry/segments/segment_05/attempt_1/frontier.csv,39383,executed_research_artifact
outputs/10_signed_staged_residual_symbolic_pilot/iteration_1/stages/stage_geometry/segments/segment_05/attempt_1/worker_status.json,390,executed_research_artifact
outputs/10_signed_staged_residual_symbolic_pilot/iteration_1/stages/stage_geometry/segments/segment_05/attempt_1/worker_stderr.log,4594511,executed_research_artifact
outputs/10_signed_staged_residual_symbolic_pilot/iteration_1/stages/stage_geometry/segments/segment_05/attempt_1/worker_stdout.log,8397,executed_research_artifact
outputs/10_signed_staged_residual_symbolic_pilot/iteration_1/stages/stage_geometry/segments/segment_05/complete.json,161,executed_research_artifact
outputs/10_signed_staged_residual_symbolic_pilot/iteration_1/stages/stage_geometry/segments/segment_05/frontier.csv,39457,executed_research_artifact
outputs/10_signed_staged_residual_symbolic_pilot/iteration_1/stages/stage_geometry/segments/segment_05/watchdog_status.json,215,executed_research_artifact
outputs/10_signed_staged_residual_symbolic_pilot/iteration_1/stages/stage_geometry/selected_formula.csv,5191,executed_research_artifact
outputs/10_signed_staged_residual_symbolic_pilot/iteration_1/stages/stage_physical/candidate_validation_metrics.csv,35757,executed_research_artifact
outputs/10_signed_staged_residual_symbolic_pilot/iteration_1/stages/stage_physical/frontier.csv,27939,executed_research_artifact
outputs/10_signed_staged_residual_symbolic_pilot/iteration_1/stages/stage_physical/full_validation_shortlist.csv,25412,executed_research_artifact
outputs/10_signed_staged_residual_symbolic_pilot/iteration_1/stages/stage_physical/search_progress.json,322,executed_research_artifact
outputs/10_signed_staged_residual_symbolic_pilot/iteration_1/stages/stage_physical/search_signature.json,3374,executed_research_artifact
outputs/10_signed_staged_residual_symbolic_pilot/iteration_1/stages/stage_physical/search_state/pysr_runs/v10_i1_physical_signed_residual_pilot/checkpoint.pkl,154552,executed_research_artifact
outputs/10_signed_staged_residual_symbolic_pilot/iteration_1/stages/stage_physical/search_state/pysr_runs/v10_i1_physical_signed_residual_pilot/hall_of_fame.csv,4415,executed_research_artifact
outputs/10_signed_staged_residual_symbolic_pilot/iteration_1/stages/stage_physical/search_state/pysr_runs/v10_i1_physical_signed_residual_pilot/hall_of_fame.csv.bak,4415,executed_research_artifact
outputs/10_signed_staged_residual_symbolic_pilot/iteration_1/stages/stage_physical/search_state/stable_snapshots/segment_01/checkpoint.pkl,158621,executed_research_artifact
outputs/10_signed_staged_residual_symbolic_pilot/iteration_1/stages/stage_physical/search_state/stable_snapshots/segment_01/hall_of_fame.csv,3583,executed_research_artifact
outputs/10_signed_staged_residual_symbolic_pilot/iteration_1/stages/stage_physical/search_state/stable_snapshots/segment_02/checkpoint.pkl,160290,executed_research_artifact
outputs/10_signed_staged_residual_symbolic_pilot/iteration_1/stages/stage_physical/search_state/stable_snapshots/segment_02/hall_of_fame.csv,4052,executed_research_artifact
outputs/10_signed_staged_residual_symbolic_pilot/iteration_1/stages/stage_physical/search_state/stable_snapshots/segment_03/checkpoint.pkl,131320,executed_research_artifact
outputs/10_signed_staged_residual_symbolic_pilot/iteration_1/stages/stage_physical/search_state/stable_snapshots/segment_03/hall_of_fame.csv,4087,executed_research_artifact
outputs/10_signed_staged_residual_symbolic_pilot/iteration_1/stages/stage_physical/search_state/stable_snapshots/segment_04/checkpoint.pkl,120453,executed_research_artifact
outputs/10_signed_staged_residual_symbolic_pilot/iteration_1/stages/stage_physical/search_state/stable_snapshots/segment_04/hall_of_fame.csv,4028,executed_research_artifact
outputs/10_signed_staged_residual_symbolic_pilot/iteration_1/stages/stage_physical/search_state/stable_snapshots/segment_05/checkpoint.pkl,154552,executed_research_artifact
outputs/10_signed_staged_residual_symbolic_pilot/iteration_1/stages/stage_physical/search_state/stable_snapshots/segment_05/hall_of_fame.csv,4415,executed_research_artifact
outputs/10_signed_staged_residual_symbolic_pilot/iteration_1/stages/stage_physical/segment_attempt_audit.csv,664,executed_research_artifact
outputs/10_signed_staged_residual_symbolic_pilot/iteration_1/stages/stage_physical/segments/segment_01/attempt_1/frontier.csv,20295,executed_research_artifact
outputs/10_signed_staged_residual_symbolic_pilot/iteration_1/stages/stage_physical/segments/segment_01/attempt_1/worker_status.json,381,executed_research_artifact
outputs/10_signed_staged_residual_symbolic_pilot/iteration_1/stages/stage_physical/segments/segment_01/attempt_1/worker_stderr.log,1858220,executed_research_artifact
outputs/10_signed_staged_residual_symbolic_pilot/iteration_1/stages/stage_physical/segments/segment_01/attempt_1/worker_stdout.log,5784,executed_research_artifact
outputs/10_signed_staged_residual_symbolic_pilot/iteration_1/stages/stage_physical/segments/segment_01/complete.json,161,executed_research_artifact
outputs/10_signed_staged_residual_symbolic_pilot/iteration_1/stages/stage_physical/segments/segment_01/frontier.csv,20358,executed_research_artifact
outputs/10_signed_staged_residual_symbolic_pilot/iteration_1/stages/stage_physical/segments/segment_01/watchdog_status.json,215,executed_research_artifact
outputs/10_signed_staged_residual_symbolic_pilot/iteration_1/stages/stage_physical/segments/segment_02/attempt_1/frontier.csv,25139,executed_research_artifact
outputs/10_signed_staged_residual_symbolic_pilot/iteration_1/stages/stage_physical/segments/segment_02/attempt_1/worker_status.json,390,executed_research_artifact
outputs/10_signed_staged_residual_symbolic_pilot/iteration_1/stages/stage_physical/segments/segment_02/attempt_1/worker_stderr.log,2732638,executed_research_artifact
outputs/10_signed_staged_residual_symbolic_pilot/iteration_1/stages/stage_physical/segments/segment_02/attempt_1/worker_stdout.log,6875,executed_research_artifact
outputs/10_signed_staged_residual_symbolic_pilot/iteration_1/stages/stage_physical/segments/segment_02/complete.json,161,executed_research_artifact
outputs/10_signed_staged_residual_symbolic_pilot/iteration_1/stages/stage_physical/segments/segment_02/frontier.csv,25202,executed_research_artifact
outputs/10_signed_staged_residual_symbolic_pilot/iteration_1/stages/stage_physical/segments/segment_02/watchdog_status.json,215,executed_research_artifact
outputs/10_signed_staged_residual_symbolic_pilot/iteration_1/stages/stage_physical/segments/segment_03/attempt_1/frontier.csv,26374,executed_research_artifact
outputs/10_signed_staged_residual_symbolic_pilot/iteration_1/stages/stage_physical/segments/segment_03/attempt_1/worker_status.json,390,executed_research_artifact
outputs/10_signed_staged_residual_symbolic_pilot/iteration_1/stages/stage_physical/segments/segment_03/attempt_1/worker_stderr.log,2811082,executed_research_artifact
outputs/10_signed_staged_residual_symbolic_pilot/iteration_1/stages/stage_physical/segments/segment_03/attempt_1/worker_stdout.log,6890,executed_research_artifact
outputs/10_signed_staged_residual_symbolic_pilot/iteration_1/stages/stage_physical/segments/segment_03/complete.json,161,executed_research_artifact
outputs/10_signed_staged_residual_symbolic_pilot/iteration_1/stages/stage_physical/segments/segment_03/frontier.csv,26437,executed_research_artifact
outputs/10_signed_staged_residual_symbolic_pilot/iteration_1/stages/stage_physical/segments/segment_03/watchdog_status.json,215,executed_research_artifact
outputs/10_signed_staged_residual_symbolic_pilot/iteration_1/stages/stage_physical/segments/segment_04/attempt_1/frontier.csv,24849,executed_research_artifact
outputs/10_signed_staged_residual_symbolic_pilot/iteration_1/stages/stage_physical/segments/segment_04/attempt_1/worker_status.json,390,executed_research_artifact
outputs/10_signed_staged_residual_symbolic_pilot/iteration_1/stages/stage_physical/segments/segment_04/attempt_1/worker_stderr.log,2806056,executed_research_artifact
outputs/10_signed_staged_residual_symbolic_pilot/iteration_1/stages/stage_physical/segments/segment_04/attempt_1/worker_stdout.log,6808,executed_research_artifact
outputs/10_signed_staged_residual_symbolic_pilot/iteration_1/stages/stage_physical/segments/segment_04/complete.json,161,executed_research_artifact
outputs/10_signed_staged_residual_symbolic_pilot/iteration_1/stages/stage_physical/segments/segment_04/frontier.csv,24912,executed_research_artifact
outputs/10_signed_staged_residual_symbolic_pilot/iteration_1/stages/stage_physical/segments/segment_04/watchdog_status.json,216,executed_research_artifact
outputs/10_signed_staged_residual_symbolic_pilot/iteration_1/stages/stage_physical/segments/segment_05/attempt_1/frontier.csv,27383,executed_research_artifact
outputs/10_signed_staged_residual_symbolic_pilot/iteration_1/stages/stage_physical/segments/segment_05/attempt_1/worker_status.json,390,executed_research_artifact
outputs/10_signed_staged_residual_symbolic_pilot/iteration_1/stages/stage_physical/segments/segment_05/attempt_1/worker_stderr.log,2682928,executed_research_artifact
outputs/10_signed_staged_residual_symbolic_pilot/iteration_1/stages/stage_physical/segments/segment_05/attempt_1/worker_stdout.log,7399,executed_research_artifact
outputs/10_signed_staged_residual_symbolic_pilot/iteration_1/stages/stage_physical/segments/segment_05/complete.json,161,executed_research_artifact
outputs/10_signed_staged_residual_symbolic_pilot/iteration_1/stages/stage_physical/segments/segment_05/frontier.csv,27451,executed_research_artifact
outputs/10_signed_staged_residual_symbolic_pilot/iteration_1/stages/stage_physical/segments/segment_05/watchdog_status.json,216,executed_research_artifact
outputs/10_signed_staged_residual_symbolic_pilot/iteration_1/stages/stage_physical/selected_formula.csv,4862,executed_research_artifact
outputs/10_signed_staged_residual_symbolic_pilot/iteration_1/training_cache/all_v10_features.npy,95200128,executed_research_artifact
outputs/10_signed_staged_residual_symbolic_pilot/iteration_1/training_cache/cache_metadata.json,5199,executed_research_artifact
outputs/10_signed_staged_residual_symbolic_pilot/iteration_1/training_cache/deployable_normalised_residual_target.npy,2380128,executed_research_artifact
outputs/10_signed_staged_residual_symbolic_pilot/iteration_1/training_cache/remaining_after_geometry_residual.npy,2380128,executed_research_artifact
outputs/10_signed_staged_residual_symbolic_pilot/iteration_1/training_cache/stage_a_features.npy,66640128,executed_research_artifact
outputs/10_signed_staged_residual_symbolic_pilot/iteration_1/training_cache/stage_a_scaling.csv,1932,executed_research_artifact
outputs/10_signed_staged_residual_symbolic_pilot/iteration_1/training_cache/stage_b_cache_metadata.json,1220,executed_research_artifact
outputs/10_signed_staged_residual_symbolic_pilot/iteration_1/training_cache/stage_b_features.npy,69020128,executed_research_artifact
outputs/10_signed_staged_residual_symbolic_pilot/iteration_1/training_cache/stage_b_scaling.csv,2071,executed_research_artifact
outputs/10_signed_staged_residual_symbolic_pilot/iteration_1/training_cache/tier_mass_weights.npy,2380128,executed_research_artifact
outputs/10_signed_staged_residual_symbolic_pilot/iteration_1/training_cache/training_sample_audit.csv,55527,executed_research_artifact
outputs/10_signed_staged_residual_symbolic_pilot/iteration_1/training_cache/training_sample_manifest.csv.gz,2062118,executed_research_artifact
outputs/10_signed_staged_residual_symbolic_pilot/iteration_1/v10_selected_tail_adaptation.png,96172,executed_research_artifact
outputs/10_signed_staged_residual_symbolic_pilot/iteration_1/v10_validation_model_comparison.png,87094,executed_research_artifact
outputs/10_signed_staged_residual_symbolic_pilot/iteration_2/design_rationale.json,584,executed_research_artifact
outputs/10_signed_staged_residual_symbolic_pilot/iteration_2/feature_registry.csv,1519,executed_research_artifact
outputs/10_signed_staged_residual_symbolic_pilot/iteration_2/frozen_baseline_hash_audit.csv,1517,executed_research_artifact
outputs/10_signed_staged_residual_symbolic_pilot/iteration_2/pilot_complete.json,751,executed_research_artifact
outputs/10_signed_staged_residual_symbolic_pilot/iteration_2/preflight_checks.csv,388,executed_research_artifact
outputs/10_signed_staged_residual_symbolic_pilot/iteration_2/run_configuration.json,608,executed_research_artifact
outputs/10_signed_staged_residual_symbolic_pilot/iteration_2/run_status.json,751,executed_research_artifact
outputs/10_signed_staged_residual_symbolic_pilot/iteration_2/selected_composite_formula.csv,4130,executed_research_artifact
outputs/10_signed_staged_residual_symbolic_pilot/iteration_2/selected_composite_formula.txt,3780,executed_research_artifact
outputs/10_signed_staged_residual_symbolic_pilot/iteration_2/selected_models_case_metrics.csv.gz,20926,executed_research_artifact
outputs/10_signed_staged_residual_symbolic_pilot/iteration_2/selected_models_split_metrics.csv,2662,executed_research_artifact
outputs/10_signed_staged_residual_symbolic_pilot/iteration_2/selected_models_tail_adaptation.csv,1041,executed_research_artifact
outputs/10_signed_staged_residual_symbolic_pilot/iteration_2/stages/stage_geometry/candidate_validation_metrics.csv,35931,executed_research_artifact
outputs/10_signed_staged_residual_symbolic_pilot/iteration_2/stages/stage_geometry/frontier.csv,31345,executed_research_artifact
outputs/10_signed_staged_residual_symbolic_pilot/iteration_2/stages/stage_geometry/full_validation_shortlist.csv,25635,executed_research_artifact
outputs/10_signed_staged_residual_symbolic_pilot/iteration_2/stages/stage_geometry/search_progress.json,322,executed_research_artifact
outputs/10_signed_staged_residual_symbolic_pilot/iteration_2/stages/stage_geometry/search_signature.json,3265,executed_research_artifact
outputs/10_signed_staged_residual_symbolic_pilot/iteration_2/stages/stage_geometry/search_state/pysr_runs/v10_i2_geometry_signed_residual_pilot/checkpoint.pkl,190745,executed_research_artifact
outputs/10_signed_staged_residual_symbolic_pilot/iteration_2/stages/stage_geometry/search_state/pysr_runs/v10_i2_geometry_signed_residual_pilot/hall_of_fame.csv,5054,executed_research_artifact
outputs/10_signed_staged_residual_symbolic_pilot/iteration_2/stages/stage_geometry/search_state/pysr_runs/v10_i2_geometry_signed_residual_pilot/hall_of_fame.csv.bak,5054,executed_research_artifact
outputs/10_signed_staged_residual_symbolic_pilot/iteration_2/stages/stage_geometry/search_state/stable_snapshots/segment_01/checkpoint.pkl,219851,executed_research_artifact
outputs/10_signed_staged_residual_symbolic_pilot/iteration_2/stages/stage_geometry/search_state/stable_snapshots/segment_01/hall_of_fame.csv,2513,executed_research_artifact
outputs/10_signed_staged_residual_symbolic_pilot/iteration_2/stages/stage_geometry/search_state/stable_snapshots/segment_02/checkpoint.pkl,204656,executed_research_artifact
outputs/10_signed_staged_residual_symbolic_pilot/iteration_2/stages/stage_geometry/search_state/stable_snapshots/segment_02/hall_of_fame.csv,2983,executed_research_artifact
outputs/10_signed_staged_residual_symbolic_pilot/iteration_2/stages/stage_geometry/search_state/stable_snapshots/segment_03/checkpoint.pkl,194143,executed_research_artifact
outputs/10_signed_staged_residual_symbolic_pilot/iteration_2/stages/stage_geometry/search_state/stable_snapshots/segment_03/hall_of_fame.csv,3311,executed_research_artifact
outputs/10_signed_staged_residual_symbolic_pilot/iteration_2/stages/stage_geometry/search_state/stable_snapshots/segment_04/checkpoint.pkl,156775,executed_research_artifact
outputs/10_signed_staged_residual_symbolic_pilot/iteration_2/stages/stage_geometry/search_state/stable_snapshots/segment_04/hall_of_fame.csv,4875,executed_research_artifact
outputs/10_signed_staged_residual_symbolic_pilot/iteration_2/stages/stage_geometry/search_state/stable_snapshots/segment_05/checkpoint.pkl,190745,executed_research_artifact
outputs/10_signed_staged_residual_symbolic_pilot/iteration_2/stages/stage_geometry/search_state/stable_snapshots/segment_05/hall_of_fame.csv,5054,executed_research_artifact
outputs/10_signed_staged_residual_symbolic_pilot/iteration_2/stages/stage_geometry/segment_attempt_audit.csv,664,executed_research_artifact
outputs/10_signed_staged_residual_symbolic_pilot/iteration_2/stages/stage_geometry/segments/segment_01/attempt_1/frontier.csv,15711,executed_research_artifact
outputs/10_signed_staged_residual_symbolic_pilot/iteration_2/stages/stage_geometry/segments/segment_01/attempt_1/worker_status.json,381,executed_research_artifact
outputs/10_signed_staged_residual_symbolic_pilot/iteration_2/stages/stage_geometry/segments/segment_01/attempt_1/worker_stderr.log,1405522,executed_research_artifact
outputs/10_signed_staged_residual_symbolic_pilot/iteration_2/stages/stage_geometry/segments/segment_01/attempt_1/worker_stdout.log,4442,executed_research_artifact
outputs/10_signed_staged_residual_symbolic_pilot/iteration_2/stages/stage_geometry/segments/segment_01/complete.json,161,executed_research_artifact
outputs/10_signed_staged_residual_symbolic_pilot/iteration_2/stages/stage_geometry/segments/segment_01/frontier.csv,15767,executed_research_artifact
outputs/10_signed_staged_residual_symbolic_pilot/iteration_2/stages/stage_geometry/segments/segment_01/watchdog_status.json,215,executed_research_artifact
outputs/10_signed_staged_residual_symbolic_pilot/iteration_2/stages/stage_geometry/segments/segment_02/attempt_1/frontier.csv,18824,executed_research_artifact
outputs/10_signed_staged_residual_symbolic_pilot/iteration_2/stages/stage_geometry/segments/segment_02/attempt_1/worker_status.json,390,executed_research_artifact
outputs/10_signed_staged_residual_symbolic_pilot/iteration_2/stages/stage_geometry/segments/segment_02/attempt_1/worker_stderr.log,1965452,executed_research_artifact
outputs/10_signed_staged_residual_symbolic_pilot/iteration_2/stages/stage_geometry/segments/segment_02/attempt_1/worker_stdout.log,5217,executed_research_artifact
outputs/10_signed_staged_residual_symbolic_pilot/iteration_2/stages/stage_geometry/segments/segment_02/complete.json,161,executed_research_artifact
outputs/10_signed_staged_residual_symbolic_pilot/iteration_2/stages/stage_geometry/segments/segment_02/frontier.csv,18886,executed_research_artifact
outputs/10_signed_staged_residual_symbolic_pilot/iteration_2/stages/stage_geometry/segments/segment_02/watchdog_status.json,215,executed_research_artifact
outputs/10_signed_staged_residual_symbolic_pilot/iteration_2/stages/stage_geometry/segments/segment_03/attempt_1/frontier.csv,20692,executed_research_artifact
outputs/10_signed_staged_residual_symbolic_pilot/iteration_2/stages/stage_geometry/segments/segment_03/attempt_1/worker_status.json,390,executed_research_artifact
outputs/10_signed_staged_residual_symbolic_pilot/iteration_2/stages/stage_geometry/segments/segment_03/attempt_1/worker_stderr.log,2006192,executed_research_artifact
outputs/10_signed_staged_residual_symbolic_pilot/iteration_2/stages/stage_geometry/segments/segment_03/attempt_1/worker_stdout.log,5572,executed_research_artifact
outputs/10_signed_staged_residual_symbolic_pilot/iteration_2/stages/stage_geometry/segments/segment_03/complete.json,161,executed_research_artifact
outputs/10_signed_staged_residual_symbolic_pilot/iteration_2/stages/stage_geometry/segments/segment_03/frontier.csv,20768,executed_research_artifact
outputs/10_signed_staged_residual_symbolic_pilot/iteration_2/stages/stage_geometry/segments/segment_03/watchdog_status.json,215,executed_research_artifact
outputs/10_signed_staged_residual_symbolic_pilot/iteration_2/stages/stage_geometry/segments/segment_04/attempt_1/frontier.csv,30408,executed_research_artifact
outputs/10_signed_staged_residual_symbolic_pilot/iteration_2/stages/stage_geometry/segments/segment_04/attempt_1/worker_status.json,389,executed_research_artifact
outputs/10_signed_staged_residual_symbolic_pilot/iteration_2/stages/stage_geometry/segments/segment_04/attempt_1/worker_stderr.log,2719373,executed_research_artifact
outputs/10_signed_staged_residual_symbolic_pilot/iteration_2/stages/stage_geometry/segments/segment_04/attempt_1/worker_stdout.log,7939,executed_research_artifact
outputs/10_signed_staged_residual_symbolic_pilot/iteration_2/stages/stage_geometry/segments/segment_04/complete.json,161,executed_research_artifact
outputs/10_signed_staged_residual_symbolic_pilot/iteration_2/stages/stage_geometry/segments/segment_04/frontier.csv,30480,executed_research_artifact
outputs/10_signed_staged_residual_symbolic_pilot/iteration_2/stages/stage_geometry/segments/segment_04/watchdog_status.json,215,executed_research_artifact
outputs/10_signed_staged_residual_symbolic_pilot/iteration_2/stages/stage_geometry/segments/segment_05/attempt_1/frontier.csv,30729,executed_research_artifact
outputs/10_signed_staged_residual_symbolic_pilot/iteration_2/stages/stage_geometry/segments/segment_05/attempt_1/worker_status.json,390,executed_research_artifact
outputs/10_signed_staged_residual_symbolic_pilot/iteration_2/stages/stage_geometry/segments/segment_05/attempt_1/worker_stderr.log,3549042,executed_research_artifact
outputs/10_signed_staged_residual_symbolic_pilot/iteration_2/stages/stage_geometry/segments/segment_05/attempt_1/worker_stdout.log,8297,executed_research_artifact
outputs/10_signed_staged_residual_symbolic_pilot/iteration_2/stages/stage_geometry/segments/segment_05/complete.json,161,executed_research_artifact
outputs/10_signed_staged_residual_symbolic_pilot/iteration_2/stages/stage_geometry/segments/segment_05/frontier.csv,30803,executed_research_artifact
outputs/10_signed_staged_residual_symbolic_pilot/iteration_2/stages/stage_geometry/segments/segment_05/watchdog_status.json,215,executed_research_artifact
outputs/10_signed_staged_residual_symbolic_pilot/iteration_2/stages/stage_geometry/selected_formula.csv,4402,executed_research_artifact
outputs/10_signed_staged_residual_symbolic_pilot/iteration_2/stages/stage_physical/candidate_validation_metrics.csv,28026,executed_research_artifact
outputs/10_signed_staged_residual_symbolic_pilot/iteration_2/stages/stage_physical/frontier.csv,18546,executed_research_artifact
outputs/10_signed_staged_residual_symbolic_pilot/iteration_2/stages/stage_physical/full_validation_shortlist.csv,18546,executed_research_artifact
outputs/10_signed_staged_residual_symbolic_pilot/iteration_2/stages/stage_physical/search_progress.json,322,executed_research_artifact
outputs/10_signed_staged_residual_symbolic_pilot/iteration_2/stages/stage_physical/search_signature.json,3368,executed_research_artifact
outputs/10_signed_staged_residual_symbolic_pilot/iteration_2/stages/stage_physical/search_state/pysr_runs/v10_i2_physical_signed_residual_pilot/checkpoint.pkl,167245,executed_research_artifact
outputs/10_signed_staged_residual_symbolic_pilot/iteration_2/stages/stage_physical/search_state/pysr_runs/v10_i2_physical_signed_residual_pilot/hall_of_fame.csv,2976,executed_research_artifact
outputs/10_signed_staged_residual_symbolic_pilot/iteration_2/stages/stage_physical/search_state/pysr_runs/v10_i2_physical_signed_residual_pilot/hall_of_fame.csv.bak,2976,executed_research_artifact
outputs/10_signed_staged_residual_symbolic_pilot/iteration_2/stages/stage_physical/search_state/stable_snapshots/segment_01/checkpoint.pkl,146369,executed_research_artifact
outputs/10_signed_staged_residual_symbolic_pilot/iteration_2/stages/stage_physical/search_state/stable_snapshots/segment_01/hall_of_fame.csv,2259,executed_research_artifact
outputs/10_signed_staged_residual_symbolic_pilot/iteration_2/stages/stage_physical/search_state/stable_snapshots/segment_02/checkpoint.pkl,145350,executed_research_artifact
outputs/10_signed_staged_residual_symbolic_pilot/iteration_2/stages/stage_physical/search_state/stable_snapshots/segment_02/hall_of_fame.csv,2622,executed_research_artifact
outputs/10_signed_staged_residual_symbolic_pilot/iteration_2/stages/stage_physical/search_state/stable_snapshots/segment_03/checkpoint.pkl,142810,executed_research_artifact
outputs/10_signed_staged_residual_symbolic_pilot/iteration_2/stages/stage_physical/search_state/stable_snapshots/segment_03/hall_of_fame.csv,2404,executed_research_artifact
outputs/10_signed_staged_residual_symbolic_pilot/iteration_2/stages/stage_physical/search_state/stable_snapshots/segment_04/checkpoint.pkl,125984,executed_research_artifact
outputs/10_signed_staged_residual_symbolic_pilot/iteration_2/stages/stage_physical/search_state/stable_snapshots/segment_04/hall_of_fame.csv,2784,executed_research_artifact
outputs/10_signed_staged_residual_symbolic_pilot/iteration_2/stages/stage_physical/search_state/stable_snapshots/segment_05/checkpoint.pkl,167245,executed_research_artifact
outputs/10_signed_staged_residual_symbolic_pilot/iteration_2/stages/stage_physical/search_state/stable_snapshots/segment_05/hall_of_fame.csv,2976,executed_research_artifact
outputs/10_signed_staged_residual_symbolic_pilot/iteration_2/stages/stage_physical/segment_attempt_audit.csv,666,executed_research_artifact
outputs/10_signed_staged_residual_symbolic_pilot/iteration_2/stages/stage_physical/segments/segment_01/attempt_1/frontier.csv,13524,executed_research_artifact
outputs/10_signed_staged_residual_symbolic_pilot/iteration_2/stages/stage_physical/segments/segment_01/attempt_1/worker_status.json,382,executed_research_artifact
outputs/10_signed_staged_residual_symbolic_pilot/iteration_2/stages/stage_physical/segments/segment_01/attempt_1/worker_stderr.log,1101911,executed_research_artifact
outputs/10_signed_staged_residual_symbolic_pilot/iteration_2/stages/stage_physical/segments/segment_01/attempt_1/worker_stdout.log,3868,executed_research_artifact
outputs/10_signed_staged_residual_symbolic_pilot/iteration_2/stages/stage_physical/segments/segment_01/complete.json,161,executed_research_artifact
outputs/10_signed_staged_residual_symbolic_pilot/iteration_2/stages/stage_physical/segments/segment_01/frontier.csv,13581,executed_research_artifact
outputs/10_signed_staged_residual_symbolic_pilot/iteration_2/stages/stage_physical/segments/segment_01/watchdog_status.json,216,executed_research_artifact
outputs/10_signed_staged_residual_symbolic_pilot/iteration_2/stages/stage_physical/segments/segment_02/attempt_1/frontier.csv,16341,executed_research_artifact
outputs/10_signed_staged_residual_symbolic_pilot/iteration_2/stages/stage_physical/segments/segment_02/attempt_1/worker_status.json,391,executed_research_artifact
outputs/10_signed_staged_residual_symbolic_pilot/iteration_2/stages/stage_physical/segments/segment_02/attempt_1/worker_stderr.log,1569997,executed_research_artifact
outputs/10_signed_staged_residual_symbolic_pilot/iteration_2/stages/stage_physical/segments/segment_02/attempt_1/worker_stdout.log,4461,executed_research_artifact
outputs/10_signed_staged_residual_symbolic_pilot/iteration_2/stages/stage_physical/segments/segment_02/complete.json,162,executed_research_artifact
outputs/10_signed_staged_residual_symbolic_pilot/iteration_2/stages/stage_physical/segments/segment_02/frontier.csv,16401,executed_research_artifact
outputs/10_signed_staged_residual_symbolic_pilot/iteration_2/stages/stage_physical/segments/segment_02/watchdog_status.json,216,executed_research_artifact
outputs/10_signed_staged_residual_symbolic_pilot/iteration_2/stages/stage_physical/segments/segment_03/attempt_1/frontier.csv,14897,executed_research_artifact
outputs/10_signed_staged_residual_symbolic_pilot/iteration_2/stages/stage_physical/segments/segment_03/attempt_1/worker_status.json,390,executed_research_artifact
outputs/10_signed_staged_residual_symbolic_pilot/iteration_2/stages/stage_physical/segments/segment_03/attempt_1/worker_stderr.log,1876181,executed_research_artifact
outputs/10_signed_staged_residual_symbolic_pilot/iteration_2/stages/stage_physical/segments/segment_03/attempt_1/worker_stdout.log,4199,executed_research_artifact
outputs/10_signed_staged_residual_symbolic_pilot/iteration_2/stages/stage_physical/segments/segment_03/complete.json,162,executed_research_artifact
outputs/10_signed_staged_residual_symbolic_pilot/iteration_2/stages/stage_physical/segments/segment_03/frontier.csv,14957,executed_research_artifact
outputs/10_signed_staged_residual_symbolic_pilot/iteration_2/stages/stage_physical/segments/segment_03/watchdog_status.json,216,executed_research_artifact
outputs/10_signed_staged_residual_symbolic_pilot/iteration_2/stages/stage_physical/segments/segment_04/attempt_1/frontier.csv,16729,executed_research_artifact
outputs/10_signed_staged_residual_symbolic_pilot/iteration_2/stages/stage_physical/segments/segment_04/attempt_1/worker_status.json,390,executed_research_artifact
outputs/10_signed_staged_residual_symbolic_pilot/iteration_2/stages/stage_physical/segments/segment_04/attempt_1/worker_stderr.log,1740363,executed_research_artifact
outputs/10_signed_staged_residual_symbolic_pilot/iteration_2/stages/stage_physical/segments/segment_04/attempt_1/worker_stdout.log,4853,executed_research_artifact
outputs/10_signed_staged_residual_symbolic_pilot/iteration_2/stages/stage_physical/segments/segment_04/complete.json,162,executed_research_artifact
outputs/10_signed_staged_residual_symbolic_pilot/iteration_2/stages/stage_physical/segments/segment_04/frontier.csv,16790,executed_research_artifact
outputs/10_signed_staged_residual_symbolic_pilot/iteration_2/stages/stage_physical/segments/segment_04/watchdog_status.json,215,executed_research_artifact
outputs/10_signed_staged_residual_symbolic_pilot/iteration_2/stages/stage_physical/segments/segment_05/attempt_1/frontier.csv,18078,executed_research_artifact
outputs/10_signed_staged_residual_symbolic_pilot/iteration_2/stages/stage_physical/segments/segment_05/attempt_1/worker_status.json,390,executed_research_artifact
outputs/10_signed_staged_residual_symbolic_pilot/iteration_2/stages/stage_physical/segments/segment_05/attempt_1/worker_stderr.log,2252593,executed_research_artifact
outputs/10_signed_staged_residual_symbolic_pilot/iteration_2/stages/stage_physical/segments/segment_05/attempt_1/worker_stdout.log,5170,executed_research_artifact
outputs/10_signed_staged_residual_symbolic_pilot/iteration_2/stages/stage_physical/segments/segment_05/complete.json,161,executed_research_artifact
outputs/10_signed_staged_residual_symbolic_pilot/iteration_2/stages/stage_physical/segments/segment_05/frontier.csv,18139,executed_research_artifact
outputs/10_signed_staged_residual_symbolic_pilot/iteration_2/stages/stage_physical/segments/segment_05/watchdog_status.json,216,executed_research_artifact
outputs/10_signed_staged_residual_symbolic_pilot/iteration_2/stages/stage_physical/selected_formula.csv,4128,executed_research_artifact
outputs/10_signed_staged_residual_symbolic_pilot/iteration_2/training_cache/all_v10_features.npy,95200128,executed_research_artifact
outputs/10_signed_staged_residual_symbolic_pilot/iteration_2/training_cache/cache_metadata.json,5193,executed_research_artifact
outputs/10_signed_staged_residual_symbolic_pilot/iteration_2/training_cache/deployable_normalised_residual_target.npy,2380128,executed_research_artifact
outputs/10_signed_staged_residual_symbolic_pilot/iteration_2/training_cache/remaining_after_geometry_residual.npy,2380128,executed_research_artifact
outputs/10_signed_staged_residual_symbolic_pilot/iteration_2/training_cache/stage_a_features.npy,66640128,executed_research_artifact
outputs/10_signed_staged_residual_symbolic_pilot/iteration_2/training_cache/stage_a_scaling.csv,1934,executed_research_artifact
outputs/10_signed_staged_residual_symbolic_pilot/iteration_2/training_cache/stage_b_cache_metadata.json,1220,executed_research_artifact
outputs/10_signed_staged_residual_symbolic_pilot/iteration_2/training_cache/stage_b_features.npy,69020128,executed_research_artifact
outputs/10_signed_staged_residual_symbolic_pilot/iteration_2/training_cache/stage_b_scaling.csv,2075,executed_research_artifact
outputs/10_signed_staged_residual_symbolic_pilot/iteration_2/training_cache/tier_mass_weights.npy,2380128,executed_research_artifact
outputs/10_signed_staged_residual_symbolic_pilot/iteration_2/training_cache/training_sample_audit.csv,55555,executed_research_artifact
outputs/10_signed_staged_residual_symbolic_pilot/iteration_2/training_cache/training_sample_manifest.csv.gz,2058766,executed_research_artifact
outputs/10_signed_staged_residual_symbolic_pilot/iteration_2/v10_selected_tail_adaptation.png,106926,executed_research_artifact
outputs/10_signed_staged_residual_symbolic_pilot/iteration_2/v10_validation_model_comparison.png,109186,executed_research_artifact
outputs/10_signed_staged_residual_symbolic_pilot/iteration_3/design_rationale.json,584,executed_research_artifact
outputs/10_signed_staged_residual_symbolic_pilot/iteration_3/feature_registry.csv,1519,executed_research_artifact
outputs/10_signed_staged_residual_symbolic_pilot/iteration_3/frozen_baseline_hash_audit.csv,1517,executed_research_artifact
outputs/10_signed_staged_residual_symbolic_pilot/iteration_3/pilot_complete.json,753,executed_research_artifact
outputs/10_signed_staged_residual_symbolic_pilot/iteration_3/preflight_checks.csv,388,executed_research_artifact
outputs/10_signed_staged_residual_symbolic_pilot/iteration_3/run_configuration.json,608,executed_research_artifact
outputs/10_signed_staged_residual_symbolic_pilot/iteration_3/run_status.json,753,executed_research_artifact
outputs/10_signed_staged_residual_symbolic_pilot/iteration_3/selected_composite_formula.csv,3898,executed_research_artifact
outputs/10_signed_staged_residual_symbolic_pilot/iteration_3/selected_composite_formula.txt,3626,executed_research_artifact
outputs/10_signed_staged_residual_symbolic_pilot/iteration_3/selected_models_case_metrics.csv.gz,20888,executed_research_artifact
outputs/10_signed_staged_residual_symbolic_pilot/iteration_3/selected_models_split_metrics.csv,2653,executed_research_artifact
outputs/10_signed_staged_residual_symbolic_pilot/iteration_3/selected_models_tail_adaptation.csv,1004,executed_research_artifact
outputs/10_signed_staged_residual_symbolic_pilot/iteration_3/stages/stage_geometry/candidate_validation_metrics.csv,37374,executed_research_artifact
outputs/10_signed_staged_residual_symbolic_pilot/iteration_3/stages/stage_geometry/frontier.csv,31460,executed_research_artifact
outputs/10_signed_staged_residual_symbolic_pilot/iteration_3/stages/stage_geometry/full_validation_shortlist.csv,27153,executed_research_artifact
outputs/10_signed_staged_residual_symbolic_pilot/iteration_3/stages/stage_geometry/search_progress.json,322,executed_research_artifact
outputs/10_signed_staged_residual_symbolic_pilot/iteration_3/stages/stage_geometry/search_signature.json,3266,executed_research_artifact
outputs/10_signed_staged_residual_symbolic_pilot/iteration_3/stages/stage_geometry/search_state/pysr_runs/v10_i3_geometry_signed_residual_pilot/checkpoint.pkl,193430,executed_research_artifact
outputs/10_signed_staged_residual_symbolic_pilot/iteration_3/stages/stage_geometry/search_state/pysr_runs/v10_i3_geometry_signed_residual_pilot/hall_of_fame.csv,5096,executed_research_artifact
outputs/10_signed_staged_residual_symbolic_pilot/iteration_3/stages/stage_geometry/search_state/pysr_runs/v10_i3_geometry_signed_residual_pilot/hall_of_fame.csv.bak,5096,executed_research_artifact
outputs/10_signed_staged_residual_symbolic_pilot/iteration_3/stages/stage_geometry/search_state/stable_snapshots/segment_01/checkpoint.pkl,162506,executed_research_artifact
outputs/10_signed_staged_residual_symbolic_pilot/iteration_3/stages/stage_geometry/search_state/stable_snapshots/segment_01/hall_of_fame.csv,2786,executed_research_artifact
outputs/10_signed_staged_residual_symbolic_pilot/iteration_3/stages/stage_geometry/search_state/stable_snapshots/segment_02/checkpoint.pkl,120077,executed_research_artifact
outputs/10_signed_staged_residual_symbolic_pilot/iteration_3/stages/stage_geometry/search_state/stable_snapshots/segment_02/hall_of_fame.csv,2237,executed_research_artifact
outputs/10_signed_staged_residual_symbolic_pilot/iteration_3/stages/stage_geometry/search_state/stable_snapshots/segment_03/checkpoint.pkl,162631,executed_research_artifact
outputs/10_signed_staged_residual_symbolic_pilot/iteration_3/stages/stage_geometry/search_state/stable_snapshots/segment_03/hall_of_fame.csv,2184,executed_research_artifact
outputs/10_signed_staged_residual_symbolic_pilot/iteration_3/stages/stage_geometry/search_state/stable_snapshots/segment_04/checkpoint.pkl,207012,executed_research_artifact
outputs/10_signed_staged_residual_symbolic_pilot/iteration_3/stages/stage_geometry/search_state/stable_snapshots/segment_04/hall_of_fame.csv,3519,executed_research_artifact
outputs/10_signed_staged_residual_symbolic_pilot/iteration_3/stages/stage_geometry/search_state/stable_snapshots/segment_05/checkpoint.pkl,193430,executed_research_artifact
outputs/10_signed_staged_residual_symbolic_pilot/iteration_3/stages/stage_geometry/search_state/stable_snapshots/segment_05/hall_of_fame.csv,5096,executed_research_artifact
outputs/10_signed_staged_residual_symbolic_pilot/iteration_3/stages/stage_geometry/segment_attempt_audit.csv,665,executed_research_artifact
outputs/10_signed_staged_residual_symbolic_pilot/iteration_3/stages/stage_geometry/segments/segment_01/attempt_1/frontier.csv,16731,executed_research_artifact
outputs/10_signed_staged_residual_symbolic_pilot/iteration_3/stages/stage_geometry/segments/segment_01/attempt_1/worker_status.json,381,executed_research_artifact
outputs/10_signed_staged_residual_symbolic_pilot/iteration_3/stages/stage_geometry/segments/segment_01/attempt_1/worker_stderr.log,1127770,executed_research_artifact
outputs/10_signed_staged_residual_symbolic_pilot/iteration_3/stages/stage_geometry/segments/segment_01/attempt_1/worker_stdout.log,5013,executed_research_artifact
outputs/10_signed_staged_residual_symbolic_pilot/iteration_3/stages/stage_geometry/segments/segment_01/complete.json,161,executed_research_artifact
outputs/10_signed_staged_residual_symbolic_pilot/iteration_3/stages/stage_geometry/segments/segment_01/frontier.csv,16790,executed_research_artifact
outputs/10_signed_staged_residual_symbolic_pilot/iteration_3/stages/stage_geometry/segments/segment_01/watchdog_status.json,216,executed_research_artifact
outputs/10_signed_staged_residual_symbolic_pilot/iteration_3/stages/stage_geometry/segments/segment_02/attempt_1/frontier.csv,14062,executed_research_artifact
outputs/10_signed_staged_residual_symbolic_pilot/iteration_3/stages/stage_geometry/segments/segment_02/attempt_1/worker_status.json,390,executed_research_artifact
outputs/10_signed_staged_residual_symbolic_pilot/iteration_3/stages/stage_geometry/segments/segment_02/attempt_1/worker_stderr.log,1714995,executed_research_artifact
outputs/10_signed_staged_residual_symbolic_pilot/iteration_3/stages/stage_geometry/segments/segment_02/attempt_1/worker_stdout.log,4174,executed_research_artifact
outputs/10_signed_staged_residual_symbolic_pilot/iteration_3/stages/stage_geometry/segments/segment_02/complete.json,161,executed_research_artifact
outputs/10_signed_staged_residual_symbolic_pilot/iteration_3/stages/stage_geometry/segments/segment_02/frontier.csv,14120,executed_research_artifact
outputs/10_signed_staged_residual_symbolic_pilot/iteration_3/stages/stage_geometry/segments/segment_02/watchdog_status.json,215,executed_research_artifact
outputs/10_signed_staged_residual_symbolic_pilot/iteration_3/stages/stage_geometry/segments/segment_03/attempt_1/frontier.csv,13819,executed_research_artifact
outputs/10_signed_staged_residual_symbolic_pilot/iteration_3/stages/stage_geometry/segments/segment_03/attempt_1/worker_status.json,390,executed_research_artifact
outputs/10_signed_staged_residual_symbolic_pilot/iteration_3/stages/stage_geometry/segments/segment_03/attempt_1/worker_stderr.log,1822292,executed_research_artifact
outputs/10_signed_staged_residual_symbolic_pilot/iteration_3/stages/stage_geometry/segments/segment_03/attempt_1/worker_stdout.log,4118,executed_research_artifact
outputs/10_signed_staged_residual_symbolic_pilot/iteration_3/stages/stage_geometry/segments/segment_03/complete.json,160,executed_research_artifact
outputs/10_signed_staged_residual_symbolic_pilot/iteration_3/stages/stage_geometry/segments/segment_03/frontier.csv,13877,executed_research_artifact
outputs/10_signed_staged_residual_symbolic_pilot/iteration_3/stages/stage_geometry/segments/segment_03/watchdog_status.json,215,executed_research_artifact
outputs/10_signed_staged_residual_symbolic_pilot/iteration_3/stages/stage_geometry/segments/segment_04/attempt_1/frontier.csv,21658,executed_research_artifact
outputs/10_signed_staged_residual_symbolic_pilot/iteration_3/stages/stage_geometry/segments/segment_04/attempt_1/worker_status.json,390,executed_research_artifact
outputs/10_signed_staged_residual_symbolic_pilot/iteration_3/stages/stage_geometry/segments/segment_04/attempt_1/worker_stderr.log,2153343,executed_research_artifact
outputs/10_signed_staged_residual_symbolic_pilot/iteration_3/stages/stage_geometry/segments/segment_04/attempt_1/worker_stdout.log,5955,executed_research_artifact
outputs/10_signed_staged_residual_symbolic_pilot/iteration_3/stages/stage_geometry/segments/segment_04/complete.json,161,executed_research_artifact
outputs/10_signed_staged_residual_symbolic_pilot/iteration_3/stages/stage_geometry/segments/segment_04/frontier.csv,21724,executed_research_artifact
outputs/10_signed_staged_residual_symbolic_pilot/iteration_3/stages/stage_geometry/segments/segment_04/watchdog_status.json,215,executed_research_artifact
outputs/10_signed_staged_residual_symbolic_pilot/iteration_3/stages/stage_geometry/segments/segment_05/attempt_1/frontier.csv,30866,executed_research_artifact
outputs/10_signed_staged_residual_symbolic_pilot/iteration_3/stages/stage_geometry/segments/segment_05/attempt_1/worker_status.json,390,executed_research_artifact
outputs/10_signed_staged_residual_symbolic_pilot/iteration_3/stages/stage_geometry/segments/segment_05/attempt_1/worker_stderr.log,3018819,executed_research_artifact
outputs/10_signed_staged_residual_symbolic_pilot/iteration_3/stages/stage_geometry/segments/segment_05/attempt_1/worker_stdout.log,8204,executed_research_artifact
outputs/10_signed_staged_residual_symbolic_pilot/iteration_3/stages/stage_geometry/segments/segment_05/complete.json,161,executed_research_artifact
outputs/10_signed_staged_residual_symbolic_pilot/iteration_3/stages/stage_geometry/segments/segment_05/frontier.csv,30945,executed_research_artifact
outputs/10_signed_staged_residual_symbolic_pilot/iteration_3/stages/stage_geometry/segments/segment_05/watchdog_status.json,215,executed_research_artifact
outputs/10_signed_staged_residual_symbolic_pilot/iteration_3/stages/stage_geometry/selected_formula.csv,4538,executed_research_artifact
outputs/10_signed_staged_residual_symbolic_pilot/iteration_3/stages/stage_physical/candidate_validation_metrics.csv,29799,executed_research_artifact
outputs/10_signed_staged_residual_symbolic_pilot/iteration_3/stages/stage_physical/frontier.csv,20375,executed_research_artifact
outputs/10_signed_staged_residual_symbolic_pilot/iteration_3/stages/stage_physical/full_validation_shortlist.csv,20375,executed_research_artifact
outputs/10_signed_staged_residual_symbolic_pilot/iteration_3/stages/stage_physical/search_progress.json,322,executed_research_artifact
outputs/10_signed_staged_residual_symbolic_pilot/iteration_3/stages/stage_physical/search_signature.json,3369,executed_research_artifact
outputs/10_signed_staged_residual_symbolic_pilot/iteration_3/stages/stage_physical/search_state/pysr_runs/v10_i3_physical_signed_residual_pilot/checkpoint.pkl,146783,executed_research_artifact
outputs/10_signed_staged_residual_symbolic_pilot/iteration_3/stages/stage_physical/search_state/pysr_runs/v10_i3_physical_signed_residual_pilot/hall_of_fame.csv,3162,executed_research_artifact
outputs/10_signed_staged_residual_symbolic_pilot/iteration_3/stages/stage_physical/search_state/pysr_runs/v10_i3_physical_signed_residual_pilot/hall_of_fame.csv.bak,3162,executed_research_artifact
outputs/10_signed_staged_residual_symbolic_pilot/iteration_3/stages/stage_physical/search_state/stable_snapshots/segment_01/checkpoint.pkl,142600,executed_research_artifact
outputs/10_signed_staged_residual_symbolic_pilot/iteration_3/stages/stage_physical/search_state/stable_snapshots/segment_01/hall_of_fame.csv,3597,executed_research_artifact
outputs/10_signed_staged_residual_symbolic_pilot/iteration_3/stages/stage_physical/search_state/stable_snapshots/segment_02/checkpoint.pkl,138248,executed_research_artifact
outputs/10_signed_staged_residual_symbolic_pilot/iteration_3/stages/stage_physical/search_state/stable_snapshots/segment_02/hall_of_fame.csv,2855,executed_research_artifact
outputs/10_signed_staged_residual_symbolic_pilot/iteration_3/stages/stage_physical/search_state/stable_snapshots/segment_03/checkpoint.pkl,135341,executed_research_artifact
outputs/10_signed_staged_residual_symbolic_pilot/iteration_3/stages/stage_physical/search_state/stable_snapshots/segment_03/hall_of_fame.csv,3243,executed_research_artifact
outputs/10_signed_staged_residual_symbolic_pilot/iteration_3/stages/stage_physical/search_state/stable_snapshots/segment_04/checkpoint.pkl,175914,executed_research_artifact
outputs/10_signed_staged_residual_symbolic_pilot/iteration_3/stages/stage_physical/search_state/stable_snapshots/segment_04/hall_of_fame.csv,3631,executed_research_artifact
outputs/10_signed_staged_residual_symbolic_pilot/iteration_3/stages/stage_physical/search_state/stable_snapshots/segment_05/checkpoint.pkl,146783,executed_research_artifact
outputs/10_signed_staged_residual_symbolic_pilot/iteration_3/stages/stage_physical/search_state/stable_snapshots/segment_05/hall_of_fame.csv,3162,executed_research_artifact
outputs/10_signed_staged_residual_symbolic_pilot/iteration_3/stages/stage_physical/segment_attempt_audit.csv,663,executed_research_artifact
outputs/10_signed_staged_residual_symbolic_pilot/iteration_3/stages/stage_physical/segments/segment_01/attempt_1/frontier.csv,26271,executed_research_artifact
outputs/10_signed_staged_residual_symbolic_pilot/iteration_3/stages/stage_physical/segments/segment_01/attempt_1/worker_status.json,381,executed_research_artifact
outputs/10_signed_staged_residual_symbolic_pilot/iteration_3/stages/stage_physical/segments/segment_01/attempt_1/worker_stderr.log,1336739,executed_research_artifact
outputs/10_signed_staged_residual_symbolic_pilot/iteration_3/stages/stage_physical/segments/segment_01/attempt_1/worker_stdout.log,5920,executed_research_artifact
outputs/10_signed_staged_residual_symbolic_pilot/iteration_3/stages/stage_physical/segments/segment_01/complete.json,161,executed_research_artifact
outputs/10_signed_staged_residual_symbolic_pilot/iteration_3/stages/stage_physical/segments/segment_01/frontier.csv,26336,executed_research_artifact
outputs/10_signed_staged_residual_symbolic_pilot/iteration_3/stages/stage_physical/segments/segment_01/watchdog_status.json,216,executed_research_artifact
outputs/10_signed_staged_residual_symbolic_pilot/iteration_3/stages/stage_physical/segments/segment_02/attempt_1/frontier.csv,20942,executed_research_artifact
outputs/10_signed_staged_residual_symbolic_pilot/iteration_3/stages/stage_physical/segments/segment_02/attempt_1/worker_status.json,390,executed_research_artifact
outputs/10_signed_staged_residual_symbolic_pilot/iteration_3/stages/stage_physical/segments/segment_02/attempt_1/worker_stderr.log,1950683,executed_research_artifact
outputs/10_signed_staged_residual_symbolic_pilot/iteration_3/stages/stage_physical/segments/segment_02/attempt_1/worker_stdout.log,5044,executed_research_artifact
outputs/10_signed_staged_residual_symbolic_pilot/iteration_3/stages/stage_physical/segments/segment_02/complete.json,161,executed_research_artifact
outputs/10_signed_staged_residual_symbolic_pilot/iteration_3/stages/stage_physical/segments/segment_02/frontier.csv,21004,executed_research_artifact
outputs/10_signed_staged_residual_symbolic_pilot/iteration_3/stages/stage_physical/segments/segment_02/watchdog_status.json,215,executed_research_artifact
outputs/10_signed_staged_residual_symbolic_pilot/iteration_3/stages/stage_physical/segments/segment_03/attempt_1/frontier.csv,20156,executed_research_artifact
outputs/10_signed_staged_residual_symbolic_pilot/iteration_3/stages/stage_physical/segments/segment_03/attempt_1/worker_status.json,391,executed_research_artifact
outputs/10_signed_staged_residual_symbolic_pilot/iteration_3/stages/stage_physical/segments/segment_03/attempt_1/worker_stderr.log,1969448,executed_research_artifact
outputs/10_signed_staged_residual_symbolic_pilot/iteration_3/stages/stage_physical/segments/segment_03/attempt_1/worker_stdout.log,5599,executed_research_artifact
outputs/10_signed_staged_residual_symbolic_pilot/iteration_3/stages/stage_physical/segments/segment_03/complete.json,161,executed_research_artifact
outputs/10_signed_staged_residual_symbolic_pilot/iteration_3/stages/stage_physical/segments/segment_03/frontier.csv,20221,executed_research_artifact
outputs/10_signed_staged_residual_symbolic_pilot/iteration_3/stages/stage_physical/segments/segment_03/watchdog_status.json,216,executed_research_artifact
outputs/10_signed_staged_residual_symbolic_pilot/iteration_3/stages/stage_physical/segments/segment_04/attempt_1/frontier.csv,23351,executed_research_artifact
outputs/10_signed_staged_residual_symbolic_pilot/iteration_3/stages/stage_physical/segments/segment_04/attempt_1/worker_status.json,391,executed_research_artifact
outputs/10_signed_staged_residual_symbolic_pilot/iteration_3/stages/stage_physical/segments/segment_04/attempt_1/worker_stderr.log,1939680,executed_research_artifact
outputs/10_signed_staged_residual_symbolic_pilot/iteration_3/stages/stage_physical/segments/segment_04/attempt_1/worker_stdout.log,6142,executed_research_artifact
outputs/10_signed_staged_residual_symbolic_pilot/iteration_3/stages/stage_physical/segments/segment_04/complete.json,161,executed_research_artifact
outputs/10_signed_staged_residual_symbolic_pilot/iteration_3/stages/stage_physical/segments/segment_04/frontier.csv,23418,executed_research_artifact
outputs/10_signed_staged_residual_symbolic_pilot/iteration_3/stages/stage_physical/segments/segment_04/watchdog_status.json,215,executed_research_artifact
outputs/10_signed_staged_residual_symbolic_pilot/iteration_3/stages/stage_physical/segments/segment_05/attempt_1/frontier.csv,19907,executed_research_artifact
outputs/10_signed_staged_residual_symbolic_pilot/iteration_3/stages/stage_physical/segments/segment_05/attempt_1/worker_status.json,391,executed_research_artifact
outputs/10_signed_staged_residual_symbolic_pilot/iteration_3/stages/stage_physical/segments/segment_05/attempt_1/worker_stderr.log,2262283,executed_research_artifact
outputs/10_signed_staged_residual_symbolic_pilot/iteration_3/stages/stage_physical/segments/segment_05/attempt_1/worker_stdout.log,5439,executed_research_artifact
outputs/10_signed_staged_residual_symbolic_pilot/iteration_3/stages/stage_physical/segments/segment_05/complete.json,161,executed_research_artifact
outputs/10_signed_staged_residual_symbolic_pilot/iteration_3/stages/stage_physical/segments/segment_05/frontier.csv,19968,executed_research_artifact
outputs/10_signed_staged_residual_symbolic_pilot/iteration_3/stages/stage_physical/segments/segment_05/watchdog_status.json,215,executed_research_artifact
outputs/10_signed_staged_residual_symbolic_pilot/iteration_3/stages/stage_physical/selected_formula.csv,3204,executed_research_artifact
outputs/10_signed_staged_residual_symbolic_pilot/iteration_3/training_cache/all_v10_features.npy,95200128,executed_research_artifact
outputs/10_signed_staged_residual_symbolic_pilot/iteration_3/training_cache/cache_metadata.json,5194,executed_research_artifact
outputs/10_signed_staged_residual_symbolic_pilot/iteration_3/training_cache/deployable_normalised_residual_target.npy,2380128,executed_research_artifact
outputs/10_signed_staged_residual_symbolic_pilot/iteration_3/training_cache/remaining_after_geometry_residual.npy,2380128,executed_research_artifact
outputs/10_signed_staged_residual_symbolic_pilot/iteration_3/training_cache/stage_a_features.npy,66640128,executed_research_artifact
outputs/10_signed_staged_residual_symbolic_pilot/iteration_3/training_cache/stage_a_scaling.csv,1934,executed_research_artifact
outputs/10_signed_staged_residual_symbolic_pilot/iteration_3/training_cache/stage_b_cache_metadata.json,1221,executed_research_artifact
outputs/10_signed_staged_residual_symbolic_pilot/iteration_3/training_cache/stage_b_features.npy,69020128,executed_research_artifact
outputs/10_signed_staged_residual_symbolic_pilot/iteration_3/training_cache/stage_b_scaling.csv,2074,executed_research_artifact
outputs/10_signed_staged_residual_symbolic_pilot/iteration_3/training_cache/tier_mass_weights.npy,2380128,executed_research_artifact
outputs/10_signed_staged_residual_symbolic_pilot/iteration_3/training_cache/training_sample_audit.csv,55583,executed_research_artifact
outputs/10_signed_staged_residual_symbolic_pilot/iteration_3/training_cache/training_sample_manifest.csv.gz,2059394,executed_research_artifact
outputs/10_signed_staged_residual_symbolic_pilot/iteration_3/v10_selected_tail_adaptation.png,90779,executed_research_artifact
outputs/10_signed_staged_residual_symbolic_pilot/iteration_3/v10_validation_model_comparison.png,70159,executed_research_artifact
outputs/10_signed_staged_residual_symbolic_pilot/iteration_4/design_rationale.json,584,executed_research_artifact
outputs/10_signed_staged_residual_symbolic_pilot/iteration_4/feature_registry.csv,1519,executed_research_artifact
outputs/10_signed_staged_residual_symbolic_pilot/iteration_4/frozen_baseline_hash_audit.csv,1517,executed_research_artifact
outputs/10_signed_staged_residual_symbolic_pilot/iteration_4/pilot_complete.json,752,executed_research_artifact
outputs/10_signed_staged_residual_symbolic_pilot/iteration_4/preflight_checks.csv,388,executed_research_artifact
outputs/10_signed_staged_residual_symbolic_pilot/iteration_4/run_configuration.json,608,executed_research_artifact
outputs/10_signed_staged_residual_symbolic_pilot/iteration_4/run_status.json,752,executed_research_artifact
outputs/10_signed_staged_residual_symbolic_pilot/iteration_4/selected_composite_formula.csv,4985,executed_research_artifact
outputs/10_signed_staged_residual_symbolic_pilot/iteration_4/selected_composite_formula.txt,4350,executed_research_artifact
outputs/10_signed_staged_residual_symbolic_pilot/iteration_4/selected_models_case_metrics.csv.gz,20905,executed_research_artifact
outputs/10_signed_staged_residual_symbolic_pilot/iteration_4/selected_models_split_metrics.csv,2667,executed_research_artifact
outputs/10_signed_staged_residual_symbolic_pilot/iteration_4/selected_models_tail_adaptation.csv,1037,executed_research_artifact
outputs/10_signed_staged_residual_symbolic_pilot/iteration_4/stages/stage_geometry/candidate_validation_metrics.csv,40623,executed_research_artifact
outputs/10_signed_staged_residual_symbolic_pilot/iteration_4/stages/stage_geometry/frontier.csv,39179,executed_research_artifact
outputs/10_signed_staged_residual_symbolic_pilot/iteration_4/stages/stage_geometry/full_validation_shortlist.csv,30395,executed_research_artifact
outputs/10_signed_staged_residual_symbolic_pilot/iteration_4/stages/stage_geometry/search_progress.json,322,executed_research_artifact
outputs/10_signed_staged_residual_symbolic_pilot/iteration_4/stages/stage_geometry/search_signature.json,3262,executed_research_artifact
outputs/10_signed_staged_residual_symbolic_pilot/iteration_4/stages/stage_geometry/search_state/pysr_runs/v10_i4_geometry_signed_residual_pilot/checkpoint.pkl,188156,executed_research_artifact
outputs/10_signed_staged_residual_symbolic_pilot/iteration_4/stages/stage_geometry/search_state/pysr_runs/v10_i4_geometry_signed_residual_pilot/hall_of_fame.csv,6099,executed_research_artifact
outputs/10_signed_staged_residual_symbolic_pilot/iteration_4/stages/stage_geometry/search_state/pysr_runs/v10_i4_geometry_signed_residual_pilot/hall_of_fame.csv.bak,6099,executed_research_artifact
outputs/10_signed_staged_residual_symbolic_pilot/iteration_4/stages/stage_geometry/search_state/stable_snapshots/segment_01/checkpoint.pkl,165560,executed_research_artifact
outputs/10_signed_staged_residual_symbolic_pilot/iteration_4/stages/stage_geometry/search_state/stable_snapshots/segment_01/hall_of_fame.csv,5427,executed_research_artifact
outputs/10_signed_staged_residual_symbolic_pilot/iteration_4/stages/stage_geometry/search_state/stable_snapshots/segment_02/checkpoint.pkl,201871,executed_research_artifact
outputs/10_signed_staged_residual_symbolic_pilot/iteration_4/stages/stage_geometry/search_state/stable_snapshots/segment_02/hall_of_fame.csv,7706,executed_research_artifact
outputs/10_signed_staged_residual_symbolic_pilot/iteration_4/stages/stage_geometry/search_state/stable_snapshots/segment_03/checkpoint.pkl,172087,executed_research_artifact
outputs/10_signed_staged_residual_symbolic_pilot/iteration_4/stages/stage_geometry/search_state/stable_snapshots/segment_03/hall_of_fame.csv,5894,executed_research_artifact
outputs/10_signed_staged_residual_symbolic_pilot/iteration_4/stages/stage_geometry/search_state/stable_snapshots/segment_04/checkpoint.pkl,203602,executed_research_artifact
outputs/10_signed_staged_residual_symbolic_pilot/iteration_4/stages/stage_geometry/search_state/stable_snapshots/segment_04/hall_of_fame.csv,6706,executed_research_artifact
outputs/10_signed_staged_residual_symbolic_pilot/iteration_4/stages/stage_geometry/search_state/stable_snapshots/segment_05/checkpoint.pkl,188156,executed_research_artifact
outputs/10_signed_staged_residual_symbolic_pilot/iteration_4/stages/stage_geometry/search_state/stable_snapshots/segment_05/hall_of_fame.csv,6099,executed_research_artifact
outputs/10_signed_staged_residual_symbolic_pilot/iteration_4/stages/stage_geometry/segment_attempt_audit.csv,664,executed_research_artifact
outputs/10_signed_staged_residual_symbolic_pilot/iteration_4/stages/stage_geometry/segments/segment_01/attempt_1/frontier.csv,33872,executed_research_artifact
outputs/10_signed_staged_residual_symbolic_pilot/iteration_4/stages/stage_geometry/segments/segment_01/attempt_1/worker_status.json,381,executed_research_artifact
outputs/10_signed_staged_residual_symbolic_pilot/iteration_4/stages/stage_geometry/segments/segment_01/attempt_1/worker_stderr.log,2213187,executed_research_artifact
outputs/10_signed_staged_residual_symbolic_pilot/iteration_4/stages/stage_geometry/segments/segment_01/attempt_1/worker_stdout.log,9123,executed_research_artifact
outputs/10_signed_staged_residual_symbolic_pilot/iteration_4/stages/stage_geometry/segments/segment_01/complete.json,161,executed_research_artifact
outputs/10_signed_staged_residual_symbolic_pilot/iteration_4/stages/stage_geometry/segments/segment_01/frontier.csv,33943,executed_research_artifact
outputs/10_signed_staged_residual_symbolic_pilot/iteration_4/stages/stage_geometry/segments/segment_01/watchdog_status.json,213,executed_research_artifact
outputs/10_signed_staged_residual_symbolic_pilot/iteration_4/stages/stage_geometry/segments/segment_02/attempt_1/frontier.csv,47340,executed_research_artifact
outputs/10_signed_staged_residual_symbolic_pilot/iteration_4/stages/stage_geometry/segments/segment_02/attempt_1/worker_status.json,390,executed_research_artifact
outputs/10_signed_staged_residual_symbolic_pilot/iteration_4/stages/stage_geometry/segments/segment_02/attempt_1/worker_stderr.log,4982899,executed_research_artifact
outputs/10_signed_staged_residual_symbolic_pilot/iteration_4/stages/stage_geometry/segments/segment_02/attempt_1/worker_stdout.log,12693,executed_research_artifact
outputs/10_signed_staged_residual_symbolic_pilot/iteration_4/stages/stage_geometry/segments/segment_02/complete.json,161,executed_research_artifact
outputs/10_signed_staged_residual_symbolic_pilot/iteration_4/stages/stage_geometry/segments/segment_02/frontier.csv,47421,executed_research_artifact
outputs/10_signed_staged_residual_symbolic_pilot/iteration_4/stages/stage_geometry/segments/segment_02/watchdog_status.json,213,executed_research_artifact
outputs/10_signed_staged_residual_symbolic_pilot/iteration_4/stages/stage_geometry/segments/segment_03/attempt_1/frontier.csv,36664,executed_research_artifact
outputs/10_signed_staged_residual_symbolic_pilot/iteration_4/stages/stage_geometry/segments/segment_03/attempt_1/worker_status.json,390,executed_research_artifact
outputs/10_signed_staged_residual_symbolic_pilot/iteration_4/stages/stage_geometry/segments/segment_03/attempt_1/worker_stderr.log,5314941,executed_research_artifact
outputs/10_signed_staged_residual_symbolic_pilot/iteration_4/stages/stage_geometry/segments/segment_03/attempt_1/worker_stdout.log,9773,executed_research_artifact
outputs/10_signed_staged_residual_symbolic_pilot/iteration_4/stages/stage_geometry/segments/segment_03/complete.json,160,executed_research_artifact
outputs/10_signed_staged_residual_symbolic_pilot/iteration_4/stages/stage_geometry/segments/segment_03/frontier.csv,36737,executed_research_artifact
outputs/10_signed_staged_residual_symbolic_pilot/iteration_4/stages/stage_geometry/segments/segment_03/watchdog_status.json,214,executed_research_artifact
outputs/10_signed_staged_residual_symbolic_pilot/iteration_4/stages/stage_geometry/segments/segment_04/attempt_1/frontier.csv,41924,executed_research_artifact
outputs/10_signed_staged_residual_symbolic_pilot/iteration_4/stages/stage_geometry/segments/segment_04/attempt_1/worker_status.json,390,executed_research_artifact
outputs/10_signed_staged_residual_symbolic_pilot/iteration_4/stages/stage_geometry/segments/segment_04/attempt_1/worker_stderr.log,5196117,executed_research_artifact
outputs/10_signed_staged_residual_symbolic_pilot/iteration_4/stages/stage_geometry/segments/segment_04/attempt_1/worker_stdout.log,11013,executed_research_artifact
outputs/10_signed_staged_residual_symbolic_pilot/iteration_4/stages/stage_geometry/segments/segment_04/complete.json,161,executed_research_artifact
outputs/10_signed_staged_residual_symbolic_pilot/iteration_4/stages/stage_geometry/segments/segment_04/frontier.csv,42017,executed_research_artifact
outputs/10_signed_staged_residual_symbolic_pilot/iteration_4/stages/stage_geometry/segments/segment_04/watchdog_status.json,214,executed_research_artifact
outputs/10_signed_staged_residual_symbolic_pilot/iteration_4/stages/stage_geometry/segments/segment_05/attempt_1/frontier.csv,38525,executed_research_artifact
outputs/10_signed_staged_residual_symbolic_pilot/iteration_4/stages/stage_geometry/segments/segment_05/attempt_1/worker_status.json,390,executed_research_artifact
outputs/10_signed_staged_residual_symbolic_pilot/iteration_4/stages/stage_geometry/segments/segment_05/attempt_1/worker_stderr.log,4507440,executed_research_artifact
outputs/10_signed_staged_residual_symbolic_pilot/iteration_4/stages/stage_geometry/segments/segment_05/attempt_1/worker_stdout.log,9998,executed_research_artifact
outputs/10_signed_staged_residual_symbolic_pilot/iteration_4/stages/stage_geometry/segments/segment_05/complete.json,161,executed_research_artifact
outputs/10_signed_staged_residual_symbolic_pilot/iteration_4/stages/stage_geometry/segments/segment_05/frontier.csv,38610,executed_research_artifact
outputs/10_signed_staged_residual_symbolic_pilot/iteration_4/stages/stage_geometry/segments/segment_05/watchdog_status.json,214,executed_research_artifact
outputs/10_signed_staged_residual_symbolic_pilot/iteration_4/stages/stage_geometry/selected_formula.csv,5618,executed_research_artifact
outputs/10_signed_staged_residual_symbolic_pilot/iteration_4/stages/stage_physical/candidate_validation_metrics.csv,29318,executed_research_artifact
outputs/10_signed_staged_residual_symbolic_pilot/iteration_4/stages/stage_physical/frontier.csv,20444,executed_research_artifact
outputs/10_signed_staged_residual_symbolic_pilot/iteration_4/stages/stage_physical/full_validation_shortlist.csv,20444,executed_research_artifact
outputs/10_signed_staged_residual_symbolic_pilot/iteration_4/stages/stage_physical/search_progress.json,322,executed_research_artifact
outputs/10_signed_staged_residual_symbolic_pilot/iteration_4/stages/stage_physical/search_signature.json,3365,executed_research_artifact
outputs/10_signed_staged_residual_symbolic_pilot/iteration_4/stages/stage_physical/search_state/pysr_runs/v10_i4_physical_signed_residual_pilot/checkpoint.pkl,128308,executed_research_artifact
outputs/10_signed_staged_residual_symbolic_pilot/iteration_4/stages/stage_physical/search_state/pysr_runs/v10_i4_physical_signed_residual_pilot/hall_of_fame.csv,3062,executed_research_artifact
outputs/10_signed_staged_residual_symbolic_pilot/iteration_4/stages/stage_physical/search_state/pysr_runs/v10_i4_physical_signed_residual_pilot/hall_of_fame.csv.bak,3062,executed_research_artifact
outputs/10_signed_staged_residual_symbolic_pilot/iteration_4/stages/stage_physical/search_state/stable_snapshots/segment_01/checkpoint.pkl,140612,executed_research_artifact
outputs/10_signed_staged_residual_symbolic_pilot/iteration_4/stages/stage_physical/search_state/stable_snapshots/segment_01/hall_of_fame.csv,1592,executed_research_artifact
outputs/10_signed_staged_residual_symbolic_pilot/iteration_4/stages/stage_physical/search_state/stable_snapshots/segment_02/checkpoint.pkl,123398,executed_research_artifact
outputs/10_signed_staged_residual_symbolic_pilot/iteration_4/stages/stage_physical/search_state/stable_snapshots/segment_02/hall_of_fame.csv,4111,executed_research_artifact
outputs/10_signed_staged_residual_symbolic_pilot/iteration_4/stages/stage_physical/search_state/stable_snapshots/segment_03/checkpoint.pkl,124172,executed_research_artifact
outputs/10_signed_staged_residual_symbolic_pilot/iteration_4/stages/stage_physical/search_state/stable_snapshots/segment_03/hall_of_fame.csv,3053,executed_research_artifact
outputs/10_signed_staged_residual_symbolic_pilot/iteration_4/stages/stage_physical/search_state/stable_snapshots/segment_04/checkpoint.pkl,136909,executed_research_artifact
outputs/10_signed_staged_residual_symbolic_pilot/iteration_4/stages/stage_physical/search_state/stable_snapshots/segment_04/hall_of_fame.csv,3075,executed_research_artifact
outputs/10_signed_staged_residual_symbolic_pilot/iteration_4/stages/stage_physical/search_state/stable_snapshots/segment_05/checkpoint.pkl,128308,executed_research_artifact
outputs/10_signed_staged_residual_symbolic_pilot/iteration_4/stages/stage_physical/search_state/stable_snapshots/segment_05/hall_of_fame.csv,3062,executed_research_artifact
outputs/10_signed_staged_residual_symbolic_pilot/iteration_4/stages/stage_physical/segment_attempt_audit.csv,663,executed_research_artifact
outputs/10_signed_staged_residual_symbolic_pilot/iteration_4/stages/stage_physical/segments/segment_01/attempt_1/frontier.csv,9468,executed_research_artifact
outputs/10_signed_staged_residual_symbolic_pilot/iteration_4/stages/stage_physical/segments/segment_01/attempt_1/worker_status.json,380,executed_research_artifact
outputs/10_signed_staged_residual_symbolic_pilot/iteration_4/stages/stage_physical/segments/segment_01/attempt_1/worker_stderr.log,699743,executed_research_artifact
outputs/10_signed_staged_residual_symbolic_pilot/iteration_4/stages/stage_physical/segments/segment_01/attempt_1/worker_stdout.log,3004,executed_research_artifact
outputs/10_signed_staged_residual_symbolic_pilot/iteration_4/stages/stage_physical/segments/segment_01/complete.json,161,executed_research_artifact
outputs/10_signed_staged_residual_symbolic_pilot/iteration_4/stages/stage_physical/segments/segment_01/frontier.csv,9519,executed_research_artifact
outputs/10_signed_staged_residual_symbolic_pilot/iteration_4/stages/stage_physical/segments/segment_01/watchdog_status.json,213,executed_research_artifact
outputs/10_signed_staged_residual_symbolic_pilot/iteration_4/stages/stage_physical/segments/segment_02/attempt_1/frontier.csv,26122,executed_research_artifact
outputs/10_signed_staged_residual_symbolic_pilot/iteration_4/stages/stage_physical/segments/segment_02/attempt_1/worker_status.json,390,executed_research_artifact
outputs/10_signed_staged_residual_symbolic_pilot/iteration_4/stages/stage_physical/segments/segment_02/attempt_1/worker_stderr.log,1684063,executed_research_artifact
outputs/10_signed_staged_residual_symbolic_pilot/iteration_4/stages/stage_physical/segments/segment_02/attempt_1/worker_stdout.log,6752,executed_research_artifact
outputs/10_signed_staged_residual_symbolic_pilot/iteration_4/stages/stage_physical/segments/segment_02/complete.json,160,executed_research_artifact
outputs/10_signed_staged_residual_symbolic_pilot/iteration_4/stages/stage_physical/segments/segment_02/frontier.csv,26181,executed_research_artifact
outputs/10_signed_staged_residual_symbolic_pilot/iteration_4/stages/stage_physical/segments/segment_02/watchdog_status.json,214,executed_research_artifact
outputs/10_signed_staged_residual_symbolic_pilot/iteration_4/stages/stage_physical/segments/segment_03/attempt_1/frontier.csv,19675,executed_research_artifact
outputs/10_signed_staged_residual_symbolic_pilot/iteration_4/stages/stage_physical/segments/segment_03/attempt_1/worker_status.json,390,executed_research_artifact
outputs/10_signed_staged_residual_symbolic_pilot/iteration_4/stages/stage_physical/segments/segment_03/attempt_1/worker_stderr.log,2440179,executed_research_artifact
outputs/10_signed_staged_residual_symbolic_pilot/iteration_4/stages/stage_physical/segments/segment_03/attempt_1/worker_stdout.log,5220,executed_research_artifact
outputs/10_signed_staged_residual_symbolic_pilot/iteration_4/stages/stage_physical/segments/segment_03/complete.json,161,executed_research_artifact
outputs/10_signed_staged_residual_symbolic_pilot/iteration_4/stages/stage_physical/segments/segment_03/frontier.csv,19735,executed_research_artifact
outputs/10_signed_staged_residual_symbolic_pilot/iteration_4/stages/stage_physical/segments/segment_03/watchdog_status.json,214,executed_research_artifact
outputs/10_signed_staged_residual_symbolic_pilot/iteration_4/stages/stage_physical/segments/segment_04/attempt_1/frontier.csv,20096,executed_research_artifact
outputs/10_signed_staged_residual_symbolic_pilot/iteration_4/stages/stage_physical/segments/segment_04/attempt_1/worker_status.json,390,executed_research_artifact
outputs/10_signed_staged_residual_symbolic_pilot/iteration_4/stages/stage_physical/segments/segment_04/attempt_1/worker_stderr.log,2369417,executed_research_artifact
outputs/10_signed_staged_residual_symbolic_pilot/iteration_4/stages/stage_physical/segments/segment_04/attempt_1/worker_stdout.log,5378,executed_research_artifact
outputs/10_signed_staged_residual_symbolic_pilot/iteration_4/stages/stage_physical/segments/segment_04/complete.json,161,executed_research_artifact
outputs/10_signed_staged_residual_symbolic_pilot/iteration_4/stages/stage_physical/segments/segment_04/frontier.csv,20157,executed_research_artifact
outputs/10_signed_staged_residual_symbolic_pilot/iteration_4/stages/stage_physical/segments/segment_04/watchdog_status.json,214,executed_research_artifact
outputs/10_signed_staged_residual_symbolic_pilot/iteration_4/stages/stage_physical/segments/segment_05/attempt_1/frontier.csv,20005,executed_research_artifact
outputs/10_signed_staged_residual_symbolic_pilot/iteration_4/stages/stage_physical/segments/segment_05/attempt_1/worker_status.json,390,executed_research_artifact
outputs/10_signed_staged_residual_symbolic_pilot/iteration_4/stages/stage_physical/segments/segment_05/attempt_1/worker_stderr.log,2440443,executed_research_artifact
outputs/10_signed_staged_residual_symbolic_pilot/iteration_4/stages/stage_physical/segments/segment_05/attempt_1/worker_stdout.log,5318,executed_research_artifact
outputs/10_signed_staged_residual_symbolic_pilot/iteration_4/stages/stage_physical/segments/segment_05/complete.json,161,executed_research_artifact
outputs/10_signed_staged_residual_symbolic_pilot/iteration_4/stages/stage_physical/segments/segment_05/frontier.csv,20064,executed_research_artifact
outputs/10_signed_staged_residual_symbolic_pilot/iteration_4/stages/stage_physical/segments/segment_05/watchdog_status.json,214,executed_research_artifact
outputs/10_signed_staged_residual_symbolic_pilot/iteration_4/stages/stage_physical/selected_formula.csv,3921,executed_research_artifact
outputs/10_signed_staged_residual_symbolic_pilot/iteration_4/training_cache/all_v10_features.npy,95200128,executed_research_artifact
outputs/10_signed_staged_residual_symbolic_pilot/iteration_4/training_cache/cache_metadata.json,5189,executed_research_artifact
outputs/10_signed_staged_residual_symbolic_pilot/iteration_4/training_cache/deployable_normalised_residual_target.npy,2380128,executed_research_artifact
outputs/10_signed_staged_residual_symbolic_pilot/iteration_4/training_cache/remaining_after_geometry_residual.npy,2380128,executed_research_artifact
outputs/10_signed_staged_residual_symbolic_pilot/iteration_4/training_cache/stage_a_features.npy,66640128,executed_research_artifact
outputs/10_signed_staged_residual_symbolic_pilot/iteration_4/training_cache/stage_a_scaling.csv,1942,executed_research_artifact
outputs/10_signed_staged_residual_symbolic_pilot/iteration_4/training_cache/stage_b_cache_metadata.json,1219,executed_research_artifact
outputs/10_signed_staged_residual_symbolic_pilot/iteration_4/training_cache/stage_b_features.npy,69020128,executed_research_artifact
outputs/10_signed_staged_residual_symbolic_pilot/iteration_4/training_cache/stage_b_scaling.csv,2081,executed_research_artifact
outputs/10_signed_staged_residual_symbolic_pilot/iteration_4/training_cache/tier_mass_weights.npy,2380128,executed_research_artifact
outputs/10_signed_staged_residual_symbolic_pilot/iteration_4/training_cache/training_sample_audit.csv,55547,executed_research_artifact
outputs/10_signed_staged_residual_symbolic_pilot/iteration_4/training_cache/training_sample_manifest.csv.gz,2058593,executed_research_artifact
outputs/10_signed_staged_residual_symbolic_pilot/iteration_4/v10_selected_tail_adaptation.png,92789,executed_research_artifact
outputs/10_signed_staged_residual_symbolic_pilot/iteration_4/v10_validation_model_comparison.png,105547,executed_research_artifact
outputs/11_tail_aware_localised_symbolic/iteration_1/design_rationale.json,712,executed_research_artifact
outputs/11_tail_aware_localised_symbolic/iteration_1/feature_registry.csv,1941,executed_research_artifact
outputs/11_tail_aware_localised_symbolic/iteration_1/pilot_complete.json,641,executed_research_artifact
outputs/11_tail_aware_localised_symbolic/iteration_1/preflight_checks.csv,4986,executed_research_artifact
outputs/11_tail_aware_localised_symbolic/iteration_1/run_configuration.json,532,executed_research_artifact
outputs/11_tail_aware_localised_symbolic/iteration_1/run_status.json,664,executed_research_artifact
outputs/11_tail_aware_localised_symbolic/iteration_1/selected_composite_formula.csv,3887,executed_research_artifact
outputs/11_tail_aware_localised_symbolic/iteration_1/selected_composite_formula.txt,8584,executed_research_artifact
outputs/11_tail_aware_localised_symbolic/iteration_1/selected_models_case_metrics.csv.gz,19814,executed_research_artifact
outputs/11_tail_aware_localised_symbolic/iteration_1/selected_models_split_metrics.csv,2668,executed_research_artifact
outputs/11_tail_aware_localised_symbolic/iteration_1/selected_models_tail_adaptation.csv,1018,executed_research_artifact
outputs/11_tail_aware_localised_symbolic/iteration_1/stages/stage_tail_localised/candidate_validation_metrics.csv,29911,executed_research_artifact
outputs/11_tail_aware_localised_symbolic/iteration_1/stages/stage_tail_localised/frontier.csv,20538,executed_research_artifact
outputs/11_tail_aware_localised_symbolic/iteration_1/stages/stage_tail_localised/full_validation_shortlist.csv,20538,executed_research_artifact
outputs/11_tail_aware_localised_symbolic/iteration_1/stages/stage_tail_localised/search_progress.json,299,executed_research_artifact
outputs/11_tail_aware_localised_symbolic/iteration_1/stages/stage_tail_localised/search_signature.json,4732,executed_research_artifact
outputs/11_tail_aware_localised_symbolic/iteration_1/stages/stage_tail_localised/search_state/pysr_runs/v11_i1_tail_aware_localised_residual/checkpoint.pkl,164924,executed_research_artifact
outputs/11_tail_aware_localised_symbolic/iteration_1/stages/stage_tail_localised/search_state/pysr_runs/v11_i1_tail_aware_localised_residual/hall_of_fame.csv,2674,executed_research_artifact
outputs/11_tail_aware_localised_symbolic/iteration_1/stages/stage_tail_localised/search_state/pysr_runs/v11_i1_tail_aware_localised_residual/hall_of_fame.csv.bak,2674,executed_research_artifact
outputs/11_tail_aware_localised_symbolic/iteration_1/stages/stage_tail_localised/search_state/stable_snapshots/segment_01/checkpoint.pkl,123198,executed_research_artifact
outputs/11_tail_aware_localised_symbolic/iteration_1/stages/stage_tail_localised/search_state/stable_snapshots/segment_01/hall_of_fame.csv,1665,executed_research_artifact
outputs/11_tail_aware_localised_symbolic/iteration_1/stages/stage_tail_localised/search_state/stable_snapshots/segment_02/checkpoint.pkl,147744,executed_research_artifact
outputs/11_tail_aware_localised_symbolic/iteration_1/stages/stage_tail_localised/search_state/stable_snapshots/segment_02/hall_of_fame.csv,3524,executed_research_artifact
outputs/11_tail_aware_localised_symbolic/iteration_1/stages/stage_tail_localised/search_state/stable_snapshots/segment_03/checkpoint.pkl,181061,executed_research_artifact
outputs/11_tail_aware_localised_symbolic/iteration_1/stages/stage_tail_localised/search_state/stable_snapshots/segment_03/hall_of_fame.csv,2364,executed_research_artifact
outputs/11_tail_aware_localised_symbolic/iteration_1/stages/stage_tail_localised/search_state/stable_snapshots/segment_04/checkpoint.pkl,159535,executed_research_artifact
outputs/11_tail_aware_localised_symbolic/iteration_1/stages/stage_tail_localised/search_state/stable_snapshots/segment_04/hall_of_fame.csv,2364,executed_research_artifact
outputs/11_tail_aware_localised_symbolic/iteration_1/stages/stage_tail_localised/search_state/stable_snapshots/segment_05/checkpoint.pkl,164924,executed_research_artifact
outputs/11_tail_aware_localised_symbolic/iteration_1/stages/stage_tail_localised/search_state/stable_snapshots/segment_05/hall_of_fame.csv,2674,executed_research_artifact
outputs/11_tail_aware_localised_symbolic/iteration_1/stages/stage_tail_localised/segment_attempt_audit.csv,612,executed_research_artifact
outputs/11_tail_aware_localised_symbolic/iteration_1/stages/stage_tail_localised/segments/segment_01/attempt_1/frontier.csv,10735,executed_research_artifact
outputs/11_tail_aware_localised_symbolic/iteration_1/stages/stage_tail_localised/segments/segment_01/attempt_1/worker_status.json,355,executed_research_artifact
outputs/11_tail_aware_localised_symbolic/iteration_1/stages/stage_tail_localised/segments/segment_01/attempt_1/worker_stderr.log,985721,executed_research_artifact
outputs/11_tail_aware_localised_symbolic/iteration_1/stages/stage_tail_localised/segments/segment_01/attempt_1/worker_stdout.log,2850,executed_research_artifact
outputs/11_tail_aware_localised_symbolic/iteration_1/stages/stage_tail_localised/segments/segment_01/complete.json,137,executed_research_artifact
outputs/11_tail_aware_localised_symbolic/iteration_1/stages/stage_tail_localised/segments/segment_01/frontier.csv,10790,executed_research_artifact
outputs/11_tail_aware_localised_symbolic/iteration_1/stages/stage_tail_localised/segments/segment_01/watchdog_status.json,191,executed_research_artifact
outputs/11_tail_aware_localised_symbolic/iteration_1/stages/stage_tail_localised/segments/segment_02/attempt_1/frontier.csv,24805,executed_research_artifact
outputs/11_tail_aware_localised_symbolic/iteration_1/stages/stage_tail_localised/segments/segment_02/attempt_1/worker_status.json,364,executed_research_artifact
outputs/11_tail_aware_localised_symbolic/iteration_1/stages/stage_tail_localised/segments/segment_02/attempt_1/worker_stderr.log,1572461,executed_research_artifact
outputs/11_tail_aware_localised_symbolic/iteration_1/stages/stage_tail_localised/segments/segment_02/attempt_1/worker_stdout.log,5424,executed_research_artifact
outputs/11_tail_aware_localised_symbolic/iteration_1/stages/stage_tail_localised/segments/segment_02/complete.json,138,executed_research_artifact
outputs/11_tail_aware_localised_symbolic/iteration_1/stages/stage_tail_localised/segments/segment_02/frontier.csv,24875,executed_research_artifact
outputs/11_tail_aware_localised_symbolic/iteration_1/stages/stage_tail_localised/segments/segment_02/watchdog_status.json,191,executed_research_artifact
outputs/11_tail_aware_localised_symbolic/iteration_1/stages/stage_tail_localised/segments/segment_03/attempt_1/frontier.csv,17725,executed_research_artifact
outputs/11_tail_aware_localised_symbolic/iteration_1/stages/stage_tail_localised/segments/segment_03/attempt_1/worker_status.json,364,executed_research_artifact
outputs/11_tail_aware_localised_symbolic/iteration_1/stages/stage_tail_localised/segments/segment_03/attempt_1/worker_stderr.log,1873369,executed_research_artifact
outputs/11_tail_aware_localised_symbolic/iteration_1/stages/stage_tail_localised/segments/segment_03/attempt_1/worker_stdout.log,3877,executed_research_artifact
outputs/11_tail_aware_localised_symbolic/iteration_1/stages/stage_tail_localised/segments/segment_03/complete.json,138,executed_research_artifact
outputs/11_tail_aware_localised_symbolic/iteration_1/stages/stage_tail_localised/segments/segment_03/frontier.csv,17789,executed_research_artifact
outputs/11_tail_aware_localised_symbolic/iteration_1/stages/stage_tail_localised/segments/segment_03/watchdog_status.json,191,executed_research_artifact
outputs/11_tail_aware_localised_symbolic/iteration_1/stages/stage_tail_localised/segments/segment_04/attempt_1/frontier.csv,17590,executed_research_artifact
outputs/11_tail_aware_localised_symbolic/iteration_1/stages/stage_tail_localised/segments/segment_04/attempt_1/worker_status.json,363,executed_research_artifact
outputs/11_tail_aware_localised_symbolic/iteration_1/stages/stage_tail_localised/segments/segment_04/attempt_1/worker_stderr.log,1537903,executed_research_artifact
outputs/11_tail_aware_localised_symbolic/iteration_1/stages/stage_tail_localised/segments/segment_04/attempt_1/worker_stdout.log,3878,executed_research_artifact
outputs/11_tail_aware_localised_symbolic/iteration_1/stages/stage_tail_localised/segments/segment_04/complete.json,138,executed_research_artifact
outputs/11_tail_aware_localised_symbolic/iteration_1/stages/stage_tail_localised/segments/segment_04/frontier.csv,17656,executed_research_artifact
outputs/11_tail_aware_localised_symbolic/iteration_1/stages/stage_tail_localised/segments/segment_04/watchdog_status.json,191,executed_research_artifact
outputs/11_tail_aware_localised_symbolic/iteration_1/stages/stage_tail_localised/segments/segment_05/attempt_1/frontier.csv,19945,executed_research_artifact
outputs/11_tail_aware_localised_symbolic/iteration_1/stages/stage_tail_localised/segments/segment_05/attempt_1/worker_status.json,364,executed_research_artifact
outputs/11_tail_aware_localised_symbolic/iteration_1/stages/stage_tail_localised/segments/segment_05/attempt_1/worker_stderr.log,1657129,executed_research_artifact
outputs/11_tail_aware_localised_symbolic/iteration_1/stages/stage_tail_localised/segments/segment_05/attempt_1/worker_stdout.log,4260,executed_research_artifact
outputs/11_tail_aware_localised_symbolic/iteration_1/stages/stage_tail_localised/segments/segment_05/complete.json,138,executed_research_artifact
outputs/11_tail_aware_localised_symbolic/iteration_1/stages/stage_tail_localised/segments/segment_05/frontier.csv,20014,executed_research_artifact
outputs/11_tail_aware_localised_symbolic/iteration_1/stages/stage_tail_localised/segments/segment_05/watchdog_status.json,191,executed_research_artifact
outputs/11_tail_aware_localised_symbolic/iteration_1/stages/stage_tail_localised/selected_formula.csv,5005,executed_research_artifact
outputs/11_tail_aware_localised_symbolic/iteration_1/training_cache/cache_metadata.json,5121,executed_research_artifact
outputs/11_tail_aware_localised_symbolic/iteration_1/training_cache/hotspot_rbf_centres.csv,579,executed_research_artifact
outputs/11_tail_aware_localised_symbolic/iteration_1/training_cache/mean_calibration_model.json,880,executed_research_artifact
outputs/11_tail_aware_localised_symbolic/iteration_1/training_cache/mean_calibration_training_audit.csv,8338,executed_research_artifact
outputs/11_tail_aware_localised_symbolic/iteration_1/training_cache/tail_weight_audit.csv,293,executed_research_artifact
outputs/11_tail_aware_localised_symbolic/iteration_1/training_cache/v11_centered_tail_target.npy,2380128,executed_research_artifact
outputs/11_tail_aware_localised_symbolic/iteration_1/training_cache/v11_tail_features.npy,95200128,executed_research_artifact
outputs/11_tail_aware_localised_symbolic/iteration_1/training_cache/v11_tail_scaling.csv,2831,executed_research_artifact
outputs/11_tail_aware_localised_symbolic/iteration_1/training_cache/v11_tail_weights.npy,2380128,executed_research_artifact
outputs/11_tail_aware_localised_symbolic/iteration_1/v10_input_hash_audit.csv,3164,executed_research_artifact
outputs/11_tail_aware_localised_symbolic/iteration_1/v11_selected_tail_adaptation.png,95209,executed_research_artifact
outputs/11_tail_aware_localised_symbolic/iteration_1/v11_validation_model_comparison.png,87685,executed_research_artifact
outputs/11_tail_aware_localised_symbolic/iteration_2/design_rationale.json,712,executed_research_artifact
outputs/11_tail_aware_localised_symbolic/iteration_2/feature_registry.csv,1941,executed_research_artifact
outputs/11_tail_aware_localised_symbolic/iteration_2/pilot_complete.json,641,executed_research_artifact
outputs/11_tail_aware_localised_symbolic/iteration_2/preflight_checks.csv,4974,executed_research_artifact
outputs/11_tail_aware_localised_symbolic/iteration_2/run_configuration.json,532,executed_research_artifact
outputs/11_tail_aware_localised_symbolic/iteration_2/run_status.json,664,executed_research_artifact
outputs/11_tail_aware_localised_symbolic/iteration_2/selected_composite_formula.csv,3177,executed_research_artifact
outputs/11_tail_aware_localised_symbolic/iteration_2/selected_composite_formula.txt,7489,executed_research_artifact
outputs/11_tail_aware_localised_symbolic/iteration_2/selected_models_case_metrics.csv.gz,19841,executed_research_artifact
outputs/11_tail_aware_localised_symbolic/iteration_2/selected_models_split_metrics.csv,2686,executed_research_artifact
outputs/11_tail_aware_localised_symbolic/iteration_2/selected_models_tail_adaptation.csv,1060,executed_research_artifact
outputs/11_tail_aware_localised_symbolic/iteration_2/stages/stage_tail_localised/candidate_validation_metrics.csv,30088,executed_research_artifact
outputs/11_tail_aware_localised_symbolic/iteration_2/stages/stage_tail_localised/frontier.csv,20061,executed_research_artifact
outputs/11_tail_aware_localised_symbolic/iteration_2/stages/stage_tail_localised/full_validation_shortlist.csv,20061,executed_research_artifact
outputs/11_tail_aware_localised_symbolic/iteration_2/stages/stage_tail_localised/search_progress.json,299,executed_research_artifact
outputs/11_tail_aware_localised_symbolic/iteration_2/stages/stage_tail_localised/search_signature.json,4726,executed_research_artifact
outputs/11_tail_aware_localised_symbolic/iteration_2/stages/stage_tail_localised/search_state/pysr_runs/v11_i2_tail_aware_localised_residual/checkpoint.pkl,199973,executed_research_artifact
outputs/11_tail_aware_localised_symbolic/iteration_2/stages/stage_tail_localised/search_state/pysr_runs/v11_i2_tail_aware_localised_residual/hall_of_fame.csv,3281,executed_research_artifact
outputs/11_tail_aware_localised_symbolic/iteration_2/stages/stage_tail_localised/search_state/pysr_runs/v11_i2_tail_aware_localised_residual/hall_of_fame.csv.bak,3281,executed_research_artifact
outputs/11_tail_aware_localised_symbolic/iteration_2/stages/stage_tail_localised/search_state/stable_snapshots/segment_01/checkpoint.pkl,170545,executed_research_artifact
outputs/11_tail_aware_localised_symbolic/iteration_2/stages/stage_tail_localised/search_state/stable_snapshots/segment_01/hall_of_fame.csv,2617,executed_research_artifact
outputs/11_tail_aware_localised_symbolic/iteration_2/stages/stage_tail_localised/search_state/stable_snapshots/segment_02/checkpoint.pkl,200428,executed_research_artifact
outputs/11_tail_aware_localised_symbolic/iteration_2/stages/stage_tail_localised/search_state/stable_snapshots/segment_02/hall_of_fame.csv,2898,executed_research_artifact
outputs/11_tail_aware_localised_symbolic/iteration_2/stages/stage_tail_localised/search_state/stable_snapshots/segment_03/checkpoint.pkl,184487,executed_research_artifact
outputs/11_tail_aware_localised_symbolic/iteration_2/stages/stage_tail_localised/search_state/stable_snapshots/segment_03/hall_of_fame.csv,3927,executed_research_artifact
outputs/11_tail_aware_localised_symbolic/iteration_2/stages/stage_tail_localised/search_state/stable_snapshots/segment_04/checkpoint.pkl,167016,executed_research_artifact
outputs/11_tail_aware_localised_symbolic/iteration_2/stages/stage_tail_localised/search_state/stable_snapshots/segment_04/hall_of_fame.csv,3421,executed_research_artifact
outputs/11_tail_aware_localised_symbolic/iteration_2/stages/stage_tail_localised/search_state/stable_snapshots/segment_05/checkpoint.pkl,199973,executed_research_artifact
outputs/11_tail_aware_localised_symbolic/iteration_2/stages/stage_tail_localised/search_state/stable_snapshots/segment_05/hall_of_fame.csv,3281,executed_research_artifact
outputs/11_tail_aware_localised_symbolic/iteration_2/stages/stage_tail_localised/segment_attempt_audit.csv,614,executed_research_artifact
outputs/11_tail_aware_localised_symbolic/iteration_2/stages/stage_tail_localised/segments/segment_01/attempt_1/frontier.csv,17190,executed_research_artifact
outputs/11_tail_aware_localised_symbolic/iteration_2/stages/stage_tail_localised/segments/segment_01/attempt_1/worker_status.json,355,executed_research_artifact
outputs/11_tail_aware_localised_symbolic/iteration_2/stages/stage_tail_localised/segments/segment_01/attempt_1/worker_stderr.log,1444500,executed_research_artifact
outputs/11_tail_aware_localised_symbolic/iteration_2/stages/stage_tail_localised/segments/segment_01/attempt_1/worker_stdout.log,4061,executed_research_artifact
outputs/11_tail_aware_localised_symbolic/iteration_2/stages/stage_tail_localised/segments/segment_01/complete.json,138,executed_research_artifact
outputs/11_tail_aware_localised_symbolic/iteration_2/stages/stage_tail_localised/segments/segment_01/frontier.csv,17248,executed_research_artifact
outputs/11_tail_aware_localised_symbolic/iteration_2/stages/stage_tail_localised/segments/segment_01/watchdog_status.json,192,executed_research_artifact
outputs/11_tail_aware_localised_symbolic/iteration_2/stages/stage_tail_localised/segments/segment_02/attempt_1/frontier.csv,19109,executed_research_artifact
outputs/11_tail_aware_localised_symbolic/iteration_2/stages/stage_tail_localised/segments/segment_02/attempt_1/worker_status.json,364,executed_research_artifact
outputs/11_tail_aware_localised_symbolic/iteration_2/stages/stage_tail_localised/segments/segment_02/attempt_1/worker_stderr.log,2115597,executed_research_artifact
outputs/11_tail_aware_localised_symbolic/iteration_2/stages/stage_tail_localised/segments/segment_02/attempt_1/worker_stdout.log,4502,executed_research_artifact
outputs/11_tail_aware_localised_symbolic/iteration_2/stages/stage_tail_localised/segments/segment_02/complete.json,138,executed_research_artifact
outputs/11_tail_aware_localised_symbolic/iteration_2/stages/stage_tail_localised/segments/segment_02/frontier.csv,19170,executed_research_artifact
outputs/11_tail_aware_localised_symbolic/iteration_2/stages/stage_tail_localised/segments/segment_02/watchdog_status.json,192,executed_research_artifact
outputs/11_tail_aware_localised_symbolic/iteration_2/stages/stage_tail_localised/segments/segment_03/attempt_1/frontier.csv,26337,executed_research_artifact
outputs/11_tail_aware_localised_symbolic/iteration_2/stages/stage_tail_localised/segments/segment_03/attempt_1/worker_status.json,364,executed_research_artifact
outputs/11_tail_aware_localised_symbolic/iteration_2/stages/stage_tail_localised/segments/segment_03/attempt_1/worker_stderr.log,2026992,executed_research_artifact
outputs/11_tail_aware_localised_symbolic/iteration_2/stages/stage_tail_localised/segments/segment_03/attempt_1/worker_stdout.log,5819,executed_research_artifact
outputs/11_tail_aware_localised_symbolic/iteration_2/stages/stage_tail_localised/segments/segment_03/complete.json,138,executed_research_artifact
outputs/11_tail_aware_localised_symbolic/iteration_2/stages/stage_tail_localised/segments/segment_03/frontier.csv,26399,executed_research_artifact
outputs/11_tail_aware_localised_symbolic/iteration_2/stages/stage_tail_localised/segments/segment_03/watchdog_status.json,192,executed_research_artifact
outputs/11_tail_aware_localised_symbolic/iteration_2/stages/stage_tail_localised/segments/segment_04/attempt_1/frontier.csv,21244,executed_research_artifact
outputs/11_tail_aware_localised_symbolic/iteration_2/stages/stage_tail_localised/segments/segment_04/attempt_1/worker_status.json,364,executed_research_artifact
outputs/11_tail_aware_localised_symbolic/iteration_2/stages/stage_tail_localised/segments/segment_04/attempt_1/worker_stderr.log,2160401,executed_research_artifact
outputs/11_tail_aware_localised_symbolic/iteration_2/stages/stage_tail_localised/segments/segment_04/attempt_1/worker_stdout.log,5161,executed_research_artifact
outputs/11_tail_aware_localised_symbolic/iteration_2/stages/stage_tail_localised/segments/segment_04/complete.json,138,executed_research_artifact
outputs/11_tail_aware_localised_symbolic/iteration_2/stages/stage_tail_localised/segments/segment_04/frontier.csv,21310,executed_research_artifact
outputs/11_tail_aware_localised_symbolic/iteration_2/stages/stage_tail_localised/segments/segment_04/watchdog_status.json,192,executed_research_artifact
outputs/11_tail_aware_localised_symbolic/iteration_2/stages/stage_tail_localised/segments/segment_05/attempt_1/frontier.csv,19439,executed_research_artifact
outputs/11_tail_aware_localised_symbolic/iteration_2/stages/stage_tail_localised/segments/segment_05/attempt_1/worker_status.json,364,executed_research_artifact
outputs/11_tail_aware_localised_symbolic/iteration_2/stages/stage_tail_localised/segments/segment_05/attempt_1/worker_stderr.log,2304053,executed_research_artifact
outputs/11_tail_aware_localised_symbolic/iteration_2/stages/stage_tail_localised/segments/segment_05/attempt_1/worker_stdout.log,4957,executed_research_artifact
outputs/11_tail_aware_localised_symbolic/iteration_2/stages/stage_tail_localised/segments/segment_05/complete.json,138,executed_research_artifact
outputs/11_tail_aware_localised_symbolic/iteration_2/stages/stage_tail_localised/segments/segment_05/frontier.csv,19504,executed_research_artifact
outputs/11_tail_aware_localised_symbolic/iteration_2/stages/stage_tail_localised/segments/segment_05/watchdog_status.json,192,executed_research_artifact
outputs/11_tail_aware_localised_symbolic/iteration_2/stages/stage_tail_localised/selected_formula.csv,3637,executed_research_artifact
outputs/11_tail_aware_localised_symbolic/iteration_2/training_cache/cache_metadata.json,5115,executed_research_artifact
outputs/11_tail_aware_localised_symbolic/iteration_2/training_cache/hotspot_rbf_centres.csv,564,executed_research_artifact
outputs/11_tail_aware_localised_symbolic/iteration_2/training_cache/mean_calibration_model.json,879,executed_research_artifact
outputs/11_tail_aware_localised_symbolic/iteration_2/training_cache/mean_calibration_training_audit.csv,8285,executed_research_artifact
outputs/11_tail_aware_localised_symbolic/iteration_2/training_cache/tail_weight_audit.csv,293,executed_research_artifact
outputs/11_tail_aware_localised_symbolic/iteration_2/training_cache/v11_centered_tail_target.npy,2380128,executed_research_artifact
outputs/11_tail_aware_localised_symbolic/iteration_2/training_cache/v11_tail_features.npy,95200128,executed_research_artifact
outputs/11_tail_aware_localised_symbolic/iteration_2/training_cache/v11_tail_scaling.csv,2842,executed_research_artifact
outputs/11_tail_aware_localised_symbolic/iteration_2/training_cache/v11_tail_weights.npy,2380128,executed_research_artifact
outputs/11_tail_aware_localised_symbolic/iteration_2/v10_input_hash_audit.csv,2416,executed_research_artifact
outputs/11_tail_aware_localised_symbolic/iteration_2/v11_selected_tail_adaptation.png,95121,executed_research_artifact
outputs/11_tail_aware_localised_symbolic/iteration_2/v11_validation_model_comparison.png,85346,executed_research_artifact
outputs/11_tail_aware_localised_symbolic/iteration_3/design_rationale.json,712,executed_research_artifact
outputs/11_tail_aware_localised_symbolic/iteration_3/feature_registry.csv,1941,executed_research_artifact
outputs/11_tail_aware_localised_symbolic/iteration_3/pilot_complete.json,642,executed_research_artifact
outputs/11_tail_aware_localised_symbolic/iteration_3/preflight_checks.csv,4976,executed_research_artifact
outputs/11_tail_aware_localised_symbolic/iteration_3/run_configuration.json,532,executed_research_artifact
outputs/11_tail_aware_localised_symbolic/iteration_3/run_status.json,665,executed_research_artifact
outputs/11_tail_aware_localised_symbolic/iteration_3/selected_composite_formula.csv,3453,executed_research_artifact
outputs/11_tail_aware_localised_symbolic/iteration_3/selected_composite_formula.txt,7610,executed_research_artifact
outputs/11_tail_aware_localised_symbolic/iteration_3/selected_models_case_metrics.csv.gz,19862,executed_research_artifact
outputs/11_tail_aware_localised_symbolic/iteration_3/selected_models_split_metrics.csv,2687,executed_research_artifact
outputs/11_tail_aware_localised_symbolic/iteration_3/selected_models_tail_adaptation.csv,1029,executed_research_artifact
outputs/11_tail_aware_localised_symbolic/iteration_3/stages/stage_tail_localised/candidate_validation_metrics.csv,17482,executed_research_artifact
outputs/11_tail_aware_localised_symbolic/iteration_3/stages/stage_tail_localised/frontier.csv,10777,executed_research_artifact
outputs/11_tail_aware_localised_symbolic/iteration_3/stages/stage_tail_localised/full_validation_shortlist.csv,10777,executed_research_artifact
outputs/11_tail_aware_localised_symbolic/iteration_3/stages/stage_tail_localised/search_progress.json,299,executed_research_artifact
outputs/11_tail_aware_localised_symbolic/iteration_3/stages/stage_tail_localised/search_signature.json,4727,executed_research_artifact
outputs/11_tail_aware_localised_symbolic/iteration_3/stages/stage_tail_localised/search_state/pysr_runs/v11_i3_tail_aware_localised_residual/checkpoint.pkl,151868,executed_research_artifact
outputs/11_tail_aware_localised_symbolic/iteration_3/stages/stage_tail_localised/search_state/pysr_runs/v11_i3_tail_aware_localised_residual/hall_of_fame.csv,1659,executed_research_artifact
outputs/11_tail_aware_localised_symbolic/iteration_3/stages/stage_tail_localised/search_state/pysr_runs/v11_i3_tail_aware_localised_residual/hall_of_fame.csv.bak,1659,executed_research_artifact
outputs/11_tail_aware_localised_symbolic/iteration_3/stages/stage_tail_localised/search_state/stable_snapshots/segment_01/checkpoint.pkl,152616,executed_research_artifact
outputs/11_tail_aware_localised_symbolic/iteration_3/stages/stage_tail_localised/search_state/stable_snapshots/segment_01/hall_of_fame.csv,1766,executed_research_artifact
outputs/11_tail_aware_localised_symbolic/iteration_3/stages/stage_tail_localised/search_state/stable_snapshots/segment_02/checkpoint.pkl,125681,executed_research_artifact
outputs/11_tail_aware_localised_symbolic/iteration_3/stages/stage_tail_localised/search_state/stable_snapshots/segment_02/hall_of_fame.csv,2090,executed_research_artifact
outputs/11_tail_aware_localised_symbolic/iteration_3/stages/stage_tail_localised/search_state/stable_snapshots/segment_03/checkpoint.pkl,130016,executed_research_artifact
outputs/11_tail_aware_localised_symbolic/iteration_3/stages/stage_tail_localised/search_state/stable_snapshots/segment_03/hall_of_fame.csv,1987,executed_research_artifact
outputs/11_tail_aware_localised_symbolic/iteration_3/stages/stage_tail_localised/search_state/stable_snapshots/segment_04/checkpoint.pkl,132137,executed_research_artifact
outputs/11_tail_aware_localised_symbolic/iteration_3/stages/stage_tail_localised/search_state/stable_snapshots/segment_04/hall_of_fame.csv,1678,executed_research_artifact
outputs/11_tail_aware_localised_symbolic/iteration_3/stages/stage_tail_localised/search_state/stable_snapshots/segment_05/checkpoint.pkl,151868,executed_research_artifact
outputs/11_tail_aware_localised_symbolic/iteration_3/stages/stage_tail_localised/search_state/stable_snapshots/segment_05/hall_of_fame.csv,1659,executed_research_artifact
outputs/11_tail_aware_localised_symbolic/iteration_3/stages/stage_tail_localised/segment_attempt_audit.csv,614,executed_research_artifact
outputs/11_tail_aware_localised_symbolic/iteration_3/stages/stage_tail_localised/segments/segment_01/attempt_1/frontier.csv,11844,executed_research_artifact
outputs/11_tail_aware_localised_symbolic/iteration_3/stages/stage_tail_localised/segments/segment_01/attempt_1/worker_status.json,355,executed_research_artifact
outputs/11_tail_aware_localised_symbolic/iteration_3/stages/stage_tail_localised/segments/segment_01/attempt_1/worker_stderr.log,1432632,executed_research_artifact
outputs/11_tail_aware_localised_symbolic/iteration_3/stages/stage_tail_localised/segments/segment_01/attempt_1/worker_stdout.log,3443,executed_research_artifact
outputs/11_tail_aware_localised_symbolic/iteration_3/stages/stage_tail_localised/segments/segment_01/complete.json,138,executed_research_artifact
outputs/11_tail_aware_localised_symbolic/iteration_3/stages/stage_tail_localised/segments/segment_01/frontier.csv,11899,executed_research_artifact
outputs/11_tail_aware_localised_symbolic/iteration_3/stages/stage_tail_localised/segments/segment_01/watchdog_status.json,192,executed_research_artifact
outputs/11_tail_aware_localised_symbolic/iteration_3/stages/stage_tail_localised/segments/segment_02/attempt_1/frontier.csv,13614,executed_research_artifact
outputs/11_tail_aware_localised_symbolic/iteration_3/stages/stage_tail_localised/segments/segment_02/attempt_1/worker_status.json,364,executed_research_artifact
outputs/11_tail_aware_localised_symbolic/iteration_3/stages/stage_tail_localised/segments/segment_02/attempt_1/worker_stderr.log,1486996,executed_research_artifact
outputs/11_tail_aware_localised_symbolic/iteration_3/stages/stage_tail_localised/segments/segment_02/attempt_1/worker_stdout.log,3838,executed_research_artifact
outputs/11_tail_aware_localised_symbolic/iteration_3/stages/stage_tail_localised/segments/segment_02/complete.json,138,executed_research_artifact
outputs/11_tail_aware_localised_symbolic/iteration_3/stages/stage_tail_localised/segments/segment_02/frontier.csv,13669,executed_research_artifact
outputs/11_tail_aware_localised_symbolic/iteration_3/stages/stage_tail_localised/segments/segment_02/watchdog_status.json,192,executed_research_artifact
outputs/11_tail_aware_localised_symbolic/iteration_3/stages/stage_tail_localised/segments/segment_03/attempt_1/frontier.csv,12334,executed_research_artifact
outputs/11_tail_aware_localised_symbolic/iteration_3/stages/stage_tail_localised/segments/segment_03/attempt_1/worker_status.json,364,executed_research_artifact
outputs/11_tail_aware_localised_symbolic/iteration_3/stages/stage_tail_localised/segments/segment_03/attempt_1/worker_stderr.log,1586371,executed_research_artifact
outputs/11_tail_aware_localised_symbolic/iteration_3/stages/stage_tail_localised/segments/segment_03/attempt_1/worker_stdout.log,3585,executed_research_artifact
outputs/11_tail_aware_localised_symbolic/iteration_3/stages/stage_tail_localised/segments/segment_03/complete.json,138,executed_research_artifact
outputs/11_tail_aware_localised_symbolic/iteration_3/stages/stage_tail_localised/segments/segment_03/frontier.csv,12391,executed_research_artifact
outputs/11_tail_aware_localised_symbolic/iteration_3/stages/stage_tail_localised/segments/segment_03/watchdog_status.json,192,executed_research_artifact
outputs/11_tail_aware_localised_symbolic/iteration_3/stages/stage_tail_localised/segments/segment_04/attempt_1/frontier.csv,10511,executed_research_artifact
outputs/11_tail_aware_localised_symbolic/iteration_3/stages/stage_tail_localised/segments/segment_04/attempt_1/worker_status.json,364,executed_research_artifact
outputs/11_tail_aware_localised_symbolic/iteration_3/stages/stage_tail_localised/segments/segment_04/attempt_1/worker_stderr.log,1387331,executed_research_artifact
outputs/11_tail_aware_localised_symbolic/iteration_3/stages/stage_tail_localised/segments/segment_04/attempt_1/worker_stdout.log,3164,executed_research_artifact
outputs/11_tail_aware_localised_symbolic/iteration_3/stages/stage_tail_localised/segments/segment_04/complete.json,138,executed_research_artifact
outputs/11_tail_aware_localised_symbolic/iteration_3/stages/stage_tail_localised/segments/segment_04/frontier.csv,10567,executed_research_artifact
outputs/11_tail_aware_localised_symbolic/iteration_3/stages/stage_tail_localised/segments/segment_04/watchdog_status.json,192,executed_research_artifact
outputs/11_tail_aware_localised_symbolic/iteration_3/stages/stage_tail_localised/segments/segment_05/attempt_1/frontier.csv,10361,executed_research_artifact
outputs/11_tail_aware_localised_symbolic/iteration_3/stages/stage_tail_localised/segments/segment_05/attempt_1/worker_status.json,363,executed_research_artifact
outputs/11_tail_aware_localised_symbolic/iteration_3/stages/stage_tail_localised/segments/segment_05/attempt_1/worker_stderr.log,1518216,executed_research_artifact
outputs/11_tail_aware_localised_symbolic/iteration_3/stages/stage_tail_localised/segments/segment_05/attempt_1/worker_stdout.log,3141,executed_research_artifact
outputs/11_tail_aware_localised_symbolic/iteration_3/stages/stage_tail_localised/segments/segment_05/complete.json,138,executed_research_artifact
outputs/11_tail_aware_localised_symbolic/iteration_3/stages/stage_tail_localised/segments/segment_05/frontier.csv,10418,executed_research_artifact
outputs/11_tail_aware_localised_symbolic/iteration_3/stages/stage_tail_localised/segments/segment_05/watchdog_status.json,192,executed_research_artifact
outputs/11_tail_aware_localised_symbolic/iteration_3/stages/stage_tail_localised/selected_formula.csv,3969,executed_research_artifact
outputs/11_tail_aware_localised_symbolic/iteration_3/training_cache/cache_metadata.json,5101,executed_research_artifact
outputs/11_tail_aware_localised_symbolic/iteration_3/training_cache/hotspot_rbf_centres.csv,566,executed_research_artifact
outputs/11_tail_aware_localised_symbolic/iteration_3/training_cache/mean_calibration_model.json,864,executed_research_artifact
outputs/11_tail_aware_localised_symbolic/iteration_3/training_cache/mean_calibration_training_audit.csv,8272,executed_research_artifact
outputs/11_tail_aware_localised_symbolic/iteration_3/training_cache/tail_weight_audit.csv,293,executed_research_artifact
outputs/11_tail_aware_localised_symbolic/iteration_3/training_cache/v11_centered_tail_target.npy,2380128,executed_research_artifact
outputs/11_tail_aware_localised_symbolic/iteration_3/training_cache/v11_tail_features.npy,95200128,executed_research_artifact
outputs/11_tail_aware_localised_symbolic/iteration_3/training_cache/v11_tail_scaling.csv,2837,executed_research_artifact
outputs/11_tail_aware_localised_symbolic/iteration_3/training_cache/v11_tail_weights.npy,2380128,executed_research_artifact
outputs/11_tail_aware_localised_symbolic/iteration_3/v10_input_hash_audit.csv,2416,executed_research_artifact
outputs/11_tail_aware_localised_symbolic/iteration_3/v11_selected_tail_adaptation.png,94881,executed_research_artifact
outputs/11_tail_aware_localised_symbolic/iteration_3/v11_validation_model_comparison.png,87765,executed_research_artifact
outputs/11_tail_aware_localised_symbolic/iteration_4/design_rationale.json,712,executed_research_artifact
outputs/11_tail_aware_localised_symbolic/iteration_4/feature_registry.csv,1941,executed_research_artifact
outputs/11_tail_aware_localised_symbolic/iteration_4/pilot_complete.json,643,executed_research_artifact
outputs/11_tail_aware_localised_symbolic/iteration_4/preflight_checks.csv,4968,executed_research_artifact
outputs/11_tail_aware_localised_symbolic/iteration_4/run_configuration.json,532,executed_research_artifact
outputs/11_tail_aware_localised_symbolic/iteration_4/run_status.json,666,executed_research_artifact
outputs/11_tail_aware_localised_symbolic/iteration_4/selected_composite_formula.csv,2840,executed_research_artifact
outputs/11_tail_aware_localised_symbolic/iteration_4/selected_composite_formula.txt,7732,executed_research_artifact
outputs/11_tail_aware_localised_symbolic/iteration_4/selected_models_case_metrics.csv.gz,14859,executed_research_artifact
outputs/11_tail_aware_localised_symbolic/iteration_4/selected_models_split_metrics.csv,2685,executed_research_artifact
outputs/11_tail_aware_localised_symbolic/iteration_4/selected_models_tail_adaptation.csv,1063,executed_research_artifact
outputs/11_tail_aware_localised_symbolic/iteration_4/stages/stage_tail_localised/candidate_validation_metrics.csv,41234,executed_research_artifact
outputs/11_tail_aware_localised_symbolic/iteration_4/stages/stage_tail_localised/frontier.csv,32894,executed_research_artifact
outputs/11_tail_aware_localised_symbolic/iteration_4/stages/stage_tail_localised/full_validation_shortlist.csv,29047,executed_research_artifact
outputs/11_tail_aware_localised_symbolic/iteration_4/stages/stage_tail_localised/search_progress.json,299,executed_research_artifact
outputs/11_tail_aware_localised_symbolic/iteration_4/stages/stage_tail_localised/search_signature.json,4723,executed_research_artifact
outputs/11_tail_aware_localised_symbolic/iteration_4/stages/stage_tail_localised/search_state/pysr_runs/v11_i4_tail_aware_localised_residual/checkpoint.pkl,178612,executed_research_artifact
outputs/11_tail_aware_localised_symbolic/iteration_4/stages/stage_tail_localised/search_state/pysr_runs/v11_i4_tail_aware_localised_residual/hall_of_fame.csv,4526,executed_research_artifact
outputs/11_tail_aware_localised_symbolic/iteration_4/stages/stage_tail_localised/search_state/pysr_runs/v11_i4_tail_aware_localised_residual/hall_of_fame.csv.bak,4526,executed_research_artifact
outputs/11_tail_aware_localised_symbolic/iteration_4/stages/stage_tail_localised/search_state/stable_snapshots/segment_01/checkpoint.pkl,86233,executed_research_artifact
outputs/11_tail_aware_localised_symbolic/iteration_4/stages/stage_tail_localised/search_state/stable_snapshots/segment_01/hall_of_fame.csv,2091,executed_research_artifact
outputs/11_tail_aware_localised_symbolic/iteration_4/stages/stage_tail_localised/search_state/stable_snapshots/segment_02/checkpoint.pkl,222346,executed_research_artifact
outputs/11_tail_aware_localised_symbolic/iteration_4/stages/stage_tail_localised/search_state/stable_snapshots/segment_02/hall_of_fame.csv,2726,executed_research_artifact
outputs/11_tail_aware_localised_symbolic/iteration_4/stages/stage_tail_localised/search_state/stable_snapshots/segment_03/checkpoint.pkl,136698,executed_research_artifact
outputs/11_tail_aware_localised_symbolic/iteration_4/stages/stage_tail_localised/search_state/stable_snapshots/segment_03/hall_of_fame.csv,4080,executed_research_artifact
outputs/11_tail_aware_localised_symbolic/iteration_4/stages/stage_tail_localised/search_state/stable_snapshots/segment_04/checkpoint.pkl,157951,executed_research_artifact
outputs/11_tail_aware_localised_symbolic/iteration_4/stages/stage_tail_localised/search_state/stable_snapshots/segment_04/hall_of_fame.csv,4493,executed_research_artifact
outputs/11_tail_aware_localised_symbolic/iteration_4/stages/stage_tail_localised/search_state/stable_snapshots/segment_05/checkpoint.pkl,178612,executed_research_artifact
outputs/11_tail_aware_localised_symbolic/iteration_4/stages/stage_tail_localised/search_state/stable_snapshots/segment_05/hall_of_fame.csv,4526,executed_research_artifact
outputs/11_tail_aware_localised_symbolic/iteration_4/stages/stage_tail_localised/segment_attempt_audit.csv,614,executed_research_artifact
outputs/11_tail_aware_localised_symbolic/iteration_4/stages/stage_tail_localised/segments/segment_01/attempt_1/frontier.csv,13734,executed_research_artifact
outputs/11_tail_aware_localised_symbolic/iteration_4/stages/stage_tail_localised/segments/segment_01/attempt_1/worker_status.json,355,executed_research_artifact
outputs/11_tail_aware_localised_symbolic/iteration_4/stages/stage_tail_localised/segments/segment_01/attempt_1/worker_stderr.log,1626860,executed_research_artifact
outputs/11_tail_aware_localised_symbolic/iteration_4/stages/stage_tail_localised/segments/segment_01/attempt_1/worker_stdout.log,3424,executed_research_artifact
outputs/11_tail_aware_localised_symbolic/iteration_4/stages/stage_tail_localised/segments/segment_01/complete.json,138,executed_research_artifact
outputs/11_tail_aware_localised_symbolic/iteration_4/stages/stage_tail_localised/segments/segment_01/frontier.csv,13789,executed_research_artifact
outputs/11_tail_aware_localised_symbolic/iteration_4/stages/stage_tail_localised/segments/segment_01/watchdog_status.json,190,executed_research_artifact
outputs/11_tail_aware_localised_symbolic/iteration_4/stages/stage_tail_localised/segments/segment_02/attempt_1/frontier.csv,18510,executed_research_artifact
outputs/11_tail_aware_localised_symbolic/iteration_4/stages/stage_tail_localised/segments/segment_02/attempt_1/worker_status.json,364,executed_research_artifact
outputs/11_tail_aware_localised_symbolic/iteration_4/stages/stage_tail_localised/segments/segment_02/attempt_1/worker_stderr.log,1728738,executed_research_artifact
outputs/11_tail_aware_localised_symbolic/iteration_4/stages/stage_tail_localised/segments/segment_02/attempt_1/worker_stdout.log,4339,executed_research_artifact
outputs/11_tail_aware_localised_symbolic/iteration_4/stages/stage_tail_localised/segments/segment_02/complete.json,138,executed_research_artifact
outputs/11_tail_aware_localised_symbolic/iteration_4/stages/stage_tail_localised/segments/segment_02/frontier.csv,18568,executed_research_artifact
outputs/11_tail_aware_localised_symbolic/iteration_4/stages/stage_tail_localised/segments/segment_02/watchdog_status.json,191,executed_research_artifact
outputs/11_tail_aware_localised_symbolic/iteration_4/stages/stage_tail_localised/segments/segment_03/attempt_1/frontier.csv,26199,executed_research_artifact
outputs/11_tail_aware_localised_symbolic/iteration_4/stages/stage_tail_localised/segments/segment_03/attempt_1/worker_status.json,364,executed_research_artifact
outputs/11_tail_aware_localised_symbolic/iteration_4/stages/stage_tail_localised/segments/segment_03/attempt_1/worker_stderr.log,2342510,executed_research_artifact
outputs/11_tail_aware_localised_symbolic/iteration_4/stages/stage_tail_localised/segments/segment_03/attempt_1/worker_stdout.log,6109,executed_research_artifact
outputs/11_tail_aware_localised_symbolic/iteration_4/stages/stage_tail_localised/segments/segment_03/complete.json,137,executed_research_artifact
outputs/11_tail_aware_localised_symbolic/iteration_4/stages/stage_tail_localised/segments/segment_03/frontier.csv,26260,executed_research_artifact
outputs/11_tail_aware_localised_symbolic/iteration_4/stages/stage_tail_localised/segments/segment_03/watchdog_status.json,191,executed_research_artifact
outputs/11_tail_aware_localised_symbolic/iteration_4/stages/stage_tail_localised/segments/segment_04/attempt_1/frontier.csv,30763,executed_research_artifact
outputs/11_tail_aware_localised_symbolic/iteration_4/stages/stage_tail_localised/segments/segment_04/attempt_1/worker_status.json,364,executed_research_artifact
outputs/11_tail_aware_localised_symbolic/iteration_4/stages/stage_tail_localised/segments/segment_04/attempt_1/worker_stderr.log,3274255,executed_research_artifact
outputs/11_tail_aware_localised_symbolic/iteration_4/stages/stage_tail_localised/segments/segment_04/attempt_1/worker_stdout.log,6749,executed_research_artifact
outputs/11_tail_aware_localised_symbolic/iteration_4/stages/stage_tail_localised/segments/segment_04/complete.json,138,executed_research_artifact
outputs/11_tail_aware_localised_symbolic/iteration_4/stages/stage_tail_localised/segments/segment_04/frontier.csv,30839,executed_research_artifact
outputs/11_tail_aware_localised_symbolic/iteration_4/stages/stage_tail_localised/segments/segment_04/watchdog_status.json,191,executed_research_artifact
outputs/11_tail_aware_localised_symbolic/iteration_4/stages/stage_tail_localised/segments/segment_05/attempt_1/frontier.csv,32089,executed_research_artifact
outputs/11_tail_aware_localised_symbolic/iteration_4/stages/stage_tail_localised/segments/segment_05/attempt_1/worker_status.json,364,executed_research_artifact
outputs/11_tail_aware_localised_symbolic/iteration_4/stages/stage_tail_localised/segments/segment_05/attempt_1/worker_stderr.log,3688159,executed_research_artifact
outputs/11_tail_aware_localised_symbolic/iteration_4/stages/stage_tail_localised/segments/segment_05/attempt_1/worker_stdout.log,6839,executed_research_artifact
outputs/11_tail_aware_localised_symbolic/iteration_4/stages/stage_tail_localised/segments/segment_05/complete.json,138,executed_research_artifact
outputs/11_tail_aware_localised_symbolic/iteration_4/stages/stage_tail_localised/segments/segment_05/frontier.csv,32172,executed_research_artifact
outputs/11_tail_aware_localised_symbolic/iteration_4/stages/stage_tail_localised/segments/segment_05/watchdog_status.json,191,executed_research_artifact
outputs/11_tail_aware_localised_symbolic/iteration_4/stages/stage_tail_localised/selected_formula.csv,2465,executed_research_artifact
outputs/11_tail_aware_localised_symbolic/iteration_4/training_cache/cache_metadata.json,5113,executed_research_artifact
outputs/11_tail_aware_localised_symbolic/iteration_4/training_cache/hotspot_rbf_centres.csv,578,executed_research_artifact
outputs/11_tail_aware_localised_symbolic/iteration_4/training_cache/mean_calibration_model.json,881,executed_research_artifact
outputs/11_tail_aware_localised_symbolic/iteration_4/training_cache/mean_calibration_training_audit.csv,8294,executed_research_artifact
outputs/11_tail_aware_localised_symbolic/iteration_4/training_cache/tail_weight_audit.csv,293,executed_research_artifact
outputs/11_tail_aware_localised_symbolic/iteration_4/training_cache/v11_centered_tail_target.npy,2380128,executed_research_artifact
outputs/11_tail_aware_localised_symbolic/iteration_4/training_cache/v11_tail_features.npy,95200128,executed_research_artifact
outputs/11_tail_aware_localised_symbolic/iteration_4/training_cache/v11_tail_scaling.csv,2833,executed_research_artifact
outputs/11_tail_aware_localised_symbolic/iteration_4/training_cache/v11_tail_weights.npy,2380128,executed_research_artifact
outputs/11_tail_aware_localised_symbolic/iteration_4/v10_input_hash_audit.csv,2416,executed_research_artifact
outputs/11_tail_aware_localised_symbolic/iteration_4/v11_selected_tail_adaptation.png,91926,executed_research_artifact
outputs/11_tail_aware_localised_symbolic/iteration_4/v11_validation_model_comparison.png,63043,executed_research_artifact
outputs/12_v11_gain_stability_audit/iteration_1/audit_complete.json,708,executed_research_artifact
outputs/12_v11_gain_stability_audit/iteration_1/audit_signature.json,2328,executed_research_artifact
outputs/12_v11_gain_stability_audit/iteration_1/case_cache/internal_test/case_06.csv,3661,executed_research_artifact
outputs/12_v11_gain_stability_audit/iteration_1/case_cache/internal_test/case_102.csv,3633,executed_research_artifact
outputs/12_v11_gain_stability_audit/iteration_1/case_cache/internal_test/case_117.csv,3668,executed_research_artifact
outputs/12_v11_gain_stability_audit/iteration_1/case_cache/internal_test/case_147.csv,3680,executed_research_artifact
outputs/12_v11_gain_stability_audit/iteration_1/case_cache/internal_test/case_159.csv,3681,executed_research_artifact
outputs/12_v11_gain_stability_audit/iteration_1/case_cache/internal_test/case_196.csv,3678,executed_research_artifact
outputs/12_v11_gain_stability_audit/iteration_1/case_cache/internal_test/case_197.csv,3686,executed_research_artifact
outputs/12_v11_gain_stability_audit/iteration_1/case_cache/internal_test/case_199.csv,3676,executed_research_artifact
outputs/12_v11_gain_stability_audit/iteration_1/case_cache/internal_test/case_28.csv,3658,executed_research_artifact
outputs/12_v11_gain_stability_audit/iteration_1/case_cache/internal_test/case_57.csv,3643,executed_research_artifact
outputs/12_v11_gain_stability_audit/iteration_1/case_cache/internal_test/case_66.csv,3590,executed_research_artifact
outputs/12_v11_gain_stability_audit/iteration_1/case_cache/internal_test/case_71.csv,3651,executed_research_artifact
outputs/12_v11_gain_stability_audit/iteration_1/case_cache/internal_test/case_82.csv,3650,executed_research_artifact
outputs/12_v11_gain_stability_audit/iteration_1/case_cache/internal_test/case_93.csv,3657,executed_research_artifact
outputs/12_v11_gain_stability_audit/iteration_1/case_cache/internal_test/case_98.csv,3692,executed_research_artifact
outputs/12_v11_gain_stability_audit/iteration_1/case_cache/validation/case_101.csv,19894,executed_research_artifact
outputs/12_v11_gain_stability_audit/iteration_1/case_cache/validation/case_120.csv,19963,executed_research_artifact
outputs/12_v11_gain_stability_audit/iteration_1/case_cache/validation/case_145.csv,19849,executed_research_artifact
outputs/12_v11_gain_stability_audit/iteration_1/case_cache/validation/case_176.csv,19952,executed_research_artifact
outputs/12_v11_gain_stability_audit/iteration_1/case_cache/validation/case_18.csv,19777,executed_research_artifact
outputs/12_v11_gain_stability_audit/iteration_1/case_cache/validation/case_29.csv,19413,executed_research_artifact
outputs/12_v11_gain_stability_audit/iteration_1/case_cache/validation/case_45.csv,20011,executed_research_artifact
outputs/12_v11_gain_stability_audit/iteration_1/case_cache/validation/case_51.csv,19580,executed_research_artifact
outputs/12_v11_gain_stability_audit/iteration_1/case_cache/validation/case_54.csv,19701,executed_research_artifact
outputs/12_v11_gain_stability_audit/iteration_1/case_cache/validation/case_60.csv,19623,executed_research_artifact
outputs/12_v11_gain_stability_audit/iteration_1/case_cache/validation/case_62.csv,19192,executed_research_artifact
outputs/12_v11_gain_stability_audit/iteration_1/case_cache/validation/case_81.csv,19877,executed_research_artifact
outputs/12_v11_gain_stability_audit/iteration_1/case_cache/validation/case_83.csv,19915,executed_research_artifact
outputs/12_v11_gain_stability_audit/iteration_1/case_cache/validation/case_86.csv,19875,executed_research_artifact
outputs/12_v11_gain_stability_audit/iteration_1/case_cache/validation/case_87.csv,20031,executed_research_artifact
outputs/12_v11_gain_stability_audit/iteration_1/executed_notebooks/v11_gain_audit_executed_job_18852802.ipynb,108297,executed_research_artifact
outputs/12_v11_gain_stability_audit/iteration_1/frozen_v11_hash_audit.csv,1970,executed_research_artifact
outputs/12_v11_gain_stability_audit/iteration_1/internal_test_gain_case_metrics.csv.gz,13891,executed_research_artifact
outputs/12_v11_gain_stability_audit/iteration_1/paired_case_stability_summary.csv,7706,executed_research_artifact
outputs/12_v11_gain_stability_audit/iteration_1/preflight_checks.csv,316,executed_research_artifact
outputs/12_v11_gain_stability_audit/iteration_1/run_configuration.json,196,executed_research_artifact
outputs/12_v11_gain_stability_audit/iteration_1/run_status.json,731,executed_research_artifact
outputs/12_v11_gain_stability_audit/iteration_1/selected_gain.csv,1863,executed_research_artifact
outputs/12_v11_gain_stability_audit/iteration_1/selected_gain.json,278,executed_research_artifact
outputs/12_v11_gain_stability_audit/iteration_1/selected_gain_case_deltas.png,209725,executed_research_artifact
outputs/12_v11_gain_stability_audit/iteration_1/selected_gain_formula.csv,5570,executed_research_artifact
outputs/12_v11_gain_stability_audit/iteration_1/selected_gain_formula.txt,5729,executed_research_artifact
outputs/12_v11_gain_stability_audit/iteration_1/selected_models_case_metrics.csv.gz,27655,executed_research_artifact
outputs/12_v11_gain_stability_audit/iteration_1/selected_models_split_metrics.csv,3549,executed_research_artifact
outputs/12_v11_gain_stability_audit/iteration_1/selected_models_tail_adaptation.csv,1451,executed_research_artifact
outputs/12_v11_gain_stability_audit/iteration_1/v11_reproduction_audit.csv,40204,executed_research_artifact
outputs/12_v11_gain_stability_audit/iteration_1/validation_gain_case_metrics.csv.gz,73353,executed_research_artifact
outputs/12_v11_gain_stability_audit/iteration_1/validation_gain_summary.csv,17318,executed_research_artifact
outputs/12_v11_gain_stability_audit/iteration_1/validation_gain_tradeoff.png,295680,executed_research_artifact
outputs/12_v11_gain_stability_audit/iteration_1/worst_case_diagnostics.csv,34790,executed_research_artifact
outputs/12_v11_gain_stability_audit/iteration_2/audit_complete.json,744,executed_research_artifact
outputs/12_v11_gain_stability_audit/iteration_2/audit_signature.json,2334,executed_research_artifact
outputs/12_v11_gain_stability_audit/iteration_2/case_cache/internal_test/case_100.csv,3693,executed_research_artifact
outputs/12_v11_gain_stability_audit/iteration_2/case_cache/internal_test/case_114.csv,3671,executed_research_artifact
outputs/12_v11_gain_stability_audit/iteration_2/case_cache/internal_test/case_12.csv,3694,executed_research_artifact
outputs/12_v11_gain_stability_audit/iteration_2/case_cache/internal_test/case_124.csv,3668,executed_research_artifact
outputs/12_v11_gain_stability_audit/iteration_2/case_cache/internal_test/case_156.csv,3707,executed_research_artifact
outputs/12_v11_gain_stability_audit/iteration_2/case_cache/internal_test/case_164.csv,3670,executed_research_artifact
outputs/12_v11_gain_stability_audit/iteration_2/case_cache/internal_test/case_176.csv,3660,executed_research_artifact
outputs/12_v11_gain_stability_audit/iteration_2/case_cache/internal_test/case_190.csv,3686,executed_research_artifact
outputs/12_v11_gain_stability_audit/iteration_2/case_cache/internal_test/case_20.csv,3668,executed_research_artifact
outputs/12_v11_gain_stability_audit/iteration_2/case_cache/internal_test/case_27.csv,3644,executed_research_artifact
outputs/12_v11_gain_stability_audit/iteration_2/case_cache/internal_test/case_42.csv,3610,executed_research_artifact
outputs/12_v11_gain_stability_audit/iteration_2/case_cache/internal_test/case_43.csv,3602,executed_research_artifact
outputs/12_v11_gain_stability_audit/iteration_2/case_cache/internal_test/case_68.csv,3686,executed_research_artifact
outputs/12_v11_gain_stability_audit/iteration_2/case_cache/internal_test/case_84.csv,3654,executed_research_artifact
outputs/12_v11_gain_stability_audit/iteration_2/case_cache/internal_test/case_94.csv,3662,executed_research_artifact
outputs/12_v11_gain_stability_audit/iteration_2/case_cache/validation/case_105.csv,19634,executed_research_artifact
outputs/12_v11_gain_stability_audit/iteration_2/case_cache/validation/case_133.csv,20036,executed_research_artifact
outputs/12_v11_gain_stability_audit/iteration_2/case_cache/validation/case_143.csv,20003,executed_research_artifact
outputs/12_v11_gain_stability_audit/iteration_2/case_cache/validation/case_151.csv,19928,executed_research_artifact
outputs/12_v11_gain_stability_audit/iteration_2/case_cache/validation/case_157.csv,19912,executed_research_artifact
outputs/12_v11_gain_stability_audit/iteration_2/case_cache/validation/case_165.csv,19972,executed_research_artifact
outputs/12_v11_gain_stability_audit/iteration_2/case_cache/validation/case_171.csv,20056,executed_research_artifact
outputs/12_v11_gain_stability_audit/iteration_2/case_cache/validation/case_180.csv,19965,executed_research_artifact
outputs/12_v11_gain_stability_audit/iteration_2/case_cache/validation/case_189.csv,20112,executed_research_artifact
outputs/12_v11_gain_stability_audit/iteration_2/case_cache/validation/case_194.csv,19946,executed_research_artifact
outputs/12_v11_gain_stability_audit/iteration_2/case_cache/validation/case_39.csv,19622,executed_research_artifact
outputs/12_v11_gain_stability_audit/iteration_2/case_cache/validation/case_47.csv,19728,executed_research_artifact
outputs/12_v11_gain_stability_audit/iteration_2/case_cache/validation/case_63.csv,19962,executed_research_artifact
outputs/12_v11_gain_stability_audit/iteration_2/case_cache/validation/case_69.csv,19936,executed_research_artifact
outputs/12_v11_gain_stability_audit/iteration_2/case_cache/validation/case_81.csv,19878,executed_research_artifact
outputs/12_v11_gain_stability_audit/iteration_2/frozen_v11_hash_audit.csv,1494,executed_research_artifact
outputs/12_v11_gain_stability_audit/iteration_2/internal_test_gain_case_metrics.csv.gz,13961,executed_research_artifact
outputs/12_v11_gain_stability_audit/iteration_2/paired_case_stability_summary.csv,7666,executed_research_artifact
outputs/12_v11_gain_stability_audit/iteration_2/preflight_checks.csv,316,executed_research_artifact
outputs/12_v11_gain_stability_audit/iteration_2/run_configuration.json,196,executed_research_artifact
outputs/12_v11_gain_stability_audit/iteration_2/run_status.json,767,executed_research_artifact
outputs/12_v11_gain_stability_audit/iteration_2/selected_gain.csv,1903,executed_research_artifact
outputs/12_v11_gain_stability_audit/iteration_2/selected_gain.json,315,executed_research_artifact
outputs/12_v11_gain_stability_audit/iteration_2/selected_gain_case_deltas.png,223708,executed_research_artifact
outputs/12_v11_gain_stability_audit/iteration_2/selected_gain_formula.csv,4710,executed_research_artifact
outputs/12_v11_gain_stability_audit/iteration_2/selected_gain_formula.txt,4833,executed_research_artifact
outputs/12_v11_gain_stability_audit/iteration_2/selected_models_case_metrics.csv.gz,27803,executed_research_artifact
outputs/12_v11_gain_stability_audit/iteration_2/selected_models_split_metrics.csv,3567,executed_research_artifact
outputs/12_v11_gain_stability_audit/iteration_2/selected_models_tail_adaptation.csv,1493,executed_research_artifact
outputs/12_v11_gain_stability_audit/iteration_2/v11_reproduction_audit.csv,40791,executed_research_artifact
outputs/12_v11_gain_stability_audit/iteration_2/validation_gain_case_metrics.csv.gz,73476,executed_research_artifact
outputs/12_v11_gain_stability_audit/iteration_2/validation_gain_summary.csv,17612,executed_research_artifact
outputs/12_v11_gain_stability_audit/iteration_2/validation_gain_tradeoff.png,294052,executed_research_artifact
outputs/12_v11_gain_stability_audit/iteration_2/worst_case_diagnostics.csv,34875,executed_research_artifact
outputs/12_v11_gain_stability_audit/iteration_3/audit_complete.json,744,executed_research_artifact
outputs/12_v11_gain_stability_audit/iteration_3/audit_signature.json,2333,executed_research_artifact
outputs/12_v11_gain_stability_audit/iteration_3/case_cache/internal_test/case_116.csv,3652,executed_research_artifact
outputs/12_v11_gain_stability_audit/iteration_3/case_cache/internal_test/case_133.csv,3651,executed_research_artifact
outputs/12_v11_gain_stability_audit/iteration_3/case_cache/internal_test/case_139.csv,3658,executed_research_artifact
outputs/12_v11_gain_stability_audit/iteration_3/case_cache/internal_test/case_157.csv,3638,executed_research_artifact
outputs/12_v11_gain_stability_audit/iteration_3/case_cache/internal_test/case_16.csv,3652,executed_research_artifact
outputs/12_v11_gain_stability_audit/iteration_3/case_cache/internal_test/case_182.csv,3660,executed_research_artifact
outputs/12_v11_gain_stability_audit/iteration_3/case_cache/internal_test/case_189.csv,3699,executed_research_artifact
outputs/12_v11_gain_stability_audit/iteration_3/case_cache/internal_test/case_191.csv,3675,executed_research_artifact
outputs/12_v11_gain_stability_audit/iteration_3/case_cache/internal_test/case_192.csv,3649,executed_research_artifact
outputs/12_v11_gain_stability_audit/iteration_3/case_cache/internal_test/case_47.csv,3633,executed_research_artifact
outputs/12_v11_gain_stability_audit/iteration_3/case_cache/internal_test/case_48.csv,3651,executed_research_artifact
outputs/12_v11_gain_stability_audit/iteration_3/case_cache/internal_test/case_52.csv,3624,executed_research_artifact
outputs/12_v11_gain_stability_audit/iteration_3/case_cache/internal_test/case_67.csv,3643,executed_research_artifact
outputs/12_v11_gain_stability_audit/iteration_3/case_cache/internal_test/case_68.csv,3702,executed_research_artifact
outputs/12_v11_gain_stability_audit/iteration_3/case_cache/internal_test/case_95.csv,3677,executed_research_artifact
outputs/12_v11_gain_stability_audit/iteration_3/case_cache/validation/case_117.csv,19783,executed_research_artifact
outputs/12_v11_gain_stability_audit/iteration_3/case_cache/validation/case_124.csv,19872,executed_research_artifact
outputs/12_v11_gain_stability_audit/iteration_3/case_cache/validation/case_148.csv,20059,executed_research_artifact
outputs/12_v11_gain_stability_audit/iteration_3/case_cache/validation/case_15.csv,19931,executed_research_artifact
outputs/12_v11_gain_stability_audit/iteration_3/case_cache/validation/case_150.csv,20082,executed_research_artifact
outputs/12_v11_gain_stability_audit/iteration_3/case_cache/validation/case_156.csv,20101,executed_research_artifact
outputs/12_v11_gain_stability_audit/iteration_3/case_cache/validation/case_165.csv,19997,executed_research_artifact
outputs/12_v11_gain_stability_audit/iteration_3/case_cache/validation/case_181.csv,20100,executed_research_artifact
outputs/12_v11_gain_stability_audit/iteration_3/case_cache/validation/case_190.csv,19955,executed_research_artifact
outputs/12_v11_gain_stability_audit/iteration_3/case_cache/validation/case_24.csv,19549,executed_research_artifact
outputs/12_v11_gain_stability_audit/iteration_3/case_cache/validation/case_36.csv,19566,executed_research_artifact
outputs/12_v11_gain_stability_audit/iteration_3/case_cache/validation/case_39.csv,19693,executed_research_artifact
outputs/12_v11_gain_stability_audit/iteration_3/case_cache/validation/case_63.csv,20072,executed_research_artifact
outputs/12_v11_gain_stability_audit/iteration_3/case_cache/validation/case_74.csv,19723,executed_research_artifact
outputs/12_v11_gain_stability_audit/iteration_3/case_cache/validation/case_78.csv,19716,executed_research_artifact
outputs/12_v11_gain_stability_audit/iteration_3/frozen_v11_hash_audit.csv,1494,executed_research_artifact
outputs/12_v11_gain_stability_audit/iteration_3/internal_test_gain_case_metrics.csv.gz,13826,executed_research_artifact
outputs/12_v11_gain_stability_audit/iteration_3/paired_case_stability_summary.csv,7711,executed_research_artifact
outputs/12_v11_gain_stability_audit/iteration_3/preflight_checks.csv,316,executed_research_artifact
outputs/12_v11_gain_stability_audit/iteration_3/run_configuration.json,196,executed_research_artifact
outputs/12_v11_gain_stability_audit/iteration_3/run_status.json,767,executed_research_artifact
outputs/12_v11_gain_stability_audit/iteration_3/selected_gain.csv,1899,executed_research_artifact
outputs/12_v11_gain_stability_audit/iteration_3/selected_gain.json,315,executed_research_artifact
outputs/12_v11_gain_stability_audit/iteration_3/selected_gain_case_deltas.png,212964,executed_research_artifact
outputs/12_v11_gain_stability_audit/iteration_3/selected_gain_formula.csv,4909,executed_research_artifact
outputs/12_v11_gain_stability_audit/iteration_3/selected_gain_formula.txt,5032,executed_research_artifact
outputs/12_v11_gain_stability_audit/iteration_3/selected_models_case_metrics.csv.gz,27622,executed_research_artifact
outputs/12_v11_gain_stability_audit/iteration_3/selected_models_split_metrics.csv,3571,executed_research_artifact
outputs/12_v11_gain_stability_audit/iteration_3/selected_models_tail_adaptation.csv,1446,executed_research_artifact
outputs/12_v11_gain_stability_audit/iteration_3/v11_reproduction_audit.csv,40783,executed_research_artifact
outputs/12_v11_gain_stability_audit/iteration_3/validation_gain_case_metrics.csv.gz,73174,executed_research_artifact
outputs/12_v11_gain_stability_audit/iteration_3/validation_gain_summary.csv,17631,executed_research_artifact
outputs/12_v11_gain_stability_audit/iteration_3/validation_gain_tradeoff.png,279465,executed_research_artifact
outputs/12_v11_gain_stability_audit/iteration_3/worst_case_diagnostics.csv,34882,executed_research_artifact
outputs/12_v11_gain_stability_audit/iteration_4/audit_complete.json,745,executed_research_artifact
outputs/12_v11_gain_stability_audit/iteration_4/audit_signature.json,2337,executed_research_artifact
outputs/12_v11_gain_stability_audit/iteration_4/case_cache/internal_test/case_118.csv,3651,executed_research_artifact
outputs/12_v11_gain_stability_audit/iteration_4/case_cache/internal_test/case_124.csv,3712,executed_research_artifact
outputs/12_v11_gain_stability_audit/iteration_4/case_cache/internal_test/case_133.csv,3715,executed_research_artifact
outputs/12_v11_gain_stability_audit/iteration_4/case_cache/internal_test/case_154.csv,3740,executed_research_artifact
outputs/12_v11_gain_stability_audit/iteration_4/case_cache/internal_test/case_156.csv,3715,executed_research_artifact
outputs/12_v11_gain_stability_audit/iteration_4/case_cache/internal_test/case_163.csv,3751,executed_research_artifact
outputs/12_v11_gain_stability_audit/iteration_4/case_cache/internal_test/case_180.csv,3640,executed_research_artifact
outputs/12_v11_gain_stability_audit/iteration_4/case_cache/internal_test/case_185.csv,3659,executed_research_artifact
outputs/12_v11_gain_stability_audit/iteration_4/case_cache/internal_test/case_186.csv,3715,executed_research_artifact
outputs/12_v11_gain_stability_audit/iteration_4/case_cache/internal_test/case_189.csv,3653,executed_research_artifact
outputs/12_v11_gain_stability_audit/iteration_4/case_cache/internal_test/case_190.csv,3746,executed_research_artifact
outputs/12_v11_gain_stability_audit/iteration_4/case_cache/internal_test/case_200.csv,3728,executed_research_artifact
outputs/12_v11_gain_stability_audit/iteration_4/case_cache/internal_test/case_79.csv,3724,executed_research_artifact
outputs/12_v11_gain_stability_audit/iteration_4/case_cache/internal_test/case_89.csv,3709,executed_research_artifact
outputs/12_v11_gain_stability_audit/iteration_4/case_cache/internal_test/case_99.csv,3706,executed_research_artifact
outputs/12_v11_gain_stability_audit/iteration_4/case_cache/validation/case_107.csv,20262,executed_research_artifact
outputs/12_v11_gain_stability_audit/iteration_4/case_cache/validation/case_109.csv,20204,executed_research_artifact
outputs/12_v11_gain_stability_audit/iteration_4/case_cache/validation/case_11.csv,20186,executed_research_artifact
outputs/12_v11_gain_stability_audit/iteration_4/case_cache/validation/case_139.csv,20367,executed_research_artifact
outputs/12_v11_gain_stability_audit/iteration_4/case_cache/validation/case_166.csv,20316,executed_research_artifact
outputs/12_v11_gain_stability_audit/iteration_4/case_cache/validation/case_17.csv,20115,executed_research_artifact
outputs/12_v11_gain_stability_audit/iteration_4/case_cache/validation/case_183.csv,20287,executed_research_artifact
outputs/12_v11_gain_stability_audit/iteration_4/case_cache/validation/case_191.csv,19698,executed_research_artifact
outputs/12_v11_gain_stability_audit/iteration_4/case_cache/validation/case_192.csv,20312,executed_research_artifact
outputs/12_v11_gain_stability_audit/iteration_4/case_cache/validation/case_199.csv,20317,executed_research_artifact
outputs/12_v11_gain_stability_audit/iteration_4/case_cache/validation/case_44.csv,19498,executed_research_artifact
outputs/12_v11_gain_stability_audit/iteration_4/case_cache/validation/case_61.csv,20196,executed_research_artifact
outputs/12_v11_gain_stability_audit/iteration_4/case_cache/validation/case_69.csv,20364,executed_research_artifact
outputs/12_v11_gain_stability_audit/iteration_4/case_cache/validation/case_78.csv,19870,executed_research_artifact
outputs/12_v11_gain_stability_audit/iteration_4/case_cache/validation/case_91.csv,20359,executed_research_artifact
outputs/12_v11_gain_stability_audit/iteration_4/frozen_v11_hash_audit.csv,1494,executed_research_artifact
outputs/12_v11_gain_stability_audit/iteration_4/internal_test_gain_case_metrics.csv.gz,8872,executed_research_artifact
outputs/12_v11_gain_stability_audit/iteration_4/paired_case_stability_summary.csv,6305,executed_research_artifact
outputs/12_v11_gain_stability_audit/iteration_4/preflight_checks.csv,318,executed_research_artifact
outputs/12_v11_gain_stability_audit/iteration_4/run_configuration.json,196,executed_research_artifact
outputs/12_v11_gain_stability_audit/iteration_4/run_status.json,768,executed_research_artifact
outputs/12_v11_gain_stability_audit/iteration_4/selected_gain.csv,1899,executed_research_artifact
outputs/12_v11_gain_stability_audit/iteration_4/selected_gain.json,315,executed_research_artifact
outputs/12_v11_gain_stability_audit/iteration_4/selected_gain_case_deltas.png,216004,executed_research_artifact
outputs/12_v11_gain_stability_audit/iteration_4/selected_gain_formula.csv,4659,executed_research_artifact
outputs/12_v11_gain_stability_audit/iteration_4/selected_gain_formula.txt,4782,executed_research_artifact
outputs/12_v11_gain_stability_audit/iteration_4/selected_models_case_metrics.csv.gz,17593,executed_research_artifact
outputs/12_v11_gain_stability_audit/iteration_4/selected_models_split_metrics.csv,3563,executed_research_artifact
outputs/12_v11_gain_stability_audit/iteration_4/selected_models_tail_adaptation.csv,1497,executed_research_artifact
outputs/12_v11_gain_stability_audit/iteration_4/v11_reproduction_audit.csv,41036,executed_research_artifact
outputs/12_v11_gain_stability_audit/iteration_4/validation_gain_case_metrics.csv.gz,11865,executed_research_artifact
outputs/12_v11_gain_stability_audit/iteration_4/validation_gain_summary.csv,17525,executed_research_artifact
outputs/12_v11_gain_stability_audit/iteration_4/validation_gain_tradeoff.png,198001,executed_research_artifact
outputs/12_v11_gain_stability_audit/iteration_4/worst_case_diagnostics.csv,34923,executed_research_artifact
outputs/13_v12_case_adaptive_tail_gain/iteration_1/case_cache/adaptive_oof/case_01.csv,1258,non_deployed_completed_decision_support
outputs/13_v12_case_adaptive_tail_gain/iteration_1/case_cache/adaptive_oof/case_06.csv,1262,non_deployed_completed_decision_support
outputs/13_v12_case_adaptive_tail_gain/iteration_1/case_cache/adaptive_oof/case_10.csv,1256,non_deployed_completed_decision_support
outputs/13_v12_case_adaptive_tail_gain/iteration_1/case_cache/adaptive_oof/case_100.csv,1257,non_deployed_completed_decision_support
outputs/13_v12_case_adaptive_tail_gain/iteration_1/case_cache/adaptive_oof/case_101.csv,1264,non_deployed_completed_decision_support
outputs/13_v12_case_adaptive_tail_gain/iteration_1/case_cache/adaptive_oof/case_102.csv,1263,non_deployed_completed_decision_support
outputs/13_v12_case_adaptive_tail_gain/iteration_1/case_cache/adaptive_oof/case_104.csv,1255,non_deployed_completed_decision_support
outputs/13_v12_case_adaptive_tail_gain/iteration_1/case_cache/adaptive_oof/case_105.csv,1251,non_deployed_completed_decision_support
outputs/13_v12_case_adaptive_tail_gain/iteration_1/case_cache/adaptive_oof/case_106.csv,1258,non_deployed_completed_decision_support
outputs/13_v12_case_adaptive_tail_gain/iteration_1/case_cache/adaptive_oof/case_107.csv,1260,non_deployed_completed_decision_support
outputs/13_v12_case_adaptive_tail_gain/iteration_1/case_cache/adaptive_oof/case_109.csv,1258,non_deployed_completed_decision_support
outputs/13_v12_case_adaptive_tail_gain/iteration_1/case_cache/adaptive_oof/case_11.csv,1255,non_deployed_completed_decision_support
outputs/13_v12_case_adaptive_tail_gain/iteration_1/case_cache/adaptive_oof/case_110.csv,1252,non_deployed_completed_decision_support
outputs/13_v12_case_adaptive_tail_gain/iteration_1/case_cache/adaptive_oof/case_111.csv,1265,non_deployed_completed_decision_support
outputs/13_v12_case_adaptive_tail_gain/iteration_1/case_cache/adaptive_oof/case_114.csv,1257,non_deployed_completed_decision_support
outputs/13_v12_case_adaptive_tail_gain/iteration_1/case_cache/adaptive_oof/case_115.csv,1260,non_deployed_completed_decision_support
outputs/13_v12_case_adaptive_tail_gain/iteration_1/case_cache/adaptive_oof/case_116.csv,1256,non_deployed_completed_decision_support
outputs/13_v12_case_adaptive_tail_gain/iteration_1/case_cache/adaptive_oof/case_117.csv,1262,non_deployed_completed_decision_support
outputs/13_v12_case_adaptive_tail_gain/iteration_1/case_cache/adaptive_oof/case_118.csv,1260,non_deployed_completed_decision_support
outputs/13_v12_case_adaptive_tail_gain/iteration_1/case_cache/adaptive_oof/case_119.csv,1256,non_deployed_completed_decision_support
outputs/13_v12_case_adaptive_tail_gain/iteration_1/case_cache/adaptive_oof/case_12.csv,1257,non_deployed_completed_decision_support
outputs/13_v12_case_adaptive_tail_gain/iteration_1/case_cache/adaptive_oof/case_120.csv,1263,non_deployed_completed_decision_support
outputs/13_v12_case_adaptive_tail_gain/iteration_1/case_cache/adaptive_oof/case_121.csv,1259,non_deployed_completed_decision_support
outputs/13_v12_case_adaptive_tail_gain/iteration_1/case_cache/adaptive_oof/case_122.csv,1250,non_deployed_completed_decision_support
outputs/13_v12_case_adaptive_tail_gain/iteration_1/case_cache/adaptive_oof/case_124.csv,1250,non_deployed_completed_decision_support
outputs/13_v12_case_adaptive_tail_gain/iteration_1/case_cache/adaptive_oof/case_125.csv,1256,non_deployed_completed_decision_support
outputs/13_v12_case_adaptive_tail_gain/iteration_1/case_cache/adaptive_oof/case_127.csv,1256,non_deployed_completed_decision_support
outputs/13_v12_case_adaptive_tail_gain/iteration_1/case_cache/adaptive_oof/case_128.csv,1257,non_deployed_completed_decision_support
outputs/13_v12_case_adaptive_tail_gain/iteration_1/case_cache/adaptive_oof/case_129.csv,1276,non_deployed_completed_decision_support
outputs/13_v12_case_adaptive_tail_gain/iteration_1/case_cache/adaptive_oof/case_13.csv,1254,non_deployed_completed_decision_support
outputs/13_v12_case_adaptive_tail_gain/iteration_1/case_cache/adaptive_oof/case_130.csv,1260,non_deployed_completed_decision_support
outputs/13_v12_case_adaptive_tail_gain/iteration_1/case_cache/adaptive_oof/case_133.csv,1256,non_deployed_completed_decision_support
outputs/13_v12_case_adaptive_tail_gain/iteration_1/case_cache/adaptive_oof/case_136.csv,1256,non_deployed_completed_decision_support
outputs/13_v12_case_adaptive_tail_gain/iteration_1/case_cache/adaptive_oof/case_137.csv,1256,non_deployed_completed_decision_support
outputs/13_v12_case_adaptive_tail_gain/iteration_1/case_cache/adaptive_oof/case_139.csv,1256,non_deployed_completed_decision_support
outputs/13_v12_case_adaptive_tail_gain/iteration_1/case_cache/adaptive_oof/case_14.csv,1256,non_deployed_completed_decision_support
outputs/13_v12_case_adaptive_tail_gain/iteration_1/case_cache/adaptive_oof/case_141.csv,1252,non_deployed_completed_decision_support
outputs/13_v12_case_adaptive_tail_gain/iteration_1/case_cache/adaptive_oof/case_142.csv,1257,non_deployed_completed_decision_support
outputs/13_v12_case_adaptive_tail_gain/iteration_1/case_cache/adaptive_oof/case_143.csv,1259,non_deployed_completed_decision_support
outputs/13_v12_case_adaptive_tail_gain/iteration_1/case_cache/adaptive_oof/case_144.csv,1256,non_deployed_completed_decision_support
outputs/13_v12_case_adaptive_tail_gain/iteration_1/case_cache/adaptive_oof/case_145.csv,1263,non_deployed_completed_decision_support
outputs/13_v12_case_adaptive_tail_gain/iteration_1/case_cache/adaptive_oof/case_146.csv,1252,non_deployed_completed_decision_support
outputs/13_v12_case_adaptive_tail_gain/iteration_1/case_cache/adaptive_oof/case_147.csv,1267,non_deployed_completed_decision_support
outputs/13_v12_case_adaptive_tail_gain/iteration_1/case_cache/adaptive_oof/case_148.csv,1278,non_deployed_completed_decision_support
outputs/13_v12_case_adaptive_tail_gain/iteration_1/case_cache/adaptive_oof/case_15.csv,1255,non_deployed_completed_decision_support
outputs/13_v12_case_adaptive_tail_gain/iteration_1/case_cache/adaptive_oof/case_150.csv,1276,non_deployed_completed_decision_support
outputs/13_v12_case_adaptive_tail_gain/iteration_1/case_cache/adaptive_oof/case_151.csv,1259,non_deployed_completed_decision_support
outputs/13_v12_case_adaptive_tail_gain/iteration_1/case_cache/adaptive_oof/case_153.csv,1252,non_deployed_completed_decision_support
outputs/13_v12_case_adaptive_tail_gain/iteration_1/case_cache/adaptive_oof/case_154.csv,1277,non_deployed_completed_decision_support
outputs/13_v12_case_adaptive_tail_gain/iteration_1/case_cache/adaptive_oof/case_155.csv,1255,non_deployed_completed_decision_support
outputs/13_v12_case_adaptive_tail_gain/iteration_1/case_cache/adaptive_oof/case_156.csv,1255,non_deployed_completed_decision_support
outputs/13_v12_case_adaptive_tail_gain/iteration_1/case_cache/adaptive_oof/case_157.csv,1248,non_deployed_completed_decision_support
outputs/13_v12_case_adaptive_tail_gain/iteration_1/case_cache/adaptive_oof/case_158.csv,1251,non_deployed_completed_decision_support
outputs/13_v12_case_adaptive_tail_gain/iteration_1/case_cache/adaptive_oof/case_159.csv,1265,non_deployed_completed_decision_support
outputs/13_v12_case_adaptive_tail_gain/iteration_1/case_cache/adaptive_oof/case_16.csv,1258,non_deployed_completed_decision_support
outputs/13_v12_case_adaptive_tail_gain/iteration_1/case_cache/adaptive_oof/case_163.csv,1278,non_deployed_completed_decision_support
outputs/13_v12_case_adaptive_tail_gain/iteration_1/case_cache/adaptive_oof/case_164.csv,1254,non_deployed_completed_decision_support
outputs/13_v12_case_adaptive_tail_gain/iteration_1/case_cache/adaptive_oof/case_165.csv,1269,non_deployed_completed_decision_support
outputs/13_v12_case_adaptive_tail_gain/iteration_1/case_cache/adaptive_oof/case_166.csv,1257,non_deployed_completed_decision_support
outputs/13_v12_case_adaptive_tail_gain/iteration_1/case_cache/adaptive_oof/case_169.csv,1270,non_deployed_completed_decision_support
outputs/13_v12_case_adaptive_tail_gain/iteration_1/case_cache/adaptive_oof/case_17.csv,1255,non_deployed_completed_decision_support
outputs/13_v12_case_adaptive_tail_gain/iteration_1/case_cache/adaptive_oof/case_170.csv,1258,non_deployed_completed_decision_support
outputs/13_v12_case_adaptive_tail_gain/iteration_1/case_cache/adaptive_oof/case_171.csv,1267,non_deployed_completed_decision_support
outputs/13_v12_case_adaptive_tail_gain/iteration_1/case_cache/adaptive_oof/case_173.csv,1269,non_deployed_completed_decision_support
outputs/13_v12_case_adaptive_tail_gain/iteration_1/case_cache/adaptive_oof/case_175.csv,1256,non_deployed_completed_decision_support
outputs/13_v12_case_adaptive_tail_gain/iteration_1/case_cache/adaptive_oof/case_176.csv,1260,non_deployed_completed_decision_support
outputs/13_v12_case_adaptive_tail_gain/iteration_1/case_cache/adaptive_oof/case_179.csv,1258,non_deployed_completed_decision_support
outputs/13_v12_case_adaptive_tail_gain/iteration_1/case_cache/adaptive_oof/case_18.csv,1263,non_deployed_completed_decision_support
outputs/13_v12_case_adaptive_tail_gain/iteration_1/case_cache/adaptive_oof/case_180.csv,1258,non_deployed_completed_decision_support
outputs/13_v12_case_adaptive_tail_gain/iteration_1/case_cache/adaptive_oof/case_181.csv,1273,non_deployed_completed_decision_support
outputs/13_v12_case_adaptive_tail_gain/iteration_1/case_cache/adaptive_oof/case_182.csv,1260,non_deployed_completed_decision_support
outputs/13_v12_case_adaptive_tail_gain/iteration_1/case_cache/adaptive_oof/case_183.csv,1253,non_deployed_completed_decision_support
outputs/13_v12_case_adaptive_tail_gain/iteration_1/case_cache/adaptive_oof/case_184.csv,1256,non_deployed_completed_decision_support
outputs/13_v12_case_adaptive_tail_gain/iteration_1/case_cache/adaptive_oof/case_185.csv,1258,non_deployed_completed_decision_support
outputs/13_v12_case_adaptive_tail_gain/iteration_1/case_cache/adaptive_oof/case_186.csv,1256,non_deployed_completed_decision_support
outputs/13_v12_case_adaptive_tail_gain/iteration_1/case_cache/adaptive_oof/case_187.csv,1255,non_deployed_completed_decision_support
outputs/13_v12_case_adaptive_tail_gain/iteration_1/case_cache/adaptive_oof/case_188.csv,1255,non_deployed_completed_decision_support
outputs/13_v12_case_adaptive_tail_gain/iteration_1/case_cache/adaptive_oof/case_189.csv,1278,non_deployed_completed_decision_support
outputs/13_v12_case_adaptive_tail_gain/iteration_1/case_cache/adaptive_oof/case_19.csv,1254,non_deployed_completed_decision_support
outputs/13_v12_case_adaptive_tail_gain/iteration_1/case_cache/adaptive_oof/case_190.csv,1256,non_deployed_completed_decision_support
outputs/13_v12_case_adaptive_tail_gain/iteration_1/case_cache/adaptive_oof/case_191.csv,1252,non_deployed_completed_decision_support
outputs/13_v12_case_adaptive_tail_gain/iteration_1/case_cache/adaptive_oof/case_192.csv,1254,non_deployed_completed_decision_support
outputs/13_v12_case_adaptive_tail_gain/iteration_1/case_cache/adaptive_oof/case_193.csv,1253,non_deployed_completed_decision_support
outputs/13_v12_case_adaptive_tail_gain/iteration_1/case_cache/adaptive_oof/case_194.csv,1257,non_deployed_completed_decision_support
outputs/13_v12_case_adaptive_tail_gain/iteration_1/case_cache/adaptive_oof/case_195.csv,1275,non_deployed_completed_decision_support
outputs/13_v12_case_adaptive_tail_gain/iteration_1/case_cache/adaptive_oof/case_196.csv,1267,non_deployed_completed_decision_support
outputs/13_v12_case_adaptive_tail_gain/iteration_1/case_cache/adaptive_oof/case_197.csv,1265,non_deployed_completed_decision_support
outputs/13_v12_case_adaptive_tail_gain/iteration_1/case_cache/adaptive_oof/case_199.csv,1263,non_deployed_completed_decision_support
outputs/13_v12_case_adaptive_tail_gain/iteration_1/case_cache/adaptive_oof/case_20.csv,1255,non_deployed_completed_decision_support
outputs/13_v12_case_adaptive_tail_gain/iteration_1/case_cache/adaptive_oof/case_200.csv,1256,non_deployed_completed_decision_support
outputs/13_v12_case_adaptive_tail_gain/iteration_1/case_cache/adaptive_oof/case_21.csv,1251,non_deployed_completed_decision_support
outputs/13_v12_case_adaptive_tail_gain/iteration_1/case_cache/adaptive_oof/case_24.csv,1245,non_deployed_completed_decision_support
outputs/13_v12_case_adaptive_tail_gain/iteration_1/case_cache/adaptive_oof/case_27.csv,1255,non_deployed_completed_decision_support
outputs/13_v12_case_adaptive_tail_gain/iteration_1/case_cache/adaptive_oof/case_28.csv,1264,non_deployed_completed_decision_support
outputs/13_v12_case_adaptive_tail_gain/iteration_1/case_cache/adaptive_oof/case_29.csv,1244,non_deployed_completed_decision_support
outputs/13_v12_case_adaptive_tail_gain/iteration_1/case_cache/adaptive_oof/case_32.csv,1261,non_deployed_completed_decision_support
outputs/13_v12_case_adaptive_tail_gain/iteration_1/case_cache/adaptive_oof/case_34.csv,1260,non_deployed_completed_decision_support
outputs/13_v12_case_adaptive_tail_gain/iteration_1/case_cache/adaptive_oof/case_35.csv,1255,non_deployed_completed_decision_support
outputs/13_v12_case_adaptive_tail_gain/iteration_1/case_cache/adaptive_oof/case_36.csv,1272,non_deployed_completed_decision_support
outputs/13_v12_case_adaptive_tail_gain/iteration_1/case_cache/adaptive_oof/case_39.csv,1257,non_deployed_completed_decision_support
outputs/13_v12_case_adaptive_tail_gain/iteration_1/case_cache/adaptive_oof/case_40.csv,1252,non_deployed_completed_decision_support
outputs/13_v12_case_adaptive_tail_gain/iteration_1/case_cache/adaptive_oof/case_42.csv,1255,non_deployed_completed_decision_support
outputs/13_v12_case_adaptive_tail_gain/iteration_1/case_cache/adaptive_oof/case_43.csv,1239,non_deployed_completed_decision_support
outputs/13_v12_case_adaptive_tail_gain/iteration_1/case_cache/adaptive_oof/case_44.csv,1258,non_deployed_completed_decision_support
outputs/13_v12_case_adaptive_tail_gain/iteration_1/case_cache/adaptive_oof/case_45.csv,1283,non_deployed_completed_decision_support
outputs/13_v12_case_adaptive_tail_gain/iteration_1/case_cache/adaptive_oof/case_47.csv,1256,non_deployed_completed_decision_support
outputs/13_v12_case_adaptive_tail_gain/iteration_1/case_cache/adaptive_oof/case_48.csv,1255,non_deployed_completed_decision_support
outputs/13_v12_case_adaptive_tail_gain/iteration_1/case_cache/adaptive_oof/case_49.csv,1258,non_deployed_completed_decision_support
outputs/13_v12_case_adaptive_tail_gain/iteration_1/case_cache/adaptive_oof/case_51.csv,1244,non_deployed_completed_decision_support
outputs/13_v12_case_adaptive_tail_gain/iteration_1/case_cache/adaptive_oof/case_52.csv,1254,non_deployed_completed_decision_support
outputs/13_v12_case_adaptive_tail_gain/iteration_1/case_cache/adaptive_oof/case_54.csv,1260,non_deployed_completed_decision_support
outputs/13_v12_case_adaptive_tail_gain/iteration_1/case_cache/adaptive_oof/case_56.csv,1238,non_deployed_completed_decision_support
outputs/13_v12_case_adaptive_tail_gain/iteration_1/case_cache/adaptive_oof/case_57.csv,1264,non_deployed_completed_decision_support
outputs/13_v12_case_adaptive_tail_gain/iteration_1/case_cache/adaptive_oof/case_58.csv,1252,non_deployed_completed_decision_support
outputs/13_v12_case_adaptive_tail_gain/iteration_1/case_cache/adaptive_oof/case_59.csv,1253,non_deployed_completed_decision_support
outputs/13_v12_case_adaptive_tail_gain/iteration_1/case_cache/adaptive_oof/case_60.csv,1257,non_deployed_completed_decision_support
outputs/13_v12_case_adaptive_tail_gain/iteration_1/case_cache/adaptive_oof/case_61.csv,1252,non_deployed_completed_decision_support
outputs/13_v12_case_adaptive_tail_gain/iteration_1/case_cache/adaptive_oof/case_62.csv,1242,non_deployed_completed_decision_support
outputs/13_v12_case_adaptive_tail_gain/iteration_1/case_cache/adaptive_oof/case_63.csv,1268,non_deployed_completed_decision_support
outputs/13_v12_case_adaptive_tail_gain/iteration_1/case_cache/adaptive_oof/case_64.csv,1257,non_deployed_completed_decision_support
outputs/13_v12_case_adaptive_tail_gain/iteration_1/case_cache/adaptive_oof/case_66.csv,1250,non_deployed_completed_decision_support
outputs/13_v12_case_adaptive_tail_gain/iteration_1/case_cache/adaptive_oof/case_67.csv,1259,non_deployed_completed_decision_support
outputs/13_v12_case_adaptive_tail_gain/iteration_1/case_cache/adaptive_oof/case_68.csv,1272,non_deployed_completed_decision_support
outputs/13_v12_case_adaptive_tail_gain/iteration_1/case_cache/adaptive_oof/case_69.csv,1260,non_deployed_completed_decision_support
outputs/13_v12_case_adaptive_tail_gain/iteration_1/case_cache/adaptive_oof/case_71.csv,1267,non_deployed_completed_decision_support
outputs/13_v12_case_adaptive_tail_gain/iteration_1/case_cache/adaptive_oof/case_72.csv,1235,non_deployed_completed_decision_support
outputs/13_v12_case_adaptive_tail_gain/iteration_1/case_cache/adaptive_oof/case_73.csv,1234,non_deployed_completed_decision_support
outputs/13_v12_case_adaptive_tail_gain/iteration_1/case_cache/adaptive_oof/case_74.csv,1259,non_deployed_completed_decision_support
outputs/13_v12_case_adaptive_tail_gain/iteration_1/case_cache/adaptive_oof/case_75.csv,1255,non_deployed_completed_decision_support
outputs/13_v12_case_adaptive_tail_gain/iteration_1/case_cache/adaptive_oof/case_77.csv,1255,non_deployed_completed_decision_support
outputs/13_v12_case_adaptive_tail_gain/iteration_1/case_cache/adaptive_oof/case_78.csv,1258,non_deployed_completed_decision_support
outputs/13_v12_case_adaptive_tail_gain/iteration_1/case_cache/adaptive_oof/case_79.csv,1259,non_deployed_completed_decision_support
outputs/13_v12_case_adaptive_tail_gain/iteration_1/case_cache/adaptive_oof/case_81.csv,1261,non_deployed_completed_decision_support
outputs/13_v12_case_adaptive_tail_gain/iteration_1/case_cache/adaptive_oof/case_82.csv,1262,non_deployed_completed_decision_support
outputs/13_v12_case_adaptive_tail_gain/iteration_1/case_cache/adaptive_oof/case_83.csv,1266,non_deployed_completed_decision_support
outputs/13_v12_case_adaptive_tail_gain/iteration_1/case_cache/adaptive_oof/case_84.csv,1255,non_deployed_completed_decision_support
outputs/13_v12_case_adaptive_tail_gain/iteration_1/case_cache/adaptive_oof/case_85.csv,1256,non_deployed_completed_decision_support
outputs/13_v12_case_adaptive_tail_gain/iteration_1/case_cache/adaptive_oof/case_86.csv,1260,non_deployed_completed_decision_support
outputs/13_v12_case_adaptive_tail_gain/iteration_1/case_cache/adaptive_oof/case_87.csv,1278,non_deployed_completed_decision_support
outputs/13_v12_case_adaptive_tail_gain/iteration_1/case_cache/adaptive_oof/case_89.csv,1259,non_deployed_completed_decision_support
outputs/13_v12_case_adaptive_tail_gain/iteration_1/case_cache/adaptive_oof/case_91.csv,1256,non_deployed_completed_decision_support
outputs/13_v12_case_adaptive_tail_gain/iteration_1/case_cache/adaptive_oof/case_92.csv,1270,non_deployed_completed_decision_support
outputs/13_v12_case_adaptive_tail_gain/iteration_1/case_cache/adaptive_oof/case_93.csv,1260,non_deployed_completed_decision_support
outputs/13_v12_case_adaptive_tail_gain/iteration_1/case_cache/adaptive_oof/case_94.csv,1256,non_deployed_completed_decision_support
outputs/13_v12_case_adaptive_tail_gain/iteration_1/case_cache/adaptive_oof/case_95.csv,1271,non_deployed_completed_decision_support
outputs/13_v12_case_adaptive_tail_gain/iteration_1/case_cache/adaptive_oof/case_96.csv,1249,non_deployed_completed_decision_support
outputs/13_v12_case_adaptive_tail_gain/iteration_1/case_cache/adaptive_oof/case_97.csv,1255,non_deployed_completed_decision_support
outputs/13_v12_case_adaptive_tail_gain/iteration_1/case_cache/adaptive_oof/case_98.csv,1267,non_deployed_completed_decision_support
outputs/13_v12_case_adaptive_tail_gain/iteration_1/case_cache/adaptive_oof/case_99.csv,1266,non_deployed_completed_decision_support
outputs/13_v12_case_adaptive_tail_gain/iteration_1/case_cache/oracle_grid/case_01.csv,42844,non_deployed_completed_decision_support
outputs/13_v12_case_adaptive_tail_gain/iteration_1/case_cache/oracle_grid/case_06.csv,42972,non_deployed_completed_decision_support
outputs/13_v12_case_adaptive_tail_gain/iteration_1/case_cache/oracle_grid/case_10.csv,42843,non_deployed_completed_decision_support
outputs/13_v12_case_adaptive_tail_gain/iteration_1/case_cache/oracle_grid/case_100.csv,42724,non_deployed_completed_decision_support
outputs/13_v12_case_adaptive_tail_gain/iteration_1/case_cache/oracle_grid/case_101.csv,43058,non_deployed_completed_decision_support
outputs/13_v12_case_adaptive_tail_gain/iteration_1/case_cache/oracle_grid/case_102.csv,42880,non_deployed_completed_decision_support
outputs/13_v12_case_adaptive_tail_gain/iteration_1/case_cache/oracle_grid/case_104.csv,42669,non_deployed_completed_decision_support
outputs/13_v12_case_adaptive_tail_gain/iteration_1/case_cache/oracle_grid/case_105.csv,42152,non_deployed_completed_decision_support
outputs/13_v12_case_adaptive_tail_gain/iteration_1/case_cache/oracle_grid/case_106.csv,42947,non_deployed_completed_decision_support
outputs/13_v12_case_adaptive_tail_gain/iteration_1/case_cache/oracle_grid/case_107.csv,42866,non_deployed_completed_decision_support
outputs/13_v12_case_adaptive_tail_gain/iteration_1/case_cache/oracle_grid/case_109.csv,42697,non_deployed_completed_decision_support
outputs/13_v12_case_adaptive_tail_gain/iteration_1/case_cache/oracle_grid/case_11.csv,42968,non_deployed_completed_decision_support
outputs/13_v12_case_adaptive_tail_gain/iteration_1/case_cache/oracle_grid/case_110.csv,42436,non_deployed_completed_decision_support
outputs/13_v12_case_adaptive_tail_gain/iteration_1/case_cache/oracle_grid/case_111.csv,42983,non_deployed_completed_decision_support
outputs/13_v12_case_adaptive_tail_gain/iteration_1/case_cache/oracle_grid/case_114.csv,42360,non_deployed_completed_decision_support
outputs/13_v12_case_adaptive_tail_gain/iteration_1/case_cache/oracle_grid/case_115.csv,42817,non_deployed_completed_decision_support
outputs/13_v12_case_adaptive_tail_gain/iteration_1/case_cache/oracle_grid/case_116.csv,42877,non_deployed_completed_decision_support
outputs/13_v12_case_adaptive_tail_gain/iteration_1/case_cache/oracle_grid/case_117.csv,43191,non_deployed_completed_decision_support
outputs/13_v12_case_adaptive_tail_gain/iteration_1/case_cache/oracle_grid/case_118.csv,42122,non_deployed_completed_decision_support
outputs/13_v12_case_adaptive_tail_gain/iteration_1/case_cache/oracle_grid/case_119.csv,42476,non_deployed_completed_decision_support
outputs/13_v12_case_adaptive_tail_gain/iteration_1/case_cache/oracle_grid/case_12.csv,42974,non_deployed_completed_decision_support
outputs/13_v12_case_adaptive_tail_gain/iteration_1/case_cache/oracle_grid/case_120.csv,43065,non_deployed_completed_decision_support
outputs/13_v12_case_adaptive_tail_gain/iteration_1/case_cache/oracle_grid/case_121.csv,43121,non_deployed_completed_decision_support
outputs/13_v12_case_adaptive_tail_gain/iteration_1/case_cache/oracle_grid/case_122.csv,42384,non_deployed_completed_decision_support
outputs/13_v12_case_adaptive_tail_gain/iteration_1/case_cache/oracle_grid/case_124.csv,42873,non_deployed_completed_decision_support
outputs/13_v12_case_adaptive_tail_gain/iteration_1/case_cache/oracle_grid/case_125.csv,42757,non_deployed_completed_decision_support
outputs/13_v12_case_adaptive_tail_gain/iteration_1/case_cache/oracle_grid/case_127.csv,42998,non_deployed_completed_decision_support
outputs/13_v12_case_adaptive_tail_gain/iteration_1/case_cache/oracle_grid/case_128.csv,42461,non_deployed_completed_decision_support
outputs/13_v12_case_adaptive_tail_gain/iteration_1/case_cache/oracle_grid/case_129.csv,43076,non_deployed_completed_decision_support
outputs/13_v12_case_adaptive_tail_gain/iteration_1/case_cache/oracle_grid/case_13.csv,43044,non_deployed_completed_decision_support
outputs/13_v12_case_adaptive_tail_gain/iteration_1/case_cache/oracle_grid/case_130.csv,43113,non_deployed_completed_decision_support
outputs/13_v12_case_adaptive_tail_gain/iteration_1/case_cache/oracle_grid/case_133.csv,43028,non_deployed_completed_decision_support
outputs/13_v12_case_adaptive_tail_gain/iteration_1/case_cache/oracle_grid/case_136.csv,42563,non_deployed_completed_decision_support
outputs/13_v12_case_adaptive_tail_gain/iteration_1/case_cache/oracle_grid/case_137.csv,42408,non_deployed_completed_decision_support
outputs/13_v12_case_adaptive_tail_gain/iteration_1/case_cache/oracle_grid/case_139.csv,43095,non_deployed_completed_decision_support
outputs/13_v12_case_adaptive_tail_gain/iteration_1/case_cache/oracle_grid/case_14.csv,42692,non_deployed_completed_decision_support
outputs/13_v12_case_adaptive_tail_gain/iteration_1/case_cache/oracle_grid/case_141.csv,42662,non_deployed_completed_decision_support
outputs/13_v12_case_adaptive_tail_gain/iteration_1/case_cache/oracle_grid/case_142.csv,42815,non_deployed_completed_decision_support
outputs/13_v12_case_adaptive_tail_gain/iteration_1/case_cache/oracle_grid/case_143.csv,42933,non_deployed_completed_decision_support
outputs/13_v12_case_adaptive_tail_gain/iteration_1/case_cache/oracle_grid/case_144.csv,42849,non_deployed_completed_decision_support
outputs/13_v12_case_adaptive_tail_gain/iteration_1/case_cache/oracle_grid/case_145.csv,43077,non_deployed_completed_decision_support
outputs/13_v12_case_adaptive_tail_gain/iteration_1/case_cache/oracle_grid/case_146.csv,42677,non_deployed_completed_decision_support
outputs/13_v12_case_adaptive_tail_gain/iteration_1/case_cache/oracle_grid/case_147.csv,43458,non_deployed_completed_decision_support
outputs/13_v12_case_adaptive_tail_gain/iteration_1/case_cache/oracle_grid/case_148.csv,43005,non_deployed_completed_decision_support
outputs/13_v12_case_adaptive_tail_gain/iteration_1/case_cache/oracle_grid/case_15.csv,42882,non_deployed_completed_decision_support
outputs/13_v12_case_adaptive_tail_gain/iteration_1/case_cache/oracle_grid/case_150.csv,43109,non_deployed_completed_decision_support
outputs/13_v12_case_adaptive_tail_gain/iteration_1/case_cache/oracle_grid/case_151.csv,42722,non_deployed_completed_decision_support
outputs/13_v12_case_adaptive_tail_gain/iteration_1/case_cache/oracle_grid/case_153.csv,42940,non_deployed_completed_decision_support
outputs/13_v12_case_adaptive_tail_gain/iteration_1/case_cache/oracle_grid/case_154.csv,43196,non_deployed_completed_decision_support
outputs/13_v12_case_adaptive_tail_gain/iteration_1/case_cache/oracle_grid/case_155.csv,43115,non_deployed_completed_decision_support
outputs/13_v12_case_adaptive_tail_gain/iteration_1/case_cache/oracle_grid/case_156.csv,43190,non_deployed_completed_decision_support
outputs/13_v12_case_adaptive_tail_gain/iteration_1/case_cache/oracle_grid/case_157.csv,42702,non_deployed_completed_decision_support
outputs/13_v12_case_adaptive_tail_gain/iteration_1/case_cache/oracle_grid/case_158.csv,42771,non_deployed_completed_decision_support
outputs/13_v12_case_adaptive_tail_gain/iteration_1/case_cache/oracle_grid/case_159.csv,43460,non_deployed_completed_decision_support
outputs/13_v12_case_adaptive_tail_gain/iteration_1/case_cache/oracle_grid/case_16.csv,42741,non_deployed_completed_decision_support
outputs/13_v12_case_adaptive_tail_gain/iteration_1/case_cache/oracle_grid/case_163.csv,43321,non_deployed_completed_decision_support
outputs/13_v12_case_adaptive_tail_gain/iteration_1/case_cache/oracle_grid/case_164.csv,42880,non_deployed_completed_decision_support
outputs/13_v12_case_adaptive_tail_gain/iteration_1/case_cache/oracle_grid/case_165.csv,43054,non_deployed_completed_decision_support
outputs/13_v12_case_adaptive_tail_gain/iteration_1/case_cache/oracle_grid/case_166.csv,43007,non_deployed_completed_decision_support
outputs/13_v12_case_adaptive_tail_gain/iteration_1/case_cache/oracle_grid/case_169.csv,43076,non_deployed_completed_decision_support
outputs/13_v12_case_adaptive_tail_gain/iteration_1/case_cache/oracle_grid/case_17.csv,42952,non_deployed_completed_decision_support
outputs/13_v12_case_adaptive_tail_gain/iteration_1/case_cache/oracle_grid/case_170.csv,42701,non_deployed_completed_decision_support
outputs/13_v12_case_adaptive_tail_gain/iteration_1/case_cache/oracle_grid/case_171.csv,42954,non_deployed_completed_decision_support
outputs/13_v12_case_adaptive_tail_gain/iteration_1/case_cache/oracle_grid/case_173.csv,42947,non_deployed_completed_decision_support
outputs/13_v12_case_adaptive_tail_gain/iteration_1/case_cache/oracle_grid/case_175.csv,42983,non_deployed_completed_decision_support
outputs/13_v12_case_adaptive_tail_gain/iteration_1/case_cache/oracle_grid/case_176.csv,43180,non_deployed_completed_decision_support
outputs/13_v12_case_adaptive_tail_gain/iteration_1/case_cache/oracle_grid/case_179.csv,43021,non_deployed_completed_decision_support
outputs/13_v12_case_adaptive_tail_gain/iteration_1/case_cache/oracle_grid/case_18.csv,42711,non_deployed_completed_decision_support
outputs/13_v12_case_adaptive_tail_gain/iteration_1/case_cache/oracle_grid/case_180.csv,42988,non_deployed_completed_decision_support
outputs/13_v12_case_adaptive_tail_gain/iteration_1/case_cache/oracle_grid/case_181.csv,43117,non_deployed_completed_decision_support
outputs/13_v12_case_adaptive_tail_gain/iteration_1/case_cache/oracle_grid/case_182.csv,43063,non_deployed_completed_decision_support
outputs/13_v12_case_adaptive_tail_gain/iteration_1/case_cache/oracle_grid/case_183.csv,42919,non_deployed_completed_decision_support
outputs/13_v12_case_adaptive_tail_gain/iteration_1/case_cache/oracle_grid/case_184.csv,43131,non_deployed_completed_decision_support
outputs/13_v12_case_adaptive_tail_gain/iteration_1/case_cache/oracle_grid/case_185.csv,42887,non_deployed_completed_decision_support
outputs/13_v12_case_adaptive_tail_gain/iteration_1/case_cache/oracle_grid/case_186.csv,42872,non_deployed_completed_decision_support
outputs/13_v12_case_adaptive_tail_gain/iteration_1/case_cache/oracle_grid/case_187.csv,43049,non_deployed_completed_decision_support
outputs/13_v12_case_adaptive_tail_gain/iteration_1/case_cache/oracle_grid/case_188.csv,42737,non_deployed_completed_decision_support
outputs/13_v12_case_adaptive_tail_gain/iteration_1/case_cache/oracle_grid/case_189.csv,42992,non_deployed_completed_decision_support
outputs/13_v12_case_adaptive_tail_gain/iteration_1/case_cache/oracle_grid/case_19.csv,42858,non_deployed_completed_decision_support
outputs/13_v12_case_adaptive_tail_gain/iteration_1/case_cache/oracle_grid/case_190.csv,42932,non_deployed_completed_decision_support
outputs/13_v12_case_adaptive_tail_gain/iteration_1/case_cache/oracle_grid/case_191.csv,42923,non_deployed_completed_decision_support
outputs/13_v12_case_adaptive_tail_gain/iteration_1/case_cache/oracle_grid/case_192.csv,42976,non_deployed_completed_decision_support
outputs/13_v12_case_adaptive_tail_gain/iteration_1/case_cache/oracle_grid/case_193.csv,42977,non_deployed_completed_decision_support
outputs/13_v12_case_adaptive_tail_gain/iteration_1/case_cache/oracle_grid/case_194.csv,42959,non_deployed_completed_decision_support
outputs/13_v12_case_adaptive_tail_gain/iteration_1/case_cache/oracle_grid/case_195.csv,43084,non_deployed_completed_decision_support
outputs/13_v12_case_adaptive_tail_gain/iteration_1/case_cache/oracle_grid/case_196.csv,43428,non_deployed_completed_decision_support
outputs/13_v12_case_adaptive_tail_gain/iteration_1/case_cache/oracle_grid/case_197.csv,43499,non_deployed_completed_decision_support
outputs/13_v12_case_adaptive_tail_gain/iteration_1/case_cache/oracle_grid/case_199.csv,43278,non_deployed_completed_decision_support
outputs/13_v12_case_adaptive_tail_gain/iteration_1/case_cache/oracle_grid/case_20.csv,43037,non_deployed_completed_decision_support
outputs/13_v12_case_adaptive_tail_gain/iteration_1/case_cache/oracle_grid/case_200.csv,43000,non_deployed_completed_decision_support
outputs/13_v12_case_adaptive_tail_gain/iteration_1/case_cache/oracle_grid/case_21.csv,42407,non_deployed_completed_decision_support
outputs/13_v12_case_adaptive_tail_gain/iteration_1/case_cache/oracle_grid/case_24.csv,42300,non_deployed_completed_decision_support
outputs/13_v12_case_adaptive_tail_gain/iteration_1/case_cache/oracle_grid/case_27.csv,42514,non_deployed_completed_decision_support
outputs/13_v12_case_adaptive_tail_gain/iteration_1/case_cache/oracle_grid/case_28.csv,42978,non_deployed_completed_decision_support
outputs/13_v12_case_adaptive_tail_gain/iteration_1/case_cache/oracle_grid/case_29.csv,42170,non_deployed_completed_decision_support
outputs/13_v12_case_adaptive_tail_gain/iteration_1/case_cache/oracle_grid/case_32.csv,42943,non_deployed_completed_decision_support
outputs/13_v12_case_adaptive_tail_gain/iteration_1/case_cache/oracle_grid/case_34.csv,42731,non_deployed_completed_decision_support
outputs/13_v12_case_adaptive_tail_gain/iteration_1/case_cache/oracle_grid/case_35.csv,42800,non_deployed_completed_decision_support
outputs/13_v12_case_adaptive_tail_gain/iteration_1/case_cache/oracle_grid/case_36.csv,42496,non_deployed_completed_decision_support
outputs/13_v12_case_adaptive_tail_gain/iteration_1/case_cache/oracle_grid/case_39.csv,42773,non_deployed_completed_decision_support
outputs/13_v12_case_adaptive_tail_gain/iteration_1/case_cache/oracle_grid/case_40.csv,42567,non_deployed_completed_decision_support
outputs/13_v12_case_adaptive_tail_gain/iteration_1/case_cache/oracle_grid/case_42.csv,42197,non_deployed_completed_decision_support
outputs/13_v12_case_adaptive_tail_gain/iteration_1/case_cache/oracle_grid/case_43.csv,41872,non_deployed_completed_decision_support
outputs/13_v12_case_adaptive_tail_gain/iteration_1/case_cache/oracle_grid/case_44.csv,42579,non_deployed_completed_decision_support
outputs/13_v12_case_adaptive_tail_gain/iteration_1/case_cache/oracle_grid/case_45.csv,43306,non_deployed_completed_decision_support
outputs/13_v12_case_adaptive_tail_gain/iteration_1/case_cache/oracle_grid/case_47.csv,42682,non_deployed_completed_decision_support
outputs/13_v12_case_adaptive_tail_gain/iteration_1/case_cache/oracle_grid/case_48.csv,42746,non_deployed_completed_decision_support
outputs/13_v12_case_adaptive_tail_gain/iteration_1/case_cache/oracle_grid/case_49.csv,42670,non_deployed_completed_decision_support
outputs/13_v12_case_adaptive_tail_gain/iteration_1/case_cache/oracle_grid/case_51.csv,42600,non_deployed_completed_decision_support
outputs/13_v12_case_adaptive_tail_gain/iteration_1/case_cache/oracle_grid/case_52.csv,42632,non_deployed_completed_decision_support
outputs/13_v12_case_adaptive_tail_gain/iteration_1/case_cache/oracle_grid/case_54.csv,42563,non_deployed_completed_decision_support
outputs/13_v12_case_adaptive_tail_gain/iteration_1/case_cache/oracle_grid/case_56.csv,42075,non_deployed_completed_decision_support
outputs/13_v12_case_adaptive_tail_gain/iteration_1/case_cache/oracle_grid/case_57.csv,43185,non_deployed_completed_decision_support
outputs/13_v12_case_adaptive_tail_gain/iteration_1/case_cache/oracle_grid/case_58.csv,42986,non_deployed_completed_decision_support
outputs/13_v12_case_adaptive_tail_gain/iteration_1/case_cache/oracle_grid/case_59.csv,42841,non_deployed_completed_decision_support
outputs/13_v12_case_adaptive_tail_gain/iteration_1/case_cache/oracle_grid/case_60.csv,42515,non_deployed_completed_decision_support
outputs/13_v12_case_adaptive_tail_gain/iteration_1/case_cache/oracle_grid/case_61.csv,42814,non_deployed_completed_decision_support
outputs/13_v12_case_adaptive_tail_gain/iteration_1/case_cache/oracle_grid/case_62.csv,41793,non_deployed_completed_decision_support
outputs/13_v12_case_adaptive_tail_gain/iteration_1/case_cache/oracle_grid/case_63.csv,43121,non_deployed_completed_decision_support
outputs/13_v12_case_adaptive_tail_gain/iteration_1/case_cache/oracle_grid/case_64.csv,42512,non_deployed_completed_decision_support
outputs/13_v12_case_adaptive_tail_gain/iteration_1/case_cache/oracle_grid/case_66.csv,42213,non_deployed_completed_decision_support
outputs/13_v12_case_adaptive_tail_gain/iteration_1/case_cache/oracle_grid/case_67.csv,42661,non_deployed_completed_decision_support
outputs/13_v12_case_adaptive_tail_gain/iteration_1/case_cache/oracle_grid/case_68.csv,43168,non_deployed_completed_decision_support
outputs/13_v12_case_adaptive_tail_gain/iteration_1/case_cache/oracle_grid/case_69.csv,42921,non_deployed_completed_decision_support
outputs/13_v12_case_adaptive_tail_gain/iteration_1/case_cache/oracle_grid/case_71.csv,43153,non_deployed_completed_decision_support
outputs/13_v12_case_adaptive_tail_gain/iteration_1/case_cache/oracle_grid/case_72.csv,41898,non_deployed_completed_decision_support
outputs/13_v12_case_adaptive_tail_gain/iteration_1/case_cache/oracle_grid/case_73.csv,41738,non_deployed_completed_decision_support
outputs/13_v12_case_adaptive_tail_gain/iteration_1/case_cache/oracle_grid/case_74.csv,42738,non_deployed_completed_decision_support
outputs/13_v12_case_adaptive_tail_gain/iteration_1/case_cache/oracle_grid/case_75.csv,42664,non_deployed_completed_decision_support
outputs/13_v12_case_adaptive_tail_gain/iteration_1/case_cache/oracle_grid/case_77.csv,42807,non_deployed_completed_decision_support
outputs/13_v12_case_adaptive_tail_gain/iteration_1/case_cache/oracle_grid/case_78.csv,42369,non_deployed_completed_decision_support
outputs/13_v12_case_adaptive_tail_gain/iteration_1/case_cache/oracle_grid/case_79.csv,42924,non_deployed_completed_decision_support
outputs/13_v12_case_adaptive_tail_gain/iteration_1/case_cache/oracle_grid/case_81.csv,43010,non_deployed_completed_decision_support
outputs/13_v12_case_adaptive_tail_gain/iteration_1/case_cache/oracle_grid/case_82.csv,42862,non_deployed_completed_decision_support
outputs/13_v12_case_adaptive_tail_gain/iteration_1/case_cache/oracle_grid/case_83.csv,43192,non_deployed_completed_decision_support
outputs/13_v12_case_adaptive_tail_gain/iteration_1/case_cache/oracle_grid/case_84.csv,42879,non_deployed_completed_decision_support
outputs/13_v12_case_adaptive_tail_gain/iteration_1/case_cache/oracle_grid/case_85.csv,42872,non_deployed_completed_decision_support
outputs/13_v12_case_adaptive_tail_gain/iteration_1/case_cache/oracle_grid/case_86.csv,42785,non_deployed_completed_decision_support
outputs/13_v12_case_adaptive_tail_gain/iteration_1/case_cache/oracle_grid/case_87.csv,43417,non_deployed_completed_decision_support
outputs/13_v12_case_adaptive_tail_gain/iteration_1/case_cache/oracle_grid/case_89.csv,42618,non_deployed_completed_decision_support
outputs/13_v12_case_adaptive_tail_gain/iteration_1/case_cache/oracle_grid/case_91.csv,42997,non_deployed_completed_decision_support
outputs/13_v12_case_adaptive_tail_gain/iteration_1/case_cache/oracle_grid/case_92.csv,43034,non_deployed_completed_decision_support
outputs/13_v12_case_adaptive_tail_gain/iteration_1/case_cache/oracle_grid/case_93.csv,43174,non_deployed_completed_decision_support
outputs/13_v12_case_adaptive_tail_gain/iteration_1/case_cache/oracle_grid/case_94.csv,42740,non_deployed_completed_decision_support
outputs/13_v12_case_adaptive_tail_gain/iteration_1/case_cache/oracle_grid/case_95.csv,42798,non_deployed_completed_decision_support
outputs/13_v12_case_adaptive_tail_gain/iteration_1/case_cache/oracle_grid/case_96.csv,42358,non_deployed_completed_decision_support
outputs/13_v12_case_adaptive_tail_gain/iteration_1/case_cache/oracle_grid/case_97.csv,42945,non_deployed_completed_decision_support
outputs/13_v12_case_adaptive_tail_gain/iteration_1/case_cache/oracle_grid/case_98.csv,43483,non_deployed_completed_decision_support
outputs/13_v12_case_adaptive_tail_gain/iteration_1/case_cache/oracle_grid/case_99.csv,42841,non_deployed_completed_decision_support
outputs/13_v12_case_adaptive_tail_gain/iteration_1/design_rationale.json,1545,non_deployed_completed_decision_support
outputs/13_v12_case_adaptive_tail_gain/iteration_1/executed_notebooks/v12_case_adaptive_gain_executed_job_18853158.ipynb,137044,non_deployed_completed_decision_support
outputs/13_v12_case_adaptive_tail_gain/iteration_1/final_configuration_candidate_scores.csv,7347,non_deployed_completed_decision_support
outputs/13_v12_case_adaptive_tail_gain/iteration_1/final_configuration_cv_fold_manifest.csv,3087,non_deployed_completed_decision_support
outputs/13_v12_case_adaptive_tail_gain/iteration_1/frozen_input_hash_audit.csv,1452,non_deployed_completed_decision_support
outputs/13_v12_case_adaptive_tail_gain/iteration_1/gain_candidate_registry.csv,3224,non_deployed_completed_decision_support
outputs/13_v12_case_adaptive_tail_gain/iteration_1/gain_layer_nested_oof_predictions.csv,73313,non_deployed_completed_decision_support
outputs/13_v12_case_adaptive_tail_gain/iteration_1/gain_model_refit_on_149.json,1203,non_deployed_completed_decision_support
outputs/13_v12_case_adaptive_tail_gain/iteration_1/nested_inner_candidate_scores.csv,35815,non_deployed_completed_decision_support
outputs/13_v12_case_adaptive_tail_gain/iteration_1/nested_outer_fold_manifest.csv,3087,non_deployed_completed_decision_support
outputs/13_v12_case_adaptive_tail_gain/iteration_1/nested_outer_selected_candidates.csv,1148,non_deployed_completed_decision_support
outputs/13_v12_case_adaptive_tail_gain/iteration_1/oracle_gain_grid_case_metrics.csv.gz,1318252,non_deployed_completed_decision_support
outputs/13_v12_case_adaptive_tail_gain/iteration_1/oracle_gain_targets.csv,56379,non_deployed_completed_decision_support
outputs/13_v12_case_adaptive_tail_gain/iteration_1/preflight_checks.csv,259,non_deployed_completed_decision_support
outputs/13_v12_case_adaptive_tail_gain/iteration_1/run_configuration.json,663,non_deployed_completed_decision_support
outputs/13_v12_case_adaptive_tail_gain/iteration_1/run_status.json,859,non_deployed_completed_decision_support
outputs/13_v12_case_adaptive_tail_gain/iteration_1/selected_deployment_formula.csv,3040,non_deployed_completed_decision_support
outputs/13_v12_case_adaptive_tail_gain/iteration_1/selected_deployment_formula.txt,3079,non_deployed_completed_decision_support
outputs/13_v12_case_adaptive_tail_gain/iteration_1/v12_candidate_adaptive_formula.csv,4730,non_deployed_completed_decision_support
outputs/13_v12_case_adaptive_tail_gain/iteration_1/v12_candidate_adaptive_formula.txt,4887,non_deployed_completed_decision_support
outputs/13_v12_case_adaptive_tail_gain/iteration_1/v12_case_metric_deltas.png,95683,non_deployed_completed_decision_support
outputs/13_v12_case_adaptive_tail_gain/iteration_1/v12_comparison_case_metrics.csv.gz,113021,non_deployed_completed_decision_support
outputs/13_v12_case_adaptive_tail_gain/iteration_1/v12_comparison_scope_metrics.csv,6156,non_deployed_completed_decision_support
outputs/13_v12_case_adaptive_tail_gain/iteration_1/v12_complete.json,836,non_deployed_completed_decision_support
outputs/13_v12_case_adaptive_tail_gain/iteration_1/v12_oracle_and_oof_gain.png,119476,non_deployed_completed_decision_support
outputs/13_v12_case_adaptive_tail_gain/iteration_1/v12_paired_similarity_group_bootstrap.csv,2024,non_deployed_completed_decision_support
outputs/13_v12_case_adaptive_tail_gain/iteration_1/v12_promotion_decision.json,516,non_deployed_completed_decision_support
outputs/13_v12_case_adaptive_tail_gain/iteration_1/v12_promotion_gates.csv,898,non_deployed_completed_decision_support
outputs/13_v12_case_adaptive_tail_gain/iteration_1/v12_signature.json,12916,non_deployed_completed_decision_support
outputs/15_v13_structural_tail_residual/iteration_1/design_rationale.json,763,non_deployed_completed_decision_support
outputs/15_v13_structural_tail_residual/iteration_1/executed_notebooks/v13_structural_residual_executed_job_18863732.ipynb,103279,non_deployed_completed_decision_support
outputs/15_v13_structural_tail_residual/iteration_1/feature_registry.csv,2153,non_deployed_completed_decision_support
outputs/15_v13_structural_tail_residual/iteration_1/frozen_input_hash_audit.csv,4775,non_deployed_completed_decision_support
outputs/15_v13_structural_tail_residual/iteration_1/preflight_checks.csv,439,non_deployed_completed_decision_support
outputs/15_v13_structural_tail_residual/iteration_1/run_configuration.json,849,non_deployed_completed_decision_support
outputs/15_v13_structural_tail_residual/iteration_1/run_status.json,909,non_deployed_completed_decision_support
outputs/15_v13_structural_tail_residual/iteration_1/selected_deployment_formula.csv,2976,non_deployed_completed_decision_support
outputs/15_v13_structural_tail_residual/iteration_1/selected_deployment_formula.txt,2959,non_deployed_completed_decision_support
outputs/15_v13_structural_tail_residual/iteration_1/stages/stage_structural_residual/candidate_validation_metrics.csv,42566,non_deployed_completed_decision_support
outputs/15_v13_structural_tail_residual/iteration_1/stages/stage_structural_residual/frontier.csv,31132,non_deployed_completed_decision_support
outputs/15_v13_structural_tail_residual/iteration_1/stages/stage_structural_residual/full_validation_shortlist.csv,31132,non_deployed_completed_decision_support
outputs/15_v13_structural_tail_residual/iteration_1/stages/stage_structural_residual/search_progress.json,337,non_deployed_completed_decision_support
outputs/15_v13_structural_tail_residual/iteration_1/stages/stage_structural_residual/search_signature.json,4127,non_deployed_completed_decision_support
outputs/15_v13_structural_tail_residual/iteration_1/stages/stage_structural_residual/segment_attempt_audit.csv,1060,non_deployed_completed_decision_support
outputs/15_v13_structural_tail_residual/iteration_1/stages/stage_structural_residual/selected_formula.csv,4481,non_deployed_completed_decision_support
outputs/15_v13_structural_tail_residual/iteration_1/v13_all149_model_comparison.png,58405,non_deployed_completed_decision_support
outputs/15_v13_structural_tail_residual/iteration_1/v13_candidate_formula.csv,4711,non_deployed_completed_decision_support
outputs/15_v13_structural_tail_residual/iteration_1/v13_candidate_formula.txt,8602,non_deployed_completed_decision_support
outputs/15_v13_structural_tail_residual/iteration_1/v13_case_failure_registry.csv,108518,non_deployed_completed_decision_support
outputs/15_v13_structural_tail_residual/iteration_1/v13_case_metric_deltas.png,142135,non_deployed_completed_decision_support
outputs/15_v13_structural_tail_residual/iteration_1/v13_case_metrics.csv.gz,73371,non_deployed_completed_decision_support
outputs/15_v13_structural_tail_residual/iteration_1/v13_complete.json,886,non_deployed_completed_decision_support
outputs/15_v13_structural_tail_residual/iteration_1/v13_promotion_decision.json,431,non_deployed_completed_decision_support
outputs/15_v13_structural_tail_residual/iteration_1/v13_promotion_gates.csv,1041,non_deployed_completed_decision_support
outputs/15_v13_structural_tail_residual/iteration_1/v13_scope_metrics.csv,3370,non_deployed_completed_decision_support
outputs/15_v13_structural_tail_residual/iteration_1/v13_signature.json,7731,non_deployed_completed_decision_support
outputs/16_v13_residual_gain_audit/iteration_1/all149_selected_gain_comparison.png,65471,non_deployed_completed_decision_support
outputs/16_v13_residual_gain_audit/iteration_1/audit_signature.json,5356,non_deployed_completed_decision_support
outputs/16_v13_residual_gain_audit/iteration_1/executed_notebooks/v13_residual_gain_audit_executed_job_18879593.ipynb,74733,non_deployed_completed_decision_support
outputs/16_v13_residual_gain_audit/iteration_1/frozen_input_hash_audit.csv,1394,non_deployed_completed_decision_support
outputs/16_v13_residual_gain_audit/iteration_1/gain_audit_complete.json,643,non_deployed_completed_decision_support
outputs/16_v13_residual_gain_audit/iteration_1/gain_confirmation_gates.csv,848,non_deployed_completed_decision_support
outputs/16_v13_residual_gain_audit/iteration_1/parent_v13_reproduction_checks.csv,4690,non_deployed_completed_decision_support
outputs/16_v13_residual_gain_audit/iteration_1/preflight_checks.csv,293,non_deployed_completed_decision_support
outputs/16_v13_residual_gain_audit/iteration_1/residual_gain_decision.json,430,non_deployed_completed_decision_support
outputs/16_v13_residual_gain_audit/iteration_1/run_status.json,666,non_deployed_completed_decision_support
outputs/16_v13_residual_gain_audit/iteration_1/selected_gain_case_metrics.csv.gz,104111,non_deployed_completed_decision_support
outputs/16_v13_residual_gain_audit/iteration_1/selected_gain_formula.csv,788,non_deployed_completed_decision_support
outputs/16_v13_residual_gain_audit/iteration_1/selected_gain_formula.txt,4063,non_deployed_completed_decision_support
outputs/16_v13_residual_gain_audit/iteration_1/selected_gain_scope_metrics.csv,4942,non_deployed_completed_decision_support
outputs/16_v13_residual_gain_audit/iteration_1/validation_analytic_gain_distribution.png,46102,non_deployed_completed_decision_support
outputs/16_v13_residual_gain_audit/iteration_1/validation_analytic_gain_summary.json,304,non_deployed_completed_decision_support
outputs/16_v13_residual_gain_audit/iteration_1/validation_analytic_optimal_gain_by_case.csv,1343,non_deployed_completed_decision_support
outputs/16_v13_residual_gain_audit/iteration_1/validation_gain_case_metrics.csv.gz,61922,non_deployed_completed_decision_support
outputs/16_v13_residual_gain_audit/iteration_1/validation_gain_grid_metrics.csv,12831,non_deployed_completed_decision_support
outputs/16_v13_residual_gain_audit/iteration_1/validation_gain_selection.json,335,non_deployed_completed_decision_support
outputs/16_v13_residual_gain_audit/iteration_1/validation_residual_gain_tradeoff.png,149535,non_deployed_completed_decision_support
outputs/17_v11_four_rotation_formal/four_rotation_summary/aggregation_complete.json,395,executed_research_artifact
outputs/17_v11_four_rotation_formal/four_rotation_summary/all_rotation_selected_formulas.csv,19516,executed_research_artifact
outputs/17_v11_four_rotation_formal/four_rotation_summary/all_rotation_split_metrics.csv,12772,executed_research_artifact
outputs/17_v11_four_rotation_formal/four_rotation_summary/executed_notebooks/four_rotation_aggregate_executed.ipynb,15912,executed_research_artifact
outputs/17_v11_four_rotation_formal/four_rotation_summary/rotation_completion_summary.csv,1860,executed_research_artifact
outputs/17_v11_four_rotation_formal/four_rotation_summary/selected_model_stability_summary.csv,460,executed_research_artifact
outputs/17_v11_four_rotation_formal/iteration_1/pipeline_complete.json,696,executed_research_artifact
outputs/17_v11_four_rotation_formal/iteration_1/registered_artifact_hashes.csv,1551,executed_research_artifact
outputs/17_v11_four_rotation_formal/iteration_2/executed_notebooks/formal_v11_iteration_2_job_18895946.ipynb,90916,executed_research_artifact
outputs/17_v11_four_rotation_formal/iteration_2/locked_configuration.json,1552,executed_research_artifact
outputs/17_v11_four_rotation_formal/iteration_2/pipeline_complete.json,776,executed_research_artifact
outputs/17_v11_four_rotation_formal/iteration_2/run_status.json,776,executed_research_artifact
outputs/17_v11_four_rotation_formal/iteration_3/executed_notebooks/formal_v11_iteration_3_job_18929862.ipynb,89733,executed_research_artifact
outputs/17_v11_four_rotation_formal/iteration_3/locked_configuration.json,1552,executed_research_artifact
outputs/17_v11_four_rotation_formal/iteration_3/pipeline_complete.json,776,executed_research_artifact
outputs/17_v11_four_rotation_formal/iteration_3/run_status.json,776,executed_research_artifact
outputs/17_v11_four_rotation_formal/iteration_4/executed_notebooks/formal_v11_iteration_4_job_18959288.ipynb,92324,executed_research_artifact
outputs/17_v11_four_rotation_formal/iteration_4/locked_configuration.json,1552,executed_research_artifact
outputs/17_v11_four_rotation_formal/iteration_4/pipeline_complete.json,777,executed_research_artifact
outputs/17_v11_four_rotation_formal/iteration_4/run_status.json,777,executed_research_artifact
outputs/18_149case_development_integration/formal_149case_integration/case_cache_audit.csv,31394,executed_research_artifact
outputs/18_149case_development_integration/formal_149case_integration/development_candidate_case_metrics.csv.gz,123916,executed_research_artifact
outputs/18_149case_development_integration/formal_149case_integration/development_candidate_comparison.png,246770,executed_research_artifact
outputs/18_149case_development_integration/formal_149case_integration/development_candidate_summary.csv,1952,executed_research_artifact
outputs/18_149case_development_integration/formal_149case_integration/development_integration_complete.json,687,executed_research_artifact
outputs/18_149case_development_integration/formal_149case_integration/executed_notebooks/development_integration_149_job_18984590.ipynb,118871,executed_research_artifact
outputs/18_149case_development_integration/formal_149case_integration/final_model_decision.json,1272,executed_research_artifact
outputs/18_149case_development_integration/formal_149case_integration/final_test_release_gate.json,371,executed_research_artifact
outputs/18_149case_development_integration/formal_149case_integration/four_rotation_heldout_tail_evidence.csv,768,executed_research_artifact
outputs/18_149case_development_integration/formal_149case_integration/frozen_input_hash_audit.csv,29860,executed_research_artifact
outputs/18_149case_development_integration/formal_149case_integration/locked_configuration.json,548,executed_research_artifact
outputs/18_149case_development_integration/formal_149case_integration/locked_model_formula.csv,15214,executed_research_artifact
outputs/18_149case_development_integration/formal_149case_integration/locked_model_formula.txt,15627,executed_research_artifact
outputs/18_149case_development_integration/formal_149case_integration/locked_model_manifest.json,1709,executed_research_artifact
outputs/18_149case_development_integration/formal_149case_integration/mean_calibration_case_targets_149.csv,20803,executed_research_artifact
outputs/18_149case_development_integration/formal_149case_integration/mean_calibration_fit_audit_149.csv,10389,executed_research_artifact
outputs/18_149case_development_integration/formal_149case_integration/mean_calibration_model_149.json,916,executed_research_artifact
outputs/18_149case_development_integration/formal_149case_integration/preflight_checks.csv,229,executed_research_artifact
outputs/18_149case_development_integration/formal_149case_integration/rotation_formula_inventory.csv,671,executed_research_artifact
outputs/18_149case_development_integration/formal_149case_integration/run_status.json,687,executed_research_artifact
outputs/18_149case_development_integration/formal_149case_integration/tail_activity_audit.csv,913,executed_research_artifact
outputs/18_149case_development_integration/formal_149case_integration/tail_gain_case_audit_149.csv,26755,executed_research_artifact
outputs/18_149case_development_integration/formal_149case_integration/tail_gain_fit_149.json,476,executed_research_artifact
outputs/19_one_time_final_50case_locked_149/formal_final_50case/approved_final_test_protocol.json,2279,executed_research_artifact
outputs/19_one_time_final_50case_locked_149/formal_final_50case/case_cache/case_00_metrics.csv,2110,executed_research_artifact
outputs/19_one_time_final_50case_locked_149/formal_final_50case/case_cache/case_00_plot_sample.npz,201158,executed_research_artifact
outputs/19_one_time_final_50case_locked_149/formal_final_50case/case_cache/case_00_predictors.csv,1488,executed_research_artifact
outputs/19_one_time_final_50case_locked_149/formal_final_50case/case_cache/case_02_metrics.csv,2092,executed_research_artifact
outputs/19_one_time_final_50case_locked_149/formal_final_50case/case_cache/case_02_plot_sample.npz,200926,executed_research_artifact
outputs/19_one_time_final_50case_locked_149/formal_final_50case/case_cache/case_02_predictors.csv,1486,executed_research_artifact
outputs/19_one_time_final_50case_locked_149/formal_final_50case/case_cache/case_03_metrics.csv,2115,executed_research_artifact
outputs/19_one_time_final_50case_locked_149/formal_final_50case/case_cache/case_03_plot_sample.npz,201016,executed_research_artifact
outputs/19_one_time_final_50case_locked_149/formal_final_50case/case_cache/case_03_predictors.csv,1489,executed_research_artifact
outputs/19_one_time_final_50case_locked_149/formal_final_50case/case_cache/case_04_metrics.csv,2116,executed_research_artifact
outputs/19_one_time_final_50case_locked_149/formal_final_50case/case_cache/case_04_plot_sample.npz,200571,executed_research_artifact
outputs/19_one_time_final_50case_locked_149/formal_final_50case/case_cache/case_04_predictors.csv,1492,executed_research_artifact
outputs/19_one_time_final_50case_locked_149/formal_final_50case/case_cache/case_05_metrics.csv,2109,executed_research_artifact
outputs/19_one_time_final_50case_locked_149/formal_final_50case/case_cache/case_05_plot_sample.npz,200731,executed_research_artifact
outputs/19_one_time_final_50case_locked_149/formal_final_50case/case_cache/case_05_predictors.csv,1482,executed_research_artifact
outputs/19_one_time_final_50case_locked_149/formal_final_50case/case_cache/case_07_metrics.csv,2107,executed_research_artifact
outputs/19_one_time_final_50case_locked_149/formal_final_50case/case_cache/case_07_plot_sample.npz,201000,executed_research_artifact
outputs/19_one_time_final_50case_locked_149/formal_final_50case/case_cache/case_07_predictors.csv,1492,executed_research_artifact
outputs/19_one_time_final_50case_locked_149/formal_final_50case/case_cache/case_08_metrics.csv,2111,executed_research_artifact
outputs/19_one_time_final_50case_locked_149/formal_final_50case/case_cache/case_08_plot_sample.npz,201064,executed_research_artifact
outputs/19_one_time_final_50case_locked_149/formal_final_50case/case_cache/case_08_predictors.csv,1476,executed_research_artifact
outputs/19_one_time_final_50case_locked_149/formal_final_50case/case_cache/case_09_metrics.csv,2112,executed_research_artifact
outputs/19_one_time_final_50case_locked_149/formal_final_50case/case_cache/case_09_plot_sample.npz,201108,executed_research_artifact
outputs/19_one_time_final_50case_locked_149/formal_final_50case/case_cache/case_09_predictors.csv,1488,executed_research_artifact
outputs/19_one_time_final_50case_locked_149/formal_final_50case/case_cache/case_103_metrics.csv,2108,executed_research_artifact
outputs/19_one_time_final_50case_locked_149/formal_final_50case/case_cache/case_103_plot_sample.npz,202556,executed_research_artifact
outputs/19_one_time_final_50case_locked_149/formal_final_50case/case_cache/case_103_predictors.csv,1491,executed_research_artifact
outputs/19_one_time_final_50case_locked_149/formal_final_50case/case_cache/case_108_metrics.csv,2098,executed_research_artifact
outputs/19_one_time_final_50case_locked_149/formal_final_50case/case_cache/case_108_plot_sample.npz,201528,executed_research_artifact
outputs/19_one_time_final_50case_locked_149/formal_final_50case/case_cache/case_108_predictors.csv,1495,executed_research_artifact
outputs/19_one_time_final_50case_locked_149/formal_final_50case/case_cache/case_112_metrics.csv,2113,executed_research_artifact
outputs/19_one_time_final_50case_locked_149/formal_final_50case/case_cache/case_112_plot_sample.npz,201645,executed_research_artifact
outputs/19_one_time_final_50case_locked_149/formal_final_50case/case_cache/case_112_predictors.csv,1479,executed_research_artifact
outputs/19_one_time_final_50case_locked_149/formal_final_50case/case_cache/case_113_metrics.csv,2129,executed_research_artifact
outputs/19_one_time_final_50case_locked_149/formal_final_50case/case_cache/case_113_plot_sample.npz,201126,executed_research_artifact
outputs/19_one_time_final_50case_locked_149/formal_final_50case/case_cache/case_113_predictors.csv,1491,executed_research_artifact
outputs/19_one_time_final_50case_locked_149/formal_final_50case/case_cache/case_123_metrics.csv,2127,executed_research_artifact
outputs/19_one_time_final_50case_locked_149/formal_final_50case/case_cache/case_123_plot_sample.npz,200270,executed_research_artifact
outputs/19_one_time_final_50case_locked_149/formal_final_50case/case_cache/case_123_predictors.csv,1496,executed_research_artifact
outputs/19_one_time_final_50case_locked_149/formal_final_50case/case_cache/case_126_metrics.csv,2128,executed_research_artifact
outputs/19_one_time_final_50case_locked_149/formal_final_50case/case_cache/case_126_plot_sample.npz,200515,executed_research_artifact
outputs/19_one_time_final_50case_locked_149/formal_final_50case/case_cache/case_126_predictors.csv,1487,executed_research_artifact
outputs/19_one_time_final_50case_locked_149/formal_final_50case/case_cache/case_131_metrics.csv,2136,executed_research_artifact
outputs/19_one_time_final_50case_locked_149/formal_final_50case/case_cache/case_131_plot_sample.npz,200144,executed_research_artifact
outputs/19_one_time_final_50case_locked_149/formal_final_50case/case_cache/case_131_predictors.csv,1489,executed_research_artifact
outputs/19_one_time_final_50case_locked_149/formal_final_50case/case_cache/case_132_metrics.csv,2137,executed_research_artifact
outputs/19_one_time_final_50case_locked_149/formal_final_50case/case_cache/case_132_plot_sample.npz,201178,executed_research_artifact
outputs/19_one_time_final_50case_locked_149/formal_final_50case/case_cache/case_132_predictors.csv,1490,executed_research_artifact
outputs/19_one_time_final_50case_locked_149/formal_final_50case/case_cache/case_134_metrics.csv,2100,executed_research_artifact
outputs/19_one_time_final_50case_locked_149/formal_final_50case/case_cache/case_134_plot_sample.npz,200297,executed_research_artifact
outputs/19_one_time_final_50case_locked_149/formal_final_50case/case_cache/case_134_predictors.csv,1496,executed_research_artifact
outputs/19_one_time_final_50case_locked_149/formal_final_50case/case_cache/case_135_metrics.csv,2140,executed_research_artifact
outputs/19_one_time_final_50case_locked_149/formal_final_50case/case_cache/case_135_plot_sample.npz,200941,executed_research_artifact
outputs/19_one_time_final_50case_locked_149/formal_final_50case/case_cache/case_135_predictors.csv,1494,executed_research_artifact
outputs/19_one_time_final_50case_locked_149/formal_final_50case/case_cache/case_138_metrics.csv,2105,executed_research_artifact
outputs/19_one_time_final_50case_locked_149/formal_final_50case/case_cache/case_138_plot_sample.npz,200283,executed_research_artifact
outputs/19_one_time_final_50case_locked_149/formal_final_50case/case_cache/case_138_predictors.csv,1483,executed_research_artifact
outputs/19_one_time_final_50case_locked_149/formal_final_50case/case_cache/case_140_metrics.csv,2120,executed_research_artifact
outputs/19_one_time_final_50case_locked_149/formal_final_50case/case_cache/case_140_plot_sample.npz,201018,executed_research_artifact
outputs/19_one_time_final_50case_locked_149/formal_final_50case/case_cache/case_140_predictors.csv,1491,executed_research_artifact
outputs/19_one_time_final_50case_locked_149/formal_final_50case/case_cache/case_149_metrics.csv,2138,executed_research_artifact
outputs/19_one_time_final_50case_locked_149/formal_final_50case/case_cache/case_149_plot_sample.npz,199956,executed_research_artifact
outputs/19_one_time_final_50case_locked_149/formal_final_50case/case_cache/case_149_predictors.csv,1493,executed_research_artifact
outputs/19_one_time_final_50case_locked_149/formal_final_50case/case_cache/case_152_metrics.csv,2122,executed_research_artifact
outputs/19_one_time_final_50case_locked_149/formal_final_50case/case_cache/case_152_plot_sample.npz,201508,executed_research_artifact
outputs/19_one_time_final_50case_locked_149/formal_final_50case/case_cache/case_152_predictors.csv,1491,executed_research_artifact
outputs/19_one_time_final_50case_locked_149/formal_final_50case/case_cache/case_160_metrics.csv,2139,executed_research_artifact
outputs/19_one_time_final_50case_locked_149/formal_final_50case/case_cache/case_160_plot_sample.npz,202011,executed_research_artifact
outputs/19_one_time_final_50case_locked_149/formal_final_50case/case_cache/case_160_predictors.csv,1488,executed_research_artifact
outputs/19_one_time_final_50case_locked_149/formal_final_50case/case_cache/case_161_metrics.csv,2124,executed_research_artifact
outputs/19_one_time_final_50case_locked_149/formal_final_50case/case_cache/case_161_plot_sample.npz,201454,executed_research_artifact
outputs/19_one_time_final_50case_locked_149/formal_final_50case/case_cache/case_161_predictors.csv,1499,executed_research_artifact
outputs/19_one_time_final_50case_locked_149/formal_final_50case/case_cache/case_162_metrics.csv,2119,executed_research_artifact
outputs/19_one_time_final_50case_locked_149/formal_final_50case/case_cache/case_162_plot_sample.npz,201632,executed_research_artifact
outputs/19_one_time_final_50case_locked_149/formal_final_50case/case_cache/case_162_predictors.csv,1494,executed_research_artifact
outputs/19_one_time_final_50case_locked_149/formal_final_50case/case_cache/case_167_metrics.csv,2129,executed_research_artifact
outputs/19_one_time_final_50case_locked_149/formal_final_50case/case_cache/case_167_plot_sample.npz,201738,executed_research_artifact
outputs/19_one_time_final_50case_locked_149/formal_final_50case/case_cache/case_167_predictors.csv,1484,executed_research_artifact
outputs/19_one_time_final_50case_locked_149/formal_final_50case/case_cache/case_168_metrics.csv,2119,executed_research_artifact
outputs/19_one_time_final_50case_locked_149/formal_final_50case/case_cache/case_168_plot_sample.npz,200653,executed_research_artifact
outputs/19_one_time_final_50case_locked_149/formal_final_50case/case_cache/case_168_predictors.csv,1495,executed_research_artifact
outputs/19_one_time_final_50case_locked_149/formal_final_50case/case_cache/case_172_metrics.csv,2133,executed_research_artifact
outputs/19_one_time_final_50case_locked_149/formal_final_50case/case_cache/case_172_plot_sample.npz,203353,executed_research_artifact
outputs/19_one_time_final_50case_locked_149/formal_final_50case/case_cache/case_172_predictors.csv,1486,executed_research_artifact
outputs/19_one_time_final_50case_locked_149/formal_final_50case/case_cache/case_174_metrics.csv,2120,executed_research_artifact
outputs/19_one_time_final_50case_locked_149/formal_final_50case/case_cache/case_174_plot_sample.npz,205304,executed_research_artifact
outputs/19_one_time_final_50case_locked_149/formal_final_50case/case_cache/case_174_predictors.csv,1492,executed_research_artifact
outputs/19_one_time_final_50case_locked_149/formal_final_50case/case_cache/case_177_metrics.csv,2131,executed_research_artifact
outputs/19_one_time_final_50case_locked_149/formal_final_50case/case_cache/case_177_plot_sample.npz,204976,executed_research_artifact
outputs/19_one_time_final_50case_locked_149/formal_final_50case/case_cache/case_177_predictors.csv,1489,executed_research_artifact
outputs/19_one_time_final_50case_locked_149/formal_final_50case/case_cache/case_178_metrics.csv,2134,executed_research_artifact
outputs/19_one_time_final_50case_locked_149/formal_final_50case/case_cache/case_178_plot_sample.npz,201635,executed_research_artifact
outputs/19_one_time_final_50case_locked_149/formal_final_50case/case_cache/case_178_predictors.csv,1488,executed_research_artifact
outputs/19_one_time_final_50case_locked_149/formal_final_50case/case_cache/case_198_metrics.csv,2137,executed_research_artifact
outputs/19_one_time_final_50case_locked_149/formal_final_50case/case_cache/case_198_plot_sample.npz,201237,executed_research_artifact
outputs/19_one_time_final_50case_locked_149/formal_final_50case/case_cache/case_198_predictors.csv,1492,executed_research_artifact
outputs/19_one_time_final_50case_locked_149/formal_final_50case/case_cache/case_22_metrics.csv,2097,executed_research_artifact
outputs/19_one_time_final_50case_locked_149/formal_final_50case/case_cache/case_22_plot_sample.npz,201252,executed_research_artifact
outputs/19_one_time_final_50case_locked_149/formal_final_50case/case_cache/case_22_predictors.csv,1493,executed_research_artifact
outputs/19_one_time_final_50case_locked_149/formal_final_50case/case_cache/case_23_metrics.csv,2120,executed_research_artifact
outputs/19_one_time_final_50case_locked_149/formal_final_50case/case_cache/case_23_plot_sample.npz,201178,executed_research_artifact
outputs/19_one_time_final_50case_locked_149/formal_final_50case/case_cache/case_23_predictors.csv,1486,executed_research_artifact
outputs/19_one_time_final_50case_locked_149/formal_final_50case/case_cache/case_26_metrics.csv,2055,executed_research_artifact
outputs/19_one_time_final_50case_locked_149/formal_final_50case/case_cache/case_26_plot_sample.npz,198609,executed_research_artifact
outputs/19_one_time_final_50case_locked_149/formal_final_50case/case_cache/case_26_predictors.csv,1486,executed_research_artifact
outputs/19_one_time_final_50case_locked_149/formal_final_50case/case_cache/case_31_metrics.csv,2061,executed_research_artifact
outputs/19_one_time_final_50case_locked_149/formal_final_50case/case_cache/case_31_plot_sample.npz,201563,executed_research_artifact
outputs/19_one_time_final_50case_locked_149/formal_final_50case/case_cache/case_31_predictors.csv,1485,executed_research_artifact
outputs/19_one_time_final_50case_locked_149/formal_final_50case/case_cache/case_33_metrics.csv,2097,executed_research_artifact
outputs/19_one_time_final_50case_locked_149/formal_final_50case/case_cache/case_33_plot_sample.npz,199958,executed_research_artifact
outputs/19_one_time_final_50case_locked_149/formal_final_50case/case_cache/case_33_predictors.csv,1494,executed_research_artifact
outputs/19_one_time_final_50case_locked_149/formal_final_50case/case_cache/case_37_metrics.csv,2126,executed_research_artifact
outputs/19_one_time_final_50case_locked_149/formal_final_50case/case_cache/case_37_plot_sample.npz,200807,executed_research_artifact
outputs/19_one_time_final_50case_locked_149/formal_final_50case/case_cache/case_37_predictors.csv,1493,executed_research_artifact
outputs/19_one_time_final_50case_locked_149/formal_final_50case/case_cache/case_38_metrics.csv,2092,executed_research_artifact
outputs/19_one_time_final_50case_locked_149/formal_final_50case/case_cache/case_38_plot_sample.npz,203638,executed_research_artifact
outputs/19_one_time_final_50case_locked_149/formal_final_50case/case_cache/case_38_predictors.csv,1487,executed_research_artifact
outputs/19_one_time_final_50case_locked_149/formal_final_50case/case_cache/case_41_metrics.csv,2114,executed_research_artifact
outputs/19_one_time_final_50case_locked_149/formal_final_50case/case_cache/case_41_plot_sample.npz,201583,executed_research_artifact
outputs/19_one_time_final_50case_locked_149/formal_final_50case/case_cache/case_41_predictors.csv,1480,executed_research_artifact
outputs/19_one_time_final_50case_locked_149/formal_final_50case/case_cache/case_46_metrics.csv,2112,executed_research_artifact
outputs/19_one_time_final_50case_locked_149/formal_final_50case/case_cache/case_46_plot_sample.npz,200796,executed_research_artifact
outputs/19_one_time_final_50case_locked_149/formal_final_50case/case_cache/case_46_predictors.csv,1486,executed_research_artifact
outputs/19_one_time_final_50case_locked_149/formal_final_50case/case_cache/case_50_metrics.csv,2122,executed_research_artifact
outputs/19_one_time_final_50case_locked_149/formal_final_50case/case_cache/case_50_plot_sample.npz,201948,executed_research_artifact
outputs/19_one_time_final_50case_locked_149/formal_final_50case/case_cache/case_50_predictors.csv,1479,executed_research_artifact
outputs/19_one_time_final_50case_locked_149/formal_final_50case/case_cache/case_53_metrics.csv,2116,executed_research_artifact
outputs/19_one_time_final_50case_locked_149/formal_final_50case/case_cache/case_53_plot_sample.npz,201715,executed_research_artifact
outputs/19_one_time_final_50case_locked_149/formal_final_50case/case_cache/case_53_predictors.csv,1492,executed_research_artifact
outputs/19_one_time_final_50case_locked_149/formal_final_50case/case_cache/case_55_metrics.csv,2135,executed_research_artifact
outputs/19_one_time_final_50case_locked_149/formal_final_50case/case_cache/case_55_plot_sample.npz,201323,executed_research_artifact
outputs/19_one_time_final_50case_locked_149/formal_final_50case/case_cache/case_55_predictors.csv,1492,executed_research_artifact
outputs/19_one_time_final_50case_locked_149/formal_final_50case/case_cache/case_65_metrics.csv,2126,executed_research_artifact
outputs/19_one_time_final_50case_locked_149/formal_final_50case/case_cache/case_65_plot_sample.npz,202920,executed_research_artifact
outputs/19_one_time_final_50case_locked_149/formal_final_50case/case_cache/case_65_predictors.csv,1492,executed_research_artifact
outputs/19_one_time_final_50case_locked_149/formal_final_50case/case_cache/case_70_metrics.csv,2084,executed_research_artifact
outputs/19_one_time_final_50case_locked_149/formal_final_50case/case_cache/case_70_plot_sample.npz,199992,executed_research_artifact
outputs/19_one_time_final_50case_locked_149/formal_final_50case/case_cache/case_70_predictors.csv,1485,executed_research_artifact
outputs/19_one_time_final_50case_locked_149/formal_final_50case/case_cache/case_76_metrics.csv,2095,executed_research_artifact
outputs/19_one_time_final_50case_locked_149/formal_final_50case/case_cache/case_76_plot_sample.npz,199910,executed_research_artifact
outputs/19_one_time_final_50case_locked_149/formal_final_50case/case_cache/case_76_predictors.csv,1489,executed_research_artifact
outputs/19_one_time_final_50case_locked_149/formal_final_50case/case_cache/case_80_metrics.csv,2113,executed_research_artifact
outputs/19_one_time_final_50case_locked_149/formal_final_50case/case_cache/case_80_plot_sample.npz,200593,executed_research_artifact
outputs/19_one_time_final_50case_locked_149/formal_final_50case/case_cache/case_80_predictors.csv,1475,executed_research_artifact
outputs/19_one_time_final_50case_locked_149/formal_final_50case/case_cache/case_88_metrics.csv,2135,executed_research_artifact
outputs/19_one_time_final_50case_locked_149/formal_final_50case/case_cache/case_88_plot_sample.npz,201672,executed_research_artifact
outputs/19_one_time_final_50case_locked_149/formal_final_50case/case_cache/case_88_predictors.csv,1487,executed_research_artifact
outputs/19_one_time_final_50case_locked_149/formal_final_50case/case_cache/case_90_metrics.csv,2121,executed_research_artifact
outputs/19_one_time_final_50case_locked_149/formal_final_50case/case_cache/case_90_plot_sample.npz,201055,executed_research_artifact
outputs/19_one_time_final_50case_locked_149/formal_final_50case/case_cache/case_90_predictors.csv,1492,executed_research_artifact
outputs/19_one_time_final_50case_locked_149/formal_final_50case/development_to_final_generalisation.csv,4487,executed_research_artifact
outputs/19_one_time_final_50case_locked_149/formal_final_50case/executed_notebooks/locked_149_final_executed_job_19011902.ipynb,8725454,executed_research_artifact
outputs/19_one_time_final_50case_locked_149/formal_final_50case/figure_manifest_for_thesis.csv,1421,executed_research_artifact
outputs/19_one_time_final_50case_locked_149/formal_final_50case/figures_for_thesis/01_final_model_metric_dashboard.png,357865,executed_research_artifact
outputs/19_one_time_final_50case_locked_149/formal_final_50case/figures_for_thesis/02_final_case_rmse_r2_rankings.png,207359,executed_research_artifact
outputs/19_one_time_final_50case_locked_149/formal_final_50case/figures_for_thesis/03_final_quantile_calibration.png,540596,executed_research_artifact
outputs/19_one_time_final_50case_locked_149/formal_final_50case/figures_for_thesis/04_final_tail_hotspot_case_metrics.png,277760,executed_research_artifact
outputs/19_one_time_final_50case_locked_149/formal_final_50case/figures_for_thesis/05_final_residual_diagnostics.png,864113,executed_research_artifact
outputs/19_one_time_final_50case_locked_149/formal_final_50case/figures_for_thesis/06_development_to_final_comparison.png,255585,executed_research_artifact
outputs/19_one_time_final_50case_locked_149/formal_final_50case/figures_for_thesis/07_best_case_spatial_stress_and_residual.png,1264530,executed_research_artifact
outputs/19_one_time_final_50case_locked_149/formal_final_50case/figures_for_thesis/07_median_case_spatial_stress_and_residual.png,1354009,executed_research_artifact
outputs/19_one_time_final_50case_locked_149/formal_final_50case/figures_for_thesis/07_worst_case_spatial_stress_and_residual.png,1303209,executed_research_artifact
outputs/19_one_time_final_50case_locked_149/formal_final_50case/final_50case_case_metrics.csv.gz,24593,executed_research_artifact
outputs/19_one_time_final_50case_locked_149/formal_final_50case/final_50case_predictor_summaries.csv,43324,executed_research_artifact
outputs/19_one_time_final_50case_locked_149/formal_final_50case/final_50case_scope_metrics.csv,1230,executed_research_artifact
outputs/19_one_time_final_50case_locked_149/formal_final_50case/final_case_predictor_coverage_flags.csv,1285,executed_research_artifact
outputs/19_one_time_final_50case_locked_149/formal_final_50case/final_evaluation_complete.json,1026,executed_research_artifact
outputs/19_one_time_final_50case_locked_149/formal_final_50case/final_evaluation_signature.json,8927,executed_research_artifact
outputs/19_one_time_final_50case_locked_149/formal_final_50case/final_evaluation_started.json,469,executed_research_artifact
outputs/19_one_time_final_50case_locked_149/formal_final_50case/final_fixed_uniform_plot_sample.csv.gz,17133559,executed_research_artifact
outputs/19_one_time_final_50case_locked_149/formal_final_50case/final_predictor_coverage_against_development.csv,3954,executed_research_artifact
outputs/19_one_time_final_50case_locked_149/formal_final_50case/final_primary_research_reporting_gates.csv,2478,executed_research_artifact
outputs/19_one_time_final_50case_locked_149/formal_final_50case/final_provisional_physical_boundary_report.csv,18195,executed_research_artifact
outputs/19_one_time_final_50case_locked_149/formal_final_50case/final_similarity_group_bootstrap_ci.csv,3656,executed_research_artifact
outputs/19_one_time_final_50case_locked_149/formal_final_50case/final_spatial_case_selection.csv,299,executed_research_artifact
outputs/19_one_time_final_50case_locked_149/formal_final_50case/final_test_opening_authorisation.json,386,executed_research_artifact
outputs/19_one_time_final_50case_locked_149/formal_final_50case/final_worst_15_primary_cases_by_rmse.csv,11468,executed_research_artifact
outputs/19_one_time_final_50case_locked_149/formal_final_50case/frozen_artifact_hash_audit.csv,16886,executed_research_artifact
outputs/19_one_time_final_50case_locked_149/formal_final_50case/frozen_symbolic_formulas_evaluated.csv,15214,executed_research_artifact
outputs/19_one_time_final_50case_locked_149/formal_final_50case/frozen_symbolic_formulas_evaluated.txt,15627,executed_research_artifact
outputs/19_one_time_final_50case_locked_149/formal_final_50case/preflight_checks.csv,1988,executed_research_artifact
outputs/19_one_time_final_50case_locked_149/formal_final_50case/run_status.json,275,executed_research_artifact
outputs/21_three_case_fem_vs_frozen_prediction/full_400360_element_exports/README_three_case_spatial_comparison.txt,828,verified_three_case_export
outputs/21_three_case_fem_vs_frozen_prediction/full_400360_element_exports/case_178_median_FEM_field.csv.gz,11945018,verified_three_case_export
outputs/21_three_case_fem_vs_frozen_prediction/full_400360_element_exports/case_178_median_FEM_vs_prediction_full.csv.gz,31239030,verified_three_case_export
outputs/21_three_case_fem_vs_frozen_prediction/full_400360_element_exports/case_178_median_frozen_primary_prediction_field.csv.gz,12439022,verified_three_case_export
outputs/21_three_case_fem_vs_frozen_prediction/full_400360_element_exports/case_178_median_metric_reproduction_audit.csv,2281,verified_three_case_export
outputs/21_three_case_fem_vs_frozen_prediction/full_400360_element_exports/case_178_median_primary_metrics.csv,1310,verified_three_case_export
outputs/21_three_case_fem_vs_frozen_prediction/full_400360_element_exports/case_178_median_source_read_audit.csv,330,verified_three_case_export
outputs/21_three_case_fem_vs_frozen_prediction/full_400360_element_exports/case_31_worst_FEM_field.csv.gz,12104824,verified_three_case_export
outputs/21_three_case_fem_vs_frozen_prediction/full_400360_element_exports/case_31_worst_FEM_vs_prediction_full.csv.gz,30844439,verified_three_case_export
outputs/21_three_case_fem_vs_frozen_prediction/full_400360_element_exports/case_31_worst_frozen_primary_prediction_field.csv.gz,12347481,verified_three_case_export
outputs/21_three_case_fem_vs_frozen_prediction/full_400360_element_exports/case_31_worst_metric_reproduction_audit.csv,2152,verified_three_case_export
outputs/21_three_case_fem_vs_frozen_prediction/full_400360_element_exports/case_31_worst_primary_metrics.csv,1268,verified_three_case_export
outputs/21_three_case_fem_vs_frozen_prediction/full_400360_element_exports/case_31_worst_source_read_audit.csv,327,verified_three_case_export
outputs/21_three_case_fem_vs_frozen_prediction/full_400360_element_exports/case_80_best_FEM_field.csv.gz,11768501,verified_three_case_export
outputs/21_three_case_fem_vs_frozen_prediction/full_400360_element_exports/case_80_best_FEM_vs_prediction_full.csv.gz,30866710,verified_three_case_export
outputs/21_three_case_fem_vs_frozen_prediction/full_400360_element_exports/case_80_best_frozen_primary_prediction_field.csv.gz,12107911,verified_three_case_export
outputs/21_three_case_fem_vs_frozen_prediction/full_400360_element_exports/case_80_best_metric_reproduction_audit.csv,2142,verified_three_case_export
outputs/21_three_case_fem_vs_frozen_prediction/full_400360_element_exports/case_80_best_primary_metrics.csv,1292,verified_three_case_export
outputs/21_three_case_fem_vs_frozen_prediction/full_400360_element_exports/case_80_best_source_read_audit.csv,327,verified_three_case_export
outputs/21_three_case_fem_vs_frozen_prediction/full_400360_element_exports/three_case_export_complete.json,764,verified_three_case_export
outputs/21_three_case_fem_vs_frozen_prediction/full_400360_element_exports/three_case_export_manifest.json,5941,verified_three_case_export
outputs/21_three_case_fem_vs_frozen_prediction/full_400360_element_exports/three_case_frozen_artifact_hash_audit.csv,10047,verified_three_case_export
outputs/21_three_case_fem_vs_frozen_prediction/full_400360_element_exports/three_case_primary_metrics_summary.csv,2658,verified_three_case_export
outputs/21_three_case_fem_vs_frozen_prediction/full_400360_element_exports/three_case_selection_record.csv,300,verified_three_case_export
outputs/multi_case_sensitivity_199_cases/binned_sensitivity_by_case.csv,2922902,historical_presplit_screening
outputs/multi_case_sensitivity_199_cases/case_file_inventory.csv,53770,historical_presplit_screening
outputs/multi_case_sensitivity_199_cases/case_level_summary_correlations.csv,3321,historical_presplit_screening
outputs/multi_case_sensitivity_199_cases/case_summary.csv,133676,historical_presplit_screening
outputs/multi_case_sensitivity_199_cases/case_validation.csv,8170,historical_presplit_screening
outputs/multi_case_sensitivity_199_cases/combined_case_level_rank_scores.csv,357529,historical_presplit_screening
outputs/multi_case_sensitivity_199_cases/coordinate_consistency.csv,15815,historical_presplit_screening
outputs/multi_case_sensitivity_199_cases/cross_case_combined_sensitivity_ranking.csv,1493,historical_presplit_screening
outputs/multi_case_sensitivity_199_cases/cross_case_correlation_stability.csv,2473,historical_presplit_screening
outputs/multi_case_sensitivity_199_cases/cross_case_high_stress_contrast_stability.csv,2665,historical_presplit_screening
outputs/multi_case_sensitivity_199_cases/cross_case_high_stress_difference.png,91007,historical_presplit_screening
outputs/multi_case_sensitivity_199_cases/cross_case_hotspot_fraction_rho_normalized.png,88360,historical_presplit_screening
outputs/multi_case_sensitivity_199_cases/cross_case_hotspot_fraction_theta.png,88745,historical_presplit_screening
outputs/multi_case_sensitivity_199_cases/cross_case_hotspot_fraction_z.png,75826,historical_presplit_screening
outputs/multi_case_sensitivity_199_cases/cross_case_location_hotspot_stability.csv,5851,historical_presplit_screening
outputs/multi_case_sensitivity_199_cases/cross_case_mean_abs_spearman.png,86682,historical_presplit_screening
outputs/multi_case_sensitivity_199_cases/feature_correlations_by_case.csv,318810,historical_presplit_screening
outputs/multi_case_sensitivity_199_cases/high_stress_contrast_by_case.csv,497532,historical_presplit_screening
outputs/multi_case_sensitivity_199_cases/location_hotspot_fraction_by_case.csv,994105,historical_presplit_screening
outputs/multi_case_sensitivity_199_cases/stress_summary_by_case.png,409363,historical_presplit_screening
outputs/symbolic_regression_199_cases/final_test_boundary_anchor_audit.csv,1055,presplit_group_and_split_evidence
outputs/symbolic_regression_199_cases/frozen_split_metadata.json,1460,presplit_group_and_split_evidence
outputs/symbolic_regression_199_cases/pre_split_case_similarity_pairs.csv,5430014,presplit_group_and_split_evidence
outputs/symbolic_regression_199_cases/pre_split_similarity_candidate_pairs.csv,14146,presplit_group_and_split_evidence
outputs/symbolic_regression_199_cases/pre_split_similarity_feature_inventory.csv,1912,presplit_group_and_split_evidence
outputs/symbolic_regression_199_cases/pre_split_similarity_group_map.csv,4408,presplit_group_and_split_evidence
outputs/symbolic_regression_199_cases/pre_split_similarity_group_summary.csv,4303,presplit_group_and_split_evidence
outputs/symbolic_regression_199_cases/pre_split_similarity_thresholds.csv,353,presplit_group_and_split_evidence
outputs/symbolic_regression_199_cases/repeated_case_split_manifest_199cases.csv,25685,presplit_group_and_split_evidence
outputs/symbolic_regression_199_cases/similarity_group_cross_split_leakage_audit.csv,12547,presplit_group_and_split_evidence
outputs/symbolic_regression_199_cases/split_boundary_coverage_audit.csv,16020,presplit_group_and_split_evidence
provenance/copy_summary.json,631,delivery_documentation_or_audit
provenance/delivery_validation.json,2748,delivery_documentation_or_audit
provenance/english_edition_validation.json,8747,delivery_documentation_or_audit
provenance/extracted_original_cells/presplit_preparation.ipynb,137207,annotated_archive_not_byte_identical_original
provenance/figure_and_export_validation.json,200,delivery_documentation_or_audit
provenance/figure_source_map.csv,15389,delivery_documentation_or_audit
provenance/github_upload_audit.json,104552,delivery_documentation_or_audit
provenance/not_copied_inventory.json,115447,delivery_documentation_or_audit
provenance/notebook_annotation_edits.json,3737,delivery_documentation_or_audit
provenance/original_code/cluster/run_149case_development_integration.slurm,2175,original_source_snapshot
provenance/original_code/cluster/run_formal_v11_iteration2.slurm,1966,original_source_snapshot
provenance/original_code/cluster/run_formal_v11_iteration3.slurm,1966,original_source_snapshot
provenance/original_code/cluster/run_formal_v11_iteration4.slurm,1966,original_source_snapshot
provenance/original_code/cluster/run_locked_149_final_test.slurm,3636,original_source_snapshot
provenance/original_code/cluster/run_recoverable_16000_iteration1.slurm,4012,original_source_snapshot
provenance/original_code/cluster/run_residual_shape_pilot.slurm,4058,original_source_snapshot
provenance/original_code/cluster/run_signed_staged_residual_pilot.slurm,4144,original_source_snapshot
provenance/original_code/cluster/run_three_spatial_case_export.slurm,2861,original_source_snapshot
provenance/original_code/cluster/run_v11_gain_stability_audit.slurm,4126,original_source_snapshot
provenance/original_code/cluster/run_v11_iteration1_pilot.slurm,3998,original_source_snapshot
provenance/original_code/cluster/run_v12_case_adaptive_tail_gain.slurm,3857,original_source_snapshot
provenance/original_code/cluster/run_v13_residual_gain_audit.slurm,2960,original_source_snapshot
provenance/original_code/cluster/run_v13_structural_tail_residual.slurm,4097,original_source_snapshot
provenance/original_code/formula_appendix/build_formula_appendix.py,8287,original_source_snapshot
provenance/original_code/notebooks/00_Data_QC_Sensitivity_and_Feature_Ablation.ipynb,46713,original_source_snapshot
provenance/original_code/notebooks/01_Four_Iteration_199Case_Baseline.ipynb,73533,original_source_snapshot
provenance/original_code/notebooks/02A_Hierarchical_Feasibility_Iteration_1.ipynb,419061,original_source_snapshot
provenance/original_code/notebooks/02A_Hierarchical_Feasibility_Iteration_3.ipynb,408479,original_source_snapshot
provenance/original_code/notebooks/02A_Hierarchical_Feasibility_Iteration_4.ipynb,423198,original_source_snapshot
provenance/original_code/notebooks/02A_Hierarchical_Stress_Decomposition_Feasibility.ipynb,436958,original_source_snapshot
provenance/original_code/notebooks/06_Completed_Context_Stage_Artifacts.ipynb,1407,original_source_snapshot
provenance/original_code/notebooks/08_Recoverable_16000_Single_Formula_Symbolic_Regression/01_Recoverable_16000_Single_Formula_Iteration_1.ipynb,102334,original_source_snapshot
provenance/original_code/notebooks/09_Residual_Shape_Symbolic_Regression_Pilot/01_Residual_Shape_Symbolic_Regression_Pilot.ipynb,93556,original_source_snapshot
provenance/original_code/notebooks/10_Signed_Staged_Residual_Symbolic_Regression_Pilot/01_Signed_Staged_Residual_Symbolic_Regression_Pilot.ipynb,11196,original_source_snapshot
provenance/original_code/notebooks/11_Tail_Aware_Localised_Symbolic_Regression/01_V11_Tail_Aware_Localised_Iteration_1.ipynb,8645,original_source_snapshot
provenance/original_code/notebooks/12_V11_Frozen_Gain_and_Stability_Audit/01_V11_Frozen_Gain_and_Stability_Audit.ipynb,9263,original_source_snapshot
provenance/original_code/notebooks/13_V12_Case_Adaptive_Tail_Gain/01_V12_Formal_Case_Adaptive_Tail_Gain.ipynb,10015,original_source_snapshot
provenance/original_code/notebooks/13_V12_Case_Adaptive_Tail_Gain/CSF3_RUNBOOK_CN.md,3130,original_source_snapshot
provenance/original_code/notebooks/15_V13_Structural_Tail_Residual/01_V13_Structural_Tail_Residual_Iteration_1.ipynb,8798,original_source_snapshot
provenance/original_code/notebooks/16_V13_Residual_Gain_Audit/01_V13_Residual_Gain_Audit_Iteration_1.ipynb,7099,original_source_snapshot
provenance/original_code/notebooks/17_Formal_V11_Four_Rotation/01_Register_Completed_Iteration_1.ipynb,3248,original_source_snapshot
provenance/original_code/notebooks/17_Formal_V11_Four_Rotation/02_Formal_V11_Iteration_2.ipynb,5168,original_source_snapshot
provenance/original_code/notebooks/17_Formal_V11_Four_Rotation/03_Formal_V11_Iteration_3.ipynb,5168,original_source_snapshot
provenance/original_code/notebooks/17_Formal_V11_Four_Rotation/04_Formal_V11_Iteration_4.ipynb,5168,original_source_snapshot
provenance/original_code/notebooks/17_Formal_V11_Four_Rotation/05_Aggregate_Four_Rotation_Stability.ipynb,2802,original_source_snapshot
provenance/original_code/notebooks/18_149Case_Development_Integration/01_149Case_Development_Integration.ipynb,6325,original_source_snapshot
provenance/original_code/notebooks/19_One_Time_Final_50Case_Locked_149/01_One_Time_Final_50Case_Locked_149.ipynb,7915,original_source_snapshot
provenance/original_code/notebooks/Multi-Case_FEM_Parametric_and_Position_Sensitivity_Stability_Analysis_199Cases.ipynb,680665,annotated_archive_not_byte_identical_original
provenance/original_code/notebooks/PreSplit_Grouping_and_Frozen_Manifest.ipynb,61709,annotated_archive_not_byte_identical_original
provenance/original_code/scripts/build_final_development_integration_notebook.py,6116,original_source_snapshot
provenance/original_code/scripts/generate_chapter3_figures.py,13464,original_source_snapshot
provenance/original_code/scripts/validate_locked_149_final_test.py,6011,original_source_snapshot
provenance/original_code/src/ct3_common.py,33066,original_source_snapshot
provenance/original_code/src/formal_v11_four_rotation.py,12046,original_source_snapshot
provenance/original_code/src/robust_chunked_symbolic.py,56246,original_source_snapshot
provenance/preparation_extraction.json,340,delivery_documentation_or_audit
provenance/presplit_reproduction_validation.json,223,delivery_documentation_or_audit
provenance/source_file_manifest.csv,966808,delivery_documentation_or_audit
reports/thesis_figures/chapter3/figure_3_2_example_fe_fields_case_01.pdf,373765,data_driven_thesis_figure
reports/thesis_figures/chapter3/figure_3_2_example_fe_fields_case_01.png,2429304,data_driven_thesis_figure
reports/thesis_figures/chapter3/figure_3_3_development_input_ranges.pdf,44131,data_driven_thesis_figure
reports/thesis_figures/chapter3/figure_3_3_development_input_ranges.png,451601,data_driven_thesis_figure
requirements.txt,161,original_unpinned_dependency_ranges
scripts/audit_publication.py,11046,delivery_documentation_or_audit
scripts/build_final_development_integration_notebook.py,6147,research_tooling
scripts/build_formal_v11_four_rotation_notebooks.py,8320,research_tooling
scripts/build_locked_149_final_test_notebook.py,7004,research_tooling
scripts/build_residual_shape_pilot_notebook.py,9245,research_tooling
scripts/build_signed_staged_residual_pilot_notebook.py,8944,research_tooling
scripts/build_v11_gain_stability_audit_notebook.py,8013,research_tooling
scripts/build_v11_iteration1_notebook.py,7595,research_tooling
scripts/build_v12_case_adaptive_tail_gain_notebook.py,8721,non_deployed_completed_decision_support
scripts/build_v13_residual_gain_audit_notebook.py,6306,research_tooling
scripts/build_v13_structural_tail_residual_notebook.py,7686,research_tooling
scripts/generate_chapter3_figures.py,10556,research_tooling
scripts/inspect_results.py,1131,delivery_documentation_or_audit
scripts/run_recoverable_shape_segment.py,7250,research_tooling
scripts/run_residual_shape_segment.py,7115,research_tooling
scripts/run_signed_residual_stage_segment.py,8010,research_tooling
scripts/run_v11_tail_segment.py,7752,research_tooling
scripts/run_v13_structural_residual_segment.py,7746,research_tooling
scripts/test_delivery_curation.py,4527,delivery_documentation_or_audit
scripts/validate_delivery.py,11590,delivery_documentation_or_audit
scripts/validate_final_development_integration.py,5920,research_tooling
scripts/validate_formal_v11_four_rotation_package.py,4942,research_tooling
scripts/validate_locked_149_final_test.py,155,research_tooling
scripts/validate_presplit_reproduction.py,2843,delivery_documentation_or_audit
scripts/validate_signed_staged_residual_package.py,2114,research_tooling
scripts/validate_three_spatial_case_export.py,3630,research_tooling
scripts/validate_v11_gain_stability_audit.py,3993,research_tooling
scripts/validate_v11_iteration1_package.py,2171,research_tooling
scripts/validate_v12_case_adaptive_tail_gain.py,4741,non_deployed_completed_decision_support
scripts/validate_v13_residual_gain_audit.py,3495,research_tooling
scripts/validate_v13_structural_tail_residual.py,5384,research_tooling
shared/frozen_case_split_manifest_199cases.csv,25685,frozen_model_and_split_configuration
shared/frozen_similarity_group_map_199cases.csv,4408,frozen_model_and_split_configuration
shared/locked_149_final_test_protocol.json,2279,frozen_model_and_split_configuration
shared/v10_authoritative_v8_candidate5/README.md,688,frozen_model_and_split_configuration
shared/v10_authoritative_v8_candidate5/baseline_manifest.json,1465,frozen_model_and_split_configuration
shared/v10_authoritative_v8_candidate5/case_log_scale_scaling.csv,841,frozen_model_and_split_configuration
shared/v10_authoritative_v8_candidate5/case_mean_scaling.csv,833,frozen_model_and_split_configuration
shared/v10_authoritative_v8_candidate5/round_complete.json,650,frozen_model_and_split_configuration
shared/v10_authoritative_v8_candidate5/selected_case_log_scale_formula.csv,1733,frozen_model_and_split_configuration
shared/v10_authoritative_v8_candidate5/selected_case_mean_formula.csv,1635,frozen_model_and_split_configuration
shared/v10_authoritative_v8_candidate5/selected_composite_formula.txt,1683,frozen_model_and_split_configuration
shared/v10_authoritative_v8_candidate5/selected_formula_split_metrics.csv,1155,frozen_model_and_split_configuration
shared/v10_authoritative_v8_candidate5/selected_shape_formula.csv,3183,frozen_model_and_split_configuration
shared/v10_authoritative_v8_candidate5/training_cache/shape_scaling.csv,1693,frozen_model_and_split_configuration
src/ct3_common.py,33118,research_source
src/export_three_spatial_comparison_cases.py,19876,research_source
src/final_development_integration.py,45654,research_source
src/final_locked_149_evaluation.py,54958,research_source
src/formal_v11_four_rotation.py,12882,research_source
src/hierarchical_feasibility.py,38290,research_source
src/hierarchical_symbolic_regression.py,54832,research_source
src/recoverable_single_shape_symbolic.py,39209,research_source
src/residual_shape_symbolic.py,56405,research_source
src/robust_chunked_symbolic.py,3144,research_source
src/signed_staged_residual_symbolic.py,66312,research_source
src/v11_gain_stability_audit.py,41474,research_source
src/v11_tail_aware_localised_symbolic.py,61941,research_source
src/v12_case_adaptive_tail_gain.py,59803,non_deployed_completed_decision_support
src/v13_residual_gain_audit.py,40890,research_source
src/v13_structural_tail_residual.py,65403,research_source
