source,destination,role,size_bytes,source_sha256,delivery_sha256,modified,original_copy
Nuclear_Graphite_Stress_Surrogate/ Case Test Data/FE_Results_Cases_All/FE_Results_Case_0.txt,FE_Results_Cases_All/FE_Results_Case_0.txt,original_fem_data,33922402,81d5172dc8d9d68790cbdd1941064a3c4b41560cd69cc735b87d5d2f70740552,81d5172dc8d9d68790cbdd1941064a3c4b41560cd69cc735b87d5d2f70740552,False,
Nuclear_Graphite_Stress_Surrogate/ Case Test Data/FE_Results_Cases_All/FE_Results_Case_1.txt,FE_Results_Cases_All/FE_Results_Case_1.txt,original_fem_data,33925265,1956fb6494012441e3d9c3d609595ba486d0b32ff8f13702d919242235a66604,1956fb6494012441e3d9c3d609595ba486d0b32ff8f13702d919242235a66604,False,
Nuclear_Graphite_Stress_Surrogate/ Case Test Data/FE_Results_Cases_All/FE_Results_Case_10.txt,FE_Results_Cases_All/FE_Results_Case_10.txt,original_fem_data,33923729,be4c7202f4783fed933642e4c5343aead7403745f4e399a7675df96f132c32ce,be4c7202f4783fed933642e4c5343aead7403745f4e399a7675df96f132c32ce,False,
Nuclear_Graphite_Stress_Surrogate/ Case Test Data/FE_Results_Cases_All/FE_Results_Case_100.txt,FE_Results_Cases_All/FE_Results_Case_100.txt,original_fem_data,33922967,3fcbe2d3c2f5dc4a886d390cc271628bc012ae71e5736f2d01995e4c02deabe6,3fcbe2d3c2f5dc4a886d390cc271628bc012ae71e5736f2d01995e4c02deabe6,False,
Nuclear_Graphite_Stress_Surrogate/ Case Test Data/FE_Results_Cases_All/FE_Results_Case_101.txt,FE_Results_Cases_All/FE_Results_Case_101.txt,original_fem_data,33925936,9433e074c2c9321956a81680b37da69d09e17e897c7a27a37b37a36c72497fe9,9433e074c2c9321956a81680b37da69d09e17e897c7a27a37b37a36c72497fe9,False,
Nuclear_Graphite_Stress_Surrogate/ Case Test Data/FE_Results_Cases_All/FE_Results_Case_102.txt,FE_Results_Cases_All/FE_Results_Case_102.txt,original_fem_data,33916404,b6ab9a680700e272bd2915f0a6e96fe808714ebb0d8c04217daf31ef0d5ff9a8,b6ab9a680700e272bd2915f0a6e96fe808714ebb0d8c04217daf31ef0d5ff9a8,False,
Nuclear_Graphite_Stress_Surrogate/ Case Test Data/FE_Results_Cases_All/FE_Results_Case_103.txt,FE_Results_Cases_All/FE_Results_Case_103.txt,original_fem_data,33918171,940326e152335d9f5becdfca70f1b3835d77d60fe98991e0197f9663487fc814,940326e152335d9f5becdfca70f1b3835d77d60fe98991e0197f9663487fc814,False,
Nuclear_Graphite_Stress_Surrogate/ Case Test Data/FE_Results_Cases_All/FE_Results_Case_104.txt,FE_Results_Cases_All/FE_Results_Case_104.txt,original_fem_data,33919178,61779b1cb81d3a5b6ab4f1cbc87f54ea804accb63251b08efa6c5f5bbc807d8d,61779b1cb81d3a5b6ab4f1cbc87f54ea804accb63251b08efa6c5f5bbc807d8d,False,
Nuclear_Graphite_Stress_Surrogate/ Case Test Data/FE_Results_Cases_All/FE_Results_Case_105.txt,FE_Results_Cases_All/FE_Results_Case_105.txt,original_fem_data,33907969,c2d6e7d05309c9d25f5c6ebd185e1ca074d90083b908db1c66db10ef0826b51a,c2d6e7d05309c9d25f5c6ebd185e1ca074d90083b908db1c66db10ef0826b51a,False,
Nuclear_Graphite_Stress_Surrogate/ Case Test Data/FE_Results_Cases_All/FE_Results_Case_106.txt,FE_Results_Cases_All/FE_Results_Case_106.txt,original_fem_data,33902689,17c446441f8cdcd257244597b6d2e8dc79942ec9290382251d7543d3ccf1769c,17c446441f8cdcd257244597b6d2e8dc79942ec9290382251d7543d3ccf1769c,False,
Nuclear_Graphite_Stress_Surrogate/ Case Test Data/FE_Results_Cases_All/FE_Results_Case_107.txt,FE_Results_Cases_All/FE_Results_Case_107.txt,original_fem_data,33920883,8e451b7a9d18bb313ef3cd78979d1409ebbc505df97f4ca95a4da1a8354ceb78,8e451b7a9d18bb313ef3cd78979d1409ebbc505df97f4ca95a4da1a8354ceb78,False,
Nuclear_Graphite_Stress_Surrogate/ Case Test Data/FE_Results_Cases_All/FE_Results_Case_108.txt,FE_Results_Cases_All/FE_Results_Case_108.txt,original_fem_data,33922650,f7da50ffe27ec7a2485202c91370e8930c64e87a69e5fa3a22b4dbf83355a548,f7da50ffe27ec7a2485202c91370e8930c64e87a69e5fa3a22b4dbf83355a548,False,
Nuclear_Graphite_Stress_Surrogate/ Case Test Data/FE_Results_Cases_All/FE_Results_Case_109.txt,FE_Results_Cases_All/FE_Results_Case_109.txt,original_fem_data,33916779,05746a8f08a095336b84c5792ff2f6fd0ddfa0a2bbea8f212600a50146b28497,05746a8f08a095336b84c5792ff2f6fd0ddfa0a2bbea8f212600a50146b28497,False,
Nuclear_Graphite_Stress_Surrogate/ Case Test Data/FE_Results_Cases_All/FE_Results_Case_11.txt,FE_Results_Cases_All/FE_Results_Case_11.txt,original_fem_data,33932437,0e8022481d861ae06209836ca0e70359e3fa1765769fbdd04f0c2e35983af3d9,0e8022481d861ae06209836ca0e70359e3fa1765769fbdd04f0c2e35983af3d9,False,
Nuclear_Graphite_Stress_Surrogate/ Case Test Data/FE_Results_Cases_All/FE_Results_Case_110.txt,FE_Results_Cases_All/FE_Results_Case_110.txt,original_fem_data,33907468,912bd4669d9fffc2897caa64a97bf3c8be6efd248311ddc3e30e88d048b5f2bc,912bd4669d9fffc2897caa64a97bf3c8be6efd248311ddc3e30e88d048b5f2bc,False,
Nuclear_Graphite_Stress_Surrogate/ Case Test Data/FE_Results_Cases_All/FE_Results_Case_111.txt,FE_Results_Cases_All/FE_Results_Case_111.txt,original_fem_data,33911614,19cab9dc1cf7df35675ea94d09b95b1ed46434b5e626452a3e22845a5afa34d5,19cab9dc1cf7df35675ea94d09b95b1ed46434b5e626452a3e22845a5afa34d5,False,
Nuclear_Graphite_Stress_Surrogate/ Case Test Data/FE_Results_Cases_All/FE_Results_Case_112.txt,FE_Results_Cases_All/FE_Results_Case_112.txt,original_fem_data,33913979,6bf35052587f7255e1b8fde028146b8427cd126fc4e0f7748df27936fafb0ab7,6bf35052587f7255e1b8fde028146b8427cd126fc4e0f7748df27936fafb0ab7,False,
Nuclear_Graphite_Stress_Surrogate/ Case Test Data/FE_Results_Cases_All/FE_Results_Case_113.txt,FE_Results_Cases_All/FE_Results_Case_113.txt,original_fem_data,33925545,661701ab2b6256ab1f59475414e9919859d6a8cb37918fb4c71144eb957583da,661701ab2b6256ab1f59475414e9919859d6a8cb37918fb4c71144eb957583da,False,
Nuclear_Graphite_Stress_Surrogate/ Case Test Data/FE_Results_Cases_All/FE_Results_Case_114.txt,FE_Results_Cases_All/FE_Results_Case_114.txt,original_fem_data,33906778,d871ed69ab4a6f1b73125d49d8b870cd8916ff98ee54e85fcbf584ce2a2c20b7,d871ed69ab4a6f1b73125d49d8b870cd8916ff98ee54e85fcbf584ce2a2c20b7,False,
Nuclear_Graphite_Stress_Surrogate/ Case Test Data/FE_Results_Cases_All/FE_Results_Case_115.txt,FE_Results_Cases_All/FE_Results_Case_115.txt,original_fem_data,33925813,cbf9d6b24b8acea8eaf3dfae69cbf90946f33aa9262c438af6714f45faf6cb59,cbf9d6b24b8acea8eaf3dfae69cbf90946f33aa9262c438af6714f45faf6cb59,False,
Nuclear_Graphite_Stress_Surrogate/ Case Test Data/FE_Results_Cases_All/FE_Results_Case_116.txt,FE_Results_Cases_All/FE_Results_Case_116.txt,original_fem_data,33920552,00cc2d096e9b0d7dc6af1febb28a49107b7f809d571434d9b564fb1f1b8db5f9,00cc2d096e9b0d7dc6af1febb28a49107b7f809d571434d9b564fb1f1b8db5f9,False,
Nuclear_Graphite_Stress_Surrogate/ Case Test Data/FE_Results_Cases_All/FE_Results_Case_117.txt,FE_Results_Cases_All/FE_Results_Case_117.txt,original_fem_data,33914854,43c8f51c5b8843d77fd9248c22d1aa06cbc71a2af513475d466413e286708801,43c8f51c5b8843d77fd9248c22d1aa06cbc71a2af513475d466413e286708801,False,
Nuclear_Graphite_Stress_Surrogate/ Case Test Data/FE_Results_Cases_All/FE_Results_Case_118.txt,FE_Results_Cases_All/FE_Results_Case_118.txt,original_fem_data,33923190,ea6d162532df427870bb166a53e63d66d22bf86b8f0578976289d6150dbcee2f,ea6d162532df427870bb166a53e63d66d22bf86b8f0578976289d6150dbcee2f,False,
Nuclear_Graphite_Stress_Surrogate/ Case Test Data/FE_Results_Cases_All/FE_Results_Case_119.txt,FE_Results_Cases_All/FE_Results_Case_119.txt,original_fem_data,33911987,2bf1c0069c14033b359a48e17cc2ed17c2f07a5fcf96425e9e22a57307565c4b,2bf1c0069c14033b359a48e17cc2ed17c2f07a5fcf96425e9e22a57307565c4b,False,
Nuclear_Graphite_Stress_Surrogate/ Case Test Data/FE_Results_Cases_All/FE_Results_Case_12.txt,FE_Results_Cases_All/FE_Results_Case_12.txt,original_fem_data,33923465,9d69baaa7bef5143c1b2fb41931cf1a2260214b753f5e7ea4e4d1d6ddb975dd8,9d69baaa7bef5143c1b2fb41931cf1a2260214b753f5e7ea4e4d1d6ddb975dd8,False,
Nuclear_Graphite_Stress_Surrogate/ Case Test Data/FE_Results_Cases_All/FE_Results_Case_120.txt,FE_Results_Cases_All/FE_Results_Case_120.txt,original_fem_data,33925062,b1ec62c193693f3123b8b823c5ebe3b38d058c8655259bf16f3d2e80cd7c5ff2,b1ec62c193693f3123b8b823c5ebe3b38d058c8655259bf16f3d2e80cd7c5ff2,False,
Nuclear_Graphite_Stress_Surrogate/ Case Test Data/FE_Results_Cases_All/FE_Results_Case_121.txt,FE_Results_Cases_All/FE_Results_Case_121.txt,original_fem_data,33911642,50d758ea205d26aaa9dead79c1cc4afa5adff6f4ef581e259a8acf5c7b1d1e7b,50d758ea205d26aaa9dead79c1cc4afa5adff6f4ef581e259a8acf5c7b1d1e7b,False,
Nuclear_Graphite_Stress_Surrogate/ Case Test Data/FE_Results_Cases_All/FE_Results_Case_122.txt,FE_Results_Cases_All/FE_Results_Case_122.txt,original_fem_data,33904846,f657ea16562f485fd25a110a4a9da558349e0f6cfaed9729d9017b2df5abb542,f657ea16562f485fd25a110a4a9da558349e0f6cfaed9729d9017b2df5abb542,False,
Nuclear_Graphite_Stress_Surrogate/ Case Test Data/FE_Results_Cases_All/FE_Results_Case_123.txt,FE_Results_Cases_All/FE_Results_Case_123.txt,original_fem_data,33908099,2ff9ebebddc1c2085d05c159a607f1961a47af0fcae1acd94a966b2dedd8915c,2ff9ebebddc1c2085d05c159a607f1961a47af0fcae1acd94a966b2dedd8915c,False,
Nuclear_Graphite_Stress_Surrogate/ Case Test Data/FE_Results_Cases_All/FE_Results_Case_124.txt,FE_Results_Cases_All/FE_Results_Case_124.txt,original_fem_data,33911808,1a6eac239a62509ac7f8c72e33445683dbec0c5a4b05587979280974f752f403,1a6eac239a62509ac7f8c72e33445683dbec0c5a4b05587979280974f752f403,False,
Nuclear_Graphite_Stress_Surrogate/ Case Test Data/FE_Results_Cases_All/FE_Results_Case_125.txt,FE_Results_Cases_All/FE_Results_Case_125.txt,original_fem_data,33909823,2b21e4033518ffdcbd46333d6cb61d512aa1a22cdb7956d57a6d26f45b3bc0e9,2b21e4033518ffdcbd46333d6cb61d512aa1a22cdb7956d57a6d26f45b3bc0e9,False,
Nuclear_Graphite_Stress_Surrogate/ Case Test Data/FE_Results_Cases_All/FE_Results_Case_126.txt,FE_Results_Cases_All/FE_Results_Case_126.txt,original_fem_data,33910877,30d7aa84cdbd8b0d4ce012787a73668c1be97e4fa3ebfd75c661e5127a4e6569,30d7aa84cdbd8b0d4ce012787a73668c1be97e4fa3ebfd75c661e5127a4e6569,False,
Nuclear_Graphite_Stress_Surrogate/ Case Test Data/FE_Results_Cases_All/FE_Results_Case_127.txt,FE_Results_Cases_All/FE_Results_Case_127.txt,original_fem_data,33911241,27d0e176284f07d811675137505a151977425145d7c11b37ee578d7dea35fee6,27d0e176284f07d811675137505a151977425145d7c11b37ee578d7dea35fee6,False,
Nuclear_Graphite_Stress_Surrogate/ Case Test Data/FE_Results_Cases_All/FE_Results_Case_128.txt,FE_Results_Cases_All/FE_Results_Case_128.txt,original_fem_data,33904781,45829ef81de74cb36418e2e8bb42c253a5131e2d43b308c15654b87bdb17b2ef,45829ef81de74cb36418e2e8bb42c253a5131e2d43b308c15654b87bdb17b2ef,False,
Nuclear_Graphite_Stress_Surrogate/ Case Test Data/FE_Results_Cases_All/FE_Results_Case_129.txt,FE_Results_Cases_All/FE_Results_Case_129.txt,original_fem_data,33911200,63d82110eddf4c10ac1a6512f6efbe11d1435a3269b86352934e899b9c0120dd,63d82110eddf4c10ac1a6512f6efbe11d1435a3269b86352934e899b9c0120dd,False,
Nuclear_Graphite_Stress_Surrogate/ Case Test Data/FE_Results_Cases_All/FE_Results_Case_13.txt,FE_Results_Cases_All/FE_Results_Case_13.txt,original_fem_data,33916759,a4495ec38c0fe78c8440ea07d68d38ad5553dd1cb0bf69dd231a92582e389dae,a4495ec38c0fe78c8440ea07d68d38ad5553dd1cb0bf69dd231a92582e389dae,False,
Nuclear_Graphite_Stress_Surrogate/ Case Test Data/FE_Results_Cases_All/FE_Results_Case_130.txt,FE_Results_Cases_All/FE_Results_Case_130.txt,original_fem_data,33908944,bb0a5898d85dad5df9a74663e0b4a10db19dd493d50a345ed2500b0017aee52c,bb0a5898d85dad5df9a74663e0b4a10db19dd493d50a345ed2500b0017aee52c,False,
Nuclear_Graphite_Stress_Surrogate/ Case Test Data/FE_Results_Cases_All/FE_Results_Case_131.txt,FE_Results_Cases_All/FE_Results_Case_131.txt,original_fem_data,33907612,6336489f24a0a9aff73edd33e1fc40fa152083ff6ffbdec654e909f1456777ae,6336489f24a0a9aff73edd33e1fc40fa152083ff6ffbdec654e909f1456777ae,False,
Nuclear_Graphite_Stress_Surrogate/ Case Test Data/FE_Results_Cases_All/FE_Results_Case_132.txt,FE_Results_Cases_All/FE_Results_Case_132.txt,original_fem_data,33907474,43df0b8642e227f11270b34b7ebe184ecf546c96de1b15568bc78183f2e11e38,43df0b8642e227f11270b34b7ebe184ecf546c96de1b15568bc78183f2e11e38,False,
Nuclear_Graphite_Stress_Surrogate/ Case Test Data/FE_Results_Cases_All/FE_Results_Case_133.txt,FE_Results_Cases_All/FE_Results_Case_133.txt,original_fem_data,33911080,1d0283ade76f4482def247eb9d47fdb1d8eebb957310ac7d5803b962b5f27a20,1d0283ade76f4482def247eb9d47fdb1d8eebb957310ac7d5803b962b5f27a20,False,
Nuclear_Graphite_Stress_Surrogate/ Case Test Data/FE_Results_Cases_All/FE_Results_Case_134.txt,FE_Results_Cases_All/FE_Results_Case_134.txt,original_fem_data,33910072,ca6ca47880b442ea56429c351900d86ebf0d72cfe8c7918bec3df14e95d8ca0f,ca6ca47880b442ea56429c351900d86ebf0d72cfe8c7918bec3df14e95d8ca0f,False,
Nuclear_Graphite_Stress_Surrogate/ Case Test Data/FE_Results_Cases_All/FE_Results_Case_135.txt,FE_Results_Cases_All/FE_Results_Case_135.txt,original_fem_data,33899992,e504547bd1375e475f000f42b1af87330f89372ea2a862acff67e2410dddf62c,e504547bd1375e475f000f42b1af87330f89372ea2a862acff67e2410dddf62c,False,
Nuclear_Graphite_Stress_Surrogate/ Case Test Data/FE_Results_Cases_All/FE_Results_Case_136.txt,FE_Results_Cases_All/FE_Results_Case_136.txt,original_fem_data,33904503,e252927fb3d27c696cc370c9408074584bd11eaca11bd0bb021cf89735b3564a,e252927fb3d27c696cc370c9408074584bd11eaca11bd0bb021cf89735b3564a,False,
Nuclear_Graphite_Stress_Surrogate/ Case Test Data/FE_Results_Cases_All/FE_Results_Case_137.txt,FE_Results_Cases_All/FE_Results_Case_137.txt,original_fem_data,33904708,3ede450a2892a6e5fd022f7ff94f47bc41b72ae105bb80d64c33dae9837c6aa2,3ede450a2892a6e5fd022f7ff94f47bc41b72ae105bb80d64c33dae9837c6aa2,False,
Nuclear_Graphite_Stress_Surrogate/ Case Test Data/FE_Results_Cases_All/FE_Results_Case_138.txt,FE_Results_Cases_All/FE_Results_Case_138.txt,original_fem_data,33909112,f5efcc9074035a43d16cdecdcfd2124ce3762d0123805c02091679bb238d9dd5,f5efcc9074035a43d16cdecdcfd2124ce3762d0123805c02091679bb238d9dd5,False,
Nuclear_Graphite_Stress_Surrogate/ Case Test Data/FE_Results_Cases_All/FE_Results_Case_139.txt,FE_Results_Cases_All/FE_Results_Case_139.txt,original_fem_data,33911644,9ee0b418a8784fae0f43523d7f890017126c8937920ab90860591c53fe9866fa,9ee0b418a8784fae0f43523d7f890017126c8937920ab90860591c53fe9866fa,False,
Nuclear_Graphite_Stress_Surrogate/ Case Test Data/FE_Results_Cases_All/FE_Results_Case_14.txt,FE_Results_Cases_All/FE_Results_Case_14.txt,original_fem_data,33917485,454e0c5f00fd05f04fe478eb50e6fa4db03f0930bcdf985c5a8d8cafb64016d4,454e0c5f00fd05f04fe478eb50e6fa4db03f0930bcdf985c5a8d8cafb64016d4,False,
Nuclear_Graphite_Stress_Surrogate/ Case Test Data/FE_Results_Cases_All/FE_Results_Case_140.txt,FE_Results_Cases_All/FE_Results_Case_140.txt,original_fem_data,33910164,1715b97a003cccf069658c997f449ee6a91a4f0622263e087c64613ad4df08dd,1715b97a003cccf069658c997f449ee6a91a4f0622263e087c64613ad4df08dd,False,
Nuclear_Graphite_Stress_Surrogate/ Case Test Data/FE_Results_Cases_All/FE_Results_Case_141.txt,FE_Results_Cases_All/FE_Results_Case_141.txt,original_fem_data,33907399,5eead1f4d2a5887c16b8d63915c676a963ef240a70397e1167be615b795a7cbe,5eead1f4d2a5887c16b8d63915c676a963ef240a70397e1167be615b795a7cbe,False,
Nuclear_Graphite_Stress_Surrogate/ Case Test Data/FE_Results_Cases_All/FE_Results_Case_142.txt,FE_Results_Cases_All/FE_Results_Case_142.txt,original_fem_data,33909472,0c8c70c718ffc6d55a8864657f1a4dcf701a669c40ed18275362000ba44ef644,0c8c70c718ffc6d55a8864657f1a4dcf701a669c40ed18275362000ba44ef644,False,
Nuclear_Graphite_Stress_Surrogate/ Case Test Data/FE_Results_Cases_All/FE_Results_Case_143.txt,FE_Results_Cases_All/FE_Results_Case_143.txt,original_fem_data,33910814,65fbe5d8fa52876d233cc48bfec6285f1cde67afaf2fb04538db73f8b9df285f,65fbe5d8fa52876d233cc48bfec6285f1cde67afaf2fb04538db73f8b9df285f,False,
Nuclear_Graphite_Stress_Surrogate/ Case Test Data/FE_Results_Cases_All/FE_Results_Case_144.txt,FE_Results_Cases_All/FE_Results_Case_144.txt,original_fem_data,33918819,bd6dd4f7efaa0b547e2f116c3fabaf93f3d6bd4bfb83fa2294734df43897e6fa,bd6dd4f7efaa0b547e2f116c3fabaf93f3d6bd4bfb83fa2294734df43897e6fa,False,
Nuclear_Graphite_Stress_Surrogate/ Case Test Data/FE_Results_Cases_All/FE_Results_Case_145.txt,FE_Results_Cases_All/FE_Results_Case_145.txt,original_fem_data,33906832,7829b6f9be7222392611a64b46908f7dd52ebecfd667657589a87db6695f20a4,7829b6f9be7222392611a64b46908f7dd52ebecfd667657589a87db6695f20a4,False,
Nuclear_Graphite_Stress_Surrogate/ Case Test Data/FE_Results_Cases_All/FE_Results_Case_146.txt,FE_Results_Cases_All/FE_Results_Case_146.txt,original_fem_data,33911015,a3afa9038afcf68fa6294c9db4f5a8dc8cbfec42c388e8187304058b3b040c03,a3afa9038afcf68fa6294c9db4f5a8dc8cbfec42c388e8187304058b3b040c03,False,
Nuclear_Graphite_Stress_Surrogate/ Case Test Data/FE_Results_Cases_All/FE_Results_Case_147.txt,FE_Results_Cases_All/FE_Results_Case_147.txt,original_fem_data,33911810,45e3e1f6f62af65b71ea39b1b4fe2b36aa87975fe5f8ab48229cb4437cef236b,45e3e1f6f62af65b71ea39b1b4fe2b36aa87975fe5f8ab48229cb4437cef236b,False,
Nuclear_Graphite_Stress_Surrogate/ Case Test Data/FE_Results_Cases_All/FE_Results_Case_148.txt,FE_Results_Cases_All/FE_Results_Case_148.txt,original_fem_data,33907145,33eba2415cae9d3845fbadeb253b0b18f9bdc3adc1ea4e3e7c410849f44ff4d3,33eba2415cae9d3845fbadeb253b0b18f9bdc3adc1ea4e3e7c410849f44ff4d3,False,
Nuclear_Graphite_Stress_Surrogate/ Case Test Data/FE_Results_Cases_All/FE_Results_Case_149.txt,FE_Results_Cases_All/FE_Results_Case_149.txt,original_fem_data,33907545,07e62822e99ba46501be765a4d381ccd3a13e6544f674d52a6f73018ac835363,07e62822e99ba46501be765a4d381ccd3a13e6544f674d52a6f73018ac835363,False,
Nuclear_Graphite_Stress_Surrogate/ Case Test Data/FE_Results_Cases_All/FE_Results_Case_15.txt,FE_Results_Cases_All/FE_Results_Case_15.txt,original_fem_data,33902274,aee7cee283263f1b0f1777dd4a6323ac00dd0d1a80cce330f9ca0a6c5d6b586d,aee7cee283263f1b0f1777dd4a6323ac00dd0d1a80cce330f9ca0a6c5d6b586d,False,
Nuclear_Graphite_Stress_Surrogate/ Case Test Data/FE_Results_Cases_All/FE_Results_Case_150.txt,FE_Results_Cases_All/FE_Results_Case_150.txt,original_fem_data,33907728,8bb8c629f71c4ac50cf733527fde2ca530604bfa9189d587ac8e386ff00e8d44,8bb8c629f71c4ac50cf733527fde2ca530604bfa9189d587ac8e386ff00e8d44,False,
Nuclear_Graphite_Stress_Surrogate/ Case Test Data/FE_Results_Cases_All/FE_Results_Case_151.txt,FE_Results_Cases_All/FE_Results_Case_151.txt,original_fem_data,33906071,5a14f53403c6f99d2f1f6af30c0778249f33f0938890ac10c6045c02852457cb,5a14f53403c6f99d2f1f6af30c0778249f33f0938890ac10c6045c02852457cb,False,
Nuclear_Graphite_Stress_Surrogate/ Case Test Data/FE_Results_Cases_All/FE_Results_Case_152.txt,FE_Results_Cases_All/FE_Results_Case_152.txt,original_fem_data,33921206,cfa3848ce775897a03fb8a2b09a954d5da831a02e1af52c10d1fe4e6ba22610d,cfa3848ce775897a03fb8a2b09a954d5da831a02e1af52c10d1fe4e6ba22610d,False,
Nuclear_Graphite_Stress_Surrogate/ Case Test Data/FE_Results_Cases_All/FE_Results_Case_153.txt,FE_Results_Cases_All/FE_Results_Case_153.txt,original_fem_data,33909673,c302d59c55003e441bcd77e7a67e7689cb313428652832bca2a91e0c0140855d,c302d59c55003e441bcd77e7a67e7689cb313428652832bca2a91e0c0140855d,False,
Nuclear_Graphite_Stress_Surrogate/ Case Test Data/FE_Results_Cases_All/FE_Results_Case_154.txt,FE_Results_Cases_All/FE_Results_Case_154.txt,original_fem_data,33905550,60ae5708100a7bb7268f3268a89bb3ffd55977c5d573f44ba990446edb0c29e2,60ae5708100a7bb7268f3268a89bb3ffd55977c5d573f44ba990446edb0c29e2,False,
Nuclear_Graphite_Stress_Surrogate/ Case Test Data/FE_Results_Cases_All/FE_Results_Case_155.txt,FE_Results_Cases_All/FE_Results_Case_155.txt,original_fem_data,33908072,1574135afd94f08d86d591581025dfef408eb5c71bbde85b543f660c90d06dcb,1574135afd94f08d86d591581025dfef408eb5c71bbde85b543f660c90d06dcb,False,
Nuclear_Graphite_Stress_Surrogate/ Case Test Data/FE_Results_Cases_All/FE_Results_Case_156.txt,FE_Results_Cases_All/FE_Results_Case_156.txt,original_fem_data,33911438,0dce8e5a430c4e3160d49e6bca2fb3317c084597ebe12f182dca00a873ef046b,0dce8e5a430c4e3160d49e6bca2fb3317c084597ebe12f182dca00a873ef046b,False,
Nuclear_Graphite_Stress_Surrogate/ Case Test Data/FE_Results_Cases_All/FE_Results_Case_157.txt,FE_Results_Cases_All/FE_Results_Case_157.txt,original_fem_data,33910414,5830d04d51e919fa9b17d5ac854d6629df2ceacbe58eb5d767f9367118cbd8c7,5830d04d51e919fa9b17d5ac854d6629df2ceacbe58eb5d767f9367118cbd8c7,False,
Nuclear_Graphite_Stress_Surrogate/ Case Test Data/FE_Results_Cases_All/FE_Results_Case_158.txt,FE_Results_Cases_All/FE_Results_Case_158.txt,original_fem_data,33916223,cacfbc3077c31aa7c3aea1fe472e90953363c1cb43dd6a8562d91f7d73e1af39,cacfbc3077c31aa7c3aea1fe472e90953363c1cb43dd6a8562d91f7d73e1af39,False,
Nuclear_Graphite_Stress_Surrogate/ Case Test Data/FE_Results_Cases_All/FE_Results_Case_159.txt,FE_Results_Cases_All/FE_Results_Case_159.txt,original_fem_data,33908859,1f30e077c874bfe2c8454684537f194261cbd2594626e8efeb1a900561ad2bd7,1f30e077c874bfe2c8454684537f194261cbd2594626e8efeb1a900561ad2bd7,False,
Nuclear_Graphite_Stress_Surrogate/ Case Test Data/FE_Results_Cases_All/FE_Results_Case_16.txt,FE_Results_Cases_All/FE_Results_Case_16.txt,original_fem_data,33921381,e4db5e0ede0f5ae2dff454afd29dde862497a4e1b180145700198bfa31b90f2a,e4db5e0ede0f5ae2dff454afd29dde862497a4e1b180145700198bfa31b90f2a,False,
Nuclear_Graphite_Stress_Surrogate/ Case Test Data/FE_Results_Cases_All/FE_Results_Case_160.txt,FE_Results_Cases_All/FE_Results_Case_160.txt,original_fem_data,33913374,3b925c2a333e4b2f256fd0487736d8b1a05e17866cec14764cfcab5c336afab6,3b925c2a333e4b2f256fd0487736d8b1a05e17866cec14764cfcab5c336afab6,False,
Nuclear_Graphite_Stress_Surrogate/ Case Test Data/FE_Results_Cases_All/FE_Results_Case_161.txt,FE_Results_Cases_All/FE_Results_Case_161.txt,original_fem_data,33931058,9f6b5e2ef4881f434de830db8b26399bcca07fd04b82340c1244a00411422834,9f6b5e2ef4881f434de830db8b26399bcca07fd04b82340c1244a00411422834,False,
Nuclear_Graphite_Stress_Surrogate/ Case Test Data/FE_Results_Cases_All/FE_Results_Case_162.txt,FE_Results_Cases_All/FE_Results_Case_162.txt,original_fem_data,33904609,6cdf04ac0294c20a1562f5cab37728c795035f841e87f8106ef09f3e27c424e6,6cdf04ac0294c20a1562f5cab37728c795035f841e87f8106ef09f3e27c424e6,False,
Nuclear_Graphite_Stress_Surrogate/ Case Test Data/FE_Results_Cases_All/FE_Results_Case_163.txt,FE_Results_Cases_All/FE_Results_Case_163.txt,original_fem_data,33914971,6234e1c57a3a9953b5f362c292078c1113eb7b641caa3e263feb5cfb3b8e0a43,6234e1c57a3a9953b5f362c292078c1113eb7b641caa3e263feb5cfb3b8e0a43,False,
Nuclear_Graphite_Stress_Surrogate/ Case Test Data/FE_Results_Cases_All/FE_Results_Case_164.txt,FE_Results_Cases_All/FE_Results_Case_164.txt,original_fem_data,33908680,77155464bb77cdd22d51af922711ad6f177e35d2244ee6061ee929627553d80e,77155464bb77cdd22d51af922711ad6f177e35d2244ee6061ee929627553d80e,False,
Nuclear_Graphite_Stress_Surrogate/ Case Test Data/FE_Results_Cases_All/FE_Results_Case_165.txt,FE_Results_Cases_All/FE_Results_Case_165.txt,original_fem_data,33918157,b0afc51d98b9bdd199ef0429f9bfbe2c352741244c2888ba7d8f16f0bc5da055,b0afc51d98b9bdd199ef0429f9bfbe2c352741244c2888ba7d8f16f0bc5da055,False,
Nuclear_Graphite_Stress_Surrogate/ Case Test Data/FE_Results_Cases_All/FE_Results_Case_166.txt,FE_Results_Cases_All/FE_Results_Case_166.txt,original_fem_data,33911005,e7895675361c6cc2c65d9a579c6ab39ab10217d72e40cce730ab669080606596,e7895675361c6cc2c65d9a579c6ab39ab10217d72e40cce730ab669080606596,False,
Nuclear_Graphite_Stress_Surrogate/ Case Test Data/FE_Results_Cases_All/FE_Results_Case_167.txt,FE_Results_Cases_All/FE_Results_Case_167.txt,original_fem_data,33905370,a400f17e2b2c90030c15ef8b5279c5d0c30fdc7386b855dcd780fbad6273d466,a400f17e2b2c90030c15ef8b5279c5d0c30fdc7386b855dcd780fbad6273d466,False,
Nuclear_Graphite_Stress_Surrogate/ Case Test Data/FE_Results_Cases_All/FE_Results_Case_168.txt,FE_Results_Cases_All/FE_Results_Case_168.txt,original_fem_data,33911632,049f8c23342c2eac87b79ba8db5241d01d274de8be31eac6e0b4b4e3b9b86433,049f8c23342c2eac87b79ba8db5241d01d274de8be31eac6e0b4b4e3b9b86433,False,
Nuclear_Graphite_Stress_Surrogate/ Case Test Data/FE_Results_Cases_All/FE_Results_Case_169.txt,FE_Results_Cases_All/FE_Results_Case_169.txt,original_fem_data,33909887,b4a52697660318c0137cab588a876ad7eca89384823319dfdd1d489b46d171b7,b4a52697660318c0137cab588a876ad7eca89384823319dfdd1d489b46d171b7,False,
Nuclear_Graphite_Stress_Surrogate/ Case Test Data/FE_Results_Cases_All/FE_Results_Case_17.txt,FE_Results_Cases_All/FE_Results_Case_17.txt,original_fem_data,33914609,be4651671a4770f799290a88efd46800fdb4ad8997529ccabc1d2cdd6349fcbb,be4651671a4770f799290a88efd46800fdb4ad8997529ccabc1d2cdd6349fcbb,False,
Nuclear_Graphite_Stress_Surrogate/ Case Test Data/FE_Results_Cases_All/FE_Results_Case_170.txt,FE_Results_Cases_All/FE_Results_Case_170.txt,original_fem_data,33905459,1426402b1efcccb1e3bc86ede69c4b2b3b352d1583b2c0e3df238acf85d2a1ac,1426402b1efcccb1e3bc86ede69c4b2b3b352d1583b2c0e3df238acf85d2a1ac,False,
Nuclear_Graphite_Stress_Surrogate/ Case Test Data/FE_Results_Cases_All/FE_Results_Case_171.txt,FE_Results_Cases_All/FE_Results_Case_171.txt,original_fem_data,33916889,830e667d5f5f1d0df52a92cdb6f9b299b55a0a8147967cac43e8430804c53504,830e667d5f5f1d0df52a92cdb6f9b299b55a0a8147967cac43e8430804c53504,False,
Nuclear_Graphite_Stress_Surrogate/ Case Test Data/FE_Results_Cases_All/FE_Results_Case_172.txt,FE_Results_Cases_All/FE_Results_Case_172.txt,original_fem_data,33918809,481aa04cf1153427ec7212ae22d63cc0731331e9174c0ae9a55b1e3c62007f7e,481aa04cf1153427ec7212ae22d63cc0731331e9174c0ae9a55b1e3c62007f7e,False,
Nuclear_Graphite_Stress_Surrogate/ Case Test Data/FE_Results_Cases_All/FE_Results_Case_173.txt,FE_Results_Cases_All/FE_Results_Case_173.txt,original_fem_data,33976751,8da59739e189acb8e5f5f669794e406bb7fa3a838c679f0024b503c9a0b0853f,8da59739e189acb8e5f5f669794e406bb7fa3a838c679f0024b503c9a0b0853f,False,
Nuclear_Graphite_Stress_Surrogate/ Case Test Data/FE_Results_Cases_All/FE_Results_Case_174.txt,FE_Results_Cases_All/FE_Results_Case_174.txt,original_fem_data,34066935,49076d133a09dc9c66f08dcef2939466c51bfffb24afc37eb3dfecab4f742275,49076d133a09dc9c66f08dcef2939466c51bfffb24afc37eb3dfecab4f742275,False,
Nuclear_Graphite_Stress_Surrogate/ Case Test Data/FE_Results_Cases_All/FE_Results_Case_175.txt,FE_Results_Cases_All/FE_Results_Case_175.txt,original_fem_data,33911699,d090c06c54ac20fac860be12b76eb113ca9d1dc65360f4c7e1a3587f3bcc7c47,d090c06c54ac20fac860be12b76eb113ca9d1dc65360f4c7e1a3587f3bcc7c47,False,
Nuclear_Graphite_Stress_Surrogate/ Case Test Data/FE_Results_Cases_All/FE_Results_Case_176.txt,FE_Results_Cases_All/FE_Results_Case_176.txt,original_fem_data,33909276,a86d1bfbab14ddaa40dac1a01de27230c716527eb7315a78622a14ee542c789a,a86d1bfbab14ddaa40dac1a01de27230c716527eb7315a78622a14ee542c789a,False,
Nuclear_Graphite_Stress_Surrogate/ Case Test Data/FE_Results_Cases_All/FE_Results_Case_177.txt,FE_Results_Cases_All/FE_Results_Case_177.txt,original_fem_data,34020422,411beb703ca3468a9191221aaddb5bd8c7f58a898551d6d2468afa7d309a5684,411beb703ca3468a9191221aaddb5bd8c7f58a898551d6d2468afa7d309a5684,False,
Nuclear_Graphite_Stress_Surrogate/ Case Test Data/FE_Results_Cases_All/FE_Results_Case_178.txt,FE_Results_Cases_All/FE_Results_Case_178.txt,original_fem_data,33914639,1b84ca7968b45eac2225eb759854acff1ed0b8e13330afdee05e83ed3a395bad,1b84ca7968b45eac2225eb759854acff1ed0b8e13330afdee05e83ed3a395bad,False,
Nuclear_Graphite_Stress_Surrogate/ Case Test Data/FE_Results_Cases_All/FE_Results_Case_179.txt,FE_Results_Cases_All/FE_Results_Case_179.txt,original_fem_data,33913820,e0fc20315ad845696a60b6f44e91a245c8323a437b1b5cf2a52b7cd04eb81bce,e0fc20315ad845696a60b6f44e91a245c8323a437b1b5cf2a52b7cd04eb81bce,False,
Nuclear_Graphite_Stress_Surrogate/ Case Test Data/FE_Results_Cases_All/FE_Results_Case_18.txt,FE_Results_Cases_All/FE_Results_Case_18.txt,original_fem_data,33922250,220ace3ba29d8627a6f4f31f460b3f5925ad29d42c6080d3b0f311a613592190,220ace3ba29d8627a6f4f31f460b3f5925ad29d42c6080d3b0f311a613592190,False,
Nuclear_Graphite_Stress_Surrogate/ Case Test Data/FE_Results_Cases_All/FE_Results_Case_180.txt,FE_Results_Cases_All/FE_Results_Case_180.txt,original_fem_data,33908485,166d2383b729d2eaeb43685b7e289b8d7b35e904c5a7eeb8005515c82c24b892,166d2383b729d2eaeb43685b7e289b8d7b35e904c5a7eeb8005515c82c24b892,False,
Nuclear_Graphite_Stress_Surrogate/ Case Test Data/FE_Results_Cases_All/FE_Results_Case_181.txt,FE_Results_Cases_All/FE_Results_Case_181.txt,original_fem_data,33911756,34f7e44f8d47e1fa196b00f8be334ff6d6bd9f4dd0f86ff5ba2676cec71b1948,34f7e44f8d47e1fa196b00f8be334ff6d6bd9f4dd0f86ff5ba2676cec71b1948,False,
Nuclear_Graphite_Stress_Surrogate/ Case Test Data/FE_Results_Cases_All/FE_Results_Case_182.txt,FE_Results_Cases_All/FE_Results_Case_182.txt,original_fem_data,33911404,8bc6a6ccebb7f5fbb16488b134a6305c1d2c73da7a9eff6bd47b9597375b8a18,8bc6a6ccebb7f5fbb16488b134a6305c1d2c73da7a9eff6bd47b9597375b8a18,False,
Nuclear_Graphite_Stress_Surrogate/ Case Test Data/FE_Results_Cases_All/FE_Results_Case_183.txt,FE_Results_Cases_All/FE_Results_Case_183.txt,original_fem_data,33913705,b159ddd8b3066fd3f21039a1ecc11efceeae5897a6a11b549f543b09e75e3d2f,b159ddd8b3066fd3f21039a1ecc11efceeae5897a6a11b549f543b09e75e3d2f,False,
Nuclear_Graphite_Stress_Surrogate/ Case Test Data/FE_Results_Cases_All/FE_Results_Case_184.txt,FE_Results_Cases_All/FE_Results_Case_184.txt,original_fem_data,33910285,c5fb44a03306b87dfc3baa4b8f1201a38a6b3db1d736efcbb9c0014ab0cba81b,c5fb44a03306b87dfc3baa4b8f1201a38a6b3db1d736efcbb9c0014ab0cba81b,False,
Nuclear_Graphite_Stress_Surrogate/ Case Test Data/FE_Results_Cases_All/FE_Results_Case_185.txt,FE_Results_Cases_All/FE_Results_Case_185.txt,original_fem_data,33909468,004f4ddd82d431b53907c2b9488245010b6ff61a3244558a4d88d62050d13e00,004f4ddd82d431b53907c2b9488245010b6ff61a3244558a4d88d62050d13e00,False,
Nuclear_Graphite_Stress_Surrogate/ Case Test Data/FE_Results_Cases_All/FE_Results_Case_186.txt,FE_Results_Cases_All/FE_Results_Case_186.txt,original_fem_data,33909222,d0952568bb0b52258f98b3e6a9ab3490a4cfa15fb8828a10caf8dece380326f6,d0952568bb0b52258f98b3e6a9ab3490a4cfa15fb8828a10caf8dece380326f6,False,
Nuclear_Graphite_Stress_Surrogate/ Case Test Data/FE_Results_Cases_All/FE_Results_Case_187.txt,FE_Results_Cases_All/FE_Results_Case_187.txt,original_fem_data,33910972,08fcfbadacc209a12f08ae5643ba513bf2b0b447566e8c5eca266b1450465b5c,08fcfbadacc209a12f08ae5643ba513bf2b0b447566e8c5eca266b1450465b5c,False,
Nuclear_Graphite_Stress_Surrogate/ Case Test Data/FE_Results_Cases_All/FE_Results_Case_188.txt,FE_Results_Cases_All/FE_Results_Case_188.txt,original_fem_data,33912369,00e566cc15dfb466fdfbb8e8d19aa4ea57470b35668d6cedfc11d09ddc767581,00e566cc15dfb466fdfbb8e8d19aa4ea57470b35668d6cedfc11d09ddc767581,False,
Nuclear_Graphite_Stress_Surrogate/ Case Test Data/FE_Results_Cases_All/FE_Results_Case_189.txt,FE_Results_Cases_All/FE_Results_Case_189.txt,original_fem_data,33910630,aa6623599f6b13371782847c6025a2ceb49626053675aaf617bedb56295fc64d,aa6623599f6b13371782847c6025a2ceb49626053675aaf617bedb56295fc64d,False,
Nuclear_Graphite_Stress_Surrogate/ Case Test Data/FE_Results_Cases_All/FE_Results_Case_19.txt,FE_Results_Cases_All/FE_Results_Case_19.txt,original_fem_data,33925272,590fcf30b6ddd63221bae479d55dc0644744bc431a50246236b7f1add07571e3,590fcf30b6ddd63221bae479d55dc0644744bc431a50246236b7f1add07571e3,False,
Nuclear_Graphite_Stress_Surrogate/ Case Test Data/FE_Results_Cases_All/FE_Results_Case_190.txt,FE_Results_Cases_All/FE_Results_Case_190.txt,original_fem_data,33911848,b63eb3303ce4fabc93abb4846ca80e17a6d78ae9ec5df464c937fc539176bb20,b63eb3303ce4fabc93abb4846ca80e17a6d78ae9ec5df464c937fc539176bb20,False,
Nuclear_Graphite_Stress_Surrogate/ Case Test Data/FE_Results_Cases_All/FE_Results_Case_191.txt,FE_Results_Cases_All/FE_Results_Case_191.txt,original_fem_data,33911339,e4be64a7b280e7899980d003fc14b90949c6057f21b1517dc3525f3fff5a7584,e4be64a7b280e7899980d003fc14b90949c6057f21b1517dc3525f3fff5a7584,False,
Nuclear_Graphite_Stress_Surrogate/ Case Test Data/FE_Results_Cases_All/FE_Results_Case_192.txt,FE_Results_Cases_All/FE_Results_Case_192.txt,original_fem_data,33910992,448861f8c377654477e39c2502c0669e5d41ecfde410e0e65d7b3bec34e80c78,448861f8c377654477e39c2502c0669e5d41ecfde410e0e65d7b3bec34e80c78,False,
Nuclear_Graphite_Stress_Surrogate/ Case Test Data/FE_Results_Cases_All/FE_Results_Case_193.txt,FE_Results_Cases_All/FE_Results_Case_193.txt,original_fem_data,33909637,6a037fc691fff400ff43ab5710ba45ea0235f86c033b0c5870ae28d7fbf47b99,6a037fc691fff400ff43ab5710ba45ea0235f86c033b0c5870ae28d7fbf47b99,False,
Nuclear_Graphite_Stress_Surrogate/ Case Test Data/FE_Results_Cases_All/FE_Results_Case_194.txt,FE_Results_Cases_All/FE_Results_Case_194.txt,original_fem_data,33910481,cd13425ff3dd9416636b277ba8133d11f2fcfa47d0dbdfdfac4152a20f383978,cd13425ff3dd9416636b277ba8133d11f2fcfa47d0dbdfdfac4152a20f383978,False,
Nuclear_Graphite_Stress_Surrogate/ Case Test Data/FE_Results_Cases_All/FE_Results_Case_195.txt,FE_Results_Cases_All/FE_Results_Case_195.txt,original_fem_data,33912464,e93674ea6962603206b61476de0ecba3416ca170eb939237bc892b97b01be269,e93674ea6962603206b61476de0ecba3416ca170eb939237bc892b97b01be269,False,
Nuclear_Graphite_Stress_Surrogate/ Case Test Data/FE_Results_Cases_All/FE_Results_Case_196.txt,FE_Results_Cases_All/FE_Results_Case_196.txt,original_fem_data,33912169,1778b02b3b981f3a44099d47a15a5543095e44d91da4541d44dbbd05fa091b21,1778b02b3b981f3a44099d47a15a5543095e44d91da4541d44dbbd05fa091b21,False,
Nuclear_Graphite_Stress_Surrogate/ Case Test Data/FE_Results_Cases_All/FE_Results_Case_197.txt,FE_Results_Cases_All/FE_Results_Case_197.txt,original_fem_data,33909537,063bb0ccbe3d30a27017e05f7c163d4fe36fc38c56d322123a3f278616205145,063bb0ccbe3d30a27017e05f7c163d4fe36fc38c56d322123a3f278616205145,False,
Nuclear_Graphite_Stress_Surrogate/ Case Test Data/FE_Results_Cases_All/FE_Results_Case_198.txt,FE_Results_Cases_All/FE_Results_Case_198.txt,original_fem_data,33909825,9d394a9b814d523ebea7ddd4f201588cd5f342f9e0d77d7bd6a612002828f459,9d394a9b814d523ebea7ddd4f201588cd5f342f9e0d77d7bd6a612002828f459,False,
Nuclear_Graphite_Stress_Surrogate/ Case Test Data/FE_Results_Cases_All/FE_Results_Case_199.txt,FE_Results_Cases_All/FE_Results_Case_199.txt,original_fem_data,33913195,8de03c24ec9400aa567d15739916071f53177f77b260a04e7a683853b282fcae,8de03c24ec9400aa567d15739916071f53177f77b260a04e7a683853b282fcae,False,
Nuclear_Graphite_Stress_Surrogate/ Case Test Data/FE_Results_Cases_All/FE_Results_Case_2.txt,FE_Results_Cases_All/FE_Results_Case_2.txt,original_fem_data,33917999,a889098f74914037ae9aa0468ea1f69caf5ec6f435674bd7195fbe0e8a70985d,a889098f74914037ae9aa0468ea1f69caf5ec6f435674bd7195fbe0e8a70985d,False,
Nuclear_Graphite_Stress_Surrogate/ Case Test Data/FE_Results_Cases_All/FE_Results_Case_20.txt,FE_Results_Cases_All/FE_Results_Case_20.txt,original_fem_data,33923994,8394ba6a0ea0e0e4afd8ea37978ea553bd20c04e8931a410e7963d492de34b44,8394ba6a0ea0e0e4afd8ea37978ea553bd20c04e8931a410e7963d492de34b44,False,
Nuclear_Graphite_Stress_Surrogate/ Case Test Data/FE_Results_Cases_All/FE_Results_Case_200.txt,FE_Results_Cases_All/FE_Results_Case_200.txt,original_fem_data,33908817,422aea8bc1b27b38da5e28e9f57e719e35da8d3501a70a1db5ca3b5584e36cab,422aea8bc1b27b38da5e28e9f57e719e35da8d3501a70a1db5ca3b5584e36cab,False,
Nuclear_Graphite_Stress_Surrogate/ Case Test Data/FE_Results_Cases_All/FE_Results_Case_21.txt,FE_Results_Cases_All/FE_Results_Case_21.txt,original_fem_data,33909726,aa4a3615e6b89741c4521d8d50d941514ed574b40b90ac676dd59653f8f2ff2f,aa4a3615e6b89741c4521d8d50d941514ed574b40b90ac676dd59653f8f2ff2f,False,
Nuclear_Graphite_Stress_Surrogate/ Case Test Data/FE_Results_Cases_All/FE_Results_Case_22.txt,FE_Results_Cases_All/FE_Results_Case_22.txt,original_fem_data,33918672,43903e70ce97df55f82e511f3af538d274fdd3c00b41c7afc9f60d8fae05e5d7,43903e70ce97df55f82e511f3af538d274fdd3c00b41c7afc9f60d8fae05e5d7,False,
Nuclear_Graphite_Stress_Surrogate/ Case Test Data/FE_Results_Cases_All/FE_Results_Case_23.txt,FE_Results_Cases_All/FE_Results_Case_23.txt,original_fem_data,33898964,e724ad0f26f68d485342f78790c4a4f7bfb07744f8c00d690b479d00701c704b,e724ad0f26f68d485342f78790c4a4f7bfb07744f8c00d690b479d00701c704b,False,
Nuclear_Graphite_Stress_Surrogate/ Case Test Data/FE_Results_Cases_All/FE_Results_Case_24.txt,FE_Results_Cases_All/FE_Results_Case_24.txt,original_fem_data,33915948,bf151f86c868804aafbcbca508745d85d640afa044097486c5bdc04b2a515fe1,bf151f86c868804aafbcbca508745d85d640afa044097486c5bdc04b2a515fe1,False,
Nuclear_Graphite_Stress_Surrogate/ Case Test Data/FE_Results_Cases_All/FE_Results_Case_26.txt,FE_Results_Cases_All/FE_Results_Case_26.txt,original_fem_data,33896259,7872648a1670bab4ea77a2d55a14f8c6d2d28f6ccf495049de706af9d6cf55d6,7872648a1670bab4ea77a2d55a14f8c6d2d28f6ccf495049de706af9d6cf55d6,False,
Nuclear_Graphite_Stress_Surrogate/ Case Test Data/FE_Results_Cases_All/FE_Results_Case_27.txt,FE_Results_Cases_All/FE_Results_Case_27.txt,original_fem_data,33911581,2c56ecb1dd2dad796eb848dade726ad7c997796cb49bee57adde6e3f5850be51,2c56ecb1dd2dad796eb848dade726ad7c997796cb49bee57adde6e3f5850be51,False,
Nuclear_Graphite_Stress_Surrogate/ Case Test Data/FE_Results_Cases_All/FE_Results_Case_28.txt,FE_Results_Cases_All/FE_Results_Case_28.txt,original_fem_data,33920801,02cd7f2a368d731a9f95c7bc105e010c37c23d568f0632d553301c9486d0dd4d,02cd7f2a368d731a9f95c7bc105e010c37c23d568f0632d553301c9486d0dd4d,False,
Nuclear_Graphite_Stress_Surrogate/ Case Test Data/FE_Results_Cases_All/FE_Results_Case_29.txt,FE_Results_Cases_All/FE_Results_Case_29.txt,original_fem_data,33898971,9746c24de7c2686bfbe963a56db05f29879a3b4e931f6ac011c5d9d7100ace50,9746c24de7c2686bfbe963a56db05f29879a3b4e931f6ac011c5d9d7100ace50,False,
Nuclear_Graphite_Stress_Surrogate/ Case Test Data/FE_Results_Cases_All/FE_Results_Case_3.txt,FE_Results_Cases_All/FE_Results_Case_3.txt,original_fem_data,33924766,342789919fe3da821410368ef85425eb5688a77b56bb58ae096ad2e1c0533e88,342789919fe3da821410368ef85425eb5688a77b56bb58ae096ad2e1c0533e88,False,
Nuclear_Graphite_Stress_Surrogate/ Case Test Data/FE_Results_Cases_All/FE_Results_Case_31.txt,FE_Results_Cases_All/FE_Results_Case_31.txt,original_fem_data,33921540,dd39cbd27f0ae18ba141f9bc1da39dff06fcc8eb7d9f5a293422565a2277196d,dd39cbd27f0ae18ba141f9bc1da39dff06fcc8eb7d9f5a293422565a2277196d,False,
Nuclear_Graphite_Stress_Surrogate/ Case Test Data/FE_Results_Cases_All/FE_Results_Case_32.txt,FE_Results_Cases_All/FE_Results_Case_32.txt,original_fem_data,33922855,3d2938d8971c8e9647d7fc9019dddfdc80577d2f70b3e4819a478b50383190cd,3d2938d8971c8e9647d7fc9019dddfdc80577d2f70b3e4819a478b50383190cd,False,
Nuclear_Graphite_Stress_Surrogate/ Case Test Data/FE_Results_Cases_All/FE_Results_Case_33.txt,FE_Results_Cases_All/FE_Results_Case_33.txt,original_fem_data,33902609,6fb2e548215d619b911474887836661287acd169efd3c37963e8c5aacdff614e,6fb2e548215d619b911474887836661287acd169efd3c37963e8c5aacdff614e,False,
Nuclear_Graphite_Stress_Surrogate/ Case Test Data/FE_Results_Cases_All/FE_Results_Case_34.txt,FE_Results_Cases_All/FE_Results_Case_34.txt,original_fem_data,33912459,8a7a42f204793b470972b7b9658dcb50e80c74ae97d098139a03e6b4ac7c6979,8a7a42f204793b470972b7b9658dcb50e80c74ae97d098139a03e6b4ac7c6979,False,
Nuclear_Graphite_Stress_Surrogate/ Case Test Data/FE_Results_Cases_All/FE_Results_Case_35.txt,FE_Results_Cases_All/FE_Results_Case_35.txt,original_fem_data,33905743,b30b7451846f648e3be1c7b049ea8606b793e7b2a30b0638779d8aa4989eb4ac,b30b7451846f648e3be1c7b049ea8606b793e7b2a30b0638779d8aa4989eb4ac,False,
Nuclear_Graphite_Stress_Surrogate/ Case Test Data/FE_Results_Cases_All/FE_Results_Case_36.txt,FE_Results_Cases_All/FE_Results_Case_36.txt,original_fem_data,33938746,4e823b0d341e377edd6556866158f3e92df6435794c48d8ac771d983571fbc3f,4e823b0d341e377edd6556866158f3e92df6435794c48d8ac771d983571fbc3f,False,
Nuclear_Graphite_Stress_Surrogate/ Case Test Data/FE_Results_Cases_All/FE_Results_Case_37.txt,FE_Results_Cases_All/FE_Results_Case_37.txt,original_fem_data,33898802,8e9baf3489f908797b096527e6aea8d251e8165b40c0a56326e37632a1a03545,8e9baf3489f908797b096527e6aea8d251e8165b40c0a56326e37632a1a03545,False,
Nuclear_Graphite_Stress_Surrogate/ Case Test Data/FE_Results_Cases_All/FE_Results_Case_38.txt,FE_Results_Cases_All/FE_Results_Case_38.txt,original_fem_data,33960723,ea2609920aa683d4b018de78278d49ac6b578ae4d3405ea336a661e4e96f590a,ea2609920aa683d4b018de78278d49ac6b578ae4d3405ea336a661e4e96f590a,False,
Nuclear_Graphite_Stress_Surrogate/ Case Test Data/FE_Results_Cases_All/FE_Results_Case_39.txt,FE_Results_Cases_All/FE_Results_Case_39.txt,original_fem_data,33908878,ba210ad3c838a448dd99427dea1e79dfc1dcea017cc4453f158ea89405749634,ba210ad3c838a448dd99427dea1e79dfc1dcea017cc4453f158ea89405749634,False,
Nuclear_Graphite_Stress_Surrogate/ Case Test Data/FE_Results_Cases_All/FE_Results_Case_4.txt,FE_Results_Cases_All/FE_Results_Case_4.txt,original_fem_data,33919726,bf1179828897079857d8af5561140df0f706cadb06b312573d1517a9e31cba1e,bf1179828897079857d8af5561140df0f706cadb06b312573d1517a9e31cba1e,False,
Nuclear_Graphite_Stress_Surrogate/ Case Test Data/FE_Results_Cases_All/FE_Results_Case_40.txt,FE_Results_Cases_All/FE_Results_Case_40.txt,original_fem_data,33915924,2837c505788713f70f6c019bc586ca1fd5c85868df6b76c9b70c190fcd729784,2837c505788713f70f6c019bc586ca1fd5c85868df6b76c9b70c190fcd729784,False,
Nuclear_Graphite_Stress_Surrogate/ Case Test Data/FE_Results_Cases_All/FE_Results_Case_41.txt,FE_Results_Cases_All/FE_Results_Case_41.txt,original_fem_data,33937530,df2cd1acd4a303a6d252529fb42a607cfcc85033188e3b2a53ce43fe41e6b805,df2cd1acd4a303a6d252529fb42a607cfcc85033188e3b2a53ce43fe41e6b805,False,
Nuclear_Graphite_Stress_Surrogate/ Case Test Data/FE_Results_Cases_All/FE_Results_Case_42.txt,FE_Results_Cases_All/FE_Results_Case_42.txt,original_fem_data,33916689,7ab1ea7d9a391467d123a103ec3687910b900ce2750875f33f6b4e6fd9ddee46,7ab1ea7d9a391467d123a103ec3687910b900ce2750875f33f6b4e6fd9ddee46,False,
Nuclear_Graphite_Stress_Surrogate/ Case Test Data/FE_Results_Cases_All/FE_Results_Case_43.txt,FE_Results_Cases_All/FE_Results_Case_43.txt,original_fem_data,33917031,85ec308fe13189852a6be93973225f007aa1fb58d3c33a3ae66d914b29d05cdc,85ec308fe13189852a6be93973225f007aa1fb58d3c33a3ae66d914b29d05cdc,False,
Nuclear_Graphite_Stress_Surrogate/ Case Test Data/FE_Results_Cases_All/FE_Results_Case_44.txt,FE_Results_Cases_All/FE_Results_Case_44.txt,original_fem_data,33917545,071272c4816374c41b0021fcb4c049bb8d3b6544cb589c9f29bd7c4366cb6eeb,071272c4816374c41b0021fcb4c049bb8d3b6544cb589c9f29bd7c4366cb6eeb,False,
Nuclear_Graphite_Stress_Surrogate/ Case Test Data/FE_Results_Cases_All/FE_Results_Case_45.txt,FE_Results_Cases_All/FE_Results_Case_45.txt,original_fem_data,33930061,6d170926a3fc69c5e666b8e20b076e3fbb6627a72e9362e26d09c9759120aee9,6d170926a3fc69c5e666b8e20b076e3fbb6627a72e9362e26d09c9759120aee9,False,
Nuclear_Graphite_Stress_Surrogate/ Case Test Data/FE_Results_Cases_All/FE_Results_Case_46.txt,FE_Results_Cases_All/FE_Results_Case_46.txt,original_fem_data,33919550,36b6e0e0c8a61935ce662f7944b92b46288ea3f85e1aabaeedd8b471da4d48f6,36b6e0e0c8a61935ce662f7944b92b46288ea3f85e1aabaeedd8b471da4d48f6,False,
Nuclear_Graphite_Stress_Surrogate/ Case Test Data/FE_Results_Cases_All/FE_Results_Case_47.txt,FE_Results_Cases_All/FE_Results_Case_47.txt,original_fem_data,33915578,89d78c2eda964917581d1483e15eb4630c08795f811434a4cce6c9b92ae2b21a,89d78c2eda964917581d1483e15eb4630c08795f811434a4cce6c9b92ae2b21a,False,
Nuclear_Graphite_Stress_Surrogate/ Case Test Data/FE_Results_Cases_All/FE_Results_Case_48.txt,FE_Results_Cases_All/FE_Results_Case_48.txt,original_fem_data,33927678,faebc945a99c8609e6f575d76c38d4a9310d93824b8eabeeb86945381c394aa2,faebc945a99c8609e6f575d76c38d4a9310d93824b8eabeeb86945381c394aa2,False,
Nuclear_Graphite_Stress_Surrogate/ Case Test Data/FE_Results_Cases_All/FE_Results_Case_49.txt,FE_Results_Cases_All/FE_Results_Case_49.txt,original_fem_data,33924717,5632989a971c31f58458b01bace4b03d55a6acc8130291f159a45c1c532eaa68,5632989a971c31f58458b01bace4b03d55a6acc8130291f159a45c1c532eaa68,False,
Nuclear_Graphite_Stress_Surrogate/ Case Test Data/FE_Results_Cases_All/FE_Results_Case_5.txt,FE_Results_Cases_All/FE_Results_Case_5.txt,original_fem_data,33920383,ab9529eebc1df798cf5a4baa001e566cd776ebea929de5c17c7c82bc5360658d,ab9529eebc1df798cf5a4baa001e566cd776ebea929de5c17c7c82bc5360658d,False,
Nuclear_Graphite_Stress_Surrogate/ Case Test Data/FE_Results_Cases_All/FE_Results_Case_50.txt,FE_Results_Cases_All/FE_Results_Case_50.txt,original_fem_data,33918033,4c49e899d6a40ba6700802759a8bf8fe64d067629068c3b8e8584b66b0bdf57f,4c49e899d6a40ba6700802759a8bf8fe64d067629068c3b8e8584b66b0bdf57f,False,
Nuclear_Graphite_Stress_Surrogate/ Case Test Data/FE_Results_Cases_All/FE_Results_Case_51.txt,FE_Results_Cases_All/FE_Results_Case_51.txt,original_fem_data,33903599,730bb00604e6f4404ee2e3e0b88516356351c213b1892b30d3ca73d1d618a10b,730bb00604e6f4404ee2e3e0b88516356351c213b1892b30d3ca73d1d618a10b,False,
Nuclear_Graphite_Stress_Surrogate/ Case Test Data/FE_Results_Cases_All/FE_Results_Case_52.txt,FE_Results_Cases_All/FE_Results_Case_52.txt,original_fem_data,33919711,4b4a13da16754e8571e10733ac62c3c9c4090d06149882c24a18660188e2ca9d,4b4a13da16754e8571e10733ac62c3c9c4090d06149882c24a18660188e2ca9d,False,
Nuclear_Graphite_Stress_Surrogate/ Case Test Data/FE_Results_Cases_All/FE_Results_Case_53.txt,FE_Results_Cases_All/FE_Results_Case_53.txt,original_fem_data,33937878,346032facfcab7be4e5f2c519960f4133b3be7cd4dabd378558e01998a9ec86a,346032facfcab7be4e5f2c519960f4133b3be7cd4dabd378558e01998a9ec86a,False,
Nuclear_Graphite_Stress_Surrogate/ Case Test Data/FE_Results_Cases_All/FE_Results_Case_54.txt,FE_Results_Cases_All/FE_Results_Case_54.txt,original_fem_data,33917913,a01b522354febd551d46ce76004172b7188ac075f8b8eec8924e02b44d795099,a01b522354febd551d46ce76004172b7188ac075f8b8eec8924e02b44d795099,False,
Nuclear_Graphite_Stress_Surrogate/ Case Test Data/FE_Results_Cases_All/FE_Results_Case_55.txt,FE_Results_Cases_All/FE_Results_Case_55.txt,original_fem_data,33926802,787a9cfc4e98d9aadda7101734e6a54f075d803ef6a43ae4dda2249ecf4a251d,787a9cfc4e98d9aadda7101734e6a54f075d803ef6a43ae4dda2249ecf4a251d,False,
Nuclear_Graphite_Stress_Surrogate/ Case Test Data/FE_Results_Cases_All/FE_Results_Case_56.txt,FE_Results_Cases_All/FE_Results_Case_56.txt,original_fem_data,33914943,ef8a281157feb6e185f9ffc34f00f7432aeeecbc499bc7749ea55d9b7400b3a8,ef8a281157feb6e185f9ffc34f00f7432aeeecbc499bc7749ea55d9b7400b3a8,False,
Nuclear_Graphite_Stress_Surrogate/ Case Test Data/FE_Results_Cases_All/FE_Results_Case_57.txt,FE_Results_Cases_All/FE_Results_Case_57.txt,original_fem_data,33920461,33ebd44f205cdac71820b178cf15f0accef51510cfee973094ebb3a3a96f27ae,33ebd44f205cdac71820b178cf15f0accef51510cfee973094ebb3a3a96f27ae,False,
Nuclear_Graphite_Stress_Surrogate/ Case Test Data/FE_Results_Cases_All/FE_Results_Case_58.txt,FE_Results_Cases_All/FE_Results_Case_58.txt,original_fem_data,33904886,5826b46ad8b20ffd281038e04e866337a48be9a64263eecf88c87f51ec0d7660,5826b46ad8b20ffd281038e04e866337a48be9a64263eecf88c87f51ec0d7660,False,
Nuclear_Graphite_Stress_Surrogate/ Case Test Data/FE_Results_Cases_All/FE_Results_Case_59.txt,FE_Results_Cases_All/FE_Results_Case_59.txt,original_fem_data,33918134,896c8d138d1450c1ced58f9814b776b8dc2bb4fccf5f9d7a5cf41f26936ad89c,896c8d138d1450c1ced58f9814b776b8dc2bb4fccf5f9d7a5cf41f26936ad89c,False,
Nuclear_Graphite_Stress_Surrogate/ Case Test Data/FE_Results_Cases_All/FE_Results_Case_6.txt,FE_Results_Cases_All/FE_Results_Case_6.txt,original_fem_data,33924502,c0a3b54cebdbd11ace4447cfec2c095c6f74434451f7610c58a685392cdf19eb,c0a3b54cebdbd11ace4447cfec2c095c6f74434451f7610c58a685392cdf19eb,False,
Nuclear_Graphite_Stress_Surrogate/ Case Test Data/FE_Results_Cases_All/FE_Results_Case_60.txt,FE_Results_Cases_All/FE_Results_Case_60.txt,original_fem_data,33922875,4253be42ea78955be90edee2bc3f98fdda719f13954852a633562959cabfa564,4253be42ea78955be90edee2bc3f98fdda719f13954852a633562959cabfa564,False,
Nuclear_Graphite_Stress_Surrogate/ Case Test Data/FE_Results_Cases_All/FE_Results_Case_61.txt,FE_Results_Cases_All/FE_Results_Case_61.txt,original_fem_data,33919973,397672496307bb4cc1b5e0834ffa85f007ce45eaed8a668fde70e1da020f997d,397672496307bb4cc1b5e0834ffa85f007ce45eaed8a668fde70e1da020f997d,False,
Nuclear_Graphite_Stress_Surrogate/ Case Test Data/FE_Results_Cases_All/FE_Results_Case_62.txt,FE_Results_Cases_All/FE_Results_Case_62.txt,original_fem_data,33903148,967e60e045afd5038af714e04b6f9941f8796d48ef1d7cffd53dd942a73c09ef,967e60e045afd5038af714e04b6f9941f8796d48ef1d7cffd53dd942a73c09ef,False,
Nuclear_Graphite_Stress_Surrogate/ Case Test Data/FE_Results_Cases_All/FE_Results_Case_63.txt,FE_Results_Cases_All/FE_Results_Case_63.txt,original_fem_data,33913103,853439e541b2b21d2da7b30575e353c2a393b2c6710cf3c555be45fbf6ad6b1d,853439e541b2b21d2da7b30575e353c2a393b2c6710cf3c555be45fbf6ad6b1d,False,
Nuclear_Graphite_Stress_Surrogate/ Case Test Data/FE_Results_Cases_All/FE_Results_Case_64.txt,FE_Results_Cases_All/FE_Results_Case_64.txt,original_fem_data,33907851,d366fedc7c89347e61d2141810270418c20a5e59430c4b70f4fce57e97ee03ac,d366fedc7c89347e61d2141810270418c20a5e59430c4b70f4fce57e97ee03ac,False,
Nuclear_Graphite_Stress_Surrogate/ Case Test Data/FE_Results_Cases_All/FE_Results_Case_65.txt,FE_Results_Cases_All/FE_Results_Case_65.txt,original_fem_data,33909203,bef034a42b800777e3d05a06757043fe72d8e28e4fb9c1633a8c72065b361acf,bef034a42b800777e3d05a06757043fe72d8e28e4fb9c1633a8c72065b361acf,False,
Nuclear_Graphite_Stress_Surrogate/ Case Test Data/FE_Results_Cases_All/FE_Results_Case_66.txt,FE_Results_Cases_All/FE_Results_Case_66.txt,original_fem_data,33919435,8f8fdd48e8c3df2b07fff63c43a2ecc1fae7377d2eb019a95922febb6ec279e6,8f8fdd48e8c3df2b07fff63c43a2ecc1fae7377d2eb019a95922febb6ec279e6,False,
Nuclear_Graphite_Stress_Surrogate/ Case Test Data/FE_Results_Cases_All/FE_Results_Case_67.txt,FE_Results_Cases_All/FE_Results_Case_67.txt,original_fem_data,33919403,abe374f001f69c3aa7a97649959b49d636481665ffbbe8f35da2b896c3512fa3,abe374f001f69c3aa7a97649959b49d636481665ffbbe8f35da2b896c3512fa3,False,
Nuclear_Graphite_Stress_Surrogate/ Case Test Data/FE_Results_Cases_All/FE_Results_Case_68.txt,FE_Results_Cases_All/FE_Results_Case_68.txt,original_fem_data,33919812,7e07e068ec8f325f726ed3e8e94c1907bc7844f21366fed71a6412498c1ac631,7e07e068ec8f325f726ed3e8e94c1907bc7844f21366fed71a6412498c1ac631,False,
Nuclear_Graphite_Stress_Surrogate/ Case Test Data/FE_Results_Cases_All/FE_Results_Case_69.txt,FE_Results_Cases_All/FE_Results_Case_69.txt,original_fem_data,33920312,e9ab71e35aab3ba8de040392639f3d1ed77a861c9ef44d6636cc85ff0418a531,e9ab71e35aab3ba8de040392639f3d1ed77a861c9ef44d6636cc85ff0418a531,False,
Nuclear_Graphite_Stress_Surrogate/ Case Test Data/FE_Results_Cases_All/FE_Results_Case_7.txt,FE_Results_Cases_All/FE_Results_Case_7.txt,original_fem_data,33925562,4b4e7378c1cb25a6bb722dba0f9e5347365fad5f5bd018a651a65651fbd735e2,4b4e7378c1cb25a6bb722dba0f9e5347365fad5f5bd018a651a65651fbd735e2,False,
Nuclear_Graphite_Stress_Surrogate/ Case Test Data/FE_Results_Cases_All/FE_Results_Case_70.txt,FE_Results_Cases_All/FE_Results_Case_70.txt,original_fem_data,33909315,19716bebb03a10a372de88a2ca31be27ca0e1d826705dbca58fcbbe1777e3a50,19716bebb03a10a372de88a2ca31be27ca0e1d826705dbca58fcbbe1777e3a50,False,
Nuclear_Graphite_Stress_Surrogate/ Case Test Data/FE_Results_Cases_All/FE_Results_Case_71.txt,FE_Results_Cases_All/FE_Results_Case_71.txt,original_fem_data,33910434,6617ab39048ae4cce051ce99d8c8a5f9c50d6b6bb4bc07b4f7f117cc845304f9,6617ab39048ae4cce051ce99d8c8a5f9c50d6b6bb4bc07b4f7f117cc845304f9,False,
Nuclear_Graphite_Stress_Surrogate/ Case Test Data/FE_Results_Cases_All/FE_Results_Case_72.txt,FE_Results_Cases_All/FE_Results_Case_72.txt,original_fem_data,33903830,5e4555333cb726492a3608ee24cbe20b381783e9ff582dcdc00bbbdc52290791,5e4555333cb726492a3608ee24cbe20b381783e9ff582dcdc00bbbdc52290791,False,
Nuclear_Graphite_Stress_Surrogate/ Case Test Data/FE_Results_Cases_All/FE_Results_Case_73.txt,FE_Results_Cases_All/FE_Results_Case_73.txt,original_fem_data,33919317,1f29b3a8c067a46cf3818aaeb44ec2275c8bd6b8027be22329e9660771dc75dc,1f29b3a8c067a46cf3818aaeb44ec2275c8bd6b8027be22329e9660771dc75dc,False,
Nuclear_Graphite_Stress_Surrogate/ Case Test Data/FE_Results_Cases_All/FE_Results_Case_74.txt,FE_Results_Cases_All/FE_Results_Case_74.txt,original_fem_data,33916049,294fb076c25d0a10a8938ea020ca0de1a66218961d8359d5f7452f172945d2a3,294fb076c25d0a10a8938ea020ca0de1a66218961d8359d5f7452f172945d2a3,False,
Nuclear_Graphite_Stress_Surrogate/ Case Test Data/FE_Results_Cases_All/FE_Results_Case_75.txt,FE_Results_Cases_All/FE_Results_Case_75.txt,original_fem_data,33921045,f787c4b2e121b0e6f8c22d90706aed3899622a1bd8655ecbff9f2d3af2a56fca,f787c4b2e121b0e6f8c22d90706aed3899622a1bd8655ecbff9f2d3af2a56fca,False,
Nuclear_Graphite_Stress_Surrogate/ Case Test Data/FE_Results_Cases_All/FE_Results_Case_76.txt,FE_Results_Cases_All/FE_Results_Case_76.txt,original_fem_data,33906132,838eb633e2b051b34e2350371716ed3c7f5ef8cdcd083a9bb05fc0f28503f885,838eb633e2b051b34e2350371716ed3c7f5ef8cdcd083a9bb05fc0f28503f885,False,
Nuclear_Graphite_Stress_Surrogate/ Case Test Data/FE_Results_Cases_All/FE_Results_Case_77.txt,FE_Results_Cases_All/FE_Results_Case_77.txt,original_fem_data,33908822,22a534b7f533642de627ee2b3e4b7edc9eb872a0b467f2781b33951ce84751cd,22a534b7f533642de627ee2b3e4b7edc9eb872a0b467f2781b33951ce84751cd,False,
Nuclear_Graphite_Stress_Surrogate/ Case Test Data/FE_Results_Cases_All/FE_Results_Case_78.txt,FE_Results_Cases_All/FE_Results_Case_78.txt,original_fem_data,33905267,f682e83423330f5c1068926cd4311c81a82283123741e9897d01b544793dacf0,f682e83423330f5c1068926cd4311c81a82283123741e9897d01b544793dacf0,False,
Nuclear_Graphite_Stress_Surrogate/ Case Test Data/FE_Results_Cases_All/FE_Results_Case_79.txt,FE_Results_Cases_All/FE_Results_Case_79.txt,original_fem_data,33922952,bd8ab0a84ae266f78366cde85edcbeef1fc592e2320644419b0149c137210d90,bd8ab0a84ae266f78366cde85edcbeef1fc592e2320644419b0149c137210d90,False,
Nuclear_Graphite_Stress_Surrogate/ Case Test Data/FE_Results_Cases_All/FE_Results_Case_8.txt,FE_Results_Cases_All/FE_Results_Case_8.txt,original_fem_data,33924386,202a72d6433c291357a03fe46a097bef7799311f2ce138cd20516f2e03ceebbb,202a72d6433c291357a03fe46a097bef7799311f2ce138cd20516f2e03ceebbb,False,
Nuclear_Graphite_Stress_Surrogate/ Case Test Data/FE_Results_Cases_All/FE_Results_Case_80.txt,FE_Results_Cases_All/FE_Results_Case_80.txt,original_fem_data,33900721,6ba6e42d5ba1d10dd72240d004a259639e550aa8e5e6de69219764d3eaf4bd8e,6ba6e42d5ba1d10dd72240d004a259639e550aa8e5e6de69219764d3eaf4bd8e,False,
Nuclear_Graphite_Stress_Surrogate/ Case Test Data/FE_Results_Cases_All/FE_Results_Case_81.txt,FE_Results_Cases_All/FE_Results_Case_81.txt,original_fem_data,33926100,688321b71a4fa9ec53193cc6c5a66d5be611d78786e905f9adc47cb4567cacba,688321b71a4fa9ec53193cc6c5a66d5be611d78786e905f9adc47cb4567cacba,False,
Nuclear_Graphite_Stress_Surrogate/ Case Test Data/FE_Results_Cases_All/FE_Results_Case_82.txt,FE_Results_Cases_All/FE_Results_Case_82.txt,original_fem_data,33920066,c8d933cdca49a418596c8348db0290c97bc3ec0ac39030312cfb09916f826583,c8d933cdca49a418596c8348db0290c97bc3ec0ac39030312cfb09916f826583,False,
Nuclear_Graphite_Stress_Surrogate/ Case Test Data/FE_Results_Cases_All/FE_Results_Case_83.txt,FE_Results_Cases_All/FE_Results_Case_83.txt,original_fem_data,33924872,e01c5b4b1d0914a90c4f98e550b684d26f9b365e5060c8da9daf34746f396a4d,e01c5b4b1d0914a90c4f98e550b684d26f9b365e5060c8da9daf34746f396a4d,False,
Nuclear_Graphite_Stress_Surrogate/ Case Test Data/FE_Results_Cases_All/FE_Results_Case_84.txt,FE_Results_Cases_All/FE_Results_Case_84.txt,original_fem_data,33923377,d6443ed5ad32ec37268174296d2f3e139269ad14dec659e9caf230881243edee,d6443ed5ad32ec37268174296d2f3e139269ad14dec659e9caf230881243edee,False,
Nuclear_Graphite_Stress_Surrogate/ Case Test Data/FE_Results_Cases_All/FE_Results_Case_85.txt,FE_Results_Cases_All/FE_Results_Case_85.txt,original_fem_data,33922156,241251a3cdab2e77917fa31e47afc1f0699b7216eb73bd89b3a7eadb6251c438,241251a3cdab2e77917fa31e47afc1f0699b7216eb73bd89b3a7eadb6251c438,False,
Nuclear_Graphite_Stress_Surrogate/ Case Test Data/FE_Results_Cases_All/FE_Results_Case_86.txt,FE_Results_Cases_All/FE_Results_Case_86.txt,original_fem_data,33909238,dc7872535b75fdfe17f9d06739db097f40857cca045012e4d70907552d9d7eb3,dc7872535b75fdfe17f9d06739db097f40857cca045012e4d70907552d9d7eb3,False,
Nuclear_Graphite_Stress_Surrogate/ Case Test Data/FE_Results_Cases_All/FE_Results_Case_87.txt,FE_Results_Cases_All/FE_Results_Case_87.txt,original_fem_data,33929442,b5af76fc444b78f19bbe78d2ecaab01719e9f8ad056debf8c2140c2f074c5333,b5af76fc444b78f19bbe78d2ecaab01719e9f8ad056debf8c2140c2f074c5333,False,
Nuclear_Graphite_Stress_Surrogate/ Case Test Data/FE_Results_Cases_All/FE_Results_Case_88.txt,FE_Results_Cases_All/FE_Results_Case_88.txt,original_fem_data,33926849,e22092d1f4cd584c12c6764e40a40dbf18105e932628218db54549facd7196c0,e22092d1f4cd584c12c6764e40a40dbf18105e932628218db54549facd7196c0,False,
Nuclear_Graphite_Stress_Surrogate/ Case Test Data/FE_Results_Cases_All/FE_Results_Case_89.txt,FE_Results_Cases_All/FE_Results_Case_89.txt,original_fem_data,33918696,4878792748257a55c4b11b42a93ad186f250bc17dfc07defe65522c1f230a2cd,4878792748257a55c4b11b42a93ad186f250bc17dfc07defe65522c1f230a2cd,False,
Nuclear_Graphite_Stress_Surrogate/ Case Test Data/FE_Results_Cases_All/FE_Results_Case_9.txt,FE_Results_Cases_All/FE_Results_Case_9.txt,original_fem_data,33924996,329e75100d7d6f131aae83aba44eed6083bac1e822ec5507e2749983bb44a6ef,329e75100d7d6f131aae83aba44eed6083bac1e822ec5507e2749983bb44a6ef,False,
Nuclear_Graphite_Stress_Surrogate/ Case Test Data/FE_Results_Cases_All/FE_Results_Case_90.txt,FE_Results_Cases_All/FE_Results_Case_90.txt,original_fem_data,33913038,e972eb415b0c3637d5c9475d1a7385244b6a84571b87357817300ba36f84b1b9,e972eb415b0c3637d5c9475d1a7385244b6a84571b87357817300ba36f84b1b9,False,
Nuclear_Graphite_Stress_Surrogate/ Case Test Data/FE_Results_Cases_All/FE_Results_Case_91.txt,FE_Results_Cases_All/FE_Results_Case_91.txt,original_fem_data,33933798,07446f840d64673f279b271726def0d506bf28a8317fbab2b45601f10767a0f9,07446f840d64673f279b271726def0d506bf28a8317fbab2b45601f10767a0f9,False,
Nuclear_Graphite_Stress_Surrogate/ Case Test Data/FE_Results_Cases_All/FE_Results_Case_92.txt,FE_Results_Cases_All/FE_Results_Case_92.txt,original_fem_data,33914322,85d697ed2df2148e3d6b390d3772f83cc17e246b3e12d6413e3151c0e64a8862,85d697ed2df2148e3d6b390d3772f83cc17e246b3e12d6413e3151c0e64a8862,False,
Nuclear_Graphite_Stress_Surrogate/ Case Test Data/FE_Results_Cases_All/FE_Results_Case_93.txt,FE_Results_Cases_All/FE_Results_Case_93.txt,original_fem_data,33917595,f652f99c093ef4429647eefaae9a94bbc4603c2f1e309c52bf340a8e6944133b,f652f99c093ef4429647eefaae9a94bbc4603c2f1e309c52bf340a8e6944133b,False,
Nuclear_Graphite_Stress_Surrogate/ Case Test Data/FE_Results_Cases_All/FE_Results_Case_94.txt,FE_Results_Cases_All/FE_Results_Case_94.txt,original_fem_data,33909266,5a9dc47c7861d5fe76b13084e8a16c0ee42f0b3a47085a7ad0544be8c5af9619,5a9dc47c7861d5fe76b13084e8a16c0ee42f0b3a47085a7ad0544be8c5af9619,False,
Nuclear_Graphite_Stress_Surrogate/ Case Test Data/FE_Results_Cases_All/FE_Results_Case_95.txt,FE_Results_Cases_All/FE_Results_Case_95.txt,original_fem_data,33930246,7d87926ea2b352388f179b13abedd89df99761ef98fb2fa45e1783fdc577293d,7d87926ea2b352388f179b13abedd89df99761ef98fb2fa45e1783fdc577293d,False,
Nuclear_Graphite_Stress_Surrogate/ Case Test Data/FE_Results_Cases_All/FE_Results_Case_96.txt,FE_Results_Cases_All/FE_Results_Case_96.txt,original_fem_data,33909554,94100cf400382ee47c5193118c9970a3c0de93de29517d6d4166fe03db077c7d,94100cf400382ee47c5193118c9970a3c0de93de29517d6d4166fe03db077c7d,False,
Nuclear_Graphite_Stress_Surrogate/ Case Test Data/FE_Results_Cases_All/FE_Results_Case_97.txt,FE_Results_Cases_All/FE_Results_Case_97.txt,original_fem_data,33921897,dcf31667ab67ce78066407f886e98e071bf445bf6a1dfd8922dd6f88e4c00152,dcf31667ab67ce78066407f886e98e071bf445bf6a1dfd8922dd6f88e4c00152,False,
Nuclear_Graphite_Stress_Surrogate/ Case Test Data/FE_Results_Cases_All/FE_Results_Case_98.txt,FE_Results_Cases_All/FE_Results_Case_98.txt,original_fem_data,33929936,3827dc6aede24d3f206a31c9eb2271d6dd7f82de1328cf0beded0399817365a7,3827dc6aede24d3f206a31c9eb2271d6dd7f82de1328cf0beded0399817365a7,False,
Nuclear_Graphite_Stress_Surrogate/ Case Test Data/FE_Results_Cases_All/FE_Results_Case_99.txt,FE_Results_Cases_All/FE_Results_Case_99.txt,original_fem_data,33902689,1c5bf518eb7e50b4b0f013856945aad65b26422d2d9264805439500f1aaf0303,1c5bf518eb7e50b4b0f013856945aad65b26422d2d9264805439500f1aaf0303,False,
Nuclear_Graphite_Stress_Surrogate/src/ct3_common.py,src/ct3_common.py,research_source,33066,d268e986ab4303262275a10a3d4382055870ef8349ea02bd50b3dbe043c12cca,1d55d71018e90c2068756e0a6c101aa353288e3632f4778130a59cf1b8793bf2,True,provenance/original_code/src/ct3_common.py
Nuclear_Graphite_Stress_Surrogate/src/hierarchical_feasibility.py,src/hierarchical_feasibility.py,research_source,38290,d1cf6b7d832c04b023b0533b0bd6f5f393b29a050ac9531dd57f7136d67f6029,d1cf6b7d832c04b023b0533b0bd6f5f393b29a050ac9531dd57f7136d67f6029,False,
Nuclear_Graphite_Stress_Surrogate/src/hierarchical_symbolic_regression.py,src/hierarchical_symbolic_regression.py,research_source,54832,714ddedd6c4b3f9bd686235dca435319dcd093289a3fe1c83e322b427f5775c2,714ddedd6c4b3f9bd686235dca435319dcd093289a3fe1c83e322b427f5775c2,False,
Nuclear_Graphite_Stress_Surrogate/src/robust_chunked_symbolic.py,src/robust_chunked_symbolic.py,research_source,56246,110c720908a0927f7b4702a35be0dcc866ff9d9ebab3195f0197815d70706ef6,f1ab608672cccd73d63856f5fd0f4a8a11a319995c8659274cfa3caa6d14cf55,True,provenance/original_code/src/robust_chunked_symbolic.py
Nuclear_Graphite_Stress_Surrogate/src/recoverable_single_shape_symbolic.py,src/recoverable_single_shape_symbolic.py,research_source,39209,2a876827888193f287a05d32a27c8e3842f7fabaa67851048bd636f78fd9af45,2a876827888193f287a05d32a27c8e3842f7fabaa67851048bd636f78fd9af45,False,
Nuclear_Graphite_Stress_Surrogate/src/residual_shape_symbolic.py,src/residual_shape_symbolic.py,research_source,56405,7ec723735d9feadf13d9d92536ceddc20d130f5de63002f59d461eea77b7c092,7ec723735d9feadf13d9d92536ceddc20d130f5de63002f59d461eea77b7c092,False,
Nuclear_Graphite_Stress_Surrogate/src/signed_staged_residual_symbolic.py,src/signed_staged_residual_symbolic.py,research_source,66312,df7e36e4fc2a390be0d9f868ed04902aa34be3838b613367feeb494e3ccb25bf,df7e36e4fc2a390be0d9f868ed04902aa34be3838b613367feeb494e3ccb25bf,False,
Nuclear_Graphite_Stress_Surrogate/src/v11_tail_aware_localised_symbolic.py,src/v11_tail_aware_localised_symbolic.py,research_source,61941,22f4e9d61c4f09e62fcab2b882414f1555fe31d7bc8fb81b944f425f55be176b,22f4e9d61c4f09e62fcab2b882414f1555fe31d7bc8fb81b944f425f55be176b,False,
Nuclear_Graphite_Stress_Surrogate/src/v11_gain_stability_audit.py,src/v11_gain_stability_audit.py,research_source,41474,197068032a70138470f76bac72a4ff94501c28c2c00066bd9e58209114b028ed,197068032a70138470f76bac72a4ff94501c28c2c00066bd9e58209114b028ed,False,
Nuclear_Graphite_Stress_Surrogate/src/v13_structural_tail_residual.py,src/v13_structural_tail_residual.py,research_source,65403,e3c580ebe583cf83ae7da45d2d2366be6048bee887ee29d02a343d1c561a5165,e3c580ebe583cf83ae7da45d2d2366be6048bee887ee29d02a343d1c561a5165,False,
Nuclear_Graphite_Stress_Surrogate/src/v13_residual_gain_audit.py,src/v13_residual_gain_audit.py,research_source,40890,941e06f52f00785aa61b0956569e4748664eb217bd822aebaa0931161acf681a,941e06f52f00785aa61b0956569e4748664eb217bd822aebaa0931161acf681a,False,
Nuclear_Graphite_Stress_Surrogate/src/formal_v11_four_rotation.py,src/formal_v11_four_rotation.py,research_source,12046,f5ea8bb3dae7e1ce12798d85e6031a2ef8d629b18ae60d1fea4212482e9b8d8d,dc143bfd7c9a98178fc0e37d5b4f661437f19a6901895274c3df7f3369566e01,True,provenance/original_code/src/formal_v11_four_rotation.py
Nuclear_Graphite_Stress_Surrogate/src/final_development_integration.py,src/final_development_integration.py,research_source,45654,eeadb03a7652ac6b45893011c179a8e3127e4fa65167e630657fe35467ee32ab,eeadb03a7652ac6b45893011c179a8e3127e4fa65167e630657fe35467ee32ab,False,
Nuclear_Graphite_Stress_Surrogate/src/final_locked_149_evaluation.py,src/final_locked_149_evaluation.py,research_source,54958,544ce69a08e9dc2be1fb445afcbe1bdeb803e8720989583137f8441967121947,544ce69a08e9dc2be1fb445afcbe1bdeb803e8720989583137f8441967121947,False,
Nuclear_Graphite_Stress_Surrogate/src/export_three_spatial_comparison_cases.py,src/export_three_spatial_comparison_cases.py,research_source,19876,d2bf48566255e82f34080490c064b3e892dfac1d0d66795309a42d976d1543ec,d2bf48566255e82f34080490c064b3e892dfac1d0d66795309a42d976d1543ec,False,
Nuclear_Graphite_Stress_Surrogate/scripts/run_recoverable_shape_segment.py,scripts/run_recoverable_shape_segment.py,research_tooling,7250,83027527514266312377f3c86a279f61bf0f10b542a0cd46326224b1b404c96b,83027527514266312377f3c86a279f61bf0f10b542a0cd46326224b1b404c96b,False,
Nuclear_Graphite_Stress_Surrogate/scripts/run_residual_shape_segment.py,scripts/run_residual_shape_segment.py,research_tooling,7115,08aaa6e949cd03167e47f52e163fc0dd5a1951126d5ef0dabd9c48d1fa55c612,08aaa6e949cd03167e47f52e163fc0dd5a1951126d5ef0dabd9c48d1fa55c612,False,
Nuclear_Graphite_Stress_Surrogate/scripts/run_signed_residual_stage_segment.py,scripts/run_signed_residual_stage_segment.py,research_tooling,8010,18a60ff7e7ff707022d6828aabbf710f1ca957c5ea7a309a34f5dc56de9d2ef1,18a60ff7e7ff707022d6828aabbf710f1ca957c5ea7a309a34f5dc56de9d2ef1,False,
Nuclear_Graphite_Stress_Surrogate/scripts/run_v11_tail_segment.py,scripts/run_v11_tail_segment.py,research_tooling,7752,5e4c683ba6aedfc503deff8bfbcb1ff82ac228b24ad32d9f5da90889600c0422,5e4c683ba6aedfc503deff8bfbcb1ff82ac228b24ad32d9f5da90889600c0422,False,
Nuclear_Graphite_Stress_Surrogate/scripts/run_v13_structural_residual_segment.py,scripts/run_v13_structural_residual_segment.py,research_tooling,7746,9965c0d0c21277e072a68516e9cc06c99110a919301d10a8566eb87692fd7c13,9965c0d0c21277e072a68516e9cc06c99110a919301d10a8566eb87692fd7c13,False,
Nuclear_Graphite_Stress_Surrogate/scripts/build_final_development_integration_notebook.py,scripts/build_final_development_integration_notebook.py,research_tooling,6116,6229dd9bf1e8d18377111c0ea9b7d24ebf0d76356134074ac7f8631d520e2020,e676e0cd4bb11b9b9eebdbb34e86b585493ffe98c86d5390475f40ef422e4b0f,True,provenance/original_code/scripts/build_final_development_integration_notebook.py
Nuclear_Graphite_Stress_Surrogate/scripts/build_formal_v11_four_rotation_notebooks.py,scripts/build_formal_v11_four_rotation_notebooks.py,research_tooling,8320,ad91943749c5ab2b51580f46f1ae9d69b9016aef9d5c6d10a0b826d0bc121d83,ad91943749c5ab2b51580f46f1ae9d69b9016aef9d5c6d10a0b826d0bc121d83,False,
Nuclear_Graphite_Stress_Surrogate/scripts/build_locked_149_final_test_notebook.py,scripts/build_locked_149_final_test_notebook.py,research_tooling,7004,07df53bf2663f17561699c7e1835516f43f4e55ee334abc2c268d8450d677002,07df53bf2663f17561699c7e1835516f43f4e55ee334abc2c268d8450d677002,False,
Nuclear_Graphite_Stress_Surrogate/scripts/build_residual_shape_pilot_notebook.py,scripts/build_residual_shape_pilot_notebook.py,research_tooling,9245,af259d48e3938e158f32b051fb3b913534866288af2f91afdcfe7aefcec222bf,af259d48e3938e158f32b051fb3b913534866288af2f91afdcfe7aefcec222bf,False,
Nuclear_Graphite_Stress_Surrogate/scripts/build_signed_staged_residual_pilot_notebook.py,scripts/build_signed_staged_residual_pilot_notebook.py,research_tooling,8944,2174ba2645a8bb7667b0247c03a67feff301933762f87a33cf6a74c2763360c7,2174ba2645a8bb7667b0247c03a67feff301933762f87a33cf6a74c2763360c7,False,
Nuclear_Graphite_Stress_Surrogate/scripts/build_v11_gain_stability_audit_notebook.py,scripts/build_v11_gain_stability_audit_notebook.py,research_tooling,8013,4b57ebfb5a60f851c03ac197057b9fc0b3a65c590a01aa430beae18caf3e3012,4b57ebfb5a60f851c03ac197057b9fc0b3a65c590a01aa430beae18caf3e3012,False,
Nuclear_Graphite_Stress_Surrogate/scripts/build_v11_iteration1_notebook.py,scripts/build_v11_iteration1_notebook.py,research_tooling,7595,bf3fcbaad642caade2219cd61243407a939ec7b21824d44e5f1464935b18aa51,bf3fcbaad642caade2219cd61243407a939ec7b21824d44e5f1464935b18aa51,False,
Nuclear_Graphite_Stress_Surrogate/scripts/build_v13_residual_gain_audit_notebook.py,scripts/build_v13_residual_gain_audit_notebook.py,research_tooling,6306,82155b9706bb6698fbc3e8548b980d17b26f0a81000ec5a7f41df5dc5fa963ff,82155b9706bb6698fbc3e8548b980d17b26f0a81000ec5a7f41df5dc5fa963ff,False,
Nuclear_Graphite_Stress_Surrogate/scripts/build_v13_structural_tail_residual_notebook.py,scripts/build_v13_structural_tail_residual_notebook.py,research_tooling,7686,53395b11cc0efd42040db0dcac348fe4ff5602fc47c02baafcfcc8dca729d297,53395b11cc0efd42040db0dcac348fe4ff5602fc47c02baafcfcc8dca729d297,False,
Nuclear_Graphite_Stress_Surrogate/scripts/validate_final_development_integration.py,scripts/validate_final_development_integration.py,research_tooling,5920,89841ca04949464cca442c392d76c08ffece544071f5a3193b6134994fc0087e,89841ca04949464cca442c392d76c08ffece544071f5a3193b6134994fc0087e,False,
Nuclear_Graphite_Stress_Surrogate/scripts/validate_formal_v11_four_rotation_package.py,scripts/validate_formal_v11_four_rotation_package.py,research_tooling,4942,f57578b45cf1a7ef0449a927d67a9af627e4c8b3693b65c6cc6a2c3e8b6de2a7,f57578b45cf1a7ef0449a927d67a9af627e4c8b3693b65c6cc6a2c3e8b6de2a7,False,
Nuclear_Graphite_Stress_Surrogate/scripts/validate_locked_149_final_test.py,scripts/validate_locked_149_final_test.py,research_tooling,6011,5f3d0999f20ba98ab1a3dd6074a82984646c7ba16d4a263e83ebe752f0212434,879fde3ef2d9fd9363374706a821d1b633afeb93ca6c547fd2c5acd716e8422f,True,provenance/original_code/scripts/validate_locked_149_final_test.py
Nuclear_Graphite_Stress_Surrogate/scripts/validate_signed_staged_residual_package.py,scripts/validate_signed_staged_residual_package.py,research_tooling,2114,d9a650ca569ae65fdf34867701f51e419d8a207f830f8abc59a11d7d6a40b2f1,d9a650ca569ae65fdf34867701f51e419d8a207f830f8abc59a11d7d6a40b2f1,False,
Nuclear_Graphite_Stress_Surrogate/scripts/validate_three_spatial_case_export.py,scripts/validate_three_spatial_case_export.py,research_tooling,3630,5ed56fe97bdca901931745db9499da8f0865fa8da046f10f51b4bd424ccaea22,5ed56fe97bdca901931745db9499da8f0865fa8da046f10f51b4bd424ccaea22,False,
Nuclear_Graphite_Stress_Surrogate/scripts/validate_v11_gain_stability_audit.py,scripts/validate_v11_gain_stability_audit.py,research_tooling,3993,320fedc7e296ea328912fd6066d1a5faafb33086c81f07721c95dc7a86adb6c0,320fedc7e296ea328912fd6066d1a5faafb33086c81f07721c95dc7a86adb6c0,False,
Nuclear_Graphite_Stress_Surrogate/scripts/validate_v11_iteration1_package.py,scripts/validate_v11_iteration1_package.py,research_tooling,2171,94feb0a0c643654bd84be48ddd25867439f964c859ee0f16df0743193b53c703,94feb0a0c643654bd84be48ddd25867439f964c859ee0f16df0743193b53c703,False,
Nuclear_Graphite_Stress_Surrogate/scripts/validate_v13_residual_gain_audit.py,scripts/validate_v13_residual_gain_audit.py,research_tooling,3495,3d54238b2bf901aec2a04ac5907e6404aafb9a00b5cb03ef2e1273b18c293c48,3d54238b2bf901aec2a04ac5907e6404aafb9a00b5cb03ef2e1273b18c293c48,False,
Nuclear_Graphite_Stress_Surrogate/scripts/validate_v13_structural_tail_residual.py,scripts/validate_v13_structural_tail_residual.py,research_tooling,5384,b7f16ba2d091644695fb32565e5278888c4d8bfd4934fa6ab25d61cec181a660,b7f16ba2d091644695fb32565e5278888c4d8bfd4934fa6ab25d61cec181a660,False,
Nuclear_Graphite_Stress_Surrogate/scripts/generate_chapter3_figures.py,scripts/generate_chapter3_figures.py,research_tooling,13464,d104f27424e3479517dc65b98314f5cb7a36bc17d65f508a655df503f6f351cc,2d821194cd5284db8271b0d2e31b3fef3de0d060257180be669736c12666ef10,True,provenance/original_code/scripts/generate_chapter3_figures.py
Nuclear_Graphite_Stress_Surrogate/cluster/run_formal_v11_iteration2.slurm,cluster/run_formal_v11_iteration2.slurm,cluster_execution_entry,1966,2bc30f911481b7bc230d6015f933c9910f107a2c14a61316860b29cd178b8697,493508cceaa2aa924cf6f3f0a658b2ed2a3f9d072dcb40a6b2ebcad090843fbc,True,provenance/original_code/cluster/run_formal_v11_iteration2.slurm
Nuclear_Graphite_Stress_Surrogate/cluster/run_formal_v11_iteration3.slurm,cluster/run_formal_v11_iteration3.slurm,cluster_execution_entry,1966,f02f9a2d91801acd3767cd46974c7427ee6fb3e04e934b1d6ff8e2f75632cdb8,ba63dbfd005ffaf18823632672ebebb3f7a0cb3baf05f902527d69af8a4f0d13,True,provenance/original_code/cluster/run_formal_v11_iteration3.slurm
Nuclear_Graphite_Stress_Surrogate/cluster/run_formal_v11_iteration4.slurm,cluster/run_formal_v11_iteration4.slurm,cluster_execution_entry,1966,e8c77f1e63aa274c46e48a40ff8aeeaa07eb76a8c5697a9b7d4c1046f5f5178b,253048d525602b91d7bee5aca1d0da4fb840e0cc908ea0410ea50eaeadb03a94,True,provenance/original_code/cluster/run_formal_v11_iteration4.slurm
Nuclear_Graphite_Stress_Surrogate/cluster/run_149case_development_integration.slurm,cluster/run_149case_development_integration.slurm,cluster_execution_entry,2175,516eaf95d8cdc28656113693c59ba33320804ee2649d5bc0b95389e611578ffd,ba647daaf6afbfcfe8d68f637451a14c80f3bb14eb53ea58bf4bfef824491f7f,True,provenance/original_code/cluster/run_149case_development_integration.slurm
Nuclear_Graphite_Stress_Surrogate/cluster/run_locked_149_final_test.slurm,cluster/run_locked_149_final_test.slurm,cluster_execution_entry,3636,fe58258b5174025438bab89228c31c82e7122fe05d18a08ed7d64d7c7c2f5537,7415c46ae232e224e2e9cda7428e442a3ebe0765064c6eab46c758ee409a0d67,True,provenance/original_code/cluster/run_locked_149_final_test.slurm
Nuclear_Graphite_Stress_Surrogate/cluster/run_three_spatial_case_export.slurm,cluster/run_three_spatial_case_export.slurm,cluster_execution_entry,2861,2372c2ecc7157a817e16eac531e276e7bf0c7aa665f2de3eda455e33a9587fbb,1cee38fe3fef2c1cf8d143cb0131e4af4af2762199204ca0bcb39ee6d129c1d4,True,provenance/original_code/cluster/run_three_spatial_case_export.slurm
Nuclear_Graphite_Stress_Surrogate/cluster/run_recoverable_16000_iteration1.slurm,cluster/run_recoverable_16000_iteration1.slurm,cluster_execution_entry,4012,e2639407ec58df61aec33ddf4fc9c21fd16ae44f1e74835ff8bd80ff21c924c8,a6df12f1574d83c7e1ee2d02f694d451c370979976e0b1d40974941090563356,True,provenance/original_code/cluster/run_recoverable_16000_iteration1.slurm
Nuclear_Graphite_Stress_Surrogate/cluster/run_residual_shape_pilot.slurm,cluster/run_residual_shape_pilot.slurm,cluster_execution_entry,4058,06fd90061cab7f7e1b4d82b736a5edb34e6e577f593070fff80cb54f2ac4960b,503f1c85e147fcfae9d2784d13bea0c354b550ad15234d928469990f9fb470fc,True,provenance/original_code/cluster/run_residual_shape_pilot.slurm
Nuclear_Graphite_Stress_Surrogate/cluster/run_signed_staged_residual_pilot.slurm,cluster/run_signed_staged_residual_pilot.slurm,cluster_execution_entry,4144,d19b0b467010c6f38cb63611b6eb591ebecc19b4c82425968f748f4609ccb596,c016557033a94cabd0a1ea1fcbb4b9f312bfcea0a2406360c401bc26f9f27044,True,provenance/original_code/cluster/run_signed_staged_residual_pilot.slurm
Nuclear_Graphite_Stress_Surrogate/cluster/run_v11_iteration1_pilot.slurm,cluster/run_v11_iteration1_pilot.slurm,cluster_execution_entry,3998,1e4b31fff902ed134eb23b828243c0b6205529c0fcd7b287633388cd0251ade3,8fae3c85d44bea1027bd8b4bac3077febf6755aa119f4bef8c5016221bf60842,True,provenance/original_code/cluster/run_v11_iteration1_pilot.slurm
Nuclear_Graphite_Stress_Surrogate/cluster/run_v11_gain_stability_audit.slurm,cluster/run_v11_gain_stability_audit.slurm,cluster_execution_entry,4126,4401d629dd5ca5f4278d18cc4e36f71b8928045fca6b9e0f0365730519cbf59a,8d7695effb96ffe48ebaa2a9f5356a8975374ba430720fd4f2bbcd9a0b574775,True,provenance/original_code/cluster/run_v11_gain_stability_audit.slurm
Nuclear_Graphite_Stress_Surrogate/cluster/run_v13_structural_tail_residual.slurm,cluster/run_v13_structural_tail_residual.slurm,cluster_execution_entry,4097,ce2169275bb181a4c078e86efd3c3af9f05ab047e198c7313a6db05b2f417b3a,5b1ba87e672215f7eebc8a51573069b24ab514075c9f186a23104d53588ffc3b,True,provenance/original_code/cluster/run_v13_structural_tail_residual.slurm
Nuclear_Graphite_Stress_Surrogate/cluster/run_v13_residual_gain_audit.slurm,cluster/run_v13_residual_gain_audit.slurm,cluster_execution_entry,2960,307df452102105ae54f7709369aa11e7d9f9622cf0c1ba74b03d22b4f23df5e2,44f013bc8637797a45f5f36935fc53cebc492407cd7bf9653acccb8c992fba75,True,provenance/original_code/cluster/run_v13_residual_gain_audit.slurm
Nuclear_Graphite_Stress_Surrogate/cluster/setup_environment.sh,cluster/setup_environment.sh,cluster_execution_entry,632,bd4404b4f4c22042ebff4852c8a71292a4d5d9089a22cbf1d2519d2546c66634,bd4404b4f4c22042ebff4852c8a71292a4d5d9089a22cbf1d2519d2546c66634,False,
Nuclear_Graphite_Stress_Surrogate/requirements.txt,requirements.txt,original_unpinned_dependency_ranges,161,86ebfbed3161c7c41de8865649b839910c94461f7a81d017737b17739cd0e829,86ebfbed3161c7c41de8865649b839910c94461f7a81d017737b17739cd0e829,False,
Nuclear_Graphite_Stress_Surrogate/shared/frozen_case_split_manifest_199cases.csv,shared/frozen_case_split_manifest_199cases.csv,frozen_model_and_split_configuration,25685,8fa7fe2818b2d3bf69f47f5d214d033d84439bf22a7b789e205ce6c45b852d2b,8fa7fe2818b2d3bf69f47f5d214d033d84439bf22a7b789e205ce6c45b852d2b,False,
Nuclear_Graphite_Stress_Surrogate/shared/frozen_similarity_group_map_199cases.csv,shared/frozen_similarity_group_map_199cases.csv,frozen_model_and_split_configuration,4408,2a3a8925ad9a6f6a0d107d974552e781f493e13b51dc956f2d635b75013a9119,2a3a8925ad9a6f6a0d107d974552e781f493e13b51dc956f2d635b75013a9119,False,
Nuclear_Graphite_Stress_Surrogate/shared/locked_149_final_test_protocol.json,shared/locked_149_final_test_protocol.json,frozen_model_and_split_configuration,2279,0f73443822653a0edf1cecfa59379e843bce743d1c1d5fa7d4875ce120859541,0f73443822653a0edf1cecfa59379e843bce743d1c1d5fa7d4875ce120859541,False,
Nuclear_Graphite_Stress_Surrogate/shared/v10_authoritative_v8_candidate5/README.md,shared/v10_authoritative_v8_candidate5/README.md,frozen_model_and_split_configuration,688,79041d6bfe687b1b36f0239ccb563cd1cb9e2bf1c2dd0a915bff6cc94269f87e,79041d6bfe687b1b36f0239ccb563cd1cb9e2bf1c2dd0a915bff6cc94269f87e,False,
Nuclear_Graphite_Stress_Surrogate/shared/v10_authoritative_v8_candidate5/baseline_manifest.json,shared/v10_authoritative_v8_candidate5/baseline_manifest.json,frozen_model_and_split_configuration,1465,f1a5f23bed36b808982d1459971924af1872da861fd275eaa7cc4ed680210fdd,f1a5f23bed36b808982d1459971924af1872da861fd275eaa7cc4ed680210fdd,False,
Nuclear_Graphite_Stress_Surrogate/shared/v10_authoritative_v8_candidate5/case_log_scale_scaling.csv,shared/v10_authoritative_v8_candidate5/case_log_scale_scaling.csv,frozen_model_and_split_configuration,841,84d3833edb8e6928212524cc0018e795e382977dd2aece357a4b7bfef1a6e19b,84d3833edb8e6928212524cc0018e795e382977dd2aece357a4b7bfef1a6e19b,False,
Nuclear_Graphite_Stress_Surrogate/shared/v10_authoritative_v8_candidate5/case_mean_scaling.csv,shared/v10_authoritative_v8_candidate5/case_mean_scaling.csv,frozen_model_and_split_configuration,833,a903959dba57a356f7ccc912fb53c5ab1c95239cdfcd6a9ed7c1f715521ebf64,a903959dba57a356f7ccc912fb53c5ab1c95239cdfcd6a9ed7c1f715521ebf64,False,
Nuclear_Graphite_Stress_Surrogate/shared/v10_authoritative_v8_candidate5/round_complete.json,shared/v10_authoritative_v8_candidate5/round_complete.json,frozen_model_and_split_configuration,650,2748a84e5f0903d3f3b31d8c8f300c7e1fdcbe5053ecf726822e92f9a22eef17,2748a84e5f0903d3f3b31d8c8f300c7e1fdcbe5053ecf726822e92f9a22eef17,False,
Nuclear_Graphite_Stress_Surrogate/shared/v10_authoritative_v8_candidate5/selected_case_log_scale_formula.csv,shared/v10_authoritative_v8_candidate5/selected_case_log_scale_formula.csv,frozen_model_and_split_configuration,1733,c031e909dfd7db9c4dc090a39e46e4bb90c5edfc044e4651cb797ebbf48cbe3f,c031e909dfd7db9c4dc090a39e46e4bb90c5edfc044e4651cb797ebbf48cbe3f,False,
Nuclear_Graphite_Stress_Surrogate/shared/v10_authoritative_v8_candidate5/selected_case_mean_formula.csv,shared/v10_authoritative_v8_candidate5/selected_case_mean_formula.csv,frozen_model_and_split_configuration,1635,067bbb98688fec66f8f0780073d3e3fe21e4d4ed9e0e11e2ff7ea290b47a26f1,067bbb98688fec66f8f0780073d3e3fe21e4d4ed9e0e11e2ff7ea290b47a26f1,False,
Nuclear_Graphite_Stress_Surrogate/shared/v10_authoritative_v8_candidate5/selected_composite_formula.txt,shared/v10_authoritative_v8_candidate5/selected_composite_formula.txt,frozen_model_and_split_configuration,1683,98572e36344e0562312df14458539127946a9c5d7c209551865809b09fe0e917,98572e36344e0562312df14458539127946a9c5d7c209551865809b09fe0e917,False,
Nuclear_Graphite_Stress_Surrogate/shared/v10_authoritative_v8_candidate5/selected_formula_split_metrics.csv,shared/v10_authoritative_v8_candidate5/selected_formula_split_metrics.csv,frozen_model_and_split_configuration,1155,100bbdaff1692270d7b2898c541cfb9eeae60a2f8c5db0fc94248fe9d901f67c,100bbdaff1692270d7b2898c541cfb9eeae60a2f8c5db0fc94248fe9d901f67c,False,
Nuclear_Graphite_Stress_Surrogate/shared/v10_authoritative_v8_candidate5/selected_shape_formula.csv,shared/v10_authoritative_v8_candidate5/selected_shape_formula.csv,frozen_model_and_split_configuration,3183,42ba93fd8b62f6d564d1d04868752da0994748a5d49367e758df0d88f567ede9,42ba93fd8b62f6d564d1d04868752da0994748a5d49367e758df0d88f567ede9,False,
Nuclear_Graphite_Stress_Surrogate/shared/v10_authoritative_v8_candidate5/training_cache/shape_scaling.csv,shared/v10_authoritative_v8_candidate5/training_cache/shape_scaling.csv,frozen_model_and_split_configuration,1693,3e2f99f7dce3debd40ec9f8343ea6dde8245eaad2fbf1eb546e9676391fddee8,3e2f99f7dce3debd40ec9f8343ea6dde8245eaad2fbf1eb546e9676391fddee8,False,
Nuclear_Graphite_Stress_Surrogate/outputs/00_qc_sensitivity_ablation/ablation_case_metrics.csv,outputs/00_qc_sensitivity_ablation/ablation_case_metrics.csv,executed_research_artifact,269902,7b5cf3c3db58ea9fb51712c9da7108119aec24fdb8c1b4d7649cdf710dc2d2d1,7b5cf3c3db58ea9fb51712c9da7108119aec24fdb8c1b4d7649cdf710dc2d2d1,False,
Nuclear_Graphite_Stress_Surrogate/outputs/00_qc_sensitivity_ablation/ablation_split_metrics.csv,outputs/00_qc_sensitivity_ablation/ablation_split_metrics.csv,executed_research_artifact,12320,423fe2c1139819686d0091b9d327f637b99e5b3ef15a1468d486354dc84e912f,423fe2c1139819686d0091b9d327f637b99e5b3ef15a1468d486354dc84e912f,False,
Nuclear_Graphite_Stress_Surrogate/outputs/00_qc_sensitivity_ablation/ablation_stability_summary.csv,outputs/00_qc_sensitivity_ablation/ablation_stability_summary.csv,executed_research_artifact,6898,94cae61ec95a24cd11c39d12bf1dfcd6cf6068539219f0eabddd92651c31aaab,94cae61ec95a24cd11c39d12bf1dfcd6cf6068539219f0eabddd92651c31aaab,False,
Nuclear_Graphite_Stress_Surrogate/outputs/00_qc_sensitivity_ablation/ablation_training_audit_iteration_1.csv,outputs/00_qc_sensitivity_ablation/ablation_training_audit_iteration_1.csv,executed_research_artifact,20980,3da377b0b137a42cef850ac271ff99540c3004a63b76258fa7ca41274f7e250a,3da377b0b137a42cef850ac271ff99540c3004a63b76258fa7ca41274f7e250a,False,
Nuclear_Graphite_Stress_Surrogate/outputs/00_qc_sensitivity_ablation/ablation_training_audit_iteration_2.csv,outputs/00_qc_sensitivity_ablation/ablation_training_audit_iteration_2.csv,executed_research_artifact,21086,0f6b0eebc2419bcf0da5954e085bee49c16c8bcbd25511ffecf4d186f2cfd766,0f6b0eebc2419bcf0da5954e085bee49c16c8bcbd25511ffecf4d186f2cfd766,False,
Nuclear_Graphite_Stress_Surrogate/outputs/00_qc_sensitivity_ablation/ablation_training_audit_iteration_3.csv,outputs/00_qc_sensitivity_ablation/ablation_training_audit_iteration_3.csv,executed_research_artifact,21077,61b765729022b0c691b68e165c716cd8d204eb4d76488cabd270a4707c29547c,61b765729022b0c691b68e165c716cd8d204eb4d76488cabd270a4707c29547c,False,
Nuclear_Graphite_Stress_Surrogate/outputs/00_qc_sensitivity_ablation/ablation_training_audit_iteration_4.csv,outputs/00_qc_sensitivity_ablation/ablation_training_audit_iteration_4.csv,executed_research_artifact,21052,058dfeceb9c8c91bc5730eba364bc585ed09f4dca7f23dfde610588e880e5ec3,058dfeceb9c8c91bc5730eba364bc585ed09f4dca7f23dfde610588e880e5ec3,False,
Nuclear_Graphite_Stress_Surrogate/outputs/00_qc_sensitivity_ablation/ablation_validation_ranking.csv,outputs/00_qc_sensitivity_ablation/ablation_validation_ranking.csv,executed_research_artifact,1785,17fde2e76a226dce8dd623f8023f5f392f612f1f1d6e19d4864769690553535f,17fde2e76a226dce8dd623f8023f5f392f612f1f1d6e19d4864769690553535f,False,
Nuclear_Graphite_Stress_Surrogate/outputs/00_qc_sensitivity_ablation/case_file_inventory.csv,outputs/00_qc_sensitivity_ablation/case_file_inventory.csv,executed_research_artifact,59541,707ababf7548bc587ad274850d179f9d8ab72c18d628feb31cd04f62e4e65c81,707ababf7548bc587ad274850d179f9d8ab72c18d628feb31cd04f62e4e65c81,False,
Nuclear_Graphite_Stress_Surrogate/outputs/00_qc_sensitivity_ablation/complete_case_read_audit.csv,outputs/00_qc_sensitivity_ablation/complete_case_read_audit.csv,executed_research_artifact,14318,a161c3eefcf86f8c7dc4dcb5eb1fc572ed6aad8a8d0c2dff3e28efac7f389c91,a161c3eefcf86f8c7dc4dcb5eb1fc572ed6aad8a8d0c2dff3e28efac7f389c91,False,
Nuclear_Graphite_Stress_Surrogate/outputs/00_qc_sensitivity_ablation/cross_case_sensitivity_stability.csv,outputs/00_qc_sensitivity_ablation/cross_case_sensitivity_stability.csv,executed_research_artifact,960,864a755e474c0f907d6077daf2f73ee6f89a9742316b55438b9302d482181131,864a755e474c0f907d6077daf2f73ee6f89a9742316b55438b9302d482181131,False,
Nuclear_Graphite_Stress_Surrogate/outputs/00_qc_sensitivity_ablation/development_case_summary.csv,outputs/00_qc_sensitivity_ablation/development_case_summary.csv,executed_research_artifact,132523,c0004723a438ee2bd7d5eb03123caae2640a9f51f45d277e5e96b7294ca0899c,c0004723a438ee2bd7d5eb03123caae2640a9f51f45d277e5e96b7294ca0899c,False,
Nuclear_Graphite_Stress_Surrogate/outputs/00_qc_sensitivity_ablation/frozen_manifest_copy.csv,outputs/00_qc_sensitivity_ablation/frozen_manifest_copy.csv,executed_research_artifact,25685,8fa7fe2818b2d3bf69f47f5d214d033d84439bf22a7b789e205ce6c45b852d2b,8fa7fe2818b2d3bf69f47f5d214d033d84439bf22a7b789e205ce6c45b852d2b,False,
Nuclear_Graphite_Stress_Surrogate/outputs/00_qc_sensitivity_ablation/locked_feature_set.csv,outputs/00_qc_sensitivity_ablation/locked_feature_set.csv,executed_research_artifact,377,e7dff95af76b5b9204a9e93ba35ecab78b86364b8f64774888be16d7895cca8f,e7dff95af76b5b9204a9e93ba35ecab78b86364b8f64774888be16d7895cca8f,False,
Nuclear_Graphite_Stress_Surrogate/outputs/00_qc_sensitivity_ablation/provisional_boundary_audit.csv,outputs/00_qc_sensitivity_ablation/provisional_boundary_audit.csv,executed_research_artifact,64146,21323f0095b267c84aba5a3a84321970231b0702711da23ddfa3df4ed2d7e852,21323f0095b267c84aba5a3a84321970231b0702711da23ddfa3df4ed2d7e852,False,
Nuclear_Graphite_Stress_Surrogate/outputs/00_qc_sensitivity_ablation/within_case_feature_correlations.csv,outputs/00_qc_sensitivity_ablation/within_case_feature_correlations.csv,executed_research_artifact,82419,9b825fa5506ae9c00ceb60b1d7e1e9f183fed69c5b95e4e480fcb1bd430026e8,9b825fa5506ae9c00ceb60b1d7e1e9f183fed69c5b95e4e480fcb1bd430026e8,False,
Nuclear_Graphite_Stress_Surrogate/outputs/01_baseline_199cases/baseline_case_metrics.csv,outputs/01_baseline_199cases/baseline_case_metrics.csv,executed_research_artifact,975211,d67537816bd269fee0b565067baae0d81544d10408eae4eafef2488bb1f0d490,d67537816bd269fee0b565067baae0d81544d10408eae4eafef2488bb1f0d490,False,
Nuclear_Graphite_Stress_Surrogate/outputs/01_baseline_199cases/baseline_model_parameters.csv,outputs/01_baseline_199cases/baseline_model_parameters.csv,executed_research_artifact,1518,c0f6c52c165d3c9f0b364a551bd5a44959e0346a8f79bb11a66bf491c2e68952,c0f6c52c165d3c9f0b364a551bd5a44959e0346a8f79bb11a66bf491c2e68952,False,
Nuclear_Graphite_Stress_Surrogate/outputs/01_baseline_199cases/baseline_run_contract.csv,outputs/01_baseline_199cases/baseline_run_contract.csv,executed_research_artifact,422,33cfba990d0b08a59657178fb09b52bfda4823f431f91fa6a58a61de23486fb8,33cfba990d0b08a59657178fb09b52bfda4823f431f91fa6a58a61de23486fb8,False,
Nuclear_Graphite_Stress_Surrogate/outputs/01_baseline_199cases/baseline_split_metrics.csv,outputs/01_baseline_199cases/baseline_split_metrics.csv,executed_research_artifact,13476,a66d6f8093836fc5fb2b8a63a81ef34f127949c22ebe8865dd5347f4f63a1e2a,a66d6f8093836fc5fb2b8a63a81ef34f127949c22ebe8865dd5347f4f63a1e2a,False,
Nuclear_Graphite_Stress_Surrogate/outputs/01_baseline_199cases/baseline_stability_summary.csv,outputs/01_baseline_199cases/baseline_stability_summary.csv,executed_research_artifact,7570,adb917d2f84ffaf8783bb9947009d19261ab7c506487d0a9402501f90f589e42,adb917d2f84ffaf8783bb9947009d19261ab7c506487d0a9402501f90f589e42,False,
Nuclear_Graphite_Stress_Surrogate/outputs/01_baseline_199cases/baseline_timing.csv,outputs/01_baseline_199cases/baseline_timing.csv,executed_research_artifact,864,18005a514e84990d7243139688d17185f64b388f79fd3e38a74c428d42fb9e75,18005a514e84990d7243139688d17185f64b388f79fd3e38a74c428d42fb9e75,False,
Nuclear_Graphite_Stress_Surrogate/outputs/01_baseline_199cases/baseline_validation_ranking.csv,outputs/01_baseline_199cases/baseline_validation_ranking.csv,executed_research_artifact,1656,87958a254fada0b910a8f0d6a64308d06dd97bedd10feff32980499838483689,87958a254fada0b910a8f0d6a64308d06dd97bedd10feff32980499838483689,False,
Nuclear_Graphite_Stress_Surrogate/outputs/01_baseline_199cases/training_weight_audit_iteration_1.csv,outputs/01_baseline_199cases/training_weight_audit_iteration_1.csv,executed_research_artifact,20980,3da377b0b137a42cef850ac271ff99540c3004a63b76258fa7ca41274f7e250a,3da377b0b137a42cef850ac271ff99540c3004a63b76258fa7ca41274f7e250a,False,
Nuclear_Graphite_Stress_Surrogate/outputs/01_baseline_199cases/training_weight_audit_iteration_2.csv,outputs/01_baseline_199cases/training_weight_audit_iteration_2.csv,executed_research_artifact,21086,0f6b0eebc2419bcf0da5954e085bee49c16c8bcbd25511ffecf4d186f2cfd766,0f6b0eebc2419bcf0da5954e085bee49c16c8bcbd25511ffecf4d186f2cfd766,False,
Nuclear_Graphite_Stress_Surrogate/outputs/01_baseline_199cases/training_weight_audit_iteration_3.csv,outputs/01_baseline_199cases/training_weight_audit_iteration_3.csv,executed_research_artifact,21077,61b765729022b0c691b68e165c716cd8d204eb4d76488cabd270a4707c29547c,61b765729022b0c691b68e165c716cd8d204eb4d76488cabd270a4707c29547c,False,
Nuclear_Graphite_Stress_Surrogate/outputs/01_baseline_199cases/training_weight_audit_iteration_4.csv,outputs/01_baseline_199cases/training_weight_audit_iteration_4.csv,executed_research_artifact,21052,058dfeceb9c8c91bc5730eba364bc585ed09f4dca7f23dfde610588e880e5ec3,058dfeceb9c8c91bc5730eba364bc585ed09f4dca7f23dfde610588e880e5ec3,False,
Nuclear_Graphite_Stress_Surrogate/outputs/05_hierarchical_feasibility_v5/iteration_1_pilot/case_amplitude_prediction.png,outputs/05_hierarchical_feasibility_v5/iteration_1_pilot/case_amplitude_prediction.png,executed_research_artifact,93724,d60991cb2d3c08178b655dcf9c8691a636a1f56640378e5e121147004505de88,d60991cb2d3c08178b655dcf9c8691a636a1f56640378e5e121147004505de88,False,
Nuclear_Graphite_Stress_Surrogate/outputs/05_hierarchical_feasibility_v5/iteration_1_pilot/case_level_model_metrics.csv,outputs/05_hierarchical_feasibility_v5/iteration_1_pilot/case_level_model_metrics.csv,executed_research_artifact,1674,d7b1d448f713039d89c1cefa7b9e73d8c255aa5fad088d9104e9d4d0516ffd67,d7b1d448f713039d89c1cefa7b9e73d8c255aa5fad088d9104e9d4d0516ffd67,False,
Nuclear_Graphite_Stress_Surrogate/outputs/05_hierarchical_feasibility_v5/iteration_1_pilot/case_level_model_predictions.csv,outputs/05_hierarchical_feasibility_v5/iteration_1_pilot/case_level_model_predictions.csv,executed_research_artifact,27313,fc6b97d2fb983eef5bc626cb319d04b9a9ad1562925972f3ec024bbf72eee8dd,fc6b97d2fb983eef5bc626cb319d04b9a9ad1562925972f3ec024bbf72eee8dd,False,
Nuclear_Graphite_Stress_Surrogate/outputs/05_hierarchical_feasibility_v5/iteration_1_pilot/case_tail_predictions.csv,outputs/05_hierarchical_feasibility_v5/iteration_1_pilot/case_tail_predictions.csv,executed_research_artifact,14065,dcd7867f9224992e3b284078fb1e230d3882ad14a09c4bf758c131c6cf2d20f0,dcd7867f9224992e3b284078fb1e230d3882ad14a09c4bf758c131c6cf2d20f0,False,
Nuclear_Graphite_Stress_Surrogate/outputs/05_hierarchical_feasibility_v5/iteration_1_pilot/element_model_fit_timing.csv,outputs/05_hierarchical_feasibility_v5/iteration_1_pilot/element_model_fit_timing.csv,executed_research_artifact,103,89f243bcb14c47c03240247c905e0897402861f6267ae84be953404d7ce33830,89f243bcb14c47c03240247c905e0897402861f6267ae84be953404d7ce33830,False,
Nuclear_Graphite_Stress_Surrogate/outputs/05_hierarchical_feasibility_v5/iteration_1_pilot/feasibility_decision_table.csv,outputs/05_hierarchical_feasibility_v5/iteration_1_pilot/feasibility_decision_table.csv,executed_research_artifact,550,8d9df2a89688f2f39ee5f904c8341d40eed9d5a1fa3c152e8df396d1779ec5f2,8d9df2a89688f2f39ee5f904c8341d40eed9d5a1fa3c152e8df396d1779ec5f2,False,
Nuclear_Graphite_Stress_Surrogate/outputs/05_hierarchical_feasibility_v5/iteration_1_pilot/full_case_metrics.csv.gz,outputs/05_hierarchical_feasibility_v5/iteration_1_pilot/full_case_metrics.csv.gz,executed_research_artifact,19563,ab9cd27f93fdf8b29b3b9bf2da7f46d0a85231a19ab1285a190ef059648edb89,ab9cd27f93fdf8b29b3b9bf2da7f46d0a85231a19ab1285a190ef059648edb89,False,
Nuclear_Graphite_Stress_Surrogate/outputs/05_hierarchical_feasibility_v5/iteration_1_pilot/hierarchical_method_comparison.png,outputs/05_hierarchical_feasibility_v5/iteration_1_pilot/hierarchical_method_comparison.png,executed_research_artifact,70717,7eb9b2a9a759a6fac3509565d7000de7fcfdb95b850ab0580ee4e07c19be0df0,7eb9b2a9a759a6fac3509565d7000de7fcfdb95b850ab0580ee4e07c19be0df0,False,
Nuclear_Graphite_Stress_Surrogate/outputs/05_hierarchical_feasibility_v5/iteration_1_pilot/normalised_shape_case_metrics.csv,outputs/05_hierarchical_feasibility_v5/iteration_1_pilot/normalised_shape_case_metrics.csv,executed_research_artifact,5876,7adfd20d1d73711f82f09470548432b5d14927f87935f3b6116225fb18f2cce2,7adfd20d1d73711f82f09470548432b5d14927f87935f3b6116225fb18f2cce2,False,
Nuclear_Graphite_Stress_Surrogate/outputs/05_hierarchical_feasibility_v5/iteration_1_pilot/run_summary.json,outputs/05_hierarchical_feasibility_v5/iteration_1_pilot/run_summary.json,executed_research_artifact,1750,5cfb5b5f551666054b5dba1b6d5324019f2d169c3ee5bdf291a8b9c5afbd6f97,5cfb5b5f551666054b5dba1b6d5324019f2d169c3ee5bdf291a8b9c5afbd6f97,False,
Nuclear_Graphite_Stress_Surrogate/outputs/05_hierarchical_feasibility_v5/iteration_1_pilot/split_metrics.csv,outputs/05_hierarchical_feasibility_v5/iteration_1_pilot/split_metrics.csv,executed_research_artifact,2809,834662001defc0222dfcc2072178c154ff52d17bd5cea6bf9f16f6f1fe766415,834662001defc0222dfcc2072178c154ff52d17bd5cea6bf9f16f6f1fe766415,False,
Nuclear_Graphite_Stress_Surrogate/outputs/05_hierarchical_feasibility_v5/iteration_1_pilot/training_sample_audit.csv,outputs/05_hierarchical_feasibility_v5/iteration_1_pilot/training_sample_audit.csv,executed_research_artifact,17531,2223bc06ea6870178c9b5fa5f201d79e73f3d121e6ede2f3a0cba736ee5915a5,2223bc06ea6870178c9b5fa5f201d79e73f3d121e6ede2f3a0cba736ee5915a5,False,
Nuclear_Graphite_Stress_Surrogate/outputs/05_hierarchical_feasibility_v5/iteration_1_pilot/training_sample_manifest.csv.gz,outputs/05_hierarchical_feasibility_v5/iteration_1_pilot/training_sample_manifest.csv.gz,executed_research_artifact,2022396,b2db0b6223a377828570ea673e6b2936f921ce5f9f9f1a1d5f80539517723789,b2db0b6223a377828570ea673e6b2936f921ce5f9f9f1a1d5f80539517723789,False,
Nuclear_Graphite_Stress_Surrogate/outputs/05_hierarchical_feasibility_v5/iteration_1_pilot/validation_p95_adaptation.png,outputs/05_hierarchical_feasibility_v5/iteration_1_pilot/validation_p95_adaptation.png,executed_research_artifact,117160,4ba0ae098abac68e59832d689caa6d62c2c5829585779de6f40df42f73b2b9c0,4ba0ae098abac68e59832d689caa6d62c2c5829585779de6f40df42f73b2b9c0,False,
Nuclear_Graphite_Stress_Surrogate/outputs/05_hierarchical_feasibility_v5/iteration_2_pilot/case_amplitude_prediction.png,outputs/05_hierarchical_feasibility_v5/iteration_2_pilot/case_amplitude_prediction.png,executed_research_artifact,93896,d4cc3d312d0bfbd78d601db103f15533bada4831a234f2844c90a5fae82462b6,d4cc3d312d0bfbd78d601db103f15533bada4831a234f2844c90a5fae82462b6,False,
Nuclear_Graphite_Stress_Surrogate/outputs/05_hierarchical_feasibility_v5/iteration_2_pilot/case_level_model_metrics.csv,outputs/05_hierarchical_feasibility_v5/iteration_2_pilot/case_level_model_metrics.csv,executed_research_artifact,1684,bc3babc96ac674c0db169d965e1b09e7baa96e8342648a62a8c6a2b5f28f13e7,bc3babc96ac674c0db169d965e1b09e7baa96e8342648a62a8c6a2b5f28f13e7,False,
Nuclear_Graphite_Stress_Surrogate/outputs/05_hierarchical_feasibility_v5/iteration_2_pilot/case_level_model_predictions.csv,outputs/05_hierarchical_feasibility_v5/iteration_2_pilot/case_level_model_predictions.csv,executed_research_artifact,27403,cc0e040d44999f76201693e95dc6a4d0283ee5a603bfa261ce524f98be6543f0,cc0e040d44999f76201693e95dc6a4d0283ee5a603bfa261ce524f98be6543f0,False,
Nuclear_Graphite_Stress_Surrogate/outputs/05_hierarchical_feasibility_v5/iteration_2_pilot/case_tail_predictions.csv,outputs/05_hierarchical_feasibility_v5/iteration_2_pilot/case_tail_predictions.csv,executed_research_artifact,14051,68a6cf1464e7c97ce52c1d18909659c15635fb1b28ffb6de300c1ea14de59acb,68a6cf1464e7c97ce52c1d18909659c15635fb1b28ffb6de300c1ea14de59acb,False,
Nuclear_Graphite_Stress_Surrogate/outputs/05_hierarchical_feasibility_v5/iteration_2_pilot/element_model_fit_timing.csv,outputs/05_hierarchical_feasibility_v5/iteration_2_pilot/element_model_fit_timing.csv,executed_research_artifact,102,167ba3adce67ee2f6db0ce1b9ef979dc94574d8b53939c047ee97093c46317f1,167ba3adce67ee2f6db0ce1b9ef979dc94574d8b53939c047ee97093c46317f1,False,
Nuclear_Graphite_Stress_Surrogate/outputs/05_hierarchical_feasibility_v5/iteration_2_pilot/feasibility_decision_table.csv,outputs/05_hierarchical_feasibility_v5/iteration_2_pilot/feasibility_decision_table.csv,executed_research_artifact,546,eac5b9fdfe13344544fbd0d5b36868014db102523fa44394bbca2f003a5ae4ca,eac5b9fdfe13344544fbd0d5b36868014db102523fa44394bbca2f003a5ae4ca,False,
Nuclear_Graphite_Stress_Surrogate/outputs/05_hierarchical_feasibility_v5/iteration_2_pilot/full_case_metrics.csv.gz,outputs/05_hierarchical_feasibility_v5/iteration_2_pilot/full_case_metrics.csv.gz,executed_research_artifact,19602,031a58c955ef1bf1bff9a80592801f6e00518a0206e47f9c27e0063ac46a2e0a,031a58c955ef1bf1bff9a80592801f6e00518a0206e47f9c27e0063ac46a2e0a,False,
Nuclear_Graphite_Stress_Surrogate/outputs/05_hierarchical_feasibility_v5/iteration_2_pilot/hierarchical_method_comparison.png,outputs/05_hierarchical_feasibility_v5/iteration_2_pilot/hierarchical_method_comparison.png,executed_research_artifact,72884,fb7009e4983d833214d7df84fb0b13b92f35fec0449a5f7d1901859fe072c81f,fb7009e4983d833214d7df84fb0b13b92f35fec0449a5f7d1901859fe072c81f,False,
Nuclear_Graphite_Stress_Surrogate/outputs/05_hierarchical_feasibility_v5/iteration_2_pilot/normalised_shape_case_metrics.csv,outputs/05_hierarchical_feasibility_v5/iteration_2_pilot/normalised_shape_case_metrics.csv,executed_research_artifact,5727,ae81450a9e84f8a19988343d2582fb6002c1e3e816050e653092625cfe3bc018,ae81450a9e84f8a19988343d2582fb6002c1e3e816050e653092625cfe3bc018,False,
Nuclear_Graphite_Stress_Surrogate/outputs/05_hierarchical_feasibility_v5/iteration_2_pilot/run_summary.json,outputs/05_hierarchical_feasibility_v5/iteration_2_pilot/run_summary.json,executed_research_artifact,1746,4d33cae3b7b8934734fb1f95b6159dc01d3dcf0b9d55d78eb27acd10dbccf072,4d33cae3b7b8934734fb1f95b6159dc01d3dcf0b9d55d78eb27acd10dbccf072,False,
Nuclear_Graphite_Stress_Surrogate/outputs/05_hierarchical_feasibility_v5/iteration_2_pilot/split_metrics.csv,outputs/05_hierarchical_feasibility_v5/iteration_2_pilot/split_metrics.csv,executed_research_artifact,2748,0680ce5f1fab59d7f4ede6883cb5f07c3e03f028d43d47872070f389dab26401,0680ce5f1fab59d7f4ede6883cb5f07c3e03f028d43d47872070f389dab26401,False,
Nuclear_Graphite_Stress_Surrogate/outputs/05_hierarchical_feasibility_v5/iteration_2_pilot/training_sample_audit.csv,outputs/05_hierarchical_feasibility_v5/iteration_2_pilot/training_sample_audit.csv,executed_research_artifact,17554,f298c32b246560ce859569e620e063e74d8e0d8362e0340b62564a1cf9642d17,f298c32b246560ce859569e620e063e74d8e0d8362e0340b62564a1cf9642d17,False,
Nuclear_Graphite_Stress_Surrogate/outputs/05_hierarchical_feasibility_v5/iteration_2_pilot/validation_p95_adaptation.png,outputs/05_hierarchical_feasibility_v5/iteration_2_pilot/validation_p95_adaptation.png,executed_research_artifact,127550,3d80493de8fe79ed3f5d9a7daf94eb6f99dddc364cbf3410c8300e2071ca4b4b,3d80493de8fe79ed3f5d9a7daf94eb6f99dddc364cbf3410c8300e2071ca4b4b,False,
Nuclear_Graphite_Stress_Surrogate/outputs/05_hierarchical_feasibility_v5/iteration_3_pilot/case_amplitude_prediction.png,outputs/05_hierarchical_feasibility_v5/iteration_3_pilot/case_amplitude_prediction.png,executed_research_artifact,91702,7265a9a7877283b8cc43e918ce64a24bc4e1ef5aaf3dad296e6b56a86c5c4fcf,7265a9a7877283b8cc43e918ce64a24bc4e1ef5aaf3dad296e6b56a86c5c4fcf,False,
Nuclear_Graphite_Stress_Surrogate/outputs/05_hierarchical_feasibility_v5/iteration_3_pilot/case_level_model_metrics.csv,outputs/05_hierarchical_feasibility_v5/iteration_3_pilot/case_level_model_metrics.csv,executed_research_artifact,1681,6ffabc005f947cef51dccbef97a3512095f10f1c11cdc94a9456c976f14e18a9,6ffabc005f947cef51dccbef97a3512095f10f1c11cdc94a9456c976f14e18a9,False,
Nuclear_Graphite_Stress_Surrogate/outputs/05_hierarchical_feasibility_v5/iteration_3_pilot/case_level_model_predictions.csv,outputs/05_hierarchical_feasibility_v5/iteration_3_pilot/case_level_model_predictions.csv,executed_research_artifact,27397,49cb8cfbacaf6571d184b475d9dd7e61007f5c934d0d652bff16c4c67555b4a1,49cb8cfbacaf6571d184b475d9dd7e61007f5c934d0d652bff16c4c67555b4a1,False,
Nuclear_Graphite_Stress_Surrogate/outputs/05_hierarchical_feasibility_v5/iteration_3_pilot/case_tail_predictions.csv,outputs/05_hierarchical_feasibility_v5/iteration_3_pilot/case_tail_predictions.csv,executed_research_artifact,14052,7c7b579a03cb7c05ebfdfc476e867187044f33c7958adfca4d8d3238d628fae8,7c7b579a03cb7c05ebfdfc476e867187044f33c7958adfca4d8d3238d628fae8,False,
Nuclear_Graphite_Stress_Surrogate/outputs/05_hierarchical_feasibility_v5/iteration_3_pilot/element_model_fit_timing.csv,outputs/05_hierarchical_feasibility_v5/iteration_3_pilot/element_model_fit_timing.csv,executed_research_artifact,103,ea287dc39e17db222121b07a307fb63ee225cec8896dc7e2d532703ae0fc3c37,ea287dc39e17db222121b07a307fb63ee225cec8896dc7e2d532703ae0fc3c37,False,
Nuclear_Graphite_Stress_Surrogate/outputs/05_hierarchical_feasibility_v5/iteration_3_pilot/feasibility_decision_table.csv,outputs/05_hierarchical_feasibility_v5/iteration_3_pilot/feasibility_decision_table.csv,executed_research_artifact,548,b020d87b36d55dacb447024e257bce03ca4bdcf8390ba413d182be56b8da06bb,b020d87b36d55dacb447024e257bce03ca4bdcf8390ba413d182be56b8da06bb,False,
Nuclear_Graphite_Stress_Surrogate/outputs/05_hierarchical_feasibility_v5/iteration_3_pilot/full_case_metrics.csv.gz,outputs/05_hierarchical_feasibility_v5/iteration_3_pilot/full_case_metrics.csv.gz,executed_research_artifact,19618,1d84202b0cef800eb91c8159813be8996eba40c91522b7312a568ab5c326adac,1d84202b0cef800eb91c8159813be8996eba40c91522b7312a568ab5c326adac,False,
Nuclear_Graphite_Stress_Surrogate/outputs/05_hierarchical_feasibility_v5/iteration_3_pilot/hierarchical_method_comparison.png,outputs/05_hierarchical_feasibility_v5/iteration_3_pilot/hierarchical_method_comparison.png,executed_research_artifact,66989,b12404f3dee4125a7a94e6f2e4ff76298f8972449612013e1a20d6b09164683b,b12404f3dee4125a7a94e6f2e4ff76298f8972449612013e1a20d6b09164683b,False,
Nuclear_Graphite_Stress_Surrogate/outputs/05_hierarchical_feasibility_v5/iteration_3_pilot/normalised_shape_case_metrics.csv,outputs/05_hierarchical_feasibility_v5/iteration_3_pilot/normalised_shape_case_metrics.csv,executed_research_artifact,5747,7d31943f9d81c0c1db7c164768272c5c1fbcebdc43f6156dfd607126429aad30,7d31943f9d81c0c1db7c164768272c5c1fbcebdc43f6156dfd607126429aad30,False,
Nuclear_Graphite_Stress_Surrogate/outputs/05_hierarchical_feasibility_v5/iteration_3_pilot/run_summary.json,outputs/05_hierarchical_feasibility_v5/iteration_3_pilot/run_summary.json,executed_research_artifact,1747,be0207a48f4303c32417fefd610b3dca612484c0e5bdf2d0d22a3ac377ba0ae1,be0207a48f4303c32417fefd610b3dca612484c0e5bdf2d0d22a3ac377ba0ae1,False,
Nuclear_Graphite_Stress_Surrogate/outputs/05_hierarchical_feasibility_v5/iteration_3_pilot/split_metrics.csv,outputs/05_hierarchical_feasibility_v5/iteration_3_pilot/split_metrics.csv,executed_research_artifact,2766,050807e2afdad15da59f06fdd5003bce1da1d3934ee42fb750b8c5872679ad2b,050807e2afdad15da59f06fdd5003bce1da1d3934ee42fb750b8c5872679ad2b,False,
Nuclear_Graphite_Stress_Surrogate/outputs/05_hierarchical_feasibility_v5/iteration_3_pilot/training_sample_audit.csv,outputs/05_hierarchical_feasibility_v5/iteration_3_pilot/training_sample_audit.csv,executed_research_artifact,18972,5975044d1e5703eaa4f00b4fe81c1b89d4452a60ea4974471eb9556289d08841,5975044d1e5703eaa4f00b4fe81c1b89d4452a60ea4974471eb9556289d08841,False,
Nuclear_Graphite_Stress_Surrogate/outputs/05_hierarchical_feasibility_v5/iteration_3_pilot/training_sample_manifest.csv.gz,outputs/05_hierarchical_feasibility_v5/iteration_3_pilot/training_sample_manifest.csv.gz,executed_research_artifact,2020910,50e5661f68cfb60f5db7aa1264b02cc1edbe608f8433beebc62af7611b7e0529,50e5661f68cfb60f5db7aa1264b02cc1edbe608f8433beebc62af7611b7e0529,False,
Nuclear_Graphite_Stress_Surrogate/outputs/05_hierarchical_feasibility_v5/iteration_3_pilot/validation_p95_adaptation.png,outputs/05_hierarchical_feasibility_v5/iteration_3_pilot/validation_p95_adaptation.png,executed_research_artifact,114975,a78f3e7feadc2abf1b1e30d7f2c28b8f7f3f8db899976f271da35b899e679e78,a78f3e7feadc2abf1b1e30d7f2c28b8f7f3f8db899976f271da35b899e679e78,False,
Nuclear_Graphite_Stress_Surrogate/outputs/05_hierarchical_feasibility_v5/iteration_4_pilot/case_amplitude_prediction.png,outputs/05_hierarchical_feasibility_v5/iteration_4_pilot/case_amplitude_prediction.png,executed_research_artifact,95536,4878ca877a391b5a0f56d0a261fbeac433fa3a98b7e066b1c9733cdb6f2a71d4,4878ca877a391b5a0f56d0a261fbeac433fa3a98b7e066b1c9733cdb6f2a71d4,False,
Nuclear_Graphite_Stress_Surrogate/outputs/05_hierarchical_feasibility_v5/iteration_4_pilot/case_level_model_metrics.csv,outputs/05_hierarchical_feasibility_v5/iteration_4_pilot/case_level_model_metrics.csv,executed_research_artifact,1679,7936a53c10af26c3348937640b73bda3f9df7ce700aed79e285dd5a4441e9d82,7936a53c10af26c3348937640b73bda3f9df7ce700aed79e285dd5a4441e9d82,False,
Nuclear_Graphite_Stress_Surrogate/outputs/05_hierarchical_feasibility_v5/iteration_4_pilot/case_level_model_predictions.csv,outputs/05_hierarchical_feasibility_v5/iteration_4_pilot/case_level_model_predictions.csv,executed_research_artifact,27419,a476b131630ee0c6a1e3ac22d3b7a7aeaf5a22f202325525e2f386db912eeabf,a476b131630ee0c6a1e3ac22d3b7a7aeaf5a22f202325525e2f386db912eeabf,False,
Nuclear_Graphite_Stress_Surrogate/outputs/05_hierarchical_feasibility_v5/iteration_4_pilot/case_tail_predictions.csv,outputs/05_hierarchical_feasibility_v5/iteration_4_pilot/case_tail_predictions.csv,executed_research_artifact,14070,ccbd137915c6683791a5724482d9c5ed6c3357905edc02a13db56094b86850c4,ccbd137915c6683791a5724482d9c5ed6c3357905edc02a13db56094b86850c4,False,
Nuclear_Graphite_Stress_Surrogate/outputs/05_hierarchical_feasibility_v5/iteration_4_pilot/element_model_fit_timing.csv,outputs/05_hierarchical_feasibility_v5/iteration_4_pilot/element_model_fit_timing.csv,executed_research_artifact,103,48e07be155f9981d6bf3ff62ed9a6439f7599d7555f5f050ee4f7a3a5c2f4635,48e07be155f9981d6bf3ff62ed9a6439f7599d7555f5f050ee4f7a3a5c2f4635,False,
Nuclear_Graphite_Stress_Surrogate/outputs/05_hierarchical_feasibility_v5/iteration_4_pilot/feasibility_decision_table.csv,outputs/05_hierarchical_feasibility_v5/iteration_4_pilot/feasibility_decision_table.csv,executed_research_artifact,547,15cc2c7f020fe2af1620ed21242c90c07e0592a293a2ff2789657df80bdc10c3,15cc2c7f020fe2af1620ed21242c90c07e0592a293a2ff2789657df80bdc10c3,False,
Nuclear_Graphite_Stress_Surrogate/outputs/05_hierarchical_feasibility_v5/iteration_4_pilot/full_case_metrics.csv.gz,outputs/05_hierarchical_feasibility_v5/iteration_4_pilot/full_case_metrics.csv.gz,executed_research_artifact,19618,fe4a76049e79414f1f0b141a487025726be1e789af7762c4e214d21de15dc384,fe4a76049e79414f1f0b141a487025726be1e789af7762c4e214d21de15dc384,False,
Nuclear_Graphite_Stress_Surrogate/outputs/05_hierarchical_feasibility_v5/iteration_4_pilot/hierarchical_method_comparison.png,outputs/05_hierarchical_feasibility_v5/iteration_4_pilot/hierarchical_method_comparison.png,executed_research_artifact,75135,d99613e7a92d38bcce685c33a5ba5860eb9bee603d55c09ddc4afcbfabdc300f,d99613e7a92d38bcce685c33a5ba5860eb9bee603d55c09ddc4afcbfabdc300f,False,
Nuclear_Graphite_Stress_Surrogate/outputs/05_hierarchical_feasibility_v5/iteration_4_pilot/normalised_shape_case_metrics.csv,outputs/05_hierarchical_feasibility_v5/iteration_4_pilot/normalised_shape_case_metrics.csv,executed_research_artifact,5797,cdf12e52d2898d9a51e8a974b5c87fc3bd14580d18b31167f0b28a9e15b65add,cdf12e52d2898d9a51e8a974b5c87fc3bd14580d18b31167f0b28a9e15b65add,False,
Nuclear_Graphite_Stress_Surrogate/outputs/05_hierarchical_feasibility_v5/iteration_4_pilot/run_summary.json,outputs/05_hierarchical_feasibility_v5/iteration_4_pilot/run_summary.json,executed_research_artifact,1747,bfe1ba290ac0373cec48fde99ee34f19f1cb259fbd49fd70b719ed52cf86271a,bfe1ba290ac0373cec48fde99ee34f19f1cb259fbd49fd70b719ed52cf86271a,False,
Nuclear_Graphite_Stress_Surrogate/outputs/05_hierarchical_feasibility_v5/iteration_4_pilot/split_metrics.csv,outputs/05_hierarchical_feasibility_v5/iteration_4_pilot/split_metrics.csv,executed_research_artifact,2813,dadb7aab9db1701cce12acd628600e761a5c0ce4e3337efd2b7078b5950abfce,dadb7aab9db1701cce12acd628600e761a5c0ce4e3337efd2b7078b5950abfce,False,
Nuclear_Graphite_Stress_Surrogate/outputs/05_hierarchical_feasibility_v5/iteration_4_pilot/training_sample_audit.csv,outputs/05_hierarchical_feasibility_v5/iteration_4_pilot/training_sample_audit.csv,executed_research_artifact,18930,42b11d6ba7ac155c9cf45e8b1651b891940c724f5a54310266295a5d5c8840b0,42b11d6ba7ac155c9cf45e8b1651b891940c724f5a54310266295a5d5c8840b0,False,
Nuclear_Graphite_Stress_Surrogate/outputs/05_hierarchical_feasibility_v5/iteration_4_pilot/training_sample_manifest.csv.gz,outputs/05_hierarchical_feasibility_v5/iteration_4_pilot/training_sample_manifest.csv.gz,executed_research_artifact,2020495,a0b00a03a8b7a36bb0b38647740bc2c8493038c7bd86df706822786539b80ffd,a0b00a03a8b7a36bb0b38647740bc2c8493038c7bd86df706822786539b80ffd,False,
Nuclear_Graphite_Stress_Surrogate/outputs/05_hierarchical_feasibility_v5/iteration_4_pilot/validation_p95_adaptation.png,outputs/05_hierarchical_feasibility_v5/iteration_4_pilot/validation_p95_adaptation.png,executed_research_artifact,114035,a4a9fa0e804ca8ebbc22de980d33e249820283ac1235c6d1f9181db4fb11c0eb,a4a9fa0e804ca8ebbc22de980d33e249820283ac1235c6d1f9181db4fb11c0eb,False,
Nuclear_Graphite_Stress_Surrogate/outputs/08_recoverable_16000_single_formula/iteration_1/case_log_scale_scaling.csv,outputs/08_recoverable_16000_single_formula/iteration_1/case_log_scale_scaling.csv,executed_research_artifact,841,84d3833edb8e6928212524cc0018e795e382977dd2aece357a4b7bfef1a6e19b,84d3833edb8e6928212524cc0018e795e382977dd2aece357a4b7bfef1a6e19b,False,
Nuclear_Graphite_Stress_Surrogate/outputs/08_recoverable_16000_single_formula/iteration_1/case_mean_scaling.csv,outputs/08_recoverable_16000_single_formula/iteration_1/case_mean_scaling.csv,executed_research_artifact,833,a903959dba57a356f7ccc912fb53c5ab1c95239cdfcd6a9ed7c1f715521ebf64,a903959dba57a356f7ccc912fb53c5ab1c95239cdfcd6a9ed7c1f715521ebf64,False,
Nuclear_Graphite_Stress_Surrogate/outputs/08_recoverable_16000_single_formula/iteration_1/feature_registry.csv,outputs/08_recoverable_16000_single_formula/iteration_1/feature_registry.csv,executed_research_artifact,983,a43ce90f6fc874dc11339923a69d721b3c3446f7599e02eb039dfb671776399b,a43ce90f6fc874dc11339923a69d721b3c3446f7599e02eb039dfb671776399b,False,
Nuclear_Graphite_Stress_Surrogate/outputs/08_recoverable_16000_single_formula/iteration_1/preflight_checks.csv,outputs/08_recoverable_16000_single_formula/iteration_1/preflight_checks.csv,executed_research_artifact,271,be5229c1ac107662a5f68297f50d6aae15f439c9c648fe008eee9a116ab129f5,be5229c1ac107662a5f68297f50d6aae15f439c9c648fe008eee9a116ab129f5,False,
Nuclear_Graphite_Stress_Surrogate/outputs/08_recoverable_16000_single_formula/iteration_1/round_complete.json,outputs/08_recoverable_16000_single_formula/iteration_1/round_complete.json,executed_research_artifact,650,2748a84e5f0903d3f3b31d8c8f300c7e1fdcbe5053ecf726822e92f9a22eef17,2748a84e5f0903d3f3b31d8c8f300c7e1fdcbe5053ecf726822e92f9a22eef17,False,
Nuclear_Graphite_Stress_Surrogate/outputs/08_recoverable_16000_single_formula/iteration_1/run_configuration.json,outputs/08_recoverable_16000_single_formula/iteration_1/run_configuration.json,executed_research_artifact,579,96e2e52e3de388e11c479f182190c6be7aecdd4b6623cda41c4266e899b9c294,96e2e52e3de388e11c479f182190c6be7aecdd4b6623cda41c4266e899b9c294,False,
Nuclear_Graphite_Stress_Surrogate/outputs/08_recoverable_16000_single_formula/iteration_1/run_status.json,outputs/08_recoverable_16000_single_formula/iteration_1/run_status.json,executed_research_artifact,650,2748a84e5f0903d3f3b31d8c8f300c7e1fdcbe5053ecf726822e92f9a22eef17,2748a84e5f0903d3f3b31d8c8f300c7e1fdcbe5053ecf726822e92f9a22eef17,False,
Nuclear_Graphite_Stress_Surrogate/outputs/08_recoverable_16000_single_formula/iteration_1/search_progress.json,outputs/08_recoverable_16000_single_formula/iteration_1/search_progress.json,executed_research_artifact,610,032f025788dbb9800bba0f71f3db9859f1863e3fb3f4f0373444e71fe6d925e5,032f025788dbb9800bba0f71f3db9859f1863e3fb3f4f0373444e71fe6d925e5,False,
Nuclear_Graphite_Stress_Surrogate/outputs/08_recoverable_16000_single_formula/iteration_1/search_signature.json,outputs/08_recoverable_16000_single_formula/iteration_1/search_signature.json,executed_research_artifact,2756,15c617b45c06c566356bbbcecde3b0f148a25e6efb15488afbdff6e28709d8a2,15c617b45c06c566356bbbcecde3b0f148a25e6efb15488afbdff6e28709d8a2,False,
Nuclear_Graphite_Stress_Surrogate/outputs/08_recoverable_16000_single_formula/iteration_1/search_state/pysr_runs/recoverable_i1_single_shape/checkpoint.pkl,outputs/08_recoverable_16000_single_formula/iteration_1/search_state/pysr_runs/recoverable_i1_single_shape/checkpoint.pkl,executed_research_artifact,108631,a4432e544b85e47111fa66f4594dfd80f55c4ed5bfe7586bb1f1d9200eaffbd8,a4432e544b85e47111fa66f4594dfd80f55c4ed5bfe7586bb1f1d9200eaffbd8,False,
Nuclear_Graphite_Stress_Surrogate/outputs/08_recoverable_16000_single_formula/iteration_1/search_state/pysr_runs/recoverable_i1_single_shape/hall_of_fame.csv,outputs/08_recoverable_16000_single_formula/iteration_1/search_state/pysr_runs/recoverable_i1_single_shape/hall_of_fame.csv,executed_research_artifact,2456,d467f1079b70458807402f176dea28c429185ee65a1096ea62f8b56e477f321c,d467f1079b70458807402f176dea28c429185ee65a1096ea62f8b56e477f321c,False,
Nuclear_Graphite_Stress_Surrogate/outputs/08_recoverable_16000_single_formula/iteration_1/search_state/pysr_runs/recoverable_i1_single_shape/hall_of_fame.csv.bak,outputs/08_recoverable_16000_single_formula/iteration_1/search_state/pysr_runs/recoverable_i1_single_shape/hall_of_fame.csv.bak,executed_research_artifact,2456,d467f1079b70458807402f176dea28c429185ee65a1096ea62f8b56e477f321c,d467f1079b70458807402f176dea28c429185ee65a1096ea62f8b56e477f321c,False,
Nuclear_Graphite_Stress_Surrogate/outputs/08_recoverable_16000_single_formula/iteration_1/search_state/stable_snapshots/segment_01/checkpoint.pkl,outputs/08_recoverable_16000_single_formula/iteration_1/search_state/stable_snapshots/segment_01/checkpoint.pkl,executed_research_artifact,96852,b8b32e07a314290229165be545c43f47b5090813a918af96c81b0028477697d4,b8b32e07a314290229165be545c43f47b5090813a918af96c81b0028477697d4,False,
Nuclear_Graphite_Stress_Surrogate/outputs/08_recoverable_16000_single_formula/iteration_1/search_state/stable_snapshots/segment_01/hall_of_fame.csv,outputs/08_recoverable_16000_single_formula/iteration_1/search_state/stable_snapshots/segment_01/hall_of_fame.csv,executed_research_artifact,2288,3c433c6e04dc74a6a61f0f89c59189bd9ab7b28b04b651f994dae06242c8c6b8,3c433c6e04dc74a6a61f0f89c59189bd9ab7b28b04b651f994dae06242c8c6b8,False,
Nuclear_Graphite_Stress_Surrogate/outputs/08_recoverable_16000_single_formula/iteration_1/search_state/stable_snapshots/segment_02/checkpoint.pkl,outputs/08_recoverable_16000_single_formula/iteration_1/search_state/stable_snapshots/segment_02/checkpoint.pkl,executed_research_artifact,116419,e010e1dadd9416f04993d43305253730ea7c3f005749012da5b32d6dbcb736fc,e010e1dadd9416f04993d43305253730ea7c3f005749012da5b32d6dbcb736fc,False,
Nuclear_Graphite_Stress_Surrogate/outputs/08_recoverable_16000_single_formula/iteration_1/search_state/stable_snapshots/segment_02/hall_of_fame.csv,outputs/08_recoverable_16000_single_formula/iteration_1/search_state/stable_snapshots/segment_02/hall_of_fame.csv,executed_research_artifact,2259,1af8a04d0a2efa3831ee3de83f7ac0d6f0a7727210d6ecee08e3b1ab7eca1f0f,1af8a04d0a2efa3831ee3de83f7ac0d6f0a7727210d6ecee08e3b1ab7eca1f0f,False,
Nuclear_Graphite_Stress_Surrogate/outputs/08_recoverable_16000_single_formula/iteration_1/search_state/stable_snapshots/segment_03/checkpoint.pkl,outputs/08_recoverable_16000_single_formula/iteration_1/search_state/stable_snapshots/segment_03/checkpoint.pkl,executed_research_artifact,85691,24f6984f3d81822aaaf6516b04393e51ba53e1101167641b5e275a3263ed84e8,24f6984f3d81822aaaf6516b04393e51ba53e1101167641b5e275a3263ed84e8,False,
Nuclear_Graphite_Stress_Surrogate/outputs/08_recoverable_16000_single_formula/iteration_1/search_state/stable_snapshots/segment_03/hall_of_fame.csv,outputs/08_recoverable_16000_single_formula/iteration_1/search_state/stable_snapshots/segment_03/hall_of_fame.csv,executed_research_artifact,2064,bb88fe31112ae24bf9fa052d568202e63b3981e9c5f20e9c43f18ece691e099f,bb88fe31112ae24bf9fa052d568202e63b3981e9c5f20e9c43f18ece691e099f,False,
Nuclear_Graphite_Stress_Surrogate/outputs/08_recoverable_16000_single_formula/iteration_1/search_state/stable_snapshots/segment_04/checkpoint.pkl,outputs/08_recoverable_16000_single_formula/iteration_1/search_state/stable_snapshots/segment_04/checkpoint.pkl,executed_research_artifact,103331,8c4e3330b4ae2e294ee227f415775a0cd39a764627df7ec33aafd48b4327d842,8c4e3330b4ae2e294ee227f415775a0cd39a764627df7ec33aafd48b4327d842,False,
Nuclear_Graphite_Stress_Surrogate/outputs/08_recoverable_16000_single_formula/iteration_1/search_state/stable_snapshots/segment_04/hall_of_fame.csv,outputs/08_recoverable_16000_single_formula/iteration_1/search_state/stable_snapshots/segment_04/hall_of_fame.csv,executed_research_artifact,1899,a4b0a52e83c6b23c8c91197bac984ed181d4c113c282de74b01a08fd15a17aef,a4b0a52e83c6b23c8c91197bac984ed181d4c113c282de74b01a08fd15a17aef,False,
Nuclear_Graphite_Stress_Surrogate/outputs/08_recoverable_16000_single_formula/iteration_1/search_state/stable_snapshots/segment_05/checkpoint.pkl,outputs/08_recoverable_16000_single_formula/iteration_1/search_state/stable_snapshots/segment_05/checkpoint.pkl,executed_research_artifact,134005,ba4afff8b828bb4bdffcb73cf9d2134fa446460b29df8ad0af1160ab17a02957,ba4afff8b828bb4bdffcb73cf9d2134fa446460b29df8ad0af1160ab17a02957,False,
Nuclear_Graphite_Stress_Surrogate/outputs/08_recoverable_16000_single_formula/iteration_1/search_state/stable_snapshots/segment_05/hall_of_fame.csv,outputs/08_recoverable_16000_single_formula/iteration_1/search_state/stable_snapshots/segment_05/hall_of_fame.csv,executed_research_artifact,1858,59a5e8e0fb5392880fb77474e25eba2a089f7a5b52ac543489a77aaef0a38e14,59a5e8e0fb5392880fb77474e25eba2a089f7a5b52ac543489a77aaef0a38e14,False,
Nuclear_Graphite_Stress_Surrogate/outputs/08_recoverable_16000_single_formula/iteration_1/search_state/stable_snapshots/segment_06/checkpoint.pkl,outputs/08_recoverable_16000_single_formula/iteration_1/search_state/stable_snapshots/segment_06/checkpoint.pkl,executed_research_artifact,110275,0f253bd9f304e4bb4d77dcc22e222ed97a54af215f5a51013a93ee5d59594a51,0f253bd9f304e4bb4d77dcc22e222ed97a54af215f5a51013a93ee5d59594a51,False,
Nuclear_Graphite_Stress_Surrogate/outputs/08_recoverable_16000_single_formula/iteration_1/search_state/stable_snapshots/segment_06/hall_of_fame.csv,outputs/08_recoverable_16000_single_formula/iteration_1/search_state/stable_snapshots/segment_06/hall_of_fame.csv,executed_research_artifact,2520,92bd2048227c89ae0cb1b6a96bf32626431ec01e01bf3dc8ab0c5ad3e4f3188a,92bd2048227c89ae0cb1b6a96bf32626431ec01e01bf3dc8ab0c5ad3e4f3188a,False,
Nuclear_Graphite_Stress_Surrogate/outputs/08_recoverable_16000_single_formula/iteration_1/search_state/stable_snapshots/segment_07/checkpoint.pkl,outputs/08_recoverable_16000_single_formula/iteration_1/search_state/stable_snapshots/segment_07/checkpoint.pkl,executed_research_artifact,125411,9befb26b2a3d63a1c72162db4a9b963031296e45ef77abc1f1cd79b9201d7424,9befb26b2a3d63a1c72162db4a9b963031296e45ef77abc1f1cd79b9201d7424,False,
Nuclear_Graphite_Stress_Surrogate/outputs/08_recoverable_16000_single_formula/iteration_1/search_state/stable_snapshots/segment_07/hall_of_fame.csv,outputs/08_recoverable_16000_single_formula/iteration_1/search_state/stable_snapshots/segment_07/hall_of_fame.csv,executed_research_artifact,2178,b235a8eb07819f2a49a8e9a0bbc2486df619a9b49c987e5a230925927249d2ca,b235a8eb07819f2a49a8e9a0bbc2486df619a9b49c987e5a230925927249d2ca,False,
Nuclear_Graphite_Stress_Surrogate/outputs/08_recoverable_16000_single_formula/iteration_1/search_state/stable_snapshots/segment_08/checkpoint.pkl,outputs/08_recoverable_16000_single_formula/iteration_1/search_state/stable_snapshots/segment_08/checkpoint.pkl,executed_research_artifact,129406,e76d07e5364e96dca3827aba7d220f1e0f10fae032266725cd2d83b4be10ed13,e76d07e5364e96dca3827aba7d220f1e0f10fae032266725cd2d83b4be10ed13,False,
Nuclear_Graphite_Stress_Surrogate/outputs/08_recoverable_16000_single_formula/iteration_1/search_state/stable_snapshots/segment_08/hall_of_fame.csv,outputs/08_recoverable_16000_single_formula/iteration_1/search_state/stable_snapshots/segment_08/hall_of_fame.csv,executed_research_artifact,2327,a0b5d785d9e6c9e691d8dbed55224aa902d99abef51346a28aa525072362fe25,a0b5d785d9e6c9e691d8dbed55224aa902d99abef51346a28aa525072362fe25,False,
Nuclear_Graphite_Stress_Surrogate/outputs/08_recoverable_16000_single_formula/iteration_1/search_state/stable_snapshots/segment_09/checkpoint.pkl,outputs/08_recoverable_16000_single_formula/iteration_1/search_state/stable_snapshots/segment_09/checkpoint.pkl,executed_research_artifact,108317,95735964d3b75e27fdcb40044f1cc062010cfcfb0594e899f0b1f526709ddb4e,95735964d3b75e27fdcb40044f1cc062010cfcfb0594e899f0b1f526709ddb4e,False,
Nuclear_Graphite_Stress_Surrogate/outputs/08_recoverable_16000_single_formula/iteration_1/search_state/stable_snapshots/segment_09/hall_of_fame.csv,outputs/08_recoverable_16000_single_formula/iteration_1/search_state/stable_snapshots/segment_09/hall_of_fame.csv,executed_research_artifact,2259,ea3648da35a6c89d2bf8f1e8d75381bec2f24a5519f2f0e9f19c1bb5cfc69413,ea3648da35a6c89d2bf8f1e8d75381bec2f24a5519f2f0e9f19c1bb5cfc69413,False,
Nuclear_Graphite_Stress_Surrogate/outputs/08_recoverable_16000_single_formula/iteration_1/search_state/stable_snapshots/segment_10/checkpoint.pkl,outputs/08_recoverable_16000_single_formula/iteration_1/search_state/stable_snapshots/segment_10/checkpoint.pkl,executed_research_artifact,120062,c29b6073ae7fb878970977a26dc23b0c00f9145781792ca382916b352372e607,c29b6073ae7fb878970977a26dc23b0c00f9145781792ca382916b352372e607,False,
Nuclear_Graphite_Stress_Surrogate/outputs/08_recoverable_16000_single_formula/iteration_1/search_state/stable_snapshots/segment_10/hall_of_fame.csv,outputs/08_recoverable_16000_single_formula/iteration_1/search_state/stable_snapshots/segment_10/hall_of_fame.csv,executed_research_artifact,2056,bfc7cbf6a2821cc2aeda433b5cca00270e31ed5c1ab5de208aac60d6634cd4c3,bfc7cbf6a2821cc2aeda433b5cca00270e31ed5c1ab5de208aac60d6634cd4c3,False,
Nuclear_Graphite_Stress_Surrogate/outputs/08_recoverable_16000_single_formula/iteration_1/search_state/stable_snapshots/segment_11/checkpoint.pkl,outputs/08_recoverable_16000_single_formula/iteration_1/search_state/stable_snapshots/segment_11/checkpoint.pkl,executed_research_artifact,95279,1fe713ebcf06f636f0f13e0184efbc7284e7d93dd227a320c8644281c7c398e3,1fe713ebcf06f636f0f13e0184efbc7284e7d93dd227a320c8644281c7c398e3,False,
Nuclear_Graphite_Stress_Surrogate/outputs/08_recoverable_16000_single_formula/iteration_1/search_state/stable_snapshots/segment_11/hall_of_fame.csv,outputs/08_recoverable_16000_single_formula/iteration_1/search_state/stable_snapshots/segment_11/hall_of_fame.csv,executed_research_artifact,2047,1f8e2f8ef2d724c879f9e961c27a5120d96ffc22763abbcd64786dcbd9036785,1f8e2f8ef2d724c879f9e961c27a5120d96ffc22763abbcd64786dcbd9036785,False,
Nuclear_Graphite_Stress_Surrogate/outputs/08_recoverable_16000_single_formula/iteration_1/search_state/stable_snapshots/segment_12/checkpoint.pkl,outputs/08_recoverable_16000_single_formula/iteration_1/search_state/stable_snapshots/segment_12/checkpoint.pkl,executed_research_artifact,125236,d58ef05b2dcf86b734c55745c10bf8c1c46eb396858186ac6594b09d9f2cc623,d58ef05b2dcf86b734c55745c10bf8c1c46eb396858186ac6594b09d9f2cc623,False,
Nuclear_Graphite_Stress_Surrogate/outputs/08_recoverable_16000_single_formula/iteration_1/search_state/stable_snapshots/segment_12/hall_of_fame.csv,outputs/08_recoverable_16000_single_formula/iteration_1/search_state/stable_snapshots/segment_12/hall_of_fame.csv,executed_research_artifact,2409,4b4923715fca451ced9e523d7c997e3fea737ebf62b4a646712d262cade39c87,4b4923715fca451ced9e523d7c997e3fea737ebf62b4a646712d262cade39c87,False,
Nuclear_Graphite_Stress_Surrogate/outputs/08_recoverable_16000_single_formula/iteration_1/search_state/stable_snapshots/segment_13/checkpoint.pkl,outputs/08_recoverable_16000_single_formula/iteration_1/search_state/stable_snapshots/segment_13/checkpoint.pkl,executed_research_artifact,116335,98f96b3bee3ad053f3b7cae082f1643f0974cbfae019de51bb77436cc137f4f9,98f96b3bee3ad053f3b7cae082f1643f0974cbfae019de51bb77436cc137f4f9,False,
Nuclear_Graphite_Stress_Surrogate/outputs/08_recoverable_16000_single_formula/iteration_1/search_state/stable_snapshots/segment_13/hall_of_fame.csv,outputs/08_recoverable_16000_single_formula/iteration_1/search_state/stable_snapshots/segment_13/hall_of_fame.csv,executed_research_artifact,2417,3a4e16eb833cb71ae46eec157e5504ea212ea216f14fe31a2d4c10bc53f70cf0,3a4e16eb833cb71ae46eec157e5504ea212ea216f14fe31a2d4c10bc53f70cf0,False,
Nuclear_Graphite_Stress_Surrogate/outputs/08_recoverable_16000_single_formula/iteration_1/search_state/stable_snapshots/segment_14/checkpoint.pkl,outputs/08_recoverable_16000_single_formula/iteration_1/search_state/stable_snapshots/segment_14/checkpoint.pkl,executed_research_artifact,138868,ed7ff27159b9008259591d93d4eff39b61cefd1fef0f4833cc0af634e495ff41,ed7ff27159b9008259591d93d4eff39b61cefd1fef0f4833cc0af634e495ff41,False,
Nuclear_Graphite_Stress_Surrogate/outputs/08_recoverable_16000_single_formula/iteration_1/search_state/stable_snapshots/segment_14/hall_of_fame.csv,outputs/08_recoverable_16000_single_formula/iteration_1/search_state/stable_snapshots/segment_14/hall_of_fame.csv,executed_research_artifact,2556,0d1eea60ac4cab5f34c81fd32d6ce33a28d6c206268fb2113d2c307008494f21,0d1eea60ac4cab5f34c81fd32d6ce33a28d6c206268fb2113d2c307008494f21,False,
Nuclear_Graphite_Stress_Surrogate/outputs/08_recoverable_16000_single_formula/iteration_1/search_state/stable_snapshots/segment_15/checkpoint.pkl,outputs/08_recoverable_16000_single_formula/iteration_1/search_state/stable_snapshots/segment_15/checkpoint.pkl,executed_research_artifact,110745,f5f9770fd851c1d9c3a5a33a88074fdf979eb40ee2ab3444c94aa9f513500d39,f5f9770fd851c1d9c3a5a33a88074fdf979eb40ee2ab3444c94aa9f513500d39,False,
Nuclear_Graphite_Stress_Surrogate/outputs/08_recoverable_16000_single_formula/iteration_1/search_state/stable_snapshots/segment_15/hall_of_fame.csv,outputs/08_recoverable_16000_single_formula/iteration_1/search_state/stable_snapshots/segment_15/hall_of_fame.csv,executed_research_artifact,2554,6a606274acf449e21861b54d0f395f85b5945cd69617bd0277606e209f0b42f2,6a606274acf449e21861b54d0f395f85b5945cd69617bd0277606e209f0b42f2,False,
Nuclear_Graphite_Stress_Surrogate/outputs/08_recoverable_16000_single_formula/iteration_1/search_state/stable_snapshots/segment_16/checkpoint.pkl,outputs/08_recoverable_16000_single_formula/iteration_1/search_state/stable_snapshots/segment_16/checkpoint.pkl,executed_research_artifact,123672,db5adc6e0524fe8093312f2913ce872446d584ba8b29702765c2919ca1bb4ddf,db5adc6e0524fe8093312f2913ce872446d584ba8b29702765c2919ca1bb4ddf,False,
Nuclear_Graphite_Stress_Surrogate/outputs/08_recoverable_16000_single_formula/iteration_1/search_state/stable_snapshots/segment_16/hall_of_fame.csv,outputs/08_recoverable_16000_single_formula/iteration_1/search_state/stable_snapshots/segment_16/hall_of_fame.csv,executed_research_artifact,2560,9c187d399acbbb660ecab34676a4ade33e72c98051749e697678ecf09c197f23,9c187d399acbbb660ecab34676a4ade33e72c98051749e697678ecf09c197f23,False,
Nuclear_Graphite_Stress_Surrogate/outputs/08_recoverable_16000_single_formula/iteration_1/search_state/stable_snapshots/segment_17/checkpoint.pkl,outputs/08_recoverable_16000_single_formula/iteration_1/search_state/stable_snapshots/segment_17/checkpoint.pkl,executed_research_artifact,111955,8b9c694fa01b377975aaadc6dfbf06608f97d9c192d85d30af26d42c10817796,8b9c694fa01b377975aaadc6dfbf06608f97d9c192d85d30af26d42c10817796,False,
Nuclear_Graphite_Stress_Surrogate/outputs/08_recoverable_16000_single_formula/iteration_1/search_state/stable_snapshots/segment_17/hall_of_fame.csv,outputs/08_recoverable_16000_single_formula/iteration_1/search_state/stable_snapshots/segment_17/hall_of_fame.csv,executed_research_artifact,2591,c567d4377efe9d943664522e131582b22949ed25c1ce9d92582c81be3d39f9d7,c567d4377efe9d943664522e131582b22949ed25c1ce9d92582c81be3d39f9d7,False,
Nuclear_Graphite_Stress_Surrogate/outputs/08_recoverable_16000_single_formula/iteration_1/search_state/stable_snapshots/segment_18/checkpoint.pkl,outputs/08_recoverable_16000_single_formula/iteration_1/search_state/stable_snapshots/segment_18/checkpoint.pkl,executed_research_artifact,85198,5cd7bfe2a5af192fb59da00836678ba64af57e4d3c8bad338bf4662a227ca32b,5cd7bfe2a5af192fb59da00836678ba64af57e4d3c8bad338bf4662a227ca32b,False,
Nuclear_Graphite_Stress_Surrogate/outputs/08_recoverable_16000_single_formula/iteration_1/search_state/stable_snapshots/segment_18/hall_of_fame.csv,outputs/08_recoverable_16000_single_formula/iteration_1/search_state/stable_snapshots/segment_18/hall_of_fame.csv,executed_research_artifact,2449,89f72d09592020685e83065b0fd18cfed0745c1bcd5226ae03cd18a8ed8c4c9d,89f72d09592020685e83065b0fd18cfed0745c1bcd5226ae03cd18a8ed8c4c9d,False,
Nuclear_Graphite_Stress_Surrogate/outputs/08_recoverable_16000_single_formula/iteration_1/search_state/stable_snapshots/segment_19/checkpoint.pkl,outputs/08_recoverable_16000_single_formula/iteration_1/search_state/stable_snapshots/segment_19/checkpoint.pkl,executed_research_artifact,110874,eacb7d58cbb0ab36d9776d435de2f08faa4496ce6678fa02ed6510ac678b42cc,eacb7d58cbb0ab36d9776d435de2f08faa4496ce6678fa02ed6510ac678b42cc,False,
Nuclear_Graphite_Stress_Surrogate/outputs/08_recoverable_16000_single_formula/iteration_1/search_state/stable_snapshots/segment_19/hall_of_fame.csv,outputs/08_recoverable_16000_single_formula/iteration_1/search_state/stable_snapshots/segment_19/hall_of_fame.csv,executed_research_artifact,2462,c13eef664bf4a2908cdd2fac61ab211ec80f1fc62991300a037320dbc82c3d25,c13eef664bf4a2908cdd2fac61ab211ec80f1fc62991300a037320dbc82c3d25,False,
Nuclear_Graphite_Stress_Surrogate/outputs/08_recoverable_16000_single_formula/iteration_1/search_state/stable_snapshots/segment_20/checkpoint.pkl,outputs/08_recoverable_16000_single_formula/iteration_1/search_state/stable_snapshots/segment_20/checkpoint.pkl,executed_research_artifact,108631,a4432e544b85e47111fa66f4594dfd80f55c4ed5bfe7586bb1f1d9200eaffbd8,a4432e544b85e47111fa66f4594dfd80f55c4ed5bfe7586bb1f1d9200eaffbd8,False,
Nuclear_Graphite_Stress_Surrogate/outputs/08_recoverable_16000_single_formula/iteration_1/search_state/stable_snapshots/segment_20/hall_of_fame.csv,outputs/08_recoverable_16000_single_formula/iteration_1/search_state/stable_snapshots/segment_20/hall_of_fame.csv,executed_research_artifact,2456,d467f1079b70458807402f176dea28c429185ee65a1096ea62f8b56e477f321c,d467f1079b70458807402f176dea28c429185ee65a1096ea62f8b56e477f321c,False,
Nuclear_Graphite_Stress_Surrogate/outputs/08_recoverable_16000_single_formula/iteration_1/segment_attempt_audit.csv,outputs/08_recoverable_16000_single_formula/iteration_1/segment_attempt_audit.csv,executed_research_artifact,2098,02981c2ba3d4bac4f432a6f8b0a8208cad5e819f141562a9b1fd9c13a6203663,02981c2ba3d4bac4f432a6f8b0a8208cad5e819f141562a9b1fd9c13a6203663,False,
Nuclear_Graphite_Stress_Surrogate/outputs/08_recoverable_16000_single_formula/iteration_1/segments/segment_01/attempt_1/frontier.csv,outputs/08_recoverable_16000_single_formula/iteration_1/segments/segment_01/attempt_1/frontier.csv,executed_research_artifact,14538,f830c722b3459a956ada18d450b3889d6c7306d308e923177dbb10e003665129,f830c722b3459a956ada18d450b3889d6c7306d308e923177dbb10e003665129,False,
Nuclear_Graphite_Stress_Surrogate/outputs/08_recoverable_16000_single_formula/iteration_1/segments/segment_01/attempt_1/worker_status.json,outputs/08_recoverable_16000_single_formula/iteration_1/segments/segment_01/attempt_1/worker_status.json,executed_research_artifact,401,e6150eb4fb76be47f5071a842c5dac088c9a1cc5d8616629a3ae124adbf5aa7a,e6150eb4fb76be47f5071a842c5dac088c9a1cc5d8616629a3ae124adbf5aa7a,False,
Nuclear_Graphite_Stress_Surrogate/outputs/08_recoverable_16000_single_formula/iteration_1/segments/segment_01/attempt_1/worker_stderr.log,outputs/08_recoverable_16000_single_formula/iteration_1/segments/segment_01/attempt_1/worker_stderr.log,executed_research_artifact,449634,7e64fda4308d015501fdbf3f62560b0df7cb5d3cf281edf182ab9bbbaf037d76,7e64fda4308d015501fdbf3f62560b0df7cb5d3cf281edf182ab9bbbaf037d76,False,
Nuclear_Graphite_Stress_Surrogate/outputs/08_recoverable_16000_single_formula/iteration_1/segments/segment_01/attempt_1/worker_stdout.log,outputs/08_recoverable_16000_single_formula/iteration_1/segments/segment_01/attempt_1/worker_stdout.log,executed_research_artifact,4491,eae2a69175326f7f013d118333ed685cfc01af1a37382f713e338095c93e29a1,eae2a69175326f7f013d118333ed685cfc01af1a37382f713e338095c93e29a1,False,
Nuclear_Graphite_Stress_Surrogate/outputs/08_recoverable_16000_single_formula/iteration_1/segments/segment_01/complete.json,outputs/08_recoverable_16000_single_formula/iteration_1/segments/segment_01/complete.json,executed_research_artifact,444,102db4385e04e37164e8d31ca385e1e601c7d91bbcee2c5ffc4e20ac6bd1da79,102db4385e04e37164e8d31ca385e1e601c7d91bbcee2c5ffc4e20ac6bd1da79,False,
Nuclear_Graphite_Stress_Surrogate/outputs/08_recoverable_16000_single_formula/iteration_1/segments/segment_01/frontier.csv,outputs/08_recoverable_16000_single_formula/iteration_1/segments/segment_01/frontier.csv,executed_research_artifact,14609,a5c450f639e1358595b6728759ce7fea84cd34e259765c21ed9ab9100f08115e,a5c450f639e1358595b6728759ce7fea84cd34e259765c21ed9ab9100f08115e,False,
Nuclear_Graphite_Stress_Surrogate/outputs/08_recoverable_16000_single_formula/iteration_1/segments/segment_01/watchdog_status.json,outputs/08_recoverable_16000_single_formula/iteration_1/segments/segment_01/watchdog_status.json,executed_research_artifact,220,1d270fff67ebca69dc956756107f4725beafc2acf7670fcdcf6e4e3519ba718b,1d270fff67ebca69dc956756107f4725beafc2acf7670fcdcf6e4e3519ba718b,False,
Nuclear_Graphite_Stress_Surrogate/outputs/08_recoverable_16000_single_formula/iteration_1/segments/segment_02/attempt_1/frontier.csv,outputs/08_recoverable_16000_single_formula/iteration_1/segments/segment_02/attempt_1/frontier.csv,executed_research_artifact,15038,d915ce577c91bd825f4b1ef3ff7aa26da01610a0b81dc02f4447c2e14a22616c,d915ce577c91bd825f4b1ef3ff7aa26da01610a0b81dc02f4447c2e14a22616c,False,
Nuclear_Graphite_Stress_Surrogate/outputs/08_recoverable_16000_single_formula/iteration_1/segments/segment_02/attempt_1/worker_status.json,outputs/08_recoverable_16000_single_formula/iteration_1/segments/segment_02/attempt_1/worker_status.json,executed_research_artifact,410,51aa367d3bdb5781425dff796e65c2ca43ca10a90727f58a62718659db655eb0,51aa367d3bdb5781425dff796e65c2ca43ca10a90727f58a62718659db655eb0,False,
Nuclear_Graphite_Stress_Surrogate/outputs/08_recoverable_16000_single_formula/iteration_1/segments/segment_02/attempt_1/worker_stderr.log,outputs/08_recoverable_16000_single_formula/iteration_1/segments/segment_02/attempt_1/worker_stderr.log,executed_research_artifact,735007,7e3bb475bb75105fb02e2f27ba90c6402f1a6ead2af519ef8afc04e00ddf3c3a,7e3bb475bb75105fb02e2f27ba90c6402f1a6ead2af519ef8afc04e00ddf3c3a,False,
Nuclear_Graphite_Stress_Surrogate/outputs/08_recoverable_16000_single_formula/iteration_1/segments/segment_02/attempt_1/worker_stdout.log,outputs/08_recoverable_16000_single_formula/iteration_1/segments/segment_02/attempt_1/worker_stdout.log,executed_research_artifact,4333,47077649dbb89200fb2bc93aedd7aafc9d7556b984051391c19dfaf228f7ca88,47077649dbb89200fb2bc93aedd7aafc9d7556b984051391c19dfaf228f7ca88,False,
Nuclear_Graphite_Stress_Surrogate/outputs/08_recoverable_16000_single_formula/iteration_1/segments/segment_02/complete.json,outputs/08_recoverable_16000_single_formula/iteration_1/segments/segment_02/complete.json,executed_research_artifact,443,70c790f02f7fe3ec30605f9e6f2b35a220dcbc15350c5a0ef7fbea4ac2b471e7,70c790f02f7fe3ec30605f9e6f2b35a220dcbc15350c5a0ef7fbea4ac2b471e7,False,
Nuclear_Graphite_Stress_Surrogate/outputs/08_recoverable_16000_single_formula/iteration_1/segments/segment_02/frontier.csv,outputs/08_recoverable_16000_single_formula/iteration_1/segments/segment_02/frontier.csv,executed_research_artifact,15115,bf1d2d754adcf406bead214c58feb460d1ca02e875131cbec0f7b7d8b290b3f5,bf1d2d754adcf406bead214c58feb460d1ca02e875131cbec0f7b7d8b290b3f5,False,
Nuclear_Graphite_Stress_Surrogate/outputs/08_recoverable_16000_single_formula/iteration_1/segments/segment_02/watchdog_status.json,outputs/08_recoverable_16000_single_formula/iteration_1/segments/segment_02/watchdog_status.json,executed_research_artifact,221,2fb4a80bd3e24f6f01c6aa52155693e28fb051ca92d65b6b8aa34c97b0bdb414,2fb4a80bd3e24f6f01c6aa52155693e28fb051ca92d65b6b8aa34c97b0bdb414,False,
Nuclear_Graphite_Stress_Surrogate/outputs/08_recoverable_16000_single_formula/iteration_1/segments/segment_03/attempt_1/frontier.csv,outputs/08_recoverable_16000_single_formula/iteration_1/segments/segment_03/attempt_1/frontier.csv,executed_research_artifact,14676,6ba463cff99501f40c96db60c24a70da8807d0516ff539a2629e445fd0129dc5,6ba463cff99501f40c96db60c24a70da8807d0516ff539a2629e445fd0129dc5,False,
Nuclear_Graphite_Stress_Surrogate/outputs/08_recoverable_16000_single_formula/iteration_1/segments/segment_03/attempt_1/worker_status.json,outputs/08_recoverable_16000_single_formula/iteration_1/segments/segment_03/attempt_1/worker_status.json,executed_research_artifact,410,98a3733ef2a3de09f2ce29b9863e45388fa5eddd6efbd33b4c334f295beb13d3,98a3733ef2a3de09f2ce29b9863e45388fa5eddd6efbd33b4c334f295beb13d3,False,
Nuclear_Graphite_Stress_Surrogate/outputs/08_recoverable_16000_single_formula/iteration_1/segments/segment_03/attempt_1/worker_stderr.log,outputs/08_recoverable_16000_single_formula/iteration_1/segments/segment_03/attempt_1/worker_stderr.log,executed_research_artifact,761047,1221f78abcfb5b4a5cc41d6e3c379b0c59f338fe2caff660d0723d5af09555cd,1221f78abcfb5b4a5cc41d6e3c379b0c59f338fe2caff660d0723d5af09555cd,False,
Nuclear_Graphite_Stress_Surrogate/outputs/08_recoverable_16000_single_formula/iteration_1/segments/segment_03/attempt_1/worker_stdout.log,outputs/08_recoverable_16000_single_formula/iteration_1/segments/segment_03/attempt_1/worker_stdout.log,executed_research_artifact,4040,e3a4831588378f8314e152654b2fc5bcb30cfafae0f951b4f3ad7325f01dec4b,e3a4831588378f8314e152654b2fc5bcb30cfafae0f951b4f3ad7325f01dec4b,False,
Nuclear_Graphite_Stress_Surrogate/outputs/08_recoverable_16000_single_formula/iteration_1/segments/segment_03/complete.json,outputs/08_recoverable_16000_single_formula/iteration_1/segments/segment_03/complete.json,executed_research_artifact,443,4d7104f5f2f0cd291b8eea5afca0476dd8dbbdb37d920dc55124c13377d4c373,4d7104f5f2f0cd291b8eea5afca0476dd8dbbdb37d920dc55124c13377d4c373,False,
Nuclear_Graphite_Stress_Surrogate/outputs/08_recoverable_16000_single_formula/iteration_1/segments/segment_03/frontier.csv,outputs/08_recoverable_16000_single_formula/iteration_1/segments/segment_03/frontier.csv,executed_research_artifact,14750,0bdc3f5542e771e868652878890c2baac7b5aa3e4c70ee3b2467181e5c46ba9f,0bdc3f5542e771e868652878890c2baac7b5aa3e4c70ee3b2467181e5c46ba9f,False,
Nuclear_Graphite_Stress_Surrogate/outputs/08_recoverable_16000_single_formula/iteration_1/segments/segment_03/watchdog_status.json,outputs/08_recoverable_16000_single_formula/iteration_1/segments/segment_03/watchdog_status.json,executed_research_artifact,221,42f6fe02d7c8fc5d4d64d3f08b8e218a095eab4435a652f1a91b2d83ef764e14,42f6fe02d7c8fc5d4d64d3f08b8e218a095eab4435a652f1a91b2d83ef764e14,False,
Nuclear_Graphite_Stress_Surrogate/outputs/08_recoverable_16000_single_formula/iteration_1/segments/segment_04/attempt_1/frontier.csv,outputs/08_recoverable_16000_single_formula/iteration_1/segments/segment_04/attempt_1/frontier.csv,executed_research_artifact,14094,d859f50a327bcbba41c8b6503c27003f1f92ecaae3b4fe6952d51bcf3a4cc04c,d859f50a327bcbba41c8b6503c27003f1f92ecaae3b4fe6952d51bcf3a4cc04c,False,
Nuclear_Graphite_Stress_Surrogate/outputs/08_recoverable_16000_single_formula/iteration_1/segments/segment_04/attempt_1/worker_status.json,outputs/08_recoverable_16000_single_formula/iteration_1/segments/segment_04/attempt_1/worker_status.json,executed_research_artifact,410,ee5eeacdff2b502298ef7ab88a8465d7931485c6169b6f99c9cb69d6064880b8,ee5eeacdff2b502298ef7ab88a8465d7931485c6169b6f99c9cb69d6064880b8,False,
Nuclear_Graphite_Stress_Surrogate/outputs/08_recoverable_16000_single_formula/iteration_1/segments/segment_04/attempt_1/worker_stderr.log,outputs/08_recoverable_16000_single_formula/iteration_1/segments/segment_04/attempt_1/worker_stderr.log,executed_research_artifact,781668,bc29ccb9abb9b2adedd2d5cb30929703a762b07e557fc02371b00e1a2d5a2ff4,bc29ccb9abb9b2adedd2d5cb30929703a762b07e557fc02371b00e1a2d5a2ff4,False,
Nuclear_Graphite_Stress_Surrogate/outputs/08_recoverable_16000_single_formula/iteration_1/segments/segment_04/attempt_1/worker_stdout.log,outputs/08_recoverable_16000_single_formula/iteration_1/segments/segment_04/attempt_1/worker_stdout.log,executed_research_artifact,3724,11ed866fbdef734cd48de5e6fcd1c20ee454c4bcc11adc1a1e994a881e2688dc,11ed866fbdef734cd48de5e6fcd1c20ee454c4bcc11adc1a1e994a881e2688dc,False,
Nuclear_Graphite_Stress_Surrogate/outputs/08_recoverable_16000_single_formula/iteration_1/segments/segment_04/complete.json,outputs/08_recoverable_16000_single_formula/iteration_1/segments/segment_04/complete.json,executed_research_artifact,443,614824832d41cb44d62b4a41e0c426250081e4bc00161a754eab5403e4125fc4,614824832d41cb44d62b4a41e0c426250081e4bc00161a754eab5403e4125fc4,False,
Nuclear_Graphite_Stress_Surrogate/outputs/08_recoverable_16000_single_formula/iteration_1/segments/segment_04/frontier.csv,outputs/08_recoverable_16000_single_formula/iteration_1/segments/segment_04/frontier.csv,executed_research_artifact,14166,79df09dff1b46823341103273e99fc125eb3ec4a380d0198cd390b27db958aa4,79df09dff1b46823341103273e99fc125eb3ec4a380d0198cd390b27db958aa4,False,
Nuclear_Graphite_Stress_Surrogate/outputs/08_recoverable_16000_single_formula/iteration_1/segments/segment_04/watchdog_status.json,outputs/08_recoverable_16000_single_formula/iteration_1/segments/segment_04/watchdog_status.json,executed_research_artifact,221,0c6122cda762795d6276dfa7e42279ad4c2d90dff24dbb11bfbd68a94fc31358,0c6122cda762795d6276dfa7e42279ad4c2d90dff24dbb11bfbd68a94fc31358,False,
Nuclear_Graphite_Stress_Surrogate/outputs/08_recoverable_16000_single_formula/iteration_1/segments/segment_05/attempt_1/frontier.csv,outputs/08_recoverable_16000_single_formula/iteration_1/segments/segment_05/attempt_1/frontier.csv,executed_research_artifact,13734,bafc1b7f27c2a85740c3a7e0e14bf08224865177cdbda392e9814c7bad464645,bafc1b7f27c2a85740c3a7e0e14bf08224865177cdbda392e9814c7bad464645,False,
Nuclear_Graphite_Stress_Surrogate/outputs/08_recoverable_16000_single_formula/iteration_1/segments/segment_05/attempt_1/worker_status.json,outputs/08_recoverable_16000_single_formula/iteration_1/segments/segment_05/attempt_1/worker_status.json,executed_research_artifact,410,9f0f632ad3fdee1584b551dd0f9c3eee96dfd5bf0d4f339880a945d9a0254d0d,9f0f632ad3fdee1584b551dd0f9c3eee96dfd5bf0d4f339880a945d9a0254d0d,False,
Nuclear_Graphite_Stress_Surrogate/outputs/08_recoverable_16000_single_formula/iteration_1/segments/segment_05/attempt_1/worker_stderr.log,outputs/08_recoverable_16000_single_formula/iteration_1/segments/segment_05/attempt_1/worker_stderr.log,executed_research_artifact,628802,1f06a6782d9329b1439614d86fb0b85bf4c153ae02aef5238ddc4b191b8db3c0,1f06a6782d9329b1439614d86fb0b85bf4c153ae02aef5238ddc4b191b8db3c0,False,
Nuclear_Graphite_Stress_Surrogate/outputs/08_recoverable_16000_single_formula/iteration_1/segments/segment_05/attempt_1/worker_stdout.log,outputs/08_recoverable_16000_single_formula/iteration_1/segments/segment_05/attempt_1/worker_stdout.log,executed_research_artifact,3647,a1d386c3c1f10805784d240e07c6541b71ed6c21301e593a301e437cc669dd57,a1d386c3c1f10805784d240e07c6541b71ed6c21301e593a301e437cc669dd57,False,
Nuclear_Graphite_Stress_Surrogate/outputs/08_recoverable_16000_single_formula/iteration_1/segments/segment_05/complete.json,outputs/08_recoverable_16000_single_formula/iteration_1/segments/segment_05/complete.json,executed_research_artifact,443,5fcb855f10efd28d73b301f1802061baed51d7ab63dc1396924c3b814c568c40,5fcb855f10efd28d73b301f1802061baed51d7ab63dc1396924c3b814c568c40,False,
Nuclear_Graphite_Stress_Surrogate/outputs/08_recoverable_16000_single_formula/iteration_1/segments/segment_05/frontier.csv,outputs/08_recoverable_16000_single_formula/iteration_1/segments/segment_05/frontier.csv,executed_research_artifact,13809,f8e15da572a1d9f92920f1e0c987fba3229ae9b2c514e45e7c295d0d36d08aa3,f8e15da572a1d9f92920f1e0c987fba3229ae9b2c514e45e7c295d0d36d08aa3,False,
Nuclear_Graphite_Stress_Surrogate/outputs/08_recoverable_16000_single_formula/iteration_1/segments/segment_05/watchdog_status.json,outputs/08_recoverable_16000_single_formula/iteration_1/segments/segment_05/watchdog_status.json,executed_research_artifact,221,be748e2074a314dab16e3204772af1282a2ce0f58f0b56b527373f230ce4947d,be748e2074a314dab16e3204772af1282a2ce0f58f0b56b527373f230ce4947d,False,
Nuclear_Graphite_Stress_Surrogate/outputs/08_recoverable_16000_single_formula/iteration_1/segments/segment_06/attempt_1/frontier.csv,outputs/08_recoverable_16000_single_formula/iteration_1/segments/segment_06/attempt_1/frontier.csv,executed_research_artifact,19155,e9564c407fd241c150f92d823bdb69202e376336517124fb675cf2a593455626,e9564c407fd241c150f92d823bdb69202e376336517124fb675cf2a593455626,False,
Nuclear_Graphite_Stress_Surrogate/outputs/08_recoverable_16000_single_formula/iteration_1/segments/segment_06/attempt_1/worker_status.json,outputs/08_recoverable_16000_single_formula/iteration_1/segments/segment_06/attempt_1/worker_status.json,executed_research_artifact,409,0a57a8f94034a0dc0a569543754e1010d6683871b87a927a03d815d4a76ca39c,0a57a8f94034a0dc0a569543754e1010d6683871b87a927a03d815d4a76ca39c,False,
Nuclear_Graphite_Stress_Surrogate/outputs/08_recoverable_16000_single_formula/iteration_1/segments/segment_06/attempt_1/worker_stderr.log,outputs/08_recoverable_16000_single_formula/iteration_1/segments/segment_06/attempt_1/worker_stderr.log,executed_research_artifact,703941,3c3f59a31ce1326bea017715f5ef0a1c4ab77c84141a4498d702734826409642,3c3f59a31ce1326bea017715f5ef0a1c4ab77c84141a4498d702734826409642,False,
Nuclear_Graphite_Stress_Surrogate/outputs/08_recoverable_16000_single_formula/iteration_1/segments/segment_06/attempt_1/worker_stdout.log,outputs/08_recoverable_16000_single_formula/iteration_1/segments/segment_06/attempt_1/worker_stdout.log,executed_research_artifact,4718,3234171a266fb1b496071873c3d956d9a49e8298fa44f341865e10ccc9ee5ed2,3234171a266fb1b496071873c3d956d9a49e8298fa44f341865e10ccc9ee5ed2,False,
Nuclear_Graphite_Stress_Surrogate/outputs/08_recoverable_16000_single_formula/iteration_1/segments/segment_06/complete.json,outputs/08_recoverable_16000_single_formula/iteration_1/segments/segment_06/complete.json,executed_research_artifact,443,5a0587a44cd07d145492c6f94e32037e1ea797c387b1822d0ad86c3b29775ef1,5a0587a44cd07d145492c6f94e32037e1ea797c387b1822d0ad86c3b29775ef1,False,
Nuclear_Graphite_Stress_Surrogate/outputs/08_recoverable_16000_single_formula/iteration_1/segments/segment_06/frontier.csv,outputs/08_recoverable_16000_single_formula/iteration_1/segments/segment_06/frontier.csv,executed_research_artifact,19230,91e9e9a39e6fe3b2bdb53035b4bf2ca90725bc00ed6b11a3ac0ff885990905cb,91e9e9a39e6fe3b2bdb53035b4bf2ca90725bc00ed6b11a3ac0ff885990905cb,False,
Nuclear_Graphite_Stress_Surrogate/outputs/08_recoverable_16000_single_formula/iteration_1/segments/segment_06/watchdog_status.json,outputs/08_recoverable_16000_single_formula/iteration_1/segments/segment_06/watchdog_status.json,executed_research_artifact,220,714f9310a9f4650a4295f7c5ac3475521e4d13ccd2908e06597ef99ab95c52a4,714f9310a9f4650a4295f7c5ac3475521e4d13ccd2908e06597ef99ab95c52a4,False,
Nuclear_Graphite_Stress_Surrogate/outputs/08_recoverable_16000_single_formula/iteration_1/segments/segment_07/attempt_1/frontier.csv,outputs/08_recoverable_16000_single_formula/iteration_1/segments/segment_07/attempt_1/frontier.csv,executed_research_artifact,15371,6ab269e51dbe06cd8fcfd5c2aba92478ccd8d44fce0f6f19e2fcb641c717825b,6ab269e51dbe06cd8fcfd5c2aba92478ccd8d44fce0f6f19e2fcb641c717825b,False,
Nuclear_Graphite_Stress_Surrogate/outputs/08_recoverable_16000_single_formula/iteration_1/segments/segment_07/attempt_1/worker_status.json,outputs/08_recoverable_16000_single_formula/iteration_1/segments/segment_07/attempt_1/worker_status.json,executed_research_artifact,410,ff69711bc3260c36f254ee939921c4b0614c2fb96ed74c990536d47fb33a7ae5,ff69711bc3260c36f254ee939921c4b0614c2fb96ed74c990536d47fb33a7ae5,False,
Nuclear_Graphite_Stress_Surrogate/outputs/08_recoverable_16000_single_formula/iteration_1/segments/segment_07/attempt_1/worker_stderr.log,outputs/08_recoverable_16000_single_formula/iteration_1/segments/segment_07/attempt_1/worker_stderr.log,executed_research_artifact,820948,e1d8d3f7c17bd864e4c3c61345eb56ffcd4e5a9c20486f925bfbbbfc51c348ab,e1d8d3f7c17bd864e4c3c61345eb56ffcd4e5a9c20486f925bfbbbfc51c348ab,False,
Nuclear_Graphite_Stress_Surrogate/outputs/08_recoverable_16000_single_formula/iteration_1/segments/segment_07/attempt_1/worker_stdout.log,outputs/08_recoverable_16000_single_formula/iteration_1/segments/segment_07/attempt_1/worker_stdout.log,executed_research_artifact,4135,b3829a1fb098d5c91fdd9163ef23019533e5ed1397574e65cafe47cf09ae063a,b3829a1fb098d5c91fdd9163ef23019533e5ed1397574e65cafe47cf09ae063a,False,
Nuclear_Graphite_Stress_Surrogate/outputs/08_recoverable_16000_single_formula/iteration_1/segments/segment_07/complete.json,outputs/08_recoverable_16000_single_formula/iteration_1/segments/segment_07/complete.json,executed_research_artifact,443,59567a126ba704e4a64ff05144ed0d3157569ed5933209c220085cec0c2632bc,59567a126ba704e4a64ff05144ed0d3157569ed5933209c220085cec0c2632bc,False,
Nuclear_Graphite_Stress_Surrogate/outputs/08_recoverable_16000_single_formula/iteration_1/segments/segment_07/frontier.csv,outputs/08_recoverable_16000_single_formula/iteration_1/segments/segment_07/frontier.csv,executed_research_artifact,15451,16b726cfd34bb31cd77f7a16ab9539100508088b7f8db838619ef78e76a656a9,16b726cfd34bb31cd77f7a16ab9539100508088b7f8db838619ef78e76a656a9,False,
Nuclear_Graphite_Stress_Surrogate/outputs/08_recoverable_16000_single_formula/iteration_1/segments/segment_07/watchdog_status.json,outputs/08_recoverable_16000_single_formula/iteration_1/segments/segment_07/watchdog_status.json,executed_research_artifact,221,ffb93e920213ab228cc61b2a33574f7b2732bb2761d5a323b6e01b2c83c1eeb2,ffb93e920213ab228cc61b2a33574f7b2732bb2761d5a323b6e01b2c83c1eeb2,False,
Nuclear_Graphite_Stress_Surrogate/outputs/08_recoverable_16000_single_formula/iteration_1/segments/segment_08/attempt_1/frontier.csv,outputs/08_recoverable_16000_single_formula/iteration_1/segments/segment_08/attempt_1/frontier.csv,executed_research_artifact,15917,1783d7fa0b4a9dd004c4bbcac565f56e686b0aefcac7196187803d24b989081f,1783d7fa0b4a9dd004c4bbcac565f56e686b0aefcac7196187803d24b989081f,False,
Nuclear_Graphite_Stress_Surrogate/outputs/08_recoverable_16000_single_formula/iteration_1/segments/segment_08/attempt_1/worker_status.json,outputs/08_recoverable_16000_single_formula/iteration_1/segments/segment_08/attempt_1/worker_status.json,executed_research_artifact,410,49a84cecbf452c4087e2425719f9fc80b73ba117fecfb985907357c831aafdfb,49a84cecbf452c4087e2425719f9fc80b73ba117fecfb985907357c831aafdfb,False,
Nuclear_Graphite_Stress_Surrogate/outputs/08_recoverable_16000_single_formula/iteration_1/segments/segment_08/attempt_1/worker_stderr.log,outputs/08_recoverable_16000_single_formula/iteration_1/segments/segment_08/attempt_1/worker_stderr.log,executed_research_artifact,712950,debb7a296ff307b102fdb1bed41418c0f505367f5b7660894fedd4c3dd0b5b90,debb7a296ff307b102fdb1bed41418c0f505367f5b7660894fedd4c3dd0b5b90,False,
Nuclear_Graphite_Stress_Surrogate/outputs/08_recoverable_16000_single_formula/iteration_1/segments/segment_08/attempt_1/worker_stdout.log,outputs/08_recoverable_16000_single_formula/iteration_1/segments/segment_08/attempt_1/worker_stdout.log,executed_research_artifact,4326,1e47b09b380b0bfbfcd6c52bb93b067952210e41cf65055d0bb0337e7ba160e8,1e47b09b380b0bfbfcd6c52bb93b067952210e41cf65055d0bb0337e7ba160e8,False,
Nuclear_Graphite_Stress_Surrogate/outputs/08_recoverable_16000_single_formula/iteration_1/segments/segment_08/complete.json,outputs/08_recoverable_16000_single_formula/iteration_1/segments/segment_08/complete.json,executed_research_artifact,444,24369967ce3410a4662376fbae4e9ec97d6a2c59ae2144df544783df36fe59bd,24369967ce3410a4662376fbae4e9ec97d6a2c59ae2144df544783df36fe59bd,False,
Nuclear_Graphite_Stress_Surrogate/outputs/08_recoverable_16000_single_formula/iteration_1/segments/segment_08/frontier.csv,outputs/08_recoverable_16000_single_formula/iteration_1/segments/segment_08/frontier.csv,executed_research_artifact,15998,4da69aa95e961001b964911682b6b3d639a196916c62b89a5dd86f7333a5e0fb,4da69aa95e961001b964911682b6b3d639a196916c62b89a5dd86f7333a5e0fb,False,
Nuclear_Graphite_Stress_Surrogate/outputs/08_recoverable_16000_single_formula/iteration_1/segments/segment_08/watchdog_status.json,outputs/08_recoverable_16000_single_formula/iteration_1/segments/segment_08/watchdog_status.json,executed_research_artifact,221,30603d0ddf2f60cce398128610af9b4a0b80ba7c2393bb63ad8752f8ab9ae5ce,30603d0ddf2f60cce398128610af9b4a0b80ba7c2393bb63ad8752f8ab9ae5ce,False,
Nuclear_Graphite_Stress_Surrogate/outputs/08_recoverable_16000_single_formula/iteration_1/segments/segment_09/attempt_1/frontier.csv,outputs/08_recoverable_16000_single_formula/iteration_1/segments/segment_09/attempt_1/frontier.csv,executed_research_artifact,16132,e69ffa02f12a486d30a5cee23acc915f39cc26f5ab104a5c84574ead07c463ac,e69ffa02f12a486d30a5cee23acc915f39cc26f5ab104a5c84574ead07c463ac,False,
Nuclear_Graphite_Stress_Surrogate/outputs/08_recoverable_16000_single_formula/iteration_1/segments/segment_09/attempt_1/worker_status.json,outputs/08_recoverable_16000_single_formula/iteration_1/segments/segment_09/attempt_1/worker_status.json,executed_research_artifact,410,8f9b9a1a91be54d31f2ec66f8094645ea1b3de1f9794d85f1f7e26946386eee1,8f9b9a1a91be54d31f2ec66f8094645ea1b3de1f9794d85f1f7e26946386eee1,False,
Nuclear_Graphite_Stress_Surrogate/outputs/08_recoverable_16000_single_formula/iteration_1/segments/segment_09/attempt_1/worker_stderr.log,outputs/08_recoverable_16000_single_formula/iteration_1/segments/segment_09/attempt_1/worker_stderr.log,executed_research_artifact,645625,96d7f053f4131dacffddb7c95cfeeaea4e1d80859ed7d60bdfe0f9b9c63c0cec,96d7f053f4131dacffddb7c95cfeeaea4e1d80859ed7d60bdfe0f9b9c63c0cec,False,
Nuclear_Graphite_Stress_Surrogate/outputs/08_recoverable_16000_single_formula/iteration_1/segments/segment_09/attempt_1/worker_stdout.log,outputs/08_recoverable_16000_single_formula/iteration_1/segments/segment_09/attempt_1/worker_stdout.log,executed_research_artifact,4267,6152cc371987ee4ffc475ffccde2746e894dd1fc2cef6ef5ec825d6e74e0837d,6152cc371987ee4ffc475ffccde2746e894dd1fc2cef6ef5ec825d6e74e0837d,False,
Nuclear_Graphite_Stress_Surrogate/outputs/08_recoverable_16000_single_formula/iteration_1/segments/segment_09/complete.json,outputs/08_recoverable_16000_single_formula/iteration_1/segments/segment_09/complete.json,executed_research_artifact,444,dc32b124b2e29c8c96049c0286a95feeefe9f77336f2de26275c569e09d0600f,dc32b124b2e29c8c96049c0286a95feeefe9f77336f2de26275c569e09d0600f,False,
Nuclear_Graphite_Stress_Surrogate/outputs/08_recoverable_16000_single_formula/iteration_1/segments/segment_09/frontier.csv,outputs/08_recoverable_16000_single_formula/iteration_1/segments/segment_09/frontier.csv,executed_research_artifact,16208,ce72b841fed4e12bb5941440b2b4d7b1f3668c66f5d6960438812e2f00a6862b,ce72b841fed4e12bb5941440b2b4d7b1f3668c66f5d6960438812e2f00a6862b,False,
Nuclear_Graphite_Stress_Surrogate/outputs/08_recoverable_16000_single_formula/iteration_1/segments/segment_09/watchdog_status.json,outputs/08_recoverable_16000_single_formula/iteration_1/segments/segment_09/watchdog_status.json,executed_research_artifact,221,8847ee621a35a5ff6ae61e1680f6d0ead1e8969d000b18eb524a979b25a8a448,8847ee621a35a5ff6ae61e1680f6d0ead1e8969d000b18eb524a979b25a8a448,False,
Nuclear_Graphite_Stress_Surrogate/outputs/08_recoverable_16000_single_formula/iteration_1/segments/segment_10/attempt_1/frontier.csv,outputs/08_recoverable_16000_single_formula/iteration_1/segments/segment_10/attempt_1/frontier.csv,executed_research_artifact,14920,adbc7b1c60e6c68ca89a452c8f57bd287daeea4160e769d41f28f6eafbe2ddac,adbc7b1c60e6c68ca89a452c8f57bd287daeea4160e769d41f28f6eafbe2ddac,False,
Nuclear_Graphite_Stress_Surrogate/outputs/08_recoverable_16000_single_formula/iteration_1/segments/segment_10/attempt_1/worker_status.json,outputs/08_recoverable_16000_single_formula/iteration_1/segments/segment_10/attempt_1/worker_status.json,executed_research_artifact,412,2bf4c881e3dafb0484cff67c4ca96ec3a23081dc0c241083eb4026783fcf9559,2bf4c881e3dafb0484cff67c4ca96ec3a23081dc0c241083eb4026783fcf9559,False,
Nuclear_Graphite_Stress_Surrogate/outputs/08_recoverable_16000_single_formula/iteration_1/segments/segment_10/attempt_1/worker_stderr.log,outputs/08_recoverable_16000_single_formula/iteration_1/segments/segment_10/attempt_1/worker_stderr.log,executed_research_artifact,701356,2afdb2d41f0b76621b0948f45d71c98c888e5a53fbe1054e2f31663e53e37d2f,2afdb2d41f0b76621b0948f45d71c98c888e5a53fbe1054e2f31663e53e37d2f,False,
Nuclear_Graphite_Stress_Surrogate/outputs/08_recoverable_16000_single_formula/iteration_1/segments/segment_10/attempt_1/worker_stdout.log,outputs/08_recoverable_16000_single_formula/iteration_1/segments/segment_10/attempt_1/worker_stdout.log,executed_research_artifact,3984,d3af171e7e74525c7ca50fe1de90247d697a688a92732917a0a3c3127b7d4c64,d3af171e7e74525c7ca50fe1de90247d697a688a92732917a0a3c3127b7d4c64,False,
Nuclear_Graphite_Stress_Surrogate/outputs/08_recoverable_16000_single_formula/iteration_1/segments/segment_10/complete.json,outputs/08_recoverable_16000_single_formula/iteration_1/segments/segment_10/complete.json,executed_research_artifact,445,fab8a209995cba62ab18dad8892ffbb4957f81e6019762672968df7aab0d3316,fab8a209995cba62ab18dad8892ffbb4957f81e6019762672968df7aab0d3316,False,
Nuclear_Graphite_Stress_Surrogate/outputs/08_recoverable_16000_single_formula/iteration_1/segments/segment_10/frontier.csv,outputs/08_recoverable_16000_single_formula/iteration_1/segments/segment_10/frontier.csv,executed_research_artifact,15018,139ed77e478267b380bd3ec1d64524e8bb6b8726d73b9d9e93f0c416d7e2b0ea,139ed77e478267b380bd3ec1d64524e8bb6b8726d73b9d9e93f0c416d7e2b0ea,False,
Nuclear_Graphite_Stress_Surrogate/outputs/08_recoverable_16000_single_formula/iteration_1/segments/segment_10/watchdog_status.json,outputs/08_recoverable_16000_single_formula/iteration_1/segments/segment_10/watchdog_status.json,executed_research_artifact,222,0db3d07ad31e6466e67f1ab7605094169505c4d17586f0066c9a44c8b4de9a1d,0db3d07ad31e6466e67f1ab7605094169505c4d17586f0066c9a44c8b4de9a1d,False,
Nuclear_Graphite_Stress_Surrogate/outputs/08_recoverable_16000_single_formula/iteration_1/segments/segment_11/attempt_1/frontier.csv,outputs/08_recoverable_16000_single_formula/iteration_1/segments/segment_11/attempt_1/frontier.csv,executed_research_artifact,14970,634df3ff8d29a678f4afb5b6c2096686d6e1214fecdffa8f30c3dbff653307f5,634df3ff8d29a678f4afb5b6c2096686d6e1214fecdffa8f30c3dbff653307f5,False,
Nuclear_Graphite_Stress_Surrogate/outputs/08_recoverable_16000_single_formula/iteration_1/segments/segment_11/attempt_1/worker_status.json,outputs/08_recoverable_16000_single_formula/iteration_1/segments/segment_11/attempt_1/worker_status.json,executed_research_artifact,412,05b20c00630dcb7a5233da97103d3dbb3a3b8a6760002eb00fa5cd852f503902,05b20c00630dcb7a5233da97103d3dbb3a3b8a6760002eb00fa5cd852f503902,False,
Nuclear_Graphite_Stress_Surrogate/outputs/08_recoverable_16000_single_formula/iteration_1/segments/segment_11/attempt_1/worker_stderr.log,outputs/08_recoverable_16000_single_formula/iteration_1/segments/segment_11/attempt_1/worker_stderr.log,executed_research_artifact,778028,7e6f2911468013838ba61df02a5914fe974446fcb6e189fa344894bee8c2cf67,7e6f2911468013838ba61df02a5914fe974446fcb6e189fa344894bee8c2cf67,False,
Nuclear_Graphite_Stress_Surrogate/outputs/08_recoverable_16000_single_formula/iteration_1/segments/segment_11/attempt_1/worker_stdout.log,outputs/08_recoverable_16000_single_formula/iteration_1/segments/segment_11/attempt_1/worker_stdout.log,executed_research_artifact,3972,357623d5c8e6ccd346f1e5cbcd174a9d6921d2f0668778a36010e76080a92cd6,357623d5c8e6ccd346f1e5cbcd174a9d6921d2f0668778a36010e76080a92cd6,False,
Nuclear_Graphite_Stress_Surrogate/outputs/08_recoverable_16000_single_formula/iteration_1/segments/segment_11/complete.json,outputs/08_recoverable_16000_single_formula/iteration_1/segments/segment_11/complete.json,executed_research_artifact,445,f4d7cdc8e0e6314cda9ae7c820033a208d2f32a398243f29adf009119b0d7766,f4d7cdc8e0e6314cda9ae7c820033a208d2f32a398243f29adf009119b0d7766,False,
Nuclear_Graphite_Stress_Surrogate/outputs/08_recoverable_16000_single_formula/iteration_1/segments/segment_11/frontier.csv,outputs/08_recoverable_16000_single_formula/iteration_1/segments/segment_11/frontier.csv,executed_research_artifact,15064,cc5005ef35dcf3d6f460160fc92d7c2a883d8b15ca9e6ea03e41d574a28516f9,cc5005ef35dcf3d6f460160fc92d7c2a883d8b15ca9e6ea03e41d574a28516f9,False,
Nuclear_Graphite_Stress_Surrogate/outputs/08_recoverable_16000_single_formula/iteration_1/segments/segment_11/watchdog_status.json,outputs/08_recoverable_16000_single_formula/iteration_1/segments/segment_11/watchdog_status.json,executed_research_artifact,222,622d248945200682770949063a50c1c38962db304a3d933dd58ff4525f1fe0fe,622d248945200682770949063a50c1c38962db304a3d933dd58ff4525f1fe0fe,False,
Nuclear_Graphite_Stress_Surrogate/outputs/08_recoverable_16000_single_formula/iteration_1/segments/segment_12/attempt_1/frontier.csv,outputs/08_recoverable_16000_single_formula/iteration_1/segments/segment_12/attempt_1/frontier.csv,executed_research_artifact,17816,44db13bd38325523f89969a72bfcb464394d5f059044377cd28325a0515a584f,44db13bd38325523f89969a72bfcb464394d5f059044377cd28325a0515a584f,False,
Nuclear_Graphite_Stress_Surrogate/outputs/08_recoverable_16000_single_formula/iteration_1/segments/segment_12/attempt_1/worker_status.json,outputs/08_recoverable_16000_single_formula/iteration_1/segments/segment_12/attempt_1/worker_status.json,executed_research_artifact,412,8f0e3534f619364baa1a92cc5949969c37a7846f7cc16578b643b56b613c0d47,8f0e3534f619364baa1a92cc5949969c37a7846f7cc16578b643b56b613c0d47,False,
Nuclear_Graphite_Stress_Surrogate/outputs/08_recoverable_16000_single_formula/iteration_1/segments/segment_12/attempt_1/worker_stderr.log,outputs/08_recoverable_16000_single_formula/iteration_1/segments/segment_12/attempt_1/worker_stderr.log,executed_research_artifact,706507,43b895691cb21fba39ee7252843b46e0a656296c3f34396c036c8468aaae8df4,43b895691cb21fba39ee7252843b46e0a656296c3f34396c036c8468aaae8df4,False,
Nuclear_Graphite_Stress_Surrogate/outputs/08_recoverable_16000_single_formula/iteration_1/segments/segment_12/attempt_1/worker_stdout.log,outputs/08_recoverable_16000_single_formula/iteration_1/segments/segment_12/attempt_1/worker_stdout.log,executed_research_artifact,4552,6b659f843d15127cba161e48dde701df9f45caea59891e3de70bba82cfafe758,6b659f843d15127cba161e48dde701df9f45caea59891e3de70bba82cfafe758,False,
Nuclear_Graphite_Stress_Surrogate/outputs/08_recoverable_16000_single_formula/iteration_1/segments/segment_12/complete.json,outputs/08_recoverable_16000_single_formula/iteration_1/segments/segment_12/complete.json,executed_research_artifact,444,b3b88f1b7df6af562a1bbc53b46f5ebf8960d432d0f4370f4700d700d0050b79,b3b88f1b7df6af562a1bbc53b46f5ebf8960d432d0f4370f4700d700d0050b79,False,
Nuclear_Graphite_Stress_Surrogate/outputs/08_recoverable_16000_single_formula/iteration_1/segments/segment_12/frontier.csv,outputs/08_recoverable_16000_single_formula/iteration_1/segments/segment_12/frontier.csv,executed_research_artifact,17915,619af4894ab77dbc0a23ac76db222326396c6134a1eb34dd037784aeef100666,619af4894ab77dbc0a23ac76db222326396c6134a1eb34dd037784aeef100666,False,
Nuclear_Graphite_Stress_Surrogate/outputs/08_recoverable_16000_single_formula/iteration_1/segments/segment_12/watchdog_status.json,outputs/08_recoverable_16000_single_formula/iteration_1/segments/segment_12/watchdog_status.json,executed_research_artifact,223,73b41f524946b7b9c7eef8278975226adfa0edf9d74ec1aad8b353a5175df2cc,73b41f524946b7b9c7eef8278975226adfa0edf9d74ec1aad8b353a5175df2cc,False,
Nuclear_Graphite_Stress_Surrogate/outputs/08_recoverable_16000_single_formula/iteration_1/segments/segment_13/attempt_1/frontier.csv,outputs/08_recoverable_16000_single_formula/iteration_1/segments/segment_13/attempt_1/frontier.csv,executed_research_artifact,18363,9858590e640768ad41f6f24d22a7aa0a637184b863ab60213b0e5db4fa64c137,9858590e640768ad41f6f24d22a7aa0a637184b863ab60213b0e5db4fa64c137,False,
Nuclear_Graphite_Stress_Surrogate/outputs/08_recoverable_16000_single_formula/iteration_1/segments/segment_13/attempt_1/worker_status.json,outputs/08_recoverable_16000_single_formula/iteration_1/segments/segment_13/attempt_1/worker_status.json,executed_research_artifact,412,4e80d61cec1fe401c54082b038905d8a68f23e36908650874f2a00d6f4f0d5f7,4e80d61cec1fe401c54082b038905d8a68f23e36908650874f2a00d6f4f0d5f7,False,
Nuclear_Graphite_Stress_Surrogate/outputs/08_recoverable_16000_single_formula/iteration_1/segments/segment_13/attempt_1/worker_stderr.log,outputs/08_recoverable_16000_single_formula/iteration_1/segments/segment_13/attempt_1/worker_stderr.log,executed_research_artifact,832252,75f232c7658e0a3a43e4510b0185be2a78d9a0d2a4004b8d2ae74819871a1755,75f232c7658e0a3a43e4510b0185be2a78d9a0d2a4004b8d2ae74819871a1755,False,
Nuclear_Graphite_Stress_Surrogate/outputs/08_recoverable_16000_single_formula/iteration_1/segments/segment_13/attempt_1/worker_stdout.log,outputs/08_recoverable_16000_single_formula/iteration_1/segments/segment_13/attempt_1/worker_stdout.log,executed_research_artifact,4565,63a9c0da271e8fb637af154920f39e426c80e01434dadb4e49a92d51f6215b4f,63a9c0da271e8fb637af154920f39e426c80e01434dadb4e49a92d51f6215b4f,False,
Nuclear_Graphite_Stress_Surrogate/outputs/08_recoverable_16000_single_formula/iteration_1/segments/segment_13/complete.json,outputs/08_recoverable_16000_single_formula/iteration_1/segments/segment_13/complete.json,executed_research_artifact,445,39d99925468a16ab83444866120c9a3660215b38c7f4925ca833557d6dd9a8cb,39d99925468a16ab83444866120c9a3660215b38c7f4925ca833557d6dd9a8cb,False,
Nuclear_Graphite_Stress_Surrogate/outputs/08_recoverable_16000_single_formula/iteration_1/segments/segment_13/frontier.csv,outputs/08_recoverable_16000_single_formula/iteration_1/segments/segment_13/frontier.csv,executed_research_artifact,18463,5ab6e706ee056d38a21ff8e7286f7d7ea3bf644964378429e538e7b69acd13c4,5ab6e706ee056d38a21ff8e7286f7d7ea3bf644964378429e538e7b69acd13c4,False,
Nuclear_Graphite_Stress_Surrogate/outputs/08_recoverable_16000_single_formula/iteration_1/segments/segment_13/watchdog_status.json,outputs/08_recoverable_16000_single_formula/iteration_1/segments/segment_13/watchdog_status.json,executed_research_artifact,223,0d154490f3123a878ff28e8ac37da1bc2c2a158c3f306c3aad5714e1eb6ff8c5,0d154490f3123a878ff28e8ac37da1bc2c2a158c3f306c3aad5714e1eb6ff8c5,False,
Nuclear_Graphite_Stress_Surrogate/outputs/08_recoverable_16000_single_formula/iteration_1/segments/segment_14/attempt_1/frontier.csv,outputs/08_recoverable_16000_single_formula/iteration_1/segments/segment_14/attempt_1/frontier.csv,executed_research_artifact,19434,30d6520aa28eb642401e587195b4cf79887d14b0a65181d6a4b196563917ccd9,30d6520aa28eb642401e587195b4cf79887d14b0a65181d6a4b196563917ccd9,False,
Nuclear_Graphite_Stress_Surrogate/outputs/08_recoverable_16000_single_formula/iteration_1/segments/segment_14/attempt_1/worker_status.json,outputs/08_recoverable_16000_single_formula/iteration_1/segments/segment_14/attempt_1/worker_status.json,executed_research_artifact,412,10a53dd1aba4d2844e0bec5dc920d26f0febd0d0b91aca394ebae8b2b8b66062,10a53dd1aba4d2844e0bec5dc920d26f0febd0d0b91aca394ebae8b2b8b66062,False,
Nuclear_Graphite_Stress_Surrogate/outputs/08_recoverable_16000_single_formula/iteration_1/segments/segment_14/attempt_1/worker_stderr.log,outputs/08_recoverable_16000_single_formula/iteration_1/segments/segment_14/attempt_1/worker_stderr.log,executed_research_artifact,825268,3f420b276e622d8918ec15bfb573d3342f29f078cfac30c500a8f78c6a1eafa1,3f420b276e622d8918ec15bfb573d3342f29f078cfac30c500a8f78c6a1eafa1,False,
Nuclear_Graphite_Stress_Surrogate/outputs/08_recoverable_16000_single_formula/iteration_1/segments/segment_14/attempt_1/worker_stdout.log,outputs/08_recoverable_16000_single_formula/iteration_1/segments/segment_14/attempt_1/worker_stdout.log,executed_research_artifact,4805,2f9778eb385c6ccaf3cb06fc25baf884141d1f5065bdd95ad325daecbfbf6baf,2f9778eb385c6ccaf3cb06fc25baf884141d1f5065bdd95ad325daecbfbf6baf,False,
Nuclear_Graphite_Stress_Surrogate/outputs/08_recoverable_16000_single_formula/iteration_1/segments/segment_14/complete.json,outputs/08_recoverable_16000_single_formula/iteration_1/segments/segment_14/complete.json,executed_research_artifact,445,2c95f96f0d5fabcea6d49df9330708e43c45eba51d627af4dd52e2dbd4af4b0c,2c95f96f0d5fabcea6d49df9330708e43c45eba51d627af4dd52e2dbd4af4b0c,False,
Nuclear_Graphite_Stress_Surrogate/outputs/08_recoverable_16000_single_formula/iteration_1/segments/segment_14/frontier.csv,outputs/08_recoverable_16000_single_formula/iteration_1/segments/segment_14/frontier.csv,executed_research_artifact,19538,32d6a5e73430a57a54a6d4a4ff8b1805a03b49a4d873790486859885e19f3047,32d6a5e73430a57a54a6d4a4ff8b1805a03b49a4d873790486859885e19f3047,False,
Nuclear_Graphite_Stress_Surrogate/outputs/08_recoverable_16000_single_formula/iteration_1/segments/segment_14/watchdog_status.json,outputs/08_recoverable_16000_single_formula/iteration_1/segments/segment_14/watchdog_status.json,executed_research_artifact,223,a28c3b4b7eb25b87ab0a26d763a192a87843303b8ef211dfd7a28f728e5423cc,a28c3b4b7eb25b87ab0a26d763a192a87843303b8ef211dfd7a28f728e5423cc,False,
Nuclear_Graphite_Stress_Surrogate/outputs/08_recoverable_16000_single_formula/iteration_1/segments/segment_15/attempt_1/frontier.csv,outputs/08_recoverable_16000_single_formula/iteration_1/segments/segment_15/attempt_1/frontier.csv,executed_research_artifact,18838,823e5e1418b89a41fe89762a3714ebbbfd26999fe322278f209634fbc0427bd6,823e5e1418b89a41fe89762a3714ebbbfd26999fe322278f209634fbc0427bd6,False,
Nuclear_Graphite_Stress_Surrogate/outputs/08_recoverable_16000_single_formula/iteration_1/segments/segment_15/attempt_1/worker_status.json,outputs/08_recoverable_16000_single_formula/iteration_1/segments/segment_15/attempt_1/worker_status.json,executed_research_artifact,412,2cdf3409cda56606451ca4ae18f81edf34d4414c5868141db77666cf2a68f5e1,2cdf3409cda56606451ca4ae18f81edf34d4414c5868141db77666cf2a68f5e1,False,
Nuclear_Graphite_Stress_Surrogate/outputs/08_recoverable_16000_single_formula/iteration_1/segments/segment_15/attempt_1/worker_stderr.log,outputs/08_recoverable_16000_single_formula/iteration_1/segments/segment_15/attempt_1/worker_stderr.log,executed_research_artifact,1064505,2c9e7dabd6c848c2ea1a663c57e11f3dcf903c799d07d573870d69d97c42cb64,2c9e7dabd6c848c2ea1a663c57e11f3dcf903c799d07d573870d69d97c42cb64,False,
Nuclear_Graphite_Stress_Surrogate/outputs/08_recoverable_16000_single_formula/iteration_1/segments/segment_15/attempt_1/worker_stdout.log,outputs/08_recoverable_16000_single_formula/iteration_1/segments/segment_15/attempt_1/worker_stdout.log,executed_research_artifact,4810,930476a0d479f570c707c849ac56e0798483515eef15cb5bd1a9d9a4d6df7fee,930476a0d479f570c707c849ac56e0798483515eef15cb5bd1a9d9a4d6df7fee,False,
Nuclear_Graphite_Stress_Surrogate/outputs/08_recoverable_16000_single_formula/iteration_1/segments/segment_15/complete.json,outputs/08_recoverable_16000_single_formula/iteration_1/segments/segment_15/complete.json,executed_research_artifact,445,58d02ff874099dfadb514de8f653be100ceb51690ee113b5425dd8481247fa39,58d02ff874099dfadb514de8f653be100ceb51690ee113b5425dd8481247fa39,False,
Nuclear_Graphite_Stress_Surrogate/outputs/08_recoverable_16000_single_formula/iteration_1/segments/segment_15/frontier.csv,outputs/08_recoverable_16000_single_formula/iteration_1/segments/segment_15/frontier.csv,executed_research_artifact,18949,c6af0d200abe1c80763dbda3acd7f4f4d0ab6f0a0a38de50cbf490fb59a7d890,c6af0d200abe1c80763dbda3acd7f4f4d0ab6f0a0a38de50cbf490fb59a7d890,False,
Nuclear_Graphite_Stress_Surrogate/outputs/08_recoverable_16000_single_formula/iteration_1/segments/segment_15/watchdog_status.json,outputs/08_recoverable_16000_single_formula/iteration_1/segments/segment_15/watchdog_status.json,executed_research_artifact,223,f7d94e94fa2e7ba51bbbe20c69f4a3b5bf1e056249c90fc1d20bab52d95d0463,f7d94e94fa2e7ba51bbbe20c69f4a3b5bf1e056249c90fc1d20bab52d95d0463,False,
Nuclear_Graphite_Stress_Surrogate/outputs/08_recoverable_16000_single_formula/iteration_1/segments/segment_16/attempt_1/frontier.csv,outputs/08_recoverable_16000_single_formula/iteration_1/segments/segment_16/attempt_1/frontier.csv,executed_research_artifact,18858,9a7535257699275631cd20c0e7796a0d9f4719a7ea6a6aec0291363b6b02b2e7,9a7535257699275631cd20c0e7796a0d9f4719a7ea6a6aec0291363b6b02b2e7,False,
Nuclear_Graphite_Stress_Surrogate/outputs/08_recoverable_16000_single_formula/iteration_1/segments/segment_16/attempt_1/worker_status.json,outputs/08_recoverable_16000_single_formula/iteration_1/segments/segment_16/attempt_1/worker_status.json,executed_research_artifact,412,d9a7e48b52bd25d9a3d972cd5e8f5d6101840737beedc7f2bcc69a4d1ee9a6ff,d9a7e48b52bd25d9a3d972cd5e8f5d6101840737beedc7f2bcc69a4d1ee9a6ff,False,
Nuclear_Graphite_Stress_Surrogate/outputs/08_recoverable_16000_single_formula/iteration_1/segments/segment_16/attempt_1/worker_stderr.log,outputs/08_recoverable_16000_single_formula/iteration_1/segments/segment_16/attempt_1/worker_stderr.log,executed_research_artifact,986112,3a415b9eebc239863af227b0091ce16aa6ff5d60d316b4affb95f985d10a8075,3a415b9eebc239863af227b0091ce16aa6ff5d60d316b4affb95f985d10a8075,False,
Nuclear_Graphite_Stress_Surrogate/outputs/08_recoverable_16000_single_formula/iteration_1/segments/segment_16/attempt_1/worker_stdout.log,outputs/08_recoverable_16000_single_formula/iteration_1/segments/segment_16/attempt_1/worker_stdout.log,executed_research_artifact,4810,8eca19c8df6817f7ccccadef74e748e6d45bf35c3aff66e7256da7b0203ad024,8eca19c8df6817f7ccccadef74e748e6d45bf35c3aff66e7256da7b0203ad024,False,
Nuclear_Graphite_Stress_Surrogate/outputs/08_recoverable_16000_single_formula/iteration_1/segments/segment_16/complete.json,outputs/08_recoverable_16000_single_formula/iteration_1/segments/segment_16/complete.json,executed_research_artifact,444,6db7bb2cf3c316431656fc578e4dbf6ae93875b1a8f1188bfcd30fc085c18cce,6db7bb2cf3c316431656fc578e4dbf6ae93875b1a8f1188bfcd30fc085c18cce,False,
Nuclear_Graphite_Stress_Surrogate/outputs/08_recoverable_16000_single_formula/iteration_1/segments/segment_16/frontier.csv,outputs/08_recoverable_16000_single_formula/iteration_1/segments/segment_16/frontier.csv,executed_research_artifact,18964,47298b8faca436101f7543ada74e4e83a8b6857037f62e3f9acb2f874be05d96,47298b8faca436101f7543ada74e4e83a8b6857037f62e3f9acb2f874be05d96,False,
Nuclear_Graphite_Stress_Surrogate/outputs/08_recoverable_16000_single_formula/iteration_1/segments/segment_16/watchdog_status.json,outputs/08_recoverable_16000_single_formula/iteration_1/segments/segment_16/watchdog_status.json,executed_research_artifact,222,11f85a0ce31a64af23c000ee3ed00e581717680a88715688afa0ef2f315ec0c1,11f85a0ce31a64af23c000ee3ed00e581717680a88715688afa0ef2f315ec0c1,False,
Nuclear_Graphite_Stress_Surrogate/outputs/08_recoverable_16000_single_formula/iteration_1/segments/segment_17/attempt_1/frontier.csv,outputs/08_recoverable_16000_single_formula/iteration_1/segments/segment_17/attempt_1/frontier.csv,executed_research_artifact,18947,17bf794e71dc27fb007aa5744628feb0dca80dec4353697f56f9687a37bf54f4,17bf794e71dc27fb007aa5744628feb0dca80dec4353697f56f9687a37bf54f4,False,
Nuclear_Graphite_Stress_Surrogate/outputs/08_recoverable_16000_single_formula/iteration_1/segments/segment_17/attempt_1/worker_status.json,outputs/08_recoverable_16000_single_formula/iteration_1/segments/segment_17/attempt_1/worker_status.json,executed_research_artifact,412,4d97c0380be7b3f6b54bd4efb0da7d27f648e1ab52542dc46313ef92dd06b7c8,4d97c0380be7b3f6b54bd4efb0da7d27f648e1ab52542dc46313ef92dd06b7c8,False,
Nuclear_Graphite_Stress_Surrogate/outputs/08_recoverable_16000_single_formula/iteration_1/segments/segment_17/attempt_1/worker_stderr.log,outputs/08_recoverable_16000_single_formula/iteration_1/segments/segment_17/attempt_1/worker_stderr.log,executed_research_artifact,876425,131f2d20a31c44047385261f2a2ce415b61af8b503b39afbd10b3a1430f1c01b,131f2d20a31c44047385261f2a2ce415b61af8b503b39afbd10b3a1430f1c01b,False,
Nuclear_Graphite_Stress_Surrogate/outputs/08_recoverable_16000_single_formula/iteration_1/segments/segment_17/attempt_1/worker_stdout.log,outputs/08_recoverable_16000_single_formula/iteration_1/segments/segment_17/attempt_1/worker_stdout.log,executed_research_artifact,4835,92ca205e6bd80646de6bebb4278fd7fda68d7d7e578dd50bd4583d4873a0f45d,92ca205e6bd80646de6bebb4278fd7fda68d7d7e578dd50bd4583d4873a0f45d,False,
Nuclear_Graphite_Stress_Surrogate/outputs/08_recoverable_16000_single_formula/iteration_1/segments/segment_17/complete.json,outputs/08_recoverable_16000_single_formula/iteration_1/segments/segment_17/complete.json,executed_research_artifact,444,17b2f5a463022fcd45f799f524d9934d2800ebb7cc9d576cf3bfb1b627d69b19,17b2f5a463022fcd45f799f524d9934d2800ebb7cc9d576cf3bfb1b627d69b19,False,
Nuclear_Graphite_Stress_Surrogate/outputs/08_recoverable_16000_single_formula/iteration_1/segments/segment_17/frontier.csv,outputs/08_recoverable_16000_single_formula/iteration_1/segments/segment_17/frontier.csv,executed_research_artifact,19055,02bfbb06650f0d062dc2a4adc96ec6f16068ebfa02cd4e1a92f4edb3409aad3a,02bfbb06650f0d062dc2a4adc96ec6f16068ebfa02cd4e1a92f4edb3409aad3a,False,
Nuclear_Graphite_Stress_Surrogate/outputs/08_recoverable_16000_single_formula/iteration_1/segments/segment_17/watchdog_status.json,outputs/08_recoverable_16000_single_formula/iteration_1/segments/segment_17/watchdog_status.json,executed_research_artifact,222,ce53d168cb8a7a3404c95d12fbfa446dc8ba7a18da6564cdb299ad2b667316b8,ce53d168cb8a7a3404c95d12fbfa446dc8ba7a18da6564cdb299ad2b667316b8,False,
Nuclear_Graphite_Stress_Surrogate/outputs/08_recoverable_16000_single_formula/iteration_1/segments/segment_18/attempt_1/frontier.csv,outputs/08_recoverable_16000_single_formula/iteration_1/segments/segment_18/attempt_1/frontier.csv,executed_research_artifact,17878,53d9a6d02dd99a468f3f946ee00ec3f3ea37dde17a5ff08f58790faa628d642b,53d9a6d02dd99a468f3f946ee00ec3f3ea37dde17a5ff08f58790faa628d642b,False,
Nuclear_Graphite_Stress_Surrogate/outputs/08_recoverable_16000_single_formula/iteration_1/segments/segment_18/attempt_1/worker_status.json,outputs/08_recoverable_16000_single_formula/iteration_1/segments/segment_18/attempt_1/worker_status.json,executed_research_artifact,412,fe81df3ae56e6e16ece8f6a6415d7fc81926b8314bbb4143dd4eb7fea1833924,fe81df3ae56e6e16ece8f6a6415d7fc81926b8314bbb4143dd4eb7fea1833924,False,
Nuclear_Graphite_Stress_Surrogate/outputs/08_recoverable_16000_single_formula/iteration_1/segments/segment_18/attempt_1/worker_stderr.log,outputs/08_recoverable_16000_single_formula/iteration_1/segments/segment_18/attempt_1/worker_stderr.log,executed_research_artifact,931984,de4a8463747bf0fd83759a6c94351a8351012c04a15bb527d8253e6f16b89fed,de4a8463747bf0fd83759a6c94351a8351012c04a15bb527d8253e6f16b89fed,False,
Nuclear_Graphite_Stress_Surrogate/outputs/08_recoverable_16000_single_formula/iteration_1/segments/segment_18/attempt_1/worker_stdout.log,outputs/08_recoverable_16000_single_formula/iteration_1/segments/segment_18/attempt_1/worker_stdout.log,executed_research_artifact,4630,0e9793dc4b0f17d075d701e231b115fa39689165408b3c822921d78d181e74e8,0e9793dc4b0f17d075d701e231b115fa39689165408b3c822921d78d181e74e8,False,
Nuclear_Graphite_Stress_Surrogate/outputs/08_recoverable_16000_single_formula/iteration_1/segments/segment_18/complete.json,outputs/08_recoverable_16000_single_formula/iteration_1/segments/segment_18/complete.json,executed_research_artifact,445,e98cfe93299747ee4042e4212f4b9fdf487678b9f858380ad99bb36c704d0fe9,e98cfe93299747ee4042e4212f4b9fdf487678b9f858380ad99bb36c704d0fe9,False,
Nuclear_Graphite_Stress_Surrogate/outputs/08_recoverable_16000_single_formula/iteration_1/segments/segment_18/frontier.csv,outputs/08_recoverable_16000_single_formula/iteration_1/segments/segment_18/frontier.csv,executed_research_artifact,17981,4619450d1d17974938863662d5cd6724dd3f20c8d28166951206b15b78a65e2a,4619450d1d17974938863662d5cd6724dd3f20c8d28166951206b15b78a65e2a,False,
Nuclear_Graphite_Stress_Surrogate/outputs/08_recoverable_16000_single_formula/iteration_1/segments/segment_18/watchdog_status.json,outputs/08_recoverable_16000_single_formula/iteration_1/segments/segment_18/watchdog_status.json,executed_research_artifact,223,94a20fe52df7191963f246162ce932ef1f0936e83f4789654364f070f82d356f,94a20fe52df7191963f246162ce932ef1f0936e83f4789654364f070f82d356f,False,
Nuclear_Graphite_Stress_Surrogate/outputs/08_recoverable_16000_single_formula/iteration_1/segments/segment_19/attempt_1/frontier.csv,outputs/08_recoverable_16000_single_formula/iteration_1/segments/segment_19/attempt_1/frontier.csv,executed_research_artifact,17960,96b4bb2639d6139d9259418dbdeff4ce7ee92af114845e3616d2119ac8fadc7d,96b4bb2639d6139d9259418dbdeff4ce7ee92af114845e3616d2119ac8fadc7d,False,
Nuclear_Graphite_Stress_Surrogate/outputs/08_recoverable_16000_single_formula/iteration_1/segments/segment_19/attempt_1/worker_status.json,outputs/08_recoverable_16000_single_formula/iteration_1/segments/segment_19/attempt_1/worker_status.json,executed_research_artifact,412,0c5a33bf259ce97ef4916d93282b82085395a34e9df5b7c3e89b7835d7d7ff52,0c5a33bf259ce97ef4916d93282b82085395a34e9df5b7c3e89b7835d7d7ff52,False,
Nuclear_Graphite_Stress_Surrogate/outputs/08_recoverable_16000_single_formula/iteration_1/segments/segment_19/attempt_1/worker_stderr.log,outputs/08_recoverable_16000_single_formula/iteration_1/segments/segment_19/attempt_1/worker_stderr.log,executed_research_artifact,821432,e7ca8f33a21c531ab9808f72a5b5be9b595d41230bf495bddb9ca2d4b291695b,e7ca8f33a21c531ab9808f72a5b5be9b595d41230bf495bddb9ca2d4b291695b,False,
Nuclear_Graphite_Stress_Surrogate/outputs/08_recoverable_16000_single_formula/iteration_1/segments/segment_19/attempt_1/worker_stdout.log,outputs/08_recoverable_16000_single_formula/iteration_1/segments/segment_19/attempt_1/worker_stdout.log,executed_research_artifact,4640,d9498224a2c915c097b7e163ae898fa537c361f57f66e9c1e3e83d5fff97691f,d9498224a2c915c097b7e163ae898fa537c361f57f66e9c1e3e83d5fff97691f,False,
Nuclear_Graphite_Stress_Surrogate/outputs/08_recoverable_16000_single_formula/iteration_1/segments/segment_19/complete.json,outputs/08_recoverable_16000_single_formula/iteration_1/segments/segment_19/complete.json,executed_research_artifact,445,1cf6bff8abd8076095d3afe006ddf9ae841003ca80dc208336b3b785790c6e11,1cf6bff8abd8076095d3afe006ddf9ae841003ca80dc208336b3b785790c6e11,False,
Nuclear_Graphite_Stress_Surrogate/outputs/08_recoverable_16000_single_formula/iteration_1/segments/segment_19/frontier.csv,outputs/08_recoverable_16000_single_formula/iteration_1/segments/segment_19/frontier.csv,executed_research_artifact,18061,2fa65ccef0466c884f77cca5bc644f762fae74287d0dda99f0d8e14c275343d4,2fa65ccef0466c884f77cca5bc644f762fae74287d0dda99f0d8e14c275343d4,False,
Nuclear_Graphite_Stress_Surrogate/outputs/08_recoverable_16000_single_formula/iteration_1/segments/segment_19/watchdog_status.json,outputs/08_recoverable_16000_single_formula/iteration_1/segments/segment_19/watchdog_status.json,executed_research_artifact,223,223c278f93aebac3c2a1c42e4c3661c7c1734c424d1389f01de3b255c7cb518a,223c278f93aebac3c2a1c42e4c3661c7c1734c424d1389f01de3b255c7cb518a,False,
Nuclear_Graphite_Stress_Surrogate/outputs/08_recoverable_16000_single_formula/iteration_1/segments/segment_20/attempt_1/frontier.csv,outputs/08_recoverable_16000_single_formula/iteration_1/segments/segment_20/attempt_1/frontier.csv,executed_research_artifact,18086,5e3520d718bb8ebf2cdcf00a6048fd09ab42936ebfacf75a2ad9a9589e76956b,5e3520d718bb8ebf2cdcf00a6048fd09ab42936ebfacf75a2ad9a9589e76956b,False,
Nuclear_Graphite_Stress_Surrogate/outputs/08_recoverable_16000_single_formula/iteration_1/segments/segment_20/attempt_1/worker_status.json,outputs/08_recoverable_16000_single_formula/iteration_1/segments/segment_20/attempt_1/worker_status.json,executed_research_artifact,412,b34c0816bd19cb50ea35d3977ff6b8f06e4e3ad98d556d2d3df8330e74b85f6f,b34c0816bd19cb50ea35d3977ff6b8f06e4e3ad98d556d2d3df8330e74b85f6f,False,
Nuclear_Graphite_Stress_Surrogate/outputs/08_recoverable_16000_single_formula/iteration_1/segments/segment_20/attempt_1/worker_stderr.log,outputs/08_recoverable_16000_single_formula/iteration_1/segments/segment_20/attempt_1/worker_stderr.log,executed_research_artifact,833447,cf8649a8b72da71559cc04efba832cb8bdef07b8212839295c3251efaa17f37d,cf8649a8b72da71559cc04efba832cb8bdef07b8212839295c3251efaa17f37d,False,
Nuclear_Graphite_Stress_Surrogate/outputs/08_recoverable_16000_single_formula/iteration_1/segments/segment_20/attempt_1/worker_stdout.log,outputs/08_recoverable_16000_single_formula/iteration_1/segments/segment_20/attempt_1/worker_stdout.log,executed_research_artifact,4599,891c1d80f1ecaa245ba0d81538cd66202d01d2396e8b66313518b3c6f203ca1c,891c1d80f1ecaa245ba0d81538cd66202d01d2396e8b66313518b3c6f203ca1c,False,
Nuclear_Graphite_Stress_Surrogate/outputs/08_recoverable_16000_single_formula/iteration_1/segments/segment_20/complete.json,outputs/08_recoverable_16000_single_formula/iteration_1/segments/segment_20/complete.json,executed_research_artifact,445,85a6aa0cea6b7d89a53bf726c51e4678027ba42576694d9a052922ee4ee8af62,85a6aa0cea6b7d89a53bf726c51e4678027ba42576694d9a052922ee4ee8af62,False,
Nuclear_Graphite_Stress_Surrogate/outputs/08_recoverable_16000_single_formula/iteration_1/segments/segment_20/frontier.csv,outputs/08_recoverable_16000_single_formula/iteration_1/segments/segment_20/frontier.csv,executed_research_artifact,18190,3e7de6a2d420197b2fb155daf3da3375bd7bd710b4a95f744b4eafc295682ad7,3e7de6a2d420197b2fb155daf3da3375bd7bd710b4a95f744b4eafc295682ad7,False,
Nuclear_Graphite_Stress_Surrogate/outputs/08_recoverable_16000_single_formula/iteration_1/segments/segment_20/watchdog_status.json,outputs/08_recoverable_16000_single_formula/iteration_1/segments/segment_20/watchdog_status.json,executed_research_artifact,222,27aa7f7df56a83e4950a67f7c1d54c50c004f0e70c9da6d3f1accfd7bc11364c,27aa7f7df56a83e4950a67f7c1d54c50c004f0e70c9da6d3f1accfd7bc11364c,False,
Nuclear_Graphite_Stress_Surrogate/outputs/08_recoverable_16000_single_formula/iteration_1/selected_case_log_scale_formula.csv,outputs/08_recoverable_16000_single_formula/iteration_1/selected_case_log_scale_formula.csv,executed_research_artifact,1733,c031e909dfd7db9c4dc090a39e46e4bb90c5edfc044e4651cb797ebbf48cbe3f,c031e909dfd7db9c4dc090a39e46e4bb90c5edfc044e4651cb797ebbf48cbe3f,False,
Nuclear_Graphite_Stress_Surrogate/outputs/08_recoverable_16000_single_formula/iteration_1/selected_case_mean_formula.csv,outputs/08_recoverable_16000_single_formula/iteration_1/selected_case_mean_formula.csv,executed_research_artifact,1635,067bbb98688fec66f8f0780073d3e3fe21e4d4ed9e0e11e2ff7ea290b47a26f1,067bbb98688fec66f8f0780073d3e3fe21e4d4ed9e0e11e2ff7ea290b47a26f1,False,
Nuclear_Graphite_Stress_Surrogate/outputs/08_recoverable_16000_single_formula/iteration_1/selected_composite_formula.csv,outputs/08_recoverable_16000_single_formula/iteration_1/selected_composite_formula.csv,executed_research_artifact,2341,5af4254ecb02385146e79e4d445a4872f9068b95b482e778ba3b1ed8720959aa,5af4254ecb02385146e79e4d445a4872f9068b95b482e778ba3b1ed8720959aa,False,
Nuclear_Graphite_Stress_Surrogate/outputs/08_recoverable_16000_single_formula/iteration_1/selected_composite_formula.txt,outputs/08_recoverable_16000_single_formula/iteration_1/selected_composite_formula.txt,executed_research_artifact,1683,98572e36344e0562312df14458539127946a9c5d7c209551865809b09fe0e917,98572e36344e0562312df14458539127946a9c5d7c209551865809b09fe0e917,False,
Nuclear_Graphite_Stress_Surrogate/outputs/08_recoverable_16000_single_formula/iteration_1/selected_formula_case_metrics.csv.gz,outputs/08_recoverable_16000_single_formula/iteration_1/selected_formula_case_metrics.csv.gz,executed_research_artifact,8802,35d825fa741afd5de7e4573516ae6ba88351b3aaa034c96dfd7d5e11094117e5,35d825fa741afd5de7e4573516ae6ba88351b3aaa034c96dfd7d5e11094117e5,False,
Nuclear_Graphite_Stress_Surrogate/outputs/08_recoverable_16000_single_formula/iteration_1/selected_formula_internal_test_case_metrics.csv.gz,outputs/08_recoverable_16000_single_formula/iteration_1/selected_formula_internal_test_case_metrics.csv.gz,executed_research_artifact,4638,be9bf5288f7e91684b41a5378ce2f1d05b6c0a1db80fdeb59a23b1f89490b5c3,be9bf5288f7e91684b41a5378ce2f1d05b6c0a1db80fdeb59a23b1f89490b5c3,False,
Nuclear_Graphite_Stress_Surrogate/outputs/08_recoverable_16000_single_formula/iteration_1/selected_formula_split_metrics.csv,outputs/08_recoverable_16000_single_formula/iteration_1/selected_formula_split_metrics.csv,executed_research_artifact,1155,100bbdaff1692270d7b2898c541cfb9eeae60a2f8c5db0fc94248fe9d901f67c,100bbdaff1692270d7b2898c541cfb9eeae60a2f8c5db0fc94248fe9d901f67c,False,
Nuclear_Graphite_Stress_Surrogate/outputs/08_recoverable_16000_single_formula/iteration_1/selected_formula_tail_adaptation.csv,outputs/08_recoverable_16000_single_formula/iteration_1/selected_formula_tail_adaptation.csv,executed_research_artifact,373,5e45be38dfa11977ea4e951d7fcafe76da878789a45ce29d021d8fb0d479c992,5e45be38dfa11977ea4e951d7fcafe76da878789a45ce29d021d8fb0d479c992,False,
Nuclear_Graphite_Stress_Surrogate/outputs/08_recoverable_16000_single_formula/iteration_1/selected_formula_validation_case_metrics.csv.gz,outputs/08_recoverable_16000_single_formula/iteration_1/selected_formula_validation_case_metrics.csv.gz,executed_research_artifact,4613,41346ad24660d45f2973712de0e73c7f7e4232a14832b762ca31fca1d36cffac,41346ad24660d45f2973712de0e73c7f7e4232a14832b762ca31fca1d36cffac,False,
Nuclear_Graphite_Stress_Surrogate/outputs/08_recoverable_16000_single_formula/iteration_1/selected_formula_validation_tail_adaptation.png,outputs/08_recoverable_16000_single_formula/iteration_1/selected_formula_validation_tail_adaptation.png,executed_research_artifact,88677,b174588da6b6da676876aa08ced09a00344b14f61b4ab882dc886b03d5fa6631,b174588da6b6da676876aa08ced09a00344b14f61b4ab882dc886b03d5fa6631,False,
Nuclear_Graphite_Stress_Surrogate/outputs/08_recoverable_16000_single_formula/iteration_1/selected_shape_formula.csv,outputs/08_recoverable_16000_single_formula/iteration_1/selected_shape_formula.csv,executed_research_artifact,3183,42ba93fd8b62f6d564d1d04868752da0994748a5d49367e758df0d88f567ede9,42ba93fd8b62f6d564d1d04868752da0994748a5d49367e758df0d88f567ede9,False,
Nuclear_Graphite_Stress_Surrogate/outputs/08_recoverable_16000_single_formula/iteration_1/shape_candidate_validation_metrics.csv,outputs/08_recoverable_16000_single_formula/iteration_1/shape_candidate_validation_metrics.csv,executed_research_artifact,23733,fa9decfedb9c2efd6e86d0915feadc29bb1c5cb5cd2805d1fcab8d4d9347ce18,fa9decfedb9c2efd6e86d0915feadc29bb1c5cb5cd2805d1fcab8d4d9347ce18,False,
Nuclear_Graphite_Stress_Surrogate/outputs/08_recoverable_16000_single_formula/iteration_1/shape_frontier_combined.csv,outputs/08_recoverable_16000_single_formula/iteration_1/shape_frontier_combined.csv,executed_research_artifact,34003,9e477d001974c722cd36ec0e4204e3b9ab4522390bf2cfe36f3143d37ed7d3ce,9e477d001974c722cd36ec0e4204e3b9ab4522390bf2cfe36f3143d37ed7d3ce,False,
Nuclear_Graphite_Stress_Surrogate/outputs/08_recoverable_16000_single_formula/iteration_1/shape_full_validation_shortlist.csv,outputs/08_recoverable_16000_single_formula/iteration_1/shape_full_validation_shortlist.csv,executed_research_artifact,12370,b285e6e245334c2921de2c7894671d708ab86b229d51a019faa6956bc5e485bd,b285e6e245334c2921de2c7894671d708ab86b229d51a019faa6956bc5e485bd,False,
Nuclear_Graphite_Stress_Surrogate/outputs/08_recoverable_16000_single_formula/iteration_1/sleep_inhibitor.json,outputs/08_recoverable_16000_single_formula/iteration_1/sleep_inhibitor.json,executed_research_artifact,69,2b0b3f903d1f8c3d47e867dee7d642856a9b34cc87119228f8fe39b98ddf81b9,2b0b3f903d1f8c3d47e867dee7d642856a9b34cc87119228f8fe39b98ddf81b9,False,
Nuclear_Graphite_Stress_Surrogate/outputs/08_recoverable_16000_single_formula/iteration_1/symbolic_vs_hierarchical_feasibility.png,outputs/08_recoverable_16000_single_formula/iteration_1/symbolic_vs_hierarchical_feasibility.png,executed_research_artifact,59124,62d1287ffbac8f122d5168b9dc96babf5dca0eb5135bc7f22f3926162920b422,62d1287ffbac8f122d5168b9dc96babf5dca0eb5135bc7f22f3926162920b422,False,
Nuclear_Graphite_Stress_Surrogate/outputs/08_recoverable_16000_single_formula/iteration_1/training_cache/cache_metadata.json,outputs/08_recoverable_16000_single_formula/iteration_1/training_cache/cache_metadata.json,executed_research_artifact,2910,3cb644bdead5b6cd4c0cb72446cdb5fba29f0a514c927e62a01abe6f54fa02fd,3cb644bdead5b6cd4c0cb72446cdb5fba29f0a514c927e62a01abe6f54fa02fd,False,
Nuclear_Graphite_Stress_Surrogate/outputs/08_recoverable_16000_single_formula/iteration_1/training_cache/discovery_weights.npy,outputs/08_recoverable_16000_single_formula/iteration_1/training_cache/discovery_weights.npy,executed_research_artifact,2380128,69277d9fc79afe164e35295058ba270c0e83752c2606b1657b3abb74085d5c92,69277d9fc79afe164e35295058ba270c0e83752c2606b1657b3abb74085d5c92,False,
Nuclear_Graphite_Stress_Surrogate/outputs/08_recoverable_16000_single_formula/iteration_1/training_cache/shape_features.npy,outputs/08_recoverable_16000_single_formula/iteration_1/training_cache/shape_features.npy,executed_research_artifact,64260128,b6f1feb78afdd48f6761a33f0205affdaf62abc022ad64dbdc69b6d69e2ba27d,b6f1feb78afdd48f6761a33f0205affdaf62abc022ad64dbdc69b6d69e2ba27d,False,
Nuclear_Graphite_Stress_Surrogate/outputs/08_recoverable_16000_single_formula/iteration_1/training_cache/shape_scaling.csv,outputs/08_recoverable_16000_single_formula/iteration_1/training_cache/shape_scaling.csv,executed_research_artifact,1693,3e2f99f7dce3debd40ec9f8343ea6dde8245eaad2fbf1eb546e9676391fddee8,3e2f99f7dce3debd40ec9f8343ea6dde8245eaad2fbf1eb546e9676391fddee8,False,
Nuclear_Graphite_Stress_Surrogate/outputs/08_recoverable_16000_single_formula/iteration_1/training_cache/shape_target.npy,outputs/08_recoverable_16000_single_formula/iteration_1/training_cache/shape_target.npy,executed_research_artifact,2380128,82ccb7dc04c13e5b035836a331206704f279df0386125439e76d7b810a3f53f0,82ccb7dc04c13e5b035836a331206704f279df0386125439e76d7b810a3f53f0,False,
Nuclear_Graphite_Stress_Surrogate/outputs/08_recoverable_16000_single_formula/iteration_1/training_cache/training_sample_audit.csv,outputs/08_recoverable_16000_single_formula/iteration_1/training_cache/training_sample_audit.csv,executed_research_artifact,18126,71ec1fe8fefaba6dd993e553922a6bcb845542a8e300414511525e10c1ae1611,71ec1fe8fefaba6dd993e553922a6bcb845542a8e300414511525e10c1ae1611,False,
Nuclear_Graphite_Stress_Surrogate/outputs/08_recoverable_16000_single_formula/iteration_1/training_cache/training_sample_manifest.csv.gz,outputs/08_recoverable_16000_single_formula/iteration_1/training_cache/training_sample_manifest.csv.gz,executed_research_artifact,2022396,729ca2a91d527c3c745ec51116f1ca9d6bfc322123d68de53e173d77885f578b,729ca2a91d527c3c745ec51116f1ca9d6bfc322123d68de53e173d77885f578b,False,
Nuclear_Graphite_Stress_Surrogate/outputs/09_residual_shape_symbolic_pilot/iteration_1/feature_registry.csv,outputs/09_residual_shape_symbolic_pilot/iteration_1/feature_registry.csv,executed_research_artifact,1366,e582bec905991154e5534dd2ce53373bf718a02506e7f4c010364664480aa1ce,e582bec905991154e5534dd2ce53373bf718a02506e7f4c010364664480aa1ce,False,
Nuclear_Graphite_Stress_Surrogate/outputs/09_residual_shape_symbolic_pilot/iteration_1/fixed_v8_baseline_case_metrics.csv.gz,outputs/09_residual_shape_symbolic_pilot/iteration_1/fixed_v8_baseline_case_metrics.csv.gz,executed_research_artifact,8212,e412c50b9a350c2f8b8d07ad5a5917261e4f6e9d446864ad50aa6f3d038aadb0,e412c50b9a350c2f8b8d07ad5a5917261e4f6e9d446864ad50aa6f3d038aadb0,False,
Nuclear_Graphite_Stress_Surrogate/outputs/09_residual_shape_symbolic_pilot/iteration_1/pilot_complete.json,outputs/09_residual_shape_symbolic_pilot/iteration_1/pilot_complete.json,executed_research_artifact,696,9d132992b43a57f3258131233a62740327cd30f0d3a6ab65b65f34cfa185beb6,9d132992b43a57f3258131233a62740327cd30f0d3a6ab65b65f34cfa185beb6,False,
Nuclear_Graphite_Stress_Surrogate/outputs/09_residual_shape_symbolic_pilot/iteration_1/preflight_checks.csv,outputs/09_residual_shape_symbolic_pilot/iteration_1/preflight_checks.csv,executed_research_artifact,281,b5e8e0fe1d8e3bb68b7b42d2c964f73626dfc58b6bf56dc8d7ebd4ddd8907d0b,b5e8e0fe1d8e3bb68b7b42d2c964f73626dfc58b6bf56dc8d7ebd4ddd8907d0b,False,
Nuclear_Graphite_Stress_Surrogate/outputs/09_residual_shape_symbolic_pilot/iteration_1/residual_candidate_validation_metrics.csv,outputs/09_residual_shape_symbolic_pilot/iteration_1/residual_candidate_validation_metrics.csv,executed_research_artifact,21805,9fa0b0fc9a0fe1f59b75a193cd703f3cce87596788f9a1bf291ecabba0bf06b6,9fa0b0fc9a0fe1f59b75a193cd703f3cce87596788f9a1bf291ecabba0bf06b6,False,
Nuclear_Graphite_Stress_Surrogate/outputs/09_residual_shape_symbolic_pilot/iteration_1/residual_frontier.csv,outputs/09_residual_shape_symbolic_pilot/iteration_1/residual_frontier.csv,executed_research_artifact,13600,f0278372363b0c36cc9b36142e88d67c2fd542312860454140a40d3088d527ce,f0278372363b0c36cc9b36142e88d67c2fd542312860454140a40d3088d527ce,False,
Nuclear_Graphite_Stress_Surrogate/outputs/09_residual_shape_symbolic_pilot/iteration_1/residual_full_validation_shortlist.csv,outputs/09_residual_shape_symbolic_pilot/iteration_1/residual_full_validation_shortlist.csv,executed_research_artifact,13600,19fdb368877470f543f297de23fffa54eb172311107f7531e20eecff653757f3,19fdb368877470f543f297de23fffa54eb172311107f7531e20eecff653757f3,False,
Nuclear_Graphite_Stress_Surrogate/outputs/09_residual_shape_symbolic_pilot/iteration_1/residual_learnability_case_metrics.csv.gz,outputs/09_residual_shape_symbolic_pilot/iteration_1/residual_learnability_case_metrics.csv.gz,executed_research_artifact,13609,585db084d00c6f262301590a9d0d3ea1466ed9fbc1c1428f42317bccd48380fd,585db084d00c6f262301590a9d0d3ea1466ed9fbc1c1428f42317bccd48380fd,False,
Nuclear_Graphite_Stress_Surrogate/outputs/09_residual_shape_symbolic_pilot/iteration_1/residual_learnability_model_audit.csv,outputs/09_residual_shape_symbolic_pilot/iteration_1/residual_learnability_model_audit.csv,executed_research_artifact,1309,81c644ccc84a54a4f9815026a9fbab5936eed9f5254b115d886e4036564253b4,81c644ccc84a54a4f9815026a9fbab5936eed9f5254b115d886e4036564253b4,False,
Nuclear_Graphite_Stress_Surrogate/outputs/09_residual_shape_symbolic_pilot/iteration_1/residual_learnability_split_metrics.csv,outputs/09_residual_shape_symbolic_pilot/iteration_1/residual_learnability_split_metrics.csv,executed_research_artifact,2010,10dc2dceb0cf068cc8b22750fe1596ea0393c1220dd24a304828bacb6fa97bb5,10dc2dceb0cf068cc8b22750fe1596ea0393c1220dd24a304828bacb6fa97bb5,False,
Nuclear_Graphite_Stress_Surrogate/outputs/09_residual_shape_symbolic_pilot/iteration_1/run_configuration.json,outputs/09_residual_shape_symbolic_pilot/iteration_1/run_configuration.json,executed_research_artifact,555,f805b4a9ce4375db34db0ef82e3df2e321081ff13cef9ae71d6cc2fda21fc19d,f805b4a9ce4375db34db0ef82e3df2e321081ff13cef9ae71d6cc2fda21fc19d,False,
Nuclear_Graphite_Stress_Surrogate/outputs/09_residual_shape_symbolic_pilot/iteration_1/run_status.json,outputs/09_residual_shape_symbolic_pilot/iteration_1/run_status.json,executed_research_artifact,696,9d132992b43a57f3258131233a62740327cd30f0d3a6ab65b65f34cfa185beb6,9d132992b43a57f3258131233a62740327cd30f0d3a6ab65b65f34cfa185beb6,False,
Nuclear_Graphite_Stress_Surrogate/outputs/09_residual_shape_symbolic_pilot/iteration_1/search_progress.json,outputs/09_residual_shape_symbolic_pilot/iteration_1/search_progress.json,executed_research_artifact,299,e8395d6cc2b2170b2cea2585ea2e9de2ec4694edce4dba9bf68c5abcd5bd18f6,e8395d6cc2b2170b2cea2585ea2e9de2ec4694edce4dba9bf68c5abcd5bd18f6,False,
Nuclear_Graphite_Stress_Surrogate/outputs/09_residual_shape_symbolic_pilot/iteration_1/search_signature.json,outputs/09_residual_shape_symbolic_pilot/iteration_1/search_signature.json,executed_research_artifact,3150,3b9d53be1580e9f4224efa50a96b21a39e5f47ba2fedd78f5eb0c7a21fdbbd00,3b9d53be1580e9f4224efa50a96b21a39e5f47ba2fedd78f5eb0c7a21fdbbd00,False,
Nuclear_Graphite_Stress_Surrogate/outputs/09_residual_shape_symbolic_pilot/iteration_1/search_state/pysr_runs/v9_i1_residual_shape_pilot/checkpoint.pkl,outputs/09_residual_shape_symbolic_pilot/iteration_1/search_state/pysr_runs/v9_i1_residual_shape_pilot/checkpoint.pkl,executed_research_artifact,104445,33e5c802e823a6ceb13b9c12f6b6672cd9728238a1ee96747ed332dea7ac8f05,33e5c802e823a6ceb13b9c12f6b6672cd9728238a1ee96747ed332dea7ac8f05,False,
Nuclear_Graphite_Stress_Surrogate/outputs/09_residual_shape_symbolic_pilot/iteration_1/search_state/pysr_runs/v9_i1_residual_shape_pilot/hall_of_fame.csv,outputs/09_residual_shape_symbolic_pilot/iteration_1/search_state/pysr_runs/v9_i1_residual_shape_pilot/hall_of_fame.csv,executed_research_artifact,1680,95c1d20764b4146c064243d9cb79a17ab7ca9dd81235033b7b19c9f0ae2dfab5,95c1d20764b4146c064243d9cb79a17ab7ca9dd81235033b7b19c9f0ae2dfab5,False,
Nuclear_Graphite_Stress_Surrogate/outputs/09_residual_shape_symbolic_pilot/iteration_1/search_state/pysr_runs/v9_i1_residual_shape_pilot/hall_of_fame.csv.bak,outputs/09_residual_shape_symbolic_pilot/iteration_1/search_state/pysr_runs/v9_i1_residual_shape_pilot/hall_of_fame.csv.bak,executed_research_artifact,1680,95c1d20764b4146c064243d9cb79a17ab7ca9dd81235033b7b19c9f0ae2dfab5,95c1d20764b4146c064243d9cb79a17ab7ca9dd81235033b7b19c9f0ae2dfab5,False,
Nuclear_Graphite_Stress_Surrogate/outputs/09_residual_shape_symbolic_pilot/iteration_1/search_state/stable_snapshots/segment_01/checkpoint.pkl,outputs/09_residual_shape_symbolic_pilot/iteration_1/search_state/stable_snapshots/segment_01/checkpoint.pkl,executed_research_artifact,91639,246994420a36dd0ab290ff78a70bc36bbf8a9553087f1cc3d5b8c6a4b3777f69,246994420a36dd0ab290ff78a70bc36bbf8a9553087f1cc3d5b8c6a4b3777f69,False,
Nuclear_Graphite_Stress_Surrogate/outputs/09_residual_shape_symbolic_pilot/iteration_1/search_state/stable_snapshots/segment_01/hall_of_fame.csv,outputs/09_residual_shape_symbolic_pilot/iteration_1/search_state/stable_snapshots/segment_01/hall_of_fame.csv,executed_research_artifact,1532,faece97ab85d5ef31497b18b8760b570a7d19e1715808fe84c8ebbb8b9a72d01,faece97ab85d5ef31497b18b8760b570a7d19e1715808fe84c8ebbb8b9a72d01,False,
Nuclear_Graphite_Stress_Surrogate/outputs/09_residual_shape_symbolic_pilot/iteration_1/search_state/stable_snapshots/segment_02/checkpoint.pkl,outputs/09_residual_shape_symbolic_pilot/iteration_1/search_state/stable_snapshots/segment_02/checkpoint.pkl,executed_research_artifact,106157,f6133626dbc81c28d02b5a8783feaa61d8778ab59bb70ffe30eb1f7906f89a5a,f6133626dbc81c28d02b5a8783feaa61d8778ab59bb70ffe30eb1f7906f89a5a,False,
Nuclear_Graphite_Stress_Surrogate/outputs/09_residual_shape_symbolic_pilot/iteration_1/search_state/stable_snapshots/segment_02/hall_of_fame.csv,outputs/09_residual_shape_symbolic_pilot/iteration_1/search_state/stable_snapshots/segment_02/hall_of_fame.csv,executed_research_artifact,1711,29e513aad5af3ae2cfaa1c7556bcd819bc081f5eb4547f27bfdf6d0b55c2010c,29e513aad5af3ae2cfaa1c7556bcd819bc081f5eb4547f27bfdf6d0b55c2010c,False,
Nuclear_Graphite_Stress_Surrogate/outputs/09_residual_shape_symbolic_pilot/iteration_1/search_state/stable_snapshots/segment_03/checkpoint.pkl,outputs/09_residual_shape_symbolic_pilot/iteration_1/search_state/stable_snapshots/segment_03/checkpoint.pkl,executed_research_artifact,79049,973382dc38ea45cd577b1a3163038de76522b1b078550e9576ceaf0961797648,973382dc38ea45cd577b1a3163038de76522b1b078550e9576ceaf0961797648,False,
Nuclear_Graphite_Stress_Surrogate/outputs/09_residual_shape_symbolic_pilot/iteration_1/search_state/stable_snapshots/segment_03/hall_of_fame.csv,outputs/09_residual_shape_symbolic_pilot/iteration_1/search_state/stable_snapshots/segment_03/hall_of_fame.csv,executed_research_artifact,2276,fb4c4ef25cec676c50179eb32763b821f128abebd0a396af5c1ce9fcf2326984,fb4c4ef25cec676c50179eb32763b821f128abebd0a396af5c1ce9fcf2326984,False,
Nuclear_Graphite_Stress_Surrogate/outputs/09_residual_shape_symbolic_pilot/iteration_1/search_state/stable_snapshots/segment_04/checkpoint.pkl,outputs/09_residual_shape_symbolic_pilot/iteration_1/search_state/stable_snapshots/segment_04/checkpoint.pkl,executed_research_artifact,115187,829e785bb6040873baa2e179f6a963a2f6691cc8ea03d345091153097cab76f5,829e785bb6040873baa2e179f6a963a2f6691cc8ea03d345091153097cab76f5,False,
Nuclear_Graphite_Stress_Surrogate/outputs/09_residual_shape_symbolic_pilot/iteration_1/search_state/stable_snapshots/segment_04/hall_of_fame.csv,outputs/09_residual_shape_symbolic_pilot/iteration_1/search_state/stable_snapshots/segment_04/hall_of_fame.csv,executed_research_artifact,1672,c8e1900504e710eec1b18dc0b07b8e70c18ded859874bb925299de9195c424fb,c8e1900504e710eec1b18dc0b07b8e70c18ded859874bb925299de9195c424fb,False,
Nuclear_Graphite_Stress_Surrogate/outputs/09_residual_shape_symbolic_pilot/iteration_1/search_state/stable_snapshots/segment_05/checkpoint.pkl,outputs/09_residual_shape_symbolic_pilot/iteration_1/search_state/stable_snapshots/segment_05/checkpoint.pkl,executed_research_artifact,104445,33e5c802e823a6ceb13b9c12f6b6672cd9728238a1ee96747ed332dea7ac8f05,33e5c802e823a6ceb13b9c12f6b6672cd9728238a1ee96747ed332dea7ac8f05,False,
Nuclear_Graphite_Stress_Surrogate/outputs/09_residual_shape_symbolic_pilot/iteration_1/search_state/stable_snapshots/segment_05/hall_of_fame.csv,outputs/09_residual_shape_symbolic_pilot/iteration_1/search_state/stable_snapshots/segment_05/hall_of_fame.csv,executed_research_artifact,1680,95c1d20764b4146c064243d9cb79a17ab7ca9dd81235033b7b19c9f0ae2dfab5,95c1d20764b4146c064243d9cb79a17ab7ca9dd81235033b7b19c9f0ae2dfab5,False,
Nuclear_Graphite_Stress_Surrogate/outputs/09_residual_shape_symbolic_pilot/iteration_1/segment_attempt_audit.csv,outputs/09_residual_shape_symbolic_pilot/iteration_1/segment_attempt_audit.csv,executed_research_artifact,615,60e0d78f29b3fd2907822d015812a9a599b2ddc6c1c059dcf1de220291dbaeac,60e0d78f29b3fd2907822d015812a9a599b2ddc6c1c059dcf1de220291dbaeac,False,
Nuclear_Graphite_Stress_Surrogate/outputs/09_residual_shape_symbolic_pilot/iteration_1/segments/segment_01/attempt_1/frontier.csv,outputs/09_residual_shape_symbolic_pilot/iteration_1/segments/segment_01/attempt_1/frontier.csv,executed_research_artifact,13592,d0017560e84784b4dc7a517ee82b4a66f401f130718801445cf781927bd3e906,d0017560e84784b4dc7a517ee82b4a66f401f130718801445cf781927bd3e906,False,
Nuclear_Graphite_Stress_Surrogate/outputs/09_residual_shape_symbolic_pilot/iteration_1/segments/segment_01/attempt_1/worker_status.json,outputs/09_residual_shape_symbolic_pilot/iteration_1/segments/segment_01/attempt_1/worker_status.json,executed_research_artifact,397,3c72a773527b9171b477f8dec4a0a42426cfb38c22b6588a665fd69204403dad,3c72a773527b9171b477f8dec4a0a42426cfb38c22b6588a665fd69204403dad,False,
Nuclear_Graphite_Stress_Surrogate/outputs/09_residual_shape_symbolic_pilot/iteration_1/segments/segment_01/attempt_1/worker_stderr.log,outputs/09_residual_shape_symbolic_pilot/iteration_1/segments/segment_01/attempt_1/worker_stderr.log,executed_research_artifact,501850,4f7c19f6223d7aa26f2d0c349c5fd0eb0f312f6d39e62530d2d0cd727453b32f,4f7c19f6223d7aa26f2d0c349c5fd0eb0f312f6d39e62530d2d0cd727453b32f,False,
Nuclear_Graphite_Stress_Surrogate/outputs/09_residual_shape_symbolic_pilot/iteration_1/segments/segment_01/attempt_1/worker_stdout.log,outputs/09_residual_shape_symbolic_pilot/iteration_1/segments/segment_01/attempt_1/worker_stdout.log,executed_research_artifact,3296,b119a12a46389e777e546349b8fa12f8d0fa88e380534ebc9c256a241e8ae705,b119a12a46389e777e546349b8fa12f8d0fa88e380534ebc9c256a241e8ae705,False,
Nuclear_Graphite_Stress_Surrogate/outputs/09_residual_shape_symbolic_pilot/iteration_1/segments/segment_01/complete.json,outputs/09_residual_shape_symbolic_pilot/iteration_1/segments/segment_01/complete.json,executed_research_artifact,139,68ea6ce53a5753acf56d138a527eac2f7c0efb5762e47a61c6773fd82cf60493,68ea6ce53a5753acf56d138a527eac2f7c0efb5762e47a61c6773fd82cf60493,False,
Nuclear_Graphite_Stress_Surrogate/outputs/09_residual_shape_symbolic_pilot/iteration_1/segments/segment_01/frontier.csv,outputs/09_residual_shape_symbolic_pilot/iteration_1/segments/segment_01/frontier.csv,executed_research_artifact,13660,28dbffbaa47ef49361f14c623df473a4b0c02cbb1aff78de0c8e918d16d4288a,28dbffbaa47ef49361f14c623df473a4b0c02cbb1aff78de0c8e918d16d4288a,False,
Nuclear_Graphite_Stress_Surrogate/outputs/09_residual_shape_symbolic_pilot/iteration_1/segments/segment_01/watchdog_status.json,outputs/09_residual_shape_symbolic_pilot/iteration_1/segments/segment_01/watchdog_status.json,executed_research_artifact,190,f8f467035d48b077cf8fd4b5452c39bf65789eaa32f4c773ff7666bdad305de9,f8f467035d48b077cf8fd4b5452c39bf65789eaa32f4c773ff7666bdad305de9,False,
Nuclear_Graphite_Stress_Surrogate/outputs/09_residual_shape_symbolic_pilot/iteration_1/segments/segment_02/attempt_1/frontier.csv,outputs/09_residual_shape_symbolic_pilot/iteration_1/segments/segment_02/attempt_1/frontier.csv,executed_research_artifact,14630,3f92a9c5ca1844b5d1671fada882bd4397b608c0b3352af1774995874fc6039c,3f92a9c5ca1844b5d1671fada882bd4397b608c0b3352af1774995874fc6039c,False,
Nuclear_Graphite_Stress_Surrogate/outputs/09_residual_shape_symbolic_pilot/iteration_1/segments/segment_02/attempt_1/worker_status.json,outputs/09_residual_shape_symbolic_pilot/iteration_1/segments/segment_02/attempt_1/worker_status.json,executed_research_artifact,406,7adcf044157155d66d51d2ac49ca898c94f8609f73313cf77d1a8542ad37d207,7adcf044157155d66d51d2ac49ca898c94f8609f73313cf77d1a8542ad37d207,False,
Nuclear_Graphite_Stress_Surrogate/outputs/09_residual_shape_symbolic_pilot/iteration_1/segments/segment_02/attempt_1/worker_stderr.log,outputs/09_residual_shape_symbolic_pilot/iteration_1/segments/segment_02/attempt_1/worker_stderr.log,executed_research_artifact,670885,b0db14ff818202bb69d857b1e6eade6ec021b3b8a76ef35fd1543262000db3cf,b0db14ff818202bb69d857b1e6eade6ec021b3b8a76ef35fd1543262000db3cf,False,
Nuclear_Graphite_Stress_Surrogate/outputs/09_residual_shape_symbolic_pilot/iteration_1/segments/segment_02/attempt_1/worker_stdout.log,outputs/09_residual_shape_symbolic_pilot/iteration_1/segments/segment_02/attempt_1/worker_stdout.log,executed_research_artifact,3620,0180de45cd70e0093e998f3561c8a403a449694fde03ffebe31187d1198017e1,0180de45cd70e0093e998f3561c8a403a449694fde03ffebe31187d1198017e1,False,
Nuclear_Graphite_Stress_Surrogate/outputs/09_residual_shape_symbolic_pilot/iteration_1/segments/segment_02/complete.json,outputs/09_residual_shape_symbolic_pilot/iteration_1/segments/segment_02/complete.json,executed_research_artifact,138,f0aba8d76fde1582e756cc1989b65af1757bd1b1f89ffcb881fcc3aa8acc909b,f0aba8d76fde1582e756cc1989b65af1757bd1b1f89ffcb881fcc3aa8acc909b,False,
Nuclear_Graphite_Stress_Surrogate/outputs/09_residual_shape_symbolic_pilot/iteration_1/segments/segment_02/frontier.csv,outputs/09_residual_shape_symbolic_pilot/iteration_1/segments/segment_02/frontier.csv,executed_research_artifact,14693,5fd326c87a58418a03e1dcfca58cd8d39ed15004778d44eaeae15fbdd18165a0,5fd326c87a58418a03e1dcfca58cd8d39ed15004778d44eaeae15fbdd18165a0,False,
Nuclear_Graphite_Stress_Surrogate/outputs/09_residual_shape_symbolic_pilot/iteration_1/segments/segment_02/watchdog_status.json,outputs/09_residual_shape_symbolic_pilot/iteration_1/segments/segment_02/watchdog_status.json,executed_research_artifact,190,9f383e6d10f6b6addf31b2b528304f32800f123f979ef9fd929f4d73c2f3e8d1,9f383e6d10f6b6addf31b2b528304f32800f123f979ef9fd929f4d73c2f3e8d1,False,
Nuclear_Graphite_Stress_Surrogate/outputs/09_residual_shape_symbolic_pilot/iteration_1/segments/segment_03/attempt_1/frontier.csv,outputs/09_residual_shape_symbolic_pilot/iteration_1/segments/segment_03/attempt_1/frontier.csv,executed_research_artifact,19846,260bde1fa53ba726170da170a4bfc3278536e51e1339effbe14e85dd20fb8636,260bde1fa53ba726170da170a4bfc3278536e51e1339effbe14e85dd20fb8636,False,
Nuclear_Graphite_Stress_Surrogate/outputs/09_residual_shape_symbolic_pilot/iteration_1/segments/segment_03/attempt_1/worker_status.json,outputs/09_residual_shape_symbolic_pilot/iteration_1/segments/segment_03/attempt_1/worker_status.json,executed_research_artifact,406,dec466e96a525f2606b653d785717976c5060ce4e7e2a0b4c94a272190a87a6f,dec466e96a525f2606b653d785717976c5060ce4e7e2a0b4c94a272190a87a6f,False,
Nuclear_Graphite_Stress_Surrogate/outputs/09_residual_shape_symbolic_pilot/iteration_1/segments/segment_03/attempt_1/worker_stderr.log,outputs/09_residual_shape_symbolic_pilot/iteration_1/segments/segment_03/attempt_1/worker_stderr.log,executed_research_artifact,717330,38211618909560bcd1641fdfcf9ea35bed87fd85984b594d5b648349033ed460,38211618909560bcd1641fdfcf9ea35bed87fd85984b594d5b648349033ed460,False,
Nuclear_Graphite_Stress_Surrogate/outputs/09_residual_shape_symbolic_pilot/iteration_1/segments/segment_03/attempt_1/worker_stdout.log,outputs/09_residual_shape_symbolic_pilot/iteration_1/segments/segment_03/attempt_1/worker_stdout.log,executed_research_artifact,4574,7056b53cbeb55b3059ffde9ac1330ef9b2ae23a25265f9fdd3c2a77d9ed50f00,7056b53cbeb55b3059ffde9ac1330ef9b2ae23a25265f9fdd3c2a77d9ed50f00,False,
Nuclear_Graphite_Stress_Surrogate/outputs/09_residual_shape_symbolic_pilot/iteration_1/segments/segment_03/complete.json,outputs/09_residual_shape_symbolic_pilot/iteration_1/segments/segment_03/complete.json,executed_research_artifact,138,338d4d4620485aa291758fc3a7d0e7d06318c68382ea10de8dcdaf248f265632,338d4d4620485aa291758fc3a7d0e7d06318c68382ea10de8dcdaf248f265632,False,
Nuclear_Graphite_Stress_Surrogate/outputs/09_residual_shape_symbolic_pilot/iteration_1/segments/segment_03/frontier.csv,outputs/09_residual_shape_symbolic_pilot/iteration_1/segments/segment_03/frontier.csv,executed_research_artifact,19912,df1e567aa676640231dc99b9f096fb813c9232cbc5ec30c3899d842444c8b7b8,df1e567aa676640231dc99b9f096fb813c9232cbc5ec30c3899d842444c8b7b8,False,
Nuclear_Graphite_Stress_Surrogate/outputs/09_residual_shape_symbolic_pilot/iteration_1/segments/segment_03/watchdog_status.json,outputs/09_residual_shape_symbolic_pilot/iteration_1/segments/segment_03/watchdog_status.json,executed_research_artifact,190,3b0a9af45f721eea9599d1124f95637934e71fbfb642ff71e10d9885a92654cc,3b0a9af45f721eea9599d1124f95637934e71fbfb642ff71e10d9885a92654cc,False,
Nuclear_Graphite_Stress_Surrogate/outputs/09_residual_shape_symbolic_pilot/iteration_1/segments/segment_04/attempt_1/frontier.csv,outputs/09_residual_shape_symbolic_pilot/iteration_1/segments/segment_04/attempt_1/frontier.csv,executed_research_artifact,13715,fb7392bed493108bf165473f30825f723c4efdf3c964db87b7fa247480265234,fb7392bed493108bf165473f30825f723c4efdf3c964db87b7fa247480265234,False,
Nuclear_Graphite_Stress_Surrogate/outputs/09_residual_shape_symbolic_pilot/iteration_1/segments/segment_04/attempt_1/worker_status.json,outputs/09_residual_shape_symbolic_pilot/iteration_1/segments/segment_04/attempt_1/worker_status.json,executed_research_artifact,406,a8ef96f256399468a1a6fb3eba8f526b4fce6f9f92575bed74e7f03ceb827f23,a8ef96f256399468a1a6fb3eba8f526b4fce6f9f92575bed74e7f03ceb827f23,False,
Nuclear_Graphite_Stress_Surrogate/outputs/09_residual_shape_symbolic_pilot/iteration_1/segments/segment_04/attempt_1/worker_stderr.log,outputs/09_residual_shape_symbolic_pilot/iteration_1/segments/segment_04/attempt_1/worker_stderr.log,executed_research_artifact,895141,faa9c8a3eb2f5881564c15a4af89a7eb67c2de5e77c83649768304c8458da010,faa9c8a3eb2f5881564c15a4af89a7eb67c2de5e77c83649768304c8458da010,False,
Nuclear_Graphite_Stress_Surrogate/outputs/09_residual_shape_symbolic_pilot/iteration_1/segments/segment_04/attempt_1/worker_stdout.log,outputs/09_residual_shape_symbolic_pilot/iteration_1/segments/segment_04/attempt_1/worker_stdout.log,executed_research_artifact,3638,d8f541056e88df52aaafabd330e04548fdbfc587380d6b42d3f1be1fea53434f,d8f541056e88df52aaafabd330e04548fdbfc587380d6b42d3f1be1fea53434f,False,
Nuclear_Graphite_Stress_Surrogate/outputs/09_residual_shape_symbolic_pilot/iteration_1/segments/segment_04/complete.json,outputs/09_residual_shape_symbolic_pilot/iteration_1/segments/segment_04/complete.json,executed_research_artifact,138,31c43f2eebfb6c0356e59a2825b84d3541579297ce8249508209d440bdd68da9,31c43f2eebfb6c0356e59a2825b84d3541579297ce8249508209d440bdd68da9,False,
Nuclear_Graphite_Stress_Surrogate/outputs/09_residual_shape_symbolic_pilot/iteration_1/segments/segment_04/frontier.csv,outputs/09_residual_shape_symbolic_pilot/iteration_1/segments/segment_04/frontier.csv,executed_research_artifact,13780,92d37cfee439df05d7dbebeea8216c48e31251416b3e804006b2b46214d62464,92d37cfee439df05d7dbebeea8216c48e31251416b3e804006b2b46214d62464,False,
Nuclear_Graphite_Stress_Surrogate/outputs/09_residual_shape_symbolic_pilot/iteration_1/segments/segment_04/watchdog_status.json,outputs/09_residual_shape_symbolic_pilot/iteration_1/segments/segment_04/watchdog_status.json,executed_research_artifact,190,d7a4c0e7a41949fbb118d4bbc4954d9b685374fe1e29809306c66a6ba07795b4,d7a4c0e7a41949fbb118d4bbc4954d9b685374fe1e29809306c66a6ba07795b4,False,
Nuclear_Graphite_Stress_Surrogate/outputs/09_residual_shape_symbolic_pilot/iteration_1/segments/segment_05/attempt_1/frontier.csv,outputs/09_residual_shape_symbolic_pilot/iteration_1/segments/segment_05/attempt_1/frontier.csv,executed_research_artifact,13168,c6aa91d8ead613db99876284dc467dffafcd2474f99d925d975fb94d9330d9ea,c6aa91d8ead613db99876284dc467dffafcd2474f99d925d975fb94d9330d9ea,False,
Nuclear_Graphite_Stress_Surrogate/outputs/09_residual_shape_symbolic_pilot/iteration_1/segments/segment_05/attempt_1/worker_status.json,outputs/09_residual_shape_symbolic_pilot/iteration_1/segments/segment_05/attempt_1/worker_status.json,executed_research_artifact,406,a698f15349cd48e7f69a56b80e7a331cb9ae94eb9d14532c5f04c93c47fcae9b,a698f15349cd48e7f69a56b80e7a331cb9ae94eb9d14532c5f04c93c47fcae9b,False,
Nuclear_Graphite_Stress_Surrogate/outputs/09_residual_shape_symbolic_pilot/iteration_1/segments/segment_05/attempt_1/worker_stderr.log,outputs/09_residual_shape_symbolic_pilot/iteration_1/segments/segment_05/attempt_1/worker_stderr.log,executed_research_artifact,681031,9fcc06c6543164e6c62d298fa00cf002d58eb1b8ada604dbd546a60e37e968c9,9fcc06c6543164e6c62d298fa00cf002d58eb1b8ada604dbd546a60e37e968c9,False,
Nuclear_Graphite_Stress_Surrogate/outputs/09_residual_shape_symbolic_pilot/iteration_1/segments/segment_05/attempt_1/worker_stdout.log,outputs/09_residual_shape_symbolic_pilot/iteration_1/segments/segment_05/attempt_1/worker_stdout.log,executed_research_artifact,3607,066ba5d3a9f4dd5e580b81d43e296a2133315c13ab705797c52ae2a17aaedad3,066ba5d3a9f4dd5e580b81d43e296a2133315c13ab705797c52ae2a17aaedad3,False,
Nuclear_Graphite_Stress_Surrogate/outputs/09_residual_shape_symbolic_pilot/iteration_1/segments/segment_05/complete.json,outputs/09_residual_shape_symbolic_pilot/iteration_1/segments/segment_05/complete.json,executed_research_artifact,138,9c8afd34287b044501810d6fa4c1a2ad96534c214369e1ad9d504ed462aaed81,9c8afd34287b044501810d6fa4c1a2ad96534c214369e1ad9d504ed462aaed81,False,
Nuclear_Graphite_Stress_Surrogate/outputs/09_residual_shape_symbolic_pilot/iteration_1/segments/segment_05/frontier.csv,outputs/09_residual_shape_symbolic_pilot/iteration_1/segments/segment_05/frontier.csv,executed_research_artifact,13233,8d3349c784e70c795c87980b4aa137aaf70ba73211c244f678d815d9c9a4f464,8d3349c784e70c795c87980b4aa137aaf70ba73211c244f678d815d9c9a4f464,False,
Nuclear_Graphite_Stress_Surrogate/outputs/09_residual_shape_symbolic_pilot/iteration_1/segments/segment_05/watchdog_status.json,outputs/09_residual_shape_symbolic_pilot/iteration_1/segments/segment_05/watchdog_status.json,executed_research_artifact,190,afbeafa883fef06da7dccafd8f9b1a0aea712e5d45d7eba54a2e185210e5caa2,afbeafa883fef06da7dccafd8f9b1a0aea712e5d45d7eba54a2e185210e5caa2,False,
Nuclear_Graphite_Stress_Surrogate/outputs/09_residual_shape_symbolic_pilot/iteration_1/selected_corrected_composite_formula.csv,outputs/09_residual_shape_symbolic_pilot/iteration_1/selected_corrected_composite_formula.csv,executed_research_artifact,2592,d278171f9a419bd04ceb5f3114608b88cb089993ad245a5ab70ed1885b1f2872,d278171f9a419bd04ceb5f3114608b88cb089993ad245a5ab70ed1885b1f2872,False,
Nuclear_Graphite_Stress_Surrogate/outputs/09_residual_shape_symbolic_pilot/iteration_1/selected_corrected_composite_formula.txt,outputs/09_residual_shape_symbolic_pilot/iteration_1/selected_corrected_composite_formula.txt,executed_research_artifact,3021,395c412ee0f47a1a5bb4dac4dee509cc94909497bbbfea8f98c835d3ea41760c,395c412ee0f47a1a5bb4dac4dee509cc94909497bbbfea8f98c835d3ea41760c,False,
Nuclear_Graphite_Stress_Surrogate/outputs/09_residual_shape_symbolic_pilot/iteration_1/selected_formula_case_metrics.csv.gz,outputs/09_residual_shape_symbolic_pilot/iteration_1/selected_formula_case_metrics.csv.gz,executed_research_artifact,8126,945c45aa1ce3a4c5e326131c2b24a0371c618d85d7e66d1a99c45229ed04db96,945c45aa1ce3a4c5e326131c2b24a0371c618d85d7e66d1a99c45229ed04db96,False,
Nuclear_Graphite_Stress_Surrogate/outputs/09_residual_shape_symbolic_pilot/iteration_1/selected_formula_split_metrics.csv,outputs/09_residual_shape_symbolic_pilot/iteration_1/selected_formula_split_metrics.csv,executed_research_artifact,1889,dfb5d1c031d1a0b8cd5ae404c45b8672d8901caa25a733c92fe8e47faf97a04b,dfb5d1c031d1a0b8cd5ae404c45b8672d8901caa25a733c92fe8e47faf97a04b,False,
Nuclear_Graphite_Stress_Surrogate/outputs/09_residual_shape_symbolic_pilot/iteration_1/selected_formula_tail_adaptation.csv,outputs/09_residual_shape_symbolic_pilot/iteration_1/selected_formula_tail_adaptation.csv,executed_research_artifact,728,100418872bbf508cde50483a4956382202d0851f7908c64c895398ab6680c23b,100418872bbf508cde50483a4956382202d0851f7908c64c895398ab6680c23b,False,
Nuclear_Graphite_Stress_Surrogate/outputs/09_residual_shape_symbolic_pilot/iteration_1/selected_residual_formula.csv,outputs/09_residual_shape_symbolic_pilot/iteration_1/selected_residual_formula.csv,executed_research_artifact,3641,6b9441537687fdab2152eebc57487a18e6ecf6a21761eab4aa96314ee080a278,6b9441537687fdab2152eebc57487a18e6ecf6a21761eab4aa96314ee080a278,False,
Nuclear_Graphite_Stress_Surrogate/outputs/09_residual_shape_symbolic_pilot/iteration_1/selected_v9_tail_adaptation.png,outputs/09_residual_shape_symbolic_pilot/iteration_1/selected_v9_tail_adaptation.png,executed_research_artifact,85361,c636bcd6ae54c309b7be71752a055f625312f846687f829709e5ca103cc28d7b,c636bcd6ae54c309b7be71752a055f625312f846687f829709e5ca103cc28d7b,False,
Nuclear_Graphite_Stress_Surrogate/outputs/09_residual_shape_symbolic_pilot/iteration_1/sleep_inhibitor.json,outputs/09_residual_shape_symbolic_pilot/iteration_1/sleep_inhibitor.json,executed_research_artifact,69,d428d35f789d2aced17bf11ea8e3a4783785056168cfb08b3f6bb8e66a44e25e,d428d35f789d2aced17bf11ea8e3a4783785056168cfb08b3f6bb8e66a44e25e,False,
Nuclear_Graphite_Stress_Surrogate/outputs/09_residual_shape_symbolic_pilot/iteration_1/training_cache/cache_metadata.json,outputs/09_residual_shape_symbolic_pilot/iteration_1/training_cache/cache_metadata.json,executed_research_artifact,3078,2290eaff6acbd2a8fcc800e25008e35c08fe82ad317a804d270b677b8e944766,2290eaff6acbd2a8fcc800e25008e35c08fe82ad317a804d270b677b8e944766,False,
Nuclear_Graphite_Stress_Surrogate/outputs/09_residual_shape_symbolic_pilot/iteration_1/training_cache/residual_features.npy,outputs/09_residual_shape_symbolic_pilot/iteration_1/training_cache/residual_features.npy,executed_research_artifact,73780128,6ba443d560e36d2e55773e576c9328f5a13bd9c9a731a724a958228fc31e3933,6ba443d560e36d2e55773e576c9328f5a13bd9c9a731a724a958228fc31e3933,False,
Nuclear_Graphite_Stress_Surrogate/outputs/09_residual_shape_symbolic_pilot/iteration_1/training_cache/residual_scaling.csv,outputs/09_residual_shape_symbolic_pilot/iteration_1/training_cache/residual_scaling.csv,executed_research_artifact,1983,e294d3637525e3d3076ff3cd83c164d24ef1d804fa41e3ffa3c96d157ba44bc6,e294d3637525e3d3076ff3cd83c164d24ef1d804fa41e3ffa3c96d157ba44bc6,False,
Nuclear_Graphite_Stress_Surrogate/outputs/09_residual_shape_symbolic_pilot/iteration_1/training_cache/residual_target.npy,outputs/09_residual_shape_symbolic_pilot/iteration_1/training_cache/residual_target.npy,executed_research_artifact,2380128,0881796ca35b22bdc8b92da07dda222e1cf37c68435d43abf814e1923b63fca0,0881796ca35b22bdc8b92da07dda222e1cf37c68435d43abf814e1923b63fca0,False,
Nuclear_Graphite_Stress_Surrogate/outputs/09_residual_shape_symbolic_pilot/iteration_1/training_cache/tier_mass_weights.npy,outputs/09_residual_shape_symbolic_pilot/iteration_1/training_cache/tier_mass_weights.npy,executed_research_artifact,2380128,0ef5a26a9fc74d8e704d3238b9526286cb23842af5615a66df55dcc1c0521668,0ef5a26a9fc74d8e704d3238b9526286cb23842af5615a66df55dcc1c0521668,False,
Nuclear_Graphite_Stress_Surrogate/outputs/09_residual_shape_symbolic_pilot/iteration_1/training_cache/training_sample_audit.csv,outputs/09_residual_shape_symbolic_pilot/iteration_1/training_cache/training_sample_audit.csv,executed_research_artifact,51866,6af2d879da61f343e13e68657c35b8dd0487d0134ed2235a694f5e17606f6360,6af2d879da61f343e13e68657c35b8dd0487d0134ed2235a694f5e17606f6360,False,
Nuclear_Graphite_Stress_Surrogate/outputs/09_residual_shape_symbolic_pilot/iteration_1/training_cache/training_sample_manifest.csv.gz,outputs/09_residual_shape_symbolic_pilot/iteration_1/training_cache/training_sample_manifest.csv.gz,executed_research_artifact,2020088,1caaabcebd6f9ccf8c4493f903f7ea76847b1102d7f48fa1560a4f7e42779f7c,1caaabcebd6f9ccf8c4493f903f7ea76847b1102d7f48fa1560a4f7e42779f7c,False,
Nuclear_Graphite_Stress_Surrogate/outputs/09_residual_shape_symbolic_pilot/iteration_1/v9_validation_model_comparison.png,outputs/09_residual_shape_symbolic_pilot/iteration_1/v9_validation_model_comparison.png,executed_research_artifact,117531,6d6ddf691654003365a00e165a48ab48627cf30796565519a3c5f9264e0cca56,6d6ddf691654003365a00e165a48ab48627cf30796565519a3c5f9264e0cca56,False,
Nuclear_Graphite_Stress_Surrogate/outputs/10_signed_staged_residual_symbolic_pilot/iteration_1/design_rationale.json,outputs/10_signed_staged_residual_symbolic_pilot/iteration_1/design_rationale.json,executed_research_artifact,584,6a40332a3d2632ac8a98e22d27bed759b73f6ea70a59c65b2c934ec37d125d75,6a40332a3d2632ac8a98e22d27bed759b73f6ea70a59c65b2c934ec37d125d75,False,
Nuclear_Graphite_Stress_Surrogate/outputs/10_signed_staged_residual_symbolic_pilot/iteration_1/executed_notebooks/v10_signed_staged_pilot_executed_job_18821085.ipynb,outputs/10_signed_staged_residual_symbolic_pilot/iteration_1/executed_notebooks/v10_signed_staged_pilot_executed_job_18821085.ipynb,executed_research_artifact,129391,5b23a8a9a1a9e191c307098d83cd263d7e303062230247224754cc84be4b61e0,5b23a8a9a1a9e191c307098d83cd263d7e303062230247224754cc84be4b61e0,False,
Nuclear_Graphite_Stress_Surrogate/outputs/10_signed_staged_residual_symbolic_pilot/iteration_1/feature_registry.csv,outputs/10_signed_staged_residual_symbolic_pilot/iteration_1/feature_registry.csv,executed_research_artifact,1519,41fe1998c96ebc70b5a736df78f6e33477e53836629c03a3e38c561dda2f548b,41fe1998c96ebc70b5a736df78f6e33477e53836629c03a3e38c561dda2f548b,False,
Nuclear_Graphite_Stress_Surrogate/outputs/10_signed_staged_residual_symbolic_pilot/iteration_1/frozen_baseline_hash_audit.csv,outputs/10_signed_staged_residual_symbolic_pilot/iteration_1/frozen_baseline_hash_audit.csv,executed_research_artifact,1517,8aa07928142695f05751b6f2c6a043e9ec958c4790651e1b34d86d1e0320d6d3,8aa07928142695f05751b6f2c6a043e9ec958c4790651e1b34d86d1e0320d6d3,False,
Nuclear_Graphite_Stress_Surrogate/outputs/10_signed_staged_residual_symbolic_pilot/iteration_1/pilot_complete.json,outputs/10_signed_staged_residual_symbolic_pilot/iteration_1/pilot_complete.json,executed_research_artifact,751,b8600e03c39b568e35fa959a3df863f001bc882590bf3931da54fa6f4a67c4be,b8600e03c39b568e35fa959a3df863f001bc882590bf3931da54fa6f4a67c4be,False,
Nuclear_Graphite_Stress_Surrogate/outputs/10_signed_staged_residual_symbolic_pilot/iteration_1/preflight_checks.csv,outputs/10_signed_staged_residual_symbolic_pilot/iteration_1/preflight_checks.csv,executed_research_artifact,388,6b0ad622e0951ba615755465cb4db08ce1368f53d56a126747c642a106ceb123,6b0ad622e0951ba615755465cb4db08ce1368f53d56a126747c642a106ceb123,False,
Nuclear_Graphite_Stress_Surrogate/outputs/10_signed_staged_residual_symbolic_pilot/iteration_1/run_configuration.json,outputs/10_signed_staged_residual_symbolic_pilot/iteration_1/run_configuration.json,executed_research_artifact,608,83ce8ce432e7f1a756edfa3a4a5f33142b1d966b24e2d89c3a87abc515c1547d,83ce8ce432e7f1a756edfa3a4a5f33142b1d966b24e2d89c3a87abc515c1547d,False,
Nuclear_Graphite_Stress_Surrogate/outputs/10_signed_staged_residual_symbolic_pilot/iteration_1/run_status.json,outputs/10_signed_staged_residual_symbolic_pilot/iteration_1/run_status.json,executed_research_artifact,751,b8600e03c39b568e35fa959a3df863f001bc882590bf3931da54fa6f4a67c4be,b8600e03c39b568e35fa959a3df863f001bc882590bf3931da54fa6f4a67c4be,False,
Nuclear_Graphite_Stress_Surrogate/outputs/10_signed_staged_residual_symbolic_pilot/iteration_1/selected_composite_formula.csv,outputs/10_signed_staged_residual_symbolic_pilot/iteration_1/selected_composite_formula.csv,executed_research_artifact,4691,f11e19aec293e6d71e13de2e3fd617081f6fbb47843b4623c47d7e7917a62762,f11e19aec293e6d71e13de2e3fd617081f6fbb47843b4623c47d7e7917a62762,False,
Nuclear_Graphite_Stress_Surrogate/outputs/10_signed_staged_residual_symbolic_pilot/iteration_1/selected_composite_formula.txt,outputs/10_signed_staged_residual_symbolic_pilot/iteration_1/selected_composite_formula.txt,executed_research_artifact,4154,5535e9b2b549ff16270007ad74ce326a28510b2e20a417057eff62269dd48959,5535e9b2b549ff16270007ad74ce326a28510b2e20a417057eff62269dd48959,False,
Nuclear_Graphite_Stress_Surrogate/outputs/10_signed_staged_residual_symbolic_pilot/iteration_1/selected_models_case_metrics.csv.gz,outputs/10_signed_staged_residual_symbolic_pilot/iteration_1/selected_models_case_metrics.csv.gz,executed_research_artifact,20892,bb7151c96c612b3239ae60bae39fa89b5f5419c43dd5ec0216e3c5d293d121a6,bb7151c96c612b3239ae60bae39fa89b5f5419c43dd5ec0216e3c5d293d121a6,False,
Nuclear_Graphite_Stress_Surrogate/outputs/10_signed_staged_residual_symbolic_pilot/iteration_1/selected_models_split_metrics.csv,outputs/10_signed_staged_residual_symbolic_pilot/iteration_1/selected_models_split_metrics.csv,executed_research_artifact,2667,05139f60ca8829a1bb108ee3ea53e3b91d3941b947481a704d3403cb3ecf609b,05139f60ca8829a1bb108ee3ea53e3b91d3941b947481a704d3403cb3ecf609b,False,
Nuclear_Graphite_Stress_Surrogate/outputs/10_signed_staged_residual_symbolic_pilot/iteration_1/selected_models_tail_adaptation.csv,outputs/10_signed_staged_residual_symbolic_pilot/iteration_1/selected_models_tail_adaptation.csv,executed_research_artifact,1001,aeaf074e6be3c45eb3e4a04bae65497b3731a5a9ca9eb98edd7a3c1a0b29e89a,aeaf074e6be3c45eb3e4a04bae65497b3731a5a9ca9eb98edd7a3c1a0b29e89a,False,
Nuclear_Graphite_Stress_Surrogate/outputs/10_signed_staged_residual_symbolic_pilot/iteration_1/stages/stage_geometry/candidate_validation_metrics.csv,outputs/10_signed_staged_residual_symbolic_pilot/iteration_1/stages/stage_geometry/candidate_validation_metrics.csv,executed_research_artifact,43702,985cb022cc84dd58366951a8e23110ffa07e9a0c8814b93abc8e67d5b1379d8b,985cb022cc84dd58366951a8e23110ffa07e9a0c8814b93abc8e67d5b1379d8b,False,
Nuclear_Graphite_Stress_Surrogate/outputs/10_signed_staged_residual_symbolic_pilot/iteration_1/stages/stage_geometry/frontier.csv,outputs/10_signed_staged_residual_symbolic_pilot/iteration_1/stages/stage_geometry/frontier.csv,executed_research_artifact,39972,df37ce7f809696e049cc4377738309c4da60c14ad28245a3f0db27c180621f70,df37ce7f809696e049cc4377738309c4da60c14ad28245a3f0db27c180621f70,False,
Nuclear_Graphite_Stress_Surrogate/outputs/10_signed_staged_residual_symbolic_pilot/iteration_1/stages/stage_geometry/full_validation_shortlist.csv,outputs/10_signed_staged_residual_symbolic_pilot/iteration_1/stages/stage_geometry/full_validation_shortlist.csv,executed_research_artifact,33756,e99056178983e185fb9d02a57dae7f98b7ecc406693b518aedd39753a12d920b,e99056178983e185fb9d02a57dae7f98b7ecc406693b518aedd39753a12d920b,False,
Nuclear_Graphite_Stress_Surrogate/outputs/10_signed_staged_residual_symbolic_pilot/iteration_1/stages/stage_geometry/search_progress.json,outputs/10_signed_staged_residual_symbolic_pilot/iteration_1/stages/stage_geometry/search_progress.json,executed_research_artifact,322,6a7c4fabe1a0aaa18ba0d563bff1220f9429ea3d458b395440022943ee7338b1,6a7c4fabe1a0aaa18ba0d563bff1220f9429ea3d458b395440022943ee7338b1,False,
Nuclear_Graphite_Stress_Surrogate/outputs/10_signed_staged_residual_symbolic_pilot/iteration_1/stages/stage_geometry/search_signature.json,outputs/10_signed_staged_residual_symbolic_pilot/iteration_1/stages/stage_geometry/search_signature.json,executed_research_artifact,3271,e0b6f5a50f3217d7afc36203e2df6f7a925a559a0e46b36e04c54edb44023eca,e0b6f5a50f3217d7afc36203e2df6f7a925a559a0e46b36e04c54edb44023eca,False,
Nuclear_Graphite_Stress_Surrogate/outputs/10_signed_staged_residual_symbolic_pilot/iteration_1/stages/stage_geometry/search_state/pysr_runs/v10_i1_geometry_signed_residual_pilot/checkpoint.pkl,outputs/10_signed_staged_residual_symbolic_pilot/iteration_1/stages/stage_geometry/search_state/pysr_runs/v10_i1_geometry_signed_residual_pilot/checkpoint.pkl,executed_research_artifact,110883,7be5cc97d5adedc02082fec07ace98eedf398c291231b6811ed7c37c742ebfdb,7be5cc97d5adedc02082fec07ace98eedf398c291231b6811ed7c37c742ebfdb,False,
Nuclear_Graphite_Stress_Surrogate/outputs/10_signed_staged_residual_symbolic_pilot/iteration_1/stages/stage_geometry/search_state/pysr_runs/v10_i1_geometry_signed_residual_pilot/hall_of_fame.csv,outputs/10_signed_staged_residual_symbolic_pilot/iteration_1/stages/stage_geometry/search_state/pysr_runs/v10_i1_geometry_signed_residual_pilot/hall_of_fame.csv,executed_research_artifact,5256,71bad75864869b72cff8eea2cd68dfbf45c07df3acdba322312148605cdcea91,71bad75864869b72cff8eea2cd68dfbf45c07df3acdba322312148605cdcea91,False,
Nuclear_Graphite_Stress_Surrogate/outputs/10_signed_staged_residual_symbolic_pilot/iteration_1/stages/stage_geometry/search_state/pysr_runs/v10_i1_geometry_signed_residual_pilot/hall_of_fame.csv.bak,outputs/10_signed_staged_residual_symbolic_pilot/iteration_1/stages/stage_geometry/search_state/pysr_runs/v10_i1_geometry_signed_residual_pilot/hall_of_fame.csv.bak,executed_research_artifact,5256,71bad75864869b72cff8eea2cd68dfbf45c07df3acdba322312148605cdcea91,71bad75864869b72cff8eea2cd68dfbf45c07df3acdba322312148605cdcea91,False,
Nuclear_Graphite_Stress_Surrogate/outputs/10_signed_staged_residual_symbolic_pilot/iteration_1/stages/stage_geometry/search_state/stable_snapshots/segment_01/checkpoint.pkl,outputs/10_signed_staged_residual_symbolic_pilot/iteration_1/stages/stage_geometry/search_state/stable_snapshots/segment_01/checkpoint.pkl,executed_research_artifact,187994,c64f85983025bfd04b22565ab09fabfe210f76201395d407b470eeac5fa58035,c64f85983025bfd04b22565ab09fabfe210f76201395d407b470eeac5fa58035,False,
Nuclear_Graphite_Stress_Surrogate/outputs/10_signed_staged_residual_symbolic_pilot/iteration_1/stages/stage_geometry/search_state/stable_snapshots/segment_01/hall_of_fame.csv,outputs/10_signed_staged_residual_symbolic_pilot/iteration_1/stages/stage_geometry/search_state/stable_snapshots/segment_01/hall_of_fame.csv,executed_research_artifact,3291,692771fcf878dc8bad75d64d95236804c87e6ff30032dd60d4e54483fa61cc0c,692771fcf878dc8bad75d64d95236804c87e6ff30032dd60d4e54483fa61cc0c,False,
Nuclear_Graphite_Stress_Surrogate/outputs/10_signed_staged_residual_symbolic_pilot/iteration_1/stages/stage_geometry/search_state/stable_snapshots/segment_02/checkpoint.pkl,outputs/10_signed_staged_residual_symbolic_pilot/iteration_1/stages/stage_geometry/search_state/stable_snapshots/segment_02/checkpoint.pkl,executed_research_artifact,165090,67ab4800c699c5dd1f48ecdec478825ffd4c0fe105abffa34182ecf42c15b1d4,67ab4800c699c5dd1f48ecdec478825ffd4c0fe105abffa34182ecf42c15b1d4,False,
Nuclear_Graphite_Stress_Surrogate/outputs/10_signed_staged_residual_symbolic_pilot/iteration_1/stages/stage_geometry/search_state/stable_snapshots/segment_02/hall_of_fame.csv,outputs/10_signed_staged_residual_symbolic_pilot/iteration_1/stages/stage_geometry/search_state/stable_snapshots/segment_02/hall_of_fame.csv,executed_research_artifact,3839,188d43679c7c0225dcb6246e1c3f3683aca12398c85ef0793c54cce4c512e2e0,188d43679c7c0225dcb6246e1c3f3683aca12398c85ef0793c54cce4c512e2e0,False,
Nuclear_Graphite_Stress_Surrogate/outputs/10_signed_staged_residual_symbolic_pilot/iteration_1/stages/stage_geometry/search_state/stable_snapshots/segment_03/checkpoint.pkl,outputs/10_signed_staged_residual_symbolic_pilot/iteration_1/stages/stage_geometry/search_state/stable_snapshots/segment_03/checkpoint.pkl,executed_research_artifact,211557,0a9eb8f74db66a5598402ce239b986a70f795d85d9a22e14de9800dd19fb15b3,0a9eb8f74db66a5598402ce239b986a70f795d85d9a22e14de9800dd19fb15b3,False,
Nuclear_Graphite_Stress_Surrogate/outputs/10_signed_staged_residual_symbolic_pilot/iteration_1/stages/stage_geometry/search_state/stable_snapshots/segment_03/hall_of_fame.csv,outputs/10_signed_staged_residual_symbolic_pilot/iteration_1/stages/stage_geometry/search_state/stable_snapshots/segment_03/hall_of_fame.csv,executed_research_artifact,4128,3f3da17fe12d0b1b0e9577292d9c6824218446f0508298ff01cec074199f1a6c,3f3da17fe12d0b1b0e9577292d9c6824218446f0508298ff01cec074199f1a6c,False,
Nuclear_Graphite_Stress_Surrogate/outputs/10_signed_staged_residual_symbolic_pilot/iteration_1/stages/stage_geometry/search_state/stable_snapshots/segment_04/checkpoint.pkl,outputs/10_signed_staged_residual_symbolic_pilot/iteration_1/stages/stage_geometry/search_state/stable_snapshots/segment_04/checkpoint.pkl,executed_research_artifact,196188,5c81304934790a6c614bf51f944a016a988b0effaf15f39332f0f224196e396a,5c81304934790a6c614bf51f944a016a988b0effaf15f39332f0f224196e396a,False,
Nuclear_Graphite_Stress_Surrogate/outputs/10_signed_staged_residual_symbolic_pilot/iteration_1/stages/stage_geometry/search_state/stable_snapshots/segment_04/hall_of_fame.csv,outputs/10_signed_staged_residual_symbolic_pilot/iteration_1/stages/stage_geometry/search_state/stable_snapshots/segment_04/hall_of_fame.csv,executed_research_artifact,6442,d8c8ca0cca9b9697499823c2be3eff533a5db149e187425e622bf3d5bb202e8d,d8c8ca0cca9b9697499823c2be3eff533a5db149e187425e622bf3d5bb202e8d,False,
Nuclear_Graphite_Stress_Surrogate/outputs/10_signed_staged_residual_symbolic_pilot/iteration_1/stages/stage_geometry/search_state/stable_snapshots/segment_05/checkpoint.pkl,outputs/10_signed_staged_residual_symbolic_pilot/iteration_1/stages/stage_geometry/search_state/stable_snapshots/segment_05/checkpoint.pkl,executed_research_artifact,110883,7be5cc97d5adedc02082fec07ace98eedf398c291231b6811ed7c37c742ebfdb,7be5cc97d5adedc02082fec07ace98eedf398c291231b6811ed7c37c742ebfdb,False,
Nuclear_Graphite_Stress_Surrogate/outputs/10_signed_staged_residual_symbolic_pilot/iteration_1/stages/stage_geometry/search_state/stable_snapshots/segment_05/hall_of_fame.csv,outputs/10_signed_staged_residual_symbolic_pilot/iteration_1/stages/stage_geometry/search_state/stable_snapshots/segment_05/hall_of_fame.csv,executed_research_artifact,5256,71bad75864869b72cff8eea2cd68dfbf45c07df3acdba322312148605cdcea91,71bad75864869b72cff8eea2cd68dfbf45c07df3acdba322312148605cdcea91,False,
Nuclear_Graphite_Stress_Surrogate/outputs/10_signed_staged_residual_symbolic_pilot/iteration_1/stages/stage_geometry/segment_attempt_audit.csv,outputs/10_signed_staged_residual_symbolic_pilot/iteration_1/stages/stage_geometry/segment_attempt_audit.csv,executed_research_artifact,664,0ad5b9874408ff0530aa6dee1c4c5b02616d038d76cfde6cc2eef7a93e38b47d,0ad5b9874408ff0530aa6dee1c4c5b02616d038d76cfde6cc2eef7a93e38b47d,False,
Nuclear_Graphite_Stress_Surrogate/outputs/10_signed_staged_residual_symbolic_pilot/iteration_1/stages/stage_geometry/segments/segment_01/attempt_1/frontier.csv,outputs/10_signed_staged_residual_symbolic_pilot/iteration_1/stages/stage_geometry/segments/segment_01/attempt_1/frontier.csv,executed_research_artifact,22340,8cb45435520c597cbd2dd4fe4994ef5e3ccb235fa4880e3f705b973dbe9e1483,8cb45435520c597cbd2dd4fe4994ef5e3ccb235fa4880e3f705b973dbe9e1483,False,
Nuclear_Graphite_Stress_Surrogate/outputs/10_signed_staged_residual_symbolic_pilot/iteration_1/stages/stage_geometry/segments/segment_01/attempt_1/worker_status.json,outputs/10_signed_staged_residual_symbolic_pilot/iteration_1/stages/stage_geometry/segments/segment_01/attempt_1/worker_status.json,executed_research_artifact,381,251ea2600ec714b130a69f52d13ef4cf02ef6b431806733d111db5317ffdf9cf,251ea2600ec714b130a69f52d13ef4cf02ef6b431806733d111db5317ffdf9cf,False,
Nuclear_Graphite_Stress_Surrogate/outputs/10_signed_staged_residual_symbolic_pilot/iteration_1/stages/stage_geometry/segments/segment_01/attempt_1/worker_stderr.log,outputs/10_signed_staged_residual_symbolic_pilot/iteration_1/stages/stage_geometry/segments/segment_01/attempt_1/worker_stderr.log,executed_research_artifact,1471553,7a3e6e5a5c80f6941a5d700546ea69338de43cc2db6ffee0a59329fa3db819aa,7a3e6e5a5c80f6941a5d700546ea69338de43cc2db6ffee0a59329fa3db819aa,False,
Nuclear_Graphite_Stress_Surrogate/outputs/10_signed_staged_residual_symbolic_pilot/iteration_1/stages/stage_geometry/segments/segment_01/attempt_1/worker_stdout.log,outputs/10_signed_staged_residual_symbolic_pilot/iteration_1/stages/stage_geometry/segments/segment_01/attempt_1/worker_stdout.log,executed_research_artifact,5567,cfd631c7d18225d11dd90578ac960c80da2539f45768ad6280d86fc0e666af56,cfd631c7d18225d11dd90578ac960c80da2539f45768ad6280d86fc0e666af56,False,
Nuclear_Graphite_Stress_Surrogate/outputs/10_signed_staged_residual_symbolic_pilot/iteration_1/stages/stage_geometry/segments/segment_01/complete.json,outputs/10_signed_staged_residual_symbolic_pilot/iteration_1/stages/stage_geometry/segments/segment_01/complete.json,executed_research_artifact,161,99591d51e5469b8cf0512bf5c746b8c259a3e36412bfd9f143e4dede00ebc950,99591d51e5469b8cf0512bf5c746b8c259a3e36412bfd9f143e4dede00ebc950,False,
Nuclear_Graphite_Stress_Surrogate/outputs/10_signed_staged_residual_symbolic_pilot/iteration_1/stages/stage_geometry/segments/segment_01/frontier.csv,outputs/10_signed_staged_residual_symbolic_pilot/iteration_1/stages/stage_geometry/segments/segment_01/frontier.csv,executed_research_artifact,22401,7d1e08142a511d60dd5f591c66a821eb7a4c4b4422faa86e59cb3caac807fce9,7d1e08142a511d60dd5f591c66a821eb7a4c4b4422faa86e59cb3caac807fce9,False,
Nuclear_Graphite_Stress_Surrogate/outputs/10_signed_staged_residual_symbolic_pilot/iteration_1/stages/stage_geometry/segments/segment_01/watchdog_status.json,outputs/10_signed_staged_residual_symbolic_pilot/iteration_1/stages/stage_geometry/segments/segment_01/watchdog_status.json,executed_research_artifact,215,ee848016df2457e21b886dae5c7581aac8fed5038e44816e97bc21b655a2dda6,ee848016df2457e21b886dae5c7581aac8fed5038e44816e97bc21b655a2dda6,False,
Nuclear_Graphite_Stress_Surrogate/outputs/10_signed_staged_residual_symbolic_pilot/iteration_1/stages/stage_geometry/segments/segment_02/attempt_1/frontier.csv,outputs/10_signed_staged_residual_symbolic_pilot/iteration_1/stages/stage_geometry/segments/segment_02/attempt_1/frontier.csv,executed_research_artifact,26145,e406148e346b362d31404c8af4c4668012fc94a886d9725d844a04fe1c6bbd78,e406148e346b362d31404c8af4c4668012fc94a886d9725d844a04fe1c6bbd78,False,
Nuclear_Graphite_Stress_Surrogate/outputs/10_signed_staged_residual_symbolic_pilot/iteration_1/stages/stage_geometry/segments/segment_02/attempt_1/worker_status.json,outputs/10_signed_staged_residual_symbolic_pilot/iteration_1/stages/stage_geometry/segments/segment_02/attempt_1/worker_status.json,executed_research_artifact,390,d78dd1fbeb825efe23e489112f3d61ed4e6e249e0d74e33b14a194c7a077bb39,d78dd1fbeb825efe23e489112f3d61ed4e6e249e0d74e33b14a194c7a077bb39,False,
Nuclear_Graphite_Stress_Surrogate/outputs/10_signed_staged_residual_symbolic_pilot/iteration_1/stages/stage_geometry/segments/segment_02/attempt_1/worker_stderr.log,outputs/10_signed_staged_residual_symbolic_pilot/iteration_1/stages/stage_geometry/segments/segment_02/attempt_1/worker_stderr.log,executed_research_artifact,2749036,8055ecc58ded1048c5611e3cb7a78a17a760a21f2f8594469981a1c1e52d1627,8055ecc58ded1048c5611e3cb7a78a17a760a21f2f8594469981a1c1e52d1627,False,
Nuclear_Graphite_Stress_Surrogate/outputs/10_signed_staged_residual_symbolic_pilot/iteration_1/stages/stage_geometry/segments/segment_02/attempt_1/worker_stdout.log,outputs/10_signed_staged_residual_symbolic_pilot/iteration_1/stages/stage_geometry/segments/segment_02/attempt_1/worker_stdout.log,executed_research_artifact,6246,6fb2dbee91de4f2c308013a05efba4ce986a495444a5edf04b5cc93b3d3d8c27,6fb2dbee91de4f2c308013a05efba4ce986a495444a5edf04b5cc93b3d3d8c27,False,
Nuclear_Graphite_Stress_Surrogate/outputs/10_signed_staged_residual_symbolic_pilot/iteration_1/stages/stage_geometry/segments/segment_02/complete.json,outputs/10_signed_staged_residual_symbolic_pilot/iteration_1/stages/stage_geometry/segments/segment_02/complete.json,executed_research_artifact,161,37ed86d58c4a61e2c5cef37e0d0551414988824df6bc45dae269d52f0317e7ca,37ed86d58c4a61e2c5cef37e0d0551414988824df6bc45dae269d52f0317e7ca,False,
Nuclear_Graphite_Stress_Surrogate/outputs/10_signed_staged_residual_symbolic_pilot/iteration_1/stages/stage_geometry/segments/segment_02/frontier.csv,outputs/10_signed_staged_residual_symbolic_pilot/iteration_1/stages/stage_geometry/segments/segment_02/frontier.csv,executed_research_artifact,26209,adcae0b724655e1890577517002bed7418f8edffe34a15ad5973a3fab823e788,adcae0b724655e1890577517002bed7418f8edffe34a15ad5973a3fab823e788,False,
Nuclear_Graphite_Stress_Surrogate/outputs/10_signed_staged_residual_symbolic_pilot/iteration_1/stages/stage_geometry/segments/segment_02/watchdog_status.json,outputs/10_signed_staged_residual_symbolic_pilot/iteration_1/stages/stage_geometry/segments/segment_02/watchdog_status.json,executed_research_artifact,214,68c2fd7548bb328650bb54c9d284da6eedcfdd6ab39b64605a41a53dcbe52ca4,68c2fd7548bb328650bb54c9d284da6eedcfdd6ab39b64605a41a53dcbe52ca4,False,
Nuclear_Graphite_Stress_Surrogate/outputs/10_signed_staged_residual_symbolic_pilot/iteration_1/stages/stage_geometry/segments/segment_03/attempt_1/frontier.csv,outputs/10_signed_staged_residual_symbolic_pilot/iteration_1/stages/stage_geometry/segments/segment_03/attempt_1/frontier.csv,executed_research_artifact,29495,3aa5d3960f0f722430077665af92673b865e134fe8aa5173205db2ec965484c6,3aa5d3960f0f722430077665af92673b865e134fe8aa5173205db2ec965484c6,False,
Nuclear_Graphite_Stress_Surrogate/outputs/10_signed_staged_residual_symbolic_pilot/iteration_1/stages/stage_geometry/segments/segment_03/attempt_1/worker_status.json,outputs/10_signed_staged_residual_symbolic_pilot/iteration_1/stages/stage_geometry/segments/segment_03/attempt_1/worker_status.json,executed_research_artifact,390,568e0ce91da7265a6d8295e1c421627ba6fb7bb7afbe20476ecef9e2d9bf1858,568e0ce91da7265a6d8295e1c421627ba6fb7bb7afbe20476ecef9e2d9bf1858,False,
Nuclear_Graphite_Stress_Surrogate/outputs/10_signed_staged_residual_symbolic_pilot/iteration_1/stages/stage_geometry/segments/segment_03/attempt_1/worker_stderr.log,outputs/10_signed_staged_residual_symbolic_pilot/iteration_1/stages/stage_geometry/segments/segment_03/attempt_1/worker_stderr.log,executed_research_artifact,3723775,619d651780af194e933ba4691d32fe8cef78070116c79829cd07203027f28f12,619d651780af194e933ba4691d32fe8cef78070116c79829cd07203027f28f12,False,
Nuclear_Graphite_Stress_Surrogate/outputs/10_signed_staged_residual_symbolic_pilot/iteration_1/stages/stage_geometry/segments/segment_03/attempt_1/worker_stdout.log,outputs/10_signed_staged_residual_symbolic_pilot/iteration_1/stages/stage_geometry/segments/segment_03/attempt_1/worker_stdout.log,executed_research_artifact,6706,10d51263e06892757d5b6cf5e459af39ddcbeae5a5f43a3d10178099d9a53e74,10d51263e06892757d5b6cf5e459af39ddcbeae5a5f43a3d10178099d9a53e74,False,
Nuclear_Graphite_Stress_Surrogate/outputs/10_signed_staged_residual_symbolic_pilot/iteration_1/stages/stage_geometry/segments/segment_03/complete.json,outputs/10_signed_staged_residual_symbolic_pilot/iteration_1/stages/stage_geometry/segments/segment_03/complete.json,executed_research_artifact,160,d1e06b9e46bde65a38f4e4a48a9f2c436bba04bff1acd1d8225591db071e0531,d1e06b9e46bde65a38f4e4a48a9f2c436bba04bff1acd1d8225591db071e0531,False,
Nuclear_Graphite_Stress_Surrogate/outputs/10_signed_staged_residual_symbolic_pilot/iteration_1/stages/stage_geometry/segments/segment_03/frontier.csv,outputs/10_signed_staged_residual_symbolic_pilot/iteration_1/stages/stage_geometry/segments/segment_03/frontier.csv,executed_research_artifact,29560,d38a08a79b68bb882f34d41a799b6a4a278e1e7bcf4bf77fae828a0088747bcd,d38a08a79b68bb882f34d41a799b6a4a278e1e7bcf4bf77fae828a0088747bcd,False,
Nuclear_Graphite_Stress_Surrogate/outputs/10_signed_staged_residual_symbolic_pilot/iteration_1/stages/stage_geometry/segments/segment_03/watchdog_status.json,outputs/10_signed_staged_residual_symbolic_pilot/iteration_1/stages/stage_geometry/segments/segment_03/watchdog_status.json,executed_research_artifact,215,0ae66d1601ab538732691141eeb7160db615e8eb0e03abf70179c0de1a7d8390,0ae66d1601ab538732691141eeb7160db615e8eb0e03abf70179c0de1a7d8390,False,
Nuclear_Graphite_Stress_Surrogate/outputs/10_signed_staged_residual_symbolic_pilot/iteration_1/stages/stage_geometry/segments/segment_04/attempt_1/frontier.csv,outputs/10_signed_staged_residual_symbolic_pilot/iteration_1/stages/stage_geometry/segments/segment_04/attempt_1/frontier.csv,executed_research_artifact,49689,8e69303b9cfdfa58ded06cfe0ee5ea79034db36dd4a3de9e6fc01d7a1dbdba6b,8e69303b9cfdfa58ded06cfe0ee5ea79034db36dd4a3de9e6fc01d7a1dbdba6b,False,
Nuclear_Graphite_Stress_Surrogate/outputs/10_signed_staged_residual_symbolic_pilot/iteration_1/stages/stage_geometry/segments/segment_04/attempt_1/worker_status.json,outputs/10_signed_staged_residual_symbolic_pilot/iteration_1/stages/stage_geometry/segments/segment_04/attempt_1/worker_status.json,executed_research_artifact,390,cb4b647f6831a12c402829b05e84d9569d0417abaa55b8c4a8f30f3163fb20fb,cb4b647f6831a12c402829b05e84d9569d0417abaa55b8c4a8f30f3163fb20fb,False,
Nuclear_Graphite_Stress_Surrogate/outputs/10_signed_staged_residual_symbolic_pilot/iteration_1/stages/stage_geometry/segments/segment_04/attempt_1/worker_stderr.log,outputs/10_signed_staged_residual_symbolic_pilot/iteration_1/stages/stage_geometry/segments/segment_04/attempt_1/worker_stderr.log,executed_research_artifact,3769386,c78c6607e6c4573ea69bbe8b4442f0bb99583fa69624604bd998fd6cae6fcb1a,c78c6607e6c4573ea69bbe8b4442f0bb99583fa69624604bd998fd6cae6fcb1a,False,
Nuclear_Graphite_Stress_Surrogate/outputs/10_signed_staged_residual_symbolic_pilot/iteration_1/stages/stage_geometry/segments/segment_04/attempt_1/worker_stdout.log,outputs/10_signed_staged_residual_symbolic_pilot/iteration_1/stages/stage_geometry/segments/segment_04/attempt_1/worker_stdout.log,executed_research_artifact,9988,52f703280e6ac9a5fcd6706656a08e919e4146a4a47ab7f83c563fd4b8df8b5a,52f703280e6ac9a5fcd6706656a08e919e4146a4a47ab7f83c563fd4b8df8b5a,False,
Nuclear_Graphite_Stress_Surrogate/outputs/10_signed_staged_residual_symbolic_pilot/iteration_1/stages/stage_geometry/segments/segment_04/complete.json,outputs/10_signed_staged_residual_symbolic_pilot/iteration_1/stages/stage_geometry/segments/segment_04/complete.json,executed_research_artifact,161,73cd4c1b42a0b2d43f66327c09b2246f9376df7df08d104dd046e5c56cf40772,73cd4c1b42a0b2d43f66327c09b2246f9376df7df08d104dd046e5c56cf40772,False,
Nuclear_Graphite_Stress_Surrogate/outputs/10_signed_staged_residual_symbolic_pilot/iteration_1/stages/stage_geometry/segments/segment_04/frontier.csv,outputs/10_signed_staged_residual_symbolic_pilot/iteration_1/stages/stage_geometry/segments/segment_04/frontier.csv,executed_research_artifact,49767,b01f9b32fe22c154e05923dc8f6f984746d89443ee611515e31ca5ce2901f3ec,b01f9b32fe22c154e05923dc8f6f984746d89443ee611515e31ca5ce2901f3ec,False,
Nuclear_Graphite_Stress_Surrogate/outputs/10_signed_staged_residual_symbolic_pilot/iteration_1/stages/stage_geometry/segments/segment_04/watchdog_status.json,outputs/10_signed_staged_residual_symbolic_pilot/iteration_1/stages/stage_geometry/segments/segment_04/watchdog_status.json,executed_research_artifact,215,a43b3d3d3ed4fd8ca3ce9dcc6539f4a466f14912409bf64a2fcec400ed59a482,a43b3d3d3ed4fd8ca3ce9dcc6539f4a466f14912409bf64a2fcec400ed59a482,False,
Nuclear_Graphite_Stress_Surrogate/outputs/10_signed_staged_residual_symbolic_pilot/iteration_1/stages/stage_geometry/segments/segment_05/attempt_1/frontier.csv,outputs/10_signed_staged_residual_symbolic_pilot/iteration_1/stages/stage_geometry/segments/segment_05/attempt_1/frontier.csv,executed_research_artifact,39383,32d78e216f9a40b0353fcbceab4fc910c4f9572608e2a0163c918af241376678,32d78e216f9a40b0353fcbceab4fc910c4f9572608e2a0163c918af241376678,False,
Nuclear_Graphite_Stress_Surrogate/outputs/10_signed_staged_residual_symbolic_pilot/iteration_1/stages/stage_geometry/segments/segment_05/attempt_1/worker_status.json,outputs/10_signed_staged_residual_symbolic_pilot/iteration_1/stages/stage_geometry/segments/segment_05/attempt_1/worker_status.json,executed_research_artifact,390,e81f4d593502ef5d699c9a44d61c79fbdc0a7bb5b364214fc593017a4dded9fb,e81f4d593502ef5d699c9a44d61c79fbdc0a7bb5b364214fc593017a4dded9fb,False,
Nuclear_Graphite_Stress_Surrogate/outputs/10_signed_staged_residual_symbolic_pilot/iteration_1/stages/stage_geometry/segments/segment_05/attempt_1/worker_stderr.log,outputs/10_signed_staged_residual_symbolic_pilot/iteration_1/stages/stage_geometry/segments/segment_05/attempt_1/worker_stderr.log,executed_research_artifact,4594511,8ae35db52cb7406a0ec673b20cb2820b76d481a35823ccc7d0abfdc37939b3c1,8ae35db52cb7406a0ec673b20cb2820b76d481a35823ccc7d0abfdc37939b3c1,False,
Nuclear_Graphite_Stress_Surrogate/outputs/10_signed_staged_residual_symbolic_pilot/iteration_1/stages/stage_geometry/segments/segment_05/attempt_1/worker_stdout.log,outputs/10_signed_staged_residual_symbolic_pilot/iteration_1/stages/stage_geometry/segments/segment_05/attempt_1/worker_stdout.log,executed_research_artifact,8397,893603bafa08a4218a3311bc9eed2c44aba953d35809cc98b5b09036798b79fc,893603bafa08a4218a3311bc9eed2c44aba953d35809cc98b5b09036798b79fc,False,
Nuclear_Graphite_Stress_Surrogate/outputs/10_signed_staged_residual_symbolic_pilot/iteration_1/stages/stage_geometry/segments/segment_05/complete.json,outputs/10_signed_staged_residual_symbolic_pilot/iteration_1/stages/stage_geometry/segments/segment_05/complete.json,executed_research_artifact,161,2d73a617aba4091cc57a3a9b8f3b7a6a6f93736fd6c82c2e2988c614039ea2e2,2d73a617aba4091cc57a3a9b8f3b7a6a6f93736fd6c82c2e2988c614039ea2e2,False,
Nuclear_Graphite_Stress_Surrogate/outputs/10_signed_staged_residual_symbolic_pilot/iteration_1/stages/stage_geometry/segments/segment_05/frontier.csv,outputs/10_signed_staged_residual_symbolic_pilot/iteration_1/stages/stage_geometry/segments/segment_05/frontier.csv,executed_research_artifact,39457,167671a100f7956cd1ef776560cb5ceaa80ea1688bb1ccd818da34542efda999,167671a100f7956cd1ef776560cb5ceaa80ea1688bb1ccd818da34542efda999,False,
Nuclear_Graphite_Stress_Surrogate/outputs/10_signed_staged_residual_symbolic_pilot/iteration_1/stages/stage_geometry/segments/segment_05/watchdog_status.json,outputs/10_signed_staged_residual_symbolic_pilot/iteration_1/stages/stage_geometry/segments/segment_05/watchdog_status.json,executed_research_artifact,215,84d4e72e8e5f6f561f520b10e76b7a53dbaf90ac25a8d19a953c38905e408123,84d4e72e8e5f6f561f520b10e76b7a53dbaf90ac25a8d19a953c38905e408123,False,
Nuclear_Graphite_Stress_Surrogate/outputs/10_signed_staged_residual_symbolic_pilot/iteration_1/stages/stage_geometry/selected_formula.csv,outputs/10_signed_staged_residual_symbolic_pilot/iteration_1/stages/stage_geometry/selected_formula.csv,executed_research_artifact,5191,e6a0620d8fcd393ba4ba205b4c2628df8de43c1428d95309bb97a99fb2e86d5c,e6a0620d8fcd393ba4ba205b4c2628df8de43c1428d95309bb97a99fb2e86d5c,False,
Nuclear_Graphite_Stress_Surrogate/outputs/10_signed_staged_residual_symbolic_pilot/iteration_1/stages/stage_physical/candidate_validation_metrics.csv,outputs/10_signed_staged_residual_symbolic_pilot/iteration_1/stages/stage_physical/candidate_validation_metrics.csv,executed_research_artifact,35757,e0158b13fc9c23d8ff6ddfff9cbd4d4b21e9f96529c838995163eae36c3a62d8,e0158b13fc9c23d8ff6ddfff9cbd4d4b21e9f96529c838995163eae36c3a62d8,False,
Nuclear_Graphite_Stress_Surrogate/outputs/10_signed_staged_residual_symbolic_pilot/iteration_1/stages/stage_physical/frontier.csv,outputs/10_signed_staged_residual_symbolic_pilot/iteration_1/stages/stage_physical/frontier.csv,executed_research_artifact,27939,9c6026b455adfaf6124b278d60de239390c6c34e465fb6886a2e561c9feb7845,9c6026b455adfaf6124b278d60de239390c6c34e465fb6886a2e561c9feb7845,False,
Nuclear_Graphite_Stress_Surrogate/outputs/10_signed_staged_residual_symbolic_pilot/iteration_1/stages/stage_physical/full_validation_shortlist.csv,outputs/10_signed_staged_residual_symbolic_pilot/iteration_1/stages/stage_physical/full_validation_shortlist.csv,executed_research_artifact,25412,57a0720efa7e80260fd194eb5179ceaba965668ee7dc18d5e4ee352b77c8e7b3,57a0720efa7e80260fd194eb5179ceaba965668ee7dc18d5e4ee352b77c8e7b3,False,
Nuclear_Graphite_Stress_Surrogate/outputs/10_signed_staged_residual_symbolic_pilot/iteration_1/stages/stage_physical/search_progress.json,outputs/10_signed_staged_residual_symbolic_pilot/iteration_1/stages/stage_physical/search_progress.json,executed_research_artifact,322,0e6d23749b40c0c30429a4f7aff1bb5914d52bcf9169912e08a27e94de34c03e,0e6d23749b40c0c30429a4f7aff1bb5914d52bcf9169912e08a27e94de34c03e,False,
Nuclear_Graphite_Stress_Surrogate/outputs/10_signed_staged_residual_symbolic_pilot/iteration_1/stages/stage_physical/search_signature.json,outputs/10_signed_staged_residual_symbolic_pilot/iteration_1/stages/stage_physical/search_signature.json,executed_research_artifact,3374,b49314efa6ca28edc04cc5ae52d94356e52647a3e6318b9fac09b4ddf16cb16d,b49314efa6ca28edc04cc5ae52d94356e52647a3e6318b9fac09b4ddf16cb16d,False,
Nuclear_Graphite_Stress_Surrogate/outputs/10_signed_staged_residual_symbolic_pilot/iteration_1/stages/stage_physical/search_state/pysr_runs/v10_i1_physical_signed_residual_pilot/checkpoint.pkl,outputs/10_signed_staged_residual_symbolic_pilot/iteration_1/stages/stage_physical/search_state/pysr_runs/v10_i1_physical_signed_residual_pilot/checkpoint.pkl,executed_research_artifact,154552,5e68e761603c3c46583cd5ea1dd367d9e0fe3a5bce24cdc7ba4bd3ae2f59aa59,5e68e761603c3c46583cd5ea1dd367d9e0fe3a5bce24cdc7ba4bd3ae2f59aa59,False,
Nuclear_Graphite_Stress_Surrogate/outputs/10_signed_staged_residual_symbolic_pilot/iteration_1/stages/stage_physical/search_state/pysr_runs/v10_i1_physical_signed_residual_pilot/hall_of_fame.csv,outputs/10_signed_staged_residual_symbolic_pilot/iteration_1/stages/stage_physical/search_state/pysr_runs/v10_i1_physical_signed_residual_pilot/hall_of_fame.csv,executed_research_artifact,4415,c2835d6b24d36ae2b3e4092754ba83d98f4b473f190bac3e1ab8dfbdbe38abaa,c2835d6b24d36ae2b3e4092754ba83d98f4b473f190bac3e1ab8dfbdbe38abaa,False,
Nuclear_Graphite_Stress_Surrogate/outputs/10_signed_staged_residual_symbolic_pilot/iteration_1/stages/stage_physical/search_state/pysr_runs/v10_i1_physical_signed_residual_pilot/hall_of_fame.csv.bak,outputs/10_signed_staged_residual_symbolic_pilot/iteration_1/stages/stage_physical/search_state/pysr_runs/v10_i1_physical_signed_residual_pilot/hall_of_fame.csv.bak,executed_research_artifact,4415,c2835d6b24d36ae2b3e4092754ba83d98f4b473f190bac3e1ab8dfbdbe38abaa,c2835d6b24d36ae2b3e4092754ba83d98f4b473f190bac3e1ab8dfbdbe38abaa,False,
Nuclear_Graphite_Stress_Surrogate/outputs/10_signed_staged_residual_symbolic_pilot/iteration_1/stages/stage_physical/search_state/stable_snapshots/segment_01/checkpoint.pkl,outputs/10_signed_staged_residual_symbolic_pilot/iteration_1/stages/stage_physical/search_state/stable_snapshots/segment_01/checkpoint.pkl,executed_research_artifact,158621,f8dccb9b85fa15dfb7ba64ad32f4cfbe1bc2e85ce5678542de0cb66693c0ca7a,f8dccb9b85fa15dfb7ba64ad32f4cfbe1bc2e85ce5678542de0cb66693c0ca7a,False,
Nuclear_Graphite_Stress_Surrogate/outputs/10_signed_staged_residual_symbolic_pilot/iteration_1/stages/stage_physical/search_state/stable_snapshots/segment_01/hall_of_fame.csv,outputs/10_signed_staged_residual_symbolic_pilot/iteration_1/stages/stage_physical/search_state/stable_snapshots/segment_01/hall_of_fame.csv,executed_research_artifact,3583,b1d13d95356c19087277d0e773c2155d670ef7dad222621d189ecb1745a0cd21,b1d13d95356c19087277d0e773c2155d670ef7dad222621d189ecb1745a0cd21,False,
Nuclear_Graphite_Stress_Surrogate/outputs/10_signed_staged_residual_symbolic_pilot/iteration_1/stages/stage_physical/search_state/stable_snapshots/segment_02/checkpoint.pkl,outputs/10_signed_staged_residual_symbolic_pilot/iteration_1/stages/stage_physical/search_state/stable_snapshots/segment_02/checkpoint.pkl,executed_research_artifact,160290,63321a704eb4255fe5764cde64c1503fe468c7078ca2464aa00928721d23e812,63321a704eb4255fe5764cde64c1503fe468c7078ca2464aa00928721d23e812,False,
Nuclear_Graphite_Stress_Surrogate/outputs/10_signed_staged_residual_symbolic_pilot/iteration_1/stages/stage_physical/search_state/stable_snapshots/segment_02/hall_of_fame.csv,outputs/10_signed_staged_residual_symbolic_pilot/iteration_1/stages/stage_physical/search_state/stable_snapshots/segment_02/hall_of_fame.csv,executed_research_artifact,4052,d4b2d7e7fa1a4714a5216c5ad116fbf29fc705ade12ae0bed618fbbd21dffe96,d4b2d7e7fa1a4714a5216c5ad116fbf29fc705ade12ae0bed618fbbd21dffe96,False,
Nuclear_Graphite_Stress_Surrogate/outputs/10_signed_staged_residual_symbolic_pilot/iteration_1/stages/stage_physical/search_state/stable_snapshots/segment_03/checkpoint.pkl,outputs/10_signed_staged_residual_symbolic_pilot/iteration_1/stages/stage_physical/search_state/stable_snapshots/segment_03/checkpoint.pkl,executed_research_artifact,131320,36752d6a5929028e323d2d7ce0ed5a3e0f773a1761b462257430d2650193387b,36752d6a5929028e323d2d7ce0ed5a3e0f773a1761b462257430d2650193387b,False,
Nuclear_Graphite_Stress_Surrogate/outputs/10_signed_staged_residual_symbolic_pilot/iteration_1/stages/stage_physical/search_state/stable_snapshots/segment_03/hall_of_fame.csv,outputs/10_signed_staged_residual_symbolic_pilot/iteration_1/stages/stage_physical/search_state/stable_snapshots/segment_03/hall_of_fame.csv,executed_research_artifact,4087,f517f8f5465bd4c247c425f984a5e3b7e7eae9d8b3c4acf8ffc687b57b64c3bb,f517f8f5465bd4c247c425f984a5e3b7e7eae9d8b3c4acf8ffc687b57b64c3bb,False,
Nuclear_Graphite_Stress_Surrogate/outputs/10_signed_staged_residual_symbolic_pilot/iteration_1/stages/stage_physical/search_state/stable_snapshots/segment_04/checkpoint.pkl,outputs/10_signed_staged_residual_symbolic_pilot/iteration_1/stages/stage_physical/search_state/stable_snapshots/segment_04/checkpoint.pkl,executed_research_artifact,120453,b751889219f19209383586c679a9cb12ac4541ec9641db400a7b7877f54e8c99,b751889219f19209383586c679a9cb12ac4541ec9641db400a7b7877f54e8c99,False,
Nuclear_Graphite_Stress_Surrogate/outputs/10_signed_staged_residual_symbolic_pilot/iteration_1/stages/stage_physical/search_state/stable_snapshots/segment_04/hall_of_fame.csv,outputs/10_signed_staged_residual_symbolic_pilot/iteration_1/stages/stage_physical/search_state/stable_snapshots/segment_04/hall_of_fame.csv,executed_research_artifact,4028,d7c3d6693b240e6285fe510dbef98a6db0c80b1b5d6e7d4cbbf4963fc386b067,d7c3d6693b240e6285fe510dbef98a6db0c80b1b5d6e7d4cbbf4963fc386b067,False,
Nuclear_Graphite_Stress_Surrogate/outputs/10_signed_staged_residual_symbolic_pilot/iteration_1/stages/stage_physical/search_state/stable_snapshots/segment_05/checkpoint.pkl,outputs/10_signed_staged_residual_symbolic_pilot/iteration_1/stages/stage_physical/search_state/stable_snapshots/segment_05/checkpoint.pkl,executed_research_artifact,154552,5e68e761603c3c46583cd5ea1dd367d9e0fe3a5bce24cdc7ba4bd3ae2f59aa59,5e68e761603c3c46583cd5ea1dd367d9e0fe3a5bce24cdc7ba4bd3ae2f59aa59,False,
Nuclear_Graphite_Stress_Surrogate/outputs/10_signed_staged_residual_symbolic_pilot/iteration_1/stages/stage_physical/search_state/stable_snapshots/segment_05/hall_of_fame.csv,outputs/10_signed_staged_residual_symbolic_pilot/iteration_1/stages/stage_physical/search_state/stable_snapshots/segment_05/hall_of_fame.csv,executed_research_artifact,4415,c2835d6b24d36ae2b3e4092754ba83d98f4b473f190bac3e1ab8dfbdbe38abaa,c2835d6b24d36ae2b3e4092754ba83d98f4b473f190bac3e1ab8dfbdbe38abaa,False,
Nuclear_Graphite_Stress_Surrogate/outputs/10_signed_staged_residual_symbolic_pilot/iteration_1/stages/stage_physical/segment_attempt_audit.csv,outputs/10_signed_staged_residual_symbolic_pilot/iteration_1/stages/stage_physical/segment_attempt_audit.csv,executed_research_artifact,664,c4dfdfe0a368d782445f4b8a89bc48a4e9006f2a45ee53787b9eb212157a8be4,c4dfdfe0a368d782445f4b8a89bc48a4e9006f2a45ee53787b9eb212157a8be4,False,
Nuclear_Graphite_Stress_Surrogate/outputs/10_signed_staged_residual_symbolic_pilot/iteration_1/stages/stage_physical/segments/segment_01/attempt_1/frontier.csv,outputs/10_signed_staged_residual_symbolic_pilot/iteration_1/stages/stage_physical/segments/segment_01/attempt_1/frontier.csv,executed_research_artifact,20295,948189906f2559f3d353d569cd687f3fee3bafcbb960c3bec122186a672949cc,948189906f2559f3d353d569cd687f3fee3bafcbb960c3bec122186a672949cc,False,
Nuclear_Graphite_Stress_Surrogate/outputs/10_signed_staged_residual_symbolic_pilot/iteration_1/stages/stage_physical/segments/segment_01/attempt_1/worker_status.json,outputs/10_signed_staged_residual_symbolic_pilot/iteration_1/stages/stage_physical/segments/segment_01/attempt_1/worker_status.json,executed_research_artifact,381,dfc1cf87a3cbbe2f46dd8f0bff410f4c59e766270c08f918103e5f766bfe0adb,dfc1cf87a3cbbe2f46dd8f0bff410f4c59e766270c08f918103e5f766bfe0adb,False,
Nuclear_Graphite_Stress_Surrogate/outputs/10_signed_staged_residual_symbolic_pilot/iteration_1/stages/stage_physical/segments/segment_01/attempt_1/worker_stderr.log,outputs/10_signed_staged_residual_symbolic_pilot/iteration_1/stages/stage_physical/segments/segment_01/attempt_1/worker_stderr.log,executed_research_artifact,1858220,03dc893f894989a060998954b9f91cb0f6c69ea576621bc9a4ca4af3b6925bfe,03dc893f894989a060998954b9f91cb0f6c69ea576621bc9a4ca4af3b6925bfe,False,
Nuclear_Graphite_Stress_Surrogate/outputs/10_signed_staged_residual_symbolic_pilot/iteration_1/stages/stage_physical/segments/segment_01/attempt_1/worker_stdout.log,outputs/10_signed_staged_residual_symbolic_pilot/iteration_1/stages/stage_physical/segments/segment_01/attempt_1/worker_stdout.log,executed_research_artifact,5784,64b665caa1e77436a0dcb2a524ad0d076128415c7efe47e9d37b887e132ba7b7,64b665caa1e77436a0dcb2a524ad0d076128415c7efe47e9d37b887e132ba7b7,False,
Nuclear_Graphite_Stress_Surrogate/outputs/10_signed_staged_residual_symbolic_pilot/iteration_1/stages/stage_physical/segments/segment_01/complete.json,outputs/10_signed_staged_residual_symbolic_pilot/iteration_1/stages/stage_physical/segments/segment_01/complete.json,executed_research_artifact,161,f339dd1c8112c9cfd6ee610be7e0386b45ad22b1e63fe4a7851dc6bbf5cf011d,f339dd1c8112c9cfd6ee610be7e0386b45ad22b1e63fe4a7851dc6bbf5cf011d,False,
Nuclear_Graphite_Stress_Surrogate/outputs/10_signed_staged_residual_symbolic_pilot/iteration_1/stages/stage_physical/segments/segment_01/frontier.csv,outputs/10_signed_staged_residual_symbolic_pilot/iteration_1/stages/stage_physical/segments/segment_01/frontier.csv,executed_research_artifact,20358,b97049383eface5b340f2088fe1366ca7285c74ad0aaba3ec811528017eeb221,b97049383eface5b340f2088fe1366ca7285c74ad0aaba3ec811528017eeb221,False,
Nuclear_Graphite_Stress_Surrogate/outputs/10_signed_staged_residual_symbolic_pilot/iteration_1/stages/stage_physical/segments/segment_01/watchdog_status.json,outputs/10_signed_staged_residual_symbolic_pilot/iteration_1/stages/stage_physical/segments/segment_01/watchdog_status.json,executed_research_artifact,215,b240b2a6f091f902f08697134ea683ab65a07eaacde5be5808a57017b29a25a1,b240b2a6f091f902f08697134ea683ab65a07eaacde5be5808a57017b29a25a1,False,
Nuclear_Graphite_Stress_Surrogate/outputs/10_signed_staged_residual_symbolic_pilot/iteration_1/stages/stage_physical/segments/segment_02/attempt_1/frontier.csv,outputs/10_signed_staged_residual_symbolic_pilot/iteration_1/stages/stage_physical/segments/segment_02/attempt_1/frontier.csv,executed_research_artifact,25139,cd11f4b1b7021338f8f021292465ed552e797b8172cd80d4f303be0eb3ec2d4b,cd11f4b1b7021338f8f021292465ed552e797b8172cd80d4f303be0eb3ec2d4b,False,
Nuclear_Graphite_Stress_Surrogate/outputs/10_signed_staged_residual_symbolic_pilot/iteration_1/stages/stage_physical/segments/segment_02/attempt_1/worker_status.json,outputs/10_signed_staged_residual_symbolic_pilot/iteration_1/stages/stage_physical/segments/segment_02/attempt_1/worker_status.json,executed_research_artifact,390,1938b7d628e69f6fadf45387e9b14b0dea81616f1e7b3b375c89d603dc89ae12,1938b7d628e69f6fadf45387e9b14b0dea81616f1e7b3b375c89d603dc89ae12,False,
Nuclear_Graphite_Stress_Surrogate/outputs/10_signed_staged_residual_symbolic_pilot/iteration_1/stages/stage_physical/segments/segment_02/attempt_1/worker_stderr.log,outputs/10_signed_staged_residual_symbolic_pilot/iteration_1/stages/stage_physical/segments/segment_02/attempt_1/worker_stderr.log,executed_research_artifact,2732638,14ff7d7c48d220ce8e995d3ff91b297630d19d193b571f66957f4d8508ee236f,14ff7d7c48d220ce8e995d3ff91b297630d19d193b571f66957f4d8508ee236f,False,
Nuclear_Graphite_Stress_Surrogate/outputs/10_signed_staged_residual_symbolic_pilot/iteration_1/stages/stage_physical/segments/segment_02/attempt_1/worker_stdout.log,outputs/10_signed_staged_residual_symbolic_pilot/iteration_1/stages/stage_physical/segments/segment_02/attempt_1/worker_stdout.log,executed_research_artifact,6875,d4a17b7f5dafad49e96ebe5482517b33a62812880aa0c1fe497ba7e99c84afc1,d4a17b7f5dafad49e96ebe5482517b33a62812880aa0c1fe497ba7e99c84afc1,False,
Nuclear_Graphite_Stress_Surrogate/outputs/10_signed_staged_residual_symbolic_pilot/iteration_1/stages/stage_physical/segments/segment_02/complete.json,outputs/10_signed_staged_residual_symbolic_pilot/iteration_1/stages/stage_physical/segments/segment_02/complete.json,executed_research_artifact,161,5651ab96cfa926a6936f5f67ea590c804df4265d0510f7deb322c8610c921a53,5651ab96cfa926a6936f5f67ea590c804df4265d0510f7deb322c8610c921a53,False,
Nuclear_Graphite_Stress_Surrogate/outputs/10_signed_staged_residual_symbolic_pilot/iteration_1/stages/stage_physical/segments/segment_02/frontier.csv,outputs/10_signed_staged_residual_symbolic_pilot/iteration_1/stages/stage_physical/segments/segment_02/frontier.csv,executed_research_artifact,25202,402ac2c2539c4027418039dd1dcbb09e6c9e283cc4713610be96392cc6f4d351,402ac2c2539c4027418039dd1dcbb09e6c9e283cc4713610be96392cc6f4d351,False,
Nuclear_Graphite_Stress_Surrogate/outputs/10_signed_staged_residual_symbolic_pilot/iteration_1/stages/stage_physical/segments/segment_02/watchdog_status.json,outputs/10_signed_staged_residual_symbolic_pilot/iteration_1/stages/stage_physical/segments/segment_02/watchdog_status.json,executed_research_artifact,215,828bba482d5ed12674598f112f7808bdc059b7391ca4f154e05703b7fab0153e,828bba482d5ed12674598f112f7808bdc059b7391ca4f154e05703b7fab0153e,False,
Nuclear_Graphite_Stress_Surrogate/outputs/10_signed_staged_residual_symbolic_pilot/iteration_1/stages/stage_physical/segments/segment_03/attempt_1/frontier.csv,outputs/10_signed_staged_residual_symbolic_pilot/iteration_1/stages/stage_physical/segments/segment_03/attempt_1/frontier.csv,executed_research_artifact,26374,234e782bdaad9c290eabf7fec68a06a863cb9de01cf6dc7abd5d723d70e0166e,234e782bdaad9c290eabf7fec68a06a863cb9de01cf6dc7abd5d723d70e0166e,False,
Nuclear_Graphite_Stress_Surrogate/outputs/10_signed_staged_residual_symbolic_pilot/iteration_1/stages/stage_physical/segments/segment_03/attempt_1/worker_status.json,outputs/10_signed_staged_residual_symbolic_pilot/iteration_1/stages/stage_physical/segments/segment_03/attempt_1/worker_status.json,executed_research_artifact,390,4d7680df64d12c947e86f053d9a1a410f21059ab48f305174bdfeeda9434997b,4d7680df64d12c947e86f053d9a1a410f21059ab48f305174bdfeeda9434997b,False,
Nuclear_Graphite_Stress_Surrogate/outputs/10_signed_staged_residual_symbolic_pilot/iteration_1/stages/stage_physical/segments/segment_03/attempt_1/worker_stderr.log,outputs/10_signed_staged_residual_symbolic_pilot/iteration_1/stages/stage_physical/segments/segment_03/attempt_1/worker_stderr.log,executed_research_artifact,2811082,da15723ad46c1feaf83ccd7e0a4cbb0155cf0a990d1acf57206de3fc0931a182,da15723ad46c1feaf83ccd7e0a4cbb0155cf0a990d1acf57206de3fc0931a182,False,
Nuclear_Graphite_Stress_Surrogate/outputs/10_signed_staged_residual_symbolic_pilot/iteration_1/stages/stage_physical/segments/segment_03/attempt_1/worker_stdout.log,outputs/10_signed_staged_residual_symbolic_pilot/iteration_1/stages/stage_physical/segments/segment_03/attempt_1/worker_stdout.log,executed_research_artifact,6890,05eef6ed4639b26a7e3752b7ff4c0e9fa958c407144266da0bfb77ba576241c7,05eef6ed4639b26a7e3752b7ff4c0e9fa958c407144266da0bfb77ba576241c7,False,
Nuclear_Graphite_Stress_Surrogate/outputs/10_signed_staged_residual_symbolic_pilot/iteration_1/stages/stage_physical/segments/segment_03/complete.json,outputs/10_signed_staged_residual_symbolic_pilot/iteration_1/stages/stage_physical/segments/segment_03/complete.json,executed_research_artifact,161,d0e662b3339e5e8e29fc8d1d4f8856f3099bbf53a2fe406fcc340e5998cfa7ca,d0e662b3339e5e8e29fc8d1d4f8856f3099bbf53a2fe406fcc340e5998cfa7ca,False,
Nuclear_Graphite_Stress_Surrogate/outputs/10_signed_staged_residual_symbolic_pilot/iteration_1/stages/stage_physical/segments/segment_03/frontier.csv,outputs/10_signed_staged_residual_symbolic_pilot/iteration_1/stages/stage_physical/segments/segment_03/frontier.csv,executed_research_artifact,26437,16fad2eb1d067aebc2d120ff78a30de89ebfa5c2f856da7c23ba7d2f54f86bcf,16fad2eb1d067aebc2d120ff78a30de89ebfa5c2f856da7c23ba7d2f54f86bcf,False,
Nuclear_Graphite_Stress_Surrogate/outputs/10_signed_staged_residual_symbolic_pilot/iteration_1/stages/stage_physical/segments/segment_03/watchdog_status.json,outputs/10_signed_staged_residual_symbolic_pilot/iteration_1/stages/stage_physical/segments/segment_03/watchdog_status.json,executed_research_artifact,215,62f6f49771fe73a34f030164731c5211536855d862f29bc428bbe9671a0de473,62f6f49771fe73a34f030164731c5211536855d862f29bc428bbe9671a0de473,False,
Nuclear_Graphite_Stress_Surrogate/outputs/10_signed_staged_residual_symbolic_pilot/iteration_1/stages/stage_physical/segments/segment_04/attempt_1/frontier.csv,outputs/10_signed_staged_residual_symbolic_pilot/iteration_1/stages/stage_physical/segments/segment_04/attempt_1/frontier.csv,executed_research_artifact,24849,f1bbd4eaf135b65088773566bd475849d9203780d2da31a18b5fe79faeacc8dc,f1bbd4eaf135b65088773566bd475849d9203780d2da31a18b5fe79faeacc8dc,False,
Nuclear_Graphite_Stress_Surrogate/outputs/10_signed_staged_residual_symbolic_pilot/iteration_1/stages/stage_physical/segments/segment_04/attempt_1/worker_status.json,outputs/10_signed_staged_residual_symbolic_pilot/iteration_1/stages/stage_physical/segments/segment_04/attempt_1/worker_status.json,executed_research_artifact,390,b320f52096877e646cebaddd9bfe8ab0c3682a78dd31fe9396ea90abe8c760a5,b320f52096877e646cebaddd9bfe8ab0c3682a78dd31fe9396ea90abe8c760a5,False,
Nuclear_Graphite_Stress_Surrogate/outputs/10_signed_staged_residual_symbolic_pilot/iteration_1/stages/stage_physical/segments/segment_04/attempt_1/worker_stderr.log,outputs/10_signed_staged_residual_symbolic_pilot/iteration_1/stages/stage_physical/segments/segment_04/attempt_1/worker_stderr.log,executed_research_artifact,2806056,e2b3ffb2011f4d267828fe6240d90570954134884c530d0fffe8df3dcbc91fa9,e2b3ffb2011f4d267828fe6240d90570954134884c530d0fffe8df3dcbc91fa9,False,
Nuclear_Graphite_Stress_Surrogate/outputs/10_signed_staged_residual_symbolic_pilot/iteration_1/stages/stage_physical/segments/segment_04/attempt_1/worker_stdout.log,outputs/10_signed_staged_residual_symbolic_pilot/iteration_1/stages/stage_physical/segments/segment_04/attempt_1/worker_stdout.log,executed_research_artifact,6808,7baad2ccc0be4188bb3d6df652cd721ad1b062f8d29831c450a2dd1429bac9c9,7baad2ccc0be4188bb3d6df652cd721ad1b062f8d29831c450a2dd1429bac9c9,False,
Nuclear_Graphite_Stress_Surrogate/outputs/10_signed_staged_residual_symbolic_pilot/iteration_1/stages/stage_physical/segments/segment_04/complete.json,outputs/10_signed_staged_residual_symbolic_pilot/iteration_1/stages/stage_physical/segments/segment_04/complete.json,executed_research_artifact,161,d3d4e07025c2b6910c0f517e13245e6ef1d0987709b029ee0763ef6483464709,d3d4e07025c2b6910c0f517e13245e6ef1d0987709b029ee0763ef6483464709,False,
Nuclear_Graphite_Stress_Surrogate/outputs/10_signed_staged_residual_symbolic_pilot/iteration_1/stages/stage_physical/segments/segment_04/frontier.csv,outputs/10_signed_staged_residual_symbolic_pilot/iteration_1/stages/stage_physical/segments/segment_04/frontier.csv,executed_research_artifact,24912,5c9ee084000f9f6a57a278eb05c6f1655b6eec3636a5af58736662336847aed1,5c9ee084000f9f6a57a278eb05c6f1655b6eec3636a5af58736662336847aed1,False,
Nuclear_Graphite_Stress_Surrogate/outputs/10_signed_staged_residual_symbolic_pilot/iteration_1/stages/stage_physical/segments/segment_04/watchdog_status.json,outputs/10_signed_staged_residual_symbolic_pilot/iteration_1/stages/stage_physical/segments/segment_04/watchdog_status.json,executed_research_artifact,216,c3aca2602c4669337c5d4f76d5c80e34094dc8817da002f1578161c439901e98,c3aca2602c4669337c5d4f76d5c80e34094dc8817da002f1578161c439901e98,False,
Nuclear_Graphite_Stress_Surrogate/outputs/10_signed_staged_residual_symbolic_pilot/iteration_1/stages/stage_physical/segments/segment_05/attempt_1/frontier.csv,outputs/10_signed_staged_residual_symbolic_pilot/iteration_1/stages/stage_physical/segments/segment_05/attempt_1/frontier.csv,executed_research_artifact,27383,2308efe03816e86c20102d6be5311b2a761242f1bc9e6d93e304cae2c02d7713,2308efe03816e86c20102d6be5311b2a761242f1bc9e6d93e304cae2c02d7713,False,
Nuclear_Graphite_Stress_Surrogate/outputs/10_signed_staged_residual_symbolic_pilot/iteration_1/stages/stage_physical/segments/segment_05/attempt_1/worker_status.json,outputs/10_signed_staged_residual_symbolic_pilot/iteration_1/stages/stage_physical/segments/segment_05/attempt_1/worker_status.json,executed_research_artifact,390,3406e906ae784168fef3f2afc136b69f24e0473a3907f5477f8fd73667519f7d,3406e906ae784168fef3f2afc136b69f24e0473a3907f5477f8fd73667519f7d,False,
Nuclear_Graphite_Stress_Surrogate/outputs/10_signed_staged_residual_symbolic_pilot/iteration_1/stages/stage_physical/segments/segment_05/attempt_1/worker_stderr.log,outputs/10_signed_staged_residual_symbolic_pilot/iteration_1/stages/stage_physical/segments/segment_05/attempt_1/worker_stderr.log,executed_research_artifact,2682928,bb0156ddb49936c0ed83701b257f013fd2ee6d406e795ef5a96695ac4b42900e,bb0156ddb49936c0ed83701b257f013fd2ee6d406e795ef5a96695ac4b42900e,False,
Nuclear_Graphite_Stress_Surrogate/outputs/10_signed_staged_residual_symbolic_pilot/iteration_1/stages/stage_physical/segments/segment_05/attempt_1/worker_stdout.log,outputs/10_signed_staged_residual_symbolic_pilot/iteration_1/stages/stage_physical/segments/segment_05/attempt_1/worker_stdout.log,executed_research_artifact,7399,7d88f8845a50e9ce511f3d9791cc8dccf03af416b1fc58b2e3d42e638a38765c,7d88f8845a50e9ce511f3d9791cc8dccf03af416b1fc58b2e3d42e638a38765c,False,
Nuclear_Graphite_Stress_Surrogate/outputs/10_signed_staged_residual_symbolic_pilot/iteration_1/stages/stage_physical/segments/segment_05/complete.json,outputs/10_signed_staged_residual_symbolic_pilot/iteration_1/stages/stage_physical/segments/segment_05/complete.json,executed_research_artifact,161,df77ac376b773baa17bb69bef1edfa31b8083ffe09867610725976a3f6f0db09,df77ac376b773baa17bb69bef1edfa31b8083ffe09867610725976a3f6f0db09,False,
Nuclear_Graphite_Stress_Surrogate/outputs/10_signed_staged_residual_symbolic_pilot/iteration_1/stages/stage_physical/segments/segment_05/frontier.csv,outputs/10_signed_staged_residual_symbolic_pilot/iteration_1/stages/stage_physical/segments/segment_05/frontier.csv,executed_research_artifact,27451,3b4a56da1de63bee1ff535a312c3e3e8d320d775e337b1451060125729a5fb33,3b4a56da1de63bee1ff535a312c3e3e8d320d775e337b1451060125729a5fb33,False,
Nuclear_Graphite_Stress_Surrogate/outputs/10_signed_staged_residual_symbolic_pilot/iteration_1/stages/stage_physical/segments/segment_05/watchdog_status.json,outputs/10_signed_staged_residual_symbolic_pilot/iteration_1/stages/stage_physical/segments/segment_05/watchdog_status.json,executed_research_artifact,216,1bb0c07579969c114f8cd18bc617393d10037d6ab5578f222fe61858605d4dc5,1bb0c07579969c114f8cd18bc617393d10037d6ab5578f222fe61858605d4dc5,False,
Nuclear_Graphite_Stress_Surrogate/outputs/10_signed_staged_residual_symbolic_pilot/iteration_1/stages/stage_physical/selected_formula.csv,outputs/10_signed_staged_residual_symbolic_pilot/iteration_1/stages/stage_physical/selected_formula.csv,executed_research_artifact,4862,8edb412cac135e988fd429baf9a761fc1b72561cc5a47c163a9a7b327a321638,8edb412cac135e988fd429baf9a761fc1b72561cc5a47c163a9a7b327a321638,False,
Nuclear_Graphite_Stress_Surrogate/outputs/10_signed_staged_residual_symbolic_pilot/iteration_1/training_cache/all_v10_features.npy,outputs/10_signed_staged_residual_symbolic_pilot/iteration_1/training_cache/all_v10_features.npy,executed_research_artifact,95200128,d2ba620e579595f9b7e3d9f2fc2f349334e5475fa0b1d70cb3fdf552da4bbde9,d2ba620e579595f9b7e3d9f2fc2f349334e5475fa0b1d70cb3fdf552da4bbde9,False,
Nuclear_Graphite_Stress_Surrogate/outputs/10_signed_staged_residual_symbolic_pilot/iteration_1/training_cache/cache_metadata.json,outputs/10_signed_staged_residual_symbolic_pilot/iteration_1/training_cache/cache_metadata.json,executed_research_artifact,5199,1166aeb767ae55ce2f618429a622fe92b179b7341d1f4a082c0e170ab38c323f,1166aeb767ae55ce2f618429a622fe92b179b7341d1f4a082c0e170ab38c323f,False,
Nuclear_Graphite_Stress_Surrogate/outputs/10_signed_staged_residual_symbolic_pilot/iteration_1/training_cache/deployable_normalised_residual_target.npy,outputs/10_signed_staged_residual_symbolic_pilot/iteration_1/training_cache/deployable_normalised_residual_target.npy,executed_research_artifact,2380128,f81fa67e0945c68ac643422890f62891a6c2f21d5f4c89a719e134c8437325e2,f81fa67e0945c68ac643422890f62891a6c2f21d5f4c89a719e134c8437325e2,False,
Nuclear_Graphite_Stress_Surrogate/outputs/10_signed_staged_residual_symbolic_pilot/iteration_1/training_cache/remaining_after_geometry_residual.npy,outputs/10_signed_staged_residual_symbolic_pilot/iteration_1/training_cache/remaining_after_geometry_residual.npy,executed_research_artifact,2380128,b372137718f768ca013818571994e4ad70091343f7e63f283ab4bea967d8e365,b372137718f768ca013818571994e4ad70091343f7e63f283ab4bea967d8e365,False,
Nuclear_Graphite_Stress_Surrogate/outputs/10_signed_staged_residual_symbolic_pilot/iteration_1/training_cache/stage_a_features.npy,outputs/10_signed_staged_residual_symbolic_pilot/iteration_1/training_cache/stage_a_features.npy,executed_research_artifact,66640128,21c5363e70c5da3ab610fc197a4b6bdf28d2f97199ed4dfc17c9e3b1a6550115,21c5363e70c5da3ab610fc197a4b6bdf28d2f97199ed4dfc17c9e3b1a6550115,False,
Nuclear_Graphite_Stress_Surrogate/outputs/10_signed_staged_residual_symbolic_pilot/iteration_1/training_cache/stage_a_scaling.csv,outputs/10_signed_staged_residual_symbolic_pilot/iteration_1/training_cache/stage_a_scaling.csv,executed_research_artifact,1932,c4c694ba9b5005b652d577535c24338244b98afc3dd61d3e521266bf4e1ed8cd,c4c694ba9b5005b652d577535c24338244b98afc3dd61d3e521266bf4e1ed8cd,False,
Nuclear_Graphite_Stress_Surrogate/outputs/10_signed_staged_residual_symbolic_pilot/iteration_1/training_cache/stage_b_cache_metadata.json,outputs/10_signed_staged_residual_symbolic_pilot/iteration_1/training_cache/stage_b_cache_metadata.json,executed_research_artifact,1220,6b187d23aae9393cc76038a68355dcc98c03d7211afdc23867bbf935e23a56b7,6b187d23aae9393cc76038a68355dcc98c03d7211afdc23867bbf935e23a56b7,False,
Nuclear_Graphite_Stress_Surrogate/outputs/10_signed_staged_residual_symbolic_pilot/iteration_1/training_cache/stage_b_features.npy,outputs/10_signed_staged_residual_symbolic_pilot/iteration_1/training_cache/stage_b_features.npy,executed_research_artifact,69020128,1d6cee6feb0322ff03fa44eb7463543f885a6d1a8930d994a1696ed35b458bb1,1d6cee6feb0322ff03fa44eb7463543f885a6d1a8930d994a1696ed35b458bb1,False,
Nuclear_Graphite_Stress_Surrogate/outputs/10_signed_staged_residual_symbolic_pilot/iteration_1/training_cache/stage_b_scaling.csv,outputs/10_signed_staged_residual_symbolic_pilot/iteration_1/training_cache/stage_b_scaling.csv,executed_research_artifact,2071,2bca81f2782d75cc50ce7b8c582d6dfccd51ed1fd9c0efda5af979883c3313a6,2bca81f2782d75cc50ce7b8c582d6dfccd51ed1fd9c0efda5af979883c3313a6,False,
Nuclear_Graphite_Stress_Surrogate/outputs/10_signed_staged_residual_symbolic_pilot/iteration_1/training_cache/tier_mass_weights.npy,outputs/10_signed_staged_residual_symbolic_pilot/iteration_1/training_cache/tier_mass_weights.npy,executed_research_artifact,2380128,0ef5a26a9fc74d8e704d3238b9526286cb23842af5615a66df55dcc1c0521668,0ef5a26a9fc74d8e704d3238b9526286cb23842af5615a66df55dcc1c0521668,False,
Nuclear_Graphite_Stress_Surrogate/outputs/10_signed_staged_residual_symbolic_pilot/iteration_1/training_cache/training_sample_audit.csv,outputs/10_signed_staged_residual_symbolic_pilot/iteration_1/training_cache/training_sample_audit.csv,executed_research_artifact,55527,991097e380eb2cc7cb158eb658e1ce7d48a9088c0d819d9bbc5e02560eabb7da,991097e380eb2cc7cb158eb658e1ce7d48a9088c0d819d9bbc5e02560eabb7da,False,
Nuclear_Graphite_Stress_Surrogate/outputs/10_signed_staged_residual_symbolic_pilot/iteration_1/training_cache/training_sample_manifest.csv.gz,outputs/10_signed_staged_residual_symbolic_pilot/iteration_1/training_cache/training_sample_manifest.csv.gz,executed_research_artifact,2062118,ceba140b49b82ad9e4a14762a7bfc4cd7f26422a573cb0553da8080762dd9851,ceba140b49b82ad9e4a14762a7bfc4cd7f26422a573cb0553da8080762dd9851,False,
Nuclear_Graphite_Stress_Surrogate/outputs/10_signed_staged_residual_symbolic_pilot/iteration_1/v10_selected_tail_adaptation.png,outputs/10_signed_staged_residual_symbolic_pilot/iteration_1/v10_selected_tail_adaptation.png,executed_research_artifact,96172,6352b09e68f8650b7ad33330eeff4c09af4c14ec837d7d7cc861750450b6f76c,6352b09e68f8650b7ad33330eeff4c09af4c14ec837d7d7cc861750450b6f76c,False,
Nuclear_Graphite_Stress_Surrogate/outputs/10_signed_staged_residual_symbolic_pilot/iteration_1/v10_validation_model_comparison.png,outputs/10_signed_staged_residual_symbolic_pilot/iteration_1/v10_validation_model_comparison.png,executed_research_artifact,87094,f1ae884ec8a528f91cd68ead956d1cb5333efacb08b0f4dc39b6ecb3f01e6869,f1ae884ec8a528f91cd68ead956d1cb5333efacb08b0f4dc39b6ecb3f01e6869,False,
Nuclear_Graphite_Stress_Surrogate/outputs/10_signed_staged_residual_symbolic_pilot/iteration_2/design_rationale.json,outputs/10_signed_staged_residual_symbolic_pilot/iteration_2/design_rationale.json,executed_research_artifact,584,6a40332a3d2632ac8a98e22d27bed759b73f6ea70a59c65b2c934ec37d125d75,6a40332a3d2632ac8a98e22d27bed759b73f6ea70a59c65b2c934ec37d125d75,False,
Nuclear_Graphite_Stress_Surrogate/outputs/10_signed_staged_residual_symbolic_pilot/iteration_2/feature_registry.csv,outputs/10_signed_staged_residual_symbolic_pilot/iteration_2/feature_registry.csv,executed_research_artifact,1519,41fe1998c96ebc70b5a736df78f6e33477e53836629c03a3e38c561dda2f548b,41fe1998c96ebc70b5a736df78f6e33477e53836629c03a3e38c561dda2f548b,False,
Nuclear_Graphite_Stress_Surrogate/outputs/10_signed_staged_residual_symbolic_pilot/iteration_2/frozen_baseline_hash_audit.csv,outputs/10_signed_staged_residual_symbolic_pilot/iteration_2/frozen_baseline_hash_audit.csv,executed_research_artifact,1517,8aa07928142695f05751b6f2c6a043e9ec958c4790651e1b34d86d1e0320d6d3,8aa07928142695f05751b6f2c6a043e9ec958c4790651e1b34d86d1e0320d6d3,False,
Nuclear_Graphite_Stress_Surrogate/outputs/10_signed_staged_residual_symbolic_pilot/iteration_2/pilot_complete.json,outputs/10_signed_staged_residual_symbolic_pilot/iteration_2/pilot_complete.json,executed_research_artifact,751,bd62e163cae2f016b3e3873e65e5d3df74406e12a241013acde9e6e48a948362,bd62e163cae2f016b3e3873e65e5d3df74406e12a241013acde9e6e48a948362,False,
Nuclear_Graphite_Stress_Surrogate/outputs/10_signed_staged_residual_symbolic_pilot/iteration_2/preflight_checks.csv,outputs/10_signed_staged_residual_symbolic_pilot/iteration_2/preflight_checks.csv,executed_research_artifact,388,6b0ad622e0951ba615755465cb4db08ce1368f53d56a126747c642a106ceb123,6b0ad622e0951ba615755465cb4db08ce1368f53d56a126747c642a106ceb123,False,
Nuclear_Graphite_Stress_Surrogate/outputs/10_signed_staged_residual_symbolic_pilot/iteration_2/run_configuration.json,outputs/10_signed_staged_residual_symbolic_pilot/iteration_2/run_configuration.json,executed_research_artifact,608,ad29cb28f03c3e910bb04d02c60c53f383e6104ca02432cab76004f3e6778a5f,ad29cb28f03c3e910bb04d02c60c53f383e6104ca02432cab76004f3e6778a5f,False,
Nuclear_Graphite_Stress_Surrogate/outputs/10_signed_staged_residual_symbolic_pilot/iteration_2/run_status.json,outputs/10_signed_staged_residual_symbolic_pilot/iteration_2/run_status.json,executed_research_artifact,751,bd62e163cae2f016b3e3873e65e5d3df74406e12a241013acde9e6e48a948362,bd62e163cae2f016b3e3873e65e5d3df74406e12a241013acde9e6e48a948362,False,
Nuclear_Graphite_Stress_Surrogate/outputs/10_signed_staged_residual_symbolic_pilot/iteration_2/selected_composite_formula.csv,outputs/10_signed_staged_residual_symbolic_pilot/iteration_2/selected_composite_formula.csv,executed_research_artifact,4130,91474263bbecc7eac9ccae4736eb2a3122deb5af88280c3b6c2623c09ed54f10,91474263bbecc7eac9ccae4736eb2a3122deb5af88280c3b6c2623c09ed54f10,False,
Nuclear_Graphite_Stress_Surrogate/outputs/10_signed_staged_residual_symbolic_pilot/iteration_2/selected_composite_formula.txt,outputs/10_signed_staged_residual_symbolic_pilot/iteration_2/selected_composite_formula.txt,executed_research_artifact,3780,4300c60a27d74a7938d114bc722b9b40b28b3e964ac05b5de19c59d16dccd6d8,4300c60a27d74a7938d114bc722b9b40b28b3e964ac05b5de19c59d16dccd6d8,False,
Nuclear_Graphite_Stress_Surrogate/outputs/10_signed_staged_residual_symbolic_pilot/iteration_2/selected_models_case_metrics.csv.gz,outputs/10_signed_staged_residual_symbolic_pilot/iteration_2/selected_models_case_metrics.csv.gz,executed_research_artifact,20926,8067509402e9f8c1ef896db59ca2f600f943381cf8eff2dd65c6ba0005398ad7,8067509402e9f8c1ef896db59ca2f600f943381cf8eff2dd65c6ba0005398ad7,False,
Nuclear_Graphite_Stress_Surrogate/outputs/10_signed_staged_residual_symbolic_pilot/iteration_2/selected_models_split_metrics.csv,outputs/10_signed_staged_residual_symbolic_pilot/iteration_2/selected_models_split_metrics.csv,executed_research_artifact,2662,57bd66291034e0ba691dbaf131b803f0902e936a9ed3a550e431bc53d02070cb,57bd66291034e0ba691dbaf131b803f0902e936a9ed3a550e431bc53d02070cb,False,
Nuclear_Graphite_Stress_Surrogate/outputs/10_signed_staged_residual_symbolic_pilot/iteration_2/selected_models_tail_adaptation.csv,outputs/10_signed_staged_residual_symbolic_pilot/iteration_2/selected_models_tail_adaptation.csv,executed_research_artifact,1041,de1e707423533b39c8fcda9c00c41d4923356d3de8b3301c4c291c82b45d4b69,de1e707423533b39c8fcda9c00c41d4923356d3de8b3301c4c291c82b45d4b69,False,
Nuclear_Graphite_Stress_Surrogate/outputs/10_signed_staged_residual_symbolic_pilot/iteration_2/stages/stage_geometry/candidate_validation_metrics.csv,outputs/10_signed_staged_residual_symbolic_pilot/iteration_2/stages/stage_geometry/candidate_validation_metrics.csv,executed_research_artifact,35931,8e9ad20e03fe6546d1eab7f0d3e8f90736eb8de8db03912482ac9589ff51bf18,8e9ad20e03fe6546d1eab7f0d3e8f90736eb8de8db03912482ac9589ff51bf18,False,
Nuclear_Graphite_Stress_Surrogate/outputs/10_signed_staged_residual_symbolic_pilot/iteration_2/stages/stage_geometry/frontier.csv,outputs/10_signed_staged_residual_symbolic_pilot/iteration_2/stages/stage_geometry/frontier.csv,executed_research_artifact,31345,1395eed733f11e7978420cdcd83fbc59a11a414b7006cf4ba504898c6d903c3c,1395eed733f11e7978420cdcd83fbc59a11a414b7006cf4ba504898c6d903c3c,False,
Nuclear_Graphite_Stress_Surrogate/outputs/10_signed_staged_residual_symbolic_pilot/iteration_2/stages/stage_geometry/full_validation_shortlist.csv,outputs/10_signed_staged_residual_symbolic_pilot/iteration_2/stages/stage_geometry/full_validation_shortlist.csv,executed_research_artifact,25635,ea48a30748f9e8c8d1e9da36cef48fbbbc73ecb8430c4482cca60bced45c59ea,ea48a30748f9e8c8d1e9da36cef48fbbbc73ecb8430c4482cca60bced45c59ea,False,
Nuclear_Graphite_Stress_Surrogate/outputs/10_signed_staged_residual_symbolic_pilot/iteration_2/stages/stage_geometry/search_progress.json,outputs/10_signed_staged_residual_symbolic_pilot/iteration_2/stages/stage_geometry/search_progress.json,executed_research_artifact,322,6fcf15ad5bfb94489cedfe4f3520a661e073e2982dddd7b70de806fd26f51a5c,6fcf15ad5bfb94489cedfe4f3520a661e073e2982dddd7b70de806fd26f51a5c,False,
Nuclear_Graphite_Stress_Surrogate/outputs/10_signed_staged_residual_symbolic_pilot/iteration_2/stages/stage_geometry/search_signature.json,outputs/10_signed_staged_residual_symbolic_pilot/iteration_2/stages/stage_geometry/search_signature.json,executed_research_artifact,3265,c3693bb6acb02d6316630cf15d17fec96f2fb4118309802a7d7cb678a8ecdbdd,c3693bb6acb02d6316630cf15d17fec96f2fb4118309802a7d7cb678a8ecdbdd,False,
Nuclear_Graphite_Stress_Surrogate/outputs/10_signed_staged_residual_symbolic_pilot/iteration_2/stages/stage_geometry/search_state/pysr_runs/v10_i2_geometry_signed_residual_pilot/checkpoint.pkl,outputs/10_signed_staged_residual_symbolic_pilot/iteration_2/stages/stage_geometry/search_state/pysr_runs/v10_i2_geometry_signed_residual_pilot/checkpoint.pkl,executed_research_artifact,190745,442b7093cdd575b481f08b92e543534af6996fbb6ee7156e0c0d60a55d95f6ca,442b7093cdd575b481f08b92e543534af6996fbb6ee7156e0c0d60a55d95f6ca,False,
Nuclear_Graphite_Stress_Surrogate/outputs/10_signed_staged_residual_symbolic_pilot/iteration_2/stages/stage_geometry/search_state/pysr_runs/v10_i2_geometry_signed_residual_pilot/hall_of_fame.csv,outputs/10_signed_staged_residual_symbolic_pilot/iteration_2/stages/stage_geometry/search_state/pysr_runs/v10_i2_geometry_signed_residual_pilot/hall_of_fame.csv,executed_research_artifact,5054,7593c3a35937b62696f3bb7d2c225f7c30f488a9cee114bbf5a97d8bdf229a12,7593c3a35937b62696f3bb7d2c225f7c30f488a9cee114bbf5a97d8bdf229a12,False,
Nuclear_Graphite_Stress_Surrogate/outputs/10_signed_staged_residual_symbolic_pilot/iteration_2/stages/stage_geometry/search_state/pysr_runs/v10_i2_geometry_signed_residual_pilot/hall_of_fame.csv.bak,outputs/10_signed_staged_residual_symbolic_pilot/iteration_2/stages/stage_geometry/search_state/pysr_runs/v10_i2_geometry_signed_residual_pilot/hall_of_fame.csv.bak,executed_research_artifact,5054,7593c3a35937b62696f3bb7d2c225f7c30f488a9cee114bbf5a97d8bdf229a12,7593c3a35937b62696f3bb7d2c225f7c30f488a9cee114bbf5a97d8bdf229a12,False,
Nuclear_Graphite_Stress_Surrogate/outputs/10_signed_staged_residual_symbolic_pilot/iteration_2/stages/stage_geometry/search_state/stable_snapshots/segment_01/checkpoint.pkl,outputs/10_signed_staged_residual_symbolic_pilot/iteration_2/stages/stage_geometry/search_state/stable_snapshots/segment_01/checkpoint.pkl,executed_research_artifact,219851,d64997c8b2f728397e96745f5ebde4312f506c33abec07ab5314ddbff5f6f5bf,d64997c8b2f728397e96745f5ebde4312f506c33abec07ab5314ddbff5f6f5bf,False,
Nuclear_Graphite_Stress_Surrogate/outputs/10_signed_staged_residual_symbolic_pilot/iteration_2/stages/stage_geometry/search_state/stable_snapshots/segment_01/hall_of_fame.csv,outputs/10_signed_staged_residual_symbolic_pilot/iteration_2/stages/stage_geometry/search_state/stable_snapshots/segment_01/hall_of_fame.csv,executed_research_artifact,2513,ffc64d894fbdc6dab977ba80213c47b20bab1bc8ed3ff8416816459ad8bd10ba,ffc64d894fbdc6dab977ba80213c47b20bab1bc8ed3ff8416816459ad8bd10ba,False,
Nuclear_Graphite_Stress_Surrogate/outputs/10_signed_staged_residual_symbolic_pilot/iteration_2/stages/stage_geometry/search_state/stable_snapshots/segment_02/checkpoint.pkl,outputs/10_signed_staged_residual_symbolic_pilot/iteration_2/stages/stage_geometry/search_state/stable_snapshots/segment_02/checkpoint.pkl,executed_research_artifact,204656,1dabca782a5bc6524e4052f4bc24bc5ab20e42137fba0ea969c0ac5ed6c77b4f,1dabca782a5bc6524e4052f4bc24bc5ab20e42137fba0ea969c0ac5ed6c77b4f,False,
Nuclear_Graphite_Stress_Surrogate/outputs/10_signed_staged_residual_symbolic_pilot/iteration_2/stages/stage_geometry/search_state/stable_snapshots/segment_02/hall_of_fame.csv,outputs/10_signed_staged_residual_symbolic_pilot/iteration_2/stages/stage_geometry/search_state/stable_snapshots/segment_02/hall_of_fame.csv,executed_research_artifact,2983,4416ff6ae1f93bdfc957d619ea8f53b009f7b31b6c3f94be80b78ee817911791,4416ff6ae1f93bdfc957d619ea8f53b009f7b31b6c3f94be80b78ee817911791,False,
Nuclear_Graphite_Stress_Surrogate/outputs/10_signed_staged_residual_symbolic_pilot/iteration_2/stages/stage_geometry/search_state/stable_snapshots/segment_03/checkpoint.pkl,outputs/10_signed_staged_residual_symbolic_pilot/iteration_2/stages/stage_geometry/search_state/stable_snapshots/segment_03/checkpoint.pkl,executed_research_artifact,194143,0e31b3086e66e6dd8fbdce31d0a197662ac954c5e7eb3a8cb18f83151e13237d,0e31b3086e66e6dd8fbdce31d0a197662ac954c5e7eb3a8cb18f83151e13237d,False,
Nuclear_Graphite_Stress_Surrogate/outputs/10_signed_staged_residual_symbolic_pilot/iteration_2/stages/stage_geometry/search_state/stable_snapshots/segment_03/hall_of_fame.csv,outputs/10_signed_staged_residual_symbolic_pilot/iteration_2/stages/stage_geometry/search_state/stable_snapshots/segment_03/hall_of_fame.csv,executed_research_artifact,3311,4d8d50b1f80c74dc24fc632ca50598b4d3b0679277bcfcd973c870e7ccc1fedd,4d8d50b1f80c74dc24fc632ca50598b4d3b0679277bcfcd973c870e7ccc1fedd,False,
Nuclear_Graphite_Stress_Surrogate/outputs/10_signed_staged_residual_symbolic_pilot/iteration_2/stages/stage_geometry/search_state/stable_snapshots/segment_04/checkpoint.pkl,outputs/10_signed_staged_residual_symbolic_pilot/iteration_2/stages/stage_geometry/search_state/stable_snapshots/segment_04/checkpoint.pkl,executed_research_artifact,156775,1cd3ca1924301767341dc8f367a0bf415ac2991d6d2037351b18c40e6c53ec01,1cd3ca1924301767341dc8f367a0bf415ac2991d6d2037351b18c40e6c53ec01,False,
Nuclear_Graphite_Stress_Surrogate/outputs/10_signed_staged_residual_symbolic_pilot/iteration_2/stages/stage_geometry/search_state/stable_snapshots/segment_04/hall_of_fame.csv,outputs/10_signed_staged_residual_symbolic_pilot/iteration_2/stages/stage_geometry/search_state/stable_snapshots/segment_04/hall_of_fame.csv,executed_research_artifact,4875,6c6767a58c336a50d05f7ff070cd0c27075c12affde0f2bbae6efec22c64506f,6c6767a58c336a50d05f7ff070cd0c27075c12affde0f2bbae6efec22c64506f,False,
Nuclear_Graphite_Stress_Surrogate/outputs/10_signed_staged_residual_symbolic_pilot/iteration_2/stages/stage_geometry/search_state/stable_snapshots/segment_05/checkpoint.pkl,outputs/10_signed_staged_residual_symbolic_pilot/iteration_2/stages/stage_geometry/search_state/stable_snapshots/segment_05/checkpoint.pkl,executed_research_artifact,190745,442b7093cdd575b481f08b92e543534af6996fbb6ee7156e0c0d60a55d95f6ca,442b7093cdd575b481f08b92e543534af6996fbb6ee7156e0c0d60a55d95f6ca,False,
Nuclear_Graphite_Stress_Surrogate/outputs/10_signed_staged_residual_symbolic_pilot/iteration_2/stages/stage_geometry/search_state/stable_snapshots/segment_05/hall_of_fame.csv,outputs/10_signed_staged_residual_symbolic_pilot/iteration_2/stages/stage_geometry/search_state/stable_snapshots/segment_05/hall_of_fame.csv,executed_research_artifact,5054,7593c3a35937b62696f3bb7d2c225f7c30f488a9cee114bbf5a97d8bdf229a12,7593c3a35937b62696f3bb7d2c225f7c30f488a9cee114bbf5a97d8bdf229a12,False,
Nuclear_Graphite_Stress_Surrogate/outputs/10_signed_staged_residual_symbolic_pilot/iteration_2/stages/stage_geometry/segment_attempt_audit.csv,outputs/10_signed_staged_residual_symbolic_pilot/iteration_2/stages/stage_geometry/segment_attempt_audit.csv,executed_research_artifact,664,d554224b9c88c53c4cbc89606a36ef31d5581415c742f6deed3ee97a34ef17f6,d554224b9c88c53c4cbc89606a36ef31d5581415c742f6deed3ee97a34ef17f6,False,
Nuclear_Graphite_Stress_Surrogate/outputs/10_signed_staged_residual_symbolic_pilot/iteration_2/stages/stage_geometry/segments/segment_01/attempt_1/frontier.csv,outputs/10_signed_staged_residual_symbolic_pilot/iteration_2/stages/stage_geometry/segments/segment_01/attempt_1/frontier.csv,executed_research_artifact,15711,cfa6620d8eb65c9c5f92d5d8bfd3cf8febc730dfeab1d9baec4c8380869cb3ef,cfa6620d8eb65c9c5f92d5d8bfd3cf8febc730dfeab1d9baec4c8380869cb3ef,False,
Nuclear_Graphite_Stress_Surrogate/outputs/10_signed_staged_residual_symbolic_pilot/iteration_2/stages/stage_geometry/segments/segment_01/attempt_1/worker_status.json,outputs/10_signed_staged_residual_symbolic_pilot/iteration_2/stages/stage_geometry/segments/segment_01/attempt_1/worker_status.json,executed_research_artifact,381,f5829fb83507f1da508988f1d0e7aafb2eeb2874e8045484072d8433e20bbfe1,f5829fb83507f1da508988f1d0e7aafb2eeb2874e8045484072d8433e20bbfe1,False,
Nuclear_Graphite_Stress_Surrogate/outputs/10_signed_staged_residual_symbolic_pilot/iteration_2/stages/stage_geometry/segments/segment_01/attempt_1/worker_stderr.log,outputs/10_signed_staged_residual_symbolic_pilot/iteration_2/stages/stage_geometry/segments/segment_01/attempt_1/worker_stderr.log,executed_research_artifact,1405522,aaca515debc08f62b6d1e658d673867ad7a4e8a52565c6e97826f2323479a92e,aaca515debc08f62b6d1e658d673867ad7a4e8a52565c6e97826f2323479a92e,False,
Nuclear_Graphite_Stress_Surrogate/outputs/10_signed_staged_residual_symbolic_pilot/iteration_2/stages/stage_geometry/segments/segment_01/attempt_1/worker_stdout.log,outputs/10_signed_staged_residual_symbolic_pilot/iteration_2/stages/stage_geometry/segments/segment_01/attempt_1/worker_stdout.log,executed_research_artifact,4442,054de605794964ee7afad230ed9eaf51917b30f09f1e522506a31a149df3aa4d,054de605794964ee7afad230ed9eaf51917b30f09f1e522506a31a149df3aa4d,False,
Nuclear_Graphite_Stress_Surrogate/outputs/10_signed_staged_residual_symbolic_pilot/iteration_2/stages/stage_geometry/segments/segment_01/complete.json,outputs/10_signed_staged_residual_symbolic_pilot/iteration_2/stages/stage_geometry/segments/segment_01/complete.json,executed_research_artifact,161,470b6f920d36eb008a509b99b92d5227c9d8f90fae042427564806448bb5887a,470b6f920d36eb008a509b99b92d5227c9d8f90fae042427564806448bb5887a,False,
Nuclear_Graphite_Stress_Surrogate/outputs/10_signed_staged_residual_symbolic_pilot/iteration_2/stages/stage_geometry/segments/segment_01/frontier.csv,outputs/10_signed_staged_residual_symbolic_pilot/iteration_2/stages/stage_geometry/segments/segment_01/frontier.csv,executed_research_artifact,15767,7a84e1a65b405c97179bbf4aee8100e4b78772c9922fc10fc5a8c6ca7653f6e5,7a84e1a65b405c97179bbf4aee8100e4b78772c9922fc10fc5a8c6ca7653f6e5,False,
Nuclear_Graphite_Stress_Surrogate/outputs/10_signed_staged_residual_symbolic_pilot/iteration_2/stages/stage_geometry/segments/segment_01/watchdog_status.json,outputs/10_signed_staged_residual_symbolic_pilot/iteration_2/stages/stage_geometry/segments/segment_01/watchdog_status.json,executed_research_artifact,215,8d4434891ace1f8da203b6b506a31d4b409fc5f5f15087eea1360db260de1943,8d4434891ace1f8da203b6b506a31d4b409fc5f5f15087eea1360db260de1943,False,
Nuclear_Graphite_Stress_Surrogate/outputs/10_signed_staged_residual_symbolic_pilot/iteration_2/stages/stage_geometry/segments/segment_02/attempt_1/frontier.csv,outputs/10_signed_staged_residual_symbolic_pilot/iteration_2/stages/stage_geometry/segments/segment_02/attempt_1/frontier.csv,executed_research_artifact,18824,5d6d234b713ceac92f0917dc6ba8659d12050e4059c2d059d10818671bf2b00e,5d6d234b713ceac92f0917dc6ba8659d12050e4059c2d059d10818671bf2b00e,False,
Nuclear_Graphite_Stress_Surrogate/outputs/10_signed_staged_residual_symbolic_pilot/iteration_2/stages/stage_geometry/segments/segment_02/attempt_1/worker_status.json,outputs/10_signed_staged_residual_symbolic_pilot/iteration_2/stages/stage_geometry/segments/segment_02/attempt_1/worker_status.json,executed_research_artifact,390,99ce161c06e8ae6e6f08faf808728c05ea5845d4856407b7a058e873bb9802d5,99ce161c06e8ae6e6f08faf808728c05ea5845d4856407b7a058e873bb9802d5,False,
Nuclear_Graphite_Stress_Surrogate/outputs/10_signed_staged_residual_symbolic_pilot/iteration_2/stages/stage_geometry/segments/segment_02/attempt_1/worker_stderr.log,outputs/10_signed_staged_residual_symbolic_pilot/iteration_2/stages/stage_geometry/segments/segment_02/attempt_1/worker_stderr.log,executed_research_artifact,1965452,fda6b3a1444bb11c93ec3add17920c1439fa2c62c2c85f309bbb3e8d380988b5,fda6b3a1444bb11c93ec3add17920c1439fa2c62c2c85f309bbb3e8d380988b5,False,
Nuclear_Graphite_Stress_Surrogate/outputs/10_signed_staged_residual_symbolic_pilot/iteration_2/stages/stage_geometry/segments/segment_02/attempt_1/worker_stdout.log,outputs/10_signed_staged_residual_symbolic_pilot/iteration_2/stages/stage_geometry/segments/segment_02/attempt_1/worker_stdout.log,executed_research_artifact,5217,4c8f28e1f7ae01bfbbb5244a9eb9717b3d6b23331176ec335fffcce211fd56ca,4c8f28e1f7ae01bfbbb5244a9eb9717b3d6b23331176ec335fffcce211fd56ca,False,
Nuclear_Graphite_Stress_Surrogate/outputs/10_signed_staged_residual_symbolic_pilot/iteration_2/stages/stage_geometry/segments/segment_02/complete.json,outputs/10_signed_staged_residual_symbolic_pilot/iteration_2/stages/stage_geometry/segments/segment_02/complete.json,executed_research_artifact,161,37e6e015d340cf7829e159e3136596ff1e9c9cda90ca5785d70fc92d497de8b2,37e6e015d340cf7829e159e3136596ff1e9c9cda90ca5785d70fc92d497de8b2,False,
Nuclear_Graphite_Stress_Surrogate/outputs/10_signed_staged_residual_symbolic_pilot/iteration_2/stages/stage_geometry/segments/segment_02/frontier.csv,outputs/10_signed_staged_residual_symbolic_pilot/iteration_2/stages/stage_geometry/segments/segment_02/frontier.csv,executed_research_artifact,18886,d0acc2275abc7ddf85af1ff8f32a12b0312884740ca0e6d151af1b99cf402aab,d0acc2275abc7ddf85af1ff8f32a12b0312884740ca0e6d151af1b99cf402aab,False,
Nuclear_Graphite_Stress_Surrogate/outputs/10_signed_staged_residual_symbolic_pilot/iteration_2/stages/stage_geometry/segments/segment_02/watchdog_status.json,outputs/10_signed_staged_residual_symbolic_pilot/iteration_2/stages/stage_geometry/segments/segment_02/watchdog_status.json,executed_research_artifact,215,c88dbdfdbf3d05dce4d93f2b3bbbad5a9dad967a16cf86c442832d55cc55f49c,c88dbdfdbf3d05dce4d93f2b3bbbad5a9dad967a16cf86c442832d55cc55f49c,False,
Nuclear_Graphite_Stress_Surrogate/outputs/10_signed_staged_residual_symbolic_pilot/iteration_2/stages/stage_geometry/segments/segment_03/attempt_1/frontier.csv,outputs/10_signed_staged_residual_symbolic_pilot/iteration_2/stages/stage_geometry/segments/segment_03/attempt_1/frontier.csv,executed_research_artifact,20692,eae18576e183be0260904ac8a0e12e3907b72c77b3e04a0ce83d077213b5d2cc,eae18576e183be0260904ac8a0e12e3907b72c77b3e04a0ce83d077213b5d2cc,False,
Nuclear_Graphite_Stress_Surrogate/outputs/10_signed_staged_residual_symbolic_pilot/iteration_2/stages/stage_geometry/segments/segment_03/attempt_1/worker_status.json,outputs/10_signed_staged_residual_symbolic_pilot/iteration_2/stages/stage_geometry/segments/segment_03/attempt_1/worker_status.json,executed_research_artifact,390,520258c980d665c3a0f29dbb0b1cf9bd9ca8dcb1f35bc2243e7d08070f1393db,520258c980d665c3a0f29dbb0b1cf9bd9ca8dcb1f35bc2243e7d08070f1393db,False,
Nuclear_Graphite_Stress_Surrogate/outputs/10_signed_staged_residual_symbolic_pilot/iteration_2/stages/stage_geometry/segments/segment_03/attempt_1/worker_stderr.log,outputs/10_signed_staged_residual_symbolic_pilot/iteration_2/stages/stage_geometry/segments/segment_03/attempt_1/worker_stderr.log,executed_research_artifact,2006192,1f8c150799d3d6f5ffa05cb18bcd2dd48831e3f0804a6bb4a0bd11e1c40bc24a,1f8c150799d3d6f5ffa05cb18bcd2dd48831e3f0804a6bb4a0bd11e1c40bc24a,False,
Nuclear_Graphite_Stress_Surrogate/outputs/10_signed_staged_residual_symbolic_pilot/iteration_2/stages/stage_geometry/segments/segment_03/attempt_1/worker_stdout.log,outputs/10_signed_staged_residual_symbolic_pilot/iteration_2/stages/stage_geometry/segments/segment_03/attempt_1/worker_stdout.log,executed_research_artifact,5572,334acf9099dcdb1104d89b18fd90dc664e99da7d317ccae8d5c98cc730d1a0f5,334acf9099dcdb1104d89b18fd90dc664e99da7d317ccae8d5c98cc730d1a0f5,False,
Nuclear_Graphite_Stress_Surrogate/outputs/10_signed_staged_residual_symbolic_pilot/iteration_2/stages/stage_geometry/segments/segment_03/complete.json,outputs/10_signed_staged_residual_symbolic_pilot/iteration_2/stages/stage_geometry/segments/segment_03/complete.json,executed_research_artifact,161,9dc1017aced5fe80e9aa077b460dd0576925eaf49e034e08b7bfc89477a8db4b,9dc1017aced5fe80e9aa077b460dd0576925eaf49e034e08b7bfc89477a8db4b,False,
Nuclear_Graphite_Stress_Surrogate/outputs/10_signed_staged_residual_symbolic_pilot/iteration_2/stages/stage_geometry/segments/segment_03/frontier.csv,outputs/10_signed_staged_residual_symbolic_pilot/iteration_2/stages/stage_geometry/segments/segment_03/frontier.csv,executed_research_artifact,20768,8695729f07459685a8e6fab89185c18fa36a03951019c82d15982fbb41c259c4,8695729f07459685a8e6fab89185c18fa36a03951019c82d15982fbb41c259c4,False,
Nuclear_Graphite_Stress_Surrogate/outputs/10_signed_staged_residual_symbolic_pilot/iteration_2/stages/stage_geometry/segments/segment_03/watchdog_status.json,outputs/10_signed_staged_residual_symbolic_pilot/iteration_2/stages/stage_geometry/segments/segment_03/watchdog_status.json,executed_research_artifact,215,7a7573ecd739be53f7503582afa8d09d5c1de82b337260238f9083621736c91f,7a7573ecd739be53f7503582afa8d09d5c1de82b337260238f9083621736c91f,False,
Nuclear_Graphite_Stress_Surrogate/outputs/10_signed_staged_residual_symbolic_pilot/iteration_2/stages/stage_geometry/segments/segment_04/attempt_1/frontier.csv,outputs/10_signed_staged_residual_symbolic_pilot/iteration_2/stages/stage_geometry/segments/segment_04/attempt_1/frontier.csv,executed_research_artifact,30408,1d072f8054e7194718aedc09bcb695251752217320cd91ccb56f79bffbe091f0,1d072f8054e7194718aedc09bcb695251752217320cd91ccb56f79bffbe091f0,False,
Nuclear_Graphite_Stress_Surrogate/outputs/10_signed_staged_residual_symbolic_pilot/iteration_2/stages/stage_geometry/segments/segment_04/attempt_1/worker_status.json,outputs/10_signed_staged_residual_symbolic_pilot/iteration_2/stages/stage_geometry/segments/segment_04/attempt_1/worker_status.json,executed_research_artifact,389,d6985f4eb62c83a1b7f0e5702884e582ca9455a76436f7b22353987a570531da,d6985f4eb62c83a1b7f0e5702884e582ca9455a76436f7b22353987a570531da,False,
Nuclear_Graphite_Stress_Surrogate/outputs/10_signed_staged_residual_symbolic_pilot/iteration_2/stages/stage_geometry/segments/segment_04/attempt_1/worker_stderr.log,outputs/10_signed_staged_residual_symbolic_pilot/iteration_2/stages/stage_geometry/segments/segment_04/attempt_1/worker_stderr.log,executed_research_artifact,2719373,9805e15a74caff28f179066f59ffe8fab0460286dc76bc542d1214350cce446b,9805e15a74caff28f179066f59ffe8fab0460286dc76bc542d1214350cce446b,False,
Nuclear_Graphite_Stress_Surrogate/outputs/10_signed_staged_residual_symbolic_pilot/iteration_2/stages/stage_geometry/segments/segment_04/attempt_1/worker_stdout.log,outputs/10_signed_staged_residual_symbolic_pilot/iteration_2/stages/stage_geometry/segments/segment_04/attempt_1/worker_stdout.log,executed_research_artifact,7939,9b602e1f1951d1347ed4f62730c3eaa459640211896ee6155422a20a0406b214,9b602e1f1951d1347ed4f62730c3eaa459640211896ee6155422a20a0406b214,False,
Nuclear_Graphite_Stress_Surrogate/outputs/10_signed_staged_residual_symbolic_pilot/iteration_2/stages/stage_geometry/segments/segment_04/complete.json,outputs/10_signed_staged_residual_symbolic_pilot/iteration_2/stages/stage_geometry/segments/segment_04/complete.json,executed_research_artifact,161,51a6f5fa16d3180f74d3a96c625d80c5c06db81499f884c56c0d77b3c1c0f306,51a6f5fa16d3180f74d3a96c625d80c5c06db81499f884c56c0d77b3c1c0f306,False,
Nuclear_Graphite_Stress_Surrogate/outputs/10_signed_staged_residual_symbolic_pilot/iteration_2/stages/stage_geometry/segments/segment_04/frontier.csv,outputs/10_signed_staged_residual_symbolic_pilot/iteration_2/stages/stage_geometry/segments/segment_04/frontier.csv,executed_research_artifact,30480,8b2e97b7bd0d152b88e8fc9e760440e385ab776d8b4387eb6fa5412a663a247b,8b2e97b7bd0d152b88e8fc9e760440e385ab776d8b4387eb6fa5412a663a247b,False,
Nuclear_Graphite_Stress_Surrogate/outputs/10_signed_staged_residual_symbolic_pilot/iteration_2/stages/stage_geometry/segments/segment_04/watchdog_status.json,outputs/10_signed_staged_residual_symbolic_pilot/iteration_2/stages/stage_geometry/segments/segment_04/watchdog_status.json,executed_research_artifact,215,9f9370f37337e17347347ec495e8c7551219b6512998cb6fa9c3d237eb9ab64c,9f9370f37337e17347347ec495e8c7551219b6512998cb6fa9c3d237eb9ab64c,False,
Nuclear_Graphite_Stress_Surrogate/outputs/10_signed_staged_residual_symbolic_pilot/iteration_2/stages/stage_geometry/segments/segment_05/attempt_1/frontier.csv,outputs/10_signed_staged_residual_symbolic_pilot/iteration_2/stages/stage_geometry/segments/segment_05/attempt_1/frontier.csv,executed_research_artifact,30729,8ec8704b1a99831a5b937c952eed9d86f1b42ede12d76942e5585c42567e81de,8ec8704b1a99831a5b937c952eed9d86f1b42ede12d76942e5585c42567e81de,False,
Nuclear_Graphite_Stress_Surrogate/outputs/10_signed_staged_residual_symbolic_pilot/iteration_2/stages/stage_geometry/segments/segment_05/attempt_1/worker_status.json,outputs/10_signed_staged_residual_symbolic_pilot/iteration_2/stages/stage_geometry/segments/segment_05/attempt_1/worker_status.json,executed_research_artifact,390,612f24c67e48bb612e1edd05783345e748409fdd0fe2293326e71b286475deaa,612f24c67e48bb612e1edd05783345e748409fdd0fe2293326e71b286475deaa,False,
Nuclear_Graphite_Stress_Surrogate/outputs/10_signed_staged_residual_symbolic_pilot/iteration_2/stages/stage_geometry/segments/segment_05/attempt_1/worker_stderr.log,outputs/10_signed_staged_residual_symbolic_pilot/iteration_2/stages/stage_geometry/segments/segment_05/attempt_1/worker_stderr.log,executed_research_artifact,3549042,aa68875e599c5cced4de69c0598f8f0b002aa249102ffc31bc36c86868ff9fb6,aa68875e599c5cced4de69c0598f8f0b002aa249102ffc31bc36c86868ff9fb6,False,
Nuclear_Graphite_Stress_Surrogate/outputs/10_signed_staged_residual_symbolic_pilot/iteration_2/stages/stage_geometry/segments/segment_05/attempt_1/worker_stdout.log,outputs/10_signed_staged_residual_symbolic_pilot/iteration_2/stages/stage_geometry/segments/segment_05/attempt_1/worker_stdout.log,executed_research_artifact,8297,3feb758f0ed1200aa82c306dee67705688da3257c9dc62a5e96b0675a119d809,3feb758f0ed1200aa82c306dee67705688da3257c9dc62a5e96b0675a119d809,False,
Nuclear_Graphite_Stress_Surrogate/outputs/10_signed_staged_residual_symbolic_pilot/iteration_2/stages/stage_geometry/segments/segment_05/complete.json,outputs/10_signed_staged_residual_symbolic_pilot/iteration_2/stages/stage_geometry/segments/segment_05/complete.json,executed_research_artifact,161,a15362e122e0d39ece871883ce8a66715bf84fee1e68b4d1a73283a493915cdb,a15362e122e0d39ece871883ce8a66715bf84fee1e68b4d1a73283a493915cdb,False,
Nuclear_Graphite_Stress_Surrogate/outputs/10_signed_staged_residual_symbolic_pilot/iteration_2/stages/stage_geometry/segments/segment_05/frontier.csv,outputs/10_signed_staged_residual_symbolic_pilot/iteration_2/stages/stage_geometry/segments/segment_05/frontier.csv,executed_research_artifact,30803,d05625d7da9c69b723396865c610c70c81c7834aefb73ccf2785982605d1273b,d05625d7da9c69b723396865c610c70c81c7834aefb73ccf2785982605d1273b,False,
Nuclear_Graphite_Stress_Surrogate/outputs/10_signed_staged_residual_symbolic_pilot/iteration_2/stages/stage_geometry/segments/segment_05/watchdog_status.json,outputs/10_signed_staged_residual_symbolic_pilot/iteration_2/stages/stage_geometry/segments/segment_05/watchdog_status.json,executed_research_artifact,215,42b159fa544160c39acdc11547438a06946e7e384db1e79f37c4eea1f57439bf,42b159fa544160c39acdc11547438a06946e7e384db1e79f37c4eea1f57439bf,False,
Nuclear_Graphite_Stress_Surrogate/outputs/10_signed_staged_residual_symbolic_pilot/iteration_2/stages/stage_geometry/selected_formula.csv,outputs/10_signed_staged_residual_symbolic_pilot/iteration_2/stages/stage_geometry/selected_formula.csv,executed_research_artifact,4402,0dd4c83612ab2780466cc78ffb401f065b239684f031c00f05a8c6729fa04b38,0dd4c83612ab2780466cc78ffb401f065b239684f031c00f05a8c6729fa04b38,False,
Nuclear_Graphite_Stress_Surrogate/outputs/10_signed_staged_residual_symbolic_pilot/iteration_2/stages/stage_physical/candidate_validation_metrics.csv,outputs/10_signed_staged_residual_symbolic_pilot/iteration_2/stages/stage_physical/candidate_validation_metrics.csv,executed_research_artifact,28026,c6428422b59c728cd1be60b45afad8e968286ee057336b7f52f86610cf758670,c6428422b59c728cd1be60b45afad8e968286ee057336b7f52f86610cf758670,False,
Nuclear_Graphite_Stress_Surrogate/outputs/10_signed_staged_residual_symbolic_pilot/iteration_2/stages/stage_physical/frontier.csv,outputs/10_signed_staged_residual_symbolic_pilot/iteration_2/stages/stage_physical/frontier.csv,executed_research_artifact,18546,fd3788353b58c4f374adc2313dc0dbcc49581cda22abf004bcb4f8a9b2f4fee8,fd3788353b58c4f374adc2313dc0dbcc49581cda22abf004bcb4f8a9b2f4fee8,False,
Nuclear_Graphite_Stress_Surrogate/outputs/10_signed_staged_residual_symbolic_pilot/iteration_2/stages/stage_physical/full_validation_shortlist.csv,outputs/10_signed_staged_residual_symbolic_pilot/iteration_2/stages/stage_physical/full_validation_shortlist.csv,executed_research_artifact,18546,3524700270694801abd3b90ba1f80321a438a7ac940bb45f65d04d60672c5b18,3524700270694801abd3b90ba1f80321a438a7ac940bb45f65d04d60672c5b18,False,
Nuclear_Graphite_Stress_Surrogate/outputs/10_signed_staged_residual_symbolic_pilot/iteration_2/stages/stage_physical/search_progress.json,outputs/10_signed_staged_residual_symbolic_pilot/iteration_2/stages/stage_physical/search_progress.json,executed_research_artifact,322,0e6d31a4b9908b65d8e84f529e7b67e2cd501ef415ce0d63a284b56179b70a2c,0e6d31a4b9908b65d8e84f529e7b67e2cd501ef415ce0d63a284b56179b70a2c,False,
Nuclear_Graphite_Stress_Surrogate/outputs/10_signed_staged_residual_symbolic_pilot/iteration_2/stages/stage_physical/search_signature.json,outputs/10_signed_staged_residual_symbolic_pilot/iteration_2/stages/stage_physical/search_signature.json,executed_research_artifact,3368,869942bc4be9f2e16e5560e9a25562b32a19cb37eeb6634037219e57878a54ed,869942bc4be9f2e16e5560e9a25562b32a19cb37eeb6634037219e57878a54ed,False,
Nuclear_Graphite_Stress_Surrogate/outputs/10_signed_staged_residual_symbolic_pilot/iteration_2/stages/stage_physical/search_state/pysr_runs/v10_i2_physical_signed_residual_pilot/checkpoint.pkl,outputs/10_signed_staged_residual_symbolic_pilot/iteration_2/stages/stage_physical/search_state/pysr_runs/v10_i2_physical_signed_residual_pilot/checkpoint.pkl,executed_research_artifact,167245,77c38daa0ac619ad3e74664abb49d4b66b73bef9484d02ca5c916ab594c9e29b,77c38daa0ac619ad3e74664abb49d4b66b73bef9484d02ca5c916ab594c9e29b,False,
Nuclear_Graphite_Stress_Surrogate/outputs/10_signed_staged_residual_symbolic_pilot/iteration_2/stages/stage_physical/search_state/pysr_runs/v10_i2_physical_signed_residual_pilot/hall_of_fame.csv,outputs/10_signed_staged_residual_symbolic_pilot/iteration_2/stages/stage_physical/search_state/pysr_runs/v10_i2_physical_signed_residual_pilot/hall_of_fame.csv,executed_research_artifact,2976,7fccbb6d34c35c4de1fea852a445bb1930fdb34bf71834a52682437ec474a788,7fccbb6d34c35c4de1fea852a445bb1930fdb34bf71834a52682437ec474a788,False,
Nuclear_Graphite_Stress_Surrogate/outputs/10_signed_staged_residual_symbolic_pilot/iteration_2/stages/stage_physical/search_state/pysr_runs/v10_i2_physical_signed_residual_pilot/hall_of_fame.csv.bak,outputs/10_signed_staged_residual_symbolic_pilot/iteration_2/stages/stage_physical/search_state/pysr_runs/v10_i2_physical_signed_residual_pilot/hall_of_fame.csv.bak,executed_research_artifact,2976,7fccbb6d34c35c4de1fea852a445bb1930fdb34bf71834a52682437ec474a788,7fccbb6d34c35c4de1fea852a445bb1930fdb34bf71834a52682437ec474a788,False,
Nuclear_Graphite_Stress_Surrogate/outputs/10_signed_staged_residual_symbolic_pilot/iteration_2/stages/stage_physical/search_state/stable_snapshots/segment_01/checkpoint.pkl,outputs/10_signed_staged_residual_symbolic_pilot/iteration_2/stages/stage_physical/search_state/stable_snapshots/segment_01/checkpoint.pkl,executed_research_artifact,146369,563fb6e0cf3dc9bc90fe03234466ce7d92d2eb897e927a65378d9b5b340f9ee1,563fb6e0cf3dc9bc90fe03234466ce7d92d2eb897e927a65378d9b5b340f9ee1,False,
Nuclear_Graphite_Stress_Surrogate/outputs/10_signed_staged_residual_symbolic_pilot/iteration_2/stages/stage_physical/search_state/stable_snapshots/segment_01/hall_of_fame.csv,outputs/10_signed_staged_residual_symbolic_pilot/iteration_2/stages/stage_physical/search_state/stable_snapshots/segment_01/hall_of_fame.csv,executed_research_artifact,2259,8a609c0205356bfee576b9672f2a54435286e550a5efbd36d394464f400c955a,8a609c0205356bfee576b9672f2a54435286e550a5efbd36d394464f400c955a,False,
Nuclear_Graphite_Stress_Surrogate/outputs/10_signed_staged_residual_symbolic_pilot/iteration_2/stages/stage_physical/search_state/stable_snapshots/segment_02/checkpoint.pkl,outputs/10_signed_staged_residual_symbolic_pilot/iteration_2/stages/stage_physical/search_state/stable_snapshots/segment_02/checkpoint.pkl,executed_research_artifact,145350,22daad0014e0eb368702905869ce732c3a506a5a14f3401e351c0cc5ec5d33c5,22daad0014e0eb368702905869ce732c3a506a5a14f3401e351c0cc5ec5d33c5,False,
Nuclear_Graphite_Stress_Surrogate/outputs/10_signed_staged_residual_symbolic_pilot/iteration_2/stages/stage_physical/search_state/stable_snapshots/segment_02/hall_of_fame.csv,outputs/10_signed_staged_residual_symbolic_pilot/iteration_2/stages/stage_physical/search_state/stable_snapshots/segment_02/hall_of_fame.csv,executed_research_artifact,2622,39b40ed33f5c61597809bf356b2506ce3058b18254ed1ced64aa3d83eb9cc5f1,39b40ed33f5c61597809bf356b2506ce3058b18254ed1ced64aa3d83eb9cc5f1,False,
Nuclear_Graphite_Stress_Surrogate/outputs/10_signed_staged_residual_symbolic_pilot/iteration_2/stages/stage_physical/search_state/stable_snapshots/segment_03/checkpoint.pkl,outputs/10_signed_staged_residual_symbolic_pilot/iteration_2/stages/stage_physical/search_state/stable_snapshots/segment_03/checkpoint.pkl,executed_research_artifact,142810,00708386e495c2782a06c3532bf4f34535f0ec1781a946919ec227fd412cc969,00708386e495c2782a06c3532bf4f34535f0ec1781a946919ec227fd412cc969,False,
Nuclear_Graphite_Stress_Surrogate/outputs/10_signed_staged_residual_symbolic_pilot/iteration_2/stages/stage_physical/search_state/stable_snapshots/segment_03/hall_of_fame.csv,outputs/10_signed_staged_residual_symbolic_pilot/iteration_2/stages/stage_physical/search_state/stable_snapshots/segment_03/hall_of_fame.csv,executed_research_artifact,2404,8e11dbae9cef0893b9134831429c17fa1d7928af5ac9054904243381dbfaab6b,8e11dbae9cef0893b9134831429c17fa1d7928af5ac9054904243381dbfaab6b,False,
Nuclear_Graphite_Stress_Surrogate/outputs/10_signed_staged_residual_symbolic_pilot/iteration_2/stages/stage_physical/search_state/stable_snapshots/segment_04/checkpoint.pkl,outputs/10_signed_staged_residual_symbolic_pilot/iteration_2/stages/stage_physical/search_state/stable_snapshots/segment_04/checkpoint.pkl,executed_research_artifact,125984,361fcba61f2319313a22a42c5a8d041ce4fdc0da5c4fef77d2018ee48cc09a7e,361fcba61f2319313a22a42c5a8d041ce4fdc0da5c4fef77d2018ee48cc09a7e,False,
Nuclear_Graphite_Stress_Surrogate/outputs/10_signed_staged_residual_symbolic_pilot/iteration_2/stages/stage_physical/search_state/stable_snapshots/segment_04/hall_of_fame.csv,outputs/10_signed_staged_residual_symbolic_pilot/iteration_2/stages/stage_physical/search_state/stable_snapshots/segment_04/hall_of_fame.csv,executed_research_artifact,2784,09ac0c21c3791e42bf4b0228db8d6c66c7d554eb030aac3d698527233323e0d7,09ac0c21c3791e42bf4b0228db8d6c66c7d554eb030aac3d698527233323e0d7,False,
Nuclear_Graphite_Stress_Surrogate/outputs/10_signed_staged_residual_symbolic_pilot/iteration_2/stages/stage_physical/search_state/stable_snapshots/segment_05/checkpoint.pkl,outputs/10_signed_staged_residual_symbolic_pilot/iteration_2/stages/stage_physical/search_state/stable_snapshots/segment_05/checkpoint.pkl,executed_research_artifact,167245,77c38daa0ac619ad3e74664abb49d4b66b73bef9484d02ca5c916ab594c9e29b,77c38daa0ac619ad3e74664abb49d4b66b73bef9484d02ca5c916ab594c9e29b,False,
Nuclear_Graphite_Stress_Surrogate/outputs/10_signed_staged_residual_symbolic_pilot/iteration_2/stages/stage_physical/search_state/stable_snapshots/segment_05/hall_of_fame.csv,outputs/10_signed_staged_residual_symbolic_pilot/iteration_2/stages/stage_physical/search_state/stable_snapshots/segment_05/hall_of_fame.csv,executed_research_artifact,2976,7fccbb6d34c35c4de1fea852a445bb1930fdb34bf71834a52682437ec474a788,7fccbb6d34c35c4de1fea852a445bb1930fdb34bf71834a52682437ec474a788,False,
Nuclear_Graphite_Stress_Surrogate/outputs/10_signed_staged_residual_symbolic_pilot/iteration_2/stages/stage_physical/segment_attempt_audit.csv,outputs/10_signed_staged_residual_symbolic_pilot/iteration_2/stages/stage_physical/segment_attempt_audit.csv,executed_research_artifact,666,5ed9d06fa424458631ce67e0c60b836fed3e198308e80065043873005f057ccc,5ed9d06fa424458631ce67e0c60b836fed3e198308e80065043873005f057ccc,False,
Nuclear_Graphite_Stress_Surrogate/outputs/10_signed_staged_residual_symbolic_pilot/iteration_2/stages/stage_physical/segments/segment_01/attempt_1/frontier.csv,outputs/10_signed_staged_residual_symbolic_pilot/iteration_2/stages/stage_physical/segments/segment_01/attempt_1/frontier.csv,executed_research_artifact,13524,1915e61669368b5b4b94e0ab1a760036290fcf3f83ae245bb6cb44a047323469,1915e61669368b5b4b94e0ab1a760036290fcf3f83ae245bb6cb44a047323469,False,
Nuclear_Graphite_Stress_Surrogate/outputs/10_signed_staged_residual_symbolic_pilot/iteration_2/stages/stage_physical/segments/segment_01/attempt_1/worker_status.json,outputs/10_signed_staged_residual_symbolic_pilot/iteration_2/stages/stage_physical/segments/segment_01/attempt_1/worker_status.json,executed_research_artifact,382,39bd8f4a160f0978118fea5cfb56d027df4a2107a449cf94d19e0e9c1e355718,39bd8f4a160f0978118fea5cfb56d027df4a2107a449cf94d19e0e9c1e355718,False,
Nuclear_Graphite_Stress_Surrogate/outputs/10_signed_staged_residual_symbolic_pilot/iteration_2/stages/stage_physical/segments/segment_01/attempt_1/worker_stderr.log,outputs/10_signed_staged_residual_symbolic_pilot/iteration_2/stages/stage_physical/segments/segment_01/attempt_1/worker_stderr.log,executed_research_artifact,1101911,d69380c40464133c38db0d8cbefc5bd68566163c563fd3233e0de536c4602d39,d69380c40464133c38db0d8cbefc5bd68566163c563fd3233e0de536c4602d39,False,
Nuclear_Graphite_Stress_Surrogate/outputs/10_signed_staged_residual_symbolic_pilot/iteration_2/stages/stage_physical/segments/segment_01/attempt_1/worker_stdout.log,outputs/10_signed_staged_residual_symbolic_pilot/iteration_2/stages/stage_physical/segments/segment_01/attempt_1/worker_stdout.log,executed_research_artifact,3868,75ca34f64fb9497239535a555e77dba7245501e7d921f4144b9415b46087144a,75ca34f64fb9497239535a555e77dba7245501e7d921f4144b9415b46087144a,False,
Nuclear_Graphite_Stress_Surrogate/outputs/10_signed_staged_residual_symbolic_pilot/iteration_2/stages/stage_physical/segments/segment_01/complete.json,outputs/10_signed_staged_residual_symbolic_pilot/iteration_2/stages/stage_physical/segments/segment_01/complete.json,executed_research_artifact,161,e50560fbcc5c8e040bc17c36d110949b39bfbf9fae2f344b782516d6015390f3,e50560fbcc5c8e040bc17c36d110949b39bfbf9fae2f344b782516d6015390f3,False,
Nuclear_Graphite_Stress_Surrogate/outputs/10_signed_staged_residual_symbolic_pilot/iteration_2/stages/stage_physical/segments/segment_01/frontier.csv,outputs/10_signed_staged_residual_symbolic_pilot/iteration_2/stages/stage_physical/segments/segment_01/frontier.csv,executed_research_artifact,13581,89bd81a887ec06d5cf1235046346791f152f483aae15acec48034ee8023cfad3,89bd81a887ec06d5cf1235046346791f152f483aae15acec48034ee8023cfad3,False,
Nuclear_Graphite_Stress_Surrogate/outputs/10_signed_staged_residual_symbolic_pilot/iteration_2/stages/stage_physical/segments/segment_01/watchdog_status.json,outputs/10_signed_staged_residual_symbolic_pilot/iteration_2/stages/stage_physical/segments/segment_01/watchdog_status.json,executed_research_artifact,216,885c16b7e62a17fcd72f0fc3b7848000b8f64436af3337e8d5ab0b5bca748a64,885c16b7e62a17fcd72f0fc3b7848000b8f64436af3337e8d5ab0b5bca748a64,False,
Nuclear_Graphite_Stress_Surrogate/outputs/10_signed_staged_residual_symbolic_pilot/iteration_2/stages/stage_physical/segments/segment_02/attempt_1/frontier.csv,outputs/10_signed_staged_residual_symbolic_pilot/iteration_2/stages/stage_physical/segments/segment_02/attempt_1/frontier.csv,executed_research_artifact,16341,5d1bb30b9cce65d7b50f66cca63cb4122b630ed83a38d73e2a73aa4d95151bb6,5d1bb30b9cce65d7b50f66cca63cb4122b630ed83a38d73e2a73aa4d95151bb6,False,
Nuclear_Graphite_Stress_Surrogate/outputs/10_signed_staged_residual_symbolic_pilot/iteration_2/stages/stage_physical/segments/segment_02/attempt_1/worker_status.json,outputs/10_signed_staged_residual_symbolic_pilot/iteration_2/stages/stage_physical/segments/segment_02/attempt_1/worker_status.json,executed_research_artifact,391,373eeaf9431c73a07ffaf1033fd3895b4f4b876e1eb968c550b49a3c7cff6b69,373eeaf9431c73a07ffaf1033fd3895b4f4b876e1eb968c550b49a3c7cff6b69,False,
Nuclear_Graphite_Stress_Surrogate/outputs/10_signed_staged_residual_symbolic_pilot/iteration_2/stages/stage_physical/segments/segment_02/attempt_1/worker_stderr.log,outputs/10_signed_staged_residual_symbolic_pilot/iteration_2/stages/stage_physical/segments/segment_02/attempt_1/worker_stderr.log,executed_research_artifact,1569997,9f10dcd2a9ed958a3a0f15e53eab5e23820b8deddf1314e9026843d30956ffeb,9f10dcd2a9ed958a3a0f15e53eab5e23820b8deddf1314e9026843d30956ffeb,False,
Nuclear_Graphite_Stress_Surrogate/outputs/10_signed_staged_residual_symbolic_pilot/iteration_2/stages/stage_physical/segments/segment_02/attempt_1/worker_stdout.log,outputs/10_signed_staged_residual_symbolic_pilot/iteration_2/stages/stage_physical/segments/segment_02/attempt_1/worker_stdout.log,executed_research_artifact,4461,9dd532a69277d9d7ad50f40b9474292cbf1a80801546696026aba32b5b893a98,9dd532a69277d9d7ad50f40b9474292cbf1a80801546696026aba32b5b893a98,False,
Nuclear_Graphite_Stress_Surrogate/outputs/10_signed_staged_residual_symbolic_pilot/iteration_2/stages/stage_physical/segments/segment_02/complete.json,outputs/10_signed_staged_residual_symbolic_pilot/iteration_2/stages/stage_physical/segments/segment_02/complete.json,executed_research_artifact,162,851b192a96f61e84a8064457615e52aa1425b7ac1f8f7b4dec5ca57c75294505,851b192a96f61e84a8064457615e52aa1425b7ac1f8f7b4dec5ca57c75294505,False,
Nuclear_Graphite_Stress_Surrogate/outputs/10_signed_staged_residual_symbolic_pilot/iteration_2/stages/stage_physical/segments/segment_02/frontier.csv,outputs/10_signed_staged_residual_symbolic_pilot/iteration_2/stages/stage_physical/segments/segment_02/frontier.csv,executed_research_artifact,16401,aa0c977284a398d3ba2348493d457c05ad8a6812731a56e6115b9d4f9fe7fbf1,aa0c977284a398d3ba2348493d457c05ad8a6812731a56e6115b9d4f9fe7fbf1,False,
Nuclear_Graphite_Stress_Surrogate/outputs/10_signed_staged_residual_symbolic_pilot/iteration_2/stages/stage_physical/segments/segment_02/watchdog_status.json,outputs/10_signed_staged_residual_symbolic_pilot/iteration_2/stages/stage_physical/segments/segment_02/watchdog_status.json,executed_research_artifact,216,0b996f81b1fa1428fa5390eb27c46f4f1fb800cfcb6df6caf249648de81871f8,0b996f81b1fa1428fa5390eb27c46f4f1fb800cfcb6df6caf249648de81871f8,False,
Nuclear_Graphite_Stress_Surrogate/outputs/10_signed_staged_residual_symbolic_pilot/iteration_2/stages/stage_physical/segments/segment_03/attempt_1/frontier.csv,outputs/10_signed_staged_residual_symbolic_pilot/iteration_2/stages/stage_physical/segments/segment_03/attempt_1/frontier.csv,executed_research_artifact,14897,7de45a3d54cbb655c9811d326fb174b13a072dfd870ae97ae48cce9e4377ce80,7de45a3d54cbb655c9811d326fb174b13a072dfd870ae97ae48cce9e4377ce80,False,
Nuclear_Graphite_Stress_Surrogate/outputs/10_signed_staged_residual_symbolic_pilot/iteration_2/stages/stage_physical/segments/segment_03/attempt_1/worker_status.json,outputs/10_signed_staged_residual_symbolic_pilot/iteration_2/stages/stage_physical/segments/segment_03/attempt_1/worker_status.json,executed_research_artifact,390,4dfb0a417f37c5a4a0f57897541f256668e03987e3d93cc54d236479797a2ffc,4dfb0a417f37c5a4a0f57897541f256668e03987e3d93cc54d236479797a2ffc,False,
Nuclear_Graphite_Stress_Surrogate/outputs/10_signed_staged_residual_symbolic_pilot/iteration_2/stages/stage_physical/segments/segment_03/attempt_1/worker_stderr.log,outputs/10_signed_staged_residual_symbolic_pilot/iteration_2/stages/stage_physical/segments/segment_03/attempt_1/worker_stderr.log,executed_research_artifact,1876181,6f5b046f5126c9fa6544215c72bcb89be9b9a1adbb6a382fe15301bbd5629b74,6f5b046f5126c9fa6544215c72bcb89be9b9a1adbb6a382fe15301bbd5629b74,False,
Nuclear_Graphite_Stress_Surrogate/outputs/10_signed_staged_residual_symbolic_pilot/iteration_2/stages/stage_physical/segments/segment_03/attempt_1/worker_stdout.log,outputs/10_signed_staged_residual_symbolic_pilot/iteration_2/stages/stage_physical/segments/segment_03/attempt_1/worker_stdout.log,executed_research_artifact,4199,00229519e94eb1430d7fd61c6453fb1cb7027a2df8b0e4e9e0e1dfec95add0a0,00229519e94eb1430d7fd61c6453fb1cb7027a2df8b0e4e9e0e1dfec95add0a0,False,
Nuclear_Graphite_Stress_Surrogate/outputs/10_signed_staged_residual_symbolic_pilot/iteration_2/stages/stage_physical/segments/segment_03/complete.json,outputs/10_signed_staged_residual_symbolic_pilot/iteration_2/stages/stage_physical/segments/segment_03/complete.json,executed_research_artifact,162,b0b3bc36d684efe444ca7dfe8e7a551db7bdf50e2de375e308804dc67be2301f,b0b3bc36d684efe444ca7dfe8e7a551db7bdf50e2de375e308804dc67be2301f,False,
Nuclear_Graphite_Stress_Surrogate/outputs/10_signed_staged_residual_symbolic_pilot/iteration_2/stages/stage_physical/segments/segment_03/frontier.csv,outputs/10_signed_staged_residual_symbolic_pilot/iteration_2/stages/stage_physical/segments/segment_03/frontier.csv,executed_research_artifact,14957,3f81536b81df08037b2a0efb77d9330cf166689575453ec429583270459b01aa,3f81536b81df08037b2a0efb77d9330cf166689575453ec429583270459b01aa,False,
Nuclear_Graphite_Stress_Surrogate/outputs/10_signed_staged_residual_symbolic_pilot/iteration_2/stages/stage_physical/segments/segment_03/watchdog_status.json,outputs/10_signed_staged_residual_symbolic_pilot/iteration_2/stages/stage_physical/segments/segment_03/watchdog_status.json,executed_research_artifact,216,7d56c76ddd7938c0393434462d4fcb0e8ca9ef32d68f83595a3811346c3b9e3b,7d56c76ddd7938c0393434462d4fcb0e8ca9ef32d68f83595a3811346c3b9e3b,False,
Nuclear_Graphite_Stress_Surrogate/outputs/10_signed_staged_residual_symbolic_pilot/iteration_2/stages/stage_physical/segments/segment_04/attempt_1/frontier.csv,outputs/10_signed_staged_residual_symbolic_pilot/iteration_2/stages/stage_physical/segments/segment_04/attempt_1/frontier.csv,executed_research_artifact,16729,9f49d668226bc66484807da302f5f553464882885955e6161ee436604c9828f9,9f49d668226bc66484807da302f5f553464882885955e6161ee436604c9828f9,False,
Nuclear_Graphite_Stress_Surrogate/outputs/10_signed_staged_residual_symbolic_pilot/iteration_2/stages/stage_physical/segments/segment_04/attempt_1/worker_status.json,outputs/10_signed_staged_residual_symbolic_pilot/iteration_2/stages/stage_physical/segments/segment_04/attempt_1/worker_status.json,executed_research_artifact,390,cffc2d026d57d44eaf528f0a9749cca7e051eb8752cdd995cc5ee1f0dd91697d,cffc2d026d57d44eaf528f0a9749cca7e051eb8752cdd995cc5ee1f0dd91697d,False,
Nuclear_Graphite_Stress_Surrogate/outputs/10_signed_staged_residual_symbolic_pilot/iteration_2/stages/stage_physical/segments/segment_04/attempt_1/worker_stderr.log,outputs/10_signed_staged_residual_symbolic_pilot/iteration_2/stages/stage_physical/segments/segment_04/attempt_1/worker_stderr.log,executed_research_artifact,1740363,c2aa12d200963f6a92dcbe37f479a14f10476eaeff345a700aa5df026dda6cd0,c2aa12d200963f6a92dcbe37f479a14f10476eaeff345a700aa5df026dda6cd0,False,
Nuclear_Graphite_Stress_Surrogate/outputs/10_signed_staged_residual_symbolic_pilot/iteration_2/stages/stage_physical/segments/segment_04/attempt_1/worker_stdout.log,outputs/10_signed_staged_residual_symbolic_pilot/iteration_2/stages/stage_physical/segments/segment_04/attempt_1/worker_stdout.log,executed_research_artifact,4853,1eb3504e17d1ce906bac19b62b8563648ed26ad322d8062dcdabdde930c97c35,1eb3504e17d1ce906bac19b62b8563648ed26ad322d8062dcdabdde930c97c35,False,
Nuclear_Graphite_Stress_Surrogate/outputs/10_signed_staged_residual_symbolic_pilot/iteration_2/stages/stage_physical/segments/segment_04/complete.json,outputs/10_signed_staged_residual_symbolic_pilot/iteration_2/stages/stage_physical/segments/segment_04/complete.json,executed_research_artifact,162,d7f27dffceb901c83ec34a40559f4bdc6d63b728aa49709bfcfb07d1b927c616,d7f27dffceb901c83ec34a40559f4bdc6d63b728aa49709bfcfb07d1b927c616,False,
Nuclear_Graphite_Stress_Surrogate/outputs/10_signed_staged_residual_symbolic_pilot/iteration_2/stages/stage_physical/segments/segment_04/frontier.csv,outputs/10_signed_staged_residual_symbolic_pilot/iteration_2/stages/stage_physical/segments/segment_04/frontier.csv,executed_research_artifact,16790,a3d1069f46316080e9501b0d42be5064f58d88ee33bca2dec054d17a5b0a6723,a3d1069f46316080e9501b0d42be5064f58d88ee33bca2dec054d17a5b0a6723,False,
Nuclear_Graphite_Stress_Surrogate/outputs/10_signed_staged_residual_symbolic_pilot/iteration_2/stages/stage_physical/segments/segment_04/watchdog_status.json,outputs/10_signed_staged_residual_symbolic_pilot/iteration_2/stages/stage_physical/segments/segment_04/watchdog_status.json,executed_research_artifact,215,26e08588e8711b9f0aa93c6d95786c57fdc8ef3e4675f54201fa9e66d7990a0b,26e08588e8711b9f0aa93c6d95786c57fdc8ef3e4675f54201fa9e66d7990a0b,False,
Nuclear_Graphite_Stress_Surrogate/outputs/10_signed_staged_residual_symbolic_pilot/iteration_2/stages/stage_physical/segments/segment_05/attempt_1/frontier.csv,outputs/10_signed_staged_residual_symbolic_pilot/iteration_2/stages/stage_physical/segments/segment_05/attempt_1/frontier.csv,executed_research_artifact,18078,c073b6c91f5f952a55e5f81ead3744599d6f17b5b8d7bde23c60d3cfbdfedc11,c073b6c91f5f952a55e5f81ead3744599d6f17b5b8d7bde23c60d3cfbdfedc11,False,
Nuclear_Graphite_Stress_Surrogate/outputs/10_signed_staged_residual_symbolic_pilot/iteration_2/stages/stage_physical/segments/segment_05/attempt_1/worker_status.json,outputs/10_signed_staged_residual_symbolic_pilot/iteration_2/stages/stage_physical/segments/segment_05/attempt_1/worker_status.json,executed_research_artifact,390,03fbb3aefbc169fee3d4018566b041b1bfe521e0654da5083629b6f324708882,03fbb3aefbc169fee3d4018566b041b1bfe521e0654da5083629b6f324708882,False,
Nuclear_Graphite_Stress_Surrogate/outputs/10_signed_staged_residual_symbolic_pilot/iteration_2/stages/stage_physical/segments/segment_05/attempt_1/worker_stderr.log,outputs/10_signed_staged_residual_symbolic_pilot/iteration_2/stages/stage_physical/segments/segment_05/attempt_1/worker_stderr.log,executed_research_artifact,2252593,e9791b98a9469d908df0f8fdb921a91098c4e906feef4f402bf4bc5797910c51,e9791b98a9469d908df0f8fdb921a91098c4e906feef4f402bf4bc5797910c51,False,
Nuclear_Graphite_Stress_Surrogate/outputs/10_signed_staged_residual_symbolic_pilot/iteration_2/stages/stage_physical/segments/segment_05/attempt_1/worker_stdout.log,outputs/10_signed_staged_residual_symbolic_pilot/iteration_2/stages/stage_physical/segments/segment_05/attempt_1/worker_stdout.log,executed_research_artifact,5170,c599daf0006b71919a261c69c83318213624c64d52fe7e54b0fa1a5e03572a7a,c599daf0006b71919a261c69c83318213624c64d52fe7e54b0fa1a5e03572a7a,False,
Nuclear_Graphite_Stress_Surrogate/outputs/10_signed_staged_residual_symbolic_pilot/iteration_2/stages/stage_physical/segments/segment_05/complete.json,outputs/10_signed_staged_residual_symbolic_pilot/iteration_2/stages/stage_physical/segments/segment_05/complete.json,executed_research_artifact,161,7519a88b5e9aa1ff6b73294a6fdffdb9d1d48bc9d83f42e62f55cad40a67b534,7519a88b5e9aa1ff6b73294a6fdffdb9d1d48bc9d83f42e62f55cad40a67b534,False,
Nuclear_Graphite_Stress_Surrogate/outputs/10_signed_staged_residual_symbolic_pilot/iteration_2/stages/stage_physical/segments/segment_05/frontier.csv,outputs/10_signed_staged_residual_symbolic_pilot/iteration_2/stages/stage_physical/segments/segment_05/frontier.csv,executed_research_artifact,18139,10261e1f6820db24f0c212811403d5c6547359f0948518b1ed64e9d41ac9f75f,10261e1f6820db24f0c212811403d5c6547359f0948518b1ed64e9d41ac9f75f,False,
Nuclear_Graphite_Stress_Surrogate/outputs/10_signed_staged_residual_symbolic_pilot/iteration_2/stages/stage_physical/segments/segment_05/watchdog_status.json,outputs/10_signed_staged_residual_symbolic_pilot/iteration_2/stages/stage_physical/segments/segment_05/watchdog_status.json,executed_research_artifact,216,f76ab966e3659a9b0bb89d6f3ecda0da8bcbf0448f8589d9837a0015c083ffa7,f76ab966e3659a9b0bb89d6f3ecda0da8bcbf0448f8589d9837a0015c083ffa7,False,
Nuclear_Graphite_Stress_Surrogate/outputs/10_signed_staged_residual_symbolic_pilot/iteration_2/stages/stage_physical/selected_formula.csv,outputs/10_signed_staged_residual_symbolic_pilot/iteration_2/stages/stage_physical/selected_formula.csv,executed_research_artifact,4128,438a155342e000679d5c2ccb867238300c4b4341effbb29f17994868f97292c6,438a155342e000679d5c2ccb867238300c4b4341effbb29f17994868f97292c6,False,
Nuclear_Graphite_Stress_Surrogate/outputs/10_signed_staged_residual_symbolic_pilot/iteration_2/training_cache/all_v10_features.npy,outputs/10_signed_staged_residual_symbolic_pilot/iteration_2/training_cache/all_v10_features.npy,executed_research_artifact,95200128,56dabf5a36682a81a5d105f20535098a31f61f458d976d1933c7778c6d91a3d6,56dabf5a36682a81a5d105f20535098a31f61f458d976d1933c7778c6d91a3d6,False,
Nuclear_Graphite_Stress_Surrogate/outputs/10_signed_staged_residual_symbolic_pilot/iteration_2/training_cache/cache_metadata.json,outputs/10_signed_staged_residual_symbolic_pilot/iteration_2/training_cache/cache_metadata.json,executed_research_artifact,5193,8eaca47c1908804b42a747ddfc6f0904de8c6682f6c4c4b610a506cda4758931,8eaca47c1908804b42a747ddfc6f0904de8c6682f6c4c4b610a506cda4758931,False,
Nuclear_Graphite_Stress_Surrogate/outputs/10_signed_staged_residual_symbolic_pilot/iteration_2/training_cache/deployable_normalised_residual_target.npy,outputs/10_signed_staged_residual_symbolic_pilot/iteration_2/training_cache/deployable_normalised_residual_target.npy,executed_research_artifact,2380128,8ebf7d7bdf009550ea00dafdf20f8b56113223ead95aac360c3e79126937c662,8ebf7d7bdf009550ea00dafdf20f8b56113223ead95aac360c3e79126937c662,False,
Nuclear_Graphite_Stress_Surrogate/outputs/10_signed_staged_residual_symbolic_pilot/iteration_2/training_cache/remaining_after_geometry_residual.npy,outputs/10_signed_staged_residual_symbolic_pilot/iteration_2/training_cache/remaining_after_geometry_residual.npy,executed_research_artifact,2380128,6b5c09bf29d80d7a863ba0ba69ae85f9f1d1f6fc77a564a4587b01d0d663a513,6b5c09bf29d80d7a863ba0ba69ae85f9f1d1f6fc77a564a4587b01d0d663a513,False,
Nuclear_Graphite_Stress_Surrogate/outputs/10_signed_staged_residual_symbolic_pilot/iteration_2/training_cache/stage_a_features.npy,outputs/10_signed_staged_residual_symbolic_pilot/iteration_2/training_cache/stage_a_features.npy,executed_research_artifact,66640128,263a6d5c437088ba2237e5f4d35dfd49287ea896dce5c8f2ac011ebcfbbd4991,263a6d5c437088ba2237e5f4d35dfd49287ea896dce5c8f2ac011ebcfbbd4991,False,
Nuclear_Graphite_Stress_Surrogate/outputs/10_signed_staged_residual_symbolic_pilot/iteration_2/training_cache/stage_a_scaling.csv,outputs/10_signed_staged_residual_symbolic_pilot/iteration_2/training_cache/stage_a_scaling.csv,executed_research_artifact,1934,2698d1687c50be1e5f639bffcb4ca011e634611cf0b83c7e8bd870450801e170,2698d1687c50be1e5f639bffcb4ca011e634611cf0b83c7e8bd870450801e170,False,
Nuclear_Graphite_Stress_Surrogate/outputs/10_signed_staged_residual_symbolic_pilot/iteration_2/training_cache/stage_b_cache_metadata.json,outputs/10_signed_staged_residual_symbolic_pilot/iteration_2/training_cache/stage_b_cache_metadata.json,executed_research_artifact,1220,d13252e0ba211dc034806cff184e352b422e616d9f928e06abbd0155a04f4cf5,d13252e0ba211dc034806cff184e352b422e616d9f928e06abbd0155a04f4cf5,False,
Nuclear_Graphite_Stress_Surrogate/outputs/10_signed_staged_residual_symbolic_pilot/iteration_2/training_cache/stage_b_features.npy,outputs/10_signed_staged_residual_symbolic_pilot/iteration_2/training_cache/stage_b_features.npy,executed_research_artifact,69020128,f053aadf4bc6e32fb79b4f35e5e08332420bac2b691b14b5ee53c7614a470b60,f053aadf4bc6e32fb79b4f35e5e08332420bac2b691b14b5ee53c7614a470b60,False,
Nuclear_Graphite_Stress_Surrogate/outputs/10_signed_staged_residual_symbolic_pilot/iteration_2/training_cache/stage_b_scaling.csv,outputs/10_signed_staged_residual_symbolic_pilot/iteration_2/training_cache/stage_b_scaling.csv,executed_research_artifact,2075,c31f438b1a18bc42583404fe629dc390a9db1145bbbb47b9c5d805171608ff66,c31f438b1a18bc42583404fe629dc390a9db1145bbbb47b9c5d805171608ff66,False,
Nuclear_Graphite_Stress_Surrogate/outputs/10_signed_staged_residual_symbolic_pilot/iteration_2/training_cache/tier_mass_weights.npy,outputs/10_signed_staged_residual_symbolic_pilot/iteration_2/training_cache/tier_mass_weights.npy,executed_research_artifact,2380128,0ef5a26a9fc74d8e704d3238b9526286cb23842af5615a66df55dcc1c0521668,0ef5a26a9fc74d8e704d3238b9526286cb23842af5615a66df55dcc1c0521668,False,
Nuclear_Graphite_Stress_Surrogate/outputs/10_signed_staged_residual_symbolic_pilot/iteration_2/training_cache/training_sample_audit.csv,outputs/10_signed_staged_residual_symbolic_pilot/iteration_2/training_cache/training_sample_audit.csv,executed_research_artifact,55555,4a36d81fbbaa8bac08001c398242c0d17bec23784ec0cde3084c428b01fe322b,4a36d81fbbaa8bac08001c398242c0d17bec23784ec0cde3084c428b01fe322b,False,
Nuclear_Graphite_Stress_Surrogate/outputs/10_signed_staged_residual_symbolic_pilot/iteration_2/training_cache/training_sample_manifest.csv.gz,outputs/10_signed_staged_residual_symbolic_pilot/iteration_2/training_cache/training_sample_manifest.csv.gz,executed_research_artifact,2058766,9773a8529dd8386df952f00318abb9c9db677d1cf00eced9c4ae05fcf6d78112,9773a8529dd8386df952f00318abb9c9db677d1cf00eced9c4ae05fcf6d78112,False,
Nuclear_Graphite_Stress_Surrogate/outputs/10_signed_staged_residual_symbolic_pilot/iteration_2/v10_selected_tail_adaptation.png,outputs/10_signed_staged_residual_symbolic_pilot/iteration_2/v10_selected_tail_adaptation.png,executed_research_artifact,106926,7e39c0fd864db3f86c78b62368d4e9ecca80cfbe695c9e9aeeadb30677e84d79,7e39c0fd864db3f86c78b62368d4e9ecca80cfbe695c9e9aeeadb30677e84d79,False,
Nuclear_Graphite_Stress_Surrogate/outputs/10_signed_staged_residual_symbolic_pilot/iteration_2/v10_validation_model_comparison.png,outputs/10_signed_staged_residual_symbolic_pilot/iteration_2/v10_validation_model_comparison.png,executed_research_artifact,109186,ab139947643e46e3a8496389b16eb10a626486ffb13cfec37bc41e10b91db31f,ab139947643e46e3a8496389b16eb10a626486ffb13cfec37bc41e10b91db31f,False,
Nuclear_Graphite_Stress_Surrogate/outputs/10_signed_staged_residual_symbolic_pilot/iteration_3/design_rationale.json,outputs/10_signed_staged_residual_symbolic_pilot/iteration_3/design_rationale.json,executed_research_artifact,584,6a40332a3d2632ac8a98e22d27bed759b73f6ea70a59c65b2c934ec37d125d75,6a40332a3d2632ac8a98e22d27bed759b73f6ea70a59c65b2c934ec37d125d75,False,
Nuclear_Graphite_Stress_Surrogate/outputs/10_signed_staged_residual_symbolic_pilot/iteration_3/feature_registry.csv,outputs/10_signed_staged_residual_symbolic_pilot/iteration_3/feature_registry.csv,executed_research_artifact,1519,41fe1998c96ebc70b5a736df78f6e33477e53836629c03a3e38c561dda2f548b,41fe1998c96ebc70b5a736df78f6e33477e53836629c03a3e38c561dda2f548b,False,
Nuclear_Graphite_Stress_Surrogate/outputs/10_signed_staged_residual_symbolic_pilot/iteration_3/frozen_baseline_hash_audit.csv,outputs/10_signed_staged_residual_symbolic_pilot/iteration_3/frozen_baseline_hash_audit.csv,executed_research_artifact,1517,8aa07928142695f05751b6f2c6a043e9ec958c4790651e1b34d86d1e0320d6d3,8aa07928142695f05751b6f2c6a043e9ec958c4790651e1b34d86d1e0320d6d3,False,
Nuclear_Graphite_Stress_Surrogate/outputs/10_signed_staged_residual_symbolic_pilot/iteration_3/pilot_complete.json,outputs/10_signed_staged_residual_symbolic_pilot/iteration_3/pilot_complete.json,executed_research_artifact,753,61ce56f59274497827d48c6eff8ea234bb670cdef3a7fc9cfdc042d0ff3af8d2,61ce56f59274497827d48c6eff8ea234bb670cdef3a7fc9cfdc042d0ff3af8d2,False,
Nuclear_Graphite_Stress_Surrogate/outputs/10_signed_staged_residual_symbolic_pilot/iteration_3/preflight_checks.csv,outputs/10_signed_staged_residual_symbolic_pilot/iteration_3/preflight_checks.csv,executed_research_artifact,388,6b0ad622e0951ba615755465cb4db08ce1368f53d56a126747c642a106ceb123,6b0ad622e0951ba615755465cb4db08ce1368f53d56a126747c642a106ceb123,False,
Nuclear_Graphite_Stress_Surrogate/outputs/10_signed_staged_residual_symbolic_pilot/iteration_3/run_configuration.json,outputs/10_signed_staged_residual_symbolic_pilot/iteration_3/run_configuration.json,executed_research_artifact,608,9d7b81bce9705d65b8cf41c2284828f5c2bb82127b67919183a5ee78d684bc2b,9d7b81bce9705d65b8cf41c2284828f5c2bb82127b67919183a5ee78d684bc2b,False,
Nuclear_Graphite_Stress_Surrogate/outputs/10_signed_staged_residual_symbolic_pilot/iteration_3/run_status.json,outputs/10_signed_staged_residual_symbolic_pilot/iteration_3/run_status.json,executed_research_artifact,753,61ce56f59274497827d48c6eff8ea234bb670cdef3a7fc9cfdc042d0ff3af8d2,61ce56f59274497827d48c6eff8ea234bb670cdef3a7fc9cfdc042d0ff3af8d2,False,
Nuclear_Graphite_Stress_Surrogate/outputs/10_signed_staged_residual_symbolic_pilot/iteration_3/selected_composite_formula.csv,outputs/10_signed_staged_residual_symbolic_pilot/iteration_3/selected_composite_formula.csv,executed_research_artifact,3898,caed4dad3d55ba8ad2a43ff5248334b9b85cc0ac2f42998899994d08d48deee5,caed4dad3d55ba8ad2a43ff5248334b9b85cc0ac2f42998899994d08d48deee5,False,
Nuclear_Graphite_Stress_Surrogate/outputs/10_signed_staged_residual_symbolic_pilot/iteration_3/selected_composite_formula.txt,outputs/10_signed_staged_residual_symbolic_pilot/iteration_3/selected_composite_formula.txt,executed_research_artifact,3626,618a9fab8429afe74105be902e0c96d1cae3c6b0df66f3e57aba12477eaf110a,618a9fab8429afe74105be902e0c96d1cae3c6b0df66f3e57aba12477eaf110a,False,
Nuclear_Graphite_Stress_Surrogate/outputs/10_signed_staged_residual_symbolic_pilot/iteration_3/selected_models_case_metrics.csv.gz,outputs/10_signed_staged_residual_symbolic_pilot/iteration_3/selected_models_case_metrics.csv.gz,executed_research_artifact,20888,785b782f12d7a1828c30bfa10da37046735066d9759e7142e2c00eea208dc354,785b782f12d7a1828c30bfa10da37046735066d9759e7142e2c00eea208dc354,False,
Nuclear_Graphite_Stress_Surrogate/outputs/10_signed_staged_residual_symbolic_pilot/iteration_3/selected_models_split_metrics.csv,outputs/10_signed_staged_residual_symbolic_pilot/iteration_3/selected_models_split_metrics.csv,executed_research_artifact,2653,89a9ef5a6ddb83d5dced7db43f6d16a94ac78766b1a05b8e76576f58493b3de2,89a9ef5a6ddb83d5dced7db43f6d16a94ac78766b1a05b8e76576f58493b3de2,False,
Nuclear_Graphite_Stress_Surrogate/outputs/10_signed_staged_residual_symbolic_pilot/iteration_3/selected_models_tail_adaptation.csv,outputs/10_signed_staged_residual_symbolic_pilot/iteration_3/selected_models_tail_adaptation.csv,executed_research_artifact,1004,29c0d18d028043ffd90601652dcda12ccb07ae2d1105e97e04d4db32a126ec19,29c0d18d028043ffd90601652dcda12ccb07ae2d1105e97e04d4db32a126ec19,False,
Nuclear_Graphite_Stress_Surrogate/outputs/10_signed_staged_residual_symbolic_pilot/iteration_3/stages/stage_geometry/candidate_validation_metrics.csv,outputs/10_signed_staged_residual_symbolic_pilot/iteration_3/stages/stage_geometry/candidate_validation_metrics.csv,executed_research_artifact,37374,cfd3337390ead0ccbd01237254b050dfb5baf1f0ab0d4ff63795989f236966e1,cfd3337390ead0ccbd01237254b050dfb5baf1f0ab0d4ff63795989f236966e1,False,
Nuclear_Graphite_Stress_Surrogate/outputs/10_signed_staged_residual_symbolic_pilot/iteration_3/stages/stage_geometry/frontier.csv,outputs/10_signed_staged_residual_symbolic_pilot/iteration_3/stages/stage_geometry/frontier.csv,executed_research_artifact,31460,b291dd90ac8adf4b7e005f9a8857aa9a3b93c42c0162fa7839c0518a619a4f8b,b291dd90ac8adf4b7e005f9a8857aa9a3b93c42c0162fa7839c0518a619a4f8b,False,
Nuclear_Graphite_Stress_Surrogate/outputs/10_signed_staged_residual_symbolic_pilot/iteration_3/stages/stage_geometry/full_validation_shortlist.csv,outputs/10_signed_staged_residual_symbolic_pilot/iteration_3/stages/stage_geometry/full_validation_shortlist.csv,executed_research_artifact,27153,f1f204b0bd7449b41e399f247b951353427a67d62851caa82f102604d08c6473,f1f204b0bd7449b41e399f247b951353427a67d62851caa82f102604d08c6473,False,
Nuclear_Graphite_Stress_Surrogate/outputs/10_signed_staged_residual_symbolic_pilot/iteration_3/stages/stage_geometry/search_progress.json,outputs/10_signed_staged_residual_symbolic_pilot/iteration_3/stages/stage_geometry/search_progress.json,executed_research_artifact,322,a8427b83d89c120cf703f69a5fc3ca9cffe99c23fbebc774e21dfb78a2f740fa,a8427b83d89c120cf703f69a5fc3ca9cffe99c23fbebc774e21dfb78a2f740fa,False,
Nuclear_Graphite_Stress_Surrogate/outputs/10_signed_staged_residual_symbolic_pilot/iteration_3/stages/stage_geometry/search_signature.json,outputs/10_signed_staged_residual_symbolic_pilot/iteration_3/stages/stage_geometry/search_signature.json,executed_research_artifact,3266,5ac8022fda08179354edb3e6f08163c6b94c60afb809b085de35c312cba7c645,5ac8022fda08179354edb3e6f08163c6b94c60afb809b085de35c312cba7c645,False,
Nuclear_Graphite_Stress_Surrogate/outputs/10_signed_staged_residual_symbolic_pilot/iteration_3/stages/stage_geometry/search_state/pysr_runs/v10_i3_geometry_signed_residual_pilot/checkpoint.pkl,outputs/10_signed_staged_residual_symbolic_pilot/iteration_3/stages/stage_geometry/search_state/pysr_runs/v10_i3_geometry_signed_residual_pilot/checkpoint.pkl,executed_research_artifact,193430,1e57918977b04c17fb913e6ed9483a9cbe13bc8f57965c70ef4c2cdbceb21a60,1e57918977b04c17fb913e6ed9483a9cbe13bc8f57965c70ef4c2cdbceb21a60,False,
Nuclear_Graphite_Stress_Surrogate/outputs/10_signed_staged_residual_symbolic_pilot/iteration_3/stages/stage_geometry/search_state/pysr_runs/v10_i3_geometry_signed_residual_pilot/hall_of_fame.csv,outputs/10_signed_staged_residual_symbolic_pilot/iteration_3/stages/stage_geometry/search_state/pysr_runs/v10_i3_geometry_signed_residual_pilot/hall_of_fame.csv,executed_research_artifact,5096,fafeb16027cdf18a5afff43653a485db5d9015c41a046f756dc246dddd1dfbdc,fafeb16027cdf18a5afff43653a485db5d9015c41a046f756dc246dddd1dfbdc,False,
Nuclear_Graphite_Stress_Surrogate/outputs/10_signed_staged_residual_symbolic_pilot/iteration_3/stages/stage_geometry/search_state/pysr_runs/v10_i3_geometry_signed_residual_pilot/hall_of_fame.csv.bak,outputs/10_signed_staged_residual_symbolic_pilot/iteration_3/stages/stage_geometry/search_state/pysr_runs/v10_i3_geometry_signed_residual_pilot/hall_of_fame.csv.bak,executed_research_artifact,5096,fafeb16027cdf18a5afff43653a485db5d9015c41a046f756dc246dddd1dfbdc,fafeb16027cdf18a5afff43653a485db5d9015c41a046f756dc246dddd1dfbdc,False,
Nuclear_Graphite_Stress_Surrogate/outputs/10_signed_staged_residual_symbolic_pilot/iteration_3/stages/stage_geometry/search_state/stable_snapshots/segment_01/checkpoint.pkl,outputs/10_signed_staged_residual_symbolic_pilot/iteration_3/stages/stage_geometry/search_state/stable_snapshots/segment_01/checkpoint.pkl,executed_research_artifact,162506,1e3cf6f69f8e3eb7eb6c0c4bb65f0a9dac661119d65f43eb7b6306892a1fd08f,1e3cf6f69f8e3eb7eb6c0c4bb65f0a9dac661119d65f43eb7b6306892a1fd08f,False,
Nuclear_Graphite_Stress_Surrogate/outputs/10_signed_staged_residual_symbolic_pilot/iteration_3/stages/stage_geometry/search_state/stable_snapshots/segment_01/hall_of_fame.csv,outputs/10_signed_staged_residual_symbolic_pilot/iteration_3/stages/stage_geometry/search_state/stable_snapshots/segment_01/hall_of_fame.csv,executed_research_artifact,2786,b0c269aa3570ba8873d8104104177ef863ca6874ddd649898eebf03f2852593a,b0c269aa3570ba8873d8104104177ef863ca6874ddd649898eebf03f2852593a,False,
Nuclear_Graphite_Stress_Surrogate/outputs/10_signed_staged_residual_symbolic_pilot/iteration_3/stages/stage_geometry/search_state/stable_snapshots/segment_02/checkpoint.pkl,outputs/10_signed_staged_residual_symbolic_pilot/iteration_3/stages/stage_geometry/search_state/stable_snapshots/segment_02/checkpoint.pkl,executed_research_artifact,120077,7e63c67521cbf3f70cc947229613ac46c73d782b31e8c7eb4aa70d5c023eb014,7e63c67521cbf3f70cc947229613ac46c73d782b31e8c7eb4aa70d5c023eb014,False,
Nuclear_Graphite_Stress_Surrogate/outputs/10_signed_staged_residual_symbolic_pilot/iteration_3/stages/stage_geometry/search_state/stable_snapshots/segment_02/hall_of_fame.csv,outputs/10_signed_staged_residual_symbolic_pilot/iteration_3/stages/stage_geometry/search_state/stable_snapshots/segment_02/hall_of_fame.csv,executed_research_artifact,2237,3fd425224cf1ebca763eaf734cb30e685a186af358b53a5bc0d6bb98275da739,3fd425224cf1ebca763eaf734cb30e685a186af358b53a5bc0d6bb98275da739,False,
Nuclear_Graphite_Stress_Surrogate/outputs/10_signed_staged_residual_symbolic_pilot/iteration_3/stages/stage_geometry/search_state/stable_snapshots/segment_03/checkpoint.pkl,outputs/10_signed_staged_residual_symbolic_pilot/iteration_3/stages/stage_geometry/search_state/stable_snapshots/segment_03/checkpoint.pkl,executed_research_artifact,162631,5867d71080dec2455b1585785d45d619dde6068515f67d9d521a15d2cffa499e,5867d71080dec2455b1585785d45d619dde6068515f67d9d521a15d2cffa499e,False,
Nuclear_Graphite_Stress_Surrogate/outputs/10_signed_staged_residual_symbolic_pilot/iteration_3/stages/stage_geometry/search_state/stable_snapshots/segment_03/hall_of_fame.csv,outputs/10_signed_staged_residual_symbolic_pilot/iteration_3/stages/stage_geometry/search_state/stable_snapshots/segment_03/hall_of_fame.csv,executed_research_artifact,2184,546782e09934b0a8862fb8b7456fa99b1960dd5f46222b5d9d04607d7f6a8ea9,546782e09934b0a8862fb8b7456fa99b1960dd5f46222b5d9d04607d7f6a8ea9,False,
Nuclear_Graphite_Stress_Surrogate/outputs/10_signed_staged_residual_symbolic_pilot/iteration_3/stages/stage_geometry/search_state/stable_snapshots/segment_04/checkpoint.pkl,outputs/10_signed_staged_residual_symbolic_pilot/iteration_3/stages/stage_geometry/search_state/stable_snapshots/segment_04/checkpoint.pkl,executed_research_artifact,207012,4126b791fd5b170b9de1755292a0991cb41fa3b9b31e04e29c3956e530c91bfc,4126b791fd5b170b9de1755292a0991cb41fa3b9b31e04e29c3956e530c91bfc,False,
Nuclear_Graphite_Stress_Surrogate/outputs/10_signed_staged_residual_symbolic_pilot/iteration_3/stages/stage_geometry/search_state/stable_snapshots/segment_04/hall_of_fame.csv,outputs/10_signed_staged_residual_symbolic_pilot/iteration_3/stages/stage_geometry/search_state/stable_snapshots/segment_04/hall_of_fame.csv,executed_research_artifact,3519,e04f98ce5fd0abcc03aa55120a09d0b3b726fcb6ecf0e423f30e42df9895a479,e04f98ce5fd0abcc03aa55120a09d0b3b726fcb6ecf0e423f30e42df9895a479,False,
Nuclear_Graphite_Stress_Surrogate/outputs/10_signed_staged_residual_symbolic_pilot/iteration_3/stages/stage_geometry/search_state/stable_snapshots/segment_05/checkpoint.pkl,outputs/10_signed_staged_residual_symbolic_pilot/iteration_3/stages/stage_geometry/search_state/stable_snapshots/segment_05/checkpoint.pkl,executed_research_artifact,193430,1e57918977b04c17fb913e6ed9483a9cbe13bc8f57965c70ef4c2cdbceb21a60,1e57918977b04c17fb913e6ed9483a9cbe13bc8f57965c70ef4c2cdbceb21a60,False,
Nuclear_Graphite_Stress_Surrogate/outputs/10_signed_staged_residual_symbolic_pilot/iteration_3/stages/stage_geometry/search_state/stable_snapshots/segment_05/hall_of_fame.csv,outputs/10_signed_staged_residual_symbolic_pilot/iteration_3/stages/stage_geometry/search_state/stable_snapshots/segment_05/hall_of_fame.csv,executed_research_artifact,5096,fafeb16027cdf18a5afff43653a485db5d9015c41a046f756dc246dddd1dfbdc,fafeb16027cdf18a5afff43653a485db5d9015c41a046f756dc246dddd1dfbdc,False,
Nuclear_Graphite_Stress_Surrogate/outputs/10_signed_staged_residual_symbolic_pilot/iteration_3/stages/stage_geometry/segment_attempt_audit.csv,outputs/10_signed_staged_residual_symbolic_pilot/iteration_3/stages/stage_geometry/segment_attempt_audit.csv,executed_research_artifact,665,d1b4f16a33e2e9acd4ea2444a33f5abc4d94a936b717096d2d45d13474f6283d,d1b4f16a33e2e9acd4ea2444a33f5abc4d94a936b717096d2d45d13474f6283d,False,
Nuclear_Graphite_Stress_Surrogate/outputs/10_signed_staged_residual_symbolic_pilot/iteration_3/stages/stage_geometry/segments/segment_01/attempt_1/frontier.csv,outputs/10_signed_staged_residual_symbolic_pilot/iteration_3/stages/stage_geometry/segments/segment_01/attempt_1/frontier.csv,executed_research_artifact,16731,1610609fe1580fd783b3cda85456f431e38a432b538c487c12f3d12515fd354e,1610609fe1580fd783b3cda85456f431e38a432b538c487c12f3d12515fd354e,False,
Nuclear_Graphite_Stress_Surrogate/outputs/10_signed_staged_residual_symbolic_pilot/iteration_3/stages/stage_geometry/segments/segment_01/attempt_1/worker_status.json,outputs/10_signed_staged_residual_symbolic_pilot/iteration_3/stages/stage_geometry/segments/segment_01/attempt_1/worker_status.json,executed_research_artifact,381,45e6c070ebd62c6d3be461bcbbb5fb34a38e63ba8bbf15a27b1335d4b095771e,45e6c070ebd62c6d3be461bcbbb5fb34a38e63ba8bbf15a27b1335d4b095771e,False,
Nuclear_Graphite_Stress_Surrogate/outputs/10_signed_staged_residual_symbolic_pilot/iteration_3/stages/stage_geometry/segments/segment_01/attempt_1/worker_stderr.log,outputs/10_signed_staged_residual_symbolic_pilot/iteration_3/stages/stage_geometry/segments/segment_01/attempt_1/worker_stderr.log,executed_research_artifact,1127770,bfffee47b5a3157b3cc7ea0db530a4846dc6e2d325504457c1a367242a65aef4,bfffee47b5a3157b3cc7ea0db530a4846dc6e2d325504457c1a367242a65aef4,False,
Nuclear_Graphite_Stress_Surrogate/outputs/10_signed_staged_residual_symbolic_pilot/iteration_3/stages/stage_geometry/segments/segment_01/attempt_1/worker_stdout.log,outputs/10_signed_staged_residual_symbolic_pilot/iteration_3/stages/stage_geometry/segments/segment_01/attempt_1/worker_stdout.log,executed_research_artifact,5013,23bfb47e0dd13bc7c6d7d7021f4b91c9fec37f32e062634b43513f97f6fac983,23bfb47e0dd13bc7c6d7d7021f4b91c9fec37f32e062634b43513f97f6fac983,False,
Nuclear_Graphite_Stress_Surrogate/outputs/10_signed_staged_residual_symbolic_pilot/iteration_3/stages/stage_geometry/segments/segment_01/complete.json,outputs/10_signed_staged_residual_symbolic_pilot/iteration_3/stages/stage_geometry/segments/segment_01/complete.json,executed_research_artifact,161,63c1e0eb8a6f909c54e99b653c5e0189fc8f12443e1b79c47dda624ea1d07612,63c1e0eb8a6f909c54e99b653c5e0189fc8f12443e1b79c47dda624ea1d07612,False,
Nuclear_Graphite_Stress_Surrogate/outputs/10_signed_staged_residual_symbolic_pilot/iteration_3/stages/stage_geometry/segments/segment_01/frontier.csv,outputs/10_signed_staged_residual_symbolic_pilot/iteration_3/stages/stage_geometry/segments/segment_01/frontier.csv,executed_research_artifact,16790,eb6e1d5286d8f29fce12ab21f846c8e5683ae85d938da3e1c2940759093d3413,eb6e1d5286d8f29fce12ab21f846c8e5683ae85d938da3e1c2940759093d3413,False,
Nuclear_Graphite_Stress_Surrogate/outputs/10_signed_staged_residual_symbolic_pilot/iteration_3/stages/stage_geometry/segments/segment_01/watchdog_status.json,outputs/10_signed_staged_residual_symbolic_pilot/iteration_3/stages/stage_geometry/segments/segment_01/watchdog_status.json,executed_research_artifact,216,0e61f0e7b3f056214178fbad7d6805302079e4c2c2ba802d7e916aa4897e295b,0e61f0e7b3f056214178fbad7d6805302079e4c2c2ba802d7e916aa4897e295b,False,
Nuclear_Graphite_Stress_Surrogate/outputs/10_signed_staged_residual_symbolic_pilot/iteration_3/stages/stage_geometry/segments/segment_02/attempt_1/frontier.csv,outputs/10_signed_staged_residual_symbolic_pilot/iteration_3/stages/stage_geometry/segments/segment_02/attempt_1/frontier.csv,executed_research_artifact,14062,3bab4477686256ffa44eb011bb3d424e563b5ea75402fa2c6e8c88c3b0057334,3bab4477686256ffa44eb011bb3d424e563b5ea75402fa2c6e8c88c3b0057334,False,
Nuclear_Graphite_Stress_Surrogate/outputs/10_signed_staged_residual_symbolic_pilot/iteration_3/stages/stage_geometry/segments/segment_02/attempt_1/worker_status.json,outputs/10_signed_staged_residual_symbolic_pilot/iteration_3/stages/stage_geometry/segments/segment_02/attempt_1/worker_status.json,executed_research_artifact,390,0bbcaa10fa9df9d5cb1e3fd246242f40ffe749f809801f7dbd6849f4d5f20045,0bbcaa10fa9df9d5cb1e3fd246242f40ffe749f809801f7dbd6849f4d5f20045,False,
Nuclear_Graphite_Stress_Surrogate/outputs/10_signed_staged_residual_symbolic_pilot/iteration_3/stages/stage_geometry/segments/segment_02/attempt_1/worker_stderr.log,outputs/10_signed_staged_residual_symbolic_pilot/iteration_3/stages/stage_geometry/segments/segment_02/attempt_1/worker_stderr.log,executed_research_artifact,1714995,ab175582a5094052243e4f97f990165c7db3e715239e61a09538d9b2ed9894ee,ab175582a5094052243e4f97f990165c7db3e715239e61a09538d9b2ed9894ee,False,
Nuclear_Graphite_Stress_Surrogate/outputs/10_signed_staged_residual_symbolic_pilot/iteration_3/stages/stage_geometry/segments/segment_02/attempt_1/worker_stdout.log,outputs/10_signed_staged_residual_symbolic_pilot/iteration_3/stages/stage_geometry/segments/segment_02/attempt_1/worker_stdout.log,executed_research_artifact,4174,b0016cba4b2fb8db8403ed558f3b8dfb4c497352af0843c22252f25c57824128,b0016cba4b2fb8db8403ed558f3b8dfb4c497352af0843c22252f25c57824128,False,
Nuclear_Graphite_Stress_Surrogate/outputs/10_signed_staged_residual_symbolic_pilot/iteration_3/stages/stage_geometry/segments/segment_02/complete.json,outputs/10_signed_staged_residual_symbolic_pilot/iteration_3/stages/stage_geometry/segments/segment_02/complete.json,executed_research_artifact,161,20de05da281d041fd30e3a0eb2ab68274a228b5477866f07705d90a4fa3819a8,20de05da281d041fd30e3a0eb2ab68274a228b5477866f07705d90a4fa3819a8,False,
Nuclear_Graphite_Stress_Surrogate/outputs/10_signed_staged_residual_symbolic_pilot/iteration_3/stages/stage_geometry/segments/segment_02/frontier.csv,outputs/10_signed_staged_residual_symbolic_pilot/iteration_3/stages/stage_geometry/segments/segment_02/frontier.csv,executed_research_artifact,14120,da0e0939afcaaeec6ceff2065069f1375b4831ece44746175816cd743c8d1548,da0e0939afcaaeec6ceff2065069f1375b4831ece44746175816cd743c8d1548,False,
Nuclear_Graphite_Stress_Surrogate/outputs/10_signed_staged_residual_symbolic_pilot/iteration_3/stages/stage_geometry/segments/segment_02/watchdog_status.json,outputs/10_signed_staged_residual_symbolic_pilot/iteration_3/stages/stage_geometry/segments/segment_02/watchdog_status.json,executed_research_artifact,215,e45c4486f72579ab97d6b7634986a605789ee0f4f94e48eff02d3ceab7a65849,e45c4486f72579ab97d6b7634986a605789ee0f4f94e48eff02d3ceab7a65849,False,
Nuclear_Graphite_Stress_Surrogate/outputs/10_signed_staged_residual_symbolic_pilot/iteration_3/stages/stage_geometry/segments/segment_03/attempt_1/frontier.csv,outputs/10_signed_staged_residual_symbolic_pilot/iteration_3/stages/stage_geometry/segments/segment_03/attempt_1/frontier.csv,executed_research_artifact,13819,a199ef8b5bba513c70c0ecff2450323351c2cc355aae741fc0bb5925ac99db05,a199ef8b5bba513c70c0ecff2450323351c2cc355aae741fc0bb5925ac99db05,False,
Nuclear_Graphite_Stress_Surrogate/outputs/10_signed_staged_residual_symbolic_pilot/iteration_3/stages/stage_geometry/segments/segment_03/attempt_1/worker_status.json,outputs/10_signed_staged_residual_symbolic_pilot/iteration_3/stages/stage_geometry/segments/segment_03/attempt_1/worker_status.json,executed_research_artifact,390,5447c1a8728d83e1e128b6809e4e0cee7cfb5694e90d77bb4046824b2e460440,5447c1a8728d83e1e128b6809e4e0cee7cfb5694e90d77bb4046824b2e460440,False,
Nuclear_Graphite_Stress_Surrogate/outputs/10_signed_staged_residual_symbolic_pilot/iteration_3/stages/stage_geometry/segments/segment_03/attempt_1/worker_stderr.log,outputs/10_signed_staged_residual_symbolic_pilot/iteration_3/stages/stage_geometry/segments/segment_03/attempt_1/worker_stderr.log,executed_research_artifact,1822292,f83b6aa2213e3ae01de6729a95d51b9db702b53e508167216f8a93061dd37d3c,f83b6aa2213e3ae01de6729a95d51b9db702b53e508167216f8a93061dd37d3c,False,
Nuclear_Graphite_Stress_Surrogate/outputs/10_signed_staged_residual_symbolic_pilot/iteration_3/stages/stage_geometry/segments/segment_03/attempt_1/worker_stdout.log,outputs/10_signed_staged_residual_symbolic_pilot/iteration_3/stages/stage_geometry/segments/segment_03/attempt_1/worker_stdout.log,executed_research_artifact,4118,0e59aa237a94214845b26075752e3c4074d31ed49b361f533ca385f461407d6d,0e59aa237a94214845b26075752e3c4074d31ed49b361f533ca385f461407d6d,False,
Nuclear_Graphite_Stress_Surrogate/outputs/10_signed_staged_residual_symbolic_pilot/iteration_3/stages/stage_geometry/segments/segment_03/complete.json,outputs/10_signed_staged_residual_symbolic_pilot/iteration_3/stages/stage_geometry/segments/segment_03/complete.json,executed_research_artifact,160,29262e6b58b013a40608d6785664beddb2935d183899bb837a58abe551d3e50e,29262e6b58b013a40608d6785664beddb2935d183899bb837a58abe551d3e50e,False,
Nuclear_Graphite_Stress_Surrogate/outputs/10_signed_staged_residual_symbolic_pilot/iteration_3/stages/stage_geometry/segments/segment_03/frontier.csv,outputs/10_signed_staged_residual_symbolic_pilot/iteration_3/stages/stage_geometry/segments/segment_03/frontier.csv,executed_research_artifact,13877,8dd425fc760140c89f30eb6e01b58946db98241575b1ea1ed37077a87ea2c0ca,8dd425fc760140c89f30eb6e01b58946db98241575b1ea1ed37077a87ea2c0ca,False,
Nuclear_Graphite_Stress_Surrogate/outputs/10_signed_staged_residual_symbolic_pilot/iteration_3/stages/stage_geometry/segments/segment_03/watchdog_status.json,outputs/10_signed_staged_residual_symbolic_pilot/iteration_3/stages/stage_geometry/segments/segment_03/watchdog_status.json,executed_research_artifact,215,6c3e88d28eab1a97ae48758b9a74b6302f122a89d061696db61067e0dc7999ab,6c3e88d28eab1a97ae48758b9a74b6302f122a89d061696db61067e0dc7999ab,False,
Nuclear_Graphite_Stress_Surrogate/outputs/10_signed_staged_residual_symbolic_pilot/iteration_3/stages/stage_geometry/segments/segment_04/attempt_1/frontier.csv,outputs/10_signed_staged_residual_symbolic_pilot/iteration_3/stages/stage_geometry/segments/segment_04/attempt_1/frontier.csv,executed_research_artifact,21658,836246e8c9519d317b2fc91e347f98108355a288c748ea4b41568ab7ce7b9860,836246e8c9519d317b2fc91e347f98108355a288c748ea4b41568ab7ce7b9860,False,
Nuclear_Graphite_Stress_Surrogate/outputs/10_signed_staged_residual_symbolic_pilot/iteration_3/stages/stage_geometry/segments/segment_04/attempt_1/worker_status.json,outputs/10_signed_staged_residual_symbolic_pilot/iteration_3/stages/stage_geometry/segments/segment_04/attempt_1/worker_status.json,executed_research_artifact,390,25e1075d93b817a3da30e1cfb683eaa7d55f1791f63639af924016e05495ba8e,25e1075d93b817a3da30e1cfb683eaa7d55f1791f63639af924016e05495ba8e,False,
Nuclear_Graphite_Stress_Surrogate/outputs/10_signed_staged_residual_symbolic_pilot/iteration_3/stages/stage_geometry/segments/segment_04/attempt_1/worker_stderr.log,outputs/10_signed_staged_residual_symbolic_pilot/iteration_3/stages/stage_geometry/segments/segment_04/attempt_1/worker_stderr.log,executed_research_artifact,2153343,3837ef505ba19bc50d99aff983f5f0eb6018644766882d17ee0061d3ea4d7a3c,3837ef505ba19bc50d99aff983f5f0eb6018644766882d17ee0061d3ea4d7a3c,False,
Nuclear_Graphite_Stress_Surrogate/outputs/10_signed_staged_residual_symbolic_pilot/iteration_3/stages/stage_geometry/segments/segment_04/attempt_1/worker_stdout.log,outputs/10_signed_staged_residual_symbolic_pilot/iteration_3/stages/stage_geometry/segments/segment_04/attempt_1/worker_stdout.log,executed_research_artifact,5955,e0192f004fea10fe1716c1f585cc9e5e015fcb535cfcadcb4ca8d4ffff704e97,e0192f004fea10fe1716c1f585cc9e5e015fcb535cfcadcb4ca8d4ffff704e97,False,
Nuclear_Graphite_Stress_Surrogate/outputs/10_signed_staged_residual_symbolic_pilot/iteration_3/stages/stage_geometry/segments/segment_04/complete.json,outputs/10_signed_staged_residual_symbolic_pilot/iteration_3/stages/stage_geometry/segments/segment_04/complete.json,executed_research_artifact,161,6d4d4d5f6f8c9684751c790db9e7f08b614569a769c21acfd2aaab6fe277f7cb,6d4d4d5f6f8c9684751c790db9e7f08b614569a769c21acfd2aaab6fe277f7cb,False,
Nuclear_Graphite_Stress_Surrogate/outputs/10_signed_staged_residual_symbolic_pilot/iteration_3/stages/stage_geometry/segments/segment_04/frontier.csv,outputs/10_signed_staged_residual_symbolic_pilot/iteration_3/stages/stage_geometry/segments/segment_04/frontier.csv,executed_research_artifact,21724,83ae1713a06087637197befca79396562560c4551db8a4b1d1d0258ce13245c8,83ae1713a06087637197befca79396562560c4551db8a4b1d1d0258ce13245c8,False,
Nuclear_Graphite_Stress_Surrogate/outputs/10_signed_staged_residual_symbolic_pilot/iteration_3/stages/stage_geometry/segments/segment_04/watchdog_status.json,outputs/10_signed_staged_residual_symbolic_pilot/iteration_3/stages/stage_geometry/segments/segment_04/watchdog_status.json,executed_research_artifact,215,44439f98ec8620026d324edfd7a4e3e68aa348bba13efbb1c167e35907c97bbb,44439f98ec8620026d324edfd7a4e3e68aa348bba13efbb1c167e35907c97bbb,False,
Nuclear_Graphite_Stress_Surrogate/outputs/10_signed_staged_residual_symbolic_pilot/iteration_3/stages/stage_geometry/segments/segment_05/attempt_1/frontier.csv,outputs/10_signed_staged_residual_symbolic_pilot/iteration_3/stages/stage_geometry/segments/segment_05/attempt_1/frontier.csv,executed_research_artifact,30866,4f7472fb12d28927f49765f3db0ff99080bb0bacd39f0b9516c37a4afbcd280c,4f7472fb12d28927f49765f3db0ff99080bb0bacd39f0b9516c37a4afbcd280c,False,
Nuclear_Graphite_Stress_Surrogate/outputs/10_signed_staged_residual_symbolic_pilot/iteration_3/stages/stage_geometry/segments/segment_05/attempt_1/worker_status.json,outputs/10_signed_staged_residual_symbolic_pilot/iteration_3/stages/stage_geometry/segments/segment_05/attempt_1/worker_status.json,executed_research_artifact,390,cbafb3a611357c9bdf9db83cf342323bdcb72e44e0353beeb1d262971f1804a0,cbafb3a611357c9bdf9db83cf342323bdcb72e44e0353beeb1d262971f1804a0,False,
Nuclear_Graphite_Stress_Surrogate/outputs/10_signed_staged_residual_symbolic_pilot/iteration_3/stages/stage_geometry/segments/segment_05/attempt_1/worker_stderr.log,outputs/10_signed_staged_residual_symbolic_pilot/iteration_3/stages/stage_geometry/segments/segment_05/attempt_1/worker_stderr.log,executed_research_artifact,3018819,65476e04dd85e3cd018ca9cf3500f4be110872ef4ebe675fc0fbdb68cf8a7b2a,65476e04dd85e3cd018ca9cf3500f4be110872ef4ebe675fc0fbdb68cf8a7b2a,False,
Nuclear_Graphite_Stress_Surrogate/outputs/10_signed_staged_residual_symbolic_pilot/iteration_3/stages/stage_geometry/segments/segment_05/attempt_1/worker_stdout.log,outputs/10_signed_staged_residual_symbolic_pilot/iteration_3/stages/stage_geometry/segments/segment_05/attempt_1/worker_stdout.log,executed_research_artifact,8204,00873b34239ef6c0ca1ca2f86faee9d558515356bf67a3d8ce52961e04712c07,00873b34239ef6c0ca1ca2f86faee9d558515356bf67a3d8ce52961e04712c07,False,
Nuclear_Graphite_Stress_Surrogate/outputs/10_signed_staged_residual_symbolic_pilot/iteration_3/stages/stage_geometry/segments/segment_05/complete.json,outputs/10_signed_staged_residual_symbolic_pilot/iteration_3/stages/stage_geometry/segments/segment_05/complete.json,executed_research_artifact,161,433fd1781831946e96725cdd2ba2f4d494ca68d22f06df093f0dbe1367b73b51,433fd1781831946e96725cdd2ba2f4d494ca68d22f06df093f0dbe1367b73b51,False,
Nuclear_Graphite_Stress_Surrogate/outputs/10_signed_staged_residual_symbolic_pilot/iteration_3/stages/stage_geometry/segments/segment_05/frontier.csv,outputs/10_signed_staged_residual_symbolic_pilot/iteration_3/stages/stage_geometry/segments/segment_05/frontier.csv,executed_research_artifact,30945,c4418a9537d0165152a42223a46411070845b25e5fa0aa522e38348a079d4369,c4418a9537d0165152a42223a46411070845b25e5fa0aa522e38348a079d4369,False,
Nuclear_Graphite_Stress_Surrogate/outputs/10_signed_staged_residual_symbolic_pilot/iteration_3/stages/stage_geometry/segments/segment_05/watchdog_status.json,outputs/10_signed_staged_residual_symbolic_pilot/iteration_3/stages/stage_geometry/segments/segment_05/watchdog_status.json,executed_research_artifact,215,41dc172c92719338de4ec7c925ed5a2c8a3665d86b0ef5a92752334ce13d05e1,41dc172c92719338de4ec7c925ed5a2c8a3665d86b0ef5a92752334ce13d05e1,False,
Nuclear_Graphite_Stress_Surrogate/outputs/10_signed_staged_residual_symbolic_pilot/iteration_3/stages/stage_geometry/selected_formula.csv,outputs/10_signed_staged_residual_symbolic_pilot/iteration_3/stages/stage_geometry/selected_formula.csv,executed_research_artifact,4538,e46c656b4a53497ed3878903113c56ff1d66e2b05050a4327ba16e169ae198c3,e46c656b4a53497ed3878903113c56ff1d66e2b05050a4327ba16e169ae198c3,False,
Nuclear_Graphite_Stress_Surrogate/outputs/10_signed_staged_residual_symbolic_pilot/iteration_3/stages/stage_physical/candidate_validation_metrics.csv,outputs/10_signed_staged_residual_symbolic_pilot/iteration_3/stages/stage_physical/candidate_validation_metrics.csv,executed_research_artifact,29799,1a67579c8df1df9d932126297cd69cc831bd0d0e38dbccaa5a03cee7c7bf1aad,1a67579c8df1df9d932126297cd69cc831bd0d0e38dbccaa5a03cee7c7bf1aad,False,
Nuclear_Graphite_Stress_Surrogate/outputs/10_signed_staged_residual_symbolic_pilot/iteration_3/stages/stage_physical/frontier.csv,outputs/10_signed_staged_residual_symbolic_pilot/iteration_3/stages/stage_physical/frontier.csv,executed_research_artifact,20375,a44e49040ee8a6e1f5dce0229852f1dff477f5e743b529a32d69a9dc6f224f92,a44e49040ee8a6e1f5dce0229852f1dff477f5e743b529a32d69a9dc6f224f92,False,
Nuclear_Graphite_Stress_Surrogate/outputs/10_signed_staged_residual_symbolic_pilot/iteration_3/stages/stage_physical/full_validation_shortlist.csv,outputs/10_signed_staged_residual_symbolic_pilot/iteration_3/stages/stage_physical/full_validation_shortlist.csv,executed_research_artifact,20375,f6f0675bd5ae55c50d2deba92eafbc9f5277b5257070191e5d0dc4179559cb7f,f6f0675bd5ae55c50d2deba92eafbc9f5277b5257070191e5d0dc4179559cb7f,False,
Nuclear_Graphite_Stress_Surrogate/outputs/10_signed_staged_residual_symbolic_pilot/iteration_3/stages/stage_physical/search_progress.json,outputs/10_signed_staged_residual_symbolic_pilot/iteration_3/stages/stage_physical/search_progress.json,executed_research_artifact,322,164c6aa68275a712b37b3d379f12b58a7d6e13833ebf2a3325f5f5c3c90a285e,164c6aa68275a712b37b3d379f12b58a7d6e13833ebf2a3325f5f5c3c90a285e,False,
Nuclear_Graphite_Stress_Surrogate/outputs/10_signed_staged_residual_symbolic_pilot/iteration_3/stages/stage_physical/search_signature.json,outputs/10_signed_staged_residual_symbolic_pilot/iteration_3/stages/stage_physical/search_signature.json,executed_research_artifact,3369,caf5a6d05b6cb0a4667b1483db38c9a1fc3aa5d6b6bedbf3d120c722236eb3c3,caf5a6d05b6cb0a4667b1483db38c9a1fc3aa5d6b6bedbf3d120c722236eb3c3,False,
Nuclear_Graphite_Stress_Surrogate/outputs/10_signed_staged_residual_symbolic_pilot/iteration_3/stages/stage_physical/search_state/pysr_runs/v10_i3_physical_signed_residual_pilot/checkpoint.pkl,outputs/10_signed_staged_residual_symbolic_pilot/iteration_3/stages/stage_physical/search_state/pysr_runs/v10_i3_physical_signed_residual_pilot/checkpoint.pkl,executed_research_artifact,146783,3d6370bc581d4ea64b30324487a932bc4af66f8f0cad514062cc9094c9943a37,3d6370bc581d4ea64b30324487a932bc4af66f8f0cad514062cc9094c9943a37,False,
Nuclear_Graphite_Stress_Surrogate/outputs/10_signed_staged_residual_symbolic_pilot/iteration_3/stages/stage_physical/search_state/pysr_runs/v10_i3_physical_signed_residual_pilot/hall_of_fame.csv,outputs/10_signed_staged_residual_symbolic_pilot/iteration_3/stages/stage_physical/search_state/pysr_runs/v10_i3_physical_signed_residual_pilot/hall_of_fame.csv,executed_research_artifact,3162,4e8c21dfe0b522f2d0ae922874fb2410f648381a93f17246ded559e0ecbd435a,4e8c21dfe0b522f2d0ae922874fb2410f648381a93f17246ded559e0ecbd435a,False,
Nuclear_Graphite_Stress_Surrogate/outputs/10_signed_staged_residual_symbolic_pilot/iteration_3/stages/stage_physical/search_state/pysr_runs/v10_i3_physical_signed_residual_pilot/hall_of_fame.csv.bak,outputs/10_signed_staged_residual_symbolic_pilot/iteration_3/stages/stage_physical/search_state/pysr_runs/v10_i3_physical_signed_residual_pilot/hall_of_fame.csv.bak,executed_research_artifact,3162,4e8c21dfe0b522f2d0ae922874fb2410f648381a93f17246ded559e0ecbd435a,4e8c21dfe0b522f2d0ae922874fb2410f648381a93f17246ded559e0ecbd435a,False,
Nuclear_Graphite_Stress_Surrogate/outputs/10_signed_staged_residual_symbolic_pilot/iteration_3/stages/stage_physical/search_state/stable_snapshots/segment_01/checkpoint.pkl,outputs/10_signed_staged_residual_symbolic_pilot/iteration_3/stages/stage_physical/search_state/stable_snapshots/segment_01/checkpoint.pkl,executed_research_artifact,142600,1756ce1059abed4d4a29667209ecd2aa1a6eaae4b663dce6640cddae12e1599f,1756ce1059abed4d4a29667209ecd2aa1a6eaae4b663dce6640cddae12e1599f,False,
Nuclear_Graphite_Stress_Surrogate/outputs/10_signed_staged_residual_symbolic_pilot/iteration_3/stages/stage_physical/search_state/stable_snapshots/segment_01/hall_of_fame.csv,outputs/10_signed_staged_residual_symbolic_pilot/iteration_3/stages/stage_physical/search_state/stable_snapshots/segment_01/hall_of_fame.csv,executed_research_artifact,3597,f34355abee9c8fbea5c7be4a7819fba51888de48524d000319f2b703acfaae9a,f34355abee9c8fbea5c7be4a7819fba51888de48524d000319f2b703acfaae9a,False,
Nuclear_Graphite_Stress_Surrogate/outputs/10_signed_staged_residual_symbolic_pilot/iteration_3/stages/stage_physical/search_state/stable_snapshots/segment_02/checkpoint.pkl,outputs/10_signed_staged_residual_symbolic_pilot/iteration_3/stages/stage_physical/search_state/stable_snapshots/segment_02/checkpoint.pkl,executed_research_artifact,138248,b5191adc87411feaedb99d64a6a16d970743453f9e9f74ed6021de8e066ca854,b5191adc87411feaedb99d64a6a16d970743453f9e9f74ed6021de8e066ca854,False,
Nuclear_Graphite_Stress_Surrogate/outputs/10_signed_staged_residual_symbolic_pilot/iteration_3/stages/stage_physical/search_state/stable_snapshots/segment_02/hall_of_fame.csv,outputs/10_signed_staged_residual_symbolic_pilot/iteration_3/stages/stage_physical/search_state/stable_snapshots/segment_02/hall_of_fame.csv,executed_research_artifact,2855,e1475d506e97aa0820f180843ccaf6cf7e6bd6babb4733ed2735332e4a510a96,e1475d506e97aa0820f180843ccaf6cf7e6bd6babb4733ed2735332e4a510a96,False,
Nuclear_Graphite_Stress_Surrogate/outputs/10_signed_staged_residual_symbolic_pilot/iteration_3/stages/stage_physical/search_state/stable_snapshots/segment_03/checkpoint.pkl,outputs/10_signed_staged_residual_symbolic_pilot/iteration_3/stages/stage_physical/search_state/stable_snapshots/segment_03/checkpoint.pkl,executed_research_artifact,135341,beebc9b0a71594f307d9339e1f7c49d22b64337a7ff4f4d076f6631d5e4d40b5,beebc9b0a71594f307d9339e1f7c49d22b64337a7ff4f4d076f6631d5e4d40b5,False,
Nuclear_Graphite_Stress_Surrogate/outputs/10_signed_staged_residual_symbolic_pilot/iteration_3/stages/stage_physical/search_state/stable_snapshots/segment_03/hall_of_fame.csv,outputs/10_signed_staged_residual_symbolic_pilot/iteration_3/stages/stage_physical/search_state/stable_snapshots/segment_03/hall_of_fame.csv,executed_research_artifact,3243,ef9e738117820e02bec0b1213a2277afcaf79565f620ee173b1661439939d5b6,ef9e738117820e02bec0b1213a2277afcaf79565f620ee173b1661439939d5b6,False,
Nuclear_Graphite_Stress_Surrogate/outputs/10_signed_staged_residual_symbolic_pilot/iteration_3/stages/stage_physical/search_state/stable_snapshots/segment_04/checkpoint.pkl,outputs/10_signed_staged_residual_symbolic_pilot/iteration_3/stages/stage_physical/search_state/stable_snapshots/segment_04/checkpoint.pkl,executed_research_artifact,175914,852a4c43c5896e54c17633e4b135cbefeb757820897043d3c03886d2328a8225,852a4c43c5896e54c17633e4b135cbefeb757820897043d3c03886d2328a8225,False,
Nuclear_Graphite_Stress_Surrogate/outputs/10_signed_staged_residual_symbolic_pilot/iteration_3/stages/stage_physical/search_state/stable_snapshots/segment_04/hall_of_fame.csv,outputs/10_signed_staged_residual_symbolic_pilot/iteration_3/stages/stage_physical/search_state/stable_snapshots/segment_04/hall_of_fame.csv,executed_research_artifact,3631,20848de54d45b2015d2438573262b154c42c7c85d4a04bc0b1349f81aa717b3f,20848de54d45b2015d2438573262b154c42c7c85d4a04bc0b1349f81aa717b3f,False,
Nuclear_Graphite_Stress_Surrogate/outputs/10_signed_staged_residual_symbolic_pilot/iteration_3/stages/stage_physical/search_state/stable_snapshots/segment_05/checkpoint.pkl,outputs/10_signed_staged_residual_symbolic_pilot/iteration_3/stages/stage_physical/search_state/stable_snapshots/segment_05/checkpoint.pkl,executed_research_artifact,146783,3d6370bc581d4ea64b30324487a932bc4af66f8f0cad514062cc9094c9943a37,3d6370bc581d4ea64b30324487a932bc4af66f8f0cad514062cc9094c9943a37,False,
Nuclear_Graphite_Stress_Surrogate/outputs/10_signed_staged_residual_symbolic_pilot/iteration_3/stages/stage_physical/search_state/stable_snapshots/segment_05/hall_of_fame.csv,outputs/10_signed_staged_residual_symbolic_pilot/iteration_3/stages/stage_physical/search_state/stable_snapshots/segment_05/hall_of_fame.csv,executed_research_artifact,3162,4e8c21dfe0b522f2d0ae922874fb2410f648381a93f17246ded559e0ecbd435a,4e8c21dfe0b522f2d0ae922874fb2410f648381a93f17246ded559e0ecbd435a,False,
Nuclear_Graphite_Stress_Surrogate/outputs/10_signed_staged_residual_symbolic_pilot/iteration_3/stages/stage_physical/segment_attempt_audit.csv,outputs/10_signed_staged_residual_symbolic_pilot/iteration_3/stages/stage_physical/segment_attempt_audit.csv,executed_research_artifact,663,394fd6c0e5ed85f62b3d6e1c84076498c1b5de78b2816152694e5b4e475d842f,394fd6c0e5ed85f62b3d6e1c84076498c1b5de78b2816152694e5b4e475d842f,False,
Nuclear_Graphite_Stress_Surrogate/outputs/10_signed_staged_residual_symbolic_pilot/iteration_3/stages/stage_physical/segments/segment_01/attempt_1/frontier.csv,outputs/10_signed_staged_residual_symbolic_pilot/iteration_3/stages/stage_physical/segments/segment_01/attempt_1/frontier.csv,executed_research_artifact,26271,42a35bbe7e1a180f11139206ba8b649f869c68da478c5093498c63da5195a7aa,42a35bbe7e1a180f11139206ba8b649f869c68da478c5093498c63da5195a7aa,False,
Nuclear_Graphite_Stress_Surrogate/outputs/10_signed_staged_residual_symbolic_pilot/iteration_3/stages/stage_physical/segments/segment_01/attempt_1/worker_status.json,outputs/10_signed_staged_residual_symbolic_pilot/iteration_3/stages/stage_physical/segments/segment_01/attempt_1/worker_status.json,executed_research_artifact,381,d2850b2535f3537db180b0196ba8bc65b9e1daef2be8c22eedd595dd60e82d5d,d2850b2535f3537db180b0196ba8bc65b9e1daef2be8c22eedd595dd60e82d5d,False,
Nuclear_Graphite_Stress_Surrogate/outputs/10_signed_staged_residual_symbolic_pilot/iteration_3/stages/stage_physical/segments/segment_01/attempt_1/worker_stderr.log,outputs/10_signed_staged_residual_symbolic_pilot/iteration_3/stages/stage_physical/segments/segment_01/attempt_1/worker_stderr.log,executed_research_artifact,1336739,58fcec1f75a69d8e54c3d8b07f118d5ade3af2b971d156a165fed9457ec48441,58fcec1f75a69d8e54c3d8b07f118d5ade3af2b971d156a165fed9457ec48441,False,
Nuclear_Graphite_Stress_Surrogate/outputs/10_signed_staged_residual_symbolic_pilot/iteration_3/stages/stage_physical/segments/segment_01/attempt_1/worker_stdout.log,outputs/10_signed_staged_residual_symbolic_pilot/iteration_3/stages/stage_physical/segments/segment_01/attempt_1/worker_stdout.log,executed_research_artifact,5920,26a745bba0a774999ba6cf5b1cba1de67297623237190695c0172186c0a24dd0,26a745bba0a774999ba6cf5b1cba1de67297623237190695c0172186c0a24dd0,False,
Nuclear_Graphite_Stress_Surrogate/outputs/10_signed_staged_residual_symbolic_pilot/iteration_3/stages/stage_physical/segments/segment_01/complete.json,outputs/10_signed_staged_residual_symbolic_pilot/iteration_3/stages/stage_physical/segments/segment_01/complete.json,executed_research_artifact,161,9526e3e1ef18878c619fbbe9c84a1844eb5e0739eaba98719b32ff8d4e0dce54,9526e3e1ef18878c619fbbe9c84a1844eb5e0739eaba98719b32ff8d4e0dce54,False,
Nuclear_Graphite_Stress_Surrogate/outputs/10_signed_staged_residual_symbolic_pilot/iteration_3/stages/stage_physical/segments/segment_01/frontier.csv,outputs/10_signed_staged_residual_symbolic_pilot/iteration_3/stages/stage_physical/segments/segment_01/frontier.csv,executed_research_artifact,26336,cb4914ba971610ed8882d49294b559e6657de921f428b0a3737bd2539a2411bf,cb4914ba971610ed8882d49294b559e6657de921f428b0a3737bd2539a2411bf,False,
Nuclear_Graphite_Stress_Surrogate/outputs/10_signed_staged_residual_symbolic_pilot/iteration_3/stages/stage_physical/segments/segment_01/watchdog_status.json,outputs/10_signed_staged_residual_symbolic_pilot/iteration_3/stages/stage_physical/segments/segment_01/watchdog_status.json,executed_research_artifact,216,c1ab45596cc7a1c0576ac6b354547c5f30f28355e930fba8e3dfea728d3bae36,c1ab45596cc7a1c0576ac6b354547c5f30f28355e930fba8e3dfea728d3bae36,False,
Nuclear_Graphite_Stress_Surrogate/outputs/10_signed_staged_residual_symbolic_pilot/iteration_3/stages/stage_physical/segments/segment_02/attempt_1/frontier.csv,outputs/10_signed_staged_residual_symbolic_pilot/iteration_3/stages/stage_physical/segments/segment_02/attempt_1/frontier.csv,executed_research_artifact,20942,4c6cfae2bb9526a9edc990fa69d4c06b9de492cef1b0df55a9294f2f91b08e16,4c6cfae2bb9526a9edc990fa69d4c06b9de492cef1b0df55a9294f2f91b08e16,False,
Nuclear_Graphite_Stress_Surrogate/outputs/10_signed_staged_residual_symbolic_pilot/iteration_3/stages/stage_physical/segments/segment_02/attempt_1/worker_status.json,outputs/10_signed_staged_residual_symbolic_pilot/iteration_3/stages/stage_physical/segments/segment_02/attempt_1/worker_status.json,executed_research_artifact,390,ec726491ab8d365e752c78cad07bb1bf2a325c3d7392d1b34d692e61ddb95bc1,ec726491ab8d365e752c78cad07bb1bf2a325c3d7392d1b34d692e61ddb95bc1,False,
Nuclear_Graphite_Stress_Surrogate/outputs/10_signed_staged_residual_symbolic_pilot/iteration_3/stages/stage_physical/segments/segment_02/attempt_1/worker_stderr.log,outputs/10_signed_staged_residual_symbolic_pilot/iteration_3/stages/stage_physical/segments/segment_02/attempt_1/worker_stderr.log,executed_research_artifact,1950683,f0785f544b08574f052d89403c34e547682f63765802ab997fe97974899d63eb,f0785f544b08574f052d89403c34e547682f63765802ab997fe97974899d63eb,False,
Nuclear_Graphite_Stress_Surrogate/outputs/10_signed_staged_residual_symbolic_pilot/iteration_3/stages/stage_physical/segments/segment_02/attempt_1/worker_stdout.log,outputs/10_signed_staged_residual_symbolic_pilot/iteration_3/stages/stage_physical/segments/segment_02/attempt_1/worker_stdout.log,executed_research_artifact,5044,913ffa2c124009f1c06bad85b0660ce6d028e85bb05136d13e3c6a5267cc76a9,913ffa2c124009f1c06bad85b0660ce6d028e85bb05136d13e3c6a5267cc76a9,False,
Nuclear_Graphite_Stress_Surrogate/outputs/10_signed_staged_residual_symbolic_pilot/iteration_3/stages/stage_physical/segments/segment_02/complete.json,outputs/10_signed_staged_residual_symbolic_pilot/iteration_3/stages/stage_physical/segments/segment_02/complete.json,executed_research_artifact,161,85d2dc8eba9b1958e857bd64ff185c8dcdd80f54045ea0ed2223b80c6422bd49,85d2dc8eba9b1958e857bd64ff185c8dcdd80f54045ea0ed2223b80c6422bd49,False,
Nuclear_Graphite_Stress_Surrogate/outputs/10_signed_staged_residual_symbolic_pilot/iteration_3/stages/stage_physical/segments/segment_02/frontier.csv,outputs/10_signed_staged_residual_symbolic_pilot/iteration_3/stages/stage_physical/segments/segment_02/frontier.csv,executed_research_artifact,21004,97e20a0aba162b1b5c231d16294610f5ac4e5890618ed97772de89137aea80e9,97e20a0aba162b1b5c231d16294610f5ac4e5890618ed97772de89137aea80e9,False,
Nuclear_Graphite_Stress_Surrogate/outputs/10_signed_staged_residual_symbolic_pilot/iteration_3/stages/stage_physical/segments/segment_02/watchdog_status.json,outputs/10_signed_staged_residual_symbolic_pilot/iteration_3/stages/stage_physical/segments/segment_02/watchdog_status.json,executed_research_artifact,215,215407c48f48605f21c9b2d1f0b0ead640da6b7b39b705bc1dc1163e0c7980b6,215407c48f48605f21c9b2d1f0b0ead640da6b7b39b705bc1dc1163e0c7980b6,False,
Nuclear_Graphite_Stress_Surrogate/outputs/10_signed_staged_residual_symbolic_pilot/iteration_3/stages/stage_physical/segments/segment_03/attempt_1/frontier.csv,outputs/10_signed_staged_residual_symbolic_pilot/iteration_3/stages/stage_physical/segments/segment_03/attempt_1/frontier.csv,executed_research_artifact,20156,4d2faad8cf782df39aa3b778c003f5c559e9b734bd40fd7a8c459aafe8233db1,4d2faad8cf782df39aa3b778c003f5c559e9b734bd40fd7a8c459aafe8233db1,False,
Nuclear_Graphite_Stress_Surrogate/outputs/10_signed_staged_residual_symbolic_pilot/iteration_3/stages/stage_physical/segments/segment_03/attempt_1/worker_status.json,outputs/10_signed_staged_residual_symbolic_pilot/iteration_3/stages/stage_physical/segments/segment_03/attempt_1/worker_status.json,executed_research_artifact,391,53adbab215f5da9b016e69cda887eb4d5faefad87b7c7ce3c2911901c2c6210b,53adbab215f5da9b016e69cda887eb4d5faefad87b7c7ce3c2911901c2c6210b,False,
Nuclear_Graphite_Stress_Surrogate/outputs/10_signed_staged_residual_symbolic_pilot/iteration_3/stages/stage_physical/segments/segment_03/attempt_1/worker_stderr.log,outputs/10_signed_staged_residual_symbolic_pilot/iteration_3/stages/stage_physical/segments/segment_03/attempt_1/worker_stderr.log,executed_research_artifact,1969448,a060ac4a8a5cf1416ca60a9eab4ed552bc834538d20e2bf627139b5daf6249e4,a060ac4a8a5cf1416ca60a9eab4ed552bc834538d20e2bf627139b5daf6249e4,False,
Nuclear_Graphite_Stress_Surrogate/outputs/10_signed_staged_residual_symbolic_pilot/iteration_3/stages/stage_physical/segments/segment_03/attempt_1/worker_stdout.log,outputs/10_signed_staged_residual_symbolic_pilot/iteration_3/stages/stage_physical/segments/segment_03/attempt_1/worker_stdout.log,executed_research_artifact,5599,1b1f2ac6a3b410c44abb186e8e2f794000a7a88f599282a0d3aab2a0d34c1574,1b1f2ac6a3b410c44abb186e8e2f794000a7a88f599282a0d3aab2a0d34c1574,False,
Nuclear_Graphite_Stress_Surrogate/outputs/10_signed_staged_residual_symbolic_pilot/iteration_3/stages/stage_physical/segments/segment_03/complete.json,outputs/10_signed_staged_residual_symbolic_pilot/iteration_3/stages/stage_physical/segments/segment_03/complete.json,executed_research_artifact,161,b64aade83fc71bcb55c84565679dcd9868e813fe638b5f73254e1944b7b53e57,b64aade83fc71bcb55c84565679dcd9868e813fe638b5f73254e1944b7b53e57,False,
Nuclear_Graphite_Stress_Surrogate/outputs/10_signed_staged_residual_symbolic_pilot/iteration_3/stages/stage_physical/segments/segment_03/frontier.csv,outputs/10_signed_staged_residual_symbolic_pilot/iteration_3/stages/stage_physical/segments/segment_03/frontier.csv,executed_research_artifact,20221,6ef16c7f231fde42949c82215a59a5abc46822812816cae3fe0e3f5e63963b65,6ef16c7f231fde42949c82215a59a5abc46822812816cae3fe0e3f5e63963b65,False,
Nuclear_Graphite_Stress_Surrogate/outputs/10_signed_staged_residual_symbolic_pilot/iteration_3/stages/stage_physical/segments/segment_03/watchdog_status.json,outputs/10_signed_staged_residual_symbolic_pilot/iteration_3/stages/stage_physical/segments/segment_03/watchdog_status.json,executed_research_artifact,216,fc246a6b62d2a2fcb37bf5f64f5c906817d0a951c605c2fdf5f675a9cc31a3d9,fc246a6b62d2a2fcb37bf5f64f5c906817d0a951c605c2fdf5f675a9cc31a3d9,False,
Nuclear_Graphite_Stress_Surrogate/outputs/10_signed_staged_residual_symbolic_pilot/iteration_3/stages/stage_physical/segments/segment_04/attempt_1/frontier.csv,outputs/10_signed_staged_residual_symbolic_pilot/iteration_3/stages/stage_physical/segments/segment_04/attempt_1/frontier.csv,executed_research_artifact,23351,a9ce92b2719060d59e7458d7e6ed953564547ee5f49e59c6047512336596d060,a9ce92b2719060d59e7458d7e6ed953564547ee5f49e59c6047512336596d060,False,
Nuclear_Graphite_Stress_Surrogate/outputs/10_signed_staged_residual_symbolic_pilot/iteration_3/stages/stage_physical/segments/segment_04/attempt_1/worker_status.json,outputs/10_signed_staged_residual_symbolic_pilot/iteration_3/stages/stage_physical/segments/segment_04/attempt_1/worker_status.json,executed_research_artifact,391,905aeaa560da0e28728ea054162df96c3fd93ce453fdb3c19b56c74890f7bede,905aeaa560da0e28728ea054162df96c3fd93ce453fdb3c19b56c74890f7bede,False,
Nuclear_Graphite_Stress_Surrogate/outputs/10_signed_staged_residual_symbolic_pilot/iteration_3/stages/stage_physical/segments/segment_04/attempt_1/worker_stderr.log,outputs/10_signed_staged_residual_symbolic_pilot/iteration_3/stages/stage_physical/segments/segment_04/attempt_1/worker_stderr.log,executed_research_artifact,1939680,2ee2f0d81862304b19f3227cff0d3bb0e56d29528565aafbdd015dd8fc5c24ea,2ee2f0d81862304b19f3227cff0d3bb0e56d29528565aafbdd015dd8fc5c24ea,False,
Nuclear_Graphite_Stress_Surrogate/outputs/10_signed_staged_residual_symbolic_pilot/iteration_3/stages/stage_physical/segments/segment_04/attempt_1/worker_stdout.log,outputs/10_signed_staged_residual_symbolic_pilot/iteration_3/stages/stage_physical/segments/segment_04/attempt_1/worker_stdout.log,executed_research_artifact,6142,441250b1bfcd4e22ff88328dfd17c0c3691cbf039f2622208e0ee7f26ed22b18,441250b1bfcd4e22ff88328dfd17c0c3691cbf039f2622208e0ee7f26ed22b18,False,
Nuclear_Graphite_Stress_Surrogate/outputs/10_signed_staged_residual_symbolic_pilot/iteration_3/stages/stage_physical/segments/segment_04/complete.json,outputs/10_signed_staged_residual_symbolic_pilot/iteration_3/stages/stage_physical/segments/segment_04/complete.json,executed_research_artifact,161,68d5f9211d664c5fa971dc1e821e47ba9d7ef007793d3bf205f96fc7487944cf,68d5f9211d664c5fa971dc1e821e47ba9d7ef007793d3bf205f96fc7487944cf,False,
Nuclear_Graphite_Stress_Surrogate/outputs/10_signed_staged_residual_symbolic_pilot/iteration_3/stages/stage_physical/segments/segment_04/frontier.csv,outputs/10_signed_staged_residual_symbolic_pilot/iteration_3/stages/stage_physical/segments/segment_04/frontier.csv,executed_research_artifact,23418,64b0769a075e5ba90d4d6a32ac9dafc32d6ec8c6ab89ae74d1b48b54c5cc5234,64b0769a075e5ba90d4d6a32ac9dafc32d6ec8c6ab89ae74d1b48b54c5cc5234,False,
Nuclear_Graphite_Stress_Surrogate/outputs/10_signed_staged_residual_symbolic_pilot/iteration_3/stages/stage_physical/segments/segment_04/watchdog_status.json,outputs/10_signed_staged_residual_symbolic_pilot/iteration_3/stages/stage_physical/segments/segment_04/watchdog_status.json,executed_research_artifact,215,932d98f70511f531e0fee8167ee74222abd7294515926d37f99200961198334b,932d98f70511f531e0fee8167ee74222abd7294515926d37f99200961198334b,False,
Nuclear_Graphite_Stress_Surrogate/outputs/10_signed_staged_residual_symbolic_pilot/iteration_3/stages/stage_physical/segments/segment_05/attempt_1/frontier.csv,outputs/10_signed_staged_residual_symbolic_pilot/iteration_3/stages/stage_physical/segments/segment_05/attempt_1/frontier.csv,executed_research_artifact,19907,44a16ca5b4b0404041ed2dbdac4acd2fc1004156915f01952678148beff49b05,44a16ca5b4b0404041ed2dbdac4acd2fc1004156915f01952678148beff49b05,False,
Nuclear_Graphite_Stress_Surrogate/outputs/10_signed_staged_residual_symbolic_pilot/iteration_3/stages/stage_physical/segments/segment_05/attempt_1/worker_status.json,outputs/10_signed_staged_residual_symbolic_pilot/iteration_3/stages/stage_physical/segments/segment_05/attempt_1/worker_status.json,executed_research_artifact,391,b005f04b2aaeaf18a9ea33ab754383dbfe3b64e7f13e99b27218b93356f64c38,b005f04b2aaeaf18a9ea33ab754383dbfe3b64e7f13e99b27218b93356f64c38,False,
Nuclear_Graphite_Stress_Surrogate/outputs/10_signed_staged_residual_symbolic_pilot/iteration_3/stages/stage_physical/segments/segment_05/attempt_1/worker_stderr.log,outputs/10_signed_staged_residual_symbolic_pilot/iteration_3/stages/stage_physical/segments/segment_05/attempt_1/worker_stderr.log,executed_research_artifact,2262283,7df2c782c11d8eef78fbe156794bc4cc731c58644326416c9be6284b513bd881,7df2c782c11d8eef78fbe156794bc4cc731c58644326416c9be6284b513bd881,False,
Nuclear_Graphite_Stress_Surrogate/outputs/10_signed_staged_residual_symbolic_pilot/iteration_3/stages/stage_physical/segments/segment_05/attempt_1/worker_stdout.log,outputs/10_signed_staged_residual_symbolic_pilot/iteration_3/stages/stage_physical/segments/segment_05/attempt_1/worker_stdout.log,executed_research_artifact,5439,21fee306372f966592438d50e690f48aa466cbbc19c10bafb95a4581bbe31ca8,21fee306372f966592438d50e690f48aa466cbbc19c10bafb95a4581bbe31ca8,False,
Nuclear_Graphite_Stress_Surrogate/outputs/10_signed_staged_residual_symbolic_pilot/iteration_3/stages/stage_physical/segments/segment_05/complete.json,outputs/10_signed_staged_residual_symbolic_pilot/iteration_3/stages/stage_physical/segments/segment_05/complete.json,executed_research_artifact,161,9e7748fb924d1fe12edcbfc85dea2787f811efe03925875b315afe177a1970a2,9e7748fb924d1fe12edcbfc85dea2787f811efe03925875b315afe177a1970a2,False,
Nuclear_Graphite_Stress_Surrogate/outputs/10_signed_staged_residual_symbolic_pilot/iteration_3/stages/stage_physical/segments/segment_05/frontier.csv,outputs/10_signed_staged_residual_symbolic_pilot/iteration_3/stages/stage_physical/segments/segment_05/frontier.csv,executed_research_artifact,19968,f68447eb5a4ffa252eacea89673b672eaa98a81dcb9f9f035257cfa25b59bd49,f68447eb5a4ffa252eacea89673b672eaa98a81dcb9f9f035257cfa25b59bd49,False,
Nuclear_Graphite_Stress_Surrogate/outputs/10_signed_staged_residual_symbolic_pilot/iteration_3/stages/stage_physical/segments/segment_05/watchdog_status.json,outputs/10_signed_staged_residual_symbolic_pilot/iteration_3/stages/stage_physical/segments/segment_05/watchdog_status.json,executed_research_artifact,215,b26e58af92d83f9ef6eaa95af1ab83bf8601d539a646547415e0d05790c06650,b26e58af92d83f9ef6eaa95af1ab83bf8601d539a646547415e0d05790c06650,False,
Nuclear_Graphite_Stress_Surrogate/outputs/10_signed_staged_residual_symbolic_pilot/iteration_3/stages/stage_physical/selected_formula.csv,outputs/10_signed_staged_residual_symbolic_pilot/iteration_3/stages/stage_physical/selected_formula.csv,executed_research_artifact,3204,ba699de32a2ad73711bd9ce8ba6f44bfa98fc625d6e7215f04e144b1c7922b71,ba699de32a2ad73711bd9ce8ba6f44bfa98fc625d6e7215f04e144b1c7922b71,False,
Nuclear_Graphite_Stress_Surrogate/outputs/10_signed_staged_residual_symbolic_pilot/iteration_3/training_cache/all_v10_features.npy,outputs/10_signed_staged_residual_symbolic_pilot/iteration_3/training_cache/all_v10_features.npy,executed_research_artifact,95200128,72c2d30fe06f05daf9dd6df32e5a4912d925a172dd35459ef4eaa271eb50ace6,72c2d30fe06f05daf9dd6df32e5a4912d925a172dd35459ef4eaa271eb50ace6,False,
Nuclear_Graphite_Stress_Surrogate/outputs/10_signed_staged_residual_symbolic_pilot/iteration_3/training_cache/cache_metadata.json,outputs/10_signed_staged_residual_symbolic_pilot/iteration_3/training_cache/cache_metadata.json,executed_research_artifact,5194,5e7621822bff4d19b9560308907db249374f69e58aa06be7b7d48deaf17bd17c,5e7621822bff4d19b9560308907db249374f69e58aa06be7b7d48deaf17bd17c,False,
Nuclear_Graphite_Stress_Surrogate/outputs/10_signed_staged_residual_symbolic_pilot/iteration_3/training_cache/deployable_normalised_residual_target.npy,outputs/10_signed_staged_residual_symbolic_pilot/iteration_3/training_cache/deployable_normalised_residual_target.npy,executed_research_artifact,2380128,17f24c3675273f361a762f6d371828a48120523e8935a2af68716b1be3a3d461,17f24c3675273f361a762f6d371828a48120523e8935a2af68716b1be3a3d461,False,
Nuclear_Graphite_Stress_Surrogate/outputs/10_signed_staged_residual_symbolic_pilot/iteration_3/training_cache/remaining_after_geometry_residual.npy,outputs/10_signed_staged_residual_symbolic_pilot/iteration_3/training_cache/remaining_after_geometry_residual.npy,executed_research_artifact,2380128,1dccd088e2f868f1394d745f46b04f7e1438dafd0c2135ce37b78d6526ab04a4,1dccd088e2f868f1394d745f46b04f7e1438dafd0c2135ce37b78d6526ab04a4,False,
Nuclear_Graphite_Stress_Surrogate/outputs/10_signed_staged_residual_symbolic_pilot/iteration_3/training_cache/stage_a_features.npy,outputs/10_signed_staged_residual_symbolic_pilot/iteration_3/training_cache/stage_a_features.npy,executed_research_artifact,66640128,9d7244019f2ed24014deab7352aadccacdf1f7af15e413e94b5a23a9c1c81134,9d7244019f2ed24014deab7352aadccacdf1f7af15e413e94b5a23a9c1c81134,False,
Nuclear_Graphite_Stress_Surrogate/outputs/10_signed_staged_residual_symbolic_pilot/iteration_3/training_cache/stage_a_scaling.csv,outputs/10_signed_staged_residual_symbolic_pilot/iteration_3/training_cache/stage_a_scaling.csv,executed_research_artifact,1934,03c8fb5b0f72df05c2f92b65513d757a3618df377e008df3367e4f54a19c3f84,03c8fb5b0f72df05c2f92b65513d757a3618df377e008df3367e4f54a19c3f84,False,
Nuclear_Graphite_Stress_Surrogate/outputs/10_signed_staged_residual_symbolic_pilot/iteration_3/training_cache/stage_b_cache_metadata.json,outputs/10_signed_staged_residual_symbolic_pilot/iteration_3/training_cache/stage_b_cache_metadata.json,executed_research_artifact,1221,262cc85c447dabafae3eb7104d2e4a722a9b6d4a61feda4e16b41d7efd195c5b,262cc85c447dabafae3eb7104d2e4a722a9b6d4a61feda4e16b41d7efd195c5b,False,
Nuclear_Graphite_Stress_Surrogate/outputs/10_signed_staged_residual_symbolic_pilot/iteration_3/training_cache/stage_b_features.npy,outputs/10_signed_staged_residual_symbolic_pilot/iteration_3/training_cache/stage_b_features.npy,executed_research_artifact,69020128,ab2292bff838812853cc3528a31a13a16f79fe6d077c6bc4bc79caf0ad2d6d4a,ab2292bff838812853cc3528a31a13a16f79fe6d077c6bc4bc79caf0ad2d6d4a,False,
Nuclear_Graphite_Stress_Surrogate/outputs/10_signed_staged_residual_symbolic_pilot/iteration_3/training_cache/stage_b_scaling.csv,outputs/10_signed_staged_residual_symbolic_pilot/iteration_3/training_cache/stage_b_scaling.csv,executed_research_artifact,2074,7c3b891743d5f8f60c91bd6db0b0ee4749738b40168023f1633b8aa97a6fcb15,7c3b891743d5f8f60c91bd6db0b0ee4749738b40168023f1633b8aa97a6fcb15,False,
Nuclear_Graphite_Stress_Surrogate/outputs/10_signed_staged_residual_symbolic_pilot/iteration_3/training_cache/tier_mass_weights.npy,outputs/10_signed_staged_residual_symbolic_pilot/iteration_3/training_cache/tier_mass_weights.npy,executed_research_artifact,2380128,0ef5a26a9fc74d8e704d3238b9526286cb23842af5615a66df55dcc1c0521668,0ef5a26a9fc74d8e704d3238b9526286cb23842af5615a66df55dcc1c0521668,False,
Nuclear_Graphite_Stress_Surrogate/outputs/10_signed_staged_residual_symbolic_pilot/iteration_3/training_cache/training_sample_audit.csv,outputs/10_signed_staged_residual_symbolic_pilot/iteration_3/training_cache/training_sample_audit.csv,executed_research_artifact,55583,0e0d48a593810def96339027fe3fa3568f9929b6c53280b847a87718ea0e3b02,0e0d48a593810def96339027fe3fa3568f9929b6c53280b847a87718ea0e3b02,False,
Nuclear_Graphite_Stress_Surrogate/outputs/10_signed_staged_residual_symbolic_pilot/iteration_3/training_cache/training_sample_manifest.csv.gz,outputs/10_signed_staged_residual_symbolic_pilot/iteration_3/training_cache/training_sample_manifest.csv.gz,executed_research_artifact,2059394,a92016ebcd26f5f13b6d1523f1ff929bab773cf3043973e47009f796e24c9c15,a92016ebcd26f5f13b6d1523f1ff929bab773cf3043973e47009f796e24c9c15,False,
Nuclear_Graphite_Stress_Surrogate/outputs/10_signed_staged_residual_symbolic_pilot/iteration_3/v10_selected_tail_adaptation.png,outputs/10_signed_staged_residual_symbolic_pilot/iteration_3/v10_selected_tail_adaptation.png,executed_research_artifact,90779,0b565fdd9d41773138353255071fa7933e10305e5d3152cded3aa5dc43901311,0b565fdd9d41773138353255071fa7933e10305e5d3152cded3aa5dc43901311,False,
Nuclear_Graphite_Stress_Surrogate/outputs/10_signed_staged_residual_symbolic_pilot/iteration_3/v10_validation_model_comparison.png,outputs/10_signed_staged_residual_symbolic_pilot/iteration_3/v10_validation_model_comparison.png,executed_research_artifact,70159,8c8010c9f526a3a4163089a4ded8fa52bbf6dbff9598e2a3fbdcd3671a17af76,8c8010c9f526a3a4163089a4ded8fa52bbf6dbff9598e2a3fbdcd3671a17af76,False,
Nuclear_Graphite_Stress_Surrogate/outputs/10_signed_staged_residual_symbolic_pilot/iteration_4/design_rationale.json,outputs/10_signed_staged_residual_symbolic_pilot/iteration_4/design_rationale.json,executed_research_artifact,584,6a40332a3d2632ac8a98e22d27bed759b73f6ea70a59c65b2c934ec37d125d75,6a40332a3d2632ac8a98e22d27bed759b73f6ea70a59c65b2c934ec37d125d75,False,
Nuclear_Graphite_Stress_Surrogate/outputs/10_signed_staged_residual_symbolic_pilot/iteration_4/feature_registry.csv,outputs/10_signed_staged_residual_symbolic_pilot/iteration_4/feature_registry.csv,executed_research_artifact,1519,41fe1998c96ebc70b5a736df78f6e33477e53836629c03a3e38c561dda2f548b,41fe1998c96ebc70b5a736df78f6e33477e53836629c03a3e38c561dda2f548b,False,
Nuclear_Graphite_Stress_Surrogate/outputs/10_signed_staged_residual_symbolic_pilot/iteration_4/frozen_baseline_hash_audit.csv,outputs/10_signed_staged_residual_symbolic_pilot/iteration_4/frozen_baseline_hash_audit.csv,executed_research_artifact,1517,8aa07928142695f05751b6f2c6a043e9ec958c4790651e1b34d86d1e0320d6d3,8aa07928142695f05751b6f2c6a043e9ec958c4790651e1b34d86d1e0320d6d3,False,
Nuclear_Graphite_Stress_Surrogate/outputs/10_signed_staged_residual_symbolic_pilot/iteration_4/pilot_complete.json,outputs/10_signed_staged_residual_symbolic_pilot/iteration_4/pilot_complete.json,executed_research_artifact,752,255a8690fdbf24a8482afb5883d32ea43fa5e0661e09e92e46cd60304307c814,255a8690fdbf24a8482afb5883d32ea43fa5e0661e09e92e46cd60304307c814,False,
Nuclear_Graphite_Stress_Surrogate/outputs/10_signed_staged_residual_symbolic_pilot/iteration_4/preflight_checks.csv,outputs/10_signed_staged_residual_symbolic_pilot/iteration_4/preflight_checks.csv,executed_research_artifact,388,6b0ad622e0951ba615755465cb4db08ce1368f53d56a126747c642a106ceb123,6b0ad622e0951ba615755465cb4db08ce1368f53d56a126747c642a106ceb123,False,
Nuclear_Graphite_Stress_Surrogate/outputs/10_signed_staged_residual_symbolic_pilot/iteration_4/run_configuration.json,outputs/10_signed_staged_residual_symbolic_pilot/iteration_4/run_configuration.json,executed_research_artifact,608,673b69d3a308082070e1a26ea0fdbd1fcabd4346dcb13ba913f3be75c7bd54a0,673b69d3a308082070e1a26ea0fdbd1fcabd4346dcb13ba913f3be75c7bd54a0,False,
Nuclear_Graphite_Stress_Surrogate/outputs/10_signed_staged_residual_symbolic_pilot/iteration_4/run_status.json,outputs/10_signed_staged_residual_symbolic_pilot/iteration_4/run_status.json,executed_research_artifact,752,255a8690fdbf24a8482afb5883d32ea43fa5e0661e09e92e46cd60304307c814,255a8690fdbf24a8482afb5883d32ea43fa5e0661e09e92e46cd60304307c814,False,
Nuclear_Graphite_Stress_Surrogate/outputs/10_signed_staged_residual_symbolic_pilot/iteration_4/selected_composite_formula.csv,outputs/10_signed_staged_residual_symbolic_pilot/iteration_4/selected_composite_formula.csv,executed_research_artifact,4985,97426738cc814ac73472fa83553caf75bb7c45c7dd726e26c960ced6493a0e71,97426738cc814ac73472fa83553caf75bb7c45c7dd726e26c960ced6493a0e71,False,
Nuclear_Graphite_Stress_Surrogate/outputs/10_signed_staged_residual_symbolic_pilot/iteration_4/selected_composite_formula.txt,outputs/10_signed_staged_residual_symbolic_pilot/iteration_4/selected_composite_formula.txt,executed_research_artifact,4350,7bd7bbdd7aa6c83cc20087361c276e9d185249bdf3a45ffb6ae3b84fd8cdd982,7bd7bbdd7aa6c83cc20087361c276e9d185249bdf3a45ffb6ae3b84fd8cdd982,False,
Nuclear_Graphite_Stress_Surrogate/outputs/10_signed_staged_residual_symbolic_pilot/iteration_4/selected_models_case_metrics.csv.gz,outputs/10_signed_staged_residual_symbolic_pilot/iteration_4/selected_models_case_metrics.csv.gz,executed_research_artifact,20905,9774d04e325a17226ad43a3d73519d90b2beca2036914ca4a27932674172403e,9774d04e325a17226ad43a3d73519d90b2beca2036914ca4a27932674172403e,False,
Nuclear_Graphite_Stress_Surrogate/outputs/10_signed_staged_residual_symbolic_pilot/iteration_4/selected_models_split_metrics.csv,outputs/10_signed_staged_residual_symbolic_pilot/iteration_4/selected_models_split_metrics.csv,executed_research_artifact,2667,fa8b8c3c8c00711d489b8df0a1c4af8b5222e186b04f6de0e2b3a7809a6add2f,fa8b8c3c8c00711d489b8df0a1c4af8b5222e186b04f6de0e2b3a7809a6add2f,False,
Nuclear_Graphite_Stress_Surrogate/outputs/10_signed_staged_residual_symbolic_pilot/iteration_4/selected_models_tail_adaptation.csv,outputs/10_signed_staged_residual_symbolic_pilot/iteration_4/selected_models_tail_adaptation.csv,executed_research_artifact,1037,fa1a8c9bd006acbed05a18607aa472f8e86cedff491812dd55b328b6514e96ae,fa1a8c9bd006acbed05a18607aa472f8e86cedff491812dd55b328b6514e96ae,False,
Nuclear_Graphite_Stress_Surrogate/outputs/10_signed_staged_residual_symbolic_pilot/iteration_4/stages/stage_geometry/candidate_validation_metrics.csv,outputs/10_signed_staged_residual_symbolic_pilot/iteration_4/stages/stage_geometry/candidate_validation_metrics.csv,executed_research_artifact,40623,6f2e9aa40319d9d4cd9254d9a1271bf277514e00a27c7ca77774a695c4721877,6f2e9aa40319d9d4cd9254d9a1271bf277514e00a27c7ca77774a695c4721877,False,
Nuclear_Graphite_Stress_Surrogate/outputs/10_signed_staged_residual_symbolic_pilot/iteration_4/stages/stage_geometry/frontier.csv,outputs/10_signed_staged_residual_symbolic_pilot/iteration_4/stages/stage_geometry/frontier.csv,executed_research_artifact,39179,100613e4d6038f9294f5c4be31e990922fd149e96ac3d6e3722cd106e971bb0f,100613e4d6038f9294f5c4be31e990922fd149e96ac3d6e3722cd106e971bb0f,False,
Nuclear_Graphite_Stress_Surrogate/outputs/10_signed_staged_residual_symbolic_pilot/iteration_4/stages/stage_geometry/full_validation_shortlist.csv,outputs/10_signed_staged_residual_symbolic_pilot/iteration_4/stages/stage_geometry/full_validation_shortlist.csv,executed_research_artifact,30395,e623acf8d068cff5cf8eca37261ec732daf61afca8516a241c77335f1d546690,e623acf8d068cff5cf8eca37261ec732daf61afca8516a241c77335f1d546690,False,
Nuclear_Graphite_Stress_Surrogate/outputs/10_signed_staged_residual_symbolic_pilot/iteration_4/stages/stage_geometry/search_progress.json,outputs/10_signed_staged_residual_symbolic_pilot/iteration_4/stages/stage_geometry/search_progress.json,executed_research_artifact,322,1206ed0bef179f78ddabb2ac34341879ba13f1e3f805e2dcc16c9fa3b7b6d7e6,1206ed0bef179f78ddabb2ac34341879ba13f1e3f805e2dcc16c9fa3b7b6d7e6,False,
Nuclear_Graphite_Stress_Surrogate/outputs/10_signed_staged_residual_symbolic_pilot/iteration_4/stages/stage_geometry/search_signature.json,outputs/10_signed_staged_residual_symbolic_pilot/iteration_4/stages/stage_geometry/search_signature.json,executed_research_artifact,3262,358f6eb66b18df6b004ecc273ad4c44eb14cba145f7dae48bde0e59bc81a026f,358f6eb66b18df6b004ecc273ad4c44eb14cba145f7dae48bde0e59bc81a026f,False,
Nuclear_Graphite_Stress_Surrogate/outputs/10_signed_staged_residual_symbolic_pilot/iteration_4/stages/stage_geometry/search_state/pysr_runs/v10_i4_geometry_signed_residual_pilot/checkpoint.pkl,outputs/10_signed_staged_residual_symbolic_pilot/iteration_4/stages/stage_geometry/search_state/pysr_runs/v10_i4_geometry_signed_residual_pilot/checkpoint.pkl,executed_research_artifact,188156,eddd8813ed64efc2757919051cb9b23f6a3949f053aff592a80d007a4bfcd465,eddd8813ed64efc2757919051cb9b23f6a3949f053aff592a80d007a4bfcd465,False,
Nuclear_Graphite_Stress_Surrogate/outputs/10_signed_staged_residual_symbolic_pilot/iteration_4/stages/stage_geometry/search_state/pysr_runs/v10_i4_geometry_signed_residual_pilot/hall_of_fame.csv,outputs/10_signed_staged_residual_symbolic_pilot/iteration_4/stages/stage_geometry/search_state/pysr_runs/v10_i4_geometry_signed_residual_pilot/hall_of_fame.csv,executed_research_artifact,6099,7a58576be89963efac20fc7f50dc61a9744eb780bad725055abea7149ceb82eb,7a58576be89963efac20fc7f50dc61a9744eb780bad725055abea7149ceb82eb,False,
Nuclear_Graphite_Stress_Surrogate/outputs/10_signed_staged_residual_symbolic_pilot/iteration_4/stages/stage_geometry/search_state/pysr_runs/v10_i4_geometry_signed_residual_pilot/hall_of_fame.csv.bak,outputs/10_signed_staged_residual_symbolic_pilot/iteration_4/stages/stage_geometry/search_state/pysr_runs/v10_i4_geometry_signed_residual_pilot/hall_of_fame.csv.bak,executed_research_artifact,6099,7a58576be89963efac20fc7f50dc61a9744eb780bad725055abea7149ceb82eb,7a58576be89963efac20fc7f50dc61a9744eb780bad725055abea7149ceb82eb,False,
Nuclear_Graphite_Stress_Surrogate/outputs/10_signed_staged_residual_symbolic_pilot/iteration_4/stages/stage_geometry/search_state/stable_snapshots/segment_01/checkpoint.pkl,outputs/10_signed_staged_residual_symbolic_pilot/iteration_4/stages/stage_geometry/search_state/stable_snapshots/segment_01/checkpoint.pkl,executed_research_artifact,165560,5eafc1aaefa7a2db59f8cdab1be65d11aa270bff1b2831392ce1b6906dfe1e17,5eafc1aaefa7a2db59f8cdab1be65d11aa270bff1b2831392ce1b6906dfe1e17,False,
Nuclear_Graphite_Stress_Surrogate/outputs/10_signed_staged_residual_symbolic_pilot/iteration_4/stages/stage_geometry/search_state/stable_snapshots/segment_01/hall_of_fame.csv,outputs/10_signed_staged_residual_symbolic_pilot/iteration_4/stages/stage_geometry/search_state/stable_snapshots/segment_01/hall_of_fame.csv,executed_research_artifact,5427,0f6ffe8e35b418b7014ce0a67ebcf313fb5884b426ddddeacbfb0cbc166b1758,0f6ffe8e35b418b7014ce0a67ebcf313fb5884b426ddddeacbfb0cbc166b1758,False,
Nuclear_Graphite_Stress_Surrogate/outputs/10_signed_staged_residual_symbolic_pilot/iteration_4/stages/stage_geometry/search_state/stable_snapshots/segment_02/checkpoint.pkl,outputs/10_signed_staged_residual_symbolic_pilot/iteration_4/stages/stage_geometry/search_state/stable_snapshots/segment_02/checkpoint.pkl,executed_research_artifact,201871,15f2db71a24c191c1aeda544eaff25edd6d8b76961cd7a1c6af3fc28c10de892,15f2db71a24c191c1aeda544eaff25edd6d8b76961cd7a1c6af3fc28c10de892,False,
Nuclear_Graphite_Stress_Surrogate/outputs/10_signed_staged_residual_symbolic_pilot/iteration_4/stages/stage_geometry/search_state/stable_snapshots/segment_02/hall_of_fame.csv,outputs/10_signed_staged_residual_symbolic_pilot/iteration_4/stages/stage_geometry/search_state/stable_snapshots/segment_02/hall_of_fame.csv,executed_research_artifact,7706,6644830668017ce8709dd72c17e25e76e69a2d314242cb37ed5c1cac61e1c368,6644830668017ce8709dd72c17e25e76e69a2d314242cb37ed5c1cac61e1c368,False,
Nuclear_Graphite_Stress_Surrogate/outputs/10_signed_staged_residual_symbolic_pilot/iteration_4/stages/stage_geometry/search_state/stable_snapshots/segment_03/checkpoint.pkl,outputs/10_signed_staged_residual_symbolic_pilot/iteration_4/stages/stage_geometry/search_state/stable_snapshots/segment_03/checkpoint.pkl,executed_research_artifact,172087,4cbeec7c73d8e97a4b4412975f55bcb21bcae662a452a359fabef8bef08cd6e8,4cbeec7c73d8e97a4b4412975f55bcb21bcae662a452a359fabef8bef08cd6e8,False,
Nuclear_Graphite_Stress_Surrogate/outputs/10_signed_staged_residual_symbolic_pilot/iteration_4/stages/stage_geometry/search_state/stable_snapshots/segment_03/hall_of_fame.csv,outputs/10_signed_staged_residual_symbolic_pilot/iteration_4/stages/stage_geometry/search_state/stable_snapshots/segment_03/hall_of_fame.csv,executed_research_artifact,5894,aedca7506adf639740516a913143ccbee6ca65c679b46d3260a0b636cdde7477,aedca7506adf639740516a913143ccbee6ca65c679b46d3260a0b636cdde7477,False,
Nuclear_Graphite_Stress_Surrogate/outputs/10_signed_staged_residual_symbolic_pilot/iteration_4/stages/stage_geometry/search_state/stable_snapshots/segment_04/checkpoint.pkl,outputs/10_signed_staged_residual_symbolic_pilot/iteration_4/stages/stage_geometry/search_state/stable_snapshots/segment_04/checkpoint.pkl,executed_research_artifact,203602,ce597ecfdfddc5fce429b741ea98de940a30f8c3dcc906a30fd80ac89b178869,ce597ecfdfddc5fce429b741ea98de940a30f8c3dcc906a30fd80ac89b178869,False,
Nuclear_Graphite_Stress_Surrogate/outputs/10_signed_staged_residual_symbolic_pilot/iteration_4/stages/stage_geometry/search_state/stable_snapshots/segment_04/hall_of_fame.csv,outputs/10_signed_staged_residual_symbolic_pilot/iteration_4/stages/stage_geometry/search_state/stable_snapshots/segment_04/hall_of_fame.csv,executed_research_artifact,6706,2f3d3056abb80ce285ce8889ff60018720fef22da76cf63f3ba22fec20a660d3,2f3d3056abb80ce285ce8889ff60018720fef22da76cf63f3ba22fec20a660d3,False,
Nuclear_Graphite_Stress_Surrogate/outputs/10_signed_staged_residual_symbolic_pilot/iteration_4/stages/stage_geometry/search_state/stable_snapshots/segment_05/checkpoint.pkl,outputs/10_signed_staged_residual_symbolic_pilot/iteration_4/stages/stage_geometry/search_state/stable_snapshots/segment_05/checkpoint.pkl,executed_research_artifact,188156,eddd8813ed64efc2757919051cb9b23f6a3949f053aff592a80d007a4bfcd465,eddd8813ed64efc2757919051cb9b23f6a3949f053aff592a80d007a4bfcd465,False,
Nuclear_Graphite_Stress_Surrogate/outputs/10_signed_staged_residual_symbolic_pilot/iteration_4/stages/stage_geometry/search_state/stable_snapshots/segment_05/hall_of_fame.csv,outputs/10_signed_staged_residual_symbolic_pilot/iteration_4/stages/stage_geometry/search_state/stable_snapshots/segment_05/hall_of_fame.csv,executed_research_artifact,6099,7a58576be89963efac20fc7f50dc61a9744eb780bad725055abea7149ceb82eb,7a58576be89963efac20fc7f50dc61a9744eb780bad725055abea7149ceb82eb,False,
Nuclear_Graphite_Stress_Surrogate/outputs/10_signed_staged_residual_symbolic_pilot/iteration_4/stages/stage_geometry/segment_attempt_audit.csv,outputs/10_signed_staged_residual_symbolic_pilot/iteration_4/stages/stage_geometry/segment_attempt_audit.csv,executed_research_artifact,664,ef0e26d0524a99de8920bd155fa84ffc1abd37b558c3cdaedca4a6d521070340,ef0e26d0524a99de8920bd155fa84ffc1abd37b558c3cdaedca4a6d521070340,False,
Nuclear_Graphite_Stress_Surrogate/outputs/10_signed_staged_residual_symbolic_pilot/iteration_4/stages/stage_geometry/segments/segment_01/attempt_1/frontier.csv,outputs/10_signed_staged_residual_symbolic_pilot/iteration_4/stages/stage_geometry/segments/segment_01/attempt_1/frontier.csv,executed_research_artifact,33872,6cd243fab2bb2402ac8039f339a98d7a4fb15d3476d63f5308c9802871ead4ee,6cd243fab2bb2402ac8039f339a98d7a4fb15d3476d63f5308c9802871ead4ee,False,
Nuclear_Graphite_Stress_Surrogate/outputs/10_signed_staged_residual_symbolic_pilot/iteration_4/stages/stage_geometry/segments/segment_01/attempt_1/worker_status.json,outputs/10_signed_staged_residual_symbolic_pilot/iteration_4/stages/stage_geometry/segments/segment_01/attempt_1/worker_status.json,executed_research_artifact,381,31e1637d7a1e94297f87245a40e234912e414c5afe81157057983fc12daaa74e,31e1637d7a1e94297f87245a40e234912e414c5afe81157057983fc12daaa74e,False,
Nuclear_Graphite_Stress_Surrogate/outputs/10_signed_staged_residual_symbolic_pilot/iteration_4/stages/stage_geometry/segments/segment_01/attempt_1/worker_stderr.log,outputs/10_signed_staged_residual_symbolic_pilot/iteration_4/stages/stage_geometry/segments/segment_01/attempt_1/worker_stderr.log,executed_research_artifact,2213187,ca26e66628f7cd22c38d2e00266ad66c32d09ed1e040b201cfc1dfaf0ca2b2df,ca26e66628f7cd22c38d2e00266ad66c32d09ed1e040b201cfc1dfaf0ca2b2df,False,
Nuclear_Graphite_Stress_Surrogate/outputs/10_signed_staged_residual_symbolic_pilot/iteration_4/stages/stage_geometry/segments/segment_01/attempt_1/worker_stdout.log,outputs/10_signed_staged_residual_symbolic_pilot/iteration_4/stages/stage_geometry/segments/segment_01/attempt_1/worker_stdout.log,executed_research_artifact,9123,1527806dde5ab26720dec60b74f50e363a59d9cd5a75456c224dcacd82259c86,1527806dde5ab26720dec60b74f50e363a59d9cd5a75456c224dcacd82259c86,False,
Nuclear_Graphite_Stress_Surrogate/outputs/10_signed_staged_residual_symbolic_pilot/iteration_4/stages/stage_geometry/segments/segment_01/complete.json,outputs/10_signed_staged_residual_symbolic_pilot/iteration_4/stages/stage_geometry/segments/segment_01/complete.json,executed_research_artifact,161,9e2b23fe23cc898d06dd120a6c7e11bcb2a1442158db057189183d28fc37d48a,9e2b23fe23cc898d06dd120a6c7e11bcb2a1442158db057189183d28fc37d48a,False,
Nuclear_Graphite_Stress_Surrogate/outputs/10_signed_staged_residual_symbolic_pilot/iteration_4/stages/stage_geometry/segments/segment_01/frontier.csv,outputs/10_signed_staged_residual_symbolic_pilot/iteration_4/stages/stage_geometry/segments/segment_01/frontier.csv,executed_research_artifact,33943,6cb91d309556fc1169e53cfe777660b637361f55b69e108d96c0e72857778207,6cb91d309556fc1169e53cfe777660b637361f55b69e108d96c0e72857778207,False,
Nuclear_Graphite_Stress_Surrogate/outputs/10_signed_staged_residual_symbolic_pilot/iteration_4/stages/stage_geometry/segments/segment_01/watchdog_status.json,outputs/10_signed_staged_residual_symbolic_pilot/iteration_4/stages/stage_geometry/segments/segment_01/watchdog_status.json,executed_research_artifact,213,7906f34490a45105629448badef05f52cabb5b96d31919e9f84a0809d2f569c2,7906f34490a45105629448badef05f52cabb5b96d31919e9f84a0809d2f569c2,False,
Nuclear_Graphite_Stress_Surrogate/outputs/10_signed_staged_residual_symbolic_pilot/iteration_4/stages/stage_geometry/segments/segment_02/attempt_1/frontier.csv,outputs/10_signed_staged_residual_symbolic_pilot/iteration_4/stages/stage_geometry/segments/segment_02/attempt_1/frontier.csv,executed_research_artifact,47340,6529b1269cb680cccd36c6c3c76414375f0b85cfaac3449b3478f2f53b507320,6529b1269cb680cccd36c6c3c76414375f0b85cfaac3449b3478f2f53b507320,False,
Nuclear_Graphite_Stress_Surrogate/outputs/10_signed_staged_residual_symbolic_pilot/iteration_4/stages/stage_geometry/segments/segment_02/attempt_1/worker_status.json,outputs/10_signed_staged_residual_symbolic_pilot/iteration_4/stages/stage_geometry/segments/segment_02/attempt_1/worker_status.json,executed_research_artifact,390,bad78881fe5d07d256478cfdb5ac8439c25b10e67c6c78203f037253db592102,bad78881fe5d07d256478cfdb5ac8439c25b10e67c6c78203f037253db592102,False,
Nuclear_Graphite_Stress_Surrogate/outputs/10_signed_staged_residual_symbolic_pilot/iteration_4/stages/stage_geometry/segments/segment_02/attempt_1/worker_stderr.log,outputs/10_signed_staged_residual_symbolic_pilot/iteration_4/stages/stage_geometry/segments/segment_02/attempt_1/worker_stderr.log,executed_research_artifact,4982899,41b92babebe485f7b93bda33997f3ee91b2872e89708c070683e0c8f8cd7b159,41b92babebe485f7b93bda33997f3ee91b2872e89708c070683e0c8f8cd7b159,False,
Nuclear_Graphite_Stress_Surrogate/outputs/10_signed_staged_residual_symbolic_pilot/iteration_4/stages/stage_geometry/segments/segment_02/attempt_1/worker_stdout.log,outputs/10_signed_staged_residual_symbolic_pilot/iteration_4/stages/stage_geometry/segments/segment_02/attempt_1/worker_stdout.log,executed_research_artifact,12693,156df64f5e4b93105680988fb6c2b1d4d1238d6823250b23afd2108a9a4d9c06,156df64f5e4b93105680988fb6c2b1d4d1238d6823250b23afd2108a9a4d9c06,False,
Nuclear_Graphite_Stress_Surrogate/outputs/10_signed_staged_residual_symbolic_pilot/iteration_4/stages/stage_geometry/segments/segment_02/complete.json,outputs/10_signed_staged_residual_symbolic_pilot/iteration_4/stages/stage_geometry/segments/segment_02/complete.json,executed_research_artifact,161,d6ab903c8a022644003b43220f22ff5804a57d5a38c3d39ba5d250fa83980dc3,d6ab903c8a022644003b43220f22ff5804a57d5a38c3d39ba5d250fa83980dc3,False,
Nuclear_Graphite_Stress_Surrogate/outputs/10_signed_staged_residual_symbolic_pilot/iteration_4/stages/stage_geometry/segments/segment_02/frontier.csv,outputs/10_signed_staged_residual_symbolic_pilot/iteration_4/stages/stage_geometry/segments/segment_02/frontier.csv,executed_research_artifact,47421,f9c21deb3e9893b0a71c39280aff9a55f8b9b579e66f2c31034996f7e11d1d7c,f9c21deb3e9893b0a71c39280aff9a55f8b9b579e66f2c31034996f7e11d1d7c,False,
Nuclear_Graphite_Stress_Surrogate/outputs/10_signed_staged_residual_symbolic_pilot/iteration_4/stages/stage_geometry/segments/segment_02/watchdog_status.json,outputs/10_signed_staged_residual_symbolic_pilot/iteration_4/stages/stage_geometry/segments/segment_02/watchdog_status.json,executed_research_artifact,213,ba466082dde90c8a753aca922788f76d75663c1ae540fa94ada38072a1ab9d7e,ba466082dde90c8a753aca922788f76d75663c1ae540fa94ada38072a1ab9d7e,False,
Nuclear_Graphite_Stress_Surrogate/outputs/10_signed_staged_residual_symbolic_pilot/iteration_4/stages/stage_geometry/segments/segment_03/attempt_1/frontier.csv,outputs/10_signed_staged_residual_symbolic_pilot/iteration_4/stages/stage_geometry/segments/segment_03/attempt_1/frontier.csv,executed_research_artifact,36664,e479773089ff262211495a49cd9cf24b70a59c8644794743d16a327baa917e28,e479773089ff262211495a49cd9cf24b70a59c8644794743d16a327baa917e28,False,
Nuclear_Graphite_Stress_Surrogate/outputs/10_signed_staged_residual_symbolic_pilot/iteration_4/stages/stage_geometry/segments/segment_03/attempt_1/worker_status.json,outputs/10_signed_staged_residual_symbolic_pilot/iteration_4/stages/stage_geometry/segments/segment_03/attempt_1/worker_status.json,executed_research_artifact,390,1165b941d2092c1704303cc216c7acbf577d8e52f7b15b160b7b46e848920885,1165b941d2092c1704303cc216c7acbf577d8e52f7b15b160b7b46e848920885,False,
Nuclear_Graphite_Stress_Surrogate/outputs/10_signed_staged_residual_symbolic_pilot/iteration_4/stages/stage_geometry/segments/segment_03/attempt_1/worker_stderr.log,outputs/10_signed_staged_residual_symbolic_pilot/iteration_4/stages/stage_geometry/segments/segment_03/attempt_1/worker_stderr.log,executed_research_artifact,5314941,68341c5e345b35026e7892dcd3b081cd326cbe62c4f117e057f7644196932912,68341c5e345b35026e7892dcd3b081cd326cbe62c4f117e057f7644196932912,False,
Nuclear_Graphite_Stress_Surrogate/outputs/10_signed_staged_residual_symbolic_pilot/iteration_4/stages/stage_geometry/segments/segment_03/attempt_1/worker_stdout.log,outputs/10_signed_staged_residual_symbolic_pilot/iteration_4/stages/stage_geometry/segments/segment_03/attempt_1/worker_stdout.log,executed_research_artifact,9773,7aa6780b808b882a429125a1535facae6ba456062466cecafd6a91f2c12910e0,7aa6780b808b882a429125a1535facae6ba456062466cecafd6a91f2c12910e0,False,
Nuclear_Graphite_Stress_Surrogate/outputs/10_signed_staged_residual_symbolic_pilot/iteration_4/stages/stage_geometry/segments/segment_03/complete.json,outputs/10_signed_staged_residual_symbolic_pilot/iteration_4/stages/stage_geometry/segments/segment_03/complete.json,executed_research_artifact,160,7111c78839dcd747c9ed5ac0c0fb756ce2a556304c92a323eb4d192ce5bf14b3,7111c78839dcd747c9ed5ac0c0fb756ce2a556304c92a323eb4d192ce5bf14b3,False,
Nuclear_Graphite_Stress_Surrogate/outputs/10_signed_staged_residual_symbolic_pilot/iteration_4/stages/stage_geometry/segments/segment_03/frontier.csv,outputs/10_signed_staged_residual_symbolic_pilot/iteration_4/stages/stage_geometry/segments/segment_03/frontier.csv,executed_research_artifact,36737,40910dc33aaeb5cc5efec09be425b268c7a4975737b2a80ed8c8c338cac91bbe,40910dc33aaeb5cc5efec09be425b268c7a4975737b2a80ed8c8c338cac91bbe,False,
Nuclear_Graphite_Stress_Surrogate/outputs/10_signed_staged_residual_symbolic_pilot/iteration_4/stages/stage_geometry/segments/segment_03/watchdog_status.json,outputs/10_signed_staged_residual_symbolic_pilot/iteration_4/stages/stage_geometry/segments/segment_03/watchdog_status.json,executed_research_artifact,214,a129647ac18c5f3f9d9d1c4dfbc5c64d6ee668fee701151190422310b954ae8e,a129647ac18c5f3f9d9d1c4dfbc5c64d6ee668fee701151190422310b954ae8e,False,
Nuclear_Graphite_Stress_Surrogate/outputs/10_signed_staged_residual_symbolic_pilot/iteration_4/stages/stage_geometry/segments/segment_04/attempt_1/frontier.csv,outputs/10_signed_staged_residual_symbolic_pilot/iteration_4/stages/stage_geometry/segments/segment_04/attempt_1/frontier.csv,executed_research_artifact,41924,5686ddfaeb3f015387621649b7935a0c094e299af017c09757c05ef3cb206b70,5686ddfaeb3f015387621649b7935a0c094e299af017c09757c05ef3cb206b70,False,
Nuclear_Graphite_Stress_Surrogate/outputs/10_signed_staged_residual_symbolic_pilot/iteration_4/stages/stage_geometry/segments/segment_04/attempt_1/worker_status.json,outputs/10_signed_staged_residual_symbolic_pilot/iteration_4/stages/stage_geometry/segments/segment_04/attempt_1/worker_status.json,executed_research_artifact,390,84185c0163a537e37d310b3f6adb8773407f48bb19867aceb94ddbdc9b499bfe,84185c0163a537e37d310b3f6adb8773407f48bb19867aceb94ddbdc9b499bfe,False,
Nuclear_Graphite_Stress_Surrogate/outputs/10_signed_staged_residual_symbolic_pilot/iteration_4/stages/stage_geometry/segments/segment_04/attempt_1/worker_stderr.log,outputs/10_signed_staged_residual_symbolic_pilot/iteration_4/stages/stage_geometry/segments/segment_04/attempt_1/worker_stderr.log,executed_research_artifact,5196117,d02522474636d90b4b10c471d9ac8cbe75d64b8ec3fbe2dfcde8bd021a6ddefe,d02522474636d90b4b10c471d9ac8cbe75d64b8ec3fbe2dfcde8bd021a6ddefe,False,
Nuclear_Graphite_Stress_Surrogate/outputs/10_signed_staged_residual_symbolic_pilot/iteration_4/stages/stage_geometry/segments/segment_04/attempt_1/worker_stdout.log,outputs/10_signed_staged_residual_symbolic_pilot/iteration_4/stages/stage_geometry/segments/segment_04/attempt_1/worker_stdout.log,executed_research_artifact,11013,2e67dafa1a0fa14b530fb86557e4d1798f035edd53be5ebcc69c3c66085e1aa1,2e67dafa1a0fa14b530fb86557e4d1798f035edd53be5ebcc69c3c66085e1aa1,False,
Nuclear_Graphite_Stress_Surrogate/outputs/10_signed_staged_residual_symbolic_pilot/iteration_4/stages/stage_geometry/segments/segment_04/complete.json,outputs/10_signed_staged_residual_symbolic_pilot/iteration_4/stages/stage_geometry/segments/segment_04/complete.json,executed_research_artifact,161,c0a6a7ffc53c995bb80daba2d4f98e38f7aca77ed42d40d7f6150af3fcde17df,c0a6a7ffc53c995bb80daba2d4f98e38f7aca77ed42d40d7f6150af3fcde17df,False,
Nuclear_Graphite_Stress_Surrogate/outputs/10_signed_staged_residual_symbolic_pilot/iteration_4/stages/stage_geometry/segments/segment_04/frontier.csv,outputs/10_signed_staged_residual_symbolic_pilot/iteration_4/stages/stage_geometry/segments/segment_04/frontier.csv,executed_research_artifact,42017,2c66a5c3af5423f162a374ee67c9609adda57bd406b8cbd535a1871b07ebd53d,2c66a5c3af5423f162a374ee67c9609adda57bd406b8cbd535a1871b07ebd53d,False,
Nuclear_Graphite_Stress_Surrogate/outputs/10_signed_staged_residual_symbolic_pilot/iteration_4/stages/stage_geometry/segments/segment_04/watchdog_status.json,outputs/10_signed_staged_residual_symbolic_pilot/iteration_4/stages/stage_geometry/segments/segment_04/watchdog_status.json,executed_research_artifact,214,d16ee52006b46b60443bf66dc6de9adddb3542945083953a81372d6af80e73b2,d16ee52006b46b60443bf66dc6de9adddb3542945083953a81372d6af80e73b2,False,
Nuclear_Graphite_Stress_Surrogate/outputs/10_signed_staged_residual_symbolic_pilot/iteration_4/stages/stage_geometry/segments/segment_05/attempt_1/frontier.csv,outputs/10_signed_staged_residual_symbolic_pilot/iteration_4/stages/stage_geometry/segments/segment_05/attempt_1/frontier.csv,executed_research_artifact,38525,db78fcc93d4bd52b648a1308f3a9e55a205ef02ce5df3d10dcad2220d327abae,db78fcc93d4bd52b648a1308f3a9e55a205ef02ce5df3d10dcad2220d327abae,False,
Nuclear_Graphite_Stress_Surrogate/outputs/10_signed_staged_residual_symbolic_pilot/iteration_4/stages/stage_geometry/segments/segment_05/attempt_1/worker_status.json,outputs/10_signed_staged_residual_symbolic_pilot/iteration_4/stages/stage_geometry/segments/segment_05/attempt_1/worker_status.json,executed_research_artifact,390,23b098b163eaa9a39c7a67827651804700e654e943faad9f288810395e4d835a,23b098b163eaa9a39c7a67827651804700e654e943faad9f288810395e4d835a,False,
Nuclear_Graphite_Stress_Surrogate/outputs/10_signed_staged_residual_symbolic_pilot/iteration_4/stages/stage_geometry/segments/segment_05/attempt_1/worker_stderr.log,outputs/10_signed_staged_residual_symbolic_pilot/iteration_4/stages/stage_geometry/segments/segment_05/attempt_1/worker_stderr.log,executed_research_artifact,4507440,35032cb2f37eb8fcf4ea5f3aef915d3bfcf5d396a6ff0ff672498b4d91a78ffe,35032cb2f37eb8fcf4ea5f3aef915d3bfcf5d396a6ff0ff672498b4d91a78ffe,False,
Nuclear_Graphite_Stress_Surrogate/outputs/10_signed_staged_residual_symbolic_pilot/iteration_4/stages/stage_geometry/segments/segment_05/attempt_1/worker_stdout.log,outputs/10_signed_staged_residual_symbolic_pilot/iteration_4/stages/stage_geometry/segments/segment_05/attempt_1/worker_stdout.log,executed_research_artifact,9998,774b838cbe1cd8f663d670d65441660ae8c4a892c639df0b4e3eb679567d6389,774b838cbe1cd8f663d670d65441660ae8c4a892c639df0b4e3eb679567d6389,False,
Nuclear_Graphite_Stress_Surrogate/outputs/10_signed_staged_residual_symbolic_pilot/iteration_4/stages/stage_geometry/segments/segment_05/complete.json,outputs/10_signed_staged_residual_symbolic_pilot/iteration_4/stages/stage_geometry/segments/segment_05/complete.json,executed_research_artifact,161,5a10b60b310735125719c279735c3c18204f93a19b0fe47bcc0a0809921bd4c7,5a10b60b310735125719c279735c3c18204f93a19b0fe47bcc0a0809921bd4c7,False,
Nuclear_Graphite_Stress_Surrogate/outputs/10_signed_staged_residual_symbolic_pilot/iteration_4/stages/stage_geometry/segments/segment_05/frontier.csv,outputs/10_signed_staged_residual_symbolic_pilot/iteration_4/stages/stage_geometry/segments/segment_05/frontier.csv,executed_research_artifact,38610,cea4be8161406db22bfb9fe3ca9819100fcac46074a98b8c2cb3a45645ff83eb,cea4be8161406db22bfb9fe3ca9819100fcac46074a98b8c2cb3a45645ff83eb,False,
Nuclear_Graphite_Stress_Surrogate/outputs/10_signed_staged_residual_symbolic_pilot/iteration_4/stages/stage_geometry/segments/segment_05/watchdog_status.json,outputs/10_signed_staged_residual_symbolic_pilot/iteration_4/stages/stage_geometry/segments/segment_05/watchdog_status.json,executed_research_artifact,214,8f11cb7dec64f1834d9e4152d078d36ec5f2312a7c2264ffd5636d26525d5843,8f11cb7dec64f1834d9e4152d078d36ec5f2312a7c2264ffd5636d26525d5843,False,
Nuclear_Graphite_Stress_Surrogate/outputs/10_signed_staged_residual_symbolic_pilot/iteration_4/stages/stage_geometry/selected_formula.csv,outputs/10_signed_staged_residual_symbolic_pilot/iteration_4/stages/stage_geometry/selected_formula.csv,executed_research_artifact,5618,e892c3452a007a0e4176ea39beebc63ff8abf46f3ce45b4deff8a7be196806e8,e892c3452a007a0e4176ea39beebc63ff8abf46f3ce45b4deff8a7be196806e8,False,
Nuclear_Graphite_Stress_Surrogate/outputs/10_signed_staged_residual_symbolic_pilot/iteration_4/stages/stage_physical/candidate_validation_metrics.csv,outputs/10_signed_staged_residual_symbolic_pilot/iteration_4/stages/stage_physical/candidate_validation_metrics.csv,executed_research_artifact,29318,c1aa38f0b098e9b73a1f5966c2034595d9896eff3cdae7b3e50e15614cad56ed,c1aa38f0b098e9b73a1f5966c2034595d9896eff3cdae7b3e50e15614cad56ed,False,
Nuclear_Graphite_Stress_Surrogate/outputs/10_signed_staged_residual_symbolic_pilot/iteration_4/stages/stage_physical/frontier.csv,outputs/10_signed_staged_residual_symbolic_pilot/iteration_4/stages/stage_physical/frontier.csv,executed_research_artifact,20444,a7cd8f5c7a0ded16980b7cb1d34ba6cf56e0d47f256e316b27fbc4be2dd527e9,a7cd8f5c7a0ded16980b7cb1d34ba6cf56e0d47f256e316b27fbc4be2dd527e9,False,
Nuclear_Graphite_Stress_Surrogate/outputs/10_signed_staged_residual_symbolic_pilot/iteration_4/stages/stage_physical/full_validation_shortlist.csv,outputs/10_signed_staged_residual_symbolic_pilot/iteration_4/stages/stage_physical/full_validation_shortlist.csv,executed_research_artifact,20444,e9e4ae8f9bc851977e37c177739f48c682ff5942ca12d8ad765229ffdfe5fa85,e9e4ae8f9bc851977e37c177739f48c682ff5942ca12d8ad765229ffdfe5fa85,False,
Nuclear_Graphite_Stress_Surrogate/outputs/10_signed_staged_residual_symbolic_pilot/iteration_4/stages/stage_physical/search_progress.json,outputs/10_signed_staged_residual_symbolic_pilot/iteration_4/stages/stage_physical/search_progress.json,executed_research_artifact,322,b7fcffa9e66b053f84ce784d846966fa9aafb89b2e31db25fff6393e9f7ea8d4,b7fcffa9e66b053f84ce784d846966fa9aafb89b2e31db25fff6393e9f7ea8d4,False,
Nuclear_Graphite_Stress_Surrogate/outputs/10_signed_staged_residual_symbolic_pilot/iteration_4/stages/stage_physical/search_signature.json,outputs/10_signed_staged_residual_symbolic_pilot/iteration_4/stages/stage_physical/search_signature.json,executed_research_artifact,3365,dd20f258e58cd7f3f91f666d32f44f6efd5b2b4105b6397ce80dee1d78197daa,dd20f258e58cd7f3f91f666d32f44f6efd5b2b4105b6397ce80dee1d78197daa,False,
Nuclear_Graphite_Stress_Surrogate/outputs/10_signed_staged_residual_symbolic_pilot/iteration_4/stages/stage_physical/search_state/pysr_runs/v10_i4_physical_signed_residual_pilot/checkpoint.pkl,outputs/10_signed_staged_residual_symbolic_pilot/iteration_4/stages/stage_physical/search_state/pysr_runs/v10_i4_physical_signed_residual_pilot/checkpoint.pkl,executed_research_artifact,128308,d6d29cf2810b2774837078d5251449daf44c90d604cacbdd90215b78c9264623,d6d29cf2810b2774837078d5251449daf44c90d604cacbdd90215b78c9264623,False,
Nuclear_Graphite_Stress_Surrogate/outputs/10_signed_staged_residual_symbolic_pilot/iteration_4/stages/stage_physical/search_state/pysr_runs/v10_i4_physical_signed_residual_pilot/hall_of_fame.csv,outputs/10_signed_staged_residual_symbolic_pilot/iteration_4/stages/stage_physical/search_state/pysr_runs/v10_i4_physical_signed_residual_pilot/hall_of_fame.csv,executed_research_artifact,3062,058cd767d13dd4e315c3135fc53d06262c2f18f41b46b071e7266d4c8b2f125e,058cd767d13dd4e315c3135fc53d06262c2f18f41b46b071e7266d4c8b2f125e,False,
Nuclear_Graphite_Stress_Surrogate/outputs/10_signed_staged_residual_symbolic_pilot/iteration_4/stages/stage_physical/search_state/pysr_runs/v10_i4_physical_signed_residual_pilot/hall_of_fame.csv.bak,outputs/10_signed_staged_residual_symbolic_pilot/iteration_4/stages/stage_physical/search_state/pysr_runs/v10_i4_physical_signed_residual_pilot/hall_of_fame.csv.bak,executed_research_artifact,3062,058cd767d13dd4e315c3135fc53d06262c2f18f41b46b071e7266d4c8b2f125e,058cd767d13dd4e315c3135fc53d06262c2f18f41b46b071e7266d4c8b2f125e,False,
Nuclear_Graphite_Stress_Surrogate/outputs/10_signed_staged_residual_symbolic_pilot/iteration_4/stages/stage_physical/search_state/stable_snapshots/segment_01/checkpoint.pkl,outputs/10_signed_staged_residual_symbolic_pilot/iteration_4/stages/stage_physical/search_state/stable_snapshots/segment_01/checkpoint.pkl,executed_research_artifact,140612,78cfbd5d6a4c5bc80d1b50b26b8c16f6b81d919cbaa30639d221d614bdf0b061,78cfbd5d6a4c5bc80d1b50b26b8c16f6b81d919cbaa30639d221d614bdf0b061,False,
Nuclear_Graphite_Stress_Surrogate/outputs/10_signed_staged_residual_symbolic_pilot/iteration_4/stages/stage_physical/search_state/stable_snapshots/segment_01/hall_of_fame.csv,outputs/10_signed_staged_residual_symbolic_pilot/iteration_4/stages/stage_physical/search_state/stable_snapshots/segment_01/hall_of_fame.csv,executed_research_artifact,1592,745e19ad982f65abbfc322d40590d363eb74e4ee05ede21bdc3b8b217c570b66,745e19ad982f65abbfc322d40590d363eb74e4ee05ede21bdc3b8b217c570b66,False,
Nuclear_Graphite_Stress_Surrogate/outputs/10_signed_staged_residual_symbolic_pilot/iteration_4/stages/stage_physical/search_state/stable_snapshots/segment_02/checkpoint.pkl,outputs/10_signed_staged_residual_symbolic_pilot/iteration_4/stages/stage_physical/search_state/stable_snapshots/segment_02/checkpoint.pkl,executed_research_artifact,123398,46c7f163a3899ad4ebdaede33551dab7659c400561988e8cb1653d82170abe81,46c7f163a3899ad4ebdaede33551dab7659c400561988e8cb1653d82170abe81,False,
Nuclear_Graphite_Stress_Surrogate/outputs/10_signed_staged_residual_symbolic_pilot/iteration_4/stages/stage_physical/search_state/stable_snapshots/segment_02/hall_of_fame.csv,outputs/10_signed_staged_residual_symbolic_pilot/iteration_4/stages/stage_physical/search_state/stable_snapshots/segment_02/hall_of_fame.csv,executed_research_artifact,4111,d77cbc86349bcb32246a349ad6c6386ceb4475f7c7e3373f8b1a98f51d986687,d77cbc86349bcb32246a349ad6c6386ceb4475f7c7e3373f8b1a98f51d986687,False,
Nuclear_Graphite_Stress_Surrogate/outputs/10_signed_staged_residual_symbolic_pilot/iteration_4/stages/stage_physical/search_state/stable_snapshots/segment_03/checkpoint.pkl,outputs/10_signed_staged_residual_symbolic_pilot/iteration_4/stages/stage_physical/search_state/stable_snapshots/segment_03/checkpoint.pkl,executed_research_artifact,124172,f3aa272749d530a4357d812e7566a312b3f65fe227925b97dbeefe268319b791,f3aa272749d530a4357d812e7566a312b3f65fe227925b97dbeefe268319b791,False,
Nuclear_Graphite_Stress_Surrogate/outputs/10_signed_staged_residual_symbolic_pilot/iteration_4/stages/stage_physical/search_state/stable_snapshots/segment_03/hall_of_fame.csv,outputs/10_signed_staged_residual_symbolic_pilot/iteration_4/stages/stage_physical/search_state/stable_snapshots/segment_03/hall_of_fame.csv,executed_research_artifact,3053,4723f18a196775b595d1066406bde865a426bcc3f3c71ff1935c0b1486988252,4723f18a196775b595d1066406bde865a426bcc3f3c71ff1935c0b1486988252,False,
Nuclear_Graphite_Stress_Surrogate/outputs/10_signed_staged_residual_symbolic_pilot/iteration_4/stages/stage_physical/search_state/stable_snapshots/segment_04/checkpoint.pkl,outputs/10_signed_staged_residual_symbolic_pilot/iteration_4/stages/stage_physical/search_state/stable_snapshots/segment_04/checkpoint.pkl,executed_research_artifact,136909,89e1311cb5c35126a8e810130f2376e215f55e2dc475647009c7b14a67ae4547,89e1311cb5c35126a8e810130f2376e215f55e2dc475647009c7b14a67ae4547,False,
Nuclear_Graphite_Stress_Surrogate/outputs/10_signed_staged_residual_symbolic_pilot/iteration_4/stages/stage_physical/search_state/stable_snapshots/segment_04/hall_of_fame.csv,outputs/10_signed_staged_residual_symbolic_pilot/iteration_4/stages/stage_physical/search_state/stable_snapshots/segment_04/hall_of_fame.csv,executed_research_artifact,3075,fdb0cc7fd15f13eb6ea7a2678fff5e4734c3cdcc4ed7f3acb9457afca489958b,fdb0cc7fd15f13eb6ea7a2678fff5e4734c3cdcc4ed7f3acb9457afca489958b,False,
Nuclear_Graphite_Stress_Surrogate/outputs/10_signed_staged_residual_symbolic_pilot/iteration_4/stages/stage_physical/search_state/stable_snapshots/segment_05/checkpoint.pkl,outputs/10_signed_staged_residual_symbolic_pilot/iteration_4/stages/stage_physical/search_state/stable_snapshots/segment_05/checkpoint.pkl,executed_research_artifact,128308,d6d29cf2810b2774837078d5251449daf44c90d604cacbdd90215b78c9264623,d6d29cf2810b2774837078d5251449daf44c90d604cacbdd90215b78c9264623,False,
Nuclear_Graphite_Stress_Surrogate/outputs/10_signed_staged_residual_symbolic_pilot/iteration_4/stages/stage_physical/search_state/stable_snapshots/segment_05/hall_of_fame.csv,outputs/10_signed_staged_residual_symbolic_pilot/iteration_4/stages/stage_physical/search_state/stable_snapshots/segment_05/hall_of_fame.csv,executed_research_artifact,3062,058cd767d13dd4e315c3135fc53d06262c2f18f41b46b071e7266d4c8b2f125e,058cd767d13dd4e315c3135fc53d06262c2f18f41b46b071e7266d4c8b2f125e,False,
Nuclear_Graphite_Stress_Surrogate/outputs/10_signed_staged_residual_symbolic_pilot/iteration_4/stages/stage_physical/segment_attempt_audit.csv,outputs/10_signed_staged_residual_symbolic_pilot/iteration_4/stages/stage_physical/segment_attempt_audit.csv,executed_research_artifact,663,d8f6d1c7b023a791d026986d6ed8e75c07b9f98c1404a41e439ef9c5964ca25d,d8f6d1c7b023a791d026986d6ed8e75c07b9f98c1404a41e439ef9c5964ca25d,False,
Nuclear_Graphite_Stress_Surrogate/outputs/10_signed_staged_residual_symbolic_pilot/iteration_4/stages/stage_physical/segments/segment_01/attempt_1/frontier.csv,outputs/10_signed_staged_residual_symbolic_pilot/iteration_4/stages/stage_physical/segments/segment_01/attempt_1/frontier.csv,executed_research_artifact,9468,01a0c704983f1e0e284ffe438cd42724c7970e28fd0468db241815e10b34268d,01a0c704983f1e0e284ffe438cd42724c7970e28fd0468db241815e10b34268d,False,
Nuclear_Graphite_Stress_Surrogate/outputs/10_signed_staged_residual_symbolic_pilot/iteration_4/stages/stage_physical/segments/segment_01/attempt_1/worker_status.json,outputs/10_signed_staged_residual_symbolic_pilot/iteration_4/stages/stage_physical/segments/segment_01/attempt_1/worker_status.json,executed_research_artifact,380,af048aea77fa54c9a1c6f892976987d2abf8731afc0f8191ff9866a3bc8192e0,af048aea77fa54c9a1c6f892976987d2abf8731afc0f8191ff9866a3bc8192e0,False,
Nuclear_Graphite_Stress_Surrogate/outputs/10_signed_staged_residual_symbolic_pilot/iteration_4/stages/stage_physical/segments/segment_01/attempt_1/worker_stderr.log,outputs/10_signed_staged_residual_symbolic_pilot/iteration_4/stages/stage_physical/segments/segment_01/attempt_1/worker_stderr.log,executed_research_artifact,699743,33e4346676946f0e81338da33230c31b7f927e1c3d3d61c5bb283774c7a3edb3,33e4346676946f0e81338da33230c31b7f927e1c3d3d61c5bb283774c7a3edb3,False,
Nuclear_Graphite_Stress_Surrogate/outputs/10_signed_staged_residual_symbolic_pilot/iteration_4/stages/stage_physical/segments/segment_01/attempt_1/worker_stdout.log,outputs/10_signed_staged_residual_symbolic_pilot/iteration_4/stages/stage_physical/segments/segment_01/attempt_1/worker_stdout.log,executed_research_artifact,3004,363bc52411e8800c6d34853dbaa1b01a86aa90b0c946093fb6a42716ffe9cfdc,363bc52411e8800c6d34853dbaa1b01a86aa90b0c946093fb6a42716ffe9cfdc,False,
Nuclear_Graphite_Stress_Surrogate/outputs/10_signed_staged_residual_symbolic_pilot/iteration_4/stages/stage_physical/segments/segment_01/complete.json,outputs/10_signed_staged_residual_symbolic_pilot/iteration_4/stages/stage_physical/segments/segment_01/complete.json,executed_research_artifact,161,a5a35f69d1b9e3f625d510cd2e5ec2fc656ccb8413cdbf83c7583dc172a6b706,a5a35f69d1b9e3f625d510cd2e5ec2fc656ccb8413cdbf83c7583dc172a6b706,False,
Nuclear_Graphite_Stress_Surrogate/outputs/10_signed_staged_residual_symbolic_pilot/iteration_4/stages/stage_physical/segments/segment_01/frontier.csv,outputs/10_signed_staged_residual_symbolic_pilot/iteration_4/stages/stage_physical/segments/segment_01/frontier.csv,executed_research_artifact,9519,0519f0ee8521c5b172ded65f3748f0bc2ccee4caae664858ff51bb4a7d6fd658,0519f0ee8521c5b172ded65f3748f0bc2ccee4caae664858ff51bb4a7d6fd658,False,
Nuclear_Graphite_Stress_Surrogate/outputs/10_signed_staged_residual_symbolic_pilot/iteration_4/stages/stage_physical/segments/segment_01/watchdog_status.json,outputs/10_signed_staged_residual_symbolic_pilot/iteration_4/stages/stage_physical/segments/segment_01/watchdog_status.json,executed_research_artifact,213,8d1298cd4bded1c8839aabf209e9b915c69ef886c7bc454cd69f7fdf376f625e,8d1298cd4bded1c8839aabf209e9b915c69ef886c7bc454cd69f7fdf376f625e,False,
Nuclear_Graphite_Stress_Surrogate/outputs/10_signed_staged_residual_symbolic_pilot/iteration_4/stages/stage_physical/segments/segment_02/attempt_1/frontier.csv,outputs/10_signed_staged_residual_symbolic_pilot/iteration_4/stages/stage_physical/segments/segment_02/attempt_1/frontier.csv,executed_research_artifact,26122,ea73e030ca112451c3325ea67baf84da2836e1eb61844f2dd2fdb80c6e67785e,ea73e030ca112451c3325ea67baf84da2836e1eb61844f2dd2fdb80c6e67785e,False,
Nuclear_Graphite_Stress_Surrogate/outputs/10_signed_staged_residual_symbolic_pilot/iteration_4/stages/stage_physical/segments/segment_02/attempt_1/worker_status.json,outputs/10_signed_staged_residual_symbolic_pilot/iteration_4/stages/stage_physical/segments/segment_02/attempt_1/worker_status.json,executed_research_artifact,390,acfacd22700930c2acfbbed99a97f1f758a6bf473973e5a0be10a511cfc156bd,acfacd22700930c2acfbbed99a97f1f758a6bf473973e5a0be10a511cfc156bd,False,
Nuclear_Graphite_Stress_Surrogate/outputs/10_signed_staged_residual_symbolic_pilot/iteration_4/stages/stage_physical/segments/segment_02/attempt_1/worker_stderr.log,outputs/10_signed_staged_residual_symbolic_pilot/iteration_4/stages/stage_physical/segments/segment_02/attempt_1/worker_stderr.log,executed_research_artifact,1684063,c11964046b611fe1d57630d9012b00b3ff5590288269a7d809aab0b70a334a89,c11964046b611fe1d57630d9012b00b3ff5590288269a7d809aab0b70a334a89,False,
Nuclear_Graphite_Stress_Surrogate/outputs/10_signed_staged_residual_symbolic_pilot/iteration_4/stages/stage_physical/segments/segment_02/attempt_1/worker_stdout.log,outputs/10_signed_staged_residual_symbolic_pilot/iteration_4/stages/stage_physical/segments/segment_02/attempt_1/worker_stdout.log,executed_research_artifact,6752,34442c4bb64417a53bfb2de8977b18f4e54d4044c5043fb9b697410225f2b9aa,34442c4bb64417a53bfb2de8977b18f4e54d4044c5043fb9b697410225f2b9aa,False,
Nuclear_Graphite_Stress_Surrogate/outputs/10_signed_staged_residual_symbolic_pilot/iteration_4/stages/stage_physical/segments/segment_02/complete.json,outputs/10_signed_staged_residual_symbolic_pilot/iteration_4/stages/stage_physical/segments/segment_02/complete.json,executed_research_artifact,160,0f790e13b849b71b7500803ae36b562728864796cd7daaff4ce04fc1ae857b5c,0f790e13b849b71b7500803ae36b562728864796cd7daaff4ce04fc1ae857b5c,False,
Nuclear_Graphite_Stress_Surrogate/outputs/10_signed_staged_residual_symbolic_pilot/iteration_4/stages/stage_physical/segments/segment_02/frontier.csv,outputs/10_signed_staged_residual_symbolic_pilot/iteration_4/stages/stage_physical/segments/segment_02/frontier.csv,executed_research_artifact,26181,8763c3856a01a0d04dadbe18e1a982e388c63d6d43ecf25bc5e9577f5008b39c,8763c3856a01a0d04dadbe18e1a982e388c63d6d43ecf25bc5e9577f5008b39c,False,
Nuclear_Graphite_Stress_Surrogate/outputs/10_signed_staged_residual_symbolic_pilot/iteration_4/stages/stage_physical/segments/segment_02/watchdog_status.json,outputs/10_signed_staged_residual_symbolic_pilot/iteration_4/stages/stage_physical/segments/segment_02/watchdog_status.json,executed_research_artifact,214,c08bb49859534cbbb3966dff1a5cb4d21e7024fcaccafa45f7abb5d296dcd691,c08bb49859534cbbb3966dff1a5cb4d21e7024fcaccafa45f7abb5d296dcd691,False,
Nuclear_Graphite_Stress_Surrogate/outputs/10_signed_staged_residual_symbolic_pilot/iteration_4/stages/stage_physical/segments/segment_03/attempt_1/frontier.csv,outputs/10_signed_staged_residual_symbolic_pilot/iteration_4/stages/stage_physical/segments/segment_03/attempt_1/frontier.csv,executed_research_artifact,19675,167050cc65c5ec63dfc47bf7a278cd0b5f7f9d52c84e9d9263a133026668ec8f,167050cc65c5ec63dfc47bf7a278cd0b5f7f9d52c84e9d9263a133026668ec8f,False,
Nuclear_Graphite_Stress_Surrogate/outputs/10_signed_staged_residual_symbolic_pilot/iteration_4/stages/stage_physical/segments/segment_03/attempt_1/worker_status.json,outputs/10_signed_staged_residual_symbolic_pilot/iteration_4/stages/stage_physical/segments/segment_03/attempt_1/worker_status.json,executed_research_artifact,390,a52629798438b54130cab40c416ef21a2cf8f709fe857e4bd11b2977023cd718,a52629798438b54130cab40c416ef21a2cf8f709fe857e4bd11b2977023cd718,False,
Nuclear_Graphite_Stress_Surrogate/outputs/10_signed_staged_residual_symbolic_pilot/iteration_4/stages/stage_physical/segments/segment_03/attempt_1/worker_stderr.log,outputs/10_signed_staged_residual_symbolic_pilot/iteration_4/stages/stage_physical/segments/segment_03/attempt_1/worker_stderr.log,executed_research_artifact,2440179,2e01eaf48be8c1abef0b1af24ecdcfa481fac7ed3e13f5e15d7b3ae3e8299426,2e01eaf48be8c1abef0b1af24ecdcfa481fac7ed3e13f5e15d7b3ae3e8299426,False,
Nuclear_Graphite_Stress_Surrogate/outputs/10_signed_staged_residual_symbolic_pilot/iteration_4/stages/stage_physical/segments/segment_03/attempt_1/worker_stdout.log,outputs/10_signed_staged_residual_symbolic_pilot/iteration_4/stages/stage_physical/segments/segment_03/attempt_1/worker_stdout.log,executed_research_artifact,5220,2dd194f009eff771c8bb9666b87a57ee73e2ee8f09b5b9455a40dd329d727ccc,2dd194f009eff771c8bb9666b87a57ee73e2ee8f09b5b9455a40dd329d727ccc,False,
Nuclear_Graphite_Stress_Surrogate/outputs/10_signed_staged_residual_symbolic_pilot/iteration_4/stages/stage_physical/segments/segment_03/complete.json,outputs/10_signed_staged_residual_symbolic_pilot/iteration_4/stages/stage_physical/segments/segment_03/complete.json,executed_research_artifact,161,4965b39722cc1d86da8892f17e3249fd48122e832a7945efad689b2bfb6f9a26,4965b39722cc1d86da8892f17e3249fd48122e832a7945efad689b2bfb6f9a26,False,
Nuclear_Graphite_Stress_Surrogate/outputs/10_signed_staged_residual_symbolic_pilot/iteration_4/stages/stage_physical/segments/segment_03/frontier.csv,outputs/10_signed_staged_residual_symbolic_pilot/iteration_4/stages/stage_physical/segments/segment_03/frontier.csv,executed_research_artifact,19735,ec7c445fa992de7ec389fcb720282aeae1d6ea60c5768bec456ffed7075f61e3,ec7c445fa992de7ec389fcb720282aeae1d6ea60c5768bec456ffed7075f61e3,False,
Nuclear_Graphite_Stress_Surrogate/outputs/10_signed_staged_residual_symbolic_pilot/iteration_4/stages/stage_physical/segments/segment_03/watchdog_status.json,outputs/10_signed_staged_residual_symbolic_pilot/iteration_4/stages/stage_physical/segments/segment_03/watchdog_status.json,executed_research_artifact,214,b54618838952bc27335e21b8ff5f70f60e07d88d9dd662f9edc05b9df60be601,b54618838952bc27335e21b8ff5f70f60e07d88d9dd662f9edc05b9df60be601,False,
Nuclear_Graphite_Stress_Surrogate/outputs/10_signed_staged_residual_symbolic_pilot/iteration_4/stages/stage_physical/segments/segment_04/attempt_1/frontier.csv,outputs/10_signed_staged_residual_symbolic_pilot/iteration_4/stages/stage_physical/segments/segment_04/attempt_1/frontier.csv,executed_research_artifact,20096,7a9d7e5943d6fbc3c8b69d7d3b4de1f8a994293e8035217a1150acc748c24486,7a9d7e5943d6fbc3c8b69d7d3b4de1f8a994293e8035217a1150acc748c24486,False,
Nuclear_Graphite_Stress_Surrogate/outputs/10_signed_staged_residual_symbolic_pilot/iteration_4/stages/stage_physical/segments/segment_04/attempt_1/worker_status.json,outputs/10_signed_staged_residual_symbolic_pilot/iteration_4/stages/stage_physical/segments/segment_04/attempt_1/worker_status.json,executed_research_artifact,390,b65c89d18190683900e69a073334d2e44c587ba34c904c4dcbdba4f0a12a86f6,b65c89d18190683900e69a073334d2e44c587ba34c904c4dcbdba4f0a12a86f6,False,
Nuclear_Graphite_Stress_Surrogate/outputs/10_signed_staged_residual_symbolic_pilot/iteration_4/stages/stage_physical/segments/segment_04/attempt_1/worker_stderr.log,outputs/10_signed_staged_residual_symbolic_pilot/iteration_4/stages/stage_physical/segments/segment_04/attempt_1/worker_stderr.log,executed_research_artifact,2369417,492ac6fadcaad59893c9b6961fc4e07ef829433abc58d725c9f2877785610e7d,492ac6fadcaad59893c9b6961fc4e07ef829433abc58d725c9f2877785610e7d,False,
Nuclear_Graphite_Stress_Surrogate/outputs/10_signed_staged_residual_symbolic_pilot/iteration_4/stages/stage_physical/segments/segment_04/attempt_1/worker_stdout.log,outputs/10_signed_staged_residual_symbolic_pilot/iteration_4/stages/stage_physical/segments/segment_04/attempt_1/worker_stdout.log,executed_research_artifact,5378,f1be9314e718b6797653b398ba4df961885511fee7e66e932a2034cefc5d5b09,f1be9314e718b6797653b398ba4df961885511fee7e66e932a2034cefc5d5b09,False,
Nuclear_Graphite_Stress_Surrogate/outputs/10_signed_staged_residual_symbolic_pilot/iteration_4/stages/stage_physical/segments/segment_04/complete.json,outputs/10_signed_staged_residual_symbolic_pilot/iteration_4/stages/stage_physical/segments/segment_04/complete.json,executed_research_artifact,161,6e57428ce50f4f3cb7c4ddc3031ad62f47246619e3b4be966b79af46ca8d1a79,6e57428ce50f4f3cb7c4ddc3031ad62f47246619e3b4be966b79af46ca8d1a79,False,
Nuclear_Graphite_Stress_Surrogate/outputs/10_signed_staged_residual_symbolic_pilot/iteration_4/stages/stage_physical/segments/segment_04/frontier.csv,outputs/10_signed_staged_residual_symbolic_pilot/iteration_4/stages/stage_physical/segments/segment_04/frontier.csv,executed_research_artifact,20157,ad46193fb72e43b2ceb3d3a818f36689ed0b9c3ebe27be43c13e3bfebab9a61b,ad46193fb72e43b2ceb3d3a818f36689ed0b9c3ebe27be43c13e3bfebab9a61b,False,
Nuclear_Graphite_Stress_Surrogate/outputs/10_signed_staged_residual_symbolic_pilot/iteration_4/stages/stage_physical/segments/segment_04/watchdog_status.json,outputs/10_signed_staged_residual_symbolic_pilot/iteration_4/stages/stage_physical/segments/segment_04/watchdog_status.json,executed_research_artifact,214,0de97ea8c02e6a318a71d7e31de697737b38664600d1bd4972baad5786492357,0de97ea8c02e6a318a71d7e31de697737b38664600d1bd4972baad5786492357,False,
Nuclear_Graphite_Stress_Surrogate/outputs/10_signed_staged_residual_symbolic_pilot/iteration_4/stages/stage_physical/segments/segment_05/attempt_1/frontier.csv,outputs/10_signed_staged_residual_symbolic_pilot/iteration_4/stages/stage_physical/segments/segment_05/attempt_1/frontier.csv,executed_research_artifact,20005,4d884c6f43c9bdc9eb062d233b886c30d84f0fc2f6992a98b0ca0c95d1c38771,4d884c6f43c9bdc9eb062d233b886c30d84f0fc2f6992a98b0ca0c95d1c38771,False,
Nuclear_Graphite_Stress_Surrogate/outputs/10_signed_staged_residual_symbolic_pilot/iteration_4/stages/stage_physical/segments/segment_05/attempt_1/worker_status.json,outputs/10_signed_staged_residual_symbolic_pilot/iteration_4/stages/stage_physical/segments/segment_05/attempt_1/worker_status.json,executed_research_artifact,390,8759778449901074469041dad56e08a859d15a627ea7b1b938470577c9deac4f,8759778449901074469041dad56e08a859d15a627ea7b1b938470577c9deac4f,False,
Nuclear_Graphite_Stress_Surrogate/outputs/10_signed_staged_residual_symbolic_pilot/iteration_4/stages/stage_physical/segments/segment_05/attempt_1/worker_stderr.log,outputs/10_signed_staged_residual_symbolic_pilot/iteration_4/stages/stage_physical/segments/segment_05/attempt_1/worker_stderr.log,executed_research_artifact,2440443,e9220f858d9bbb439de95b1a895a94c00e6055ccf76433d5224a265bf55bf0d3,e9220f858d9bbb439de95b1a895a94c00e6055ccf76433d5224a265bf55bf0d3,False,
Nuclear_Graphite_Stress_Surrogate/outputs/10_signed_staged_residual_symbolic_pilot/iteration_4/stages/stage_physical/segments/segment_05/attempt_1/worker_stdout.log,outputs/10_signed_staged_residual_symbolic_pilot/iteration_4/stages/stage_physical/segments/segment_05/attempt_1/worker_stdout.log,executed_research_artifact,5318,d8bf962b1d5941dd1fd448757b3a0ffe08ca36f4900fd5731524984fd60df669,d8bf962b1d5941dd1fd448757b3a0ffe08ca36f4900fd5731524984fd60df669,False,
Nuclear_Graphite_Stress_Surrogate/outputs/10_signed_staged_residual_symbolic_pilot/iteration_4/stages/stage_physical/segments/segment_05/complete.json,outputs/10_signed_staged_residual_symbolic_pilot/iteration_4/stages/stage_physical/segments/segment_05/complete.json,executed_research_artifact,161,653b34c520b8f33899920e90d538b6df282d43812ff86480e0a6bc7f6ecd107c,653b34c520b8f33899920e90d538b6df282d43812ff86480e0a6bc7f6ecd107c,False,
Nuclear_Graphite_Stress_Surrogate/outputs/10_signed_staged_residual_symbolic_pilot/iteration_4/stages/stage_physical/segments/segment_05/frontier.csv,outputs/10_signed_staged_residual_symbolic_pilot/iteration_4/stages/stage_physical/segments/segment_05/frontier.csv,executed_research_artifact,20064,b0f5d9f6ea8a142fc723bc06db165246f6b06205c40923739981a0274fb89f01,b0f5d9f6ea8a142fc723bc06db165246f6b06205c40923739981a0274fb89f01,False,
Nuclear_Graphite_Stress_Surrogate/outputs/10_signed_staged_residual_symbolic_pilot/iteration_4/stages/stage_physical/segments/segment_05/watchdog_status.json,outputs/10_signed_staged_residual_symbolic_pilot/iteration_4/stages/stage_physical/segments/segment_05/watchdog_status.json,executed_research_artifact,214,b575ae44b4fbc57828117b8df61a0d03be719c209df106adafd717e6da505f04,b575ae44b4fbc57828117b8df61a0d03be719c209df106adafd717e6da505f04,False,
Nuclear_Graphite_Stress_Surrogate/outputs/10_signed_staged_residual_symbolic_pilot/iteration_4/stages/stage_physical/selected_formula.csv,outputs/10_signed_staged_residual_symbolic_pilot/iteration_4/stages/stage_physical/selected_formula.csv,executed_research_artifact,3921,6577bac0e89f6e8594a2e60318f50417d2cd4204e4d661707c84ae033ff110bb,6577bac0e89f6e8594a2e60318f50417d2cd4204e4d661707c84ae033ff110bb,False,
Nuclear_Graphite_Stress_Surrogate/outputs/10_signed_staged_residual_symbolic_pilot/iteration_4/training_cache/all_v10_features.npy,outputs/10_signed_staged_residual_symbolic_pilot/iteration_4/training_cache/all_v10_features.npy,executed_research_artifact,95200128,f408ff21d54f96a62bf3210b784b8fa231815f02b25eaa299787ba7d1ab08560,f408ff21d54f96a62bf3210b784b8fa231815f02b25eaa299787ba7d1ab08560,False,
Nuclear_Graphite_Stress_Surrogate/outputs/10_signed_staged_residual_symbolic_pilot/iteration_4/training_cache/cache_metadata.json,outputs/10_signed_staged_residual_symbolic_pilot/iteration_4/training_cache/cache_metadata.json,executed_research_artifact,5189,6cc362fee472470de3b8dda5aace33c14931c0e04dd5f6a02e0b611390c30251,6cc362fee472470de3b8dda5aace33c14931c0e04dd5f6a02e0b611390c30251,False,
Nuclear_Graphite_Stress_Surrogate/outputs/10_signed_staged_residual_symbolic_pilot/iteration_4/training_cache/deployable_normalised_residual_target.npy,outputs/10_signed_staged_residual_symbolic_pilot/iteration_4/training_cache/deployable_normalised_residual_target.npy,executed_research_artifact,2380128,290644dddc908debdb87566e5d83a6cec72424a23116de90c8d07f9c3733f6d1,290644dddc908debdb87566e5d83a6cec72424a23116de90c8d07f9c3733f6d1,False,
Nuclear_Graphite_Stress_Surrogate/outputs/10_signed_staged_residual_symbolic_pilot/iteration_4/training_cache/remaining_after_geometry_residual.npy,outputs/10_signed_staged_residual_symbolic_pilot/iteration_4/training_cache/remaining_after_geometry_residual.npy,executed_research_artifact,2380128,217437afed5d30c4e336d9015377387c71a49e5fadcc8a6feb4a1c3de0df287c,217437afed5d30c4e336d9015377387c71a49e5fadcc8a6feb4a1c3de0df287c,False,
Nuclear_Graphite_Stress_Surrogate/outputs/10_signed_staged_residual_symbolic_pilot/iteration_4/training_cache/stage_a_features.npy,outputs/10_signed_staged_residual_symbolic_pilot/iteration_4/training_cache/stage_a_features.npy,executed_research_artifact,66640128,12bfa6fa7d2a85408bc1c37aa0894420fc645321e24f601715ed27a5d33f7928,12bfa6fa7d2a85408bc1c37aa0894420fc645321e24f601715ed27a5d33f7928,False,
Nuclear_Graphite_Stress_Surrogate/outputs/10_signed_staged_residual_symbolic_pilot/iteration_4/training_cache/stage_a_scaling.csv,outputs/10_signed_staged_residual_symbolic_pilot/iteration_4/training_cache/stage_a_scaling.csv,executed_research_artifact,1942,54af19500ea6dfb8c2372e7f002b8dc95a9376231735cfe1a263da96e43f302c,54af19500ea6dfb8c2372e7f002b8dc95a9376231735cfe1a263da96e43f302c,False,
Nuclear_Graphite_Stress_Surrogate/outputs/10_signed_staged_residual_symbolic_pilot/iteration_4/training_cache/stage_b_cache_metadata.json,outputs/10_signed_staged_residual_symbolic_pilot/iteration_4/training_cache/stage_b_cache_metadata.json,executed_research_artifact,1219,1f9ac2e53eeb34787147159fdcc3f5bbb82f32dfe03a95fadc7225ea364a6bba,1f9ac2e53eeb34787147159fdcc3f5bbb82f32dfe03a95fadc7225ea364a6bba,False,
Nuclear_Graphite_Stress_Surrogate/outputs/10_signed_staged_residual_symbolic_pilot/iteration_4/training_cache/stage_b_features.npy,outputs/10_signed_staged_residual_symbolic_pilot/iteration_4/training_cache/stage_b_features.npy,executed_research_artifact,69020128,877b011a646d6cd48fb1a113fa31fde3ea1c67850b90bff3d4aa35b9147616e7,877b011a646d6cd48fb1a113fa31fde3ea1c67850b90bff3d4aa35b9147616e7,False,
Nuclear_Graphite_Stress_Surrogate/outputs/10_signed_staged_residual_symbolic_pilot/iteration_4/training_cache/stage_b_scaling.csv,outputs/10_signed_staged_residual_symbolic_pilot/iteration_4/training_cache/stage_b_scaling.csv,executed_research_artifact,2081,ab5ca893209d15943334cde056db30dc506b215179053b1a712f28f0ffccb9db,ab5ca893209d15943334cde056db30dc506b215179053b1a712f28f0ffccb9db,False,
Nuclear_Graphite_Stress_Surrogate/outputs/10_signed_staged_residual_symbolic_pilot/iteration_4/training_cache/tier_mass_weights.npy,outputs/10_signed_staged_residual_symbolic_pilot/iteration_4/training_cache/tier_mass_weights.npy,executed_research_artifact,2380128,0ef5a26a9fc74d8e704d3238b9526286cb23842af5615a66df55dcc1c0521668,0ef5a26a9fc74d8e704d3238b9526286cb23842af5615a66df55dcc1c0521668,False,
Nuclear_Graphite_Stress_Surrogate/outputs/10_signed_staged_residual_symbolic_pilot/iteration_4/training_cache/training_sample_audit.csv,outputs/10_signed_staged_residual_symbolic_pilot/iteration_4/training_cache/training_sample_audit.csv,executed_research_artifact,55547,20e0e9ecd6c454936d490f7608205b8ad60b293a4717860cc6add5cbef130512,20e0e9ecd6c454936d490f7608205b8ad60b293a4717860cc6add5cbef130512,False,
Nuclear_Graphite_Stress_Surrogate/outputs/10_signed_staged_residual_symbolic_pilot/iteration_4/training_cache/training_sample_manifest.csv.gz,outputs/10_signed_staged_residual_symbolic_pilot/iteration_4/training_cache/training_sample_manifest.csv.gz,executed_research_artifact,2058593,fe460e739f1fef798952725de258a6f8ea6d085b25596bcb9cafa3a01e872dfe,fe460e739f1fef798952725de258a6f8ea6d085b25596bcb9cafa3a01e872dfe,False,
Nuclear_Graphite_Stress_Surrogate/outputs/10_signed_staged_residual_symbolic_pilot/iteration_4/v10_selected_tail_adaptation.png,outputs/10_signed_staged_residual_symbolic_pilot/iteration_4/v10_selected_tail_adaptation.png,executed_research_artifact,92789,52281767172eb17691583f7c3676dc95debe7a57bb63317e1e57912113514a1b,52281767172eb17691583f7c3676dc95debe7a57bb63317e1e57912113514a1b,False,
Nuclear_Graphite_Stress_Surrogate/outputs/10_signed_staged_residual_symbolic_pilot/iteration_4/v10_validation_model_comparison.png,outputs/10_signed_staged_residual_symbolic_pilot/iteration_4/v10_validation_model_comparison.png,executed_research_artifact,105547,9ee7f4851ea060e5cbef0d7480a2438deeac671305e779f70e77d6e945a352f3,9ee7f4851ea060e5cbef0d7480a2438deeac671305e779f70e77d6e945a352f3,False,
Nuclear_Graphite_Stress_Surrogate/outputs/11_tail_aware_localised_symbolic/iteration_1/design_rationale.json,outputs/11_tail_aware_localised_symbolic/iteration_1/design_rationale.json,executed_research_artifact,712,ca00c2931366e223d5a0a36450feb98a75e11fdd1f5a5e01745cca021e320f5f,ca00c2931366e223d5a0a36450feb98a75e11fdd1f5a5e01745cca021e320f5f,False,
Nuclear_Graphite_Stress_Surrogate/outputs/11_tail_aware_localised_symbolic/iteration_1/feature_registry.csv,outputs/11_tail_aware_localised_symbolic/iteration_1/feature_registry.csv,executed_research_artifact,1941,22a5f35006f21f9bd0343a863db8e125241c6e727cd8141d771338c2fc8a5774,22a5f35006f21f9bd0343a863db8e125241c6e727cd8141d771338c2fc8a5774,False,
Nuclear_Graphite_Stress_Surrogate/outputs/11_tail_aware_localised_symbolic/iteration_1/pilot_complete.json,outputs/11_tail_aware_localised_symbolic/iteration_1/pilot_complete.json,executed_research_artifact,641,bb11dd0e5dd47d47052518986e6faf8883bb56a434aebc54e5f176c27c2050ce,bb11dd0e5dd47d47052518986e6faf8883bb56a434aebc54e5f176c27c2050ce,False,
Nuclear_Graphite_Stress_Surrogate/outputs/11_tail_aware_localised_symbolic/iteration_1/preflight_checks.csv,outputs/11_tail_aware_localised_symbolic/iteration_1/preflight_checks.csv,executed_research_artifact,4986,e943433f25e9ce1412eeca742a6f7c4b20a69429585427435d468265bdb19ab1,e943433f25e9ce1412eeca742a6f7c4b20a69429585427435d468265bdb19ab1,False,
Nuclear_Graphite_Stress_Surrogate/outputs/11_tail_aware_localised_symbolic/iteration_1/run_configuration.json,outputs/11_tail_aware_localised_symbolic/iteration_1/run_configuration.json,executed_research_artifact,532,2e76433cc5fc2fc90584f0493e68a56aa55138ecd167374171629c8c7fdc1888,2e76433cc5fc2fc90584f0493e68a56aa55138ecd167374171629c8c7fdc1888,False,
Nuclear_Graphite_Stress_Surrogate/outputs/11_tail_aware_localised_symbolic/iteration_1/run_status.json,outputs/11_tail_aware_localised_symbolic/iteration_1/run_status.json,executed_research_artifact,664,96c92d8dd17e6fc8a04be7bf6cc24d0700547dc61002e31b7d1a5e3095dd74c8,96c92d8dd17e6fc8a04be7bf6cc24d0700547dc61002e31b7d1a5e3095dd74c8,False,
Nuclear_Graphite_Stress_Surrogate/outputs/11_tail_aware_localised_symbolic/iteration_1/selected_composite_formula.csv,outputs/11_tail_aware_localised_symbolic/iteration_1/selected_composite_formula.csv,executed_research_artifact,3887,fbf070549ceac74eb9f18510a0c46b6d0ed5f91a75e2fd2ed6d35e70b9d3727b,fbf070549ceac74eb9f18510a0c46b6d0ed5f91a75e2fd2ed6d35e70b9d3727b,False,
Nuclear_Graphite_Stress_Surrogate/outputs/11_tail_aware_localised_symbolic/iteration_1/selected_composite_formula.txt,outputs/11_tail_aware_localised_symbolic/iteration_1/selected_composite_formula.txt,executed_research_artifact,8584,13397f65575aa7202282a576a0badf41ef7aa7c55f9aba378da4950c68dc500d,13397f65575aa7202282a576a0badf41ef7aa7c55f9aba378da4950c68dc500d,False,
Nuclear_Graphite_Stress_Surrogate/outputs/11_tail_aware_localised_symbolic/iteration_1/selected_models_case_metrics.csv.gz,outputs/11_tail_aware_localised_symbolic/iteration_1/selected_models_case_metrics.csv.gz,executed_research_artifact,19814,cd750070d13215810723647e503489fa002edbdc3edab8d77f56922194b84b07,cd750070d13215810723647e503489fa002edbdc3edab8d77f56922194b84b07,False,
Nuclear_Graphite_Stress_Surrogate/outputs/11_tail_aware_localised_symbolic/iteration_1/selected_models_split_metrics.csv,outputs/11_tail_aware_localised_symbolic/iteration_1/selected_models_split_metrics.csv,executed_research_artifact,2668,7e912d5986e5f1114de00e7f2d0219752113da1bc2681eadf38a891ced6f277c,7e912d5986e5f1114de00e7f2d0219752113da1bc2681eadf38a891ced6f277c,False,
Nuclear_Graphite_Stress_Surrogate/outputs/11_tail_aware_localised_symbolic/iteration_1/selected_models_tail_adaptation.csv,outputs/11_tail_aware_localised_symbolic/iteration_1/selected_models_tail_adaptation.csv,executed_research_artifact,1018,f984cb23e332bc94c76befc818338bbe1119d3f88cc8c8b93364653ca0307da5,f984cb23e332bc94c76befc818338bbe1119d3f88cc8c8b93364653ca0307da5,False,
Nuclear_Graphite_Stress_Surrogate/outputs/11_tail_aware_localised_symbolic/iteration_1/stages/stage_tail_localised/candidate_validation_metrics.csv,outputs/11_tail_aware_localised_symbolic/iteration_1/stages/stage_tail_localised/candidate_validation_metrics.csv,executed_research_artifact,29911,1ace78a377a4266203fbc0c22c11f39a10a01bde32e567ff3e3c019922966736,1ace78a377a4266203fbc0c22c11f39a10a01bde32e567ff3e3c019922966736,False,
Nuclear_Graphite_Stress_Surrogate/outputs/11_tail_aware_localised_symbolic/iteration_1/stages/stage_tail_localised/frontier.csv,outputs/11_tail_aware_localised_symbolic/iteration_1/stages/stage_tail_localised/frontier.csv,executed_research_artifact,20538,8fd959a0cb2db1fcc37494268e6f9635b37ad669726738d3898a51c6a4b990b0,8fd959a0cb2db1fcc37494268e6f9635b37ad669726738d3898a51c6a4b990b0,False,
Nuclear_Graphite_Stress_Surrogate/outputs/11_tail_aware_localised_symbolic/iteration_1/stages/stage_tail_localised/full_validation_shortlist.csv,outputs/11_tail_aware_localised_symbolic/iteration_1/stages/stage_tail_localised/full_validation_shortlist.csv,executed_research_artifact,20538,0f4d2ba4f6b48fa9f8dabb3fb6c6cdebf58eaaad8484681b7426b71fad9b8d09,0f4d2ba4f6b48fa9f8dabb3fb6c6cdebf58eaaad8484681b7426b71fad9b8d09,False,
Nuclear_Graphite_Stress_Surrogate/outputs/11_tail_aware_localised_symbolic/iteration_1/stages/stage_tail_localised/search_progress.json,outputs/11_tail_aware_localised_symbolic/iteration_1/stages/stage_tail_localised/search_progress.json,executed_research_artifact,299,c527c197baad44095df446f6111e3656964816d505a59039755dad110f0921f7,c527c197baad44095df446f6111e3656964816d505a59039755dad110f0921f7,False,
Nuclear_Graphite_Stress_Surrogate/outputs/11_tail_aware_localised_symbolic/iteration_1/stages/stage_tail_localised/search_signature.json,outputs/11_tail_aware_localised_symbolic/iteration_1/stages/stage_tail_localised/search_signature.json,executed_research_artifact,4732,b6ac9b754ce1ae0c018dc279f9c068d8663d436b9311d00db55963f090c8f30e,b6ac9b754ce1ae0c018dc279f9c068d8663d436b9311d00db55963f090c8f30e,False,
Nuclear_Graphite_Stress_Surrogate/outputs/11_tail_aware_localised_symbolic/iteration_1/stages/stage_tail_localised/search_state/pysr_runs/v11_i1_tail_aware_localised_residual/checkpoint.pkl,outputs/11_tail_aware_localised_symbolic/iteration_1/stages/stage_tail_localised/search_state/pysr_runs/v11_i1_tail_aware_localised_residual/checkpoint.pkl,executed_research_artifact,164924,3f9b3c1950cfef2b819e839c752c16a3d818a94a0280a5ac233894eb7202d4c2,3f9b3c1950cfef2b819e839c752c16a3d818a94a0280a5ac233894eb7202d4c2,False,
Nuclear_Graphite_Stress_Surrogate/outputs/11_tail_aware_localised_symbolic/iteration_1/stages/stage_tail_localised/search_state/pysr_runs/v11_i1_tail_aware_localised_residual/hall_of_fame.csv,outputs/11_tail_aware_localised_symbolic/iteration_1/stages/stage_tail_localised/search_state/pysr_runs/v11_i1_tail_aware_localised_residual/hall_of_fame.csv,executed_research_artifact,2674,932c0a9ef5117ed3cab984e4c2445a805500f4b0167de64bfc130541bea74946,932c0a9ef5117ed3cab984e4c2445a805500f4b0167de64bfc130541bea74946,False,
Nuclear_Graphite_Stress_Surrogate/outputs/11_tail_aware_localised_symbolic/iteration_1/stages/stage_tail_localised/search_state/pysr_runs/v11_i1_tail_aware_localised_residual/hall_of_fame.csv.bak,outputs/11_tail_aware_localised_symbolic/iteration_1/stages/stage_tail_localised/search_state/pysr_runs/v11_i1_tail_aware_localised_residual/hall_of_fame.csv.bak,executed_research_artifact,2674,932c0a9ef5117ed3cab984e4c2445a805500f4b0167de64bfc130541bea74946,932c0a9ef5117ed3cab984e4c2445a805500f4b0167de64bfc130541bea74946,False,
Nuclear_Graphite_Stress_Surrogate/outputs/11_tail_aware_localised_symbolic/iteration_1/stages/stage_tail_localised/search_state/stable_snapshots/segment_01/checkpoint.pkl,outputs/11_tail_aware_localised_symbolic/iteration_1/stages/stage_tail_localised/search_state/stable_snapshots/segment_01/checkpoint.pkl,executed_research_artifact,123198,e9d05387a7c907be7e7955993554a82a4af5861e277ddef15e174b8fd2fc7099,e9d05387a7c907be7e7955993554a82a4af5861e277ddef15e174b8fd2fc7099,False,
Nuclear_Graphite_Stress_Surrogate/outputs/11_tail_aware_localised_symbolic/iteration_1/stages/stage_tail_localised/search_state/stable_snapshots/segment_01/hall_of_fame.csv,outputs/11_tail_aware_localised_symbolic/iteration_1/stages/stage_tail_localised/search_state/stable_snapshots/segment_01/hall_of_fame.csv,executed_research_artifact,1665,790a9219c679a642baa7aca3e314db1ecdea26db34505a5fe9b25b559df97cb2,790a9219c679a642baa7aca3e314db1ecdea26db34505a5fe9b25b559df97cb2,False,
Nuclear_Graphite_Stress_Surrogate/outputs/11_tail_aware_localised_symbolic/iteration_1/stages/stage_tail_localised/search_state/stable_snapshots/segment_02/checkpoint.pkl,outputs/11_tail_aware_localised_symbolic/iteration_1/stages/stage_tail_localised/search_state/stable_snapshots/segment_02/checkpoint.pkl,executed_research_artifact,147744,19e29e679eab865d14c3d79e9d6ffe35d34c0b1ec695b31a6b021287764f3b34,19e29e679eab865d14c3d79e9d6ffe35d34c0b1ec695b31a6b021287764f3b34,False,
Nuclear_Graphite_Stress_Surrogate/outputs/11_tail_aware_localised_symbolic/iteration_1/stages/stage_tail_localised/search_state/stable_snapshots/segment_02/hall_of_fame.csv,outputs/11_tail_aware_localised_symbolic/iteration_1/stages/stage_tail_localised/search_state/stable_snapshots/segment_02/hall_of_fame.csv,executed_research_artifact,3524,33f37d5ca1b531f2b8c42a67fe0d669b675a23825a5c87b252e4f7fbe75cc3ff,33f37d5ca1b531f2b8c42a67fe0d669b675a23825a5c87b252e4f7fbe75cc3ff,False,
Nuclear_Graphite_Stress_Surrogate/outputs/11_tail_aware_localised_symbolic/iteration_1/stages/stage_tail_localised/search_state/stable_snapshots/segment_03/checkpoint.pkl,outputs/11_tail_aware_localised_symbolic/iteration_1/stages/stage_tail_localised/search_state/stable_snapshots/segment_03/checkpoint.pkl,executed_research_artifact,181061,b19958fa7c6ebe920a037b04e8d4b297a30155be4137156e87ac3954a6ad40b1,b19958fa7c6ebe920a037b04e8d4b297a30155be4137156e87ac3954a6ad40b1,False,
Nuclear_Graphite_Stress_Surrogate/outputs/11_tail_aware_localised_symbolic/iteration_1/stages/stage_tail_localised/search_state/stable_snapshots/segment_03/hall_of_fame.csv,outputs/11_tail_aware_localised_symbolic/iteration_1/stages/stage_tail_localised/search_state/stable_snapshots/segment_03/hall_of_fame.csv,executed_research_artifact,2364,360fd7d7bf7a33cbb035bcf8130b2bcbf3442273ea77b07d03b7d5fd8f679d78,360fd7d7bf7a33cbb035bcf8130b2bcbf3442273ea77b07d03b7d5fd8f679d78,False,
Nuclear_Graphite_Stress_Surrogate/outputs/11_tail_aware_localised_symbolic/iteration_1/stages/stage_tail_localised/search_state/stable_snapshots/segment_04/checkpoint.pkl,outputs/11_tail_aware_localised_symbolic/iteration_1/stages/stage_tail_localised/search_state/stable_snapshots/segment_04/checkpoint.pkl,executed_research_artifact,159535,99fd70c4937363fa52f6dfc30b573c5a4fea2e6fd173ea11dd737c0ee421f658,99fd70c4937363fa52f6dfc30b573c5a4fea2e6fd173ea11dd737c0ee421f658,False,
Nuclear_Graphite_Stress_Surrogate/outputs/11_tail_aware_localised_symbolic/iteration_1/stages/stage_tail_localised/search_state/stable_snapshots/segment_04/hall_of_fame.csv,outputs/11_tail_aware_localised_symbolic/iteration_1/stages/stage_tail_localised/search_state/stable_snapshots/segment_04/hall_of_fame.csv,executed_research_artifact,2364,dd21ae485f5d37dc86b60c963bd1ad9e81adcbb9f99a95a018f2a968ba4bbcbd,dd21ae485f5d37dc86b60c963bd1ad9e81adcbb9f99a95a018f2a968ba4bbcbd,False,
Nuclear_Graphite_Stress_Surrogate/outputs/11_tail_aware_localised_symbolic/iteration_1/stages/stage_tail_localised/search_state/stable_snapshots/segment_05/checkpoint.pkl,outputs/11_tail_aware_localised_symbolic/iteration_1/stages/stage_tail_localised/search_state/stable_snapshots/segment_05/checkpoint.pkl,executed_research_artifact,164924,3f9b3c1950cfef2b819e839c752c16a3d818a94a0280a5ac233894eb7202d4c2,3f9b3c1950cfef2b819e839c752c16a3d818a94a0280a5ac233894eb7202d4c2,False,
Nuclear_Graphite_Stress_Surrogate/outputs/11_tail_aware_localised_symbolic/iteration_1/stages/stage_tail_localised/search_state/stable_snapshots/segment_05/hall_of_fame.csv,outputs/11_tail_aware_localised_symbolic/iteration_1/stages/stage_tail_localised/search_state/stable_snapshots/segment_05/hall_of_fame.csv,executed_research_artifact,2674,932c0a9ef5117ed3cab984e4c2445a805500f4b0167de64bfc130541bea74946,932c0a9ef5117ed3cab984e4c2445a805500f4b0167de64bfc130541bea74946,False,
Nuclear_Graphite_Stress_Surrogate/outputs/11_tail_aware_localised_symbolic/iteration_1/stages/stage_tail_localised/segment_attempt_audit.csv,outputs/11_tail_aware_localised_symbolic/iteration_1/stages/stage_tail_localised/segment_attempt_audit.csv,executed_research_artifact,612,2ce8c91cc1acdb5d101fb0ef6ebcb9148ef73c1956e684f8d2ca99b4cc7040be,2ce8c91cc1acdb5d101fb0ef6ebcb9148ef73c1956e684f8d2ca99b4cc7040be,False,
Nuclear_Graphite_Stress_Surrogate/outputs/11_tail_aware_localised_symbolic/iteration_1/stages/stage_tail_localised/segments/segment_01/attempt_1/frontier.csv,outputs/11_tail_aware_localised_symbolic/iteration_1/stages/stage_tail_localised/segments/segment_01/attempt_1/frontier.csv,executed_research_artifact,10735,a0496069bad62f71b877d7cb85cda7cd4cb00dc2c877c91bf223b0a90d197942,a0496069bad62f71b877d7cb85cda7cd4cb00dc2c877c91bf223b0a90d197942,False,
Nuclear_Graphite_Stress_Surrogate/outputs/11_tail_aware_localised_symbolic/iteration_1/stages/stage_tail_localised/segments/segment_01/attempt_1/worker_status.json,outputs/11_tail_aware_localised_symbolic/iteration_1/stages/stage_tail_localised/segments/segment_01/attempt_1/worker_status.json,executed_research_artifact,355,0e5fbfe6228390f49806bd3117ee1ba14b8ec5c435c2820a1cfb0187e53a24b7,0e5fbfe6228390f49806bd3117ee1ba14b8ec5c435c2820a1cfb0187e53a24b7,False,
Nuclear_Graphite_Stress_Surrogate/outputs/11_tail_aware_localised_symbolic/iteration_1/stages/stage_tail_localised/segments/segment_01/attempt_1/worker_stderr.log,outputs/11_tail_aware_localised_symbolic/iteration_1/stages/stage_tail_localised/segments/segment_01/attempt_1/worker_stderr.log,executed_research_artifact,985721,6c0467eb56538f1edcb0b10296c976fc40e981bafcb956bbc44112d1b03b94f0,6c0467eb56538f1edcb0b10296c976fc40e981bafcb956bbc44112d1b03b94f0,False,
Nuclear_Graphite_Stress_Surrogate/outputs/11_tail_aware_localised_symbolic/iteration_1/stages/stage_tail_localised/segments/segment_01/attempt_1/worker_stdout.log,outputs/11_tail_aware_localised_symbolic/iteration_1/stages/stage_tail_localised/segments/segment_01/attempt_1/worker_stdout.log,executed_research_artifact,2850,3a947c3639dead2dd3cd60faf9ef04940f0b4c96fe99a2aac4544c17ded5439c,3a947c3639dead2dd3cd60faf9ef04940f0b4c96fe99a2aac4544c17ded5439c,False,
Nuclear_Graphite_Stress_Surrogate/outputs/11_tail_aware_localised_symbolic/iteration_1/stages/stage_tail_localised/segments/segment_01/complete.json,outputs/11_tail_aware_localised_symbolic/iteration_1/stages/stage_tail_localised/segments/segment_01/complete.json,executed_research_artifact,137,92ac2c7d765878f89ad12cfaec39129dd3bcd0b99f67aa4f4dfeeaaad04fc216,92ac2c7d765878f89ad12cfaec39129dd3bcd0b99f67aa4f4dfeeaaad04fc216,False,
Nuclear_Graphite_Stress_Surrogate/outputs/11_tail_aware_localised_symbolic/iteration_1/stages/stage_tail_localised/segments/segment_01/frontier.csv,outputs/11_tail_aware_localised_symbolic/iteration_1/stages/stage_tail_localised/segments/segment_01/frontier.csv,executed_research_artifact,10790,f662a8e13b365b216352f0f7920d6837c79260fad8d20b40dd3d3df666afddd6,f662a8e13b365b216352f0f7920d6837c79260fad8d20b40dd3d3df666afddd6,False,
Nuclear_Graphite_Stress_Surrogate/outputs/11_tail_aware_localised_symbolic/iteration_1/stages/stage_tail_localised/segments/segment_01/watchdog_status.json,outputs/11_tail_aware_localised_symbolic/iteration_1/stages/stage_tail_localised/segments/segment_01/watchdog_status.json,executed_research_artifact,191,45f033679016517d3ef2b9297d0a950e3f08fc2f6aede615230937c8cd203158,45f033679016517d3ef2b9297d0a950e3f08fc2f6aede615230937c8cd203158,False,
Nuclear_Graphite_Stress_Surrogate/outputs/11_tail_aware_localised_symbolic/iteration_1/stages/stage_tail_localised/segments/segment_02/attempt_1/frontier.csv,outputs/11_tail_aware_localised_symbolic/iteration_1/stages/stage_tail_localised/segments/segment_02/attempt_1/frontier.csv,executed_research_artifact,24805,011b5fb12135996811c2ffd42d6a9343f8e4beea8e65b39cf0b3de3e9e1caa76,011b5fb12135996811c2ffd42d6a9343f8e4beea8e65b39cf0b3de3e9e1caa76,False,
Nuclear_Graphite_Stress_Surrogate/outputs/11_tail_aware_localised_symbolic/iteration_1/stages/stage_tail_localised/segments/segment_02/attempt_1/worker_status.json,outputs/11_tail_aware_localised_symbolic/iteration_1/stages/stage_tail_localised/segments/segment_02/attempt_1/worker_status.json,executed_research_artifact,364,1843817aa6b023041ee06fcd30a9faa6045b057e326d8377279a9cf6ec62866b,1843817aa6b023041ee06fcd30a9faa6045b057e326d8377279a9cf6ec62866b,False,
Nuclear_Graphite_Stress_Surrogate/outputs/11_tail_aware_localised_symbolic/iteration_1/stages/stage_tail_localised/segments/segment_02/attempt_1/worker_stderr.log,outputs/11_tail_aware_localised_symbolic/iteration_1/stages/stage_tail_localised/segments/segment_02/attempt_1/worker_stderr.log,executed_research_artifact,1572461,7757f6d603d5f8995346b58d11288e5f0621ea50f275762aebd42718cc5b65c4,7757f6d603d5f8995346b58d11288e5f0621ea50f275762aebd42718cc5b65c4,False,
Nuclear_Graphite_Stress_Surrogate/outputs/11_tail_aware_localised_symbolic/iteration_1/stages/stage_tail_localised/segments/segment_02/attempt_1/worker_stdout.log,outputs/11_tail_aware_localised_symbolic/iteration_1/stages/stage_tail_localised/segments/segment_02/attempt_1/worker_stdout.log,executed_research_artifact,5424,670e37860be1e3b05c57dcdc3d1be59744872e3b4dc26e5ae29cdc1bc8150767,670e37860be1e3b05c57dcdc3d1be59744872e3b4dc26e5ae29cdc1bc8150767,False,
Nuclear_Graphite_Stress_Surrogate/outputs/11_tail_aware_localised_symbolic/iteration_1/stages/stage_tail_localised/segments/segment_02/complete.json,outputs/11_tail_aware_localised_symbolic/iteration_1/stages/stage_tail_localised/segments/segment_02/complete.json,executed_research_artifact,138,b4862cb07150783e290abe7946396cc73e58feaad8a4f2b3b478c392ba11bf56,b4862cb07150783e290abe7946396cc73e58feaad8a4f2b3b478c392ba11bf56,False,
Nuclear_Graphite_Stress_Surrogate/outputs/11_tail_aware_localised_symbolic/iteration_1/stages/stage_tail_localised/segments/segment_02/frontier.csv,outputs/11_tail_aware_localised_symbolic/iteration_1/stages/stage_tail_localised/segments/segment_02/frontier.csv,executed_research_artifact,24875,3c53e000af243d95b5fc8e90bda7463901f084b15cacb8360d95ac7a17ba30a6,3c53e000af243d95b5fc8e90bda7463901f084b15cacb8360d95ac7a17ba30a6,False,
Nuclear_Graphite_Stress_Surrogate/outputs/11_tail_aware_localised_symbolic/iteration_1/stages/stage_tail_localised/segments/segment_02/watchdog_status.json,outputs/11_tail_aware_localised_symbolic/iteration_1/stages/stage_tail_localised/segments/segment_02/watchdog_status.json,executed_research_artifact,191,3f61c48b1221fbe036736dffb5248fb941c28873643ad80358d605bcd11d154a,3f61c48b1221fbe036736dffb5248fb941c28873643ad80358d605bcd11d154a,False,
Nuclear_Graphite_Stress_Surrogate/outputs/11_tail_aware_localised_symbolic/iteration_1/stages/stage_tail_localised/segments/segment_03/attempt_1/frontier.csv,outputs/11_tail_aware_localised_symbolic/iteration_1/stages/stage_tail_localised/segments/segment_03/attempt_1/frontier.csv,executed_research_artifact,17725,41acf0430fc7895f489cb5f5c50a10ef5e764e074db343d4b6394a8745a2992e,41acf0430fc7895f489cb5f5c50a10ef5e764e074db343d4b6394a8745a2992e,False,
Nuclear_Graphite_Stress_Surrogate/outputs/11_tail_aware_localised_symbolic/iteration_1/stages/stage_tail_localised/segments/segment_03/attempt_1/worker_status.json,outputs/11_tail_aware_localised_symbolic/iteration_1/stages/stage_tail_localised/segments/segment_03/attempt_1/worker_status.json,executed_research_artifact,364,429572cdd9c8648e6d14ed6973390ab82dad3e6ff016383bc468f11b2171696e,429572cdd9c8648e6d14ed6973390ab82dad3e6ff016383bc468f11b2171696e,False,
Nuclear_Graphite_Stress_Surrogate/outputs/11_tail_aware_localised_symbolic/iteration_1/stages/stage_tail_localised/segments/segment_03/attempt_1/worker_stderr.log,outputs/11_tail_aware_localised_symbolic/iteration_1/stages/stage_tail_localised/segments/segment_03/attempt_1/worker_stderr.log,executed_research_artifact,1873369,156417327610089d35c3e07a069457464a5640d86575e694eec98f1864745282,156417327610089d35c3e07a069457464a5640d86575e694eec98f1864745282,False,
Nuclear_Graphite_Stress_Surrogate/outputs/11_tail_aware_localised_symbolic/iteration_1/stages/stage_tail_localised/segments/segment_03/attempt_1/worker_stdout.log,outputs/11_tail_aware_localised_symbolic/iteration_1/stages/stage_tail_localised/segments/segment_03/attempt_1/worker_stdout.log,executed_research_artifact,3877,2ecfc1a138c0434ba6a28e6d63ba1f9ea8588bab4b76686aaeb13e106d7f942f,2ecfc1a138c0434ba6a28e6d63ba1f9ea8588bab4b76686aaeb13e106d7f942f,False,
Nuclear_Graphite_Stress_Surrogate/outputs/11_tail_aware_localised_symbolic/iteration_1/stages/stage_tail_localised/segments/segment_03/complete.json,outputs/11_tail_aware_localised_symbolic/iteration_1/stages/stage_tail_localised/segments/segment_03/complete.json,executed_research_artifact,138,6975114b85e7cbe5f105c43a76973ca80c4f01de66ab2c82fea29c55c0ba8197,6975114b85e7cbe5f105c43a76973ca80c4f01de66ab2c82fea29c55c0ba8197,False,
Nuclear_Graphite_Stress_Surrogate/outputs/11_tail_aware_localised_symbolic/iteration_1/stages/stage_tail_localised/segments/segment_03/frontier.csv,outputs/11_tail_aware_localised_symbolic/iteration_1/stages/stage_tail_localised/segments/segment_03/frontier.csv,executed_research_artifact,17789,4df12dcb4353749bad613ba7868116507730f5e2c0a9e1966793e193e3019beb,4df12dcb4353749bad613ba7868116507730f5e2c0a9e1966793e193e3019beb,False,
Nuclear_Graphite_Stress_Surrogate/outputs/11_tail_aware_localised_symbolic/iteration_1/stages/stage_tail_localised/segments/segment_03/watchdog_status.json,outputs/11_tail_aware_localised_symbolic/iteration_1/stages/stage_tail_localised/segments/segment_03/watchdog_status.json,executed_research_artifact,191,8cca9123b24ec628255e8d49bdcd07fa49b9ace205fbadd69652462d56b3ab01,8cca9123b24ec628255e8d49bdcd07fa49b9ace205fbadd69652462d56b3ab01,False,
Nuclear_Graphite_Stress_Surrogate/outputs/11_tail_aware_localised_symbolic/iteration_1/stages/stage_tail_localised/segments/segment_04/attempt_1/frontier.csv,outputs/11_tail_aware_localised_symbolic/iteration_1/stages/stage_tail_localised/segments/segment_04/attempt_1/frontier.csv,executed_research_artifact,17590,4011eaabcdcc38062e15a4fb2e5a081d976f2612163650f60f304247d687bc4a,4011eaabcdcc38062e15a4fb2e5a081d976f2612163650f60f304247d687bc4a,False,
Nuclear_Graphite_Stress_Surrogate/outputs/11_tail_aware_localised_symbolic/iteration_1/stages/stage_tail_localised/segments/segment_04/attempt_1/worker_status.json,outputs/11_tail_aware_localised_symbolic/iteration_1/stages/stage_tail_localised/segments/segment_04/attempt_1/worker_status.json,executed_research_artifact,363,5a4480c54c318c287e573dc9876165b63feeeb9ce3c58a51bf37fb07560e0ebf,5a4480c54c318c287e573dc9876165b63feeeb9ce3c58a51bf37fb07560e0ebf,False,
Nuclear_Graphite_Stress_Surrogate/outputs/11_tail_aware_localised_symbolic/iteration_1/stages/stage_tail_localised/segments/segment_04/attempt_1/worker_stderr.log,outputs/11_tail_aware_localised_symbolic/iteration_1/stages/stage_tail_localised/segments/segment_04/attempt_1/worker_stderr.log,executed_research_artifact,1537903,41aec0f7fea39fb8e778e8c13f235e81074540395be0e2e4199708da1e1994a6,41aec0f7fea39fb8e778e8c13f235e81074540395be0e2e4199708da1e1994a6,False,
Nuclear_Graphite_Stress_Surrogate/outputs/11_tail_aware_localised_symbolic/iteration_1/stages/stage_tail_localised/segments/segment_04/attempt_1/worker_stdout.log,outputs/11_tail_aware_localised_symbolic/iteration_1/stages/stage_tail_localised/segments/segment_04/attempt_1/worker_stdout.log,executed_research_artifact,3878,d596f05f1b44d9c57c61ee81316250639c78061ff281ddd3d6616b38d638ceda,d596f05f1b44d9c57c61ee81316250639c78061ff281ddd3d6616b38d638ceda,False,
Nuclear_Graphite_Stress_Surrogate/outputs/11_tail_aware_localised_symbolic/iteration_1/stages/stage_tail_localised/segments/segment_04/complete.json,outputs/11_tail_aware_localised_symbolic/iteration_1/stages/stage_tail_localised/segments/segment_04/complete.json,executed_research_artifact,138,0823154f9cc4134d33ca6579908820b7d56b62a8a3c4043f0444c064f6515896,0823154f9cc4134d33ca6579908820b7d56b62a8a3c4043f0444c064f6515896,False,
Nuclear_Graphite_Stress_Surrogate/outputs/11_tail_aware_localised_symbolic/iteration_1/stages/stage_tail_localised/segments/segment_04/frontier.csv,outputs/11_tail_aware_localised_symbolic/iteration_1/stages/stage_tail_localised/segments/segment_04/frontier.csv,executed_research_artifact,17656,45dca1f40f6f29209fbc84b0fb1022cba549462d43ded40dff3641eb723d35ac,45dca1f40f6f29209fbc84b0fb1022cba549462d43ded40dff3641eb723d35ac,False,
Nuclear_Graphite_Stress_Surrogate/outputs/11_tail_aware_localised_symbolic/iteration_1/stages/stage_tail_localised/segments/segment_04/watchdog_status.json,outputs/11_tail_aware_localised_symbolic/iteration_1/stages/stage_tail_localised/segments/segment_04/watchdog_status.json,executed_research_artifact,191,6bc1f5d84820b8014a9b339f7a99e6fa4a5ee8f61bdd5efaf6e8fdeb9e9b67a6,6bc1f5d84820b8014a9b339f7a99e6fa4a5ee8f61bdd5efaf6e8fdeb9e9b67a6,False,
Nuclear_Graphite_Stress_Surrogate/outputs/11_tail_aware_localised_symbolic/iteration_1/stages/stage_tail_localised/segments/segment_05/attempt_1/frontier.csv,outputs/11_tail_aware_localised_symbolic/iteration_1/stages/stage_tail_localised/segments/segment_05/attempt_1/frontier.csv,executed_research_artifact,19945,9d11777e6d5577df4acd22634ed676754a99a65fd3dffcb5c978e1f0ff5af4c8,9d11777e6d5577df4acd22634ed676754a99a65fd3dffcb5c978e1f0ff5af4c8,False,
Nuclear_Graphite_Stress_Surrogate/outputs/11_tail_aware_localised_symbolic/iteration_1/stages/stage_tail_localised/segments/segment_05/attempt_1/worker_status.json,outputs/11_tail_aware_localised_symbolic/iteration_1/stages/stage_tail_localised/segments/segment_05/attempt_1/worker_status.json,executed_research_artifact,364,8d6cee1dca9376c1702a9e4269cfa729ffe5cdae5ad8038cb54b5f68f0f4d835,8d6cee1dca9376c1702a9e4269cfa729ffe5cdae5ad8038cb54b5f68f0f4d835,False,
Nuclear_Graphite_Stress_Surrogate/outputs/11_tail_aware_localised_symbolic/iteration_1/stages/stage_tail_localised/segments/segment_05/attempt_1/worker_stderr.log,outputs/11_tail_aware_localised_symbolic/iteration_1/stages/stage_tail_localised/segments/segment_05/attempt_1/worker_stderr.log,executed_research_artifact,1657129,cb3dcc900a2926c3277102e6737062dcca4d4440e431eb4d76e6e4c24ae51de3,cb3dcc900a2926c3277102e6737062dcca4d4440e431eb4d76e6e4c24ae51de3,False,
Nuclear_Graphite_Stress_Surrogate/outputs/11_tail_aware_localised_symbolic/iteration_1/stages/stage_tail_localised/segments/segment_05/attempt_1/worker_stdout.log,outputs/11_tail_aware_localised_symbolic/iteration_1/stages/stage_tail_localised/segments/segment_05/attempt_1/worker_stdout.log,executed_research_artifact,4260,30dee36dfa275dd61e4f01a1a597fb996a3118f751c9dd0fd1cb3e86ca088a9d,30dee36dfa275dd61e4f01a1a597fb996a3118f751c9dd0fd1cb3e86ca088a9d,False,
Nuclear_Graphite_Stress_Surrogate/outputs/11_tail_aware_localised_symbolic/iteration_1/stages/stage_tail_localised/segments/segment_05/complete.json,outputs/11_tail_aware_localised_symbolic/iteration_1/stages/stage_tail_localised/segments/segment_05/complete.json,executed_research_artifact,138,02d60d07278a3052ab0e9f67275dc3a2407969d42d9b11b6dbef7c0ca9646061,02d60d07278a3052ab0e9f67275dc3a2407969d42d9b11b6dbef7c0ca9646061,False,
Nuclear_Graphite_Stress_Surrogate/outputs/11_tail_aware_localised_symbolic/iteration_1/stages/stage_tail_localised/segments/segment_05/frontier.csv,outputs/11_tail_aware_localised_symbolic/iteration_1/stages/stage_tail_localised/segments/segment_05/frontier.csv,executed_research_artifact,20014,bb2f845958bd8647f8aa7aa55698e3de3abf7abf0d5bc0c1a39afc0e72f7306f,bb2f845958bd8647f8aa7aa55698e3de3abf7abf0d5bc0c1a39afc0e72f7306f,False,
Nuclear_Graphite_Stress_Surrogate/outputs/11_tail_aware_localised_symbolic/iteration_1/stages/stage_tail_localised/segments/segment_05/watchdog_status.json,outputs/11_tail_aware_localised_symbolic/iteration_1/stages/stage_tail_localised/segments/segment_05/watchdog_status.json,executed_research_artifact,191,f5592ab01fc19103774c5bb49c5e3dcfe454af157fafe1b0b10581c8623e0176,f5592ab01fc19103774c5bb49c5e3dcfe454af157fafe1b0b10581c8623e0176,False,
Nuclear_Graphite_Stress_Surrogate/outputs/11_tail_aware_localised_symbolic/iteration_1/stages/stage_tail_localised/selected_formula.csv,outputs/11_tail_aware_localised_symbolic/iteration_1/stages/stage_tail_localised/selected_formula.csv,executed_research_artifact,5005,a62e6005e4cbae190cbf07e22c55cdb56e0090ab4d19ee68944b7e25f51ed31a,a62e6005e4cbae190cbf07e22c55cdb56e0090ab4d19ee68944b7e25f51ed31a,False,
Nuclear_Graphite_Stress_Surrogate/outputs/11_tail_aware_localised_symbolic/iteration_1/training_cache/cache_metadata.json,outputs/11_tail_aware_localised_symbolic/iteration_1/training_cache/cache_metadata.json,executed_research_artifact,5121,d84a1f8e34c342e7c7e0e868074158aed5162c62481818435cb6e4fe999487ab,d84a1f8e34c342e7c7e0e868074158aed5162c62481818435cb6e4fe999487ab,False,
Nuclear_Graphite_Stress_Surrogate/outputs/11_tail_aware_localised_symbolic/iteration_1/training_cache/hotspot_rbf_centres.csv,outputs/11_tail_aware_localised_symbolic/iteration_1/training_cache/hotspot_rbf_centres.csv,executed_research_artifact,579,01116b0d3a988cc32a1fde8285c8d0da8e97d4ed8a0efdd56374a2f2fd4660b2,01116b0d3a988cc32a1fde8285c8d0da8e97d4ed8a0efdd56374a2f2fd4660b2,False,
Nuclear_Graphite_Stress_Surrogate/outputs/11_tail_aware_localised_symbolic/iteration_1/training_cache/mean_calibration_model.json,outputs/11_tail_aware_localised_symbolic/iteration_1/training_cache/mean_calibration_model.json,executed_research_artifact,880,a1561a9a3222b432f74e0a268e409a89fa0a97e8a9391fb6d5253f075d3d9dc0,a1561a9a3222b432f74e0a268e409a89fa0a97e8a9391fb6d5253f075d3d9dc0,False,
Nuclear_Graphite_Stress_Surrogate/outputs/11_tail_aware_localised_symbolic/iteration_1/training_cache/mean_calibration_training_audit.csv,outputs/11_tail_aware_localised_symbolic/iteration_1/training_cache/mean_calibration_training_audit.csv,executed_research_artifact,8338,ef830f88786fb90eeea6f149859ab3841563d16df8ebb88591c2653754efc9e8,ef830f88786fb90eeea6f149859ab3841563d16df8ebb88591c2653754efc9e8,False,
Nuclear_Graphite_Stress_Surrogate/outputs/11_tail_aware_localised_symbolic/iteration_1/training_cache/tail_weight_audit.csv,outputs/11_tail_aware_localised_symbolic/iteration_1/training_cache/tail_weight_audit.csv,executed_research_artifact,293,1f5bfa9acaf5d34c4c69003d231386041bc0f38bf372da6bbe0b346d74a986db,1f5bfa9acaf5d34c4c69003d231386041bc0f38bf372da6bbe0b346d74a986db,False,
Nuclear_Graphite_Stress_Surrogate/outputs/11_tail_aware_localised_symbolic/iteration_1/training_cache/v11_centered_tail_target.npy,outputs/11_tail_aware_localised_symbolic/iteration_1/training_cache/v11_centered_tail_target.npy,executed_research_artifact,2380128,aa8410d7768443663713a0159172018a18a084fb97b2c06a28a5624128ac8b7b,aa8410d7768443663713a0159172018a18a084fb97b2c06a28a5624128ac8b7b,False,
Nuclear_Graphite_Stress_Surrogate/outputs/11_tail_aware_localised_symbolic/iteration_1/training_cache/v11_tail_features.npy,outputs/11_tail_aware_localised_symbolic/iteration_1/training_cache/v11_tail_features.npy,executed_research_artifact,95200128,f9d610e0c58a07843fa88aa3710030acb85aacd0afbcc4f36efd90e8a9db1743,f9d610e0c58a07843fa88aa3710030acb85aacd0afbcc4f36efd90e8a9db1743,False,
Nuclear_Graphite_Stress_Surrogate/outputs/11_tail_aware_localised_symbolic/iteration_1/training_cache/v11_tail_scaling.csv,outputs/11_tail_aware_localised_symbolic/iteration_1/training_cache/v11_tail_scaling.csv,executed_research_artifact,2831,eb04669f1a3d9426bbf60237965242ab6d53a97ad71f2e0d5652a1297a5b19bd,eb04669f1a3d9426bbf60237965242ab6d53a97ad71f2e0d5652a1297a5b19bd,False,
Nuclear_Graphite_Stress_Surrogate/outputs/11_tail_aware_localised_symbolic/iteration_1/training_cache/v11_tail_weights.npy,outputs/11_tail_aware_localised_symbolic/iteration_1/training_cache/v11_tail_weights.npy,executed_research_artifact,2380128,be1b758ff1f5f1bc657a67cfcab309ff8efafacc16459ce9d19b926380bb4e05,be1b758ff1f5f1bc657a67cfcab309ff8efafacc16459ce9d19b926380bb4e05,False,
Nuclear_Graphite_Stress_Surrogate/outputs/11_tail_aware_localised_symbolic/iteration_1/v10_input_hash_audit.csv,outputs/11_tail_aware_localised_symbolic/iteration_1/v10_input_hash_audit.csv,executed_research_artifact,3164,f35336c1e2866070ece5d1e757ad992899edc3153345f3855e2b80f0c8e57844,f35336c1e2866070ece5d1e757ad992899edc3153345f3855e2b80f0c8e57844,False,
Nuclear_Graphite_Stress_Surrogate/outputs/11_tail_aware_localised_symbolic/iteration_1/v11_selected_tail_adaptation.png,outputs/11_tail_aware_localised_symbolic/iteration_1/v11_selected_tail_adaptation.png,executed_research_artifact,95209,ed7b3db55db2431b8b22ffbfd53d0863d606a8a3c5f49b28243680fd52f8b23e,ed7b3db55db2431b8b22ffbfd53d0863d606a8a3c5f49b28243680fd52f8b23e,False,
Nuclear_Graphite_Stress_Surrogate/outputs/11_tail_aware_localised_symbolic/iteration_1/v11_validation_model_comparison.png,outputs/11_tail_aware_localised_symbolic/iteration_1/v11_validation_model_comparison.png,executed_research_artifact,87685,7852aae9b6c1e1f4864e90147a51d52f666a6cf3e193f147cd44d34a261b5da4,7852aae9b6c1e1f4864e90147a51d52f666a6cf3e193f147cd44d34a261b5da4,False,
Nuclear_Graphite_Stress_Surrogate/outputs/11_tail_aware_localised_symbolic/iteration_2/design_rationale.json,outputs/11_tail_aware_localised_symbolic/iteration_2/design_rationale.json,executed_research_artifact,712,c40dfd90c5828ec4e739b93653df6c9092299d8fa45f5705c767644c4409eb2c,c40dfd90c5828ec4e739b93653df6c9092299d8fa45f5705c767644c4409eb2c,False,
Nuclear_Graphite_Stress_Surrogate/outputs/11_tail_aware_localised_symbolic/iteration_2/feature_registry.csv,outputs/11_tail_aware_localised_symbolic/iteration_2/feature_registry.csv,executed_research_artifact,1941,22a5f35006f21f9bd0343a863db8e125241c6e727cd8141d771338c2fc8a5774,22a5f35006f21f9bd0343a863db8e125241c6e727cd8141d771338c2fc8a5774,False,
Nuclear_Graphite_Stress_Surrogate/outputs/11_tail_aware_localised_symbolic/iteration_2/pilot_complete.json,outputs/11_tail_aware_localised_symbolic/iteration_2/pilot_complete.json,executed_research_artifact,641,2ab646e62fa70f871fc1255241afda6fe988dd6e114faf5cec3b142787549a12,2ab646e62fa70f871fc1255241afda6fe988dd6e114faf5cec3b142787549a12,False,
Nuclear_Graphite_Stress_Surrogate/outputs/11_tail_aware_localised_symbolic/iteration_2/preflight_checks.csv,outputs/11_tail_aware_localised_symbolic/iteration_2/preflight_checks.csv,executed_research_artifact,4974,512f5a78ccbca80d946a62512b76cacad1dde63d5788222250cb1a25f351cbff,512f5a78ccbca80d946a62512b76cacad1dde63d5788222250cb1a25f351cbff,False,
Nuclear_Graphite_Stress_Surrogate/outputs/11_tail_aware_localised_symbolic/iteration_2/run_configuration.json,outputs/11_tail_aware_localised_symbolic/iteration_2/run_configuration.json,executed_research_artifact,532,dfc257e14092d77f261706f7d3c704f89190955800ab5b574288814d5e522d39,dfc257e14092d77f261706f7d3c704f89190955800ab5b574288814d5e522d39,False,
Nuclear_Graphite_Stress_Surrogate/outputs/11_tail_aware_localised_symbolic/iteration_2/run_status.json,outputs/11_tail_aware_localised_symbolic/iteration_2/run_status.json,executed_research_artifact,664,64c62f5b10530d68e42211b178556d33c8286b646e5e27ce872ce50aa457870c,64c62f5b10530d68e42211b178556d33c8286b646e5e27ce872ce50aa457870c,False,
Nuclear_Graphite_Stress_Surrogate/outputs/11_tail_aware_localised_symbolic/iteration_2/selected_composite_formula.csv,outputs/11_tail_aware_localised_symbolic/iteration_2/selected_composite_formula.csv,executed_research_artifact,3177,c039a0fd117aeebb82ce7253353e18bd052593acd70940511388e15cdf55ffeb,c039a0fd117aeebb82ce7253353e18bd052593acd70940511388e15cdf55ffeb,False,
Nuclear_Graphite_Stress_Surrogate/outputs/11_tail_aware_localised_symbolic/iteration_2/selected_composite_formula.txt,outputs/11_tail_aware_localised_symbolic/iteration_2/selected_composite_formula.txt,executed_research_artifact,7489,28753074192d66e5ff0504bb3adb76c01a2cc206d9905fc476765e1e6687898c,28753074192d66e5ff0504bb3adb76c01a2cc206d9905fc476765e1e6687898c,False,
Nuclear_Graphite_Stress_Surrogate/outputs/11_tail_aware_localised_symbolic/iteration_2/selected_models_case_metrics.csv.gz,outputs/11_tail_aware_localised_symbolic/iteration_2/selected_models_case_metrics.csv.gz,executed_research_artifact,19841,c885d9ef406d53d58b685d210e52f4f3526236619d89ce95156949a22184db8d,c885d9ef406d53d58b685d210e52f4f3526236619d89ce95156949a22184db8d,False,
Nuclear_Graphite_Stress_Surrogate/outputs/11_tail_aware_localised_symbolic/iteration_2/selected_models_split_metrics.csv,outputs/11_tail_aware_localised_symbolic/iteration_2/selected_models_split_metrics.csv,executed_research_artifact,2686,28a7ef7713441bfe812f6845d8e0e43997001ade36ae8bfeef5a9f22225d1a7f,28a7ef7713441bfe812f6845d8e0e43997001ade36ae8bfeef5a9f22225d1a7f,False,
Nuclear_Graphite_Stress_Surrogate/outputs/11_tail_aware_localised_symbolic/iteration_2/selected_models_tail_adaptation.csv,outputs/11_tail_aware_localised_symbolic/iteration_2/selected_models_tail_adaptation.csv,executed_research_artifact,1060,a395123913dc00d39244fb1e505687c87b55b14519eb086a8faa59d804c1e09d,a395123913dc00d39244fb1e505687c87b55b14519eb086a8faa59d804c1e09d,False,
Nuclear_Graphite_Stress_Surrogate/outputs/11_tail_aware_localised_symbolic/iteration_2/stages/stage_tail_localised/candidate_validation_metrics.csv,outputs/11_tail_aware_localised_symbolic/iteration_2/stages/stage_tail_localised/candidate_validation_metrics.csv,executed_research_artifact,30088,673d8dca238c79a177831c97d683fa2b47563980107a3eacff01c5aa4b55fc59,673d8dca238c79a177831c97d683fa2b47563980107a3eacff01c5aa4b55fc59,False,
Nuclear_Graphite_Stress_Surrogate/outputs/11_tail_aware_localised_symbolic/iteration_2/stages/stage_tail_localised/frontier.csv,outputs/11_tail_aware_localised_symbolic/iteration_2/stages/stage_tail_localised/frontier.csv,executed_research_artifact,20061,f707aed1f6ef71445ea1c42549cd26b0b04cc995995990270c004adf4896e7f4,f707aed1f6ef71445ea1c42549cd26b0b04cc995995990270c004adf4896e7f4,False,
Nuclear_Graphite_Stress_Surrogate/outputs/11_tail_aware_localised_symbolic/iteration_2/stages/stage_tail_localised/full_validation_shortlist.csv,outputs/11_tail_aware_localised_symbolic/iteration_2/stages/stage_tail_localised/full_validation_shortlist.csv,executed_research_artifact,20061,ea45d015477801e44be442072d6f983f6f48cb85fa3871a59ba03bf281e6ab96,ea45d015477801e44be442072d6f983f6f48cb85fa3871a59ba03bf281e6ab96,False,
Nuclear_Graphite_Stress_Surrogate/outputs/11_tail_aware_localised_symbolic/iteration_2/stages/stage_tail_localised/search_progress.json,outputs/11_tail_aware_localised_symbolic/iteration_2/stages/stage_tail_localised/search_progress.json,executed_research_artifact,299,1102b016da80f0f0fc8454eb8f91b43a5e6be3c8215dbd70b1971addd61715af,1102b016da80f0f0fc8454eb8f91b43a5e6be3c8215dbd70b1971addd61715af,False,
Nuclear_Graphite_Stress_Surrogate/outputs/11_tail_aware_localised_symbolic/iteration_2/stages/stage_tail_localised/search_signature.json,outputs/11_tail_aware_localised_symbolic/iteration_2/stages/stage_tail_localised/search_signature.json,executed_research_artifact,4726,aadf0d194832dea9680b56753df39d481de96e4fc61757fda9fabd0ff12de5c2,aadf0d194832dea9680b56753df39d481de96e4fc61757fda9fabd0ff12de5c2,False,
Nuclear_Graphite_Stress_Surrogate/outputs/11_tail_aware_localised_symbolic/iteration_2/stages/stage_tail_localised/search_state/pysr_runs/v11_i2_tail_aware_localised_residual/checkpoint.pkl,outputs/11_tail_aware_localised_symbolic/iteration_2/stages/stage_tail_localised/search_state/pysr_runs/v11_i2_tail_aware_localised_residual/checkpoint.pkl,executed_research_artifact,199973,071bdcfd9ea96c1707af19fb1731b65f37e52db61d5408d4248497e91dd36fe0,071bdcfd9ea96c1707af19fb1731b65f37e52db61d5408d4248497e91dd36fe0,False,
Nuclear_Graphite_Stress_Surrogate/outputs/11_tail_aware_localised_symbolic/iteration_2/stages/stage_tail_localised/search_state/pysr_runs/v11_i2_tail_aware_localised_residual/hall_of_fame.csv,outputs/11_tail_aware_localised_symbolic/iteration_2/stages/stage_tail_localised/search_state/pysr_runs/v11_i2_tail_aware_localised_residual/hall_of_fame.csv,executed_research_artifact,3281,008bfa29657091ae8ada2da8645c2033c2c6765b5968194ae61eddd5723a70e1,008bfa29657091ae8ada2da8645c2033c2c6765b5968194ae61eddd5723a70e1,False,
Nuclear_Graphite_Stress_Surrogate/outputs/11_tail_aware_localised_symbolic/iteration_2/stages/stage_tail_localised/search_state/pysr_runs/v11_i2_tail_aware_localised_residual/hall_of_fame.csv.bak,outputs/11_tail_aware_localised_symbolic/iteration_2/stages/stage_tail_localised/search_state/pysr_runs/v11_i2_tail_aware_localised_residual/hall_of_fame.csv.bak,executed_research_artifact,3281,008bfa29657091ae8ada2da8645c2033c2c6765b5968194ae61eddd5723a70e1,008bfa29657091ae8ada2da8645c2033c2c6765b5968194ae61eddd5723a70e1,False,
Nuclear_Graphite_Stress_Surrogate/outputs/11_tail_aware_localised_symbolic/iteration_2/stages/stage_tail_localised/search_state/stable_snapshots/segment_01/checkpoint.pkl,outputs/11_tail_aware_localised_symbolic/iteration_2/stages/stage_tail_localised/search_state/stable_snapshots/segment_01/checkpoint.pkl,executed_research_artifact,170545,d5508eca86e00837d30b000ef462de26193b82fd22f54e56b6247220648e1789,d5508eca86e00837d30b000ef462de26193b82fd22f54e56b6247220648e1789,False,
Nuclear_Graphite_Stress_Surrogate/outputs/11_tail_aware_localised_symbolic/iteration_2/stages/stage_tail_localised/search_state/stable_snapshots/segment_01/hall_of_fame.csv,outputs/11_tail_aware_localised_symbolic/iteration_2/stages/stage_tail_localised/search_state/stable_snapshots/segment_01/hall_of_fame.csv,executed_research_artifact,2617,d2e7da31f3399a7d333a812a6bdd860916318edc9a40956bf2e3b0e284f9a181,d2e7da31f3399a7d333a812a6bdd860916318edc9a40956bf2e3b0e284f9a181,False,
Nuclear_Graphite_Stress_Surrogate/outputs/11_tail_aware_localised_symbolic/iteration_2/stages/stage_tail_localised/search_state/stable_snapshots/segment_02/checkpoint.pkl,outputs/11_tail_aware_localised_symbolic/iteration_2/stages/stage_tail_localised/search_state/stable_snapshots/segment_02/checkpoint.pkl,executed_research_artifact,200428,d2ab29ddf96b2febf3ae481cb8958e8eed36dd61c6e2dce0ef4d9159ce416ec4,d2ab29ddf96b2febf3ae481cb8958e8eed36dd61c6e2dce0ef4d9159ce416ec4,False,
Nuclear_Graphite_Stress_Surrogate/outputs/11_tail_aware_localised_symbolic/iteration_2/stages/stage_tail_localised/search_state/stable_snapshots/segment_02/hall_of_fame.csv,outputs/11_tail_aware_localised_symbolic/iteration_2/stages/stage_tail_localised/search_state/stable_snapshots/segment_02/hall_of_fame.csv,executed_research_artifact,2898,449b2db5ea2632831d57c05b6dbeb4beac51da9c92bf742e4a7178d8bf22b749,449b2db5ea2632831d57c05b6dbeb4beac51da9c92bf742e4a7178d8bf22b749,False,
Nuclear_Graphite_Stress_Surrogate/outputs/11_tail_aware_localised_symbolic/iteration_2/stages/stage_tail_localised/search_state/stable_snapshots/segment_03/checkpoint.pkl,outputs/11_tail_aware_localised_symbolic/iteration_2/stages/stage_tail_localised/search_state/stable_snapshots/segment_03/checkpoint.pkl,executed_research_artifact,184487,ba8439629cee7ebc13d61173f7c65da5c290498a2728fa23993660a093f80f75,ba8439629cee7ebc13d61173f7c65da5c290498a2728fa23993660a093f80f75,False,
Nuclear_Graphite_Stress_Surrogate/outputs/11_tail_aware_localised_symbolic/iteration_2/stages/stage_tail_localised/search_state/stable_snapshots/segment_03/hall_of_fame.csv,outputs/11_tail_aware_localised_symbolic/iteration_2/stages/stage_tail_localised/search_state/stable_snapshots/segment_03/hall_of_fame.csv,executed_research_artifact,3927,aff2cb9454c77006189f1625c51fea7c791d33462deb718096214452771b0e5b,aff2cb9454c77006189f1625c51fea7c791d33462deb718096214452771b0e5b,False,
Nuclear_Graphite_Stress_Surrogate/outputs/11_tail_aware_localised_symbolic/iteration_2/stages/stage_tail_localised/search_state/stable_snapshots/segment_04/checkpoint.pkl,outputs/11_tail_aware_localised_symbolic/iteration_2/stages/stage_tail_localised/search_state/stable_snapshots/segment_04/checkpoint.pkl,executed_research_artifact,167016,e9084fff38e1f852901ea8e6e20aa35cab207da10cf21e0b289cb8bd775ec8fe,e9084fff38e1f852901ea8e6e20aa35cab207da10cf21e0b289cb8bd775ec8fe,False,
Nuclear_Graphite_Stress_Surrogate/outputs/11_tail_aware_localised_symbolic/iteration_2/stages/stage_tail_localised/search_state/stable_snapshots/segment_04/hall_of_fame.csv,outputs/11_tail_aware_localised_symbolic/iteration_2/stages/stage_tail_localised/search_state/stable_snapshots/segment_04/hall_of_fame.csv,executed_research_artifact,3421,9ece7ff5699b212073ddbfe4624cb5ce87843d24cb4fcfa83b0f9c26885b3c62,9ece7ff5699b212073ddbfe4624cb5ce87843d24cb4fcfa83b0f9c26885b3c62,False,
Nuclear_Graphite_Stress_Surrogate/outputs/11_tail_aware_localised_symbolic/iteration_2/stages/stage_tail_localised/search_state/stable_snapshots/segment_05/checkpoint.pkl,outputs/11_tail_aware_localised_symbolic/iteration_2/stages/stage_tail_localised/search_state/stable_snapshots/segment_05/checkpoint.pkl,executed_research_artifact,199973,071bdcfd9ea96c1707af19fb1731b65f37e52db61d5408d4248497e91dd36fe0,071bdcfd9ea96c1707af19fb1731b65f37e52db61d5408d4248497e91dd36fe0,False,
Nuclear_Graphite_Stress_Surrogate/outputs/11_tail_aware_localised_symbolic/iteration_2/stages/stage_tail_localised/search_state/stable_snapshots/segment_05/hall_of_fame.csv,outputs/11_tail_aware_localised_symbolic/iteration_2/stages/stage_tail_localised/search_state/stable_snapshots/segment_05/hall_of_fame.csv,executed_research_artifact,3281,008bfa29657091ae8ada2da8645c2033c2c6765b5968194ae61eddd5723a70e1,008bfa29657091ae8ada2da8645c2033c2c6765b5968194ae61eddd5723a70e1,False,
Nuclear_Graphite_Stress_Surrogate/outputs/11_tail_aware_localised_symbolic/iteration_2/stages/stage_tail_localised/segment_attempt_audit.csv,outputs/11_tail_aware_localised_symbolic/iteration_2/stages/stage_tail_localised/segment_attempt_audit.csv,executed_research_artifact,614,f0877ba1e6b5a300549f24987b6c738141bc9c5b9ab5764f60564750c82a4f27,f0877ba1e6b5a300549f24987b6c738141bc9c5b9ab5764f60564750c82a4f27,False,
Nuclear_Graphite_Stress_Surrogate/outputs/11_tail_aware_localised_symbolic/iteration_2/stages/stage_tail_localised/segments/segment_01/attempt_1/frontier.csv,outputs/11_tail_aware_localised_symbolic/iteration_2/stages/stage_tail_localised/segments/segment_01/attempt_1/frontier.csv,executed_research_artifact,17190,789d4d6f5d1e3c19f6e3d582a54705bdcc665df0daef1b584e1277d9a4ee14e2,789d4d6f5d1e3c19f6e3d582a54705bdcc665df0daef1b584e1277d9a4ee14e2,False,
Nuclear_Graphite_Stress_Surrogate/outputs/11_tail_aware_localised_symbolic/iteration_2/stages/stage_tail_localised/segments/segment_01/attempt_1/worker_status.json,outputs/11_tail_aware_localised_symbolic/iteration_2/stages/stage_tail_localised/segments/segment_01/attempt_1/worker_status.json,executed_research_artifact,355,a627512b338e0cef846048db9e4e8596fc94625c39fcb333b5485b836b0e354d,a627512b338e0cef846048db9e4e8596fc94625c39fcb333b5485b836b0e354d,False,
Nuclear_Graphite_Stress_Surrogate/outputs/11_tail_aware_localised_symbolic/iteration_2/stages/stage_tail_localised/segments/segment_01/attempt_1/worker_stderr.log,outputs/11_tail_aware_localised_symbolic/iteration_2/stages/stage_tail_localised/segments/segment_01/attempt_1/worker_stderr.log,executed_research_artifact,1444500,11c28f052c00071d1cc427eef9003f6f03adac6b44f5fe2dd7dadd695d7036ce,11c28f052c00071d1cc427eef9003f6f03adac6b44f5fe2dd7dadd695d7036ce,False,
Nuclear_Graphite_Stress_Surrogate/outputs/11_tail_aware_localised_symbolic/iteration_2/stages/stage_tail_localised/segments/segment_01/attempt_1/worker_stdout.log,outputs/11_tail_aware_localised_symbolic/iteration_2/stages/stage_tail_localised/segments/segment_01/attempt_1/worker_stdout.log,executed_research_artifact,4061,11d5dc455c6b994b990efc5cdfa9e779512e786bf17171675d61ab3122b25f21,11d5dc455c6b994b990efc5cdfa9e779512e786bf17171675d61ab3122b25f21,False,
Nuclear_Graphite_Stress_Surrogate/outputs/11_tail_aware_localised_symbolic/iteration_2/stages/stage_tail_localised/segments/segment_01/complete.json,outputs/11_tail_aware_localised_symbolic/iteration_2/stages/stage_tail_localised/segments/segment_01/complete.json,executed_research_artifact,138,3b9f1b7e1a856718f5946bc220f3e0f2549291505bd99843fd2fa63e10440564,3b9f1b7e1a856718f5946bc220f3e0f2549291505bd99843fd2fa63e10440564,False,
Nuclear_Graphite_Stress_Surrogate/outputs/11_tail_aware_localised_symbolic/iteration_2/stages/stage_tail_localised/segments/segment_01/frontier.csv,outputs/11_tail_aware_localised_symbolic/iteration_2/stages/stage_tail_localised/segments/segment_01/frontier.csv,executed_research_artifact,17248,69b579daa2b31eb44f4c38ce0bc7a672b1dc261baf6a5af0cf6c111ffc2ecf10,69b579daa2b31eb44f4c38ce0bc7a672b1dc261baf6a5af0cf6c111ffc2ecf10,False,
Nuclear_Graphite_Stress_Surrogate/outputs/11_tail_aware_localised_symbolic/iteration_2/stages/stage_tail_localised/segments/segment_01/watchdog_status.json,outputs/11_tail_aware_localised_symbolic/iteration_2/stages/stage_tail_localised/segments/segment_01/watchdog_status.json,executed_research_artifact,192,00f85d3d0441c114c3d289eed6ff6d1c051e2ca7ff6a619fc6e87296c1f497ce,00f85d3d0441c114c3d289eed6ff6d1c051e2ca7ff6a619fc6e87296c1f497ce,False,
Nuclear_Graphite_Stress_Surrogate/outputs/11_tail_aware_localised_symbolic/iteration_2/stages/stage_tail_localised/segments/segment_02/attempt_1/frontier.csv,outputs/11_tail_aware_localised_symbolic/iteration_2/stages/stage_tail_localised/segments/segment_02/attempt_1/frontier.csv,executed_research_artifact,19109,038d22a6a5dc8f760faa0b32cc0dd98e30ef7e9283c434b3589abd3f56828b66,038d22a6a5dc8f760faa0b32cc0dd98e30ef7e9283c434b3589abd3f56828b66,False,
Nuclear_Graphite_Stress_Surrogate/outputs/11_tail_aware_localised_symbolic/iteration_2/stages/stage_tail_localised/segments/segment_02/attempt_1/worker_status.json,outputs/11_tail_aware_localised_symbolic/iteration_2/stages/stage_tail_localised/segments/segment_02/attempt_1/worker_status.json,executed_research_artifact,364,2e46e9f1515668c67a10d803f839112baf60530288d0ea1335dc5767663d9367,2e46e9f1515668c67a10d803f839112baf60530288d0ea1335dc5767663d9367,False,
Nuclear_Graphite_Stress_Surrogate/outputs/11_tail_aware_localised_symbolic/iteration_2/stages/stage_tail_localised/segments/segment_02/attempt_1/worker_stderr.log,outputs/11_tail_aware_localised_symbolic/iteration_2/stages/stage_tail_localised/segments/segment_02/attempt_1/worker_stderr.log,executed_research_artifact,2115597,68f6193161085df05ab9b00ebf53a3460faaf304a7753cdc9efd658e26f70ea6,68f6193161085df05ab9b00ebf53a3460faaf304a7753cdc9efd658e26f70ea6,False,
Nuclear_Graphite_Stress_Surrogate/outputs/11_tail_aware_localised_symbolic/iteration_2/stages/stage_tail_localised/segments/segment_02/attempt_1/worker_stdout.log,outputs/11_tail_aware_localised_symbolic/iteration_2/stages/stage_tail_localised/segments/segment_02/attempt_1/worker_stdout.log,executed_research_artifact,4502,af9d067e7dd86a0e36889120b6bd59360202f8daffa761f9074a63b3731c9823,af9d067e7dd86a0e36889120b6bd59360202f8daffa761f9074a63b3731c9823,False,
Nuclear_Graphite_Stress_Surrogate/outputs/11_tail_aware_localised_symbolic/iteration_2/stages/stage_tail_localised/segments/segment_02/complete.json,outputs/11_tail_aware_localised_symbolic/iteration_2/stages/stage_tail_localised/segments/segment_02/complete.json,executed_research_artifact,138,316e22d58330c3c96a2a48417209162c7a0a45c215a0197d019a63f323af1571,316e22d58330c3c96a2a48417209162c7a0a45c215a0197d019a63f323af1571,False,
Nuclear_Graphite_Stress_Surrogate/outputs/11_tail_aware_localised_symbolic/iteration_2/stages/stage_tail_localised/segments/segment_02/frontier.csv,outputs/11_tail_aware_localised_symbolic/iteration_2/stages/stage_tail_localised/segments/segment_02/frontier.csv,executed_research_artifact,19170,f990db0899be0e328cbd5c23bdae329263f15e9503797d49c0f04de50b2c29ad,f990db0899be0e328cbd5c23bdae329263f15e9503797d49c0f04de50b2c29ad,False,
Nuclear_Graphite_Stress_Surrogate/outputs/11_tail_aware_localised_symbolic/iteration_2/stages/stage_tail_localised/segments/segment_02/watchdog_status.json,outputs/11_tail_aware_localised_symbolic/iteration_2/stages/stage_tail_localised/segments/segment_02/watchdog_status.json,executed_research_artifact,192,aa412cd6fbcff8b1fb43c1b06b18b3ce9b2cab2a8f5108b1c30ca88afeb0d25a,aa412cd6fbcff8b1fb43c1b06b18b3ce9b2cab2a8f5108b1c30ca88afeb0d25a,False,
Nuclear_Graphite_Stress_Surrogate/outputs/11_tail_aware_localised_symbolic/iteration_2/stages/stage_tail_localised/segments/segment_03/attempt_1/frontier.csv,outputs/11_tail_aware_localised_symbolic/iteration_2/stages/stage_tail_localised/segments/segment_03/attempt_1/frontier.csv,executed_research_artifact,26337,8245c859862e6661ac91d22ae2bff9d70cad3ad422b79d08fa35859cf9491c0a,8245c859862e6661ac91d22ae2bff9d70cad3ad422b79d08fa35859cf9491c0a,False,
Nuclear_Graphite_Stress_Surrogate/outputs/11_tail_aware_localised_symbolic/iteration_2/stages/stage_tail_localised/segments/segment_03/attempt_1/worker_status.json,outputs/11_tail_aware_localised_symbolic/iteration_2/stages/stage_tail_localised/segments/segment_03/attempt_1/worker_status.json,executed_research_artifact,364,030a98ba11a32821f95c1a00a2b541404ee422eb52298d02b091587cc7aeb5c1,030a98ba11a32821f95c1a00a2b541404ee422eb52298d02b091587cc7aeb5c1,False,
Nuclear_Graphite_Stress_Surrogate/outputs/11_tail_aware_localised_symbolic/iteration_2/stages/stage_tail_localised/segments/segment_03/attempt_1/worker_stderr.log,outputs/11_tail_aware_localised_symbolic/iteration_2/stages/stage_tail_localised/segments/segment_03/attempt_1/worker_stderr.log,executed_research_artifact,2026992,aa36c3da3d56a0cabd9c93c1745e47ab0f4055d258f23c0d098df2c8ac11bf60,aa36c3da3d56a0cabd9c93c1745e47ab0f4055d258f23c0d098df2c8ac11bf60,False,
Nuclear_Graphite_Stress_Surrogate/outputs/11_tail_aware_localised_symbolic/iteration_2/stages/stage_tail_localised/segments/segment_03/attempt_1/worker_stdout.log,outputs/11_tail_aware_localised_symbolic/iteration_2/stages/stage_tail_localised/segments/segment_03/attempt_1/worker_stdout.log,executed_research_artifact,5819,900e02a491a0dcae37b824b6306a06f97a496f58aca600a4d5d291dbe2f465a9,900e02a491a0dcae37b824b6306a06f97a496f58aca600a4d5d291dbe2f465a9,False,
Nuclear_Graphite_Stress_Surrogate/outputs/11_tail_aware_localised_symbolic/iteration_2/stages/stage_tail_localised/segments/segment_03/complete.json,outputs/11_tail_aware_localised_symbolic/iteration_2/stages/stage_tail_localised/segments/segment_03/complete.json,executed_research_artifact,138,997292a5394d9ec739ef0c0cd036d2f90154860dfd695bcf1688e17163853721,997292a5394d9ec739ef0c0cd036d2f90154860dfd695bcf1688e17163853721,False,
Nuclear_Graphite_Stress_Surrogate/outputs/11_tail_aware_localised_symbolic/iteration_2/stages/stage_tail_localised/segments/segment_03/frontier.csv,outputs/11_tail_aware_localised_symbolic/iteration_2/stages/stage_tail_localised/segments/segment_03/frontier.csv,executed_research_artifact,26399,366a0aa6100d93b91d572a1353b1cb00afacf6328055b79e1a36d83a270588d3,366a0aa6100d93b91d572a1353b1cb00afacf6328055b79e1a36d83a270588d3,False,
Nuclear_Graphite_Stress_Surrogate/outputs/11_tail_aware_localised_symbolic/iteration_2/stages/stage_tail_localised/segments/segment_03/watchdog_status.json,outputs/11_tail_aware_localised_symbolic/iteration_2/stages/stage_tail_localised/segments/segment_03/watchdog_status.json,executed_research_artifact,192,96711e56f562b2d859fa7d0eb3a8b015c47d35eb25410ee683f2514aa387352d,96711e56f562b2d859fa7d0eb3a8b015c47d35eb25410ee683f2514aa387352d,False,
Nuclear_Graphite_Stress_Surrogate/outputs/11_tail_aware_localised_symbolic/iteration_2/stages/stage_tail_localised/segments/segment_04/attempt_1/frontier.csv,outputs/11_tail_aware_localised_symbolic/iteration_2/stages/stage_tail_localised/segments/segment_04/attempt_1/frontier.csv,executed_research_artifact,21244,39759f317b090bb59f0ae61d04eca06585122b3b6fe03b9c5cb4a56f61c9d051,39759f317b090bb59f0ae61d04eca06585122b3b6fe03b9c5cb4a56f61c9d051,False,
Nuclear_Graphite_Stress_Surrogate/outputs/11_tail_aware_localised_symbolic/iteration_2/stages/stage_tail_localised/segments/segment_04/attempt_1/worker_status.json,outputs/11_tail_aware_localised_symbolic/iteration_2/stages/stage_tail_localised/segments/segment_04/attempt_1/worker_status.json,executed_research_artifact,364,48557e39a7de5e7a0e34fa6600f58daa852e7441334c396410b3a67356612c6c,48557e39a7de5e7a0e34fa6600f58daa852e7441334c396410b3a67356612c6c,False,
Nuclear_Graphite_Stress_Surrogate/outputs/11_tail_aware_localised_symbolic/iteration_2/stages/stage_tail_localised/segments/segment_04/attempt_1/worker_stderr.log,outputs/11_tail_aware_localised_symbolic/iteration_2/stages/stage_tail_localised/segments/segment_04/attempt_1/worker_stderr.log,executed_research_artifact,2160401,76bc85496e5721a44a8fb9f17ddb1cbc6038dc759fef4c3ac25f6cddab2630ad,76bc85496e5721a44a8fb9f17ddb1cbc6038dc759fef4c3ac25f6cddab2630ad,False,
Nuclear_Graphite_Stress_Surrogate/outputs/11_tail_aware_localised_symbolic/iteration_2/stages/stage_tail_localised/segments/segment_04/attempt_1/worker_stdout.log,outputs/11_tail_aware_localised_symbolic/iteration_2/stages/stage_tail_localised/segments/segment_04/attempt_1/worker_stdout.log,executed_research_artifact,5161,9947e35633f5d97fd2bec37e5a0f87596bba39ae8fa941a870f13a570286abdc,9947e35633f5d97fd2bec37e5a0f87596bba39ae8fa941a870f13a570286abdc,False,
Nuclear_Graphite_Stress_Surrogate/outputs/11_tail_aware_localised_symbolic/iteration_2/stages/stage_tail_localised/segments/segment_04/complete.json,outputs/11_tail_aware_localised_symbolic/iteration_2/stages/stage_tail_localised/segments/segment_04/complete.json,executed_research_artifact,138,208eedad856e0b35b8e75a5a63473bafecc73a5a5392351082a8308b4f75bee5,208eedad856e0b35b8e75a5a63473bafecc73a5a5392351082a8308b4f75bee5,False,
Nuclear_Graphite_Stress_Surrogate/outputs/11_tail_aware_localised_symbolic/iteration_2/stages/stage_tail_localised/segments/segment_04/frontier.csv,outputs/11_tail_aware_localised_symbolic/iteration_2/stages/stage_tail_localised/segments/segment_04/frontier.csv,executed_research_artifact,21310,d51e31858cab036c22bcff07e33f6e864783f862aa8c8f85d00af9696df3a9a1,d51e31858cab036c22bcff07e33f6e864783f862aa8c8f85d00af9696df3a9a1,False,
Nuclear_Graphite_Stress_Surrogate/outputs/11_tail_aware_localised_symbolic/iteration_2/stages/stage_tail_localised/segments/segment_04/watchdog_status.json,outputs/11_tail_aware_localised_symbolic/iteration_2/stages/stage_tail_localised/segments/segment_04/watchdog_status.json,executed_research_artifact,192,5f8f0e7a75af7bac1274bc3c7e420d4866f4fff02fd4df2f8412630009e46ddd,5f8f0e7a75af7bac1274bc3c7e420d4866f4fff02fd4df2f8412630009e46ddd,False,
Nuclear_Graphite_Stress_Surrogate/outputs/11_tail_aware_localised_symbolic/iteration_2/stages/stage_tail_localised/segments/segment_05/attempt_1/frontier.csv,outputs/11_tail_aware_localised_symbolic/iteration_2/stages/stage_tail_localised/segments/segment_05/attempt_1/frontier.csv,executed_research_artifact,19439,2dbb295510c452d51470ffee3557a7e4c91a44dd6e1cd4d8b6666d682516f246,2dbb295510c452d51470ffee3557a7e4c91a44dd6e1cd4d8b6666d682516f246,False,
Nuclear_Graphite_Stress_Surrogate/outputs/11_tail_aware_localised_symbolic/iteration_2/stages/stage_tail_localised/segments/segment_05/attempt_1/worker_status.json,outputs/11_tail_aware_localised_symbolic/iteration_2/stages/stage_tail_localised/segments/segment_05/attempt_1/worker_status.json,executed_research_artifact,364,2df32a05fd27f59721f7ceaeaf5d276e002c6ba0dab93a37ecf2772301daefa8,2df32a05fd27f59721f7ceaeaf5d276e002c6ba0dab93a37ecf2772301daefa8,False,
Nuclear_Graphite_Stress_Surrogate/outputs/11_tail_aware_localised_symbolic/iteration_2/stages/stage_tail_localised/segments/segment_05/attempt_1/worker_stderr.log,outputs/11_tail_aware_localised_symbolic/iteration_2/stages/stage_tail_localised/segments/segment_05/attempt_1/worker_stderr.log,executed_research_artifact,2304053,cb87bbabbe6b2a901861674855b78be9e1e192c178eb343aabf5a91b5a0295c6,cb87bbabbe6b2a901861674855b78be9e1e192c178eb343aabf5a91b5a0295c6,False,
Nuclear_Graphite_Stress_Surrogate/outputs/11_tail_aware_localised_symbolic/iteration_2/stages/stage_tail_localised/segments/segment_05/attempt_1/worker_stdout.log,outputs/11_tail_aware_localised_symbolic/iteration_2/stages/stage_tail_localised/segments/segment_05/attempt_1/worker_stdout.log,executed_research_artifact,4957,80bf19de6f9f0c50a0509224c3447aa24fd2fe1d862445f7ac4767856fb3f082,80bf19de6f9f0c50a0509224c3447aa24fd2fe1d862445f7ac4767856fb3f082,False,
Nuclear_Graphite_Stress_Surrogate/outputs/11_tail_aware_localised_symbolic/iteration_2/stages/stage_tail_localised/segments/segment_05/complete.json,outputs/11_tail_aware_localised_symbolic/iteration_2/stages/stage_tail_localised/segments/segment_05/complete.json,executed_research_artifact,138,363a709fd1ccf066fc85179eb186c4c07e62459edc35e4b0b9628455bfff026c,363a709fd1ccf066fc85179eb186c4c07e62459edc35e4b0b9628455bfff026c,False,
Nuclear_Graphite_Stress_Surrogate/outputs/11_tail_aware_localised_symbolic/iteration_2/stages/stage_tail_localised/segments/segment_05/frontier.csv,outputs/11_tail_aware_localised_symbolic/iteration_2/stages/stage_tail_localised/segments/segment_05/frontier.csv,executed_research_artifact,19504,b7bfaf3331fc026d6c5ca28977e07f95939e5923b06902c8b7a1b2e9c283882b,b7bfaf3331fc026d6c5ca28977e07f95939e5923b06902c8b7a1b2e9c283882b,False,
Nuclear_Graphite_Stress_Surrogate/outputs/11_tail_aware_localised_symbolic/iteration_2/stages/stage_tail_localised/segments/segment_05/watchdog_status.json,outputs/11_tail_aware_localised_symbolic/iteration_2/stages/stage_tail_localised/segments/segment_05/watchdog_status.json,executed_research_artifact,192,502a042e47a43dd8c74f53ca2ddce5840b0c824de5ce7f58831cb8b10ac586e8,502a042e47a43dd8c74f53ca2ddce5840b0c824de5ce7f58831cb8b10ac586e8,False,
Nuclear_Graphite_Stress_Surrogate/outputs/11_tail_aware_localised_symbolic/iteration_2/stages/stage_tail_localised/selected_formula.csv,outputs/11_tail_aware_localised_symbolic/iteration_2/stages/stage_tail_localised/selected_formula.csv,executed_research_artifact,3637,666cfba65d22e35d71c1872081db598823a4be09973ba29689b685148b370464,666cfba65d22e35d71c1872081db598823a4be09973ba29689b685148b370464,False,
Nuclear_Graphite_Stress_Surrogate/outputs/11_tail_aware_localised_symbolic/iteration_2/training_cache/cache_metadata.json,outputs/11_tail_aware_localised_symbolic/iteration_2/training_cache/cache_metadata.json,executed_research_artifact,5115,eb5961396c3004ac3a7fda71384db60884352890311d15c844de7cfb0c10015c,eb5961396c3004ac3a7fda71384db60884352890311d15c844de7cfb0c10015c,False,
Nuclear_Graphite_Stress_Surrogate/outputs/11_tail_aware_localised_symbolic/iteration_2/training_cache/hotspot_rbf_centres.csv,outputs/11_tail_aware_localised_symbolic/iteration_2/training_cache/hotspot_rbf_centres.csv,executed_research_artifact,564,457abee47686fbbe86c36d30b9656fe3778764e4344be9b6dc82ba2a4d139015,457abee47686fbbe86c36d30b9656fe3778764e4344be9b6dc82ba2a4d139015,False,
Nuclear_Graphite_Stress_Surrogate/outputs/11_tail_aware_localised_symbolic/iteration_2/training_cache/mean_calibration_model.json,outputs/11_tail_aware_localised_symbolic/iteration_2/training_cache/mean_calibration_model.json,executed_research_artifact,879,cb68484e689ff217819801f960978e410e7e57a003dc0285ecc0f668e15aa9eb,cb68484e689ff217819801f960978e410e7e57a003dc0285ecc0f668e15aa9eb,False,
Nuclear_Graphite_Stress_Surrogate/outputs/11_tail_aware_localised_symbolic/iteration_2/training_cache/mean_calibration_training_audit.csv,outputs/11_tail_aware_localised_symbolic/iteration_2/training_cache/mean_calibration_training_audit.csv,executed_research_artifact,8285,26c1dca55f01527b98ff7ba2a48c53d82ea8ee8386b28ad1cb2dac34231bcefc,26c1dca55f01527b98ff7ba2a48c53d82ea8ee8386b28ad1cb2dac34231bcefc,False,
Nuclear_Graphite_Stress_Surrogate/outputs/11_tail_aware_localised_symbolic/iteration_2/training_cache/tail_weight_audit.csv,outputs/11_tail_aware_localised_symbolic/iteration_2/training_cache/tail_weight_audit.csv,executed_research_artifact,293,b6cff82e4bf15e95d45b93f2780574bf829be94ef6afb43f82c18dbdc3f8ab56,b6cff82e4bf15e95d45b93f2780574bf829be94ef6afb43f82c18dbdc3f8ab56,False,
Nuclear_Graphite_Stress_Surrogate/outputs/11_tail_aware_localised_symbolic/iteration_2/training_cache/v11_centered_tail_target.npy,outputs/11_tail_aware_localised_symbolic/iteration_2/training_cache/v11_centered_tail_target.npy,executed_research_artifact,2380128,c2bc076c4c2aea8c4df0e15d05b1e87a8fa411bec368fa2b275582f8da36f376,c2bc076c4c2aea8c4df0e15d05b1e87a8fa411bec368fa2b275582f8da36f376,False,
Nuclear_Graphite_Stress_Surrogate/outputs/11_tail_aware_localised_symbolic/iteration_2/training_cache/v11_tail_features.npy,outputs/11_tail_aware_localised_symbolic/iteration_2/training_cache/v11_tail_features.npy,executed_research_artifact,95200128,78088d478220647dad25458a1a1c22e8d50c1f957490f9fdfd82232ffee70feb,78088d478220647dad25458a1a1c22e8d50c1f957490f9fdfd82232ffee70feb,False,
Nuclear_Graphite_Stress_Surrogate/outputs/11_tail_aware_localised_symbolic/iteration_2/training_cache/v11_tail_scaling.csv,outputs/11_tail_aware_localised_symbolic/iteration_2/training_cache/v11_tail_scaling.csv,executed_research_artifact,2842,522927c8ea68cd6d3e05c8b46096d59687aae5b271bcd2fd49179e0e9b39f991,522927c8ea68cd6d3e05c8b46096d59687aae5b271bcd2fd49179e0e9b39f991,False,
Nuclear_Graphite_Stress_Surrogate/outputs/11_tail_aware_localised_symbolic/iteration_2/training_cache/v11_tail_weights.npy,outputs/11_tail_aware_localised_symbolic/iteration_2/training_cache/v11_tail_weights.npy,executed_research_artifact,2380128,109c2a851dc27a4eca5dcbfb192f3ca1bb01158624e50b615c6b014f183b5d7f,109c2a851dc27a4eca5dcbfb192f3ca1bb01158624e50b615c6b014f183b5d7f,False,
Nuclear_Graphite_Stress_Surrogate/outputs/11_tail_aware_localised_symbolic/iteration_2/v10_input_hash_audit.csv,outputs/11_tail_aware_localised_symbolic/iteration_2/v10_input_hash_audit.csv,executed_research_artifact,2416,3402714839c3a446b062814696d10efe955dc12fa6704226eddb8e4cf1db80ae,3402714839c3a446b062814696d10efe955dc12fa6704226eddb8e4cf1db80ae,False,
Nuclear_Graphite_Stress_Surrogate/outputs/11_tail_aware_localised_symbolic/iteration_2/v11_selected_tail_adaptation.png,outputs/11_tail_aware_localised_symbolic/iteration_2/v11_selected_tail_adaptation.png,executed_research_artifact,95121,a5fbc12b13ca7b1c9b7fd9ede0672abf475c880cf2d8e81be804aef6793bbd7e,a5fbc12b13ca7b1c9b7fd9ede0672abf475c880cf2d8e81be804aef6793bbd7e,False,
Nuclear_Graphite_Stress_Surrogate/outputs/11_tail_aware_localised_symbolic/iteration_2/v11_validation_model_comparison.png,outputs/11_tail_aware_localised_symbolic/iteration_2/v11_validation_model_comparison.png,executed_research_artifact,85346,5055126e8013ef872be519f82088882e63acafb61a8c9dfe16776787535a3d33,5055126e8013ef872be519f82088882e63acafb61a8c9dfe16776787535a3d33,False,
Nuclear_Graphite_Stress_Surrogate/outputs/11_tail_aware_localised_symbolic/iteration_3/design_rationale.json,outputs/11_tail_aware_localised_symbolic/iteration_3/design_rationale.json,executed_research_artifact,712,3cee94196dcf7dd64c908e9756fe2c7f40f7926109f57afdd98fa2b8aa59cd58,3cee94196dcf7dd64c908e9756fe2c7f40f7926109f57afdd98fa2b8aa59cd58,False,
Nuclear_Graphite_Stress_Surrogate/outputs/11_tail_aware_localised_symbolic/iteration_3/feature_registry.csv,outputs/11_tail_aware_localised_symbolic/iteration_3/feature_registry.csv,executed_research_artifact,1941,22a5f35006f21f9bd0343a863db8e125241c6e727cd8141d771338c2fc8a5774,22a5f35006f21f9bd0343a863db8e125241c6e727cd8141d771338c2fc8a5774,False,
Nuclear_Graphite_Stress_Surrogate/outputs/11_tail_aware_localised_symbolic/iteration_3/pilot_complete.json,outputs/11_tail_aware_localised_symbolic/iteration_3/pilot_complete.json,executed_research_artifact,642,38d378f0299ecf9e4748db8833c61da09d49a4e89defe81eaf6eb5dcb5512b88,38d378f0299ecf9e4748db8833c61da09d49a4e89defe81eaf6eb5dcb5512b88,False,
Nuclear_Graphite_Stress_Surrogate/outputs/11_tail_aware_localised_symbolic/iteration_3/preflight_checks.csv,outputs/11_tail_aware_localised_symbolic/iteration_3/preflight_checks.csv,executed_research_artifact,4976,73bd4e62a90029192921b2160eb10783ff21ef772a854f65548ff983083080aa,73bd4e62a90029192921b2160eb10783ff21ef772a854f65548ff983083080aa,False,
Nuclear_Graphite_Stress_Surrogate/outputs/11_tail_aware_localised_symbolic/iteration_3/run_configuration.json,outputs/11_tail_aware_localised_symbolic/iteration_3/run_configuration.json,executed_research_artifact,532,bfe7bd22af2b5c7dea1d10c3a8809a3925f1411abe066f66fce00fcbd568eea8,bfe7bd22af2b5c7dea1d10c3a8809a3925f1411abe066f66fce00fcbd568eea8,False,
Nuclear_Graphite_Stress_Surrogate/outputs/11_tail_aware_localised_symbolic/iteration_3/run_status.json,outputs/11_tail_aware_localised_symbolic/iteration_3/run_status.json,executed_research_artifact,665,b1974df357b9af623e6cfa7c7679c7fb43de9f54b6e2d51c5e1e97ca95866120,b1974df357b9af623e6cfa7c7679c7fb43de9f54b6e2d51c5e1e97ca95866120,False,
Nuclear_Graphite_Stress_Surrogate/outputs/11_tail_aware_localised_symbolic/iteration_3/selected_composite_formula.csv,outputs/11_tail_aware_localised_symbolic/iteration_3/selected_composite_formula.csv,executed_research_artifact,3453,aabe70c206b24fadef8e8334f9b6a33c889b8b9e7bafda851544328b016eac14,aabe70c206b24fadef8e8334f9b6a33c889b8b9e7bafda851544328b016eac14,False,
Nuclear_Graphite_Stress_Surrogate/outputs/11_tail_aware_localised_symbolic/iteration_3/selected_composite_formula.txt,outputs/11_tail_aware_localised_symbolic/iteration_3/selected_composite_formula.txt,executed_research_artifact,7610,39cbd1a6c8f1f91c37e8ab02e0affbe20a7b1a993cb3d248138282090f8c6cc5,39cbd1a6c8f1f91c37e8ab02e0affbe20a7b1a993cb3d248138282090f8c6cc5,False,
Nuclear_Graphite_Stress_Surrogate/outputs/11_tail_aware_localised_symbolic/iteration_3/selected_models_case_metrics.csv.gz,outputs/11_tail_aware_localised_symbolic/iteration_3/selected_models_case_metrics.csv.gz,executed_research_artifact,19862,903f1485ceaf242ea4cb84fb372e0ea06d241156c0dc7e50b68f249924562983,903f1485ceaf242ea4cb84fb372e0ea06d241156c0dc7e50b68f249924562983,False,
Nuclear_Graphite_Stress_Surrogate/outputs/11_tail_aware_localised_symbolic/iteration_3/selected_models_split_metrics.csv,outputs/11_tail_aware_localised_symbolic/iteration_3/selected_models_split_metrics.csv,executed_research_artifact,2687,b3060c3b15a2d3b80d1ee701c07a559c79abfc537b5af3ccd2ccd9c814e2e25c,b3060c3b15a2d3b80d1ee701c07a559c79abfc537b5af3ccd2ccd9c814e2e25c,False,
Nuclear_Graphite_Stress_Surrogate/outputs/11_tail_aware_localised_symbolic/iteration_3/selected_models_tail_adaptation.csv,outputs/11_tail_aware_localised_symbolic/iteration_3/selected_models_tail_adaptation.csv,executed_research_artifact,1029,05d36757dc91f0af752db79738a653e07ca8435b1fdcab7887f39df3764d45c8,05d36757dc91f0af752db79738a653e07ca8435b1fdcab7887f39df3764d45c8,False,
Nuclear_Graphite_Stress_Surrogate/outputs/11_tail_aware_localised_symbolic/iteration_3/stages/stage_tail_localised/candidate_validation_metrics.csv,outputs/11_tail_aware_localised_symbolic/iteration_3/stages/stage_tail_localised/candidate_validation_metrics.csv,executed_research_artifact,17482,2902120e8ab8ca4f4e1daed863cc40fadb6b1e3a31f3dfec70ca6c715e5d9c54,2902120e8ab8ca4f4e1daed863cc40fadb6b1e3a31f3dfec70ca6c715e5d9c54,False,
Nuclear_Graphite_Stress_Surrogate/outputs/11_tail_aware_localised_symbolic/iteration_3/stages/stage_tail_localised/frontier.csv,outputs/11_tail_aware_localised_symbolic/iteration_3/stages/stage_tail_localised/frontier.csv,executed_research_artifact,10777,53652dad2a1adaedeb95f4cea09896b53901e0ba46fd44ea566a31872ebe9671,53652dad2a1adaedeb95f4cea09896b53901e0ba46fd44ea566a31872ebe9671,False,
Nuclear_Graphite_Stress_Surrogate/outputs/11_tail_aware_localised_symbolic/iteration_3/stages/stage_tail_localised/full_validation_shortlist.csv,outputs/11_tail_aware_localised_symbolic/iteration_3/stages/stage_tail_localised/full_validation_shortlist.csv,executed_research_artifact,10777,25c985d24b01a192904b320e48fea73011eb1d4e4cfefd3dc0234b701017d893,25c985d24b01a192904b320e48fea73011eb1d4e4cfefd3dc0234b701017d893,False,
Nuclear_Graphite_Stress_Surrogate/outputs/11_tail_aware_localised_symbolic/iteration_3/stages/stage_tail_localised/search_progress.json,outputs/11_tail_aware_localised_symbolic/iteration_3/stages/stage_tail_localised/search_progress.json,executed_research_artifact,299,c5a1ed182b15c101d893fb4966e88a132fea34641c249f451881fd07882b0c94,c5a1ed182b15c101d893fb4966e88a132fea34641c249f451881fd07882b0c94,False,
Nuclear_Graphite_Stress_Surrogate/outputs/11_tail_aware_localised_symbolic/iteration_3/stages/stage_tail_localised/search_signature.json,outputs/11_tail_aware_localised_symbolic/iteration_3/stages/stage_tail_localised/search_signature.json,executed_research_artifact,4727,b3c57ca371dc62119634cdf7734a54d76cefadcd2ce8689c2bb6987c5eaa3020,b3c57ca371dc62119634cdf7734a54d76cefadcd2ce8689c2bb6987c5eaa3020,False,
Nuclear_Graphite_Stress_Surrogate/outputs/11_tail_aware_localised_symbolic/iteration_3/stages/stage_tail_localised/search_state/pysr_runs/v11_i3_tail_aware_localised_residual/checkpoint.pkl,outputs/11_tail_aware_localised_symbolic/iteration_3/stages/stage_tail_localised/search_state/pysr_runs/v11_i3_tail_aware_localised_residual/checkpoint.pkl,executed_research_artifact,151868,6018dba986de5d4c7ffeca4c2d6d84e4e59ee41c9abffa67653eaac187d486a8,6018dba986de5d4c7ffeca4c2d6d84e4e59ee41c9abffa67653eaac187d486a8,False,
Nuclear_Graphite_Stress_Surrogate/outputs/11_tail_aware_localised_symbolic/iteration_3/stages/stage_tail_localised/search_state/pysr_runs/v11_i3_tail_aware_localised_residual/hall_of_fame.csv,outputs/11_tail_aware_localised_symbolic/iteration_3/stages/stage_tail_localised/search_state/pysr_runs/v11_i3_tail_aware_localised_residual/hall_of_fame.csv,executed_research_artifact,1659,06fe575c213ddbac218a869280134f85f7b8393193f603ca9af5d6b6738aea21,06fe575c213ddbac218a869280134f85f7b8393193f603ca9af5d6b6738aea21,False,
Nuclear_Graphite_Stress_Surrogate/outputs/11_tail_aware_localised_symbolic/iteration_3/stages/stage_tail_localised/search_state/pysr_runs/v11_i3_tail_aware_localised_residual/hall_of_fame.csv.bak,outputs/11_tail_aware_localised_symbolic/iteration_3/stages/stage_tail_localised/search_state/pysr_runs/v11_i3_tail_aware_localised_residual/hall_of_fame.csv.bak,executed_research_artifact,1659,06fe575c213ddbac218a869280134f85f7b8393193f603ca9af5d6b6738aea21,06fe575c213ddbac218a869280134f85f7b8393193f603ca9af5d6b6738aea21,False,
Nuclear_Graphite_Stress_Surrogate/outputs/11_tail_aware_localised_symbolic/iteration_3/stages/stage_tail_localised/search_state/stable_snapshots/segment_01/checkpoint.pkl,outputs/11_tail_aware_localised_symbolic/iteration_3/stages/stage_tail_localised/search_state/stable_snapshots/segment_01/checkpoint.pkl,executed_research_artifact,152616,ff6dc2575c29d6ccf70a85743e29c7bce5ccf13f4bbbe385f898841eebd6b60a,ff6dc2575c29d6ccf70a85743e29c7bce5ccf13f4bbbe385f898841eebd6b60a,False,
Nuclear_Graphite_Stress_Surrogate/outputs/11_tail_aware_localised_symbolic/iteration_3/stages/stage_tail_localised/search_state/stable_snapshots/segment_01/hall_of_fame.csv,outputs/11_tail_aware_localised_symbolic/iteration_3/stages/stage_tail_localised/search_state/stable_snapshots/segment_01/hall_of_fame.csv,executed_research_artifact,1766,5456fb74136bf75b3946e2311f7e1ad1674cb58c97f25be444399fd60dc9a8b8,5456fb74136bf75b3946e2311f7e1ad1674cb58c97f25be444399fd60dc9a8b8,False,
Nuclear_Graphite_Stress_Surrogate/outputs/11_tail_aware_localised_symbolic/iteration_3/stages/stage_tail_localised/search_state/stable_snapshots/segment_02/checkpoint.pkl,outputs/11_tail_aware_localised_symbolic/iteration_3/stages/stage_tail_localised/search_state/stable_snapshots/segment_02/checkpoint.pkl,executed_research_artifact,125681,21436992d37ebefebbfd2766fd35ca99e7593887d24572dd4ec7c51dd818b750,21436992d37ebefebbfd2766fd35ca99e7593887d24572dd4ec7c51dd818b750,False,
Nuclear_Graphite_Stress_Surrogate/outputs/11_tail_aware_localised_symbolic/iteration_3/stages/stage_tail_localised/search_state/stable_snapshots/segment_02/hall_of_fame.csv,outputs/11_tail_aware_localised_symbolic/iteration_3/stages/stage_tail_localised/search_state/stable_snapshots/segment_02/hall_of_fame.csv,executed_research_artifact,2090,b0ee251fc1e1fdbab16484bc2c1c61426f670ab805840a5520c6dd80b591ee6a,b0ee251fc1e1fdbab16484bc2c1c61426f670ab805840a5520c6dd80b591ee6a,False,
Nuclear_Graphite_Stress_Surrogate/outputs/11_tail_aware_localised_symbolic/iteration_3/stages/stage_tail_localised/search_state/stable_snapshots/segment_03/checkpoint.pkl,outputs/11_tail_aware_localised_symbolic/iteration_3/stages/stage_tail_localised/search_state/stable_snapshots/segment_03/checkpoint.pkl,executed_research_artifact,130016,848a0e27f0d53b7fda4fd7b85b49c7edab75cfb77735b8a73f713493bf0f864b,848a0e27f0d53b7fda4fd7b85b49c7edab75cfb77735b8a73f713493bf0f864b,False,
Nuclear_Graphite_Stress_Surrogate/outputs/11_tail_aware_localised_symbolic/iteration_3/stages/stage_tail_localised/search_state/stable_snapshots/segment_03/hall_of_fame.csv,outputs/11_tail_aware_localised_symbolic/iteration_3/stages/stage_tail_localised/search_state/stable_snapshots/segment_03/hall_of_fame.csv,executed_research_artifact,1987,a356833aa5f270551b0a203662b0cc54c34c7efb6b016ec48670be35d42448c3,a356833aa5f270551b0a203662b0cc54c34c7efb6b016ec48670be35d42448c3,False,
Nuclear_Graphite_Stress_Surrogate/outputs/11_tail_aware_localised_symbolic/iteration_3/stages/stage_tail_localised/search_state/stable_snapshots/segment_04/checkpoint.pkl,outputs/11_tail_aware_localised_symbolic/iteration_3/stages/stage_tail_localised/search_state/stable_snapshots/segment_04/checkpoint.pkl,executed_research_artifact,132137,a804648f3378ea0a418e3e362bcc9c8221c9cee9b66a6956d8258d531196c4ba,a804648f3378ea0a418e3e362bcc9c8221c9cee9b66a6956d8258d531196c4ba,False,
Nuclear_Graphite_Stress_Surrogate/outputs/11_tail_aware_localised_symbolic/iteration_3/stages/stage_tail_localised/search_state/stable_snapshots/segment_04/hall_of_fame.csv,outputs/11_tail_aware_localised_symbolic/iteration_3/stages/stage_tail_localised/search_state/stable_snapshots/segment_04/hall_of_fame.csv,executed_research_artifact,1678,f052b588cdcabca95042d48857044e3d291c7b176da00faf151b3092a89465e8,f052b588cdcabca95042d48857044e3d291c7b176da00faf151b3092a89465e8,False,
Nuclear_Graphite_Stress_Surrogate/outputs/11_tail_aware_localised_symbolic/iteration_3/stages/stage_tail_localised/search_state/stable_snapshots/segment_05/checkpoint.pkl,outputs/11_tail_aware_localised_symbolic/iteration_3/stages/stage_tail_localised/search_state/stable_snapshots/segment_05/checkpoint.pkl,executed_research_artifact,151868,6018dba986de5d4c7ffeca4c2d6d84e4e59ee41c9abffa67653eaac187d486a8,6018dba986de5d4c7ffeca4c2d6d84e4e59ee41c9abffa67653eaac187d486a8,False,
Nuclear_Graphite_Stress_Surrogate/outputs/11_tail_aware_localised_symbolic/iteration_3/stages/stage_tail_localised/search_state/stable_snapshots/segment_05/hall_of_fame.csv,outputs/11_tail_aware_localised_symbolic/iteration_3/stages/stage_tail_localised/search_state/stable_snapshots/segment_05/hall_of_fame.csv,executed_research_artifact,1659,06fe575c213ddbac218a869280134f85f7b8393193f603ca9af5d6b6738aea21,06fe575c213ddbac218a869280134f85f7b8393193f603ca9af5d6b6738aea21,False,
Nuclear_Graphite_Stress_Surrogate/outputs/11_tail_aware_localised_symbolic/iteration_3/stages/stage_tail_localised/segment_attempt_audit.csv,outputs/11_tail_aware_localised_symbolic/iteration_3/stages/stage_tail_localised/segment_attempt_audit.csv,executed_research_artifact,614,e3053dcb9cb1b9136ffa00120515925dc27dc0df1a5ad13effd25e33b057b11a,e3053dcb9cb1b9136ffa00120515925dc27dc0df1a5ad13effd25e33b057b11a,False,
Nuclear_Graphite_Stress_Surrogate/outputs/11_tail_aware_localised_symbolic/iteration_3/stages/stage_tail_localised/segments/segment_01/attempt_1/frontier.csv,outputs/11_tail_aware_localised_symbolic/iteration_3/stages/stage_tail_localised/segments/segment_01/attempt_1/frontier.csv,executed_research_artifact,11844,c4c91250dfce90f51e1a5b6b227fdd33d2b20b9b663dbe253d3bd950dc6ba603,c4c91250dfce90f51e1a5b6b227fdd33d2b20b9b663dbe253d3bd950dc6ba603,False,
Nuclear_Graphite_Stress_Surrogate/outputs/11_tail_aware_localised_symbolic/iteration_3/stages/stage_tail_localised/segments/segment_01/attempt_1/worker_status.json,outputs/11_tail_aware_localised_symbolic/iteration_3/stages/stage_tail_localised/segments/segment_01/attempt_1/worker_status.json,executed_research_artifact,355,c3730ec1a145c70243f84dc4b29b0e4d82b719c3e02de1c4cbbee594191ee920,c3730ec1a145c70243f84dc4b29b0e4d82b719c3e02de1c4cbbee594191ee920,False,
Nuclear_Graphite_Stress_Surrogate/outputs/11_tail_aware_localised_symbolic/iteration_3/stages/stage_tail_localised/segments/segment_01/attempt_1/worker_stderr.log,outputs/11_tail_aware_localised_symbolic/iteration_3/stages/stage_tail_localised/segments/segment_01/attempt_1/worker_stderr.log,executed_research_artifact,1432632,b7bdbdd124658f444fa9eca30d9c0cea70d58076adc3f736671ea0da64319aba,b7bdbdd124658f444fa9eca30d9c0cea70d58076adc3f736671ea0da64319aba,False,
Nuclear_Graphite_Stress_Surrogate/outputs/11_tail_aware_localised_symbolic/iteration_3/stages/stage_tail_localised/segments/segment_01/attempt_1/worker_stdout.log,outputs/11_tail_aware_localised_symbolic/iteration_3/stages/stage_tail_localised/segments/segment_01/attempt_1/worker_stdout.log,executed_research_artifact,3443,5cbc6e838b04fff93320c094388eece95e47869598ca737c6c922b55abc2bbd6,5cbc6e838b04fff93320c094388eece95e47869598ca737c6c922b55abc2bbd6,False,
Nuclear_Graphite_Stress_Surrogate/outputs/11_tail_aware_localised_symbolic/iteration_3/stages/stage_tail_localised/segments/segment_01/complete.json,outputs/11_tail_aware_localised_symbolic/iteration_3/stages/stage_tail_localised/segments/segment_01/complete.json,executed_research_artifact,138,d774e4394121d0995396e8fffe7b85fe7b45e3b37947b0772a330924872059d3,d774e4394121d0995396e8fffe7b85fe7b45e3b37947b0772a330924872059d3,False,
Nuclear_Graphite_Stress_Surrogate/outputs/11_tail_aware_localised_symbolic/iteration_3/stages/stage_tail_localised/segments/segment_01/frontier.csv,outputs/11_tail_aware_localised_symbolic/iteration_3/stages/stage_tail_localised/segments/segment_01/frontier.csv,executed_research_artifact,11899,34fbbab8386ec28797a0fff9abdd275d5eda12ecce29f2fd5080156dfa4fd6a7,34fbbab8386ec28797a0fff9abdd275d5eda12ecce29f2fd5080156dfa4fd6a7,False,
Nuclear_Graphite_Stress_Surrogate/outputs/11_tail_aware_localised_symbolic/iteration_3/stages/stage_tail_localised/segments/segment_01/watchdog_status.json,outputs/11_tail_aware_localised_symbolic/iteration_3/stages/stage_tail_localised/segments/segment_01/watchdog_status.json,executed_research_artifact,192,c462f76ec2d09b435bea8e1dd6cfec6497f5e87ddf1c394a4d8bb874dfa5a148,c462f76ec2d09b435bea8e1dd6cfec6497f5e87ddf1c394a4d8bb874dfa5a148,False,
Nuclear_Graphite_Stress_Surrogate/outputs/11_tail_aware_localised_symbolic/iteration_3/stages/stage_tail_localised/segments/segment_02/attempt_1/frontier.csv,outputs/11_tail_aware_localised_symbolic/iteration_3/stages/stage_tail_localised/segments/segment_02/attempt_1/frontier.csv,executed_research_artifact,13614,6bbd1941642ed458e64639d1e4ce5083ca3cd31c358ae6da7c6d3e0e8cf7e68d,6bbd1941642ed458e64639d1e4ce5083ca3cd31c358ae6da7c6d3e0e8cf7e68d,False,
Nuclear_Graphite_Stress_Surrogate/outputs/11_tail_aware_localised_symbolic/iteration_3/stages/stage_tail_localised/segments/segment_02/attempt_1/worker_status.json,outputs/11_tail_aware_localised_symbolic/iteration_3/stages/stage_tail_localised/segments/segment_02/attempt_1/worker_status.json,executed_research_artifact,364,67188522fbce5e715cc1b0e589448ea304aa5f51f38c92d6784b021fbcf074d9,67188522fbce5e715cc1b0e589448ea304aa5f51f38c92d6784b021fbcf074d9,False,
Nuclear_Graphite_Stress_Surrogate/outputs/11_tail_aware_localised_symbolic/iteration_3/stages/stage_tail_localised/segments/segment_02/attempt_1/worker_stderr.log,outputs/11_tail_aware_localised_symbolic/iteration_3/stages/stage_tail_localised/segments/segment_02/attempt_1/worker_stderr.log,executed_research_artifact,1486996,c4899e2909d7b3133315c72132839c9e6911066f28e8f84242d25d57f138a294,c4899e2909d7b3133315c72132839c9e6911066f28e8f84242d25d57f138a294,False,
Nuclear_Graphite_Stress_Surrogate/outputs/11_tail_aware_localised_symbolic/iteration_3/stages/stage_tail_localised/segments/segment_02/attempt_1/worker_stdout.log,outputs/11_tail_aware_localised_symbolic/iteration_3/stages/stage_tail_localised/segments/segment_02/attempt_1/worker_stdout.log,executed_research_artifact,3838,42c42f2e98fafcf7a41b4ff252e5f421ec36e2077948ede291accf07ab989df3,42c42f2e98fafcf7a41b4ff252e5f421ec36e2077948ede291accf07ab989df3,False,
Nuclear_Graphite_Stress_Surrogate/outputs/11_tail_aware_localised_symbolic/iteration_3/stages/stage_tail_localised/segments/segment_02/complete.json,outputs/11_tail_aware_localised_symbolic/iteration_3/stages/stage_tail_localised/segments/segment_02/complete.json,executed_research_artifact,138,334dcd6c2e41c0d2b9bab0c010668e85bfdf9230a2d63210df3f7029fd9a8239,334dcd6c2e41c0d2b9bab0c010668e85bfdf9230a2d63210df3f7029fd9a8239,False,
Nuclear_Graphite_Stress_Surrogate/outputs/11_tail_aware_localised_symbolic/iteration_3/stages/stage_tail_localised/segments/segment_02/frontier.csv,outputs/11_tail_aware_localised_symbolic/iteration_3/stages/stage_tail_localised/segments/segment_02/frontier.csv,executed_research_artifact,13669,ef84a39ae9418f990340635c6dafa2f237ab26b2daadda2f9e0ee271837a970f,ef84a39ae9418f990340635c6dafa2f237ab26b2daadda2f9e0ee271837a970f,False,
Nuclear_Graphite_Stress_Surrogate/outputs/11_tail_aware_localised_symbolic/iteration_3/stages/stage_tail_localised/segments/segment_02/watchdog_status.json,outputs/11_tail_aware_localised_symbolic/iteration_3/stages/stage_tail_localised/segments/segment_02/watchdog_status.json,executed_research_artifact,192,85897e964765f221c5c7a1dbf96dc9ec198f85b7f996d77bdb4d6842b97dec0c,85897e964765f221c5c7a1dbf96dc9ec198f85b7f996d77bdb4d6842b97dec0c,False,
Nuclear_Graphite_Stress_Surrogate/outputs/11_tail_aware_localised_symbolic/iteration_3/stages/stage_tail_localised/segments/segment_03/attempt_1/frontier.csv,outputs/11_tail_aware_localised_symbolic/iteration_3/stages/stage_tail_localised/segments/segment_03/attempt_1/frontier.csv,executed_research_artifact,12334,4ede5b8fe9edea863613629a023a41eaf1574b91053fe3226576dd15830010b9,4ede5b8fe9edea863613629a023a41eaf1574b91053fe3226576dd15830010b9,False,
Nuclear_Graphite_Stress_Surrogate/outputs/11_tail_aware_localised_symbolic/iteration_3/stages/stage_tail_localised/segments/segment_03/attempt_1/worker_status.json,outputs/11_tail_aware_localised_symbolic/iteration_3/stages/stage_tail_localised/segments/segment_03/attempt_1/worker_status.json,executed_research_artifact,364,cbae8d218efdc534802c2d730ade233039bc099a3e6e359f12b6149e1d55ee81,cbae8d218efdc534802c2d730ade233039bc099a3e6e359f12b6149e1d55ee81,False,
Nuclear_Graphite_Stress_Surrogate/outputs/11_tail_aware_localised_symbolic/iteration_3/stages/stage_tail_localised/segments/segment_03/attempt_1/worker_stderr.log,outputs/11_tail_aware_localised_symbolic/iteration_3/stages/stage_tail_localised/segments/segment_03/attempt_1/worker_stderr.log,executed_research_artifact,1586371,e892f1891c9c106a43da78101ef2af3f135386df59e412d509d770b04187c0bd,e892f1891c9c106a43da78101ef2af3f135386df59e412d509d770b04187c0bd,False,
Nuclear_Graphite_Stress_Surrogate/outputs/11_tail_aware_localised_symbolic/iteration_3/stages/stage_tail_localised/segments/segment_03/attempt_1/worker_stdout.log,outputs/11_tail_aware_localised_symbolic/iteration_3/stages/stage_tail_localised/segments/segment_03/attempt_1/worker_stdout.log,executed_research_artifact,3585,c6ed1c404f085f48c747efd51aea4e302074381d4a11e0f77a9b98d62ffbd696,c6ed1c404f085f48c747efd51aea4e302074381d4a11e0f77a9b98d62ffbd696,False,
Nuclear_Graphite_Stress_Surrogate/outputs/11_tail_aware_localised_symbolic/iteration_3/stages/stage_tail_localised/segments/segment_03/complete.json,outputs/11_tail_aware_localised_symbolic/iteration_3/stages/stage_tail_localised/segments/segment_03/complete.json,executed_research_artifact,138,ef9963d09869a98b8737c90258dff8e0e06669d280daa13abe1bd3e84149f41c,ef9963d09869a98b8737c90258dff8e0e06669d280daa13abe1bd3e84149f41c,False,
Nuclear_Graphite_Stress_Surrogate/outputs/11_tail_aware_localised_symbolic/iteration_3/stages/stage_tail_localised/segments/segment_03/frontier.csv,outputs/11_tail_aware_localised_symbolic/iteration_3/stages/stage_tail_localised/segments/segment_03/frontier.csv,executed_research_artifact,12391,a83c3a9d8f7a15d8ccf86be3d95f6700b5dccbab3ab8b6e1ca85f015ac7321c4,a83c3a9d8f7a15d8ccf86be3d95f6700b5dccbab3ab8b6e1ca85f015ac7321c4,False,
Nuclear_Graphite_Stress_Surrogate/outputs/11_tail_aware_localised_symbolic/iteration_3/stages/stage_tail_localised/segments/segment_03/watchdog_status.json,outputs/11_tail_aware_localised_symbolic/iteration_3/stages/stage_tail_localised/segments/segment_03/watchdog_status.json,executed_research_artifact,192,3f48ae578d2a572e3cd36f9033f67042a0c532c8e89f10a8727bb98c8de0701b,3f48ae578d2a572e3cd36f9033f67042a0c532c8e89f10a8727bb98c8de0701b,False,
Nuclear_Graphite_Stress_Surrogate/outputs/11_tail_aware_localised_symbolic/iteration_3/stages/stage_tail_localised/segments/segment_04/attempt_1/frontier.csv,outputs/11_tail_aware_localised_symbolic/iteration_3/stages/stage_tail_localised/segments/segment_04/attempt_1/frontier.csv,executed_research_artifact,10511,a3345f9697b50510d99c7f695894714e806d6b9f264a4ec2019927f5e542b8cc,a3345f9697b50510d99c7f695894714e806d6b9f264a4ec2019927f5e542b8cc,False,
Nuclear_Graphite_Stress_Surrogate/outputs/11_tail_aware_localised_symbolic/iteration_3/stages/stage_tail_localised/segments/segment_04/attempt_1/worker_status.json,outputs/11_tail_aware_localised_symbolic/iteration_3/stages/stage_tail_localised/segments/segment_04/attempt_1/worker_status.json,executed_research_artifact,364,8dd2764d9e3ea9d3aca74ce68037982f57e22890f9435ef1e7744a6fbfbbd617,8dd2764d9e3ea9d3aca74ce68037982f57e22890f9435ef1e7744a6fbfbbd617,False,
Nuclear_Graphite_Stress_Surrogate/outputs/11_tail_aware_localised_symbolic/iteration_3/stages/stage_tail_localised/segments/segment_04/attempt_1/worker_stderr.log,outputs/11_tail_aware_localised_symbolic/iteration_3/stages/stage_tail_localised/segments/segment_04/attempt_1/worker_stderr.log,executed_research_artifact,1387331,59137a0252d95dbb60dc0d0be37c4b1126207a114e8b42bd3574b6a45cea0dad,59137a0252d95dbb60dc0d0be37c4b1126207a114e8b42bd3574b6a45cea0dad,False,
Nuclear_Graphite_Stress_Surrogate/outputs/11_tail_aware_localised_symbolic/iteration_3/stages/stage_tail_localised/segments/segment_04/attempt_1/worker_stdout.log,outputs/11_tail_aware_localised_symbolic/iteration_3/stages/stage_tail_localised/segments/segment_04/attempt_1/worker_stdout.log,executed_research_artifact,3164,0fa6902889c0ff81783c3a023730bd34cd375e10e40d14d1928ee2c5be2701e2,0fa6902889c0ff81783c3a023730bd34cd375e10e40d14d1928ee2c5be2701e2,False,
Nuclear_Graphite_Stress_Surrogate/outputs/11_tail_aware_localised_symbolic/iteration_3/stages/stage_tail_localised/segments/segment_04/complete.json,outputs/11_tail_aware_localised_symbolic/iteration_3/stages/stage_tail_localised/segments/segment_04/complete.json,executed_research_artifact,138,d053e30677ecfb2c73db7d8b444e7fc02183dafb00ca71ef11c7749ba7074b4c,d053e30677ecfb2c73db7d8b444e7fc02183dafb00ca71ef11c7749ba7074b4c,False,
Nuclear_Graphite_Stress_Surrogate/outputs/11_tail_aware_localised_symbolic/iteration_3/stages/stage_tail_localised/segments/segment_04/frontier.csv,outputs/11_tail_aware_localised_symbolic/iteration_3/stages/stage_tail_localised/segments/segment_04/frontier.csv,executed_research_artifact,10567,902de02b70eca24949bf730466e0529b886e938233b4c621de4db06c32212ae5,902de02b70eca24949bf730466e0529b886e938233b4c621de4db06c32212ae5,False,
Nuclear_Graphite_Stress_Surrogate/outputs/11_tail_aware_localised_symbolic/iteration_3/stages/stage_tail_localised/segments/segment_04/watchdog_status.json,outputs/11_tail_aware_localised_symbolic/iteration_3/stages/stage_tail_localised/segments/segment_04/watchdog_status.json,executed_research_artifact,192,2d2676f3a8969dc67032538383d52088aaf92721d666bcb980388f3c521ca56c,2d2676f3a8969dc67032538383d52088aaf92721d666bcb980388f3c521ca56c,False,
Nuclear_Graphite_Stress_Surrogate/outputs/11_tail_aware_localised_symbolic/iteration_3/stages/stage_tail_localised/segments/segment_05/attempt_1/frontier.csv,outputs/11_tail_aware_localised_symbolic/iteration_3/stages/stage_tail_localised/segments/segment_05/attempt_1/frontier.csv,executed_research_artifact,10361,ca5f38d468e568aab4976c2616ba01f9a27a4fa2ed82c18364289bcc296b2a90,ca5f38d468e568aab4976c2616ba01f9a27a4fa2ed82c18364289bcc296b2a90,False,
Nuclear_Graphite_Stress_Surrogate/outputs/11_tail_aware_localised_symbolic/iteration_3/stages/stage_tail_localised/segments/segment_05/attempt_1/worker_status.json,outputs/11_tail_aware_localised_symbolic/iteration_3/stages/stage_tail_localised/segments/segment_05/attempt_1/worker_status.json,executed_research_artifact,363,1e28f020e401eed1c85891e30cd8009759dd4ac5cbb585f36d64fa446bda69de,1e28f020e401eed1c85891e30cd8009759dd4ac5cbb585f36d64fa446bda69de,False,
Nuclear_Graphite_Stress_Surrogate/outputs/11_tail_aware_localised_symbolic/iteration_3/stages/stage_tail_localised/segments/segment_05/attempt_1/worker_stderr.log,outputs/11_tail_aware_localised_symbolic/iteration_3/stages/stage_tail_localised/segments/segment_05/attempt_1/worker_stderr.log,executed_research_artifact,1518216,b330d74c9139e66f6b157cfa4539a9ff6181384d62345d8d5a5a7e2f4f7d4337,b330d74c9139e66f6b157cfa4539a9ff6181384d62345d8d5a5a7e2f4f7d4337,False,
Nuclear_Graphite_Stress_Surrogate/outputs/11_tail_aware_localised_symbolic/iteration_3/stages/stage_tail_localised/segments/segment_05/attempt_1/worker_stdout.log,outputs/11_tail_aware_localised_symbolic/iteration_3/stages/stage_tail_localised/segments/segment_05/attempt_1/worker_stdout.log,executed_research_artifact,3141,076fe9eefd8dc587dc255dcb54651abf16d23daf97166ffb1ec56b6e74e17dc3,076fe9eefd8dc587dc255dcb54651abf16d23daf97166ffb1ec56b6e74e17dc3,False,
Nuclear_Graphite_Stress_Surrogate/outputs/11_tail_aware_localised_symbolic/iteration_3/stages/stage_tail_localised/segments/segment_05/complete.json,outputs/11_tail_aware_localised_symbolic/iteration_3/stages/stage_tail_localised/segments/segment_05/complete.json,executed_research_artifact,138,b036496a2140fe2b50ce2f7151cb2f11e05751754afd34234de2443b50961908,b036496a2140fe2b50ce2f7151cb2f11e05751754afd34234de2443b50961908,False,
Nuclear_Graphite_Stress_Surrogate/outputs/11_tail_aware_localised_symbolic/iteration_3/stages/stage_tail_localised/segments/segment_05/frontier.csv,outputs/11_tail_aware_localised_symbolic/iteration_3/stages/stage_tail_localised/segments/segment_05/frontier.csv,executed_research_artifact,10418,2ee9594360fdbfd75a61d1b52a6e9a54fc7b944a47e80aeb8ee3b1028117a62e,2ee9594360fdbfd75a61d1b52a6e9a54fc7b944a47e80aeb8ee3b1028117a62e,False,
Nuclear_Graphite_Stress_Surrogate/outputs/11_tail_aware_localised_symbolic/iteration_3/stages/stage_tail_localised/segments/segment_05/watchdog_status.json,outputs/11_tail_aware_localised_symbolic/iteration_3/stages/stage_tail_localised/segments/segment_05/watchdog_status.json,executed_research_artifact,192,17a821d6bde8ec8fb9921169032701532e8ad5680801ef46c5d5abedc40591e4,17a821d6bde8ec8fb9921169032701532e8ad5680801ef46c5d5abedc40591e4,False,
Nuclear_Graphite_Stress_Surrogate/outputs/11_tail_aware_localised_symbolic/iteration_3/stages/stage_tail_localised/selected_formula.csv,outputs/11_tail_aware_localised_symbolic/iteration_3/stages/stage_tail_localised/selected_formula.csv,executed_research_artifact,3969,714a7df041c3867c6452a379e442002303b613695aba389aa0d299110ca03455,714a7df041c3867c6452a379e442002303b613695aba389aa0d299110ca03455,False,
Nuclear_Graphite_Stress_Surrogate/outputs/11_tail_aware_localised_symbolic/iteration_3/training_cache/cache_metadata.json,outputs/11_tail_aware_localised_symbolic/iteration_3/training_cache/cache_metadata.json,executed_research_artifact,5101,9741a7dcdcaedc7cfa8b2b638f5ceff4670ad19f6a3e800f837a431373d65512,9741a7dcdcaedc7cfa8b2b638f5ceff4670ad19f6a3e800f837a431373d65512,False,
Nuclear_Graphite_Stress_Surrogate/outputs/11_tail_aware_localised_symbolic/iteration_3/training_cache/hotspot_rbf_centres.csv,outputs/11_tail_aware_localised_symbolic/iteration_3/training_cache/hotspot_rbf_centres.csv,executed_research_artifact,566,3ee2342d98e0764630b05518c803a792e90a5309f36e45f0f13152c310d3eaa0,3ee2342d98e0764630b05518c803a792e90a5309f36e45f0f13152c310d3eaa0,False,
Nuclear_Graphite_Stress_Surrogate/outputs/11_tail_aware_localised_symbolic/iteration_3/training_cache/mean_calibration_model.json,outputs/11_tail_aware_localised_symbolic/iteration_3/training_cache/mean_calibration_model.json,executed_research_artifact,864,4c2ed3347ac941646a429bd9e7819e3656f46361713dd81281ad3c3a487d4085,4c2ed3347ac941646a429bd9e7819e3656f46361713dd81281ad3c3a487d4085,False,
Nuclear_Graphite_Stress_Surrogate/outputs/11_tail_aware_localised_symbolic/iteration_3/training_cache/mean_calibration_training_audit.csv,outputs/11_tail_aware_localised_symbolic/iteration_3/training_cache/mean_calibration_training_audit.csv,executed_research_artifact,8272,0dace96d1593af0efd2d2ad2bb75b34f232e1a847ce3c9c78e5b08a2ed7b887c,0dace96d1593af0efd2d2ad2bb75b34f232e1a847ce3c9c78e5b08a2ed7b887c,False,
Nuclear_Graphite_Stress_Surrogate/outputs/11_tail_aware_localised_symbolic/iteration_3/training_cache/tail_weight_audit.csv,outputs/11_tail_aware_localised_symbolic/iteration_3/training_cache/tail_weight_audit.csv,executed_research_artifact,293,876a8798c408fdcc268577ecc3a4277fbc9aee0d3d8247805340a6dfa4cb2157,876a8798c408fdcc268577ecc3a4277fbc9aee0d3d8247805340a6dfa4cb2157,False,
Nuclear_Graphite_Stress_Surrogate/outputs/11_tail_aware_localised_symbolic/iteration_3/training_cache/v11_centered_tail_target.npy,outputs/11_tail_aware_localised_symbolic/iteration_3/training_cache/v11_centered_tail_target.npy,executed_research_artifact,2380128,e67a4e9e556c540e7464b19a7eecc206b9dfabc22ef0031d1e73401e1035ca67,e67a4e9e556c540e7464b19a7eecc206b9dfabc22ef0031d1e73401e1035ca67,False,
Nuclear_Graphite_Stress_Surrogate/outputs/11_tail_aware_localised_symbolic/iteration_3/training_cache/v11_tail_features.npy,outputs/11_tail_aware_localised_symbolic/iteration_3/training_cache/v11_tail_features.npy,executed_research_artifact,95200128,e035f48c86cfd5f7d401b5c1b024e42396c0908c4ffd09a4eab29efbb8c7073f,e035f48c86cfd5f7d401b5c1b024e42396c0908c4ffd09a4eab29efbb8c7073f,False,
Nuclear_Graphite_Stress_Surrogate/outputs/11_tail_aware_localised_symbolic/iteration_3/training_cache/v11_tail_scaling.csv,outputs/11_tail_aware_localised_symbolic/iteration_3/training_cache/v11_tail_scaling.csv,executed_research_artifact,2837,faf762c96e6b34d71457670a1acab4b5de7f8ec8b740d87798613307c7cbaed6,faf762c96e6b34d71457670a1acab4b5de7f8ec8b740d87798613307c7cbaed6,False,
Nuclear_Graphite_Stress_Surrogate/outputs/11_tail_aware_localised_symbolic/iteration_3/training_cache/v11_tail_weights.npy,outputs/11_tail_aware_localised_symbolic/iteration_3/training_cache/v11_tail_weights.npy,executed_research_artifact,2380128,b4b5234406afe7f30feb8a577025d45bcedf0167197e07d89fa9f8143314a5e7,b4b5234406afe7f30feb8a577025d45bcedf0167197e07d89fa9f8143314a5e7,False,
Nuclear_Graphite_Stress_Surrogate/outputs/11_tail_aware_localised_symbolic/iteration_3/v10_input_hash_audit.csv,outputs/11_tail_aware_localised_symbolic/iteration_3/v10_input_hash_audit.csv,executed_research_artifact,2416,e74ab0cb63905cdb5ec36d41d02c9186cab2141c784df500c590b78ff386c2af,e74ab0cb63905cdb5ec36d41d02c9186cab2141c784df500c590b78ff386c2af,False,
Nuclear_Graphite_Stress_Surrogate/outputs/11_tail_aware_localised_symbolic/iteration_3/v11_selected_tail_adaptation.png,outputs/11_tail_aware_localised_symbolic/iteration_3/v11_selected_tail_adaptation.png,executed_research_artifact,94881,4c4b132674fc18432ea08702e5dc4e18710409e25f1737b5897b26d9ed2aa841,4c4b132674fc18432ea08702e5dc4e18710409e25f1737b5897b26d9ed2aa841,False,
Nuclear_Graphite_Stress_Surrogate/outputs/11_tail_aware_localised_symbolic/iteration_3/v11_validation_model_comparison.png,outputs/11_tail_aware_localised_symbolic/iteration_3/v11_validation_model_comparison.png,executed_research_artifact,87765,657e06e6852931a590ee0d7f2851121adc0e96dca7735e2a66f1555c28bf0eb6,657e06e6852931a590ee0d7f2851121adc0e96dca7735e2a66f1555c28bf0eb6,False,
Nuclear_Graphite_Stress_Surrogate/outputs/11_tail_aware_localised_symbolic/iteration_4/design_rationale.json,outputs/11_tail_aware_localised_symbolic/iteration_4/design_rationale.json,executed_research_artifact,712,e6563d3141a011b2c7534e292cbc11221fbe8f872cde6288f2ec5a2048f79fc8,e6563d3141a011b2c7534e292cbc11221fbe8f872cde6288f2ec5a2048f79fc8,False,
Nuclear_Graphite_Stress_Surrogate/outputs/11_tail_aware_localised_symbolic/iteration_4/feature_registry.csv,outputs/11_tail_aware_localised_symbolic/iteration_4/feature_registry.csv,executed_research_artifact,1941,22a5f35006f21f9bd0343a863db8e125241c6e727cd8141d771338c2fc8a5774,22a5f35006f21f9bd0343a863db8e125241c6e727cd8141d771338c2fc8a5774,False,
Nuclear_Graphite_Stress_Surrogate/outputs/11_tail_aware_localised_symbolic/iteration_4/pilot_complete.json,outputs/11_tail_aware_localised_symbolic/iteration_4/pilot_complete.json,executed_research_artifact,643,6a0d5dafdf9f66c1d1ad6acac9ca3f18bc09993a6617a313a3c9dd6a417e5bd6,6a0d5dafdf9f66c1d1ad6acac9ca3f18bc09993a6617a313a3c9dd6a417e5bd6,False,
Nuclear_Graphite_Stress_Surrogate/outputs/11_tail_aware_localised_symbolic/iteration_4/preflight_checks.csv,outputs/11_tail_aware_localised_symbolic/iteration_4/preflight_checks.csv,executed_research_artifact,4968,1be3417a922ffecc32977b26ab33f5dc9643638d455bd2ce8534235c1f33b48d,1be3417a922ffecc32977b26ab33f5dc9643638d455bd2ce8534235c1f33b48d,False,
Nuclear_Graphite_Stress_Surrogate/outputs/11_tail_aware_localised_symbolic/iteration_4/run_configuration.json,outputs/11_tail_aware_localised_symbolic/iteration_4/run_configuration.json,executed_research_artifact,532,ad092c05e903814996ea25a60a7b2ecadc0d249f5e624a3566c0a8e66a298c2b,ad092c05e903814996ea25a60a7b2ecadc0d249f5e624a3566c0a8e66a298c2b,False,
Nuclear_Graphite_Stress_Surrogate/outputs/11_tail_aware_localised_symbolic/iteration_4/run_status.json,outputs/11_tail_aware_localised_symbolic/iteration_4/run_status.json,executed_research_artifact,666,a3fb187a32ef539d1a1979e74a7e2120076728afca624dbc913553d5d49971fd,a3fb187a32ef539d1a1979e74a7e2120076728afca624dbc913553d5d49971fd,False,
Nuclear_Graphite_Stress_Surrogate/outputs/11_tail_aware_localised_symbolic/iteration_4/selected_composite_formula.csv,outputs/11_tail_aware_localised_symbolic/iteration_4/selected_composite_formula.csv,executed_research_artifact,2840,069ffc59c74836acb71fb6cf62f5261221904ebc9eb99656fd2c2447ef5873f8,069ffc59c74836acb71fb6cf62f5261221904ebc9eb99656fd2c2447ef5873f8,False,
Nuclear_Graphite_Stress_Surrogate/outputs/11_tail_aware_localised_symbolic/iteration_4/selected_composite_formula.txt,outputs/11_tail_aware_localised_symbolic/iteration_4/selected_composite_formula.txt,executed_research_artifact,7732,c911a6fdbebcea6acfa0bb7d12a8e9af6a2c2417a977c55fc3eb1781388a9ae9,c911a6fdbebcea6acfa0bb7d12a8e9af6a2c2417a977c55fc3eb1781388a9ae9,False,
Nuclear_Graphite_Stress_Surrogate/outputs/11_tail_aware_localised_symbolic/iteration_4/selected_models_case_metrics.csv.gz,outputs/11_tail_aware_localised_symbolic/iteration_4/selected_models_case_metrics.csv.gz,executed_research_artifact,14859,709f8bf603713a3c63d717e5062a90c32d99a4d6c1f00eecb67c3b8e006f260b,709f8bf603713a3c63d717e5062a90c32d99a4d6c1f00eecb67c3b8e006f260b,False,
Nuclear_Graphite_Stress_Surrogate/outputs/11_tail_aware_localised_symbolic/iteration_4/selected_models_split_metrics.csv,outputs/11_tail_aware_localised_symbolic/iteration_4/selected_models_split_metrics.csv,executed_research_artifact,2685,0289ab45bdb7a56e2a833f7866a7c2fdd4d0593f4c8d6f6e5110c28f4fff269e,0289ab45bdb7a56e2a833f7866a7c2fdd4d0593f4c8d6f6e5110c28f4fff269e,False,
Nuclear_Graphite_Stress_Surrogate/outputs/11_tail_aware_localised_symbolic/iteration_4/selected_models_tail_adaptation.csv,outputs/11_tail_aware_localised_symbolic/iteration_4/selected_models_tail_adaptation.csv,executed_research_artifact,1063,fa0c4ab99df1d9b327221bc7b9a3c47fd116c3541e5c557b7cf8f0a39d58e812,fa0c4ab99df1d9b327221bc7b9a3c47fd116c3541e5c557b7cf8f0a39d58e812,False,
Nuclear_Graphite_Stress_Surrogate/outputs/11_tail_aware_localised_symbolic/iteration_4/stages/stage_tail_localised/candidate_validation_metrics.csv,outputs/11_tail_aware_localised_symbolic/iteration_4/stages/stage_tail_localised/candidate_validation_metrics.csv,executed_research_artifact,41234,4e5ecfb5ae6e29c800807e0e9a1f326e1209aeb1089c96bebfdd3bad5f6222e6,4e5ecfb5ae6e29c800807e0e9a1f326e1209aeb1089c96bebfdd3bad5f6222e6,False,
Nuclear_Graphite_Stress_Surrogate/outputs/11_tail_aware_localised_symbolic/iteration_4/stages/stage_tail_localised/frontier.csv,outputs/11_tail_aware_localised_symbolic/iteration_4/stages/stage_tail_localised/frontier.csv,executed_research_artifact,32894,a40ee444cf94d1043e04c81aa9ab42b1506681936427cedb74a84f8c42e5944e,a40ee444cf94d1043e04c81aa9ab42b1506681936427cedb74a84f8c42e5944e,False,
Nuclear_Graphite_Stress_Surrogate/outputs/11_tail_aware_localised_symbolic/iteration_4/stages/stage_tail_localised/full_validation_shortlist.csv,outputs/11_tail_aware_localised_symbolic/iteration_4/stages/stage_tail_localised/full_validation_shortlist.csv,executed_research_artifact,29047,ee3a0f2d98cba64e506559d5e11c75f173bfd8170ca06ae4aead8852359cebfb,ee3a0f2d98cba64e506559d5e11c75f173bfd8170ca06ae4aead8852359cebfb,False,
Nuclear_Graphite_Stress_Surrogate/outputs/11_tail_aware_localised_symbolic/iteration_4/stages/stage_tail_localised/search_progress.json,outputs/11_tail_aware_localised_symbolic/iteration_4/stages/stage_tail_localised/search_progress.json,executed_research_artifact,299,ba2a38cbc53351ad06acf46328ca5d819a82a819b172c697aa2bf056e6aa2eab,ba2a38cbc53351ad06acf46328ca5d819a82a819b172c697aa2bf056e6aa2eab,False,
Nuclear_Graphite_Stress_Surrogate/outputs/11_tail_aware_localised_symbolic/iteration_4/stages/stage_tail_localised/search_signature.json,outputs/11_tail_aware_localised_symbolic/iteration_4/stages/stage_tail_localised/search_signature.json,executed_research_artifact,4723,e531a63939c46cbdb130a3c4eb4433b74d1577b065ac127e7ceef070676126c1,e531a63939c46cbdb130a3c4eb4433b74d1577b065ac127e7ceef070676126c1,False,
Nuclear_Graphite_Stress_Surrogate/outputs/11_tail_aware_localised_symbolic/iteration_4/stages/stage_tail_localised/search_state/pysr_runs/v11_i4_tail_aware_localised_residual/checkpoint.pkl,outputs/11_tail_aware_localised_symbolic/iteration_4/stages/stage_tail_localised/search_state/pysr_runs/v11_i4_tail_aware_localised_residual/checkpoint.pkl,executed_research_artifact,178612,11ba482fea3c89bbf672b682d39ff84bb47d814fc120483b974e31c93736b823,11ba482fea3c89bbf672b682d39ff84bb47d814fc120483b974e31c93736b823,False,
Nuclear_Graphite_Stress_Surrogate/outputs/11_tail_aware_localised_symbolic/iteration_4/stages/stage_tail_localised/search_state/pysr_runs/v11_i4_tail_aware_localised_residual/hall_of_fame.csv,outputs/11_tail_aware_localised_symbolic/iteration_4/stages/stage_tail_localised/search_state/pysr_runs/v11_i4_tail_aware_localised_residual/hall_of_fame.csv,executed_research_artifact,4526,a7b23a008c1ddab2e95d232bcddd385928734b98246e9fe189c2afba46eff8b5,a7b23a008c1ddab2e95d232bcddd385928734b98246e9fe189c2afba46eff8b5,False,
Nuclear_Graphite_Stress_Surrogate/outputs/11_tail_aware_localised_symbolic/iteration_4/stages/stage_tail_localised/search_state/pysr_runs/v11_i4_tail_aware_localised_residual/hall_of_fame.csv.bak,outputs/11_tail_aware_localised_symbolic/iteration_4/stages/stage_tail_localised/search_state/pysr_runs/v11_i4_tail_aware_localised_residual/hall_of_fame.csv.bak,executed_research_artifact,4526,a7b23a008c1ddab2e95d232bcddd385928734b98246e9fe189c2afba46eff8b5,a7b23a008c1ddab2e95d232bcddd385928734b98246e9fe189c2afba46eff8b5,False,
Nuclear_Graphite_Stress_Surrogate/outputs/11_tail_aware_localised_symbolic/iteration_4/stages/stage_tail_localised/search_state/stable_snapshots/segment_01/checkpoint.pkl,outputs/11_tail_aware_localised_symbolic/iteration_4/stages/stage_tail_localised/search_state/stable_snapshots/segment_01/checkpoint.pkl,executed_research_artifact,86233,6016a397c5fadf8ada3707ce8b39009defbaffc7b37961fe88bb0a11b85301a1,6016a397c5fadf8ada3707ce8b39009defbaffc7b37961fe88bb0a11b85301a1,False,
Nuclear_Graphite_Stress_Surrogate/outputs/11_tail_aware_localised_symbolic/iteration_4/stages/stage_tail_localised/search_state/stable_snapshots/segment_01/hall_of_fame.csv,outputs/11_tail_aware_localised_symbolic/iteration_4/stages/stage_tail_localised/search_state/stable_snapshots/segment_01/hall_of_fame.csv,executed_research_artifact,2091,3d9dba5b0e0126b523f924c4bf4588fe33ee075de0a0d01cda65f1fabde3ae3b,3d9dba5b0e0126b523f924c4bf4588fe33ee075de0a0d01cda65f1fabde3ae3b,False,
Nuclear_Graphite_Stress_Surrogate/outputs/11_tail_aware_localised_symbolic/iteration_4/stages/stage_tail_localised/search_state/stable_snapshots/segment_02/checkpoint.pkl,outputs/11_tail_aware_localised_symbolic/iteration_4/stages/stage_tail_localised/search_state/stable_snapshots/segment_02/checkpoint.pkl,executed_research_artifact,222346,2700c8f2f5c58d62bfa490c969e12e2d8852b7849bbf3623440b07ab2dcb33a5,2700c8f2f5c58d62bfa490c969e12e2d8852b7849bbf3623440b07ab2dcb33a5,False,
Nuclear_Graphite_Stress_Surrogate/outputs/11_tail_aware_localised_symbolic/iteration_4/stages/stage_tail_localised/search_state/stable_snapshots/segment_02/hall_of_fame.csv,outputs/11_tail_aware_localised_symbolic/iteration_4/stages/stage_tail_localised/search_state/stable_snapshots/segment_02/hall_of_fame.csv,executed_research_artifact,2726,78254936d6a99abf2f2dcaa34a2def6be431f852ba88bf6f339286c2b4691130,78254936d6a99abf2f2dcaa34a2def6be431f852ba88bf6f339286c2b4691130,False,
Nuclear_Graphite_Stress_Surrogate/outputs/11_tail_aware_localised_symbolic/iteration_4/stages/stage_tail_localised/search_state/stable_snapshots/segment_03/checkpoint.pkl,outputs/11_tail_aware_localised_symbolic/iteration_4/stages/stage_tail_localised/search_state/stable_snapshots/segment_03/checkpoint.pkl,executed_research_artifact,136698,068e0e11386875e059cfcd5ece45e56a49803dcd10f29cfeec52d20eeea695dd,068e0e11386875e059cfcd5ece45e56a49803dcd10f29cfeec52d20eeea695dd,False,
Nuclear_Graphite_Stress_Surrogate/outputs/11_tail_aware_localised_symbolic/iteration_4/stages/stage_tail_localised/search_state/stable_snapshots/segment_03/hall_of_fame.csv,outputs/11_tail_aware_localised_symbolic/iteration_4/stages/stage_tail_localised/search_state/stable_snapshots/segment_03/hall_of_fame.csv,executed_research_artifact,4080,61fc59c6f6e4001709c38abe948de78352b1dc9bc30d70d2747a75f705c1f53b,61fc59c6f6e4001709c38abe948de78352b1dc9bc30d70d2747a75f705c1f53b,False,
Nuclear_Graphite_Stress_Surrogate/outputs/11_tail_aware_localised_symbolic/iteration_4/stages/stage_tail_localised/search_state/stable_snapshots/segment_04/checkpoint.pkl,outputs/11_tail_aware_localised_symbolic/iteration_4/stages/stage_tail_localised/search_state/stable_snapshots/segment_04/checkpoint.pkl,executed_research_artifact,157951,eee622e45a26e66c16d4bc3b78f8e2b22f7096fb01e5345ebd57c082aaaf8cf2,eee622e45a26e66c16d4bc3b78f8e2b22f7096fb01e5345ebd57c082aaaf8cf2,False,
Nuclear_Graphite_Stress_Surrogate/outputs/11_tail_aware_localised_symbolic/iteration_4/stages/stage_tail_localised/search_state/stable_snapshots/segment_04/hall_of_fame.csv,outputs/11_tail_aware_localised_symbolic/iteration_4/stages/stage_tail_localised/search_state/stable_snapshots/segment_04/hall_of_fame.csv,executed_research_artifact,4493,4b2c8b7a98fb3b2a259fe5578df68f922957d6e9d8e792aac1c28bee9888299d,4b2c8b7a98fb3b2a259fe5578df68f922957d6e9d8e792aac1c28bee9888299d,False,
Nuclear_Graphite_Stress_Surrogate/outputs/11_tail_aware_localised_symbolic/iteration_4/stages/stage_tail_localised/search_state/stable_snapshots/segment_05/checkpoint.pkl,outputs/11_tail_aware_localised_symbolic/iteration_4/stages/stage_tail_localised/search_state/stable_snapshots/segment_05/checkpoint.pkl,executed_research_artifact,178612,11ba482fea3c89bbf672b682d39ff84bb47d814fc120483b974e31c93736b823,11ba482fea3c89bbf672b682d39ff84bb47d814fc120483b974e31c93736b823,False,
Nuclear_Graphite_Stress_Surrogate/outputs/11_tail_aware_localised_symbolic/iteration_4/stages/stage_tail_localised/search_state/stable_snapshots/segment_05/hall_of_fame.csv,outputs/11_tail_aware_localised_symbolic/iteration_4/stages/stage_tail_localised/search_state/stable_snapshots/segment_05/hall_of_fame.csv,executed_research_artifact,4526,a7b23a008c1ddab2e95d232bcddd385928734b98246e9fe189c2afba46eff8b5,a7b23a008c1ddab2e95d232bcddd385928734b98246e9fe189c2afba46eff8b5,False,
Nuclear_Graphite_Stress_Surrogate/outputs/11_tail_aware_localised_symbolic/iteration_4/stages/stage_tail_localised/segment_attempt_audit.csv,outputs/11_tail_aware_localised_symbolic/iteration_4/stages/stage_tail_localised/segment_attempt_audit.csv,executed_research_artifact,614,80652b02a8d1c299f76a53ac5733fcfe78476f079aa3d7e876636abd16c6a0bd,80652b02a8d1c299f76a53ac5733fcfe78476f079aa3d7e876636abd16c6a0bd,False,
Nuclear_Graphite_Stress_Surrogate/outputs/11_tail_aware_localised_symbolic/iteration_4/stages/stage_tail_localised/segments/segment_01/attempt_1/frontier.csv,outputs/11_tail_aware_localised_symbolic/iteration_4/stages/stage_tail_localised/segments/segment_01/attempt_1/frontier.csv,executed_research_artifact,13734,df7b1c209dc10b1d1c3e0643a077f507d98ec64271fcebd00511e37f291f010e,df7b1c209dc10b1d1c3e0643a077f507d98ec64271fcebd00511e37f291f010e,False,
Nuclear_Graphite_Stress_Surrogate/outputs/11_tail_aware_localised_symbolic/iteration_4/stages/stage_tail_localised/segments/segment_01/attempt_1/worker_status.json,outputs/11_tail_aware_localised_symbolic/iteration_4/stages/stage_tail_localised/segments/segment_01/attempt_1/worker_status.json,executed_research_artifact,355,56795fc2a32e46c6c1ed098be1255c614689d4e3e43c32b8099b037c00371e68,56795fc2a32e46c6c1ed098be1255c614689d4e3e43c32b8099b037c00371e68,False,
Nuclear_Graphite_Stress_Surrogate/outputs/11_tail_aware_localised_symbolic/iteration_4/stages/stage_tail_localised/segments/segment_01/attempt_1/worker_stderr.log,outputs/11_tail_aware_localised_symbolic/iteration_4/stages/stage_tail_localised/segments/segment_01/attempt_1/worker_stderr.log,executed_research_artifact,1626860,7e5ac96d35fa79288d97e0243d0dc962aa552a91ee06053a51d41848a84ad39c,7e5ac96d35fa79288d97e0243d0dc962aa552a91ee06053a51d41848a84ad39c,False,
Nuclear_Graphite_Stress_Surrogate/outputs/11_tail_aware_localised_symbolic/iteration_4/stages/stage_tail_localised/segments/segment_01/attempt_1/worker_stdout.log,outputs/11_tail_aware_localised_symbolic/iteration_4/stages/stage_tail_localised/segments/segment_01/attempt_1/worker_stdout.log,executed_research_artifact,3424,fdda0ff53c7159418c35a448ca41b788033908fe70182c6e2d2006be0b92a0bd,fdda0ff53c7159418c35a448ca41b788033908fe70182c6e2d2006be0b92a0bd,False,
Nuclear_Graphite_Stress_Surrogate/outputs/11_tail_aware_localised_symbolic/iteration_4/stages/stage_tail_localised/segments/segment_01/complete.json,outputs/11_tail_aware_localised_symbolic/iteration_4/stages/stage_tail_localised/segments/segment_01/complete.json,executed_research_artifact,138,970f945cf15ec99175e1c2fcc7fd3f89fd797567f4e69602b59ad2799daef74c,970f945cf15ec99175e1c2fcc7fd3f89fd797567f4e69602b59ad2799daef74c,False,
Nuclear_Graphite_Stress_Surrogate/outputs/11_tail_aware_localised_symbolic/iteration_4/stages/stage_tail_localised/segments/segment_01/frontier.csv,outputs/11_tail_aware_localised_symbolic/iteration_4/stages/stage_tail_localised/segments/segment_01/frontier.csv,executed_research_artifact,13789,f94f475208e90a2fe92a7cdf4d2a04340b78d4665889fa797e9a36461bd6b2e1,f94f475208e90a2fe92a7cdf4d2a04340b78d4665889fa797e9a36461bd6b2e1,False,
Nuclear_Graphite_Stress_Surrogate/outputs/11_tail_aware_localised_symbolic/iteration_4/stages/stage_tail_localised/segments/segment_01/watchdog_status.json,outputs/11_tail_aware_localised_symbolic/iteration_4/stages/stage_tail_localised/segments/segment_01/watchdog_status.json,executed_research_artifact,190,e0d898fad015223900bcf76ef38660577a51d65d8fb0500b8a768b6503a0c72e,e0d898fad015223900bcf76ef38660577a51d65d8fb0500b8a768b6503a0c72e,False,
Nuclear_Graphite_Stress_Surrogate/outputs/11_tail_aware_localised_symbolic/iteration_4/stages/stage_tail_localised/segments/segment_02/attempt_1/frontier.csv,outputs/11_tail_aware_localised_symbolic/iteration_4/stages/stage_tail_localised/segments/segment_02/attempt_1/frontier.csv,executed_research_artifact,18510,1bac695bbd7fd5022f2a26ec05c9bcee14ac8b00992878034cb73e418714f85f,1bac695bbd7fd5022f2a26ec05c9bcee14ac8b00992878034cb73e418714f85f,False,
Nuclear_Graphite_Stress_Surrogate/outputs/11_tail_aware_localised_symbolic/iteration_4/stages/stage_tail_localised/segments/segment_02/attempt_1/worker_status.json,outputs/11_tail_aware_localised_symbolic/iteration_4/stages/stage_tail_localised/segments/segment_02/attempt_1/worker_status.json,executed_research_artifact,364,50facae477c693d212e38cbff5667022febe8f957fd891ea2f0e8759e3b1a77f,50facae477c693d212e38cbff5667022febe8f957fd891ea2f0e8759e3b1a77f,False,
Nuclear_Graphite_Stress_Surrogate/outputs/11_tail_aware_localised_symbolic/iteration_4/stages/stage_tail_localised/segments/segment_02/attempt_1/worker_stderr.log,outputs/11_tail_aware_localised_symbolic/iteration_4/stages/stage_tail_localised/segments/segment_02/attempt_1/worker_stderr.log,executed_research_artifact,1728738,d302968fbafd660e270f8d0347bb63b24b280b074224de0de8d48cb39fbb7955,d302968fbafd660e270f8d0347bb63b24b280b074224de0de8d48cb39fbb7955,False,
Nuclear_Graphite_Stress_Surrogate/outputs/11_tail_aware_localised_symbolic/iteration_4/stages/stage_tail_localised/segments/segment_02/attempt_1/worker_stdout.log,outputs/11_tail_aware_localised_symbolic/iteration_4/stages/stage_tail_localised/segments/segment_02/attempt_1/worker_stdout.log,executed_research_artifact,4339,064491a0448828d9a778d9b1a2c1b0dfcfeff13895b5b0c18f04aaa0b3e4177b,064491a0448828d9a778d9b1a2c1b0dfcfeff13895b5b0c18f04aaa0b3e4177b,False,
Nuclear_Graphite_Stress_Surrogate/outputs/11_tail_aware_localised_symbolic/iteration_4/stages/stage_tail_localised/segments/segment_02/complete.json,outputs/11_tail_aware_localised_symbolic/iteration_4/stages/stage_tail_localised/segments/segment_02/complete.json,executed_research_artifact,138,dfe10aceb38e1c15e9252a6896e2dfbb399da795214fdbeb7c92401fd026e5a7,dfe10aceb38e1c15e9252a6896e2dfbb399da795214fdbeb7c92401fd026e5a7,False,
Nuclear_Graphite_Stress_Surrogate/outputs/11_tail_aware_localised_symbolic/iteration_4/stages/stage_tail_localised/segments/segment_02/frontier.csv,outputs/11_tail_aware_localised_symbolic/iteration_4/stages/stage_tail_localised/segments/segment_02/frontier.csv,executed_research_artifact,18568,522a90f200c7a94da35d4d1920fb0d15c9ca3fb019fa1c1bcd7e873a7f6616f7,522a90f200c7a94da35d4d1920fb0d15c9ca3fb019fa1c1bcd7e873a7f6616f7,False,
Nuclear_Graphite_Stress_Surrogate/outputs/11_tail_aware_localised_symbolic/iteration_4/stages/stage_tail_localised/segments/segment_02/watchdog_status.json,outputs/11_tail_aware_localised_symbolic/iteration_4/stages/stage_tail_localised/segments/segment_02/watchdog_status.json,executed_research_artifact,191,f58cfe8266c82c4b80945947e5975dafd8b4c1d9630b37e7e573479e61a6beea,f58cfe8266c82c4b80945947e5975dafd8b4c1d9630b37e7e573479e61a6beea,False,
Nuclear_Graphite_Stress_Surrogate/outputs/11_tail_aware_localised_symbolic/iteration_4/stages/stage_tail_localised/segments/segment_03/attempt_1/frontier.csv,outputs/11_tail_aware_localised_symbolic/iteration_4/stages/stage_tail_localised/segments/segment_03/attempt_1/frontier.csv,executed_research_artifact,26199,fc231a7ce6b6e180810caa33b81711daec74dc8679e774b846b133a82c7658ff,fc231a7ce6b6e180810caa33b81711daec74dc8679e774b846b133a82c7658ff,False,
Nuclear_Graphite_Stress_Surrogate/outputs/11_tail_aware_localised_symbolic/iteration_4/stages/stage_tail_localised/segments/segment_03/attempt_1/worker_status.json,outputs/11_tail_aware_localised_symbolic/iteration_4/stages/stage_tail_localised/segments/segment_03/attempt_1/worker_status.json,executed_research_artifact,364,16a96c4e00ae3b94f2acb5c6115ec3f7bbe40bc3e9065861a3ff9ec89f296c77,16a96c4e00ae3b94f2acb5c6115ec3f7bbe40bc3e9065861a3ff9ec89f296c77,False,
Nuclear_Graphite_Stress_Surrogate/outputs/11_tail_aware_localised_symbolic/iteration_4/stages/stage_tail_localised/segments/segment_03/attempt_1/worker_stderr.log,outputs/11_tail_aware_localised_symbolic/iteration_4/stages/stage_tail_localised/segments/segment_03/attempt_1/worker_stderr.log,executed_research_artifact,2342510,9d7e057038750effe0e33710ba4c71758c1e6478e0074d588218e94867611b8c,9d7e057038750effe0e33710ba4c71758c1e6478e0074d588218e94867611b8c,False,
Nuclear_Graphite_Stress_Surrogate/outputs/11_tail_aware_localised_symbolic/iteration_4/stages/stage_tail_localised/segments/segment_03/attempt_1/worker_stdout.log,outputs/11_tail_aware_localised_symbolic/iteration_4/stages/stage_tail_localised/segments/segment_03/attempt_1/worker_stdout.log,executed_research_artifact,6109,579ba2236d8d56e262f59b5d4bd97ecf9c53a9c6150b4a26cd755a38f8071b65,579ba2236d8d56e262f59b5d4bd97ecf9c53a9c6150b4a26cd755a38f8071b65,False,
Nuclear_Graphite_Stress_Surrogate/outputs/11_tail_aware_localised_symbolic/iteration_4/stages/stage_tail_localised/segments/segment_03/complete.json,outputs/11_tail_aware_localised_symbolic/iteration_4/stages/stage_tail_localised/segments/segment_03/complete.json,executed_research_artifact,137,bc6c8922062772ca8e9b21a9d43c547b89fcecb124bbaf254c92ea7c1200dd86,bc6c8922062772ca8e9b21a9d43c547b89fcecb124bbaf254c92ea7c1200dd86,False,
Nuclear_Graphite_Stress_Surrogate/outputs/11_tail_aware_localised_symbolic/iteration_4/stages/stage_tail_localised/segments/segment_03/frontier.csv,outputs/11_tail_aware_localised_symbolic/iteration_4/stages/stage_tail_localised/segments/segment_03/frontier.csv,executed_research_artifact,26260,c8c709d169533478bc43b7e6116f9151b72118010d67f45fcecb1089e19bd9b3,c8c709d169533478bc43b7e6116f9151b72118010d67f45fcecb1089e19bd9b3,False,
Nuclear_Graphite_Stress_Surrogate/outputs/11_tail_aware_localised_symbolic/iteration_4/stages/stage_tail_localised/segments/segment_03/watchdog_status.json,outputs/11_tail_aware_localised_symbolic/iteration_4/stages/stage_tail_localised/segments/segment_03/watchdog_status.json,executed_research_artifact,191,7c59ffb48a0a557f64c2fac2c8387f2bd14c15d0ff992e635360cec6e1334512,7c59ffb48a0a557f64c2fac2c8387f2bd14c15d0ff992e635360cec6e1334512,False,
Nuclear_Graphite_Stress_Surrogate/outputs/11_tail_aware_localised_symbolic/iteration_4/stages/stage_tail_localised/segments/segment_04/attempt_1/frontier.csv,outputs/11_tail_aware_localised_symbolic/iteration_4/stages/stage_tail_localised/segments/segment_04/attempt_1/frontier.csv,executed_research_artifact,30763,1431970013d018003039f5542164e849b55d6dbf94e96bc3b19be8089bb18b5e,1431970013d018003039f5542164e849b55d6dbf94e96bc3b19be8089bb18b5e,False,
Nuclear_Graphite_Stress_Surrogate/outputs/11_tail_aware_localised_symbolic/iteration_4/stages/stage_tail_localised/segments/segment_04/attempt_1/worker_status.json,outputs/11_tail_aware_localised_symbolic/iteration_4/stages/stage_tail_localised/segments/segment_04/attempt_1/worker_status.json,executed_research_artifact,364,be6a4566716068b6225418b03a15965ff5c47e313588783b1eaac4cdcaa31b05,be6a4566716068b6225418b03a15965ff5c47e313588783b1eaac4cdcaa31b05,False,
Nuclear_Graphite_Stress_Surrogate/outputs/11_tail_aware_localised_symbolic/iteration_4/stages/stage_tail_localised/segments/segment_04/attempt_1/worker_stderr.log,outputs/11_tail_aware_localised_symbolic/iteration_4/stages/stage_tail_localised/segments/segment_04/attempt_1/worker_stderr.log,executed_research_artifact,3274255,89ca30024180ece8b04d1dad6d629bd099cc69fa828329ec1bddd24971dd8dde,89ca30024180ece8b04d1dad6d629bd099cc69fa828329ec1bddd24971dd8dde,False,
Nuclear_Graphite_Stress_Surrogate/outputs/11_tail_aware_localised_symbolic/iteration_4/stages/stage_tail_localised/segments/segment_04/attempt_1/worker_stdout.log,outputs/11_tail_aware_localised_symbolic/iteration_4/stages/stage_tail_localised/segments/segment_04/attempt_1/worker_stdout.log,executed_research_artifact,6749,d9354388516b6b29532f040babf0c7d7f517fcaa975fb4b3aa3dec8d2efd5c5c,d9354388516b6b29532f040babf0c7d7f517fcaa975fb4b3aa3dec8d2efd5c5c,False,
Nuclear_Graphite_Stress_Surrogate/outputs/11_tail_aware_localised_symbolic/iteration_4/stages/stage_tail_localised/segments/segment_04/complete.json,outputs/11_tail_aware_localised_symbolic/iteration_4/stages/stage_tail_localised/segments/segment_04/complete.json,executed_research_artifact,138,6757ea75a06c03cdfe2fb7bd91f5a4d13b4993d60495aa54871795cfaf1a2506,6757ea75a06c03cdfe2fb7bd91f5a4d13b4993d60495aa54871795cfaf1a2506,False,
Nuclear_Graphite_Stress_Surrogate/outputs/11_tail_aware_localised_symbolic/iteration_4/stages/stage_tail_localised/segments/segment_04/frontier.csv,outputs/11_tail_aware_localised_symbolic/iteration_4/stages/stage_tail_localised/segments/segment_04/frontier.csv,executed_research_artifact,30839,48028a62f3adee6a1f3088a69e581448ac904b66f00bc6d4c8230ea59b10a652,48028a62f3adee6a1f3088a69e581448ac904b66f00bc6d4c8230ea59b10a652,False,
Nuclear_Graphite_Stress_Surrogate/outputs/11_tail_aware_localised_symbolic/iteration_4/stages/stage_tail_localised/segments/segment_04/watchdog_status.json,outputs/11_tail_aware_localised_symbolic/iteration_4/stages/stage_tail_localised/segments/segment_04/watchdog_status.json,executed_research_artifact,191,e7f9bda1fa45904e6ab3d1cc1acddab8e657ae8adbf8e50d9e3181442ab67554,e7f9bda1fa45904e6ab3d1cc1acddab8e657ae8adbf8e50d9e3181442ab67554,False,
Nuclear_Graphite_Stress_Surrogate/outputs/11_tail_aware_localised_symbolic/iteration_4/stages/stage_tail_localised/segments/segment_05/attempt_1/frontier.csv,outputs/11_tail_aware_localised_symbolic/iteration_4/stages/stage_tail_localised/segments/segment_05/attempt_1/frontier.csv,executed_research_artifact,32089,3eb4fad2eae6bce2d21e7a095caa22d3ac5ceee9e72873e22fbe51a89421800f,3eb4fad2eae6bce2d21e7a095caa22d3ac5ceee9e72873e22fbe51a89421800f,False,
Nuclear_Graphite_Stress_Surrogate/outputs/11_tail_aware_localised_symbolic/iteration_4/stages/stage_tail_localised/segments/segment_05/attempt_1/worker_status.json,outputs/11_tail_aware_localised_symbolic/iteration_4/stages/stage_tail_localised/segments/segment_05/attempt_1/worker_status.json,executed_research_artifact,364,c03778b2ffb95ff629a6433a52085cef689faa446e9c3f8b972867a0d7b9d80b,c03778b2ffb95ff629a6433a52085cef689faa446e9c3f8b972867a0d7b9d80b,False,
Nuclear_Graphite_Stress_Surrogate/outputs/11_tail_aware_localised_symbolic/iteration_4/stages/stage_tail_localised/segments/segment_05/attempt_1/worker_stderr.log,outputs/11_tail_aware_localised_symbolic/iteration_4/stages/stage_tail_localised/segments/segment_05/attempt_1/worker_stderr.log,executed_research_artifact,3688159,439253a29daed7d56290bc153771d0533cb76aa33478f253d9acaa22326f76bf,439253a29daed7d56290bc153771d0533cb76aa33478f253d9acaa22326f76bf,False,
Nuclear_Graphite_Stress_Surrogate/outputs/11_tail_aware_localised_symbolic/iteration_4/stages/stage_tail_localised/segments/segment_05/attempt_1/worker_stdout.log,outputs/11_tail_aware_localised_symbolic/iteration_4/stages/stage_tail_localised/segments/segment_05/attempt_1/worker_stdout.log,executed_research_artifact,6839,6df4378e6c5a20731bfe6aaacf3cad425e7fd6a96c6e03255a06825c99e33165,6df4378e6c5a20731bfe6aaacf3cad425e7fd6a96c6e03255a06825c99e33165,False,
Nuclear_Graphite_Stress_Surrogate/outputs/11_tail_aware_localised_symbolic/iteration_4/stages/stage_tail_localised/segments/segment_05/complete.json,outputs/11_tail_aware_localised_symbolic/iteration_4/stages/stage_tail_localised/segments/segment_05/complete.json,executed_research_artifact,138,708ad032811fb9fffab21dc8a61e0ce523e7130f244288959a89bbfb50916784,708ad032811fb9fffab21dc8a61e0ce523e7130f244288959a89bbfb50916784,False,
Nuclear_Graphite_Stress_Surrogate/outputs/11_tail_aware_localised_symbolic/iteration_4/stages/stage_tail_localised/segments/segment_05/frontier.csv,outputs/11_tail_aware_localised_symbolic/iteration_4/stages/stage_tail_localised/segments/segment_05/frontier.csv,executed_research_artifact,32172,3a93746133c9cb974d7bc27033b55b5e4b3c2984e0e123d3b1dfd1ca18d177ef,3a93746133c9cb974d7bc27033b55b5e4b3c2984e0e123d3b1dfd1ca18d177ef,False,
Nuclear_Graphite_Stress_Surrogate/outputs/11_tail_aware_localised_symbolic/iteration_4/stages/stage_tail_localised/segments/segment_05/watchdog_status.json,outputs/11_tail_aware_localised_symbolic/iteration_4/stages/stage_tail_localised/segments/segment_05/watchdog_status.json,executed_research_artifact,191,e3644d8fc1b1b3daf6a936177dab2368fd96fc7d6b2d7eee7f9e102bb6b255a3,e3644d8fc1b1b3daf6a936177dab2368fd96fc7d6b2d7eee7f9e102bb6b255a3,False,
Nuclear_Graphite_Stress_Surrogate/outputs/11_tail_aware_localised_symbolic/iteration_4/stages/stage_tail_localised/selected_formula.csv,outputs/11_tail_aware_localised_symbolic/iteration_4/stages/stage_tail_localised/selected_formula.csv,executed_research_artifact,2465,c45f026d91cc6057952aa25023113dfb7f1b015691c83c829cbd7bf45c706cae,c45f026d91cc6057952aa25023113dfb7f1b015691c83c829cbd7bf45c706cae,False,
Nuclear_Graphite_Stress_Surrogate/outputs/11_tail_aware_localised_symbolic/iteration_4/training_cache/cache_metadata.json,outputs/11_tail_aware_localised_symbolic/iteration_4/training_cache/cache_metadata.json,executed_research_artifact,5113,5037d46027382d0b86a6560bf7318f5678ffeebb734f5eae85dae40dd7440dd7,5037d46027382d0b86a6560bf7318f5678ffeebb734f5eae85dae40dd7440dd7,False,
Nuclear_Graphite_Stress_Surrogate/outputs/11_tail_aware_localised_symbolic/iteration_4/training_cache/hotspot_rbf_centres.csv,outputs/11_tail_aware_localised_symbolic/iteration_4/training_cache/hotspot_rbf_centres.csv,executed_research_artifact,578,bb5b7974f14686b8e39d4a7ef2ab886a101ffe0c1b8b52a4128788ad50f3e68e,bb5b7974f14686b8e39d4a7ef2ab886a101ffe0c1b8b52a4128788ad50f3e68e,False,
Nuclear_Graphite_Stress_Surrogate/outputs/11_tail_aware_localised_symbolic/iteration_4/training_cache/mean_calibration_model.json,outputs/11_tail_aware_localised_symbolic/iteration_4/training_cache/mean_calibration_model.json,executed_research_artifact,881,ae6a01470710d15b24b3033fb689d57b625ee9c009ae958bb15fe66184f2116c,ae6a01470710d15b24b3033fb689d57b625ee9c009ae958bb15fe66184f2116c,False,
Nuclear_Graphite_Stress_Surrogate/outputs/11_tail_aware_localised_symbolic/iteration_4/training_cache/mean_calibration_training_audit.csv,outputs/11_tail_aware_localised_symbolic/iteration_4/training_cache/mean_calibration_training_audit.csv,executed_research_artifact,8294,f1d37ddac27340dcf4ef806186cc3b257bad9da4037b04112fc021908b8bd803,f1d37ddac27340dcf4ef806186cc3b257bad9da4037b04112fc021908b8bd803,False,
Nuclear_Graphite_Stress_Surrogate/outputs/11_tail_aware_localised_symbolic/iteration_4/training_cache/tail_weight_audit.csv,outputs/11_tail_aware_localised_symbolic/iteration_4/training_cache/tail_weight_audit.csv,executed_research_artifact,293,fc2a6141002451bea50c3313d1e97d033cf6e1c75e7febe2e329e86d66c94a4e,fc2a6141002451bea50c3313d1e97d033cf6e1c75e7febe2e329e86d66c94a4e,False,
Nuclear_Graphite_Stress_Surrogate/outputs/11_tail_aware_localised_symbolic/iteration_4/training_cache/v11_centered_tail_target.npy,outputs/11_tail_aware_localised_symbolic/iteration_4/training_cache/v11_centered_tail_target.npy,executed_research_artifact,2380128,58d7ab4c83e07fb263a72469b9de5c541943f6067673328e9ec352a83a149694,58d7ab4c83e07fb263a72469b9de5c541943f6067673328e9ec352a83a149694,False,
Nuclear_Graphite_Stress_Surrogate/outputs/11_tail_aware_localised_symbolic/iteration_4/training_cache/v11_tail_features.npy,outputs/11_tail_aware_localised_symbolic/iteration_4/training_cache/v11_tail_features.npy,executed_research_artifact,95200128,572ddd51024d99a5c6586a9bddbd34ae3a19999a9fd392f064e1a51a6f75ecc6,572ddd51024d99a5c6586a9bddbd34ae3a19999a9fd392f064e1a51a6f75ecc6,False,
Nuclear_Graphite_Stress_Surrogate/outputs/11_tail_aware_localised_symbolic/iteration_4/training_cache/v11_tail_scaling.csv,outputs/11_tail_aware_localised_symbolic/iteration_4/training_cache/v11_tail_scaling.csv,executed_research_artifact,2833,fdd4cebdbb8989400684bda45ea5346736ffdadd9cda3489f481d52435bcf3d5,fdd4cebdbb8989400684bda45ea5346736ffdadd9cda3489f481d52435bcf3d5,False,
Nuclear_Graphite_Stress_Surrogate/outputs/11_tail_aware_localised_symbolic/iteration_4/training_cache/v11_tail_weights.npy,outputs/11_tail_aware_localised_symbolic/iteration_4/training_cache/v11_tail_weights.npy,executed_research_artifact,2380128,bd3dc7ed432ca420363c9b60303c55325eb85f174be8574fc72ee7b0f6546bcb,bd3dc7ed432ca420363c9b60303c55325eb85f174be8574fc72ee7b0f6546bcb,False,
Nuclear_Graphite_Stress_Surrogate/outputs/11_tail_aware_localised_symbolic/iteration_4/v10_input_hash_audit.csv,outputs/11_tail_aware_localised_symbolic/iteration_4/v10_input_hash_audit.csv,executed_research_artifact,2416,464d1e57292b12a8d0a956fbf396c04423e23e860618d5c30e07d2bbc7f2c16b,464d1e57292b12a8d0a956fbf396c04423e23e860618d5c30e07d2bbc7f2c16b,False,
Nuclear_Graphite_Stress_Surrogate/outputs/11_tail_aware_localised_symbolic/iteration_4/v11_selected_tail_adaptation.png,outputs/11_tail_aware_localised_symbolic/iteration_4/v11_selected_tail_adaptation.png,executed_research_artifact,91926,6425e05f1bb503d916badffc71a4fd70593119d49d92c3b75915eefc623b0cd9,6425e05f1bb503d916badffc71a4fd70593119d49d92c3b75915eefc623b0cd9,False,
Nuclear_Graphite_Stress_Surrogate/outputs/11_tail_aware_localised_symbolic/iteration_4/v11_validation_model_comparison.png,outputs/11_tail_aware_localised_symbolic/iteration_4/v11_validation_model_comparison.png,executed_research_artifact,63043,8b00f90db7531ff504b3a45205d55039011e21a91227ecf188faa55f6a1cd68d,8b00f90db7531ff504b3a45205d55039011e21a91227ecf188faa55f6a1cd68d,False,
Nuclear_Graphite_Stress_Surrogate/outputs/12_v11_gain_stability_audit/iteration_1/audit_complete.json,outputs/12_v11_gain_stability_audit/iteration_1/audit_complete.json,executed_research_artifact,708,8e83e59552f1c6c0ec0ab5e1e89107f5fc106f8f9169bcba47bb9531ff092e17,8e83e59552f1c6c0ec0ab5e1e89107f5fc106f8f9169bcba47bb9531ff092e17,False,
Nuclear_Graphite_Stress_Surrogate/outputs/12_v11_gain_stability_audit/iteration_1/audit_signature.json,outputs/12_v11_gain_stability_audit/iteration_1/audit_signature.json,executed_research_artifact,2328,c0ce9ae6a5544e0d0d7548843d55c1894705046adefc1587a8e13fd0354c465b,c0ce9ae6a5544e0d0d7548843d55c1894705046adefc1587a8e13fd0354c465b,False,
Nuclear_Graphite_Stress_Surrogate/outputs/12_v11_gain_stability_audit/iteration_1/case_cache/internal_test/case_06.csv,outputs/12_v11_gain_stability_audit/iteration_1/case_cache/internal_test/case_06.csv,executed_research_artifact,3661,3f08c4efee9742da6b6f035e49a56424d16931969aac1979809fea2ff74c47ea,3f08c4efee9742da6b6f035e49a56424d16931969aac1979809fea2ff74c47ea,False,
Nuclear_Graphite_Stress_Surrogate/outputs/12_v11_gain_stability_audit/iteration_1/case_cache/internal_test/case_102.csv,outputs/12_v11_gain_stability_audit/iteration_1/case_cache/internal_test/case_102.csv,executed_research_artifact,3633,1d592dd9d74a1dabfeb6cb733a3eab689dcf2d9309680356d7ee099c399addac,1d592dd9d74a1dabfeb6cb733a3eab689dcf2d9309680356d7ee099c399addac,False,
Nuclear_Graphite_Stress_Surrogate/outputs/12_v11_gain_stability_audit/iteration_1/case_cache/internal_test/case_117.csv,outputs/12_v11_gain_stability_audit/iteration_1/case_cache/internal_test/case_117.csv,executed_research_artifact,3668,6db1d997c3549afe9ace1429dd0a035a626e9fca7a74e7f8ec7571ce2d6918c1,6db1d997c3549afe9ace1429dd0a035a626e9fca7a74e7f8ec7571ce2d6918c1,False,
Nuclear_Graphite_Stress_Surrogate/outputs/12_v11_gain_stability_audit/iteration_1/case_cache/internal_test/case_147.csv,outputs/12_v11_gain_stability_audit/iteration_1/case_cache/internal_test/case_147.csv,executed_research_artifact,3680,f927ebc18ced44432f9b2cce2df5b9054de365769da0cfb3491a7b27a456f49b,f927ebc18ced44432f9b2cce2df5b9054de365769da0cfb3491a7b27a456f49b,False,
Nuclear_Graphite_Stress_Surrogate/outputs/12_v11_gain_stability_audit/iteration_1/case_cache/internal_test/case_159.csv,outputs/12_v11_gain_stability_audit/iteration_1/case_cache/internal_test/case_159.csv,executed_research_artifact,3681,1c59272278cb4d52ba4fa7797409367e93f2bce0571cc78b5838ef1530623fb4,1c59272278cb4d52ba4fa7797409367e93f2bce0571cc78b5838ef1530623fb4,False,
Nuclear_Graphite_Stress_Surrogate/outputs/12_v11_gain_stability_audit/iteration_1/case_cache/internal_test/case_196.csv,outputs/12_v11_gain_stability_audit/iteration_1/case_cache/internal_test/case_196.csv,executed_research_artifact,3678,324d5c962bc4884609dd15572fe257c97d6803b816771fbd4eab73135270db34,324d5c962bc4884609dd15572fe257c97d6803b816771fbd4eab73135270db34,False,
Nuclear_Graphite_Stress_Surrogate/outputs/12_v11_gain_stability_audit/iteration_1/case_cache/internal_test/case_197.csv,outputs/12_v11_gain_stability_audit/iteration_1/case_cache/internal_test/case_197.csv,executed_research_artifact,3686,061e14d0bd40f831277fc3a1435f2011f2057b2515d1db0224319c9d193457c9,061e14d0bd40f831277fc3a1435f2011f2057b2515d1db0224319c9d193457c9,False,
Nuclear_Graphite_Stress_Surrogate/outputs/12_v11_gain_stability_audit/iteration_1/case_cache/internal_test/case_199.csv,outputs/12_v11_gain_stability_audit/iteration_1/case_cache/internal_test/case_199.csv,executed_research_artifact,3676,f72c5b8167c3f0149cd4b5f0b14cd674b946045e6c43d207936717cbfaca5817,f72c5b8167c3f0149cd4b5f0b14cd674b946045e6c43d207936717cbfaca5817,False,
Nuclear_Graphite_Stress_Surrogate/outputs/12_v11_gain_stability_audit/iteration_1/case_cache/internal_test/case_28.csv,outputs/12_v11_gain_stability_audit/iteration_1/case_cache/internal_test/case_28.csv,executed_research_artifact,3658,adfc3ce9eb80e3235a770c6caa7880dd0e31b44da04077991b38e2529eeb1ec3,adfc3ce9eb80e3235a770c6caa7880dd0e31b44da04077991b38e2529eeb1ec3,False,
Nuclear_Graphite_Stress_Surrogate/outputs/12_v11_gain_stability_audit/iteration_1/case_cache/internal_test/case_57.csv,outputs/12_v11_gain_stability_audit/iteration_1/case_cache/internal_test/case_57.csv,executed_research_artifact,3643,7533e39ed9fdee1ebe27afb859e12dd31f6438cae2588bd0b3e845bb0e22807a,7533e39ed9fdee1ebe27afb859e12dd31f6438cae2588bd0b3e845bb0e22807a,False,
Nuclear_Graphite_Stress_Surrogate/outputs/12_v11_gain_stability_audit/iteration_1/case_cache/internal_test/case_66.csv,outputs/12_v11_gain_stability_audit/iteration_1/case_cache/internal_test/case_66.csv,executed_research_artifact,3590,834148c32a744e2bee0027e23d2c3e5fc78914a499088ac03660ef6b23fc8c51,834148c32a744e2bee0027e23d2c3e5fc78914a499088ac03660ef6b23fc8c51,False,
Nuclear_Graphite_Stress_Surrogate/outputs/12_v11_gain_stability_audit/iteration_1/case_cache/internal_test/case_71.csv,outputs/12_v11_gain_stability_audit/iteration_1/case_cache/internal_test/case_71.csv,executed_research_artifact,3651,8101b23b26622e21516d00e819e895cd5eedeef6d496e7b2415639213cf80822,8101b23b26622e21516d00e819e895cd5eedeef6d496e7b2415639213cf80822,False,
Nuclear_Graphite_Stress_Surrogate/outputs/12_v11_gain_stability_audit/iteration_1/case_cache/internal_test/case_82.csv,outputs/12_v11_gain_stability_audit/iteration_1/case_cache/internal_test/case_82.csv,executed_research_artifact,3650,22878a732cdde2437c674ee657f0583d5713a449dacb92d04f3949e558367554,22878a732cdde2437c674ee657f0583d5713a449dacb92d04f3949e558367554,False,
Nuclear_Graphite_Stress_Surrogate/outputs/12_v11_gain_stability_audit/iteration_1/case_cache/internal_test/case_93.csv,outputs/12_v11_gain_stability_audit/iteration_1/case_cache/internal_test/case_93.csv,executed_research_artifact,3657,f58648f83af4a72c430d19d4b48d3c6f97b29daccaaa3453579f55d056825a71,f58648f83af4a72c430d19d4b48d3c6f97b29daccaaa3453579f55d056825a71,False,
Nuclear_Graphite_Stress_Surrogate/outputs/12_v11_gain_stability_audit/iteration_1/case_cache/internal_test/case_98.csv,outputs/12_v11_gain_stability_audit/iteration_1/case_cache/internal_test/case_98.csv,executed_research_artifact,3692,02a20e81f1ea39085120b251f9b32a12ddd10e8d151f72db9287e803cdf15dc3,02a20e81f1ea39085120b251f9b32a12ddd10e8d151f72db9287e803cdf15dc3,False,
Nuclear_Graphite_Stress_Surrogate/outputs/12_v11_gain_stability_audit/iteration_1/case_cache/validation/case_101.csv,outputs/12_v11_gain_stability_audit/iteration_1/case_cache/validation/case_101.csv,executed_research_artifact,19894,26668025aa11bf29a7865fb59b40be8b63c0210dec1b765f970f25178ceb145b,26668025aa11bf29a7865fb59b40be8b63c0210dec1b765f970f25178ceb145b,False,
Nuclear_Graphite_Stress_Surrogate/outputs/12_v11_gain_stability_audit/iteration_1/case_cache/validation/case_120.csv,outputs/12_v11_gain_stability_audit/iteration_1/case_cache/validation/case_120.csv,executed_research_artifact,19963,be2213db2e1feaba3f4deaa3673f891cb3f9648633bbe36039951691ccd96466,be2213db2e1feaba3f4deaa3673f891cb3f9648633bbe36039951691ccd96466,False,
Nuclear_Graphite_Stress_Surrogate/outputs/12_v11_gain_stability_audit/iteration_1/case_cache/validation/case_145.csv,outputs/12_v11_gain_stability_audit/iteration_1/case_cache/validation/case_145.csv,executed_research_artifact,19849,7545456d868a1ffd4a6bec554668c2d5d519781de31950886881088794e39ae2,7545456d868a1ffd4a6bec554668c2d5d519781de31950886881088794e39ae2,False,
Nuclear_Graphite_Stress_Surrogate/outputs/12_v11_gain_stability_audit/iteration_1/case_cache/validation/case_176.csv,outputs/12_v11_gain_stability_audit/iteration_1/case_cache/validation/case_176.csv,executed_research_artifact,19952,20fd4cf6ee03d11083d915fbb54b9886ff69486ca27e7b8c79f8a488b9ae1b2e,20fd4cf6ee03d11083d915fbb54b9886ff69486ca27e7b8c79f8a488b9ae1b2e,False,
Nuclear_Graphite_Stress_Surrogate/outputs/12_v11_gain_stability_audit/iteration_1/case_cache/validation/case_18.csv,outputs/12_v11_gain_stability_audit/iteration_1/case_cache/validation/case_18.csv,executed_research_artifact,19777,ec139a6a9daf78b8b30b3a03fe3b353b25e3ede387a1ce6e8323310809f7ba93,ec139a6a9daf78b8b30b3a03fe3b353b25e3ede387a1ce6e8323310809f7ba93,False,
Nuclear_Graphite_Stress_Surrogate/outputs/12_v11_gain_stability_audit/iteration_1/case_cache/validation/case_29.csv,outputs/12_v11_gain_stability_audit/iteration_1/case_cache/validation/case_29.csv,executed_research_artifact,19413,698ed8e8eeae4df584c7b691b7b9e891673827d14aca991486d3b05a45574412,698ed8e8eeae4df584c7b691b7b9e891673827d14aca991486d3b05a45574412,False,
Nuclear_Graphite_Stress_Surrogate/outputs/12_v11_gain_stability_audit/iteration_1/case_cache/validation/case_45.csv,outputs/12_v11_gain_stability_audit/iteration_1/case_cache/validation/case_45.csv,executed_research_artifact,20011,ee747e4321c6179590907fbf0776f60d0e59653900e99a0cfa8cc4f9fe25d497,ee747e4321c6179590907fbf0776f60d0e59653900e99a0cfa8cc4f9fe25d497,False,
Nuclear_Graphite_Stress_Surrogate/outputs/12_v11_gain_stability_audit/iteration_1/case_cache/validation/case_51.csv,outputs/12_v11_gain_stability_audit/iteration_1/case_cache/validation/case_51.csv,executed_research_artifact,19580,dac9a685ac943379419d0a5f138d439b597b066a5d629cdd96e0002d12af9f44,dac9a685ac943379419d0a5f138d439b597b066a5d629cdd96e0002d12af9f44,False,
Nuclear_Graphite_Stress_Surrogate/outputs/12_v11_gain_stability_audit/iteration_1/case_cache/validation/case_54.csv,outputs/12_v11_gain_stability_audit/iteration_1/case_cache/validation/case_54.csv,executed_research_artifact,19701,ea026badeb73a266e240f1da15c4941c238e2e6d61f612f8d92be41ccc14fca7,ea026badeb73a266e240f1da15c4941c238e2e6d61f612f8d92be41ccc14fca7,False,
Nuclear_Graphite_Stress_Surrogate/outputs/12_v11_gain_stability_audit/iteration_1/case_cache/validation/case_60.csv,outputs/12_v11_gain_stability_audit/iteration_1/case_cache/validation/case_60.csv,executed_research_artifact,19623,c91b9185468ae090c7b31cbb76318877c505f75511cd95b0c311e391aa85a1cd,c91b9185468ae090c7b31cbb76318877c505f75511cd95b0c311e391aa85a1cd,False,
Nuclear_Graphite_Stress_Surrogate/outputs/12_v11_gain_stability_audit/iteration_1/case_cache/validation/case_62.csv,outputs/12_v11_gain_stability_audit/iteration_1/case_cache/validation/case_62.csv,executed_research_artifact,19192,111c48a23fe9a9c3108f172f124488771709e48fa0d99948496bfada3afafa41,111c48a23fe9a9c3108f172f124488771709e48fa0d99948496bfada3afafa41,False,
Nuclear_Graphite_Stress_Surrogate/outputs/12_v11_gain_stability_audit/iteration_1/case_cache/validation/case_81.csv,outputs/12_v11_gain_stability_audit/iteration_1/case_cache/validation/case_81.csv,executed_research_artifact,19877,411962b5c4c21f7b979d09abaf2c70a93d97f8e8835ac6030f6f2f85ffaffbc4,411962b5c4c21f7b979d09abaf2c70a93d97f8e8835ac6030f6f2f85ffaffbc4,False,
Nuclear_Graphite_Stress_Surrogate/outputs/12_v11_gain_stability_audit/iteration_1/case_cache/validation/case_83.csv,outputs/12_v11_gain_stability_audit/iteration_1/case_cache/validation/case_83.csv,executed_research_artifact,19915,e24597886813d96bd94d2bd9927aecd2f92a2426732f755d23fb494dd0504b01,e24597886813d96bd94d2bd9927aecd2f92a2426732f755d23fb494dd0504b01,False,
Nuclear_Graphite_Stress_Surrogate/outputs/12_v11_gain_stability_audit/iteration_1/case_cache/validation/case_86.csv,outputs/12_v11_gain_stability_audit/iteration_1/case_cache/validation/case_86.csv,executed_research_artifact,19875,22af69ce58109f94be660c959da778b5c6cf3fb91d27e0956fcad83a90de563a,22af69ce58109f94be660c959da778b5c6cf3fb91d27e0956fcad83a90de563a,False,
Nuclear_Graphite_Stress_Surrogate/outputs/12_v11_gain_stability_audit/iteration_1/case_cache/validation/case_87.csv,outputs/12_v11_gain_stability_audit/iteration_1/case_cache/validation/case_87.csv,executed_research_artifact,20031,34296a7ba1c4686e0ede1ce407957e1e44838b4350fcda30277518f520ad443e,34296a7ba1c4686e0ede1ce407957e1e44838b4350fcda30277518f520ad443e,False,
Nuclear_Graphite_Stress_Surrogate/outputs/12_v11_gain_stability_audit/iteration_1/executed_notebooks/v11_gain_audit_executed_job_18852802.ipynb,outputs/12_v11_gain_stability_audit/iteration_1/executed_notebooks/v11_gain_audit_executed_job_18852802.ipynb,executed_research_artifact,108297,fcdc297b375083a89db32ab0ddb2ad47c2e2d6a3c734f7d48d7aa6f482e4946d,fcdc297b375083a89db32ab0ddb2ad47c2e2d6a3c734f7d48d7aa6f482e4946d,False,
Nuclear_Graphite_Stress_Surrogate/outputs/12_v11_gain_stability_audit/iteration_1/frozen_v11_hash_audit.csv,outputs/12_v11_gain_stability_audit/iteration_1/frozen_v11_hash_audit.csv,executed_research_artifact,1970,03612ec8e5d44ebcf0b5ce17d4386173b3543f14d672c66a7fefad168092f042,03612ec8e5d44ebcf0b5ce17d4386173b3543f14d672c66a7fefad168092f042,False,
Nuclear_Graphite_Stress_Surrogate/outputs/12_v11_gain_stability_audit/iteration_1/internal_test_gain_case_metrics.csv.gz,outputs/12_v11_gain_stability_audit/iteration_1/internal_test_gain_case_metrics.csv.gz,executed_research_artifact,13891,f3a47fe9c648f8306e98dc7320624fee2a5ddedd4c50e637bb2d359e074f97ad,f3a47fe9c648f8306e98dc7320624fee2a5ddedd4c50e637bb2d359e074f97ad,False,
Nuclear_Graphite_Stress_Surrogate/outputs/12_v11_gain_stability_audit/iteration_1/paired_case_stability_summary.csv,outputs/12_v11_gain_stability_audit/iteration_1/paired_case_stability_summary.csv,executed_research_artifact,7706,67826e2f8f0c7871f7643bb1244d648df9867e899a566045574628e4f2071541,67826e2f8f0c7871f7643bb1244d648df9867e899a566045574628e4f2071541,False,
Nuclear_Graphite_Stress_Surrogate/outputs/12_v11_gain_stability_audit/iteration_1/preflight_checks.csv,outputs/12_v11_gain_stability_audit/iteration_1/preflight_checks.csv,executed_research_artifact,316,3b21b5aef54bbfbab13174ab3f873970761ebc692ef1ebeb41407242a3fcbe43,3b21b5aef54bbfbab13174ab3f873970761ebc692ef1ebeb41407242a3fcbe43,False,
Nuclear_Graphite_Stress_Surrogate/outputs/12_v11_gain_stability_audit/iteration_1/run_configuration.json,outputs/12_v11_gain_stability_audit/iteration_1/run_configuration.json,executed_research_artifact,196,e80e366c6936d4addc1594e5aaf0d1b6d7508303d5055a58c83cedbb1c4e4f65,e80e366c6936d4addc1594e5aaf0d1b6d7508303d5055a58c83cedbb1c4e4f65,False,
Nuclear_Graphite_Stress_Surrogate/outputs/12_v11_gain_stability_audit/iteration_1/run_status.json,outputs/12_v11_gain_stability_audit/iteration_1/run_status.json,executed_research_artifact,731,ac04854af2de0b6eb59fcabd15dedd9120b32e07ad38e8c06043732e2e3ecab2,ac04854af2de0b6eb59fcabd15dedd9120b32e07ad38e8c06043732e2e3ecab2,False,
Nuclear_Graphite_Stress_Surrogate/outputs/12_v11_gain_stability_audit/iteration_1/selected_gain.csv,outputs/12_v11_gain_stability_audit/iteration_1/selected_gain.csv,executed_research_artifact,1863,679884ce58655c394fd13e8f1a95b72fe39727b22bbae2c70072682ade9db178,679884ce58655c394fd13e8f1a95b72fe39727b22bbae2c70072682ade9db178,False,
Nuclear_Graphite_Stress_Surrogate/outputs/12_v11_gain_stability_audit/iteration_1/selected_gain.json,outputs/12_v11_gain_stability_audit/iteration_1/selected_gain.json,executed_research_artifact,278,fdcf185a05b12212c3b1921ea392919bb0d6e8721dfcb437ed485a3a452c575a,fdcf185a05b12212c3b1921ea392919bb0d6e8721dfcb437ed485a3a452c575a,False,
Nuclear_Graphite_Stress_Surrogate/outputs/12_v11_gain_stability_audit/iteration_1/selected_gain_case_deltas.png,outputs/12_v11_gain_stability_audit/iteration_1/selected_gain_case_deltas.png,executed_research_artifact,209725,0b1c916cce39d8f0abe29903b35f019c537155d40c91ffd923a84d6da73df363,0b1c916cce39d8f0abe29903b35f019c537155d40c91ffd923a84d6da73df363,False,
Nuclear_Graphite_Stress_Surrogate/outputs/12_v11_gain_stability_audit/iteration_1/selected_gain_formula.csv,outputs/12_v11_gain_stability_audit/iteration_1/selected_gain_formula.csv,executed_research_artifact,5570,1c254625ab6818c8f55c4f2edaf0717e6a26b89744d97422308fc26252a6d6cb,1c254625ab6818c8f55c4f2edaf0717e6a26b89744d97422308fc26252a6d6cb,False,
Nuclear_Graphite_Stress_Surrogate/outputs/12_v11_gain_stability_audit/iteration_1/selected_gain_formula.txt,outputs/12_v11_gain_stability_audit/iteration_1/selected_gain_formula.txt,executed_research_artifact,5729,70869a8d647a4c2a890702aabc7cec98e8e9fbc54d57808169cc52f67aeb9adc,70869a8d647a4c2a890702aabc7cec98e8e9fbc54d57808169cc52f67aeb9adc,False,
Nuclear_Graphite_Stress_Surrogate/outputs/12_v11_gain_stability_audit/iteration_1/selected_models_case_metrics.csv.gz,outputs/12_v11_gain_stability_audit/iteration_1/selected_models_case_metrics.csv.gz,executed_research_artifact,27655,770eea7b0851a5cbd5c8dee6d3a47b6d069a766f401b847ceb67d8cb5963f5dd,770eea7b0851a5cbd5c8dee6d3a47b6d069a766f401b847ceb67d8cb5963f5dd,False,
Nuclear_Graphite_Stress_Surrogate/outputs/12_v11_gain_stability_audit/iteration_1/selected_models_split_metrics.csv,outputs/12_v11_gain_stability_audit/iteration_1/selected_models_split_metrics.csv,executed_research_artifact,3549,d2922d8f6ef160c2a0b08b9812c7e76efbda168d40aea23313ea0ea558aa4432,d2922d8f6ef160c2a0b08b9812c7e76efbda168d40aea23313ea0ea558aa4432,False,
Nuclear_Graphite_Stress_Surrogate/outputs/12_v11_gain_stability_audit/iteration_1/selected_models_tail_adaptation.csv,outputs/12_v11_gain_stability_audit/iteration_1/selected_models_tail_adaptation.csv,executed_research_artifact,1451,522304aba72d6f991f18a9ca8df752c0564db44f9e261111475c37a16b7d90ae,522304aba72d6f991f18a9ca8df752c0564db44f9e261111475c37a16b7d90ae,False,
Nuclear_Graphite_Stress_Surrogate/outputs/12_v11_gain_stability_audit/iteration_1/v11_reproduction_audit.csv,outputs/12_v11_gain_stability_audit/iteration_1/v11_reproduction_audit.csv,executed_research_artifact,40204,b013134c2b2a6eda557834ff1321e42e33571c9b8db5b03f368add3a7dca70f3,b013134c2b2a6eda557834ff1321e42e33571c9b8db5b03f368add3a7dca70f3,False,
Nuclear_Graphite_Stress_Surrogate/outputs/12_v11_gain_stability_audit/iteration_1/validation_gain_case_metrics.csv.gz,outputs/12_v11_gain_stability_audit/iteration_1/validation_gain_case_metrics.csv.gz,executed_research_artifact,73353,9e77089c8a9accfe9099b4d0076cfe146dcb909d59f4a7e2c056869179bee6e8,9e77089c8a9accfe9099b4d0076cfe146dcb909d59f4a7e2c056869179bee6e8,False,
Nuclear_Graphite_Stress_Surrogate/outputs/12_v11_gain_stability_audit/iteration_1/validation_gain_summary.csv,outputs/12_v11_gain_stability_audit/iteration_1/validation_gain_summary.csv,executed_research_artifact,17318,4a0869d3da997c38aa985ad2be4256e7c2bb91207f355688aab1443ec326f38d,4a0869d3da997c38aa985ad2be4256e7c2bb91207f355688aab1443ec326f38d,False,
Nuclear_Graphite_Stress_Surrogate/outputs/12_v11_gain_stability_audit/iteration_1/validation_gain_tradeoff.png,outputs/12_v11_gain_stability_audit/iteration_1/validation_gain_tradeoff.png,executed_research_artifact,295680,da52550f400360448a4fc047ee9ce3812aa2927451d028b6c40273bd3f7e2701,da52550f400360448a4fc047ee9ce3812aa2927451d028b6c40273bd3f7e2701,False,
Nuclear_Graphite_Stress_Surrogate/outputs/12_v11_gain_stability_audit/iteration_1/worst_case_diagnostics.csv,outputs/12_v11_gain_stability_audit/iteration_1/worst_case_diagnostics.csv,executed_research_artifact,34790,cbd78ea7e2246d273ebe1eb30605d38fd0bef2f82fc8695f3b1bdfc0ece0aee5,cbd78ea7e2246d273ebe1eb30605d38fd0bef2f82fc8695f3b1bdfc0ece0aee5,False,
Nuclear_Graphite_Stress_Surrogate/outputs/12_v11_gain_stability_audit/iteration_2/audit_complete.json,outputs/12_v11_gain_stability_audit/iteration_2/audit_complete.json,executed_research_artifact,744,99ee34b742a96c6a343718d2ce83667306b78510d85e018ddc3f731d94995afb,99ee34b742a96c6a343718d2ce83667306b78510d85e018ddc3f731d94995afb,False,
Nuclear_Graphite_Stress_Surrogate/outputs/12_v11_gain_stability_audit/iteration_2/audit_signature.json,outputs/12_v11_gain_stability_audit/iteration_2/audit_signature.json,executed_research_artifact,2334,c5a40e3457333c9c254703f27510cb3de8e1a7599ab47fb0c46068a69ee058b6,c5a40e3457333c9c254703f27510cb3de8e1a7599ab47fb0c46068a69ee058b6,False,
Nuclear_Graphite_Stress_Surrogate/outputs/12_v11_gain_stability_audit/iteration_2/case_cache/internal_test/case_100.csv,outputs/12_v11_gain_stability_audit/iteration_2/case_cache/internal_test/case_100.csv,executed_research_artifact,3693,fd50fdd8ba178b3acf1cfc7cfe4cf4bbe6459801055a563a93860b3963451b9a,fd50fdd8ba178b3acf1cfc7cfe4cf4bbe6459801055a563a93860b3963451b9a,False,
Nuclear_Graphite_Stress_Surrogate/outputs/12_v11_gain_stability_audit/iteration_2/case_cache/internal_test/case_114.csv,outputs/12_v11_gain_stability_audit/iteration_2/case_cache/internal_test/case_114.csv,executed_research_artifact,3671,75a35ffb9161927f8ec1d46987c48928943fc12df04e0e8ef7ce29befd01f9d1,75a35ffb9161927f8ec1d46987c48928943fc12df04e0e8ef7ce29befd01f9d1,False,
Nuclear_Graphite_Stress_Surrogate/outputs/12_v11_gain_stability_audit/iteration_2/case_cache/internal_test/case_12.csv,outputs/12_v11_gain_stability_audit/iteration_2/case_cache/internal_test/case_12.csv,executed_research_artifact,3694,539ca8e96e8e4bf7bfc4fd88f91619f6265de072fbab16780b7673c594e42715,539ca8e96e8e4bf7bfc4fd88f91619f6265de072fbab16780b7673c594e42715,False,
Nuclear_Graphite_Stress_Surrogate/outputs/12_v11_gain_stability_audit/iteration_2/case_cache/internal_test/case_124.csv,outputs/12_v11_gain_stability_audit/iteration_2/case_cache/internal_test/case_124.csv,executed_research_artifact,3668,bc1f0dbfb8820b6e7c95f5d129bbe85e685687c297b933f548b8601e910ad796,bc1f0dbfb8820b6e7c95f5d129bbe85e685687c297b933f548b8601e910ad796,False,
Nuclear_Graphite_Stress_Surrogate/outputs/12_v11_gain_stability_audit/iteration_2/case_cache/internal_test/case_156.csv,outputs/12_v11_gain_stability_audit/iteration_2/case_cache/internal_test/case_156.csv,executed_research_artifact,3707,7ad6c74516e106eed3db54b97e006b4b40af39703f4c66504c5065427105e299,7ad6c74516e106eed3db54b97e006b4b40af39703f4c66504c5065427105e299,False,
Nuclear_Graphite_Stress_Surrogate/outputs/12_v11_gain_stability_audit/iteration_2/case_cache/internal_test/case_164.csv,outputs/12_v11_gain_stability_audit/iteration_2/case_cache/internal_test/case_164.csv,executed_research_artifact,3670,5d83c57cb846396019b4bf100ed7cea9986aba77d6dc697eca82f729db955af3,5d83c57cb846396019b4bf100ed7cea9986aba77d6dc697eca82f729db955af3,False,
Nuclear_Graphite_Stress_Surrogate/outputs/12_v11_gain_stability_audit/iteration_2/case_cache/internal_test/case_176.csv,outputs/12_v11_gain_stability_audit/iteration_2/case_cache/internal_test/case_176.csv,executed_research_artifact,3660,10ef1bd606d0b2404d90eb1da11bd81b0b600434a5457bb286abd72b77a2216c,10ef1bd606d0b2404d90eb1da11bd81b0b600434a5457bb286abd72b77a2216c,False,
Nuclear_Graphite_Stress_Surrogate/outputs/12_v11_gain_stability_audit/iteration_2/case_cache/internal_test/case_190.csv,outputs/12_v11_gain_stability_audit/iteration_2/case_cache/internal_test/case_190.csv,executed_research_artifact,3686,9938f2da0a79851cd6d5228ae089dbc16bbb206f001356993e3a92e8e6420042,9938f2da0a79851cd6d5228ae089dbc16bbb206f001356993e3a92e8e6420042,False,
Nuclear_Graphite_Stress_Surrogate/outputs/12_v11_gain_stability_audit/iteration_2/case_cache/internal_test/case_20.csv,outputs/12_v11_gain_stability_audit/iteration_2/case_cache/internal_test/case_20.csv,executed_research_artifact,3668,834c93c44a41f3a487788bb6cc50c212b482f08124e40d02cdccade7c5b002e3,834c93c44a41f3a487788bb6cc50c212b482f08124e40d02cdccade7c5b002e3,False,
Nuclear_Graphite_Stress_Surrogate/outputs/12_v11_gain_stability_audit/iteration_2/case_cache/internal_test/case_27.csv,outputs/12_v11_gain_stability_audit/iteration_2/case_cache/internal_test/case_27.csv,executed_research_artifact,3644,43eb2bacabb04d1d46487f830085c0773fa8c143d1aeda3c7aefe781a7c0e11e,43eb2bacabb04d1d46487f830085c0773fa8c143d1aeda3c7aefe781a7c0e11e,False,
Nuclear_Graphite_Stress_Surrogate/outputs/12_v11_gain_stability_audit/iteration_2/case_cache/internal_test/case_42.csv,outputs/12_v11_gain_stability_audit/iteration_2/case_cache/internal_test/case_42.csv,executed_research_artifact,3610,e6ea596917796625f8a76e3702e7decfecffb838a735c2571f93956c2f200847,e6ea596917796625f8a76e3702e7decfecffb838a735c2571f93956c2f200847,False,
Nuclear_Graphite_Stress_Surrogate/outputs/12_v11_gain_stability_audit/iteration_2/case_cache/internal_test/case_43.csv,outputs/12_v11_gain_stability_audit/iteration_2/case_cache/internal_test/case_43.csv,executed_research_artifact,3602,eff003997f10cb4d51cd0a81381a7ec130d4591a6ff630e3bbaa83e44dbef268,eff003997f10cb4d51cd0a81381a7ec130d4591a6ff630e3bbaa83e44dbef268,False,
Nuclear_Graphite_Stress_Surrogate/outputs/12_v11_gain_stability_audit/iteration_2/case_cache/internal_test/case_68.csv,outputs/12_v11_gain_stability_audit/iteration_2/case_cache/internal_test/case_68.csv,executed_research_artifact,3686,39b74b56a9cc8793377d3756dcc30c1a851fddb2b9736c9dd6694409020e23f8,39b74b56a9cc8793377d3756dcc30c1a851fddb2b9736c9dd6694409020e23f8,False,
Nuclear_Graphite_Stress_Surrogate/outputs/12_v11_gain_stability_audit/iteration_2/case_cache/internal_test/case_84.csv,outputs/12_v11_gain_stability_audit/iteration_2/case_cache/internal_test/case_84.csv,executed_research_artifact,3654,96569f13854a2b12d1f6a217d6229707a6725d6a29b5c6f05a76e722bda5fe94,96569f13854a2b12d1f6a217d6229707a6725d6a29b5c6f05a76e722bda5fe94,False,
Nuclear_Graphite_Stress_Surrogate/outputs/12_v11_gain_stability_audit/iteration_2/case_cache/internal_test/case_94.csv,outputs/12_v11_gain_stability_audit/iteration_2/case_cache/internal_test/case_94.csv,executed_research_artifact,3662,9847ee37b716ac6bdf4e3f3d91e700d53c6d1fcad20c97f2e6999d62e9300358,9847ee37b716ac6bdf4e3f3d91e700d53c6d1fcad20c97f2e6999d62e9300358,False,
Nuclear_Graphite_Stress_Surrogate/outputs/12_v11_gain_stability_audit/iteration_2/case_cache/validation/case_105.csv,outputs/12_v11_gain_stability_audit/iteration_2/case_cache/validation/case_105.csv,executed_research_artifact,19634,7ca77d174f086974cfa2693bb0220d7e7c095a77e92d23a4539fa9a9cfb2cd8c,7ca77d174f086974cfa2693bb0220d7e7c095a77e92d23a4539fa9a9cfb2cd8c,False,
Nuclear_Graphite_Stress_Surrogate/outputs/12_v11_gain_stability_audit/iteration_2/case_cache/validation/case_133.csv,outputs/12_v11_gain_stability_audit/iteration_2/case_cache/validation/case_133.csv,executed_research_artifact,20036,5cfa923c952aa5e861795f1cb4a26632d381bf0e661d740e535f22c5a7fb1882,5cfa923c952aa5e861795f1cb4a26632d381bf0e661d740e535f22c5a7fb1882,False,
Nuclear_Graphite_Stress_Surrogate/outputs/12_v11_gain_stability_audit/iteration_2/case_cache/validation/case_143.csv,outputs/12_v11_gain_stability_audit/iteration_2/case_cache/validation/case_143.csv,executed_research_artifact,20003,4f6bf293a45911c9b1c97e8e6e114a7024eca984540851b2c90b31a07a0c507f,4f6bf293a45911c9b1c97e8e6e114a7024eca984540851b2c90b31a07a0c507f,False,
Nuclear_Graphite_Stress_Surrogate/outputs/12_v11_gain_stability_audit/iteration_2/case_cache/validation/case_151.csv,outputs/12_v11_gain_stability_audit/iteration_2/case_cache/validation/case_151.csv,executed_research_artifact,19928,97a5984a2fa09d93bb9a796205ab9ea67f9f3a2730e730fd8dae1d18f2a0228e,97a5984a2fa09d93bb9a796205ab9ea67f9f3a2730e730fd8dae1d18f2a0228e,False,
Nuclear_Graphite_Stress_Surrogate/outputs/12_v11_gain_stability_audit/iteration_2/case_cache/validation/case_157.csv,outputs/12_v11_gain_stability_audit/iteration_2/case_cache/validation/case_157.csv,executed_research_artifact,19912,3240306d3873c15148df51bf7e96a01f570b2bf8261684615633ef38f6011b6a,3240306d3873c15148df51bf7e96a01f570b2bf8261684615633ef38f6011b6a,False,
Nuclear_Graphite_Stress_Surrogate/outputs/12_v11_gain_stability_audit/iteration_2/case_cache/validation/case_165.csv,outputs/12_v11_gain_stability_audit/iteration_2/case_cache/validation/case_165.csv,executed_research_artifact,19972,bd298e58fd700c29d9d4307c8a0f51d975c6852211df6d6ae1e582481f243d4a,bd298e58fd700c29d9d4307c8a0f51d975c6852211df6d6ae1e582481f243d4a,False,
Nuclear_Graphite_Stress_Surrogate/outputs/12_v11_gain_stability_audit/iteration_2/case_cache/validation/case_171.csv,outputs/12_v11_gain_stability_audit/iteration_2/case_cache/validation/case_171.csv,executed_research_artifact,20056,7f496e41eb8ab640eb63cc80c4457cf249c687d4c32eb4cc35dd470a560992a8,7f496e41eb8ab640eb63cc80c4457cf249c687d4c32eb4cc35dd470a560992a8,False,
Nuclear_Graphite_Stress_Surrogate/outputs/12_v11_gain_stability_audit/iteration_2/case_cache/validation/case_180.csv,outputs/12_v11_gain_stability_audit/iteration_2/case_cache/validation/case_180.csv,executed_research_artifact,19965,95361734afa1cbd890bb3b4da472101882e8890bd79135b1d4a4a26d5d3d778d,95361734afa1cbd890bb3b4da472101882e8890bd79135b1d4a4a26d5d3d778d,False,
Nuclear_Graphite_Stress_Surrogate/outputs/12_v11_gain_stability_audit/iteration_2/case_cache/validation/case_189.csv,outputs/12_v11_gain_stability_audit/iteration_2/case_cache/validation/case_189.csv,executed_research_artifact,20112,e105f7020e577a2bf86a76ac0c6f1318a3d7ae357296daa9156db4c3dd52c4db,e105f7020e577a2bf86a76ac0c6f1318a3d7ae357296daa9156db4c3dd52c4db,False,
Nuclear_Graphite_Stress_Surrogate/outputs/12_v11_gain_stability_audit/iteration_2/case_cache/validation/case_194.csv,outputs/12_v11_gain_stability_audit/iteration_2/case_cache/validation/case_194.csv,executed_research_artifact,19946,35eddc30ef50d5afa2665870fd692b32daaa8e069188b82ccf50c17f49e79546,35eddc30ef50d5afa2665870fd692b32daaa8e069188b82ccf50c17f49e79546,False,
Nuclear_Graphite_Stress_Surrogate/outputs/12_v11_gain_stability_audit/iteration_2/case_cache/validation/case_39.csv,outputs/12_v11_gain_stability_audit/iteration_2/case_cache/validation/case_39.csv,executed_research_artifact,19622,a9b2841d29df586507ce5296d68678344419d21f26b73673aee602c942eabfde,a9b2841d29df586507ce5296d68678344419d21f26b73673aee602c942eabfde,False,
Nuclear_Graphite_Stress_Surrogate/outputs/12_v11_gain_stability_audit/iteration_2/case_cache/validation/case_47.csv,outputs/12_v11_gain_stability_audit/iteration_2/case_cache/validation/case_47.csv,executed_research_artifact,19728,a415f69b87b52eab5f74bbe37f294c0771d5954724e7076663f1a48c85d6f51d,a415f69b87b52eab5f74bbe37f294c0771d5954724e7076663f1a48c85d6f51d,False,
Nuclear_Graphite_Stress_Surrogate/outputs/12_v11_gain_stability_audit/iteration_2/case_cache/validation/case_63.csv,outputs/12_v11_gain_stability_audit/iteration_2/case_cache/validation/case_63.csv,executed_research_artifact,19962,388cd530faadfda9ff7a240703ede04b183941d8ee58065fbf2776594313f8d0,388cd530faadfda9ff7a240703ede04b183941d8ee58065fbf2776594313f8d0,False,
Nuclear_Graphite_Stress_Surrogate/outputs/12_v11_gain_stability_audit/iteration_2/case_cache/validation/case_69.csv,outputs/12_v11_gain_stability_audit/iteration_2/case_cache/validation/case_69.csv,executed_research_artifact,19936,f10c8d1a51298b75a348a264dbc018b9f95385c046ac0a2f45622ce9491ddbc3,f10c8d1a51298b75a348a264dbc018b9f95385c046ac0a2f45622ce9491ddbc3,False,
Nuclear_Graphite_Stress_Surrogate/outputs/12_v11_gain_stability_audit/iteration_2/case_cache/validation/case_81.csv,outputs/12_v11_gain_stability_audit/iteration_2/case_cache/validation/case_81.csv,executed_research_artifact,19878,7315cb5eec04b4d91375244fde47331c5dff923b4a846a9b73c84c14711552b2,7315cb5eec04b4d91375244fde47331c5dff923b4a846a9b73c84c14711552b2,False,
Nuclear_Graphite_Stress_Surrogate/outputs/12_v11_gain_stability_audit/iteration_2/frozen_v11_hash_audit.csv,outputs/12_v11_gain_stability_audit/iteration_2/frozen_v11_hash_audit.csv,executed_research_artifact,1494,750d54537db720541dbce14e098c88c1086fb63404640fd8390851fb585eb021,750d54537db720541dbce14e098c88c1086fb63404640fd8390851fb585eb021,False,
Nuclear_Graphite_Stress_Surrogate/outputs/12_v11_gain_stability_audit/iteration_2/internal_test_gain_case_metrics.csv.gz,outputs/12_v11_gain_stability_audit/iteration_2/internal_test_gain_case_metrics.csv.gz,executed_research_artifact,13961,b7912f700d60851005b82a1d335d1a5dca2af0cc373806dbb36267517b4de30b,b7912f700d60851005b82a1d335d1a5dca2af0cc373806dbb36267517b4de30b,False,
Nuclear_Graphite_Stress_Surrogate/outputs/12_v11_gain_stability_audit/iteration_2/paired_case_stability_summary.csv,outputs/12_v11_gain_stability_audit/iteration_2/paired_case_stability_summary.csv,executed_research_artifact,7666,9c6022ffea41b776574dcc0e5b8494ed1ecfa706f79749b2334b82a7e38cb315,9c6022ffea41b776574dcc0e5b8494ed1ecfa706f79749b2334b82a7e38cb315,False,
Nuclear_Graphite_Stress_Surrogate/outputs/12_v11_gain_stability_audit/iteration_2/preflight_checks.csv,outputs/12_v11_gain_stability_audit/iteration_2/preflight_checks.csv,executed_research_artifact,316,64e5fc16588bb3b64010fe88bad4ff9e698aab65e256798acca7401519c8a07b,64e5fc16588bb3b64010fe88bad4ff9e698aab65e256798acca7401519c8a07b,False,
Nuclear_Graphite_Stress_Surrogate/outputs/12_v11_gain_stability_audit/iteration_2/run_configuration.json,outputs/12_v11_gain_stability_audit/iteration_2/run_configuration.json,executed_research_artifact,196,518bd24ca7a6fbd2469f2661c814c332a96d779f9dbbe45da3723d380f6542a5,518bd24ca7a6fbd2469f2661c814c332a96d779f9dbbe45da3723d380f6542a5,False,
Nuclear_Graphite_Stress_Surrogate/outputs/12_v11_gain_stability_audit/iteration_2/run_status.json,outputs/12_v11_gain_stability_audit/iteration_2/run_status.json,executed_research_artifact,767,3652071f0820d217647ce59ccb6923eff89f0de986ab07013ce72e270a4c62ed,3652071f0820d217647ce59ccb6923eff89f0de986ab07013ce72e270a4c62ed,False,
Nuclear_Graphite_Stress_Surrogate/outputs/12_v11_gain_stability_audit/iteration_2/selected_gain.csv,outputs/12_v11_gain_stability_audit/iteration_2/selected_gain.csv,executed_research_artifact,1903,dd001fe469d68d62ccf8aae0b96b946009a387f293eb3793b2c619ce7a609252,dd001fe469d68d62ccf8aae0b96b946009a387f293eb3793b2c619ce7a609252,False,
Nuclear_Graphite_Stress_Surrogate/outputs/12_v11_gain_stability_audit/iteration_2/selected_gain.json,outputs/12_v11_gain_stability_audit/iteration_2/selected_gain.json,executed_research_artifact,315,84c16b6b03203605aef4bc7224e18a98363fdcb1f4b61e988eeba278ee54289d,84c16b6b03203605aef4bc7224e18a98363fdcb1f4b61e988eeba278ee54289d,False,
Nuclear_Graphite_Stress_Surrogate/outputs/12_v11_gain_stability_audit/iteration_2/selected_gain_case_deltas.png,outputs/12_v11_gain_stability_audit/iteration_2/selected_gain_case_deltas.png,executed_research_artifact,223708,0b231ac05eb5c6438c548f9c8d318d1cb547f7c1d63766d152d220cd98693de5,0b231ac05eb5c6438c548f9c8d318d1cb547f7c1d63766d152d220cd98693de5,False,
Nuclear_Graphite_Stress_Surrogate/outputs/12_v11_gain_stability_audit/iteration_2/selected_gain_formula.csv,outputs/12_v11_gain_stability_audit/iteration_2/selected_gain_formula.csv,executed_research_artifact,4710,4c594af7b0be431722e515b1241f005667f1150e97c3fadd9f688eb08b23148c,4c594af7b0be431722e515b1241f005667f1150e97c3fadd9f688eb08b23148c,False,
Nuclear_Graphite_Stress_Surrogate/outputs/12_v11_gain_stability_audit/iteration_2/selected_gain_formula.txt,outputs/12_v11_gain_stability_audit/iteration_2/selected_gain_formula.txt,executed_research_artifact,4833,7ca80e4e40d420061f8a3162c208abd24f28a911437e192ecc4b7adeb3980c80,7ca80e4e40d420061f8a3162c208abd24f28a911437e192ecc4b7adeb3980c80,False,
Nuclear_Graphite_Stress_Surrogate/outputs/12_v11_gain_stability_audit/iteration_2/selected_models_case_metrics.csv.gz,outputs/12_v11_gain_stability_audit/iteration_2/selected_models_case_metrics.csv.gz,executed_research_artifact,27803,dfc0e9cc82511a5ea16d0209beecc12e01709db8578b55361c5fead3b9537416,dfc0e9cc82511a5ea16d0209beecc12e01709db8578b55361c5fead3b9537416,False,
Nuclear_Graphite_Stress_Surrogate/outputs/12_v11_gain_stability_audit/iteration_2/selected_models_split_metrics.csv,outputs/12_v11_gain_stability_audit/iteration_2/selected_models_split_metrics.csv,executed_research_artifact,3567,908a0c3bdff931ef58e6dbf2a1c1cc0c5dae395aa1f7923ca0db302e934f84dd,908a0c3bdff931ef58e6dbf2a1c1cc0c5dae395aa1f7923ca0db302e934f84dd,False,
Nuclear_Graphite_Stress_Surrogate/outputs/12_v11_gain_stability_audit/iteration_2/selected_models_tail_adaptation.csv,outputs/12_v11_gain_stability_audit/iteration_2/selected_models_tail_adaptation.csv,executed_research_artifact,1493,f93621a58c734ebec1b87590c3390f0b9beec8d337bf1187b227f4053495567f,f93621a58c734ebec1b87590c3390f0b9beec8d337bf1187b227f4053495567f,False,
Nuclear_Graphite_Stress_Surrogate/outputs/12_v11_gain_stability_audit/iteration_2/v11_reproduction_audit.csv,outputs/12_v11_gain_stability_audit/iteration_2/v11_reproduction_audit.csv,executed_research_artifact,40791,4306deb904bbb54c293acabf67febe789a868e85be68bde3f91b87119ae5bb2b,4306deb904bbb54c293acabf67febe789a868e85be68bde3f91b87119ae5bb2b,False,
Nuclear_Graphite_Stress_Surrogate/outputs/12_v11_gain_stability_audit/iteration_2/validation_gain_case_metrics.csv.gz,outputs/12_v11_gain_stability_audit/iteration_2/validation_gain_case_metrics.csv.gz,executed_research_artifact,73476,09241afeb8a70b185e1fb53c0019e31f350a6fea0d5261dce552612e4b70e149,09241afeb8a70b185e1fb53c0019e31f350a6fea0d5261dce552612e4b70e149,False,
Nuclear_Graphite_Stress_Surrogate/outputs/12_v11_gain_stability_audit/iteration_2/validation_gain_summary.csv,outputs/12_v11_gain_stability_audit/iteration_2/validation_gain_summary.csv,executed_research_artifact,17612,9fd5cbd1f6bbbb490e2267c83b731026d82be014b96213e00d4d7fc57813a7eb,9fd5cbd1f6bbbb490e2267c83b731026d82be014b96213e00d4d7fc57813a7eb,False,
Nuclear_Graphite_Stress_Surrogate/outputs/12_v11_gain_stability_audit/iteration_2/validation_gain_tradeoff.png,outputs/12_v11_gain_stability_audit/iteration_2/validation_gain_tradeoff.png,executed_research_artifact,294052,fe9d3189c37b3ebd99bd0ee020cfaa6ce8bc4ce60ae74379c3656ee0ad6587d5,fe9d3189c37b3ebd99bd0ee020cfaa6ce8bc4ce60ae74379c3656ee0ad6587d5,False,
Nuclear_Graphite_Stress_Surrogate/outputs/12_v11_gain_stability_audit/iteration_2/worst_case_diagnostics.csv,outputs/12_v11_gain_stability_audit/iteration_2/worst_case_diagnostics.csv,executed_research_artifact,34875,68a23586a6622cf690f3f521857e550e0ccec367a4c7b8c93cf97614027f22fc,68a23586a6622cf690f3f521857e550e0ccec367a4c7b8c93cf97614027f22fc,False,
Nuclear_Graphite_Stress_Surrogate/outputs/12_v11_gain_stability_audit/iteration_3/audit_complete.json,outputs/12_v11_gain_stability_audit/iteration_3/audit_complete.json,executed_research_artifact,744,3e879c3cfb1ddf6e9d14d9be36e04b297fdd96e371dc5268f3fbc38775666a1d,3e879c3cfb1ddf6e9d14d9be36e04b297fdd96e371dc5268f3fbc38775666a1d,False,
Nuclear_Graphite_Stress_Surrogate/outputs/12_v11_gain_stability_audit/iteration_3/audit_signature.json,outputs/12_v11_gain_stability_audit/iteration_3/audit_signature.json,executed_research_artifact,2333,c4891848329f0014f0e5c1a8359025c03933095fbb06ffcf4319a992cf9fefae,c4891848329f0014f0e5c1a8359025c03933095fbb06ffcf4319a992cf9fefae,False,
Nuclear_Graphite_Stress_Surrogate/outputs/12_v11_gain_stability_audit/iteration_3/case_cache/internal_test/case_116.csv,outputs/12_v11_gain_stability_audit/iteration_3/case_cache/internal_test/case_116.csv,executed_research_artifact,3652,2dc27668319e082797d9339f4bd7f11397d1245c2033aaec8f3f64d31b617a14,2dc27668319e082797d9339f4bd7f11397d1245c2033aaec8f3f64d31b617a14,False,
Nuclear_Graphite_Stress_Surrogate/outputs/12_v11_gain_stability_audit/iteration_3/case_cache/internal_test/case_133.csv,outputs/12_v11_gain_stability_audit/iteration_3/case_cache/internal_test/case_133.csv,executed_research_artifact,3651,2264b7b7d296080175280e3af0868c793eb02744098584a943faf6816eb8ba1d,2264b7b7d296080175280e3af0868c793eb02744098584a943faf6816eb8ba1d,False,
Nuclear_Graphite_Stress_Surrogate/outputs/12_v11_gain_stability_audit/iteration_3/case_cache/internal_test/case_139.csv,outputs/12_v11_gain_stability_audit/iteration_3/case_cache/internal_test/case_139.csv,executed_research_artifact,3658,64846d463adf13e929605554112f7cf3bad7efbeb3e805a9fc6fbebab66114f0,64846d463adf13e929605554112f7cf3bad7efbeb3e805a9fc6fbebab66114f0,False,
Nuclear_Graphite_Stress_Surrogate/outputs/12_v11_gain_stability_audit/iteration_3/case_cache/internal_test/case_157.csv,outputs/12_v11_gain_stability_audit/iteration_3/case_cache/internal_test/case_157.csv,executed_research_artifact,3638,172c3f961d63bb4516baabf9bcdc433d1dd478eccbd699a18dc7851582425180,172c3f961d63bb4516baabf9bcdc433d1dd478eccbd699a18dc7851582425180,False,
Nuclear_Graphite_Stress_Surrogate/outputs/12_v11_gain_stability_audit/iteration_3/case_cache/internal_test/case_16.csv,outputs/12_v11_gain_stability_audit/iteration_3/case_cache/internal_test/case_16.csv,executed_research_artifact,3652,d70adc63bf03eb7d1d646aecadb2d2da2f98e6d76f7b9e2022beba52c4ff2e80,d70adc63bf03eb7d1d646aecadb2d2da2f98e6d76f7b9e2022beba52c4ff2e80,False,
Nuclear_Graphite_Stress_Surrogate/outputs/12_v11_gain_stability_audit/iteration_3/case_cache/internal_test/case_182.csv,outputs/12_v11_gain_stability_audit/iteration_3/case_cache/internal_test/case_182.csv,executed_research_artifact,3660,96ac1b05738c32913329ddbb3268757a550de1d2f6caa10fff482eb185b9c594,96ac1b05738c32913329ddbb3268757a550de1d2f6caa10fff482eb185b9c594,False,
Nuclear_Graphite_Stress_Surrogate/outputs/12_v11_gain_stability_audit/iteration_3/case_cache/internal_test/case_189.csv,outputs/12_v11_gain_stability_audit/iteration_3/case_cache/internal_test/case_189.csv,executed_research_artifact,3699,5cc7ad8c4fc0469cb003505d11ac8d265e2a5949bac361b630f29dc7e5e77314,5cc7ad8c4fc0469cb003505d11ac8d265e2a5949bac361b630f29dc7e5e77314,False,
Nuclear_Graphite_Stress_Surrogate/outputs/12_v11_gain_stability_audit/iteration_3/case_cache/internal_test/case_191.csv,outputs/12_v11_gain_stability_audit/iteration_3/case_cache/internal_test/case_191.csv,executed_research_artifact,3675,5bab9bf2badaa354bbabd8380a4006b1d45a6a3a2209458e9d5941fbfe252c6d,5bab9bf2badaa354bbabd8380a4006b1d45a6a3a2209458e9d5941fbfe252c6d,False,
Nuclear_Graphite_Stress_Surrogate/outputs/12_v11_gain_stability_audit/iteration_3/case_cache/internal_test/case_192.csv,outputs/12_v11_gain_stability_audit/iteration_3/case_cache/internal_test/case_192.csv,executed_research_artifact,3649,c02fac62e37e9c70568ed181711988a860020a10ee6fbf2c581dc52ee509b940,c02fac62e37e9c70568ed181711988a860020a10ee6fbf2c581dc52ee509b940,False,
Nuclear_Graphite_Stress_Surrogate/outputs/12_v11_gain_stability_audit/iteration_3/case_cache/internal_test/case_47.csv,outputs/12_v11_gain_stability_audit/iteration_3/case_cache/internal_test/case_47.csv,executed_research_artifact,3633,27e852dbf4b092ead5b05a4d1e00d1cdd261f8c4744def730c756adebeb9a0fc,27e852dbf4b092ead5b05a4d1e00d1cdd261f8c4744def730c756adebeb9a0fc,False,
Nuclear_Graphite_Stress_Surrogate/outputs/12_v11_gain_stability_audit/iteration_3/case_cache/internal_test/case_48.csv,outputs/12_v11_gain_stability_audit/iteration_3/case_cache/internal_test/case_48.csv,executed_research_artifact,3651,920bf2a20e8a50a9ffa775fcbde7f220703bc6b2724dbe60933fcc91f3351303,920bf2a20e8a50a9ffa775fcbde7f220703bc6b2724dbe60933fcc91f3351303,False,
Nuclear_Graphite_Stress_Surrogate/outputs/12_v11_gain_stability_audit/iteration_3/case_cache/internal_test/case_52.csv,outputs/12_v11_gain_stability_audit/iteration_3/case_cache/internal_test/case_52.csv,executed_research_artifact,3624,b548591bdf47549324cedc6f4df1cc98f64fd16c2b83c1c8b0a6a0a47a4e4c57,b548591bdf47549324cedc6f4df1cc98f64fd16c2b83c1c8b0a6a0a47a4e4c57,False,
Nuclear_Graphite_Stress_Surrogate/outputs/12_v11_gain_stability_audit/iteration_3/case_cache/internal_test/case_67.csv,outputs/12_v11_gain_stability_audit/iteration_3/case_cache/internal_test/case_67.csv,executed_research_artifact,3643,cc04b221968e09bf9cd7cb6a8d581c631445e0084d5ea7f1573c2083c040bc2d,cc04b221968e09bf9cd7cb6a8d581c631445e0084d5ea7f1573c2083c040bc2d,False,
Nuclear_Graphite_Stress_Surrogate/outputs/12_v11_gain_stability_audit/iteration_3/case_cache/internal_test/case_68.csv,outputs/12_v11_gain_stability_audit/iteration_3/case_cache/internal_test/case_68.csv,executed_research_artifact,3702,a619ac7c7775d80592bde45583e4d96e07e0542ed4835673c4814f8fd3ec1e70,a619ac7c7775d80592bde45583e4d96e07e0542ed4835673c4814f8fd3ec1e70,False,
Nuclear_Graphite_Stress_Surrogate/outputs/12_v11_gain_stability_audit/iteration_3/case_cache/internal_test/case_95.csv,outputs/12_v11_gain_stability_audit/iteration_3/case_cache/internal_test/case_95.csv,executed_research_artifact,3677,58dc8d29c5ff47fb728e5a34ab8ef57760d1ed86d45e1cea67957475dadc0d20,58dc8d29c5ff47fb728e5a34ab8ef57760d1ed86d45e1cea67957475dadc0d20,False,
Nuclear_Graphite_Stress_Surrogate/outputs/12_v11_gain_stability_audit/iteration_3/case_cache/validation/case_117.csv,outputs/12_v11_gain_stability_audit/iteration_3/case_cache/validation/case_117.csv,executed_research_artifact,19783,dbe84848e39929f21030a48d856bd077c1a85bb1bbedeaae9cd73d15b74b185c,dbe84848e39929f21030a48d856bd077c1a85bb1bbedeaae9cd73d15b74b185c,False,
Nuclear_Graphite_Stress_Surrogate/outputs/12_v11_gain_stability_audit/iteration_3/case_cache/validation/case_124.csv,outputs/12_v11_gain_stability_audit/iteration_3/case_cache/validation/case_124.csv,executed_research_artifact,19872,5288ec1c5c040ca08c9f6defc899028dd2de1ccd824c66d3a133b7235277ab18,5288ec1c5c040ca08c9f6defc899028dd2de1ccd824c66d3a133b7235277ab18,False,
Nuclear_Graphite_Stress_Surrogate/outputs/12_v11_gain_stability_audit/iteration_3/case_cache/validation/case_148.csv,outputs/12_v11_gain_stability_audit/iteration_3/case_cache/validation/case_148.csv,executed_research_artifact,20059,8dab713388485188f66ad824270fae03cef23241810e46bb1f4a4b2e2ff9d507,8dab713388485188f66ad824270fae03cef23241810e46bb1f4a4b2e2ff9d507,False,
Nuclear_Graphite_Stress_Surrogate/outputs/12_v11_gain_stability_audit/iteration_3/case_cache/validation/case_15.csv,outputs/12_v11_gain_stability_audit/iteration_3/case_cache/validation/case_15.csv,executed_research_artifact,19931,a016f13e557ca6d54a5599b45ba3363ec909c83f7c763e325e168b44ceeb9837,a016f13e557ca6d54a5599b45ba3363ec909c83f7c763e325e168b44ceeb9837,False,
Nuclear_Graphite_Stress_Surrogate/outputs/12_v11_gain_stability_audit/iteration_3/case_cache/validation/case_150.csv,outputs/12_v11_gain_stability_audit/iteration_3/case_cache/validation/case_150.csv,executed_research_artifact,20082,94dd7009bdeb229ae963c99c8be9622bcbdc5507cd80b41e17f3f5696d847b7d,94dd7009bdeb229ae963c99c8be9622bcbdc5507cd80b41e17f3f5696d847b7d,False,
Nuclear_Graphite_Stress_Surrogate/outputs/12_v11_gain_stability_audit/iteration_3/case_cache/validation/case_156.csv,outputs/12_v11_gain_stability_audit/iteration_3/case_cache/validation/case_156.csv,executed_research_artifact,20101,332d5eed1b72703c94109d6a0a930e803d948d05853273cbe6a5db8dd588b7ae,332d5eed1b72703c94109d6a0a930e803d948d05853273cbe6a5db8dd588b7ae,False,
Nuclear_Graphite_Stress_Surrogate/outputs/12_v11_gain_stability_audit/iteration_3/case_cache/validation/case_165.csv,outputs/12_v11_gain_stability_audit/iteration_3/case_cache/validation/case_165.csv,executed_research_artifact,19997,409e5b0d774fb1385dfc29adb6502eae64b780336554033a5ec8a031e5060d4d,409e5b0d774fb1385dfc29adb6502eae64b780336554033a5ec8a031e5060d4d,False,
Nuclear_Graphite_Stress_Surrogate/outputs/12_v11_gain_stability_audit/iteration_3/case_cache/validation/case_181.csv,outputs/12_v11_gain_stability_audit/iteration_3/case_cache/validation/case_181.csv,executed_research_artifact,20100,4d20b916d1ba3dd8f562fac431a0963e66480b5816e64c612ccc35683fe0292c,4d20b916d1ba3dd8f562fac431a0963e66480b5816e64c612ccc35683fe0292c,False,
Nuclear_Graphite_Stress_Surrogate/outputs/12_v11_gain_stability_audit/iteration_3/case_cache/validation/case_190.csv,outputs/12_v11_gain_stability_audit/iteration_3/case_cache/validation/case_190.csv,executed_research_artifact,19955,9b690d164b3b1574695ae49c9182350af69d8a4ada14a0a51f59237255d45fa6,9b690d164b3b1574695ae49c9182350af69d8a4ada14a0a51f59237255d45fa6,False,
Nuclear_Graphite_Stress_Surrogate/outputs/12_v11_gain_stability_audit/iteration_3/case_cache/validation/case_24.csv,outputs/12_v11_gain_stability_audit/iteration_3/case_cache/validation/case_24.csv,executed_research_artifact,19549,96ec820715d80e87edc09d538e62040f4955339db56384437e3ccdabb15af307,96ec820715d80e87edc09d538e62040f4955339db56384437e3ccdabb15af307,False,
Nuclear_Graphite_Stress_Surrogate/outputs/12_v11_gain_stability_audit/iteration_3/case_cache/validation/case_36.csv,outputs/12_v11_gain_stability_audit/iteration_3/case_cache/validation/case_36.csv,executed_research_artifact,19566,171ae349569c9d444ff13edf5f1fdca40a2abfb0d793d0a08407bc8ee2dfe9cc,171ae349569c9d444ff13edf5f1fdca40a2abfb0d793d0a08407bc8ee2dfe9cc,False,
Nuclear_Graphite_Stress_Surrogate/outputs/12_v11_gain_stability_audit/iteration_3/case_cache/validation/case_39.csv,outputs/12_v11_gain_stability_audit/iteration_3/case_cache/validation/case_39.csv,executed_research_artifact,19693,434296f05e29210ff37789369af8a72295441b0713b2ebe21e921ca206c75cf7,434296f05e29210ff37789369af8a72295441b0713b2ebe21e921ca206c75cf7,False,
Nuclear_Graphite_Stress_Surrogate/outputs/12_v11_gain_stability_audit/iteration_3/case_cache/validation/case_63.csv,outputs/12_v11_gain_stability_audit/iteration_3/case_cache/validation/case_63.csv,executed_research_artifact,20072,2680f59fd8582a56d995fc43923834f638e3fd850da8fa854e5c2d4901f2500b,2680f59fd8582a56d995fc43923834f638e3fd850da8fa854e5c2d4901f2500b,False,
Nuclear_Graphite_Stress_Surrogate/outputs/12_v11_gain_stability_audit/iteration_3/case_cache/validation/case_74.csv,outputs/12_v11_gain_stability_audit/iteration_3/case_cache/validation/case_74.csv,executed_research_artifact,19723,37f3758069fcdd9c7f62140e129b7345307ca46641ada459f0823456efee92d0,37f3758069fcdd9c7f62140e129b7345307ca46641ada459f0823456efee92d0,False,
Nuclear_Graphite_Stress_Surrogate/outputs/12_v11_gain_stability_audit/iteration_3/case_cache/validation/case_78.csv,outputs/12_v11_gain_stability_audit/iteration_3/case_cache/validation/case_78.csv,executed_research_artifact,19716,b9f570f52808311e6991de821555277f9b5dc78f11c60762a2257bf43635f93e,b9f570f52808311e6991de821555277f9b5dc78f11c60762a2257bf43635f93e,False,
Nuclear_Graphite_Stress_Surrogate/outputs/12_v11_gain_stability_audit/iteration_3/frozen_v11_hash_audit.csv,outputs/12_v11_gain_stability_audit/iteration_3/frozen_v11_hash_audit.csv,executed_research_artifact,1494,11f5ceaba4aa2debd2116c12b34758f9f004bd31c6671ab73026a3e0dea84549,11f5ceaba4aa2debd2116c12b34758f9f004bd31c6671ab73026a3e0dea84549,False,
Nuclear_Graphite_Stress_Surrogate/outputs/12_v11_gain_stability_audit/iteration_3/internal_test_gain_case_metrics.csv.gz,outputs/12_v11_gain_stability_audit/iteration_3/internal_test_gain_case_metrics.csv.gz,executed_research_artifact,13826,7f29d7ff61c28acf74b193ba9f363bba89b2eeee7bfc8e25df71d5374cacde98,7f29d7ff61c28acf74b193ba9f363bba89b2eeee7bfc8e25df71d5374cacde98,False,
Nuclear_Graphite_Stress_Surrogate/outputs/12_v11_gain_stability_audit/iteration_3/paired_case_stability_summary.csv,outputs/12_v11_gain_stability_audit/iteration_3/paired_case_stability_summary.csv,executed_research_artifact,7711,656e73e60cc0958934dffd98e414584d395e6bf235550bcab00cf8edaf289575,656e73e60cc0958934dffd98e414584d395e6bf235550bcab00cf8edaf289575,False,
Nuclear_Graphite_Stress_Surrogate/outputs/12_v11_gain_stability_audit/iteration_3/preflight_checks.csv,outputs/12_v11_gain_stability_audit/iteration_3/preflight_checks.csv,executed_research_artifact,316,3b21b5aef54bbfbab13174ab3f873970761ebc692ef1ebeb41407242a3fcbe43,3b21b5aef54bbfbab13174ab3f873970761ebc692ef1ebeb41407242a3fcbe43,False,
Nuclear_Graphite_Stress_Surrogate/outputs/12_v11_gain_stability_audit/iteration_3/run_configuration.json,outputs/12_v11_gain_stability_audit/iteration_3/run_configuration.json,executed_research_artifact,196,98abb23e61cbb4df740e74574ead44596c3e942ff0a0c7e91270436852f38c84,98abb23e61cbb4df740e74574ead44596c3e942ff0a0c7e91270436852f38c84,False,
Nuclear_Graphite_Stress_Surrogate/outputs/12_v11_gain_stability_audit/iteration_3/run_status.json,outputs/12_v11_gain_stability_audit/iteration_3/run_status.json,executed_research_artifact,767,5d2f2b108e05163b659665cb924c982c0d88f695acff6026bb3bbae3fd18746e,5d2f2b108e05163b659665cb924c982c0d88f695acff6026bb3bbae3fd18746e,False,
Nuclear_Graphite_Stress_Surrogate/outputs/12_v11_gain_stability_audit/iteration_3/selected_gain.csv,outputs/12_v11_gain_stability_audit/iteration_3/selected_gain.csv,executed_research_artifact,1899,1a26b83e7fd94f3068398058f14a3b190fa5b00a7d20ea339f1ba65b62be6450,1a26b83e7fd94f3068398058f14a3b190fa5b00a7d20ea339f1ba65b62be6450,False,
Nuclear_Graphite_Stress_Surrogate/outputs/12_v11_gain_stability_audit/iteration_3/selected_gain.json,outputs/12_v11_gain_stability_audit/iteration_3/selected_gain.json,executed_research_artifact,315,491417312c2928a137e2e465b810da3c97a7dcbe49bd59aaa1e7802495475001,491417312c2928a137e2e465b810da3c97a7dcbe49bd59aaa1e7802495475001,False,
Nuclear_Graphite_Stress_Surrogate/outputs/12_v11_gain_stability_audit/iteration_3/selected_gain_case_deltas.png,outputs/12_v11_gain_stability_audit/iteration_3/selected_gain_case_deltas.png,executed_research_artifact,212964,ec4bb58ae65cc31e9f6d50b93f7f7e53787f158452b6a6a48d9a59fef7095c12,ec4bb58ae65cc31e9f6d50b93f7f7e53787f158452b6a6a48d9a59fef7095c12,False,
Nuclear_Graphite_Stress_Surrogate/outputs/12_v11_gain_stability_audit/iteration_3/selected_gain_formula.csv,outputs/12_v11_gain_stability_audit/iteration_3/selected_gain_formula.csv,executed_research_artifact,4909,8308b002e49a39402c48be5d323f0dddc2cc06ce5511bd4151b71e40c5b4996e,8308b002e49a39402c48be5d323f0dddc2cc06ce5511bd4151b71e40c5b4996e,False,
Nuclear_Graphite_Stress_Surrogate/outputs/12_v11_gain_stability_audit/iteration_3/selected_gain_formula.txt,outputs/12_v11_gain_stability_audit/iteration_3/selected_gain_formula.txt,executed_research_artifact,5032,7b336d9c0c4130551ae1c67d2e96daeab5abb53898b7e33be7cd1c3cd35bc35b,7b336d9c0c4130551ae1c67d2e96daeab5abb53898b7e33be7cd1c3cd35bc35b,False,
Nuclear_Graphite_Stress_Surrogate/outputs/12_v11_gain_stability_audit/iteration_3/selected_models_case_metrics.csv.gz,outputs/12_v11_gain_stability_audit/iteration_3/selected_models_case_metrics.csv.gz,executed_research_artifact,27622,421f49f6b1ee7a7ca7a9969e5ec1753139e98b51196a5b715d400262c20bb143,421f49f6b1ee7a7ca7a9969e5ec1753139e98b51196a5b715d400262c20bb143,False,
Nuclear_Graphite_Stress_Surrogate/outputs/12_v11_gain_stability_audit/iteration_3/selected_models_split_metrics.csv,outputs/12_v11_gain_stability_audit/iteration_3/selected_models_split_metrics.csv,executed_research_artifact,3571,8cfc85d42a5c81f3ed3772afacb5d2e8c7e72e0f6cbbe5282752d311d27c6741,8cfc85d42a5c81f3ed3772afacb5d2e8c7e72e0f6cbbe5282752d311d27c6741,False,
Nuclear_Graphite_Stress_Surrogate/outputs/12_v11_gain_stability_audit/iteration_3/selected_models_tail_adaptation.csv,outputs/12_v11_gain_stability_audit/iteration_3/selected_models_tail_adaptation.csv,executed_research_artifact,1446,a4bb082c6ea6e3ceb253698aca19513d754ed474a6048884fd27fef5034a45d6,a4bb082c6ea6e3ceb253698aca19513d754ed474a6048884fd27fef5034a45d6,False,
Nuclear_Graphite_Stress_Surrogate/outputs/12_v11_gain_stability_audit/iteration_3/v11_reproduction_audit.csv,outputs/12_v11_gain_stability_audit/iteration_3/v11_reproduction_audit.csv,executed_research_artifact,40783,3bdbc675375aadcdc9a920d0842f99e763b44aa9c2e05c08cd2b7262d9f98815,3bdbc675375aadcdc9a920d0842f99e763b44aa9c2e05c08cd2b7262d9f98815,False,
Nuclear_Graphite_Stress_Surrogate/outputs/12_v11_gain_stability_audit/iteration_3/validation_gain_case_metrics.csv.gz,outputs/12_v11_gain_stability_audit/iteration_3/validation_gain_case_metrics.csv.gz,executed_research_artifact,73174,1df17da37576b63d5e4269e5ed3855ee77b7fce0fc75f317af63e98abd6cafc1,1df17da37576b63d5e4269e5ed3855ee77b7fce0fc75f317af63e98abd6cafc1,False,
Nuclear_Graphite_Stress_Surrogate/outputs/12_v11_gain_stability_audit/iteration_3/validation_gain_summary.csv,outputs/12_v11_gain_stability_audit/iteration_3/validation_gain_summary.csv,executed_research_artifact,17631,dec00f3390aad9a84c52b2ca71ce1ff838d8d35a3a9425055feb3cd05c4b8fd7,dec00f3390aad9a84c52b2ca71ce1ff838d8d35a3a9425055feb3cd05c4b8fd7,False,
Nuclear_Graphite_Stress_Surrogate/outputs/12_v11_gain_stability_audit/iteration_3/validation_gain_tradeoff.png,outputs/12_v11_gain_stability_audit/iteration_3/validation_gain_tradeoff.png,executed_research_artifact,279465,9f88d5c544bf9d91401e737a14ea3407ae81147b95b2ce165f30df9551b53dcf,9f88d5c544bf9d91401e737a14ea3407ae81147b95b2ce165f30df9551b53dcf,False,
Nuclear_Graphite_Stress_Surrogate/outputs/12_v11_gain_stability_audit/iteration_3/worst_case_diagnostics.csv,outputs/12_v11_gain_stability_audit/iteration_3/worst_case_diagnostics.csv,executed_research_artifact,34882,05c6bc2f35b9737aeb10d64fc69776961754b0a30a8eec98a387cfdb1ce41fa5,05c6bc2f35b9737aeb10d64fc69776961754b0a30a8eec98a387cfdb1ce41fa5,False,
Nuclear_Graphite_Stress_Surrogate/outputs/12_v11_gain_stability_audit/iteration_4/audit_complete.json,outputs/12_v11_gain_stability_audit/iteration_4/audit_complete.json,executed_research_artifact,745,30d526b11566c1366115d8f4d6bbc6ae48c76b9434746dcd64b4a25b19e6d6e4,30d526b11566c1366115d8f4d6bbc6ae48c76b9434746dcd64b4a25b19e6d6e4,False,
Nuclear_Graphite_Stress_Surrogate/outputs/12_v11_gain_stability_audit/iteration_4/audit_signature.json,outputs/12_v11_gain_stability_audit/iteration_4/audit_signature.json,executed_research_artifact,2337,61ff286111ffdfb69ad8127932f32e60cac1e5e8a886ddaf65fcc1ab8cae6a4f,61ff286111ffdfb69ad8127932f32e60cac1e5e8a886ddaf65fcc1ab8cae6a4f,False,
Nuclear_Graphite_Stress_Surrogate/outputs/12_v11_gain_stability_audit/iteration_4/case_cache/internal_test/case_118.csv,outputs/12_v11_gain_stability_audit/iteration_4/case_cache/internal_test/case_118.csv,executed_research_artifact,3651,394b924a75932a62be8a6c21c2b054bac65fe6b564bb87633c898b897d7d2818,394b924a75932a62be8a6c21c2b054bac65fe6b564bb87633c898b897d7d2818,False,
Nuclear_Graphite_Stress_Surrogate/outputs/12_v11_gain_stability_audit/iteration_4/case_cache/internal_test/case_124.csv,outputs/12_v11_gain_stability_audit/iteration_4/case_cache/internal_test/case_124.csv,executed_research_artifact,3712,a44cfb7911a420237831d5a4ae05320bbaf6ec5cd38b06734c3b3f898fc5b637,a44cfb7911a420237831d5a4ae05320bbaf6ec5cd38b06734c3b3f898fc5b637,False,
Nuclear_Graphite_Stress_Surrogate/outputs/12_v11_gain_stability_audit/iteration_4/case_cache/internal_test/case_133.csv,outputs/12_v11_gain_stability_audit/iteration_4/case_cache/internal_test/case_133.csv,executed_research_artifact,3715,6b112fb01c26dbed1518377d0a6fcc6482246141a2d0dc58a7bf3b964fdf86c2,6b112fb01c26dbed1518377d0a6fcc6482246141a2d0dc58a7bf3b964fdf86c2,False,
Nuclear_Graphite_Stress_Surrogate/outputs/12_v11_gain_stability_audit/iteration_4/case_cache/internal_test/case_154.csv,outputs/12_v11_gain_stability_audit/iteration_4/case_cache/internal_test/case_154.csv,executed_research_artifact,3740,04cd1ede67cbac264ab703d3c73b945604a8d8c7dea9de712b7f683ffc58707b,04cd1ede67cbac264ab703d3c73b945604a8d8c7dea9de712b7f683ffc58707b,False,
Nuclear_Graphite_Stress_Surrogate/outputs/12_v11_gain_stability_audit/iteration_4/case_cache/internal_test/case_156.csv,outputs/12_v11_gain_stability_audit/iteration_4/case_cache/internal_test/case_156.csv,executed_research_artifact,3715,582002c7527c312e51b5b57e7303b457cfeb07aecece5c93460949ee6be06b42,582002c7527c312e51b5b57e7303b457cfeb07aecece5c93460949ee6be06b42,False,
Nuclear_Graphite_Stress_Surrogate/outputs/12_v11_gain_stability_audit/iteration_4/case_cache/internal_test/case_163.csv,outputs/12_v11_gain_stability_audit/iteration_4/case_cache/internal_test/case_163.csv,executed_research_artifact,3751,c7005413493ab9f54e1c790321bb56a6268571c5d55c60d2a07109e8d4087718,c7005413493ab9f54e1c790321bb56a6268571c5d55c60d2a07109e8d4087718,False,
Nuclear_Graphite_Stress_Surrogate/outputs/12_v11_gain_stability_audit/iteration_4/case_cache/internal_test/case_180.csv,outputs/12_v11_gain_stability_audit/iteration_4/case_cache/internal_test/case_180.csv,executed_research_artifact,3640,00c51be31d068bf925c4ed5891de6c95373d1c90b7e68a807946bf1f7ae08828,00c51be31d068bf925c4ed5891de6c95373d1c90b7e68a807946bf1f7ae08828,False,
Nuclear_Graphite_Stress_Surrogate/outputs/12_v11_gain_stability_audit/iteration_4/case_cache/internal_test/case_185.csv,outputs/12_v11_gain_stability_audit/iteration_4/case_cache/internal_test/case_185.csv,executed_research_artifact,3659,bbea15504972b75ed73bd860269aaf49347a162956d3c31d0d0df024d08ff600,bbea15504972b75ed73bd860269aaf49347a162956d3c31d0d0df024d08ff600,False,
Nuclear_Graphite_Stress_Surrogate/outputs/12_v11_gain_stability_audit/iteration_4/case_cache/internal_test/case_186.csv,outputs/12_v11_gain_stability_audit/iteration_4/case_cache/internal_test/case_186.csv,executed_research_artifact,3715,8c8ad8385ef3f2226c837effb58fdc57b2e122008bc9bd83ac64c6e98d34f8d5,8c8ad8385ef3f2226c837effb58fdc57b2e122008bc9bd83ac64c6e98d34f8d5,False,
Nuclear_Graphite_Stress_Surrogate/outputs/12_v11_gain_stability_audit/iteration_4/case_cache/internal_test/case_189.csv,outputs/12_v11_gain_stability_audit/iteration_4/case_cache/internal_test/case_189.csv,executed_research_artifact,3653,4c70fcb32d3ba9499da2ab43296d2cad90320d7010eaf9d83808dd5d8192111a,4c70fcb32d3ba9499da2ab43296d2cad90320d7010eaf9d83808dd5d8192111a,False,
Nuclear_Graphite_Stress_Surrogate/outputs/12_v11_gain_stability_audit/iteration_4/case_cache/internal_test/case_190.csv,outputs/12_v11_gain_stability_audit/iteration_4/case_cache/internal_test/case_190.csv,executed_research_artifact,3746,fa1e7bf44ddcdac08f49f8761907752e3cf4e6100ba71b539eac344cde5b047a,fa1e7bf44ddcdac08f49f8761907752e3cf4e6100ba71b539eac344cde5b047a,False,
Nuclear_Graphite_Stress_Surrogate/outputs/12_v11_gain_stability_audit/iteration_4/case_cache/internal_test/case_200.csv,outputs/12_v11_gain_stability_audit/iteration_4/case_cache/internal_test/case_200.csv,executed_research_artifact,3728,e990a97d81e58a2d0c4c2c7c84aac6d4632b75c0e63d3cbc55b84a8a93ced3ce,e990a97d81e58a2d0c4c2c7c84aac6d4632b75c0e63d3cbc55b84a8a93ced3ce,False,
Nuclear_Graphite_Stress_Surrogate/outputs/12_v11_gain_stability_audit/iteration_4/case_cache/internal_test/case_79.csv,outputs/12_v11_gain_stability_audit/iteration_4/case_cache/internal_test/case_79.csv,executed_research_artifact,3724,7a14c7be4fc52cdac5d580634c7666add02cc4f76ff3375762b43b7ea85d35f0,7a14c7be4fc52cdac5d580634c7666add02cc4f76ff3375762b43b7ea85d35f0,False,
Nuclear_Graphite_Stress_Surrogate/outputs/12_v11_gain_stability_audit/iteration_4/case_cache/internal_test/case_89.csv,outputs/12_v11_gain_stability_audit/iteration_4/case_cache/internal_test/case_89.csv,executed_research_artifact,3709,e3c7df6d2aa511691930f84b7774f88bdd4416e37f30e57463f4ba273821253f,e3c7df6d2aa511691930f84b7774f88bdd4416e37f30e57463f4ba273821253f,False,
Nuclear_Graphite_Stress_Surrogate/outputs/12_v11_gain_stability_audit/iteration_4/case_cache/internal_test/case_99.csv,outputs/12_v11_gain_stability_audit/iteration_4/case_cache/internal_test/case_99.csv,executed_research_artifact,3706,4644e1d46cbd75eb6e42e14aab618fe0b1e568ba13f8d9778325a394b572fd3b,4644e1d46cbd75eb6e42e14aab618fe0b1e568ba13f8d9778325a394b572fd3b,False,
Nuclear_Graphite_Stress_Surrogate/outputs/12_v11_gain_stability_audit/iteration_4/case_cache/validation/case_107.csv,outputs/12_v11_gain_stability_audit/iteration_4/case_cache/validation/case_107.csv,executed_research_artifact,20262,23639d1bb2ca5d007ffca1a2dab6601d3758b1306c6fa6e47468f1ce8d15e2c3,23639d1bb2ca5d007ffca1a2dab6601d3758b1306c6fa6e47468f1ce8d15e2c3,False,
Nuclear_Graphite_Stress_Surrogate/outputs/12_v11_gain_stability_audit/iteration_4/case_cache/validation/case_109.csv,outputs/12_v11_gain_stability_audit/iteration_4/case_cache/validation/case_109.csv,executed_research_artifact,20204,7479d6dd60f605a98b81c0834c3e3d8d7e430bdd4a98bac41d16e45156c334b7,7479d6dd60f605a98b81c0834c3e3d8d7e430bdd4a98bac41d16e45156c334b7,False,
Nuclear_Graphite_Stress_Surrogate/outputs/12_v11_gain_stability_audit/iteration_4/case_cache/validation/case_11.csv,outputs/12_v11_gain_stability_audit/iteration_4/case_cache/validation/case_11.csv,executed_research_artifact,20186,5e7581c98b64e4d723859286f5cbe65670cdc9fdf590b50e50036860c7b1914f,5e7581c98b64e4d723859286f5cbe65670cdc9fdf590b50e50036860c7b1914f,False,
Nuclear_Graphite_Stress_Surrogate/outputs/12_v11_gain_stability_audit/iteration_4/case_cache/validation/case_139.csv,outputs/12_v11_gain_stability_audit/iteration_4/case_cache/validation/case_139.csv,executed_research_artifact,20367,69b0891b13cec006cd4a4ebedef297de03156519bf591e172f14d8b3b3bd655d,69b0891b13cec006cd4a4ebedef297de03156519bf591e172f14d8b3b3bd655d,False,
Nuclear_Graphite_Stress_Surrogate/outputs/12_v11_gain_stability_audit/iteration_4/case_cache/validation/case_166.csv,outputs/12_v11_gain_stability_audit/iteration_4/case_cache/validation/case_166.csv,executed_research_artifact,20316,512ac3163bb2a15b0020fce47969560d131ca73c51ba976fa332f2b5c456d8a9,512ac3163bb2a15b0020fce47969560d131ca73c51ba976fa332f2b5c456d8a9,False,
Nuclear_Graphite_Stress_Surrogate/outputs/12_v11_gain_stability_audit/iteration_4/case_cache/validation/case_17.csv,outputs/12_v11_gain_stability_audit/iteration_4/case_cache/validation/case_17.csv,executed_research_artifact,20115,403677ec678322ab3786bfec9c50d43946df2eaedf2ee0f843143ecee6efa2ff,403677ec678322ab3786bfec9c50d43946df2eaedf2ee0f843143ecee6efa2ff,False,
Nuclear_Graphite_Stress_Surrogate/outputs/12_v11_gain_stability_audit/iteration_4/case_cache/validation/case_183.csv,outputs/12_v11_gain_stability_audit/iteration_4/case_cache/validation/case_183.csv,executed_research_artifact,20287,8136a68250d91057e4987800b6884b02b0b6efcc201d02c8d66cf5b8544b2042,8136a68250d91057e4987800b6884b02b0b6efcc201d02c8d66cf5b8544b2042,False,
Nuclear_Graphite_Stress_Surrogate/outputs/12_v11_gain_stability_audit/iteration_4/case_cache/validation/case_191.csv,outputs/12_v11_gain_stability_audit/iteration_4/case_cache/validation/case_191.csv,executed_research_artifact,19698,76b966253dcc5628f668bcc1832d1e49c908440fd2a61c6b60698ed34a49f615,76b966253dcc5628f668bcc1832d1e49c908440fd2a61c6b60698ed34a49f615,False,
Nuclear_Graphite_Stress_Surrogate/outputs/12_v11_gain_stability_audit/iteration_4/case_cache/validation/case_192.csv,outputs/12_v11_gain_stability_audit/iteration_4/case_cache/validation/case_192.csv,executed_research_artifact,20312,aa25fa45bb1ee0e061e765ff33d6c997e11b4a064c5bbf9153f703db6ac9b105,aa25fa45bb1ee0e061e765ff33d6c997e11b4a064c5bbf9153f703db6ac9b105,False,
Nuclear_Graphite_Stress_Surrogate/outputs/12_v11_gain_stability_audit/iteration_4/case_cache/validation/case_199.csv,outputs/12_v11_gain_stability_audit/iteration_4/case_cache/validation/case_199.csv,executed_research_artifact,20317,10695ddab50b472beb04361c71076102f656ec930d19d78553f2222446b995c9,10695ddab50b472beb04361c71076102f656ec930d19d78553f2222446b995c9,False,
Nuclear_Graphite_Stress_Surrogate/outputs/12_v11_gain_stability_audit/iteration_4/case_cache/validation/case_44.csv,outputs/12_v11_gain_stability_audit/iteration_4/case_cache/validation/case_44.csv,executed_research_artifact,19498,5f4041469efc2a79d53cf798a0cb109f68a59097ca852c25c643ed54a3daff86,5f4041469efc2a79d53cf798a0cb109f68a59097ca852c25c643ed54a3daff86,False,
Nuclear_Graphite_Stress_Surrogate/outputs/12_v11_gain_stability_audit/iteration_4/case_cache/validation/case_61.csv,outputs/12_v11_gain_stability_audit/iteration_4/case_cache/validation/case_61.csv,executed_research_artifact,20196,fc2ef7d09d77b1d0324822ee5a3d786051366501c7db6864d5d2cc140c0be9d3,fc2ef7d09d77b1d0324822ee5a3d786051366501c7db6864d5d2cc140c0be9d3,False,
Nuclear_Graphite_Stress_Surrogate/outputs/12_v11_gain_stability_audit/iteration_4/case_cache/validation/case_69.csv,outputs/12_v11_gain_stability_audit/iteration_4/case_cache/validation/case_69.csv,executed_research_artifact,20364,338764c17895859c52e3b98706e621a17bd01f20a195221390fe8ebeba4da055,338764c17895859c52e3b98706e621a17bd01f20a195221390fe8ebeba4da055,False,
Nuclear_Graphite_Stress_Surrogate/outputs/12_v11_gain_stability_audit/iteration_4/case_cache/validation/case_78.csv,outputs/12_v11_gain_stability_audit/iteration_4/case_cache/validation/case_78.csv,executed_research_artifact,19870,9d2f5f3985936fe4092fcd4a9b3e52326563eb57ae4bfd63694bd9d24d8cd667,9d2f5f3985936fe4092fcd4a9b3e52326563eb57ae4bfd63694bd9d24d8cd667,False,
Nuclear_Graphite_Stress_Surrogate/outputs/12_v11_gain_stability_audit/iteration_4/case_cache/validation/case_91.csv,outputs/12_v11_gain_stability_audit/iteration_4/case_cache/validation/case_91.csv,executed_research_artifact,20359,a5d3a932b9f7011c5fd6a98834a01bbc77d28793f9b2955e1ffcd7d6839d5129,a5d3a932b9f7011c5fd6a98834a01bbc77d28793f9b2955e1ffcd7d6839d5129,False,
Nuclear_Graphite_Stress_Surrogate/outputs/12_v11_gain_stability_audit/iteration_4/frozen_v11_hash_audit.csv,outputs/12_v11_gain_stability_audit/iteration_4/frozen_v11_hash_audit.csv,executed_research_artifact,1494,4f2408f00ed1d9b35ba431abe7d3a22e1ddd336003bb30b8ba0df9f2ce062919,4f2408f00ed1d9b35ba431abe7d3a22e1ddd336003bb30b8ba0df9f2ce062919,False,
Nuclear_Graphite_Stress_Surrogate/outputs/12_v11_gain_stability_audit/iteration_4/internal_test_gain_case_metrics.csv.gz,outputs/12_v11_gain_stability_audit/iteration_4/internal_test_gain_case_metrics.csv.gz,executed_research_artifact,8872,8a244535743c819765bb4d57629097440c4a422337a8b45d661d942f3ba024aa,8a244535743c819765bb4d57629097440c4a422337a8b45d661d942f3ba024aa,False,
Nuclear_Graphite_Stress_Surrogate/outputs/12_v11_gain_stability_audit/iteration_4/paired_case_stability_summary.csv,outputs/12_v11_gain_stability_audit/iteration_4/paired_case_stability_summary.csv,executed_research_artifact,6305,7f371bf698f1c655d7fc4a72923ae6e5d5956f5f6bdcfe693e8666962a45139e,7f371bf698f1c655d7fc4a72923ae6e5d5956f5f6bdcfe693e8666962a45139e,False,
Nuclear_Graphite_Stress_Surrogate/outputs/12_v11_gain_stability_audit/iteration_4/preflight_checks.csv,outputs/12_v11_gain_stability_audit/iteration_4/preflight_checks.csv,executed_research_artifact,318,6ba5657fea6e1f9946976384b3256b1f54949cc92f7d4ab69da8d133c4ab8488,6ba5657fea6e1f9946976384b3256b1f54949cc92f7d4ab69da8d133c4ab8488,False,
Nuclear_Graphite_Stress_Surrogate/outputs/12_v11_gain_stability_audit/iteration_4/run_configuration.json,outputs/12_v11_gain_stability_audit/iteration_4/run_configuration.json,executed_research_artifact,196,dfe1dcd21260b8e58af002ceaf3c3ad3f73583abe13958b55cb72269609c7898,dfe1dcd21260b8e58af002ceaf3c3ad3f73583abe13958b55cb72269609c7898,False,
Nuclear_Graphite_Stress_Surrogate/outputs/12_v11_gain_stability_audit/iteration_4/run_status.json,outputs/12_v11_gain_stability_audit/iteration_4/run_status.json,executed_research_artifact,768,c912ba1d9e443bc7af63ef4e731bda148d6ddb06126a13402ce09438347a07ee,c912ba1d9e443bc7af63ef4e731bda148d6ddb06126a13402ce09438347a07ee,False,
Nuclear_Graphite_Stress_Surrogate/outputs/12_v11_gain_stability_audit/iteration_4/selected_gain.csv,outputs/12_v11_gain_stability_audit/iteration_4/selected_gain.csv,executed_research_artifact,1899,a4734f2454d3e324e70110d6ca282973bb994ee617c0b0bfd543afbcc0a01d1b,a4734f2454d3e324e70110d6ca282973bb994ee617c0b0bfd543afbcc0a01d1b,False,
Nuclear_Graphite_Stress_Surrogate/outputs/12_v11_gain_stability_audit/iteration_4/selected_gain.json,outputs/12_v11_gain_stability_audit/iteration_4/selected_gain.json,executed_research_artifact,315,09cd7cb88ab748fdf93ef9b78c5dd1a4d4bbc560d250368e65caa2fea7416faa,09cd7cb88ab748fdf93ef9b78c5dd1a4d4bbc560d250368e65caa2fea7416faa,False,
Nuclear_Graphite_Stress_Surrogate/outputs/12_v11_gain_stability_audit/iteration_4/selected_gain_case_deltas.png,outputs/12_v11_gain_stability_audit/iteration_4/selected_gain_case_deltas.png,executed_research_artifact,216004,b4cd93c2951e3d9c4ae8530d3380264625809ab6e332c24e0bf5938495a94082,b4cd93c2951e3d9c4ae8530d3380264625809ab6e332c24e0bf5938495a94082,False,
Nuclear_Graphite_Stress_Surrogate/outputs/12_v11_gain_stability_audit/iteration_4/selected_gain_formula.csv,outputs/12_v11_gain_stability_audit/iteration_4/selected_gain_formula.csv,executed_research_artifact,4659,97c7798bf238ae77c017d26a4f2988e879b4356a6d47eb5f08defbe9fe99ff92,97c7798bf238ae77c017d26a4f2988e879b4356a6d47eb5f08defbe9fe99ff92,False,
Nuclear_Graphite_Stress_Surrogate/outputs/12_v11_gain_stability_audit/iteration_4/selected_gain_formula.txt,outputs/12_v11_gain_stability_audit/iteration_4/selected_gain_formula.txt,executed_research_artifact,4782,1879b3e4ddc2f9bc4db9e480472f4c2d9d444b1880b58085bf252a4e66272a75,1879b3e4ddc2f9bc4db9e480472f4c2d9d444b1880b58085bf252a4e66272a75,False,
Nuclear_Graphite_Stress_Surrogate/outputs/12_v11_gain_stability_audit/iteration_4/selected_models_case_metrics.csv.gz,outputs/12_v11_gain_stability_audit/iteration_4/selected_models_case_metrics.csv.gz,executed_research_artifact,17593,471d9df9db19fe897a6b5694a5e36df760bb0b3664c685c29f5096e89f38231f,471d9df9db19fe897a6b5694a5e36df760bb0b3664c685c29f5096e89f38231f,False,
Nuclear_Graphite_Stress_Surrogate/outputs/12_v11_gain_stability_audit/iteration_4/selected_models_split_metrics.csv,outputs/12_v11_gain_stability_audit/iteration_4/selected_models_split_metrics.csv,executed_research_artifact,3563,22281532e5d0c70076faa1bae87cfb2195f6500e7eb00c6d9566af9986ac7095,22281532e5d0c70076faa1bae87cfb2195f6500e7eb00c6d9566af9986ac7095,False,
Nuclear_Graphite_Stress_Surrogate/outputs/12_v11_gain_stability_audit/iteration_4/selected_models_tail_adaptation.csv,outputs/12_v11_gain_stability_audit/iteration_4/selected_models_tail_adaptation.csv,executed_research_artifact,1497,e398f81164879eaec772cc1ab8ccd8e10757ec99a7b49ed4b0f0d924a3b4d2bc,e398f81164879eaec772cc1ab8ccd8e10757ec99a7b49ed4b0f0d924a3b4d2bc,False,
Nuclear_Graphite_Stress_Surrogate/outputs/12_v11_gain_stability_audit/iteration_4/v11_reproduction_audit.csv,outputs/12_v11_gain_stability_audit/iteration_4/v11_reproduction_audit.csv,executed_research_artifact,41036,62e6475228f742bf1862bf49115ba40137ee58500df2682e6170a60d8553f7d3,62e6475228f742bf1862bf49115ba40137ee58500df2682e6170a60d8553f7d3,False,
Nuclear_Graphite_Stress_Surrogate/outputs/12_v11_gain_stability_audit/iteration_4/validation_gain_case_metrics.csv.gz,outputs/12_v11_gain_stability_audit/iteration_4/validation_gain_case_metrics.csv.gz,executed_research_artifact,11865,8ab367eef6f036d47da1778c25d3af77bbc0b65f06ed2b60f2e8f0d196ac794a,8ab367eef6f036d47da1778c25d3af77bbc0b65f06ed2b60f2e8f0d196ac794a,False,
Nuclear_Graphite_Stress_Surrogate/outputs/12_v11_gain_stability_audit/iteration_4/validation_gain_summary.csv,outputs/12_v11_gain_stability_audit/iteration_4/validation_gain_summary.csv,executed_research_artifact,17525,ce43ba8d7b5e665433c169bf758ccd4bea19ba7a715533911626fd6dd6450bcf,ce43ba8d7b5e665433c169bf758ccd4bea19ba7a715533911626fd6dd6450bcf,False,
Nuclear_Graphite_Stress_Surrogate/outputs/12_v11_gain_stability_audit/iteration_4/validation_gain_tradeoff.png,outputs/12_v11_gain_stability_audit/iteration_4/validation_gain_tradeoff.png,executed_research_artifact,198001,77289b91480e405d044437bba05a521aa3e8701ee9e1b2cdcd1e976c82fd9204,77289b91480e405d044437bba05a521aa3e8701ee9e1b2cdcd1e976c82fd9204,False,
Nuclear_Graphite_Stress_Surrogate/outputs/12_v11_gain_stability_audit/iteration_4/worst_case_diagnostics.csv,outputs/12_v11_gain_stability_audit/iteration_4/worst_case_diagnostics.csv,executed_research_artifact,34923,b893c8077f0cb4fd3f75572f1ef002f8a94531a61b561f5eaf45542216208931,b893c8077f0cb4fd3f75572f1ef002f8a94531a61b561f5eaf45542216208931,False,
Nuclear_Graphite_Stress_Surrogate/outputs/17_v11_four_rotation_formal/four_rotation_summary/aggregation_complete.json,outputs/17_v11_four_rotation_formal/four_rotation_summary/aggregation_complete.json,executed_research_artifact,395,c3a3863752e6e42145db2a4370a9e9d69c3dc83d9e286d38e1c89a82b73d2a12,c3a3863752e6e42145db2a4370a9e9d69c3dc83d9e286d38e1c89a82b73d2a12,False,
Nuclear_Graphite_Stress_Surrogate/outputs/17_v11_four_rotation_formal/four_rotation_summary/all_rotation_selected_formulas.csv,outputs/17_v11_four_rotation_formal/four_rotation_summary/all_rotation_selected_formulas.csv,executed_research_artifact,19516,7a0ef5e1d9be1b6fc4dd617bdb3f9fedc24861e6835df5e195b09563f1e82dc8,7a0ef5e1d9be1b6fc4dd617bdb3f9fedc24861e6835df5e195b09563f1e82dc8,False,
Nuclear_Graphite_Stress_Surrogate/outputs/17_v11_four_rotation_formal/four_rotation_summary/all_rotation_split_metrics.csv,outputs/17_v11_four_rotation_formal/four_rotation_summary/all_rotation_split_metrics.csv,executed_research_artifact,12772,a9251ca78d867bd80ac2c4dde401f992a0af66c34a93f260f2f8dfd7daaf9742,a9251ca78d867bd80ac2c4dde401f992a0af66c34a93f260f2f8dfd7daaf9742,False,
Nuclear_Graphite_Stress_Surrogate/outputs/17_v11_four_rotation_formal/four_rotation_summary/executed_notebooks/four_rotation_aggregate_executed.ipynb,outputs/17_v11_four_rotation_formal/four_rotation_summary/executed_notebooks/four_rotation_aggregate_executed.ipynb,executed_research_artifact,15912,acfded41fdb022203ed0b3967534b8c9999408b30b779999241a4a2efffd586f,acfded41fdb022203ed0b3967534b8c9999408b30b779999241a4a2efffd586f,False,
Nuclear_Graphite_Stress_Surrogate/outputs/17_v11_four_rotation_formal/four_rotation_summary/rotation_completion_summary.csv,outputs/17_v11_four_rotation_formal/four_rotation_summary/rotation_completion_summary.csv,executed_research_artifact,1860,e5d8dae51ad44b7530cfd6e4598cfd69b0465cfe52b6abf611628d23b05dd959,e5d8dae51ad44b7530cfd6e4598cfd69b0465cfe52b6abf611628d23b05dd959,False,
Nuclear_Graphite_Stress_Surrogate/outputs/17_v11_four_rotation_formal/four_rotation_summary/selected_model_stability_summary.csv,outputs/17_v11_four_rotation_formal/four_rotation_summary/selected_model_stability_summary.csv,executed_research_artifact,460,45f55b82ba986845014c1e1758362db8a83a33d8a9bbcfaf49f24ef918b2b442,45f55b82ba986845014c1e1758362db8a83a33d8a9bbcfaf49f24ef918b2b442,False,
Nuclear_Graphite_Stress_Surrogate/outputs/17_v11_four_rotation_formal/iteration_1/pipeline_complete.json,outputs/17_v11_four_rotation_formal/iteration_1/pipeline_complete.json,executed_research_artifact,696,0b8bc35e05a7b44f327c172421f1744fec58a86aa546f0409321e2a4dd19736e,0b8bc35e05a7b44f327c172421f1744fec58a86aa546f0409321e2a4dd19736e,False,
Nuclear_Graphite_Stress_Surrogate/outputs/17_v11_four_rotation_formal/iteration_1/registered_artifact_hashes.csv,outputs/17_v11_four_rotation_formal/iteration_1/registered_artifact_hashes.csv,executed_research_artifact,1551,53931bd2ece1c19bfc6cd125eaebbd72d3e5d202e8f816a51a681ea2ca70d61d,53931bd2ece1c19bfc6cd125eaebbd72d3e5d202e8f816a51a681ea2ca70d61d,False,
Nuclear_Graphite_Stress_Surrogate/outputs/17_v11_four_rotation_formal/iteration_2/executed_notebooks/formal_v11_iteration_2_job_18895946.ipynb,outputs/17_v11_four_rotation_formal/iteration_2/executed_notebooks/formal_v11_iteration_2_job_18895946.ipynb,executed_research_artifact,90916,b626d14836f8e864b2ad252452d022372b5a0595635d9eb69b3ba4ff79a15aeb,b626d14836f8e864b2ad252452d022372b5a0595635d9eb69b3ba4ff79a15aeb,False,
Nuclear_Graphite_Stress_Surrogate/outputs/17_v11_four_rotation_formal/iteration_2/locked_configuration.json,outputs/17_v11_four_rotation_formal/iteration_2/locked_configuration.json,executed_research_artifact,1552,6a029ca3b33bb056870f2a381b0ea6507098a81572458376dc3de7195f4dce0d,6a029ca3b33bb056870f2a381b0ea6507098a81572458376dc3de7195f4dce0d,False,
Nuclear_Graphite_Stress_Surrogate/outputs/17_v11_four_rotation_formal/iteration_2/pipeline_complete.json,outputs/17_v11_four_rotation_formal/iteration_2/pipeline_complete.json,executed_research_artifact,776,038453db8e387343fe2dfd18a9d3b8b140f82be6707744a8d109eb19074f0ae7,038453db8e387343fe2dfd18a9d3b8b140f82be6707744a8d109eb19074f0ae7,False,
Nuclear_Graphite_Stress_Surrogate/outputs/17_v11_four_rotation_formal/iteration_2/run_status.json,outputs/17_v11_four_rotation_formal/iteration_2/run_status.json,executed_research_artifact,776,038453db8e387343fe2dfd18a9d3b8b140f82be6707744a8d109eb19074f0ae7,038453db8e387343fe2dfd18a9d3b8b140f82be6707744a8d109eb19074f0ae7,False,
Nuclear_Graphite_Stress_Surrogate/outputs/17_v11_four_rotation_formal/iteration_3/executed_notebooks/formal_v11_iteration_3_job_18929862.ipynb,outputs/17_v11_four_rotation_formal/iteration_3/executed_notebooks/formal_v11_iteration_3_job_18929862.ipynb,executed_research_artifact,89733,3716a4e89d46869b8c1a13d6d565216f7a599410040eb4cdf2404be21d383dd0,3716a4e89d46869b8c1a13d6d565216f7a599410040eb4cdf2404be21d383dd0,False,
Nuclear_Graphite_Stress_Surrogate/outputs/17_v11_four_rotation_formal/iteration_3/locked_configuration.json,outputs/17_v11_four_rotation_formal/iteration_3/locked_configuration.json,executed_research_artifact,1552,26fac4874ddbd2a39a46db8b984756a7def3784ccc41ff9add267ae025296ed3,26fac4874ddbd2a39a46db8b984756a7def3784ccc41ff9add267ae025296ed3,False,
Nuclear_Graphite_Stress_Surrogate/outputs/17_v11_four_rotation_formal/iteration_3/pipeline_complete.json,outputs/17_v11_four_rotation_formal/iteration_3/pipeline_complete.json,executed_research_artifact,776,0a6e0af0db3691b16a89f36faf9cd146a02ea03aafddc929fb51d122f7a41afd,0a6e0af0db3691b16a89f36faf9cd146a02ea03aafddc929fb51d122f7a41afd,False,
Nuclear_Graphite_Stress_Surrogate/outputs/17_v11_four_rotation_formal/iteration_3/run_status.json,outputs/17_v11_four_rotation_formal/iteration_3/run_status.json,executed_research_artifact,776,0a6e0af0db3691b16a89f36faf9cd146a02ea03aafddc929fb51d122f7a41afd,0a6e0af0db3691b16a89f36faf9cd146a02ea03aafddc929fb51d122f7a41afd,False,
Nuclear_Graphite_Stress_Surrogate/outputs/17_v11_four_rotation_formal/iteration_4/executed_notebooks/formal_v11_iteration_4_job_18959288.ipynb,outputs/17_v11_four_rotation_formal/iteration_4/executed_notebooks/formal_v11_iteration_4_job_18959288.ipynb,executed_research_artifact,92324,1f3770dd0595ab4e06f631885ad66cd30eaf448fb808a13cc50c4b49395d17ea,1f3770dd0595ab4e06f631885ad66cd30eaf448fb808a13cc50c4b49395d17ea,False,
Nuclear_Graphite_Stress_Surrogate/outputs/17_v11_four_rotation_formal/iteration_4/locked_configuration.json,outputs/17_v11_four_rotation_formal/iteration_4/locked_configuration.json,executed_research_artifact,1552,939a78704b491f1b458970eef581c9ea4b3f6416f11a49f3713cf04726cde5f7,939a78704b491f1b458970eef581c9ea4b3f6416f11a49f3713cf04726cde5f7,False,
Nuclear_Graphite_Stress_Surrogate/outputs/17_v11_four_rotation_formal/iteration_4/pipeline_complete.json,outputs/17_v11_four_rotation_formal/iteration_4/pipeline_complete.json,executed_research_artifact,777,f39bfa825f5837f4d84c6c9e7b0bc0771aeba46a26a8133c9722ed9297722337,f39bfa825f5837f4d84c6c9e7b0bc0771aeba46a26a8133c9722ed9297722337,False,
Nuclear_Graphite_Stress_Surrogate/outputs/17_v11_four_rotation_formal/iteration_4/run_status.json,outputs/17_v11_four_rotation_formal/iteration_4/run_status.json,executed_research_artifact,777,f39bfa825f5837f4d84c6c9e7b0bc0771aeba46a26a8133c9722ed9297722337,f39bfa825f5837f4d84c6c9e7b0bc0771aeba46a26a8133c9722ed9297722337,False,
Nuclear_Graphite_Stress_Surrogate/outputs/18_149case_development_integration/formal_149case_integration/case_cache_audit.csv,outputs/18_149case_development_integration/formal_149case_integration/case_cache_audit.csv,executed_research_artifact,31394,f59355c13af12cf0871e431c5154e775eab2cc455f311fe4626ba8603ef9c8df,f59355c13af12cf0871e431c5154e775eab2cc455f311fe4626ba8603ef9c8df,False,
Nuclear_Graphite_Stress_Surrogate/outputs/18_149case_development_integration/formal_149case_integration/development_candidate_case_metrics.csv.gz,outputs/18_149case_development_integration/formal_149case_integration/development_candidate_case_metrics.csv.gz,executed_research_artifact,123916,a770ee31c6e8b6dd12a4243b3928d42c7d05d45b78fcdfd4bd4beced6616a9bf,a770ee31c6e8b6dd12a4243b3928d42c7d05d45b78fcdfd4bd4beced6616a9bf,False,
Nuclear_Graphite_Stress_Surrogate/outputs/18_149case_development_integration/formal_149case_integration/development_candidate_comparison.png,outputs/18_149case_development_integration/formal_149case_integration/development_candidate_comparison.png,executed_research_artifact,246770,500098485a8290ccd8cea3281fe3cdb81e89ee83aca796c31c2c1514b0237f1a,500098485a8290ccd8cea3281fe3cdb81e89ee83aca796c31c2c1514b0237f1a,False,
Nuclear_Graphite_Stress_Surrogate/outputs/18_149case_development_integration/formal_149case_integration/development_candidate_summary.csv,outputs/18_149case_development_integration/formal_149case_integration/development_candidate_summary.csv,executed_research_artifact,1952,3590a05a224a3ab440a677b38a4cc17ca2a5518243ae6fe46b0e8763ceb36bcb,3590a05a224a3ab440a677b38a4cc17ca2a5518243ae6fe46b0e8763ceb36bcb,False,
Nuclear_Graphite_Stress_Surrogate/outputs/18_149case_development_integration/formal_149case_integration/development_integration_complete.json,outputs/18_149case_development_integration/formal_149case_integration/development_integration_complete.json,executed_research_artifact,687,0d967798be6744aac1d040c4a7d5c0284f93379a951ffd733b332219a30a282d,0d967798be6744aac1d040c4a7d5c0284f93379a951ffd733b332219a30a282d,False,
Nuclear_Graphite_Stress_Surrogate/outputs/18_149case_development_integration/formal_149case_integration/executed_notebooks/development_integration_149_job_18984590.ipynb,outputs/18_149case_development_integration/formal_149case_integration/executed_notebooks/development_integration_149_job_18984590.ipynb,executed_research_artifact,118871,2b720601ca960ded6a95eedc612f7679d5ffe41903ebb3432af94c260cb69480,2b720601ca960ded6a95eedc612f7679d5ffe41903ebb3432af94c260cb69480,False,
Nuclear_Graphite_Stress_Surrogate/outputs/18_149case_development_integration/formal_149case_integration/final_model_decision.json,outputs/18_149case_development_integration/formal_149case_integration/final_model_decision.json,executed_research_artifact,1272,97c982550a083138cd3402078bbc36f84b2750a74dc5973fa5ed57c5ecd2bf3f,97c982550a083138cd3402078bbc36f84b2750a74dc5973fa5ed57c5ecd2bf3f,False,
Nuclear_Graphite_Stress_Surrogate/outputs/18_149case_development_integration/formal_149case_integration/final_test_release_gate.json,outputs/18_149case_development_integration/formal_149case_integration/final_test_release_gate.json,executed_research_artifact,371,eab63916354e5a8448777b79e83f9ea1774dc7e5e10fb10998e747acb20a7027,eab63916354e5a8448777b79e83f9ea1774dc7e5e10fb10998e747acb20a7027,False,
Nuclear_Graphite_Stress_Surrogate/outputs/18_149case_development_integration/formal_149case_integration/four_rotation_heldout_tail_evidence.csv,outputs/18_149case_development_integration/formal_149case_integration/four_rotation_heldout_tail_evidence.csv,executed_research_artifact,768,30b4a814e5bf844061ff8001d703d1488a9f0e465c103b3c0934a5124e9101f3,30b4a814e5bf844061ff8001d703d1488a9f0e465c103b3c0934a5124e9101f3,False,
Nuclear_Graphite_Stress_Surrogate/outputs/18_149case_development_integration/formal_149case_integration/frozen_input_hash_audit.csv,outputs/18_149case_development_integration/formal_149case_integration/frozen_input_hash_audit.csv,executed_research_artifact,29860,55ef0a5e566cc3947a7d67817738004ec59a5ea6bf3eeb86d10c92efa52f5d90,55ef0a5e566cc3947a7d67817738004ec59a5ea6bf3eeb86d10c92efa52f5d90,False,
Nuclear_Graphite_Stress_Surrogate/outputs/18_149case_development_integration/formal_149case_integration/locked_configuration.json,outputs/18_149case_development_integration/formal_149case_integration/locked_configuration.json,executed_research_artifact,548,ef5d28b22ad5cbf8e503ce2236fcdc2ed2c303c19ab36e508becbda88e872ce3,ef5d28b22ad5cbf8e503ce2236fcdc2ed2c303c19ab36e508becbda88e872ce3,False,
Nuclear_Graphite_Stress_Surrogate/outputs/18_149case_development_integration/formal_149case_integration/locked_model_formula.csv,outputs/18_149case_development_integration/formal_149case_integration/locked_model_formula.csv,executed_research_artifact,15214,ca47e109f22d5c1b41833c53c07b4a62a12cf76f4272aff7b28e98ab3b0ba9e1,ca47e109f22d5c1b41833c53c07b4a62a12cf76f4272aff7b28e98ab3b0ba9e1,False,
Nuclear_Graphite_Stress_Surrogate/outputs/18_149case_development_integration/formal_149case_integration/locked_model_formula.txt,outputs/18_149case_development_integration/formal_149case_integration/locked_model_formula.txt,executed_research_artifact,15627,4643f631e12c8a618954729c71e15235cedeace74da56351e352aa1ec00e5360,4643f631e12c8a618954729c71e15235cedeace74da56351e352aa1ec00e5360,False,
Nuclear_Graphite_Stress_Surrogate/outputs/18_149case_development_integration/formal_149case_integration/locked_model_manifest.json,outputs/18_149case_development_integration/formal_149case_integration/locked_model_manifest.json,executed_research_artifact,1709,507aca15154f4ad0bb34f9c73524ea1d6d09d60b7bf59a158138014ad927c98f,507aca15154f4ad0bb34f9c73524ea1d6d09d60b7bf59a158138014ad927c98f,False,
Nuclear_Graphite_Stress_Surrogate/outputs/18_149case_development_integration/formal_149case_integration/mean_calibration_case_targets_149.csv,outputs/18_149case_development_integration/formal_149case_integration/mean_calibration_case_targets_149.csv,executed_research_artifact,20803,aaeae4ba200c1594a677e5de32e23896bffe9163a6c102438e6fc0a6781b85a8,aaeae4ba200c1594a677e5de32e23896bffe9163a6c102438e6fc0a6781b85a8,False,
Nuclear_Graphite_Stress_Surrogate/outputs/18_149case_development_integration/formal_149case_integration/mean_calibration_fit_audit_149.csv,outputs/18_149case_development_integration/formal_149case_integration/mean_calibration_fit_audit_149.csv,executed_research_artifact,10389,27700ce5b561570a02870c3feb8ab20c89cb9e3c2b3c88eaa99351e39bdcab8a,27700ce5b561570a02870c3feb8ab20c89cb9e3c2b3c88eaa99351e39bdcab8a,False,
Nuclear_Graphite_Stress_Surrogate/outputs/18_149case_development_integration/formal_149case_integration/mean_calibration_model_149.json,outputs/18_149case_development_integration/formal_149case_integration/mean_calibration_model_149.json,executed_research_artifact,916,11871e8c65c80f4489980b40342595c082904c9deddef6871ca3d4630b17c045,11871e8c65c80f4489980b40342595c082904c9deddef6871ca3d4630b17c045,False,
Nuclear_Graphite_Stress_Surrogate/outputs/18_149case_development_integration/formal_149case_integration/preflight_checks.csv,outputs/18_149case_development_integration/formal_149case_integration/preflight_checks.csv,executed_research_artifact,229,bb17650a2afb7586fd579911241f27ca40e99dbe5c823dfe208ba872868623bb,bb17650a2afb7586fd579911241f27ca40e99dbe5c823dfe208ba872868623bb,False,
Nuclear_Graphite_Stress_Surrogate/outputs/18_149case_development_integration/formal_149case_integration/rotation_formula_inventory.csv,outputs/18_149case_development_integration/formal_149case_integration/rotation_formula_inventory.csv,executed_research_artifact,671,bb7212e54104428a5aca549be1eeb6d7744778e35dc0ff548293172bae09dc1f,bb7212e54104428a5aca549be1eeb6d7744778e35dc0ff548293172bae09dc1f,False,
Nuclear_Graphite_Stress_Surrogate/outputs/18_149case_development_integration/formal_149case_integration/run_status.json,outputs/18_149case_development_integration/formal_149case_integration/run_status.json,executed_research_artifact,687,0d967798be6744aac1d040c4a7d5c0284f93379a951ffd733b332219a30a282d,0d967798be6744aac1d040c4a7d5c0284f93379a951ffd733b332219a30a282d,False,
Nuclear_Graphite_Stress_Surrogate/outputs/18_149case_development_integration/formal_149case_integration/tail_activity_audit.csv,outputs/18_149case_development_integration/formal_149case_integration/tail_activity_audit.csv,executed_research_artifact,913,52cd585ad9b1bf82070db13a7c21db1c364ca99843eeec462c2910ffa8a32af1,52cd585ad9b1bf82070db13a7c21db1c364ca99843eeec462c2910ffa8a32af1,False,
Nuclear_Graphite_Stress_Surrogate/outputs/18_149case_development_integration/formal_149case_integration/tail_gain_case_audit_149.csv,outputs/18_149case_development_integration/formal_149case_integration/tail_gain_case_audit_149.csv,executed_research_artifact,26755,2ba219345e06f31ca65dc104e7df3856b723ef73903b666c2679bac283520523,2ba219345e06f31ca65dc104e7df3856b723ef73903b666c2679bac283520523,False,
Nuclear_Graphite_Stress_Surrogate/outputs/18_149case_development_integration/formal_149case_integration/tail_gain_fit_149.json,outputs/18_149case_development_integration/formal_149case_integration/tail_gain_fit_149.json,executed_research_artifact,476,a34b9b29f5767cea6ef0321e09c0ce60fa8057edda1f4ee3fa07077e06579fd4,a34b9b29f5767cea6ef0321e09c0ce60fa8057edda1f4ee3fa07077e06579fd4,False,
Nuclear_Graphite_Stress_Surrogate/outputs/19_one_time_final_50case_locked_149/formal_final_50case/approved_final_test_protocol.json,outputs/19_one_time_final_50case_locked_149/formal_final_50case/approved_final_test_protocol.json,executed_research_artifact,2279,0f73443822653a0edf1cecfa59379e843bce743d1c1d5fa7d4875ce120859541,0f73443822653a0edf1cecfa59379e843bce743d1c1d5fa7d4875ce120859541,False,
Nuclear_Graphite_Stress_Surrogate/outputs/19_one_time_final_50case_locked_149/formal_final_50case/case_cache/case_00_metrics.csv,outputs/19_one_time_final_50case_locked_149/formal_final_50case/case_cache/case_00_metrics.csv,executed_research_artifact,2110,ba543c44d71bd97617b8f14473a6ece6beb25da849647e8617dd3119143e5aee,ba543c44d71bd97617b8f14473a6ece6beb25da849647e8617dd3119143e5aee,False,
Nuclear_Graphite_Stress_Surrogate/outputs/19_one_time_final_50case_locked_149/formal_final_50case/case_cache/case_00_plot_sample.npz,outputs/19_one_time_final_50case_locked_149/formal_final_50case/case_cache/case_00_plot_sample.npz,executed_research_artifact,201158,d02912cd7568a128bfbc31b13bcbe507107e0fb6a7d41b98928ce3aac5c2d1a1,d02912cd7568a128bfbc31b13bcbe507107e0fb6a7d41b98928ce3aac5c2d1a1,False,
Nuclear_Graphite_Stress_Surrogate/outputs/19_one_time_final_50case_locked_149/formal_final_50case/case_cache/case_00_predictors.csv,outputs/19_one_time_final_50case_locked_149/formal_final_50case/case_cache/case_00_predictors.csv,executed_research_artifact,1488,9e98008b2d9ec7dfab87643be3e84048a5e51cae7cba3385beee58c9154bba89,9e98008b2d9ec7dfab87643be3e84048a5e51cae7cba3385beee58c9154bba89,False,
Nuclear_Graphite_Stress_Surrogate/outputs/19_one_time_final_50case_locked_149/formal_final_50case/case_cache/case_02_metrics.csv,outputs/19_one_time_final_50case_locked_149/formal_final_50case/case_cache/case_02_metrics.csv,executed_research_artifact,2092,54647e528e1e19df830dd75dbb5e3b35ee985764887ae47975ffbb8eaa0f33f6,54647e528e1e19df830dd75dbb5e3b35ee985764887ae47975ffbb8eaa0f33f6,False,
Nuclear_Graphite_Stress_Surrogate/outputs/19_one_time_final_50case_locked_149/formal_final_50case/case_cache/case_02_plot_sample.npz,outputs/19_one_time_final_50case_locked_149/formal_final_50case/case_cache/case_02_plot_sample.npz,executed_research_artifact,200926,81ae0862861659cf60f143c7e3c222c1968fb09382b43b2bd0c40c0062e72dd6,81ae0862861659cf60f143c7e3c222c1968fb09382b43b2bd0c40c0062e72dd6,False,
Nuclear_Graphite_Stress_Surrogate/outputs/19_one_time_final_50case_locked_149/formal_final_50case/case_cache/case_02_predictors.csv,outputs/19_one_time_final_50case_locked_149/formal_final_50case/case_cache/case_02_predictors.csv,executed_research_artifact,1486,ea1c69803988001fa0199b3f4dbb994e67ca1b96de052211922e6f828785d7d0,ea1c69803988001fa0199b3f4dbb994e67ca1b96de052211922e6f828785d7d0,False,
Nuclear_Graphite_Stress_Surrogate/outputs/19_one_time_final_50case_locked_149/formal_final_50case/case_cache/case_03_metrics.csv,outputs/19_one_time_final_50case_locked_149/formal_final_50case/case_cache/case_03_metrics.csv,executed_research_artifact,2115,4a6b5f4bda8be2abcb5d4a347285f6ec60863a7c615354d79863cc7edc40a661,4a6b5f4bda8be2abcb5d4a347285f6ec60863a7c615354d79863cc7edc40a661,False,
Nuclear_Graphite_Stress_Surrogate/outputs/19_one_time_final_50case_locked_149/formal_final_50case/case_cache/case_03_plot_sample.npz,outputs/19_one_time_final_50case_locked_149/formal_final_50case/case_cache/case_03_plot_sample.npz,executed_research_artifact,201016,fc89835293ce48109434dbc0fe3ffa0843a33b8f2a6e96f090156317f3ea9e05,fc89835293ce48109434dbc0fe3ffa0843a33b8f2a6e96f090156317f3ea9e05,False,
Nuclear_Graphite_Stress_Surrogate/outputs/19_one_time_final_50case_locked_149/formal_final_50case/case_cache/case_03_predictors.csv,outputs/19_one_time_final_50case_locked_149/formal_final_50case/case_cache/case_03_predictors.csv,executed_research_artifact,1489,80ca285bc5deb3fc8c855f77b7c6281b56e9e217626afcb5950346ec75f867f8,80ca285bc5deb3fc8c855f77b7c6281b56e9e217626afcb5950346ec75f867f8,False,
Nuclear_Graphite_Stress_Surrogate/outputs/19_one_time_final_50case_locked_149/formal_final_50case/case_cache/case_04_metrics.csv,outputs/19_one_time_final_50case_locked_149/formal_final_50case/case_cache/case_04_metrics.csv,executed_research_artifact,2116,b78a71e3fadaa9cc8dd706d4c32d1386eec91bf1aa9d27b29dc516fe9812c5d2,b78a71e3fadaa9cc8dd706d4c32d1386eec91bf1aa9d27b29dc516fe9812c5d2,False,
Nuclear_Graphite_Stress_Surrogate/outputs/19_one_time_final_50case_locked_149/formal_final_50case/case_cache/case_04_plot_sample.npz,outputs/19_one_time_final_50case_locked_149/formal_final_50case/case_cache/case_04_plot_sample.npz,executed_research_artifact,200571,1acf1222a569b505abc44094f79998367da86cc13cf91f38adb5b4ca94b5d8c7,1acf1222a569b505abc44094f79998367da86cc13cf91f38adb5b4ca94b5d8c7,False,
Nuclear_Graphite_Stress_Surrogate/outputs/19_one_time_final_50case_locked_149/formal_final_50case/case_cache/case_04_predictors.csv,outputs/19_one_time_final_50case_locked_149/formal_final_50case/case_cache/case_04_predictors.csv,executed_research_artifact,1492,29be73f58b0365dc22a627d1ba0e2f8dd5ad60701a7003439559af8a0e80b3e9,29be73f58b0365dc22a627d1ba0e2f8dd5ad60701a7003439559af8a0e80b3e9,False,
Nuclear_Graphite_Stress_Surrogate/outputs/19_one_time_final_50case_locked_149/formal_final_50case/case_cache/case_05_metrics.csv,outputs/19_one_time_final_50case_locked_149/formal_final_50case/case_cache/case_05_metrics.csv,executed_research_artifact,2109,3940d501ccd45543a8398b1c22d7ac222958612ae7bf98cc95b001f73b1733a5,3940d501ccd45543a8398b1c22d7ac222958612ae7bf98cc95b001f73b1733a5,False,
Nuclear_Graphite_Stress_Surrogate/outputs/19_one_time_final_50case_locked_149/formal_final_50case/case_cache/case_05_plot_sample.npz,outputs/19_one_time_final_50case_locked_149/formal_final_50case/case_cache/case_05_plot_sample.npz,executed_research_artifact,200731,c60013626fbcba1f03a7493c14b3737b996587695447e4bd1a8d4d9b3b76342c,c60013626fbcba1f03a7493c14b3737b996587695447e4bd1a8d4d9b3b76342c,False,
Nuclear_Graphite_Stress_Surrogate/outputs/19_one_time_final_50case_locked_149/formal_final_50case/case_cache/case_05_predictors.csv,outputs/19_one_time_final_50case_locked_149/formal_final_50case/case_cache/case_05_predictors.csv,executed_research_artifact,1482,d67d541b650a1265278daf1062975530fc7341d1c0e8acf741ef60fa1c1cd11a,d67d541b650a1265278daf1062975530fc7341d1c0e8acf741ef60fa1c1cd11a,False,
Nuclear_Graphite_Stress_Surrogate/outputs/19_one_time_final_50case_locked_149/formal_final_50case/case_cache/case_07_metrics.csv,outputs/19_one_time_final_50case_locked_149/formal_final_50case/case_cache/case_07_metrics.csv,executed_research_artifact,2107,f615c9801b39f7b99c57c2777d3543540ec0a6e97ba068274578a2cc40732ea4,f615c9801b39f7b99c57c2777d3543540ec0a6e97ba068274578a2cc40732ea4,False,
Nuclear_Graphite_Stress_Surrogate/outputs/19_one_time_final_50case_locked_149/formal_final_50case/case_cache/case_07_plot_sample.npz,outputs/19_one_time_final_50case_locked_149/formal_final_50case/case_cache/case_07_plot_sample.npz,executed_research_artifact,201000,85d4ffa42d80a553a638f21e3440f34fa5a7d25ebd12e8f27e86ef068304bb43,85d4ffa42d80a553a638f21e3440f34fa5a7d25ebd12e8f27e86ef068304bb43,False,
Nuclear_Graphite_Stress_Surrogate/outputs/19_one_time_final_50case_locked_149/formal_final_50case/case_cache/case_07_predictors.csv,outputs/19_one_time_final_50case_locked_149/formal_final_50case/case_cache/case_07_predictors.csv,executed_research_artifact,1492,c481be2d327e420676d38996e1679b8e8c6e77564b25073acfb97856cf56015e,c481be2d327e420676d38996e1679b8e8c6e77564b25073acfb97856cf56015e,False,
Nuclear_Graphite_Stress_Surrogate/outputs/19_one_time_final_50case_locked_149/formal_final_50case/case_cache/case_08_metrics.csv,outputs/19_one_time_final_50case_locked_149/formal_final_50case/case_cache/case_08_metrics.csv,executed_research_artifact,2111,275fd61d1ccf0aadca6ffe0bcb6f5eef47929166c061269549d76c21bca8904c,275fd61d1ccf0aadca6ffe0bcb6f5eef47929166c061269549d76c21bca8904c,False,
Nuclear_Graphite_Stress_Surrogate/outputs/19_one_time_final_50case_locked_149/formal_final_50case/case_cache/case_08_plot_sample.npz,outputs/19_one_time_final_50case_locked_149/formal_final_50case/case_cache/case_08_plot_sample.npz,executed_research_artifact,201064,56b80c63a613ccfb416c6eb938766c619e315eb22eea3f2cdc50bd798a58255f,56b80c63a613ccfb416c6eb938766c619e315eb22eea3f2cdc50bd798a58255f,False,
Nuclear_Graphite_Stress_Surrogate/outputs/19_one_time_final_50case_locked_149/formal_final_50case/case_cache/case_08_predictors.csv,outputs/19_one_time_final_50case_locked_149/formal_final_50case/case_cache/case_08_predictors.csv,executed_research_artifact,1476,1da80ce4229340356872082e7ce25ce79bffab05297784d71acce1140fce6dce,1da80ce4229340356872082e7ce25ce79bffab05297784d71acce1140fce6dce,False,
Nuclear_Graphite_Stress_Surrogate/outputs/19_one_time_final_50case_locked_149/formal_final_50case/case_cache/case_09_metrics.csv,outputs/19_one_time_final_50case_locked_149/formal_final_50case/case_cache/case_09_metrics.csv,executed_research_artifact,2112,a7c83ef4ca141697aa5bce3784759d490ca281db31063d7cc94e3f5c9978f7e2,a7c83ef4ca141697aa5bce3784759d490ca281db31063d7cc94e3f5c9978f7e2,False,
Nuclear_Graphite_Stress_Surrogate/outputs/19_one_time_final_50case_locked_149/formal_final_50case/case_cache/case_09_plot_sample.npz,outputs/19_one_time_final_50case_locked_149/formal_final_50case/case_cache/case_09_plot_sample.npz,executed_research_artifact,201108,c267e8fd3e5f47fbb6f5fe698ffa3ef50c493a14c26b2caf5a2dc7ec015c59bf,c267e8fd3e5f47fbb6f5fe698ffa3ef50c493a14c26b2caf5a2dc7ec015c59bf,False,
Nuclear_Graphite_Stress_Surrogate/outputs/19_one_time_final_50case_locked_149/formal_final_50case/case_cache/case_09_predictors.csv,outputs/19_one_time_final_50case_locked_149/formal_final_50case/case_cache/case_09_predictors.csv,executed_research_artifact,1488,2c52e75b6d5f44c0c78a89449af555c2dea1b32f7fd18384dc960efb478734f9,2c52e75b6d5f44c0c78a89449af555c2dea1b32f7fd18384dc960efb478734f9,False,
Nuclear_Graphite_Stress_Surrogate/outputs/19_one_time_final_50case_locked_149/formal_final_50case/case_cache/case_103_metrics.csv,outputs/19_one_time_final_50case_locked_149/formal_final_50case/case_cache/case_103_metrics.csv,executed_research_artifact,2108,4c47094b6532a4793f805855866ff611243100c80b08c7647dd54b1f67f89db1,4c47094b6532a4793f805855866ff611243100c80b08c7647dd54b1f67f89db1,False,
Nuclear_Graphite_Stress_Surrogate/outputs/19_one_time_final_50case_locked_149/formal_final_50case/case_cache/case_103_plot_sample.npz,outputs/19_one_time_final_50case_locked_149/formal_final_50case/case_cache/case_103_plot_sample.npz,executed_research_artifact,202556,debe8f84e1bf37d82eaba260b20366c015c3da3a1d743909ee118a908f2f87ab,debe8f84e1bf37d82eaba260b20366c015c3da3a1d743909ee118a908f2f87ab,False,
Nuclear_Graphite_Stress_Surrogate/outputs/19_one_time_final_50case_locked_149/formal_final_50case/case_cache/case_103_predictors.csv,outputs/19_one_time_final_50case_locked_149/formal_final_50case/case_cache/case_103_predictors.csv,executed_research_artifact,1491,7d7a2d599989519904a4b446c9bb99bf91326bdc74ca1d627c483759be4c0e94,7d7a2d599989519904a4b446c9bb99bf91326bdc74ca1d627c483759be4c0e94,False,
Nuclear_Graphite_Stress_Surrogate/outputs/19_one_time_final_50case_locked_149/formal_final_50case/case_cache/case_108_metrics.csv,outputs/19_one_time_final_50case_locked_149/formal_final_50case/case_cache/case_108_metrics.csv,executed_research_artifact,2098,ae73ecf8218805e39d2be54581d7c63769f774012814d40b0849d4be545a9bc2,ae73ecf8218805e39d2be54581d7c63769f774012814d40b0849d4be545a9bc2,False,
Nuclear_Graphite_Stress_Surrogate/outputs/19_one_time_final_50case_locked_149/formal_final_50case/case_cache/case_108_plot_sample.npz,outputs/19_one_time_final_50case_locked_149/formal_final_50case/case_cache/case_108_plot_sample.npz,executed_research_artifact,201528,be3471721ae7243b6c8550c08ad5032f66d9cf1f4c12ac569cb2f0a41ec0ecca,be3471721ae7243b6c8550c08ad5032f66d9cf1f4c12ac569cb2f0a41ec0ecca,False,
Nuclear_Graphite_Stress_Surrogate/outputs/19_one_time_final_50case_locked_149/formal_final_50case/case_cache/case_108_predictors.csv,outputs/19_one_time_final_50case_locked_149/formal_final_50case/case_cache/case_108_predictors.csv,executed_research_artifact,1495,835a46e70092561f631578ae521e9c4759a80338e25db15c2cf805e9ecd8177c,835a46e70092561f631578ae521e9c4759a80338e25db15c2cf805e9ecd8177c,False,
Nuclear_Graphite_Stress_Surrogate/outputs/19_one_time_final_50case_locked_149/formal_final_50case/case_cache/case_112_metrics.csv,outputs/19_one_time_final_50case_locked_149/formal_final_50case/case_cache/case_112_metrics.csv,executed_research_artifact,2113,d2ab28575c01264bd8218e0c30b15561c06d36e30165756ccd6083bfabf96ed7,d2ab28575c01264bd8218e0c30b15561c06d36e30165756ccd6083bfabf96ed7,False,
Nuclear_Graphite_Stress_Surrogate/outputs/19_one_time_final_50case_locked_149/formal_final_50case/case_cache/case_112_plot_sample.npz,outputs/19_one_time_final_50case_locked_149/formal_final_50case/case_cache/case_112_plot_sample.npz,executed_research_artifact,201645,60fd2c90a2e23806e4127ca76d75a88dc47848ee870702ae18d038ef5da831c1,60fd2c90a2e23806e4127ca76d75a88dc47848ee870702ae18d038ef5da831c1,False,
Nuclear_Graphite_Stress_Surrogate/outputs/19_one_time_final_50case_locked_149/formal_final_50case/case_cache/case_112_predictors.csv,outputs/19_one_time_final_50case_locked_149/formal_final_50case/case_cache/case_112_predictors.csv,executed_research_artifact,1479,dd28fd1b7292936387ba99deb0798a6b428dd86517271dd1b3281cc3cb78567b,dd28fd1b7292936387ba99deb0798a6b428dd86517271dd1b3281cc3cb78567b,False,
Nuclear_Graphite_Stress_Surrogate/outputs/19_one_time_final_50case_locked_149/formal_final_50case/case_cache/case_113_metrics.csv,outputs/19_one_time_final_50case_locked_149/formal_final_50case/case_cache/case_113_metrics.csv,executed_research_artifact,2129,3b054e8f0d5c9dbbf6c84d14617ae63245dc3f6d0475ff08ef01ea0c00ac7c19,3b054e8f0d5c9dbbf6c84d14617ae63245dc3f6d0475ff08ef01ea0c00ac7c19,False,
Nuclear_Graphite_Stress_Surrogate/outputs/19_one_time_final_50case_locked_149/formal_final_50case/case_cache/case_113_plot_sample.npz,outputs/19_one_time_final_50case_locked_149/formal_final_50case/case_cache/case_113_plot_sample.npz,executed_research_artifact,201126,c24ddb0b17eb1eda1775a8db84dee98ea631a5de309220e22a645a527e7b0e32,c24ddb0b17eb1eda1775a8db84dee98ea631a5de309220e22a645a527e7b0e32,False,
Nuclear_Graphite_Stress_Surrogate/outputs/19_one_time_final_50case_locked_149/formal_final_50case/case_cache/case_113_predictors.csv,outputs/19_one_time_final_50case_locked_149/formal_final_50case/case_cache/case_113_predictors.csv,executed_research_artifact,1491,3f7e05f85bc82dd6ba07c2cdf50c63430a9a542f43218d8338ddb3bc2b2650d9,3f7e05f85bc82dd6ba07c2cdf50c63430a9a542f43218d8338ddb3bc2b2650d9,False,
Nuclear_Graphite_Stress_Surrogate/outputs/19_one_time_final_50case_locked_149/formal_final_50case/case_cache/case_123_metrics.csv,outputs/19_one_time_final_50case_locked_149/formal_final_50case/case_cache/case_123_metrics.csv,executed_research_artifact,2127,b292489f8b2cca8e24f9b30fc2a97018cf8ec6bbee067ccec4d651c5cc0eaef1,b292489f8b2cca8e24f9b30fc2a97018cf8ec6bbee067ccec4d651c5cc0eaef1,False,
Nuclear_Graphite_Stress_Surrogate/outputs/19_one_time_final_50case_locked_149/formal_final_50case/case_cache/case_123_plot_sample.npz,outputs/19_one_time_final_50case_locked_149/formal_final_50case/case_cache/case_123_plot_sample.npz,executed_research_artifact,200270,20403cc98004c13254d05330525c1f42d9ea3b6f4d02f3a3c867315b449176ad,20403cc98004c13254d05330525c1f42d9ea3b6f4d02f3a3c867315b449176ad,False,
Nuclear_Graphite_Stress_Surrogate/outputs/19_one_time_final_50case_locked_149/formal_final_50case/case_cache/case_123_predictors.csv,outputs/19_one_time_final_50case_locked_149/formal_final_50case/case_cache/case_123_predictors.csv,executed_research_artifact,1496,a5170a0507f29d540a561c2186b9720382036f7e65f3359d066a2c4965ba5eb7,a5170a0507f29d540a561c2186b9720382036f7e65f3359d066a2c4965ba5eb7,False,
Nuclear_Graphite_Stress_Surrogate/outputs/19_one_time_final_50case_locked_149/formal_final_50case/case_cache/case_126_metrics.csv,outputs/19_one_time_final_50case_locked_149/formal_final_50case/case_cache/case_126_metrics.csv,executed_research_artifact,2128,69ee75dee05aa0bd9e9f7f21919b65dbc2812cb86e15bab318cf029ba7401112,69ee75dee05aa0bd9e9f7f21919b65dbc2812cb86e15bab318cf029ba7401112,False,
Nuclear_Graphite_Stress_Surrogate/outputs/19_one_time_final_50case_locked_149/formal_final_50case/case_cache/case_126_plot_sample.npz,outputs/19_one_time_final_50case_locked_149/formal_final_50case/case_cache/case_126_plot_sample.npz,executed_research_artifact,200515,ee28ae9a0c5bd4d7e61a073605d649ace9ad038354e681334d78471613205819,ee28ae9a0c5bd4d7e61a073605d649ace9ad038354e681334d78471613205819,False,
Nuclear_Graphite_Stress_Surrogate/outputs/19_one_time_final_50case_locked_149/formal_final_50case/case_cache/case_126_predictors.csv,outputs/19_one_time_final_50case_locked_149/formal_final_50case/case_cache/case_126_predictors.csv,executed_research_artifact,1487,e1eb626700c654d99577e7a33c98788c0b5f65b9f12534e961505980c32675fc,e1eb626700c654d99577e7a33c98788c0b5f65b9f12534e961505980c32675fc,False,
Nuclear_Graphite_Stress_Surrogate/outputs/19_one_time_final_50case_locked_149/formal_final_50case/case_cache/case_131_metrics.csv,outputs/19_one_time_final_50case_locked_149/formal_final_50case/case_cache/case_131_metrics.csv,executed_research_artifact,2136,f4dedd3c397d45f6be620ce0d03fdbaabf1246e470fba1049732132efea28860,f4dedd3c397d45f6be620ce0d03fdbaabf1246e470fba1049732132efea28860,False,
Nuclear_Graphite_Stress_Surrogate/outputs/19_one_time_final_50case_locked_149/formal_final_50case/case_cache/case_131_plot_sample.npz,outputs/19_one_time_final_50case_locked_149/formal_final_50case/case_cache/case_131_plot_sample.npz,executed_research_artifact,200144,9aad7b93446d42c7052e54761e0cd39ae6a50b65033d43aafeaccd9c14d85af4,9aad7b93446d42c7052e54761e0cd39ae6a50b65033d43aafeaccd9c14d85af4,False,
Nuclear_Graphite_Stress_Surrogate/outputs/19_one_time_final_50case_locked_149/formal_final_50case/case_cache/case_131_predictors.csv,outputs/19_one_time_final_50case_locked_149/formal_final_50case/case_cache/case_131_predictors.csv,executed_research_artifact,1489,972a8feba49cd36330542591db7302fe43a58c13759892c6a960eca1f0e934c1,972a8feba49cd36330542591db7302fe43a58c13759892c6a960eca1f0e934c1,False,
Nuclear_Graphite_Stress_Surrogate/outputs/19_one_time_final_50case_locked_149/formal_final_50case/case_cache/case_132_metrics.csv,outputs/19_one_time_final_50case_locked_149/formal_final_50case/case_cache/case_132_metrics.csv,executed_research_artifact,2137,2a4239c272eb6a7a1d27b00f53e1fd97c10330c08fe1f479aa3f365110ee2af6,2a4239c272eb6a7a1d27b00f53e1fd97c10330c08fe1f479aa3f365110ee2af6,False,
Nuclear_Graphite_Stress_Surrogate/outputs/19_one_time_final_50case_locked_149/formal_final_50case/case_cache/case_132_plot_sample.npz,outputs/19_one_time_final_50case_locked_149/formal_final_50case/case_cache/case_132_plot_sample.npz,executed_research_artifact,201178,d81b6eada6c947bb11aca451c80c86ac212e15f131b6494f510121adc3c30556,d81b6eada6c947bb11aca451c80c86ac212e15f131b6494f510121adc3c30556,False,
Nuclear_Graphite_Stress_Surrogate/outputs/19_one_time_final_50case_locked_149/formal_final_50case/case_cache/case_132_predictors.csv,outputs/19_one_time_final_50case_locked_149/formal_final_50case/case_cache/case_132_predictors.csv,executed_research_artifact,1490,4142ea4439803574df6775102e61843e522b185b3456aa370e459d08d0fcbe79,4142ea4439803574df6775102e61843e522b185b3456aa370e459d08d0fcbe79,False,
Nuclear_Graphite_Stress_Surrogate/outputs/19_one_time_final_50case_locked_149/formal_final_50case/case_cache/case_134_metrics.csv,outputs/19_one_time_final_50case_locked_149/formal_final_50case/case_cache/case_134_metrics.csv,executed_research_artifact,2100,bb1f945ea3926f63c1a41ff216f7d90470cbf7d357456883057761423e223f5f,bb1f945ea3926f63c1a41ff216f7d90470cbf7d357456883057761423e223f5f,False,
Nuclear_Graphite_Stress_Surrogate/outputs/19_one_time_final_50case_locked_149/formal_final_50case/case_cache/case_134_plot_sample.npz,outputs/19_one_time_final_50case_locked_149/formal_final_50case/case_cache/case_134_plot_sample.npz,executed_research_artifact,200297,aec4b591d315701770fa2299db317d0634000478bba44fe40f2d85c906b17c8a,aec4b591d315701770fa2299db317d0634000478bba44fe40f2d85c906b17c8a,False,
Nuclear_Graphite_Stress_Surrogate/outputs/19_one_time_final_50case_locked_149/formal_final_50case/case_cache/case_134_predictors.csv,outputs/19_one_time_final_50case_locked_149/formal_final_50case/case_cache/case_134_predictors.csv,executed_research_artifact,1496,4f474b89cb93eb9b106e0ef1f82bc852c23f9d0020fa5da65f10e4d168648474,4f474b89cb93eb9b106e0ef1f82bc852c23f9d0020fa5da65f10e4d168648474,False,
Nuclear_Graphite_Stress_Surrogate/outputs/19_one_time_final_50case_locked_149/formal_final_50case/case_cache/case_135_metrics.csv,outputs/19_one_time_final_50case_locked_149/formal_final_50case/case_cache/case_135_metrics.csv,executed_research_artifact,2140,7e68886f3c94135ac2dea598392a5ac3df0d2849f5397c1629d03f1c3ed583b1,7e68886f3c94135ac2dea598392a5ac3df0d2849f5397c1629d03f1c3ed583b1,False,
Nuclear_Graphite_Stress_Surrogate/outputs/19_one_time_final_50case_locked_149/formal_final_50case/case_cache/case_135_plot_sample.npz,outputs/19_one_time_final_50case_locked_149/formal_final_50case/case_cache/case_135_plot_sample.npz,executed_research_artifact,200941,3c3da8aeb5c31125e03304e2d093a4bbcbdfdfcc132ea76ca7bc910c92ff4515,3c3da8aeb5c31125e03304e2d093a4bbcbdfdfcc132ea76ca7bc910c92ff4515,False,
Nuclear_Graphite_Stress_Surrogate/outputs/19_one_time_final_50case_locked_149/formal_final_50case/case_cache/case_135_predictors.csv,outputs/19_one_time_final_50case_locked_149/formal_final_50case/case_cache/case_135_predictors.csv,executed_research_artifact,1494,f05cf2af6797def6b8b375e6d19315f3eab70149c25184d910c52defc33bbce7,f05cf2af6797def6b8b375e6d19315f3eab70149c25184d910c52defc33bbce7,False,
Nuclear_Graphite_Stress_Surrogate/outputs/19_one_time_final_50case_locked_149/formal_final_50case/case_cache/case_138_metrics.csv,outputs/19_one_time_final_50case_locked_149/formal_final_50case/case_cache/case_138_metrics.csv,executed_research_artifact,2105,774535dcfa6ab844cf7da0bdae53ed5234cba6e2ca6e01b0fd35f9e122e03d68,774535dcfa6ab844cf7da0bdae53ed5234cba6e2ca6e01b0fd35f9e122e03d68,False,
Nuclear_Graphite_Stress_Surrogate/outputs/19_one_time_final_50case_locked_149/formal_final_50case/case_cache/case_138_plot_sample.npz,outputs/19_one_time_final_50case_locked_149/formal_final_50case/case_cache/case_138_plot_sample.npz,executed_research_artifact,200283,b691a88310e959e8c3b481d81439da2953cb21c39ba3351e12e0175d9001b2e4,b691a88310e959e8c3b481d81439da2953cb21c39ba3351e12e0175d9001b2e4,False,
Nuclear_Graphite_Stress_Surrogate/outputs/19_one_time_final_50case_locked_149/formal_final_50case/case_cache/case_138_predictors.csv,outputs/19_one_time_final_50case_locked_149/formal_final_50case/case_cache/case_138_predictors.csv,executed_research_artifact,1483,175dc18bd4eed8276dfbdda863c95e89310744b825bd33be44252550b5910ae6,175dc18bd4eed8276dfbdda863c95e89310744b825bd33be44252550b5910ae6,False,
Nuclear_Graphite_Stress_Surrogate/outputs/19_one_time_final_50case_locked_149/formal_final_50case/case_cache/case_140_metrics.csv,outputs/19_one_time_final_50case_locked_149/formal_final_50case/case_cache/case_140_metrics.csv,executed_research_artifact,2120,680cfb57d63f9c64ad809920eac3a97d1264715236ab6e10f2f2eb5f2d64403e,680cfb57d63f9c64ad809920eac3a97d1264715236ab6e10f2f2eb5f2d64403e,False,
Nuclear_Graphite_Stress_Surrogate/outputs/19_one_time_final_50case_locked_149/formal_final_50case/case_cache/case_140_plot_sample.npz,outputs/19_one_time_final_50case_locked_149/formal_final_50case/case_cache/case_140_plot_sample.npz,executed_research_artifact,201018,d3f1caba43030e7dc82bd6dbab164f1a43088a7a45f5fa2fd30982308d0234d0,d3f1caba43030e7dc82bd6dbab164f1a43088a7a45f5fa2fd30982308d0234d0,False,
Nuclear_Graphite_Stress_Surrogate/outputs/19_one_time_final_50case_locked_149/formal_final_50case/case_cache/case_140_predictors.csv,outputs/19_one_time_final_50case_locked_149/formal_final_50case/case_cache/case_140_predictors.csv,executed_research_artifact,1491,74732c3f5d7692e09bd2133942693a8941016cf9d4559b4d7dc666929f6dd585,74732c3f5d7692e09bd2133942693a8941016cf9d4559b4d7dc666929f6dd585,False,
Nuclear_Graphite_Stress_Surrogate/outputs/19_one_time_final_50case_locked_149/formal_final_50case/case_cache/case_149_metrics.csv,outputs/19_one_time_final_50case_locked_149/formal_final_50case/case_cache/case_149_metrics.csv,executed_research_artifact,2138,2883e4b79c41f6a8066b1e9090ca983060bc1351bd92cce8210ea8a03719fa6f,2883e4b79c41f6a8066b1e9090ca983060bc1351bd92cce8210ea8a03719fa6f,False,
Nuclear_Graphite_Stress_Surrogate/outputs/19_one_time_final_50case_locked_149/formal_final_50case/case_cache/case_149_plot_sample.npz,outputs/19_one_time_final_50case_locked_149/formal_final_50case/case_cache/case_149_plot_sample.npz,executed_research_artifact,199956,2045f06a8f7ebf5cabc39df846f61dd957ca476dcaddcffedf3deb4cf62c2e5b,2045f06a8f7ebf5cabc39df846f61dd957ca476dcaddcffedf3deb4cf62c2e5b,False,
Nuclear_Graphite_Stress_Surrogate/outputs/19_one_time_final_50case_locked_149/formal_final_50case/case_cache/case_149_predictors.csv,outputs/19_one_time_final_50case_locked_149/formal_final_50case/case_cache/case_149_predictors.csv,executed_research_artifact,1493,6cbc8939dec477aa7b968e1693ddd674cbd031b51a82eeb1473a5011151cc1ba,6cbc8939dec477aa7b968e1693ddd674cbd031b51a82eeb1473a5011151cc1ba,False,
Nuclear_Graphite_Stress_Surrogate/outputs/19_one_time_final_50case_locked_149/formal_final_50case/case_cache/case_152_metrics.csv,outputs/19_one_time_final_50case_locked_149/formal_final_50case/case_cache/case_152_metrics.csv,executed_research_artifact,2122,3ed4dfd0506d60c198c48705b8a85a1a3d637ceb57a42737087acdc602ddff96,3ed4dfd0506d60c198c48705b8a85a1a3d637ceb57a42737087acdc602ddff96,False,
Nuclear_Graphite_Stress_Surrogate/outputs/19_one_time_final_50case_locked_149/formal_final_50case/case_cache/case_152_plot_sample.npz,outputs/19_one_time_final_50case_locked_149/formal_final_50case/case_cache/case_152_plot_sample.npz,executed_research_artifact,201508,550ccd8d7e019c55ea256b96c88525d1a67b4238658a21911c5090094cffa322,550ccd8d7e019c55ea256b96c88525d1a67b4238658a21911c5090094cffa322,False,
Nuclear_Graphite_Stress_Surrogate/outputs/19_one_time_final_50case_locked_149/formal_final_50case/case_cache/case_152_predictors.csv,outputs/19_one_time_final_50case_locked_149/formal_final_50case/case_cache/case_152_predictors.csv,executed_research_artifact,1491,1d0eacdc39fc24f9339e6f13de499fc6192fb584c1c9b0b6f3c68ce41cab708b,1d0eacdc39fc24f9339e6f13de499fc6192fb584c1c9b0b6f3c68ce41cab708b,False,
Nuclear_Graphite_Stress_Surrogate/outputs/19_one_time_final_50case_locked_149/formal_final_50case/case_cache/case_160_metrics.csv,outputs/19_one_time_final_50case_locked_149/formal_final_50case/case_cache/case_160_metrics.csv,executed_research_artifact,2139,3e0f89b2903e475e406f3154c35a3d0e94259afc9648858b3e21219e5baa9b7a,3e0f89b2903e475e406f3154c35a3d0e94259afc9648858b3e21219e5baa9b7a,False,
Nuclear_Graphite_Stress_Surrogate/outputs/19_one_time_final_50case_locked_149/formal_final_50case/case_cache/case_160_plot_sample.npz,outputs/19_one_time_final_50case_locked_149/formal_final_50case/case_cache/case_160_plot_sample.npz,executed_research_artifact,202011,a9981d82d6ddbd9c3d8a03b2a74b5d885241d53dd5fd119e001091b532a000fe,a9981d82d6ddbd9c3d8a03b2a74b5d885241d53dd5fd119e001091b532a000fe,False,
Nuclear_Graphite_Stress_Surrogate/outputs/19_one_time_final_50case_locked_149/formal_final_50case/case_cache/case_160_predictors.csv,outputs/19_one_time_final_50case_locked_149/formal_final_50case/case_cache/case_160_predictors.csv,executed_research_artifact,1488,e56cfd24d92b5ea7a1e15c36720ee7d39fe9a0bef0deb8854209ce55ee42049b,e56cfd24d92b5ea7a1e15c36720ee7d39fe9a0bef0deb8854209ce55ee42049b,False,
Nuclear_Graphite_Stress_Surrogate/outputs/19_one_time_final_50case_locked_149/formal_final_50case/case_cache/case_161_metrics.csv,outputs/19_one_time_final_50case_locked_149/formal_final_50case/case_cache/case_161_metrics.csv,executed_research_artifact,2124,01431abc0b926f515fd2da9900dda84419548d53660b898187a2fe369327154e,01431abc0b926f515fd2da9900dda84419548d53660b898187a2fe369327154e,False,
Nuclear_Graphite_Stress_Surrogate/outputs/19_one_time_final_50case_locked_149/formal_final_50case/case_cache/case_161_plot_sample.npz,outputs/19_one_time_final_50case_locked_149/formal_final_50case/case_cache/case_161_plot_sample.npz,executed_research_artifact,201454,23adc13229bf6785f767cb3357c955a490444a909006f2da5932bfa97800085d,23adc13229bf6785f767cb3357c955a490444a909006f2da5932bfa97800085d,False,
Nuclear_Graphite_Stress_Surrogate/outputs/19_one_time_final_50case_locked_149/formal_final_50case/case_cache/case_161_predictors.csv,outputs/19_one_time_final_50case_locked_149/formal_final_50case/case_cache/case_161_predictors.csv,executed_research_artifact,1499,309f3ab0ef8b10f7c7572934877587be794dd3b30c6b86030711a5e861d81320,309f3ab0ef8b10f7c7572934877587be794dd3b30c6b86030711a5e861d81320,False,
Nuclear_Graphite_Stress_Surrogate/outputs/19_one_time_final_50case_locked_149/formal_final_50case/case_cache/case_162_metrics.csv,outputs/19_one_time_final_50case_locked_149/formal_final_50case/case_cache/case_162_metrics.csv,executed_research_artifact,2119,b5d6f563f5c1d43722a5b73a6497fd5f0381fa2148487b61b507c4aa0f611ddb,b5d6f563f5c1d43722a5b73a6497fd5f0381fa2148487b61b507c4aa0f611ddb,False,
Nuclear_Graphite_Stress_Surrogate/outputs/19_one_time_final_50case_locked_149/formal_final_50case/case_cache/case_162_plot_sample.npz,outputs/19_one_time_final_50case_locked_149/formal_final_50case/case_cache/case_162_plot_sample.npz,executed_research_artifact,201632,90a8c96f20cce81c0cbdc4f7d578c7f7e1325cf24d461878e9507d1fb677b1dd,90a8c96f20cce81c0cbdc4f7d578c7f7e1325cf24d461878e9507d1fb677b1dd,False,
Nuclear_Graphite_Stress_Surrogate/outputs/19_one_time_final_50case_locked_149/formal_final_50case/case_cache/case_162_predictors.csv,outputs/19_one_time_final_50case_locked_149/formal_final_50case/case_cache/case_162_predictors.csv,executed_research_artifact,1494,df665717bc93fae2059a4a12bb956f7b85762b2fc8c78b2a05d39638f94ce8c6,df665717bc93fae2059a4a12bb956f7b85762b2fc8c78b2a05d39638f94ce8c6,False,
Nuclear_Graphite_Stress_Surrogate/outputs/19_one_time_final_50case_locked_149/formal_final_50case/case_cache/case_167_metrics.csv,outputs/19_one_time_final_50case_locked_149/formal_final_50case/case_cache/case_167_metrics.csv,executed_research_artifact,2129,483c3b2a532ede874a2ec34875dd23418dc3c0879ef9ec631cbb7ef03b8b7552,483c3b2a532ede874a2ec34875dd23418dc3c0879ef9ec631cbb7ef03b8b7552,False,
Nuclear_Graphite_Stress_Surrogate/outputs/19_one_time_final_50case_locked_149/formal_final_50case/case_cache/case_167_plot_sample.npz,outputs/19_one_time_final_50case_locked_149/formal_final_50case/case_cache/case_167_plot_sample.npz,executed_research_artifact,201738,98a0f02fb39f7de2b2c927932327ab466f012939c4ee7e0c86da30b942de2e71,98a0f02fb39f7de2b2c927932327ab466f012939c4ee7e0c86da30b942de2e71,False,
Nuclear_Graphite_Stress_Surrogate/outputs/19_one_time_final_50case_locked_149/formal_final_50case/case_cache/case_167_predictors.csv,outputs/19_one_time_final_50case_locked_149/formal_final_50case/case_cache/case_167_predictors.csv,executed_research_artifact,1484,e15565813550e92a2b3a3bacf6e74b012de5cca19f3d92a5449ff215ff60a610,e15565813550e92a2b3a3bacf6e74b012de5cca19f3d92a5449ff215ff60a610,False,
Nuclear_Graphite_Stress_Surrogate/outputs/19_one_time_final_50case_locked_149/formal_final_50case/case_cache/case_168_metrics.csv,outputs/19_one_time_final_50case_locked_149/formal_final_50case/case_cache/case_168_metrics.csv,executed_research_artifact,2119,a1d892bdcbdba11ddf34cd0d3aaac5eddea624e6babd6ac819d0c4ba0a91cecb,a1d892bdcbdba11ddf34cd0d3aaac5eddea624e6babd6ac819d0c4ba0a91cecb,False,
Nuclear_Graphite_Stress_Surrogate/outputs/19_one_time_final_50case_locked_149/formal_final_50case/case_cache/case_168_plot_sample.npz,outputs/19_one_time_final_50case_locked_149/formal_final_50case/case_cache/case_168_plot_sample.npz,executed_research_artifact,200653,4d1c29e385f56627d11ea3e2dcb503c949c8a98d2aedeb2c222aa6d03e6e521e,4d1c29e385f56627d11ea3e2dcb503c949c8a98d2aedeb2c222aa6d03e6e521e,False,
Nuclear_Graphite_Stress_Surrogate/outputs/19_one_time_final_50case_locked_149/formal_final_50case/case_cache/case_168_predictors.csv,outputs/19_one_time_final_50case_locked_149/formal_final_50case/case_cache/case_168_predictors.csv,executed_research_artifact,1495,3d4e2332f2ead930747b90981591b6e44967e3cf1e2b76f85d79aaac8f799faa,3d4e2332f2ead930747b90981591b6e44967e3cf1e2b76f85d79aaac8f799faa,False,
Nuclear_Graphite_Stress_Surrogate/outputs/19_one_time_final_50case_locked_149/formal_final_50case/case_cache/case_172_metrics.csv,outputs/19_one_time_final_50case_locked_149/formal_final_50case/case_cache/case_172_metrics.csv,executed_research_artifact,2133,8af5e1071c3e1d1dfe1899639c9fc3723add6ac8e2d2a7e148ee4411b8c4ada5,8af5e1071c3e1d1dfe1899639c9fc3723add6ac8e2d2a7e148ee4411b8c4ada5,False,
Nuclear_Graphite_Stress_Surrogate/outputs/19_one_time_final_50case_locked_149/formal_final_50case/case_cache/case_172_plot_sample.npz,outputs/19_one_time_final_50case_locked_149/formal_final_50case/case_cache/case_172_plot_sample.npz,executed_research_artifact,203353,82bcdd4babc47a571f200a6591a4cce223f4b942f5c9632e1554de98282eb62a,82bcdd4babc47a571f200a6591a4cce223f4b942f5c9632e1554de98282eb62a,False,
Nuclear_Graphite_Stress_Surrogate/outputs/19_one_time_final_50case_locked_149/formal_final_50case/case_cache/case_172_predictors.csv,outputs/19_one_time_final_50case_locked_149/formal_final_50case/case_cache/case_172_predictors.csv,executed_research_artifact,1486,9223b5dcefe89719079434e66802d4ed45dde28c42bc607ee1bb44cc082e53d3,9223b5dcefe89719079434e66802d4ed45dde28c42bc607ee1bb44cc082e53d3,False,
Nuclear_Graphite_Stress_Surrogate/outputs/19_one_time_final_50case_locked_149/formal_final_50case/case_cache/case_174_metrics.csv,outputs/19_one_time_final_50case_locked_149/formal_final_50case/case_cache/case_174_metrics.csv,executed_research_artifact,2120,18abcb2813de7945b028e0e1279be85fd08e10e86fdb14a9c9efd64a1550fd0e,18abcb2813de7945b028e0e1279be85fd08e10e86fdb14a9c9efd64a1550fd0e,False,
Nuclear_Graphite_Stress_Surrogate/outputs/19_one_time_final_50case_locked_149/formal_final_50case/case_cache/case_174_plot_sample.npz,outputs/19_one_time_final_50case_locked_149/formal_final_50case/case_cache/case_174_plot_sample.npz,executed_research_artifact,205304,1d7630ef47a072e49f99e384ebe513e8de2cd0c23315ddef458c0541de7230b1,1d7630ef47a072e49f99e384ebe513e8de2cd0c23315ddef458c0541de7230b1,False,
Nuclear_Graphite_Stress_Surrogate/outputs/19_one_time_final_50case_locked_149/formal_final_50case/case_cache/case_174_predictors.csv,outputs/19_one_time_final_50case_locked_149/formal_final_50case/case_cache/case_174_predictors.csv,executed_research_artifact,1492,343f285ab72235c8f8099e693ed1afb5864c731ed5bd80049e5e61ffc6a75c92,343f285ab72235c8f8099e693ed1afb5864c731ed5bd80049e5e61ffc6a75c92,False,
Nuclear_Graphite_Stress_Surrogate/outputs/19_one_time_final_50case_locked_149/formal_final_50case/case_cache/case_177_metrics.csv,outputs/19_one_time_final_50case_locked_149/formal_final_50case/case_cache/case_177_metrics.csv,executed_research_artifact,2131,15442f7d365fa2ead4a39d33380c169456a0d95fa09f29226b8b9414670db49c,15442f7d365fa2ead4a39d33380c169456a0d95fa09f29226b8b9414670db49c,False,
Nuclear_Graphite_Stress_Surrogate/outputs/19_one_time_final_50case_locked_149/formal_final_50case/case_cache/case_177_plot_sample.npz,outputs/19_one_time_final_50case_locked_149/formal_final_50case/case_cache/case_177_plot_sample.npz,executed_research_artifact,204976,736d820b8d020cd47e0834550da8fbe9b75fe48001b41cb18a77d6ae37ed84a2,736d820b8d020cd47e0834550da8fbe9b75fe48001b41cb18a77d6ae37ed84a2,False,
Nuclear_Graphite_Stress_Surrogate/outputs/19_one_time_final_50case_locked_149/formal_final_50case/case_cache/case_177_predictors.csv,outputs/19_one_time_final_50case_locked_149/formal_final_50case/case_cache/case_177_predictors.csv,executed_research_artifact,1489,afd7ed74d0be5dfbfe5aca2b447c10822d716fb625b839be788ba0ee5e893c1a,afd7ed74d0be5dfbfe5aca2b447c10822d716fb625b839be788ba0ee5e893c1a,False,
Nuclear_Graphite_Stress_Surrogate/outputs/19_one_time_final_50case_locked_149/formal_final_50case/case_cache/case_178_metrics.csv,outputs/19_one_time_final_50case_locked_149/formal_final_50case/case_cache/case_178_metrics.csv,executed_research_artifact,2134,94664e148c6b276e8e19aeb4995a200dc5e7662cab0c4d1df6598c5474a867b4,94664e148c6b276e8e19aeb4995a200dc5e7662cab0c4d1df6598c5474a867b4,False,
Nuclear_Graphite_Stress_Surrogate/outputs/19_one_time_final_50case_locked_149/formal_final_50case/case_cache/case_178_plot_sample.npz,outputs/19_one_time_final_50case_locked_149/formal_final_50case/case_cache/case_178_plot_sample.npz,executed_research_artifact,201635,8a0242d8e701ce3fcf9328a01ae54a84720d9b5d973f63d1e9b9de9774dd2e52,8a0242d8e701ce3fcf9328a01ae54a84720d9b5d973f63d1e9b9de9774dd2e52,False,
Nuclear_Graphite_Stress_Surrogate/outputs/19_one_time_final_50case_locked_149/formal_final_50case/case_cache/case_178_predictors.csv,outputs/19_one_time_final_50case_locked_149/formal_final_50case/case_cache/case_178_predictors.csv,executed_research_artifact,1488,07807e84d39808ed7f776578b10caa26c27e824b71d891d30bd215c48f3a3a3e,07807e84d39808ed7f776578b10caa26c27e824b71d891d30bd215c48f3a3a3e,False,
Nuclear_Graphite_Stress_Surrogate/outputs/19_one_time_final_50case_locked_149/formal_final_50case/case_cache/case_198_metrics.csv,outputs/19_one_time_final_50case_locked_149/formal_final_50case/case_cache/case_198_metrics.csv,executed_research_artifact,2137,4eb8a6102f322d9bac010386286ddfba313bed10da851d2603b22ea555b2449d,4eb8a6102f322d9bac010386286ddfba313bed10da851d2603b22ea555b2449d,False,
Nuclear_Graphite_Stress_Surrogate/outputs/19_one_time_final_50case_locked_149/formal_final_50case/case_cache/case_198_plot_sample.npz,outputs/19_one_time_final_50case_locked_149/formal_final_50case/case_cache/case_198_plot_sample.npz,executed_research_artifact,201237,cd392fba64a83b484ea183ee1df7b63b9c1975e3b46f751b742339699d892e59,cd392fba64a83b484ea183ee1df7b63b9c1975e3b46f751b742339699d892e59,False,
Nuclear_Graphite_Stress_Surrogate/outputs/19_one_time_final_50case_locked_149/formal_final_50case/case_cache/case_198_predictors.csv,outputs/19_one_time_final_50case_locked_149/formal_final_50case/case_cache/case_198_predictors.csv,executed_research_artifact,1492,61a43a7624037a3a59dbbed4941c54b889f285257c3cdf788d0b3d7d670fcce3,61a43a7624037a3a59dbbed4941c54b889f285257c3cdf788d0b3d7d670fcce3,False,
Nuclear_Graphite_Stress_Surrogate/outputs/19_one_time_final_50case_locked_149/formal_final_50case/case_cache/case_22_metrics.csv,outputs/19_one_time_final_50case_locked_149/formal_final_50case/case_cache/case_22_metrics.csv,executed_research_artifact,2097,f4e1fcb10e06cfcb4bfeb7f3eb4cecb069abce6b1c850f20ffc242bd66faaa1e,f4e1fcb10e06cfcb4bfeb7f3eb4cecb069abce6b1c850f20ffc242bd66faaa1e,False,
Nuclear_Graphite_Stress_Surrogate/outputs/19_one_time_final_50case_locked_149/formal_final_50case/case_cache/case_22_plot_sample.npz,outputs/19_one_time_final_50case_locked_149/formal_final_50case/case_cache/case_22_plot_sample.npz,executed_research_artifact,201252,7ff27ebb289f92752a86dc49be10408297500d519301af609e570b1a2fa5a841,7ff27ebb289f92752a86dc49be10408297500d519301af609e570b1a2fa5a841,False,
Nuclear_Graphite_Stress_Surrogate/outputs/19_one_time_final_50case_locked_149/formal_final_50case/case_cache/case_22_predictors.csv,outputs/19_one_time_final_50case_locked_149/formal_final_50case/case_cache/case_22_predictors.csv,executed_research_artifact,1493,be2ec49a631ff497854daa2a5befe386fdbc0368fc93f44395e28faacb699b78,be2ec49a631ff497854daa2a5befe386fdbc0368fc93f44395e28faacb699b78,False,
Nuclear_Graphite_Stress_Surrogate/outputs/19_one_time_final_50case_locked_149/formal_final_50case/case_cache/case_23_metrics.csv,outputs/19_one_time_final_50case_locked_149/formal_final_50case/case_cache/case_23_metrics.csv,executed_research_artifact,2120,129c6b06a20be2d36fa03f49801a3baeedafe25f77ddb9b07894f57e8cf25836,129c6b06a20be2d36fa03f49801a3baeedafe25f77ddb9b07894f57e8cf25836,False,
Nuclear_Graphite_Stress_Surrogate/outputs/19_one_time_final_50case_locked_149/formal_final_50case/case_cache/case_23_plot_sample.npz,outputs/19_one_time_final_50case_locked_149/formal_final_50case/case_cache/case_23_plot_sample.npz,executed_research_artifact,201178,f04047b00e18724975c12759c468ee70295c6233598ee6b06d84aae9f526ab62,f04047b00e18724975c12759c468ee70295c6233598ee6b06d84aae9f526ab62,False,
Nuclear_Graphite_Stress_Surrogate/outputs/19_one_time_final_50case_locked_149/formal_final_50case/case_cache/case_23_predictors.csv,outputs/19_one_time_final_50case_locked_149/formal_final_50case/case_cache/case_23_predictors.csv,executed_research_artifact,1486,1d98fc789031939333090f95d3d33208ffb99da220be5d498d1b95cccfb9020e,1d98fc789031939333090f95d3d33208ffb99da220be5d498d1b95cccfb9020e,False,
Nuclear_Graphite_Stress_Surrogate/outputs/19_one_time_final_50case_locked_149/formal_final_50case/case_cache/case_26_metrics.csv,outputs/19_one_time_final_50case_locked_149/formal_final_50case/case_cache/case_26_metrics.csv,executed_research_artifact,2055,cafcb95ec7ffd574367239171e6a3f91a199c7d7fdcc738328125ac8d752e390,cafcb95ec7ffd574367239171e6a3f91a199c7d7fdcc738328125ac8d752e390,False,
Nuclear_Graphite_Stress_Surrogate/outputs/19_one_time_final_50case_locked_149/formal_final_50case/case_cache/case_26_plot_sample.npz,outputs/19_one_time_final_50case_locked_149/formal_final_50case/case_cache/case_26_plot_sample.npz,executed_research_artifact,198609,38c69f43a6ce124618c2aae8075d38879c1dfd66d9c63cff383f5d158fe09de1,38c69f43a6ce124618c2aae8075d38879c1dfd66d9c63cff383f5d158fe09de1,False,
Nuclear_Graphite_Stress_Surrogate/outputs/19_one_time_final_50case_locked_149/formal_final_50case/case_cache/case_26_predictors.csv,outputs/19_one_time_final_50case_locked_149/formal_final_50case/case_cache/case_26_predictors.csv,executed_research_artifact,1486,cceccd91f0b64aaa2a2fde6bb236248e3e926d8447a2a644a9abd06435793767,cceccd91f0b64aaa2a2fde6bb236248e3e926d8447a2a644a9abd06435793767,False,
Nuclear_Graphite_Stress_Surrogate/outputs/19_one_time_final_50case_locked_149/formal_final_50case/case_cache/case_31_metrics.csv,outputs/19_one_time_final_50case_locked_149/formal_final_50case/case_cache/case_31_metrics.csv,executed_research_artifact,2061,ddecd35a8b9e0f194be9951636f6718b6e4f16ed4d433c1b0dd841b911804872,ddecd35a8b9e0f194be9951636f6718b6e4f16ed4d433c1b0dd841b911804872,False,
Nuclear_Graphite_Stress_Surrogate/outputs/19_one_time_final_50case_locked_149/formal_final_50case/case_cache/case_31_plot_sample.npz,outputs/19_one_time_final_50case_locked_149/formal_final_50case/case_cache/case_31_plot_sample.npz,executed_research_artifact,201563,1d19fe1e18f3131c3f3bc61d82f8cff2f898b1e797fc050540d19cf43bfd57e7,1d19fe1e18f3131c3f3bc61d82f8cff2f898b1e797fc050540d19cf43bfd57e7,False,
Nuclear_Graphite_Stress_Surrogate/outputs/19_one_time_final_50case_locked_149/formal_final_50case/case_cache/case_31_predictors.csv,outputs/19_one_time_final_50case_locked_149/formal_final_50case/case_cache/case_31_predictors.csv,executed_research_artifact,1485,881b591ae06cc595b412e58735197d9b6991df37cab62ab3d03a91435d1746c8,881b591ae06cc595b412e58735197d9b6991df37cab62ab3d03a91435d1746c8,False,
Nuclear_Graphite_Stress_Surrogate/outputs/19_one_time_final_50case_locked_149/formal_final_50case/case_cache/case_33_metrics.csv,outputs/19_one_time_final_50case_locked_149/formal_final_50case/case_cache/case_33_metrics.csv,executed_research_artifact,2097,1b36f2f636a0711b985a4f0f4a768ba39716b64fc6b7184219724a247a6ae9cd,1b36f2f636a0711b985a4f0f4a768ba39716b64fc6b7184219724a247a6ae9cd,False,
Nuclear_Graphite_Stress_Surrogate/outputs/19_one_time_final_50case_locked_149/formal_final_50case/case_cache/case_33_plot_sample.npz,outputs/19_one_time_final_50case_locked_149/formal_final_50case/case_cache/case_33_plot_sample.npz,executed_research_artifact,199958,95571892331f9f10ce886bee7695a28071a4c30c7d32ae74b86d20639bc8cb50,95571892331f9f10ce886bee7695a28071a4c30c7d32ae74b86d20639bc8cb50,False,
Nuclear_Graphite_Stress_Surrogate/outputs/19_one_time_final_50case_locked_149/formal_final_50case/case_cache/case_33_predictors.csv,outputs/19_one_time_final_50case_locked_149/formal_final_50case/case_cache/case_33_predictors.csv,executed_research_artifact,1494,bff8fc32ca499ee9912f7cd0f9433e058085bd96d965f64292346475118a8819,bff8fc32ca499ee9912f7cd0f9433e058085bd96d965f64292346475118a8819,False,
Nuclear_Graphite_Stress_Surrogate/outputs/19_one_time_final_50case_locked_149/formal_final_50case/case_cache/case_37_metrics.csv,outputs/19_one_time_final_50case_locked_149/formal_final_50case/case_cache/case_37_metrics.csv,executed_research_artifact,2126,22cac228a680e3fc4f0b8417b4cfc258e24d4bd4109bf7509c5085ca3ca47b96,22cac228a680e3fc4f0b8417b4cfc258e24d4bd4109bf7509c5085ca3ca47b96,False,
Nuclear_Graphite_Stress_Surrogate/outputs/19_one_time_final_50case_locked_149/formal_final_50case/case_cache/case_37_plot_sample.npz,outputs/19_one_time_final_50case_locked_149/formal_final_50case/case_cache/case_37_plot_sample.npz,executed_research_artifact,200807,667f9e5ea10adfabc4694a66447444d7b7dcded2c1bd3e4fb5901e5d9cc77a94,667f9e5ea10adfabc4694a66447444d7b7dcded2c1bd3e4fb5901e5d9cc77a94,False,
Nuclear_Graphite_Stress_Surrogate/outputs/19_one_time_final_50case_locked_149/formal_final_50case/case_cache/case_37_predictors.csv,outputs/19_one_time_final_50case_locked_149/formal_final_50case/case_cache/case_37_predictors.csv,executed_research_artifact,1493,8d882577a90c9140a97186443b530efd868f024a6a4fff0923409c8ffeb56840,8d882577a90c9140a97186443b530efd868f024a6a4fff0923409c8ffeb56840,False,
Nuclear_Graphite_Stress_Surrogate/outputs/19_one_time_final_50case_locked_149/formal_final_50case/case_cache/case_38_metrics.csv,outputs/19_one_time_final_50case_locked_149/formal_final_50case/case_cache/case_38_metrics.csv,executed_research_artifact,2092,ffdd809be4e5921abe920195e8e380a2665c0becc08a41d64938c415c9d722d5,ffdd809be4e5921abe920195e8e380a2665c0becc08a41d64938c415c9d722d5,False,
Nuclear_Graphite_Stress_Surrogate/outputs/19_one_time_final_50case_locked_149/formal_final_50case/case_cache/case_38_plot_sample.npz,outputs/19_one_time_final_50case_locked_149/formal_final_50case/case_cache/case_38_plot_sample.npz,executed_research_artifact,203638,24e56899b05e7206b862fe11e5145e671ad7ebe4efe61bc001d8836612b4bbb5,24e56899b05e7206b862fe11e5145e671ad7ebe4efe61bc001d8836612b4bbb5,False,
Nuclear_Graphite_Stress_Surrogate/outputs/19_one_time_final_50case_locked_149/formal_final_50case/case_cache/case_38_predictors.csv,outputs/19_one_time_final_50case_locked_149/formal_final_50case/case_cache/case_38_predictors.csv,executed_research_artifact,1487,7e090fdd4c147fc8fa70746a0fa016e50d23b70194563f8c1622d010aa4166a3,7e090fdd4c147fc8fa70746a0fa016e50d23b70194563f8c1622d010aa4166a3,False,
Nuclear_Graphite_Stress_Surrogate/outputs/19_one_time_final_50case_locked_149/formal_final_50case/case_cache/case_41_metrics.csv,outputs/19_one_time_final_50case_locked_149/formal_final_50case/case_cache/case_41_metrics.csv,executed_research_artifact,2114,bdd6c9e18c0b68b30a1546589f520bd448fc91e324add4cfa6093bd2d64f4c72,bdd6c9e18c0b68b30a1546589f520bd448fc91e324add4cfa6093bd2d64f4c72,False,
Nuclear_Graphite_Stress_Surrogate/outputs/19_one_time_final_50case_locked_149/formal_final_50case/case_cache/case_41_plot_sample.npz,outputs/19_one_time_final_50case_locked_149/formal_final_50case/case_cache/case_41_plot_sample.npz,executed_research_artifact,201583,909f11fa59c3c55c53eebac53733b0fc0108d2ced9c39cb8fb538a16820bb65e,909f11fa59c3c55c53eebac53733b0fc0108d2ced9c39cb8fb538a16820bb65e,False,
Nuclear_Graphite_Stress_Surrogate/outputs/19_one_time_final_50case_locked_149/formal_final_50case/case_cache/case_41_predictors.csv,outputs/19_one_time_final_50case_locked_149/formal_final_50case/case_cache/case_41_predictors.csv,executed_research_artifact,1480,49f118a40de8bc45681d169cf9ff6fc612fd90a06035e3fd7090d37fafdda7c5,49f118a40de8bc45681d169cf9ff6fc612fd90a06035e3fd7090d37fafdda7c5,False,
Nuclear_Graphite_Stress_Surrogate/outputs/19_one_time_final_50case_locked_149/formal_final_50case/case_cache/case_46_metrics.csv,outputs/19_one_time_final_50case_locked_149/formal_final_50case/case_cache/case_46_metrics.csv,executed_research_artifact,2112,c775581ebd5df99146dd7c0c54947aaa3012126c4c890fe15da94bb2f2ebfff9,c775581ebd5df99146dd7c0c54947aaa3012126c4c890fe15da94bb2f2ebfff9,False,
Nuclear_Graphite_Stress_Surrogate/outputs/19_one_time_final_50case_locked_149/formal_final_50case/case_cache/case_46_plot_sample.npz,outputs/19_one_time_final_50case_locked_149/formal_final_50case/case_cache/case_46_plot_sample.npz,executed_research_artifact,200796,d7848756ae33e32c93b74efb1c6f06bffcdfa66374b15a29faf3858e29f904f2,d7848756ae33e32c93b74efb1c6f06bffcdfa66374b15a29faf3858e29f904f2,False,
Nuclear_Graphite_Stress_Surrogate/outputs/19_one_time_final_50case_locked_149/formal_final_50case/case_cache/case_46_predictors.csv,outputs/19_one_time_final_50case_locked_149/formal_final_50case/case_cache/case_46_predictors.csv,executed_research_artifact,1486,1dc59b1f3c5596a69443e2a0b1c5e97cae28f5349593c389d3a16c7900adbc83,1dc59b1f3c5596a69443e2a0b1c5e97cae28f5349593c389d3a16c7900adbc83,False,
Nuclear_Graphite_Stress_Surrogate/outputs/19_one_time_final_50case_locked_149/formal_final_50case/case_cache/case_50_metrics.csv,outputs/19_one_time_final_50case_locked_149/formal_final_50case/case_cache/case_50_metrics.csv,executed_research_artifact,2122,d026cc351c68f1e48b4563a476d1e929156f1a3cecbaa46261d8fd1dd6559734,d026cc351c68f1e48b4563a476d1e929156f1a3cecbaa46261d8fd1dd6559734,False,
Nuclear_Graphite_Stress_Surrogate/outputs/19_one_time_final_50case_locked_149/formal_final_50case/case_cache/case_50_plot_sample.npz,outputs/19_one_time_final_50case_locked_149/formal_final_50case/case_cache/case_50_plot_sample.npz,executed_research_artifact,201948,9fc22fbc22c67bca6b83593df0ca39b176985654c7bc3d2714542ea5717a6ca3,9fc22fbc22c67bca6b83593df0ca39b176985654c7bc3d2714542ea5717a6ca3,False,
Nuclear_Graphite_Stress_Surrogate/outputs/19_one_time_final_50case_locked_149/formal_final_50case/case_cache/case_50_predictors.csv,outputs/19_one_time_final_50case_locked_149/formal_final_50case/case_cache/case_50_predictors.csv,executed_research_artifact,1479,a86640afb876acdc52235f4f45217f4b95b0e48c4ae86dff70b62e226e8b3a02,a86640afb876acdc52235f4f45217f4b95b0e48c4ae86dff70b62e226e8b3a02,False,
Nuclear_Graphite_Stress_Surrogate/outputs/19_one_time_final_50case_locked_149/formal_final_50case/case_cache/case_53_metrics.csv,outputs/19_one_time_final_50case_locked_149/formal_final_50case/case_cache/case_53_metrics.csv,executed_research_artifact,2116,1c72e27c79a7779b600a79fefec382d03501ae50d9d9e2f358c20565de181c92,1c72e27c79a7779b600a79fefec382d03501ae50d9d9e2f358c20565de181c92,False,
Nuclear_Graphite_Stress_Surrogate/outputs/19_one_time_final_50case_locked_149/formal_final_50case/case_cache/case_53_plot_sample.npz,outputs/19_one_time_final_50case_locked_149/formal_final_50case/case_cache/case_53_plot_sample.npz,executed_research_artifact,201715,aca2d804a7aaa72466f39322b52b67ec7848e79892eb51f0e73e234f5a70ea59,aca2d804a7aaa72466f39322b52b67ec7848e79892eb51f0e73e234f5a70ea59,False,
Nuclear_Graphite_Stress_Surrogate/outputs/19_one_time_final_50case_locked_149/formal_final_50case/case_cache/case_53_predictors.csv,outputs/19_one_time_final_50case_locked_149/formal_final_50case/case_cache/case_53_predictors.csv,executed_research_artifact,1492,3be2605ab75b6606a8796526a8f7ee6d5553764a4fdb27a95cf8cc6203d65590,3be2605ab75b6606a8796526a8f7ee6d5553764a4fdb27a95cf8cc6203d65590,False,
Nuclear_Graphite_Stress_Surrogate/outputs/19_one_time_final_50case_locked_149/formal_final_50case/case_cache/case_55_metrics.csv,outputs/19_one_time_final_50case_locked_149/formal_final_50case/case_cache/case_55_metrics.csv,executed_research_artifact,2135,044072b6b0297eac91aeecd978cf16512a6f81ac68f05577a5feaced897bb5f0,044072b6b0297eac91aeecd978cf16512a6f81ac68f05577a5feaced897bb5f0,False,
Nuclear_Graphite_Stress_Surrogate/outputs/19_one_time_final_50case_locked_149/formal_final_50case/case_cache/case_55_plot_sample.npz,outputs/19_one_time_final_50case_locked_149/formal_final_50case/case_cache/case_55_plot_sample.npz,executed_research_artifact,201323,6d2ef7b52fb3d0aeeaac79dc7ddc2fb5f5c9a29717471fd9732195b4c4359237,6d2ef7b52fb3d0aeeaac79dc7ddc2fb5f5c9a29717471fd9732195b4c4359237,False,
Nuclear_Graphite_Stress_Surrogate/outputs/19_one_time_final_50case_locked_149/formal_final_50case/case_cache/case_55_predictors.csv,outputs/19_one_time_final_50case_locked_149/formal_final_50case/case_cache/case_55_predictors.csv,executed_research_artifact,1492,46f3382755e4a55ac031ce3054def0eb043f636b23cb5f3d97446dfb4299d362,46f3382755e4a55ac031ce3054def0eb043f636b23cb5f3d97446dfb4299d362,False,
Nuclear_Graphite_Stress_Surrogate/outputs/19_one_time_final_50case_locked_149/formal_final_50case/case_cache/case_65_metrics.csv,outputs/19_one_time_final_50case_locked_149/formal_final_50case/case_cache/case_65_metrics.csv,executed_research_artifact,2126,ba4524fea10884d95da0e273e6ce0766eb09c4f9bbc3201bd4f61eb8800a9384,ba4524fea10884d95da0e273e6ce0766eb09c4f9bbc3201bd4f61eb8800a9384,False,
Nuclear_Graphite_Stress_Surrogate/outputs/19_one_time_final_50case_locked_149/formal_final_50case/case_cache/case_65_plot_sample.npz,outputs/19_one_time_final_50case_locked_149/formal_final_50case/case_cache/case_65_plot_sample.npz,executed_research_artifact,202920,ac47830a427fb95de250f145d35c1208edaf5b60bab28e02f2ea6f9b01c9ed69,ac47830a427fb95de250f145d35c1208edaf5b60bab28e02f2ea6f9b01c9ed69,False,
Nuclear_Graphite_Stress_Surrogate/outputs/19_one_time_final_50case_locked_149/formal_final_50case/case_cache/case_65_predictors.csv,outputs/19_one_time_final_50case_locked_149/formal_final_50case/case_cache/case_65_predictors.csv,executed_research_artifact,1492,e59840585e0cdc142fc471a598b87c3c86bc7ff25247a48b807eb7c6a532e370,e59840585e0cdc142fc471a598b87c3c86bc7ff25247a48b807eb7c6a532e370,False,
Nuclear_Graphite_Stress_Surrogate/outputs/19_one_time_final_50case_locked_149/formal_final_50case/case_cache/case_70_metrics.csv,outputs/19_one_time_final_50case_locked_149/formal_final_50case/case_cache/case_70_metrics.csv,executed_research_artifact,2084,f7727c503f202537d813424932957391634049237576405e3cf150029dfe38f9,f7727c503f202537d813424932957391634049237576405e3cf150029dfe38f9,False,
Nuclear_Graphite_Stress_Surrogate/outputs/19_one_time_final_50case_locked_149/formal_final_50case/case_cache/case_70_plot_sample.npz,outputs/19_one_time_final_50case_locked_149/formal_final_50case/case_cache/case_70_plot_sample.npz,executed_research_artifact,199992,2362918e565dff9c43a7f47093b7ca17128cc35187aa39c20adf7be61ee8a0d6,2362918e565dff9c43a7f47093b7ca17128cc35187aa39c20adf7be61ee8a0d6,False,
Nuclear_Graphite_Stress_Surrogate/outputs/19_one_time_final_50case_locked_149/formal_final_50case/case_cache/case_70_predictors.csv,outputs/19_one_time_final_50case_locked_149/formal_final_50case/case_cache/case_70_predictors.csv,executed_research_artifact,1485,6320a71695abe17b6b9eecfc6a322bd03977272fdbdb9d5611239951f20af8b4,6320a71695abe17b6b9eecfc6a322bd03977272fdbdb9d5611239951f20af8b4,False,
Nuclear_Graphite_Stress_Surrogate/outputs/19_one_time_final_50case_locked_149/formal_final_50case/case_cache/case_76_metrics.csv,outputs/19_one_time_final_50case_locked_149/formal_final_50case/case_cache/case_76_metrics.csv,executed_research_artifact,2095,65acfab0fc4216229546d002baa94bf6bdf5a9720e7a87446b3cf149fc1faeb4,65acfab0fc4216229546d002baa94bf6bdf5a9720e7a87446b3cf149fc1faeb4,False,
Nuclear_Graphite_Stress_Surrogate/outputs/19_one_time_final_50case_locked_149/formal_final_50case/case_cache/case_76_plot_sample.npz,outputs/19_one_time_final_50case_locked_149/formal_final_50case/case_cache/case_76_plot_sample.npz,executed_research_artifact,199910,3b9a5fde04c9f083e6fc6159974fb47ae74e22eec8a25e42048fa849c2c8aeb0,3b9a5fde04c9f083e6fc6159974fb47ae74e22eec8a25e42048fa849c2c8aeb0,False,
Nuclear_Graphite_Stress_Surrogate/outputs/19_one_time_final_50case_locked_149/formal_final_50case/case_cache/case_76_predictors.csv,outputs/19_one_time_final_50case_locked_149/formal_final_50case/case_cache/case_76_predictors.csv,executed_research_artifact,1489,96a0fe025b9100adbb386cc4610b88f0a2ce98547d41551b03fcb36e8ede098a,96a0fe025b9100adbb386cc4610b88f0a2ce98547d41551b03fcb36e8ede098a,False,
Nuclear_Graphite_Stress_Surrogate/outputs/19_one_time_final_50case_locked_149/formal_final_50case/case_cache/case_80_metrics.csv,outputs/19_one_time_final_50case_locked_149/formal_final_50case/case_cache/case_80_metrics.csv,executed_research_artifact,2113,e0a84f1df81750e6b402ab246256378afbc1b39f056a453d4cdd4be408fb21c9,e0a84f1df81750e6b402ab246256378afbc1b39f056a453d4cdd4be408fb21c9,False,
Nuclear_Graphite_Stress_Surrogate/outputs/19_one_time_final_50case_locked_149/formal_final_50case/case_cache/case_80_plot_sample.npz,outputs/19_one_time_final_50case_locked_149/formal_final_50case/case_cache/case_80_plot_sample.npz,executed_research_artifact,200593,7437111efce1a90c52a24caf292c148eb5bed7183ec1c168c60e312da0a536b3,7437111efce1a90c52a24caf292c148eb5bed7183ec1c168c60e312da0a536b3,False,
Nuclear_Graphite_Stress_Surrogate/outputs/19_one_time_final_50case_locked_149/formal_final_50case/case_cache/case_80_predictors.csv,outputs/19_one_time_final_50case_locked_149/formal_final_50case/case_cache/case_80_predictors.csv,executed_research_artifact,1475,8dd3053074787404bf657f89a630d0532c36814ac5dd07474c55be80413e7b63,8dd3053074787404bf657f89a630d0532c36814ac5dd07474c55be80413e7b63,False,
Nuclear_Graphite_Stress_Surrogate/outputs/19_one_time_final_50case_locked_149/formal_final_50case/case_cache/case_88_metrics.csv,outputs/19_one_time_final_50case_locked_149/formal_final_50case/case_cache/case_88_metrics.csv,executed_research_artifact,2135,f26c4b0266e38229596f46f90332791cfb7a07354534f4052277d24f676a2593,f26c4b0266e38229596f46f90332791cfb7a07354534f4052277d24f676a2593,False,
Nuclear_Graphite_Stress_Surrogate/outputs/19_one_time_final_50case_locked_149/formal_final_50case/case_cache/case_88_plot_sample.npz,outputs/19_one_time_final_50case_locked_149/formal_final_50case/case_cache/case_88_plot_sample.npz,executed_research_artifact,201672,307d59161ea5dc426956e226aebe1506aac493bdfed38adb64b7ff229cdd838b,307d59161ea5dc426956e226aebe1506aac493bdfed38adb64b7ff229cdd838b,False,
Nuclear_Graphite_Stress_Surrogate/outputs/19_one_time_final_50case_locked_149/formal_final_50case/case_cache/case_88_predictors.csv,outputs/19_one_time_final_50case_locked_149/formal_final_50case/case_cache/case_88_predictors.csv,executed_research_artifact,1487,e64732042f32cfce3868953f7359ab8ee418fdf13e47fc63eefe049682d8be09,e64732042f32cfce3868953f7359ab8ee418fdf13e47fc63eefe049682d8be09,False,
Nuclear_Graphite_Stress_Surrogate/outputs/19_one_time_final_50case_locked_149/formal_final_50case/case_cache/case_90_metrics.csv,outputs/19_one_time_final_50case_locked_149/formal_final_50case/case_cache/case_90_metrics.csv,executed_research_artifact,2121,3341a8f14f3428aba3dd8a48d26c15e0c532499645b792771b238382cca391a4,3341a8f14f3428aba3dd8a48d26c15e0c532499645b792771b238382cca391a4,False,
Nuclear_Graphite_Stress_Surrogate/outputs/19_one_time_final_50case_locked_149/formal_final_50case/case_cache/case_90_plot_sample.npz,outputs/19_one_time_final_50case_locked_149/formal_final_50case/case_cache/case_90_plot_sample.npz,executed_research_artifact,201055,2956e3a459f62a1e3377311ebcdb0948a9df9635fda00c61fbd3f6efa13c10a4,2956e3a459f62a1e3377311ebcdb0948a9df9635fda00c61fbd3f6efa13c10a4,False,
Nuclear_Graphite_Stress_Surrogate/outputs/19_one_time_final_50case_locked_149/formal_final_50case/case_cache/case_90_predictors.csv,outputs/19_one_time_final_50case_locked_149/formal_final_50case/case_cache/case_90_predictors.csv,executed_research_artifact,1492,ab8a4c95fede3d4f2621e1e355698bb5a60914219c6c88de740ccf6aad153f42,ab8a4c95fede3d4f2621e1e355698bb5a60914219c6c88de740ccf6aad153f42,False,
Nuclear_Graphite_Stress_Surrogate/outputs/19_one_time_final_50case_locked_149/formal_final_50case/development_to_final_generalisation.csv,outputs/19_one_time_final_50case_locked_149/formal_final_50case/development_to_final_generalisation.csv,executed_research_artifact,4487,fd622950f32aea879b7f69c2748276bbd9f6fc4825a420f7e17303f18da5154a,fd622950f32aea879b7f69c2748276bbd9f6fc4825a420f7e17303f18da5154a,False,
Nuclear_Graphite_Stress_Surrogate/outputs/19_one_time_final_50case_locked_149/formal_final_50case/executed_notebooks/locked_149_final_executed_job_19011902.ipynb,outputs/19_one_time_final_50case_locked_149/formal_final_50case/executed_notebooks/locked_149_final_executed_job_19011902.ipynb,executed_research_artifact,8725454,27a5ce8cfde0f600beff57793c0b7d07e4c39a61f61c13c0291957f2c90af99f,27a5ce8cfde0f600beff57793c0b7d07e4c39a61f61c13c0291957f2c90af99f,False,
Nuclear_Graphite_Stress_Surrogate/outputs/19_one_time_final_50case_locked_149/formal_final_50case/figure_manifest_for_thesis.csv,outputs/19_one_time_final_50case_locked_149/formal_final_50case/figure_manifest_for_thesis.csv,executed_research_artifact,1421,44141b244b7349e660bd55940e6bcc2c0ff1ea098469ba1174e5dbe80127e95b,44141b244b7349e660bd55940e6bcc2c0ff1ea098469ba1174e5dbe80127e95b,False,
Nuclear_Graphite_Stress_Surrogate/outputs/19_one_time_final_50case_locked_149/formal_final_50case/figures_for_thesis/01_final_model_metric_dashboard.png,outputs/19_one_time_final_50case_locked_149/formal_final_50case/figures_for_thesis/01_final_model_metric_dashboard.png,executed_research_artifact,357865,0de9cee4fbee5bf09115b495d32a7a3e14b026d0f48fd00e810514c72ac9fdb0,0de9cee4fbee5bf09115b495d32a7a3e14b026d0f48fd00e810514c72ac9fdb0,False,
Nuclear_Graphite_Stress_Surrogate/outputs/19_one_time_final_50case_locked_149/formal_final_50case/figures_for_thesis/02_final_case_rmse_r2_rankings.png,outputs/19_one_time_final_50case_locked_149/formal_final_50case/figures_for_thesis/02_final_case_rmse_r2_rankings.png,executed_research_artifact,207359,b29b21d3b67e269116bba5595cfe7061a90a44354844e055eaf400c014998a5b,b29b21d3b67e269116bba5595cfe7061a90a44354844e055eaf400c014998a5b,False,
Nuclear_Graphite_Stress_Surrogate/outputs/19_one_time_final_50case_locked_149/formal_final_50case/figures_for_thesis/03_final_quantile_calibration.png,outputs/19_one_time_final_50case_locked_149/formal_final_50case/figures_for_thesis/03_final_quantile_calibration.png,executed_research_artifact,540596,16adadcbc35f7c8e4a520adebff987ce2657ab84d2e2c18de13209ea34ce9542,16adadcbc35f7c8e4a520adebff987ce2657ab84d2e2c18de13209ea34ce9542,False,
Nuclear_Graphite_Stress_Surrogate/outputs/19_one_time_final_50case_locked_149/formal_final_50case/figures_for_thesis/04_final_tail_hotspot_case_metrics.png,outputs/19_one_time_final_50case_locked_149/formal_final_50case/figures_for_thesis/04_final_tail_hotspot_case_metrics.png,executed_research_artifact,277760,3564235c7385f6f2a524543d512c6eff582e07ab8aa39302802d0d5c81ff1a18,3564235c7385f6f2a524543d512c6eff582e07ab8aa39302802d0d5c81ff1a18,False,
Nuclear_Graphite_Stress_Surrogate/outputs/19_one_time_final_50case_locked_149/formal_final_50case/figures_for_thesis/05_final_residual_diagnostics.png,outputs/19_one_time_final_50case_locked_149/formal_final_50case/figures_for_thesis/05_final_residual_diagnostics.png,executed_research_artifact,864113,1732cd5236382905062d60a12cf8f78fa5d37ce17629718ca20d137fa4d6927d,1732cd5236382905062d60a12cf8f78fa5d37ce17629718ca20d137fa4d6927d,False,
Nuclear_Graphite_Stress_Surrogate/outputs/19_one_time_final_50case_locked_149/formal_final_50case/figures_for_thesis/06_development_to_final_comparison.png,outputs/19_one_time_final_50case_locked_149/formal_final_50case/figures_for_thesis/06_development_to_final_comparison.png,executed_research_artifact,255585,ea169b3deaa5790e7d9ce53ac767da866fb5fe35ee99ec3474ff1acf9de22a4f,ea169b3deaa5790e7d9ce53ac767da866fb5fe35ee99ec3474ff1acf9de22a4f,False,
Nuclear_Graphite_Stress_Surrogate/outputs/19_one_time_final_50case_locked_149/formal_final_50case/figures_for_thesis/07_best_case_spatial_stress_and_residual.png,outputs/19_one_time_final_50case_locked_149/formal_final_50case/figures_for_thesis/07_best_case_spatial_stress_and_residual.png,executed_research_artifact,1264530,8cb02ff2fb53d9b27d6e0d7ef22e2a6e956f0035c83ea7b6f5675790dfd4c4af,8cb02ff2fb53d9b27d6e0d7ef22e2a6e956f0035c83ea7b6f5675790dfd4c4af,False,
Nuclear_Graphite_Stress_Surrogate/outputs/19_one_time_final_50case_locked_149/formal_final_50case/figures_for_thesis/07_median_case_spatial_stress_and_residual.png,outputs/19_one_time_final_50case_locked_149/formal_final_50case/figures_for_thesis/07_median_case_spatial_stress_and_residual.png,executed_research_artifact,1354009,20f4e6e83c74296b36059acd5f0f40e8a6995fa80bd9fef5c6e58fe2a553b90c,20f4e6e83c74296b36059acd5f0f40e8a6995fa80bd9fef5c6e58fe2a553b90c,False,
Nuclear_Graphite_Stress_Surrogate/outputs/19_one_time_final_50case_locked_149/formal_final_50case/figures_for_thesis/07_worst_case_spatial_stress_and_residual.png,outputs/19_one_time_final_50case_locked_149/formal_final_50case/figures_for_thesis/07_worst_case_spatial_stress_and_residual.png,executed_research_artifact,1303209,3a6bba0416a70ad93f9dd61232ea9bf3385b7f6669e9aa22a8389e702e7b77c8,3a6bba0416a70ad93f9dd61232ea9bf3385b7f6669e9aa22a8389e702e7b77c8,False,
Nuclear_Graphite_Stress_Surrogate/outputs/19_one_time_final_50case_locked_149/formal_final_50case/final_50case_case_metrics.csv.gz,outputs/19_one_time_final_50case_locked_149/formal_final_50case/final_50case_case_metrics.csv.gz,executed_research_artifact,24593,9af94eca77a5bc206e246613f56b79d0e7ff39abe14145838b9e5fbf18e40834,9af94eca77a5bc206e246613f56b79d0e7ff39abe14145838b9e5fbf18e40834,False,
Nuclear_Graphite_Stress_Surrogate/outputs/19_one_time_final_50case_locked_149/formal_final_50case/final_50case_predictor_summaries.csv,outputs/19_one_time_final_50case_locked_149/formal_final_50case/final_50case_predictor_summaries.csv,executed_research_artifact,43324,c441ee4dd2b6601c2fce09f065bd13c0e644adbf56e87c0dbe9420d804c48030,c441ee4dd2b6601c2fce09f065bd13c0e644adbf56e87c0dbe9420d804c48030,False,
Nuclear_Graphite_Stress_Surrogate/outputs/19_one_time_final_50case_locked_149/formal_final_50case/final_50case_scope_metrics.csv,outputs/19_one_time_final_50case_locked_149/formal_final_50case/final_50case_scope_metrics.csv,executed_research_artifact,1230,0c361e6af4ad1d43f6dc918304db771cf36af5ba616d8adf14d47b695467a358,0c361e6af4ad1d43f6dc918304db771cf36af5ba616d8adf14d47b695467a358,False,
Nuclear_Graphite_Stress_Surrogate/outputs/19_one_time_final_50case_locked_149/formal_final_50case/final_case_predictor_coverage_flags.csv,outputs/19_one_time_final_50case_locked_149/formal_final_50case/final_case_predictor_coverage_flags.csv,executed_research_artifact,1285,18785c118ea60bb96b4a7a597f3c617b1f5ee0525e30ad2a2d90efcf7ecad714,18785c118ea60bb96b4a7a597f3c617b1f5ee0525e30ad2a2d90efcf7ecad714,False,
Nuclear_Graphite_Stress_Surrogate/outputs/19_one_time_final_50case_locked_149/formal_final_50case/final_evaluation_complete.json,outputs/19_one_time_final_50case_locked_149/formal_final_50case/final_evaluation_complete.json,executed_research_artifact,1026,4fc76d338afb8bff190f3526e0956971cb6ce1b552b63676eafa86b57d820103,4fc76d338afb8bff190f3526e0956971cb6ce1b552b63676eafa86b57d820103,False,
Nuclear_Graphite_Stress_Surrogate/outputs/19_one_time_final_50case_locked_149/formal_final_50case/final_evaluation_signature.json,outputs/19_one_time_final_50case_locked_149/formal_final_50case/final_evaluation_signature.json,executed_research_artifact,8927,d9ebc49f9841cf96e0ab1498a47a076155d26af85fbfe4612469cbbb94338cf0,d9ebc49f9841cf96e0ab1498a47a076155d26af85fbfe4612469cbbb94338cf0,False,
Nuclear_Graphite_Stress_Surrogate/outputs/19_one_time_final_50case_locked_149/formal_final_50case/final_evaluation_started.json,outputs/19_one_time_final_50case_locked_149/formal_final_50case/final_evaluation_started.json,executed_research_artifact,469,71860f3ebecbebe6ce5804a46e5d3273c4a97ce861aed94c356e9f08ed347b82,71860f3ebecbebe6ce5804a46e5d3273c4a97ce861aed94c356e9f08ed347b82,False,
Nuclear_Graphite_Stress_Surrogate/outputs/19_one_time_final_50case_locked_149/formal_final_50case/final_fixed_uniform_plot_sample.csv.gz,outputs/19_one_time_final_50case_locked_149/formal_final_50case/final_fixed_uniform_plot_sample.csv.gz,executed_research_artifact,17133559,62de82e0256bc089c47c645e65a46a0ee1537ed14027850765064abd4b2728ef,62de82e0256bc089c47c645e65a46a0ee1537ed14027850765064abd4b2728ef,False,
Nuclear_Graphite_Stress_Surrogate/outputs/19_one_time_final_50case_locked_149/formal_final_50case/final_predictor_coverage_against_development.csv,outputs/19_one_time_final_50case_locked_149/formal_final_50case/final_predictor_coverage_against_development.csv,executed_research_artifact,3954,9a93751482d44f9264e0710bdcd875438f26d660aa57eaca9ef687815ca1da79,9a93751482d44f9264e0710bdcd875438f26d660aa57eaca9ef687815ca1da79,False,
Nuclear_Graphite_Stress_Surrogate/outputs/19_one_time_final_50case_locked_149/formal_final_50case/final_primary_research_reporting_gates.csv,outputs/19_one_time_final_50case_locked_149/formal_final_50case/final_primary_research_reporting_gates.csv,executed_research_artifact,2478,3753b136b6d976e9369e607f2564ce89f486aa602abf3ce46669d6894cb91d4f,3753b136b6d976e9369e607f2564ce89f486aa602abf3ce46669d6894cb91d4f,False,
Nuclear_Graphite_Stress_Surrogate/outputs/19_one_time_final_50case_locked_149/formal_final_50case/final_provisional_physical_boundary_report.csv,outputs/19_one_time_final_50case_locked_149/formal_final_50case/final_provisional_physical_boundary_report.csv,executed_research_artifact,18195,b3dd00d800e3949036cfe82008e3ed02c7570730ec25f94685c85fbb121e7ff2,b3dd00d800e3949036cfe82008e3ed02c7570730ec25f94685c85fbb121e7ff2,False,
Nuclear_Graphite_Stress_Surrogate/outputs/19_one_time_final_50case_locked_149/formal_final_50case/final_similarity_group_bootstrap_ci.csv,outputs/19_one_time_final_50case_locked_149/formal_final_50case/final_similarity_group_bootstrap_ci.csv,executed_research_artifact,3656,7734958febc53b6a5b76f1922c3ca68c57b652c7cb5d08677647fdefc023b426,7734958febc53b6a5b76f1922c3ca68c57b652c7cb5d08677647fdefc023b426,False,
Nuclear_Graphite_Stress_Surrogate/outputs/19_one_time_final_50case_locked_149/formal_final_50case/final_spatial_case_selection.csv,outputs/19_one_time_final_50case_locked_149/formal_final_50case/final_spatial_case_selection.csv,executed_research_artifact,299,bae19dd2b8c25db7fc58fedde2b39ea9ade4937cc4add508d848b335d0eb826d,bae19dd2b8c25db7fc58fedde2b39ea9ade4937cc4add508d848b335d0eb826d,False,
Nuclear_Graphite_Stress_Surrogate/outputs/19_one_time_final_50case_locked_149/formal_final_50case/final_test_opening_authorisation.json,outputs/19_one_time_final_50case_locked_149/formal_final_50case/final_test_opening_authorisation.json,executed_research_artifact,386,28ac6fc631c45a0de565f28d94e02dab3d4043f8edd76bc63544b532357062ec,28ac6fc631c45a0de565f28d94e02dab3d4043f8edd76bc63544b532357062ec,False,
Nuclear_Graphite_Stress_Surrogate/outputs/19_one_time_final_50case_locked_149/formal_final_50case/final_worst_15_primary_cases_by_rmse.csv,outputs/19_one_time_final_50case_locked_149/formal_final_50case/final_worst_15_primary_cases_by_rmse.csv,executed_research_artifact,11468,1035b48eb3f5f27c41a154602366bb5d084f961c3364de53a740b76a6cd0c1c7,1035b48eb3f5f27c41a154602366bb5d084f961c3364de53a740b76a6cd0c1c7,False,
Nuclear_Graphite_Stress_Surrogate/outputs/19_one_time_final_50case_locked_149/formal_final_50case/frozen_artifact_hash_audit.csv,outputs/19_one_time_final_50case_locked_149/formal_final_50case/frozen_artifact_hash_audit.csv,executed_research_artifact,16886,6192475d91aa605dccec3ead3be2f26031eab2a051ce9ce52e229e6ecff790ce,6192475d91aa605dccec3ead3be2f26031eab2a051ce9ce52e229e6ecff790ce,False,
Nuclear_Graphite_Stress_Surrogate/outputs/19_one_time_final_50case_locked_149/formal_final_50case/frozen_symbolic_formulas_evaluated.csv,outputs/19_one_time_final_50case_locked_149/formal_final_50case/frozen_symbolic_formulas_evaluated.csv,executed_research_artifact,15214,ca47e109f22d5c1b41833c53c07b4a62a12cf76f4272aff7b28e98ab3b0ba9e1,ca47e109f22d5c1b41833c53c07b4a62a12cf76f4272aff7b28e98ab3b0ba9e1,False,
Nuclear_Graphite_Stress_Surrogate/outputs/19_one_time_final_50case_locked_149/formal_final_50case/frozen_symbolic_formulas_evaluated.txt,outputs/19_one_time_final_50case_locked_149/formal_final_50case/frozen_symbolic_formulas_evaluated.txt,executed_research_artifact,15627,4643f631e12c8a618954729c71e15235cedeace74da56351e352aa1ec00e5360,4643f631e12c8a618954729c71e15235cedeace74da56351e352aa1ec00e5360,False,
Nuclear_Graphite_Stress_Surrogate/outputs/19_one_time_final_50case_locked_149/formal_final_50case/preflight_checks.csv,outputs/19_one_time_final_50case_locked_149/formal_final_50case/preflight_checks.csv,executed_research_artifact,1988,97433c0583eacbc5b7011ec800fecd91b055fb31771467a46c216cc53c7158c4,97433c0583eacbc5b7011ec800fecd91b055fb31771467a46c216cc53c7158c4,False,
Nuclear_Graphite_Stress_Surrogate/outputs/19_one_time_final_50case_locked_149/formal_final_50case/run_status.json,outputs/19_one_time_final_50case_locked_149/formal_final_50case/run_status.json,executed_research_artifact,275,283f5343affed6cf5a57eab8caaa8f1182a746b681be0e4d4f54aae40409d038,283f5343affed6cf5a57eab8caaa8f1182a746b681be0e4d4f54aae40409d038,False,
Nuclear_Graphite_Stress_Surrogate/outputs/15_v13_structural_tail_residual/iteration_1/design_rationale.json,outputs/15_v13_structural_tail_residual/iteration_1/design_rationale.json,non_deployed_completed_decision_support,763,8f071c74492e8434cec59de1a4eda61b08dd435131bb93af2f5175356555958a,8f071c74492e8434cec59de1a4eda61b08dd435131bb93af2f5175356555958a,False,
Nuclear_Graphite_Stress_Surrogate/outputs/15_v13_structural_tail_residual/iteration_1/executed_notebooks/v13_structural_residual_executed_job_18863732.ipynb,outputs/15_v13_structural_tail_residual/iteration_1/executed_notebooks/v13_structural_residual_executed_job_18863732.ipynb,non_deployed_completed_decision_support,103279,c4fc8a56938a0876d2f3cd71a678586d8af389343d6ccbd91a0df06f435a3720,c4fc8a56938a0876d2f3cd71a678586d8af389343d6ccbd91a0df06f435a3720,False,
Nuclear_Graphite_Stress_Surrogate/outputs/15_v13_structural_tail_residual/iteration_1/feature_registry.csv,outputs/15_v13_structural_tail_residual/iteration_1/feature_registry.csv,non_deployed_completed_decision_support,2153,79e568aa23308f0e3997d6058831247d47ae10d098d4cb856108d8281411cfd9,79e568aa23308f0e3997d6058831247d47ae10d098d4cb856108d8281411cfd9,False,
Nuclear_Graphite_Stress_Surrogate/outputs/15_v13_structural_tail_residual/iteration_1/frozen_input_hash_audit.csv,outputs/15_v13_structural_tail_residual/iteration_1/frozen_input_hash_audit.csv,non_deployed_completed_decision_support,4775,ccf2dd6f0edc02b28140f28baba04ac4f83db32870ff28e36fcedc621a2c831e,ccf2dd6f0edc02b28140f28baba04ac4f83db32870ff28e36fcedc621a2c831e,False,
Nuclear_Graphite_Stress_Surrogate/outputs/15_v13_structural_tail_residual/iteration_1/preflight_checks.csv,outputs/15_v13_structural_tail_residual/iteration_1/preflight_checks.csv,non_deployed_completed_decision_support,439,cb2bdd27c3609d405c200d656eee07f79689f48ec154c388194a94700a75da79,cb2bdd27c3609d405c200d656eee07f79689f48ec154c388194a94700a75da79,False,
Nuclear_Graphite_Stress_Surrogate/outputs/15_v13_structural_tail_residual/iteration_1/run_configuration.json,outputs/15_v13_structural_tail_residual/iteration_1/run_configuration.json,non_deployed_completed_decision_support,849,69c3dcbb003a204bc03ebd9ce5aedf48d135d4dd161b8572a38ce903770e742e,69c3dcbb003a204bc03ebd9ce5aedf48d135d4dd161b8572a38ce903770e742e,False,
Nuclear_Graphite_Stress_Surrogate/outputs/15_v13_structural_tail_residual/iteration_1/run_status.json,outputs/15_v13_structural_tail_residual/iteration_1/run_status.json,non_deployed_completed_decision_support,909,834fc7fb63ba81317cf9140f5268bdb400d2daa281e4278de8a0689291946e41,834fc7fb63ba81317cf9140f5268bdb400d2daa281e4278de8a0689291946e41,False,
Nuclear_Graphite_Stress_Surrogate/outputs/15_v13_structural_tail_residual/iteration_1/selected_deployment_formula.csv,outputs/15_v13_structural_tail_residual/iteration_1/selected_deployment_formula.csv,non_deployed_completed_decision_support,2976,4b3ead3b183c2d8375b3cf430b7d8226a7865de2f17b7f7d93e4ef5e49586de8,4b3ead3b183c2d8375b3cf430b7d8226a7865de2f17b7f7d93e4ef5e49586de8,False,
Nuclear_Graphite_Stress_Surrogate/outputs/15_v13_structural_tail_residual/iteration_1/selected_deployment_formula.txt,outputs/15_v13_structural_tail_residual/iteration_1/selected_deployment_formula.txt,non_deployed_completed_decision_support,2959,701bfbb955c31e553dee4b48aded6483293e84e5221b9e70f54153d40328fa1d,701bfbb955c31e553dee4b48aded6483293e84e5221b9e70f54153d40328fa1d,False,
Nuclear_Graphite_Stress_Surrogate/outputs/15_v13_structural_tail_residual/iteration_1/stages/stage_structural_residual/candidate_validation_metrics.csv,outputs/15_v13_structural_tail_residual/iteration_1/stages/stage_structural_residual/candidate_validation_metrics.csv,non_deployed_completed_decision_support,42566,98237da20543c8d22664ff3322f95e3b671c3913a1d68876b776f918b44f77d7,98237da20543c8d22664ff3322f95e3b671c3913a1d68876b776f918b44f77d7,False,
Nuclear_Graphite_Stress_Surrogate/outputs/15_v13_structural_tail_residual/iteration_1/stages/stage_structural_residual/frontier.csv,outputs/15_v13_structural_tail_residual/iteration_1/stages/stage_structural_residual/frontier.csv,non_deployed_completed_decision_support,31132,9cb6ea9478513fa8f3b973d1b27e0350d3a730c0757262d831639994fd12e963,9cb6ea9478513fa8f3b973d1b27e0350d3a730c0757262d831639994fd12e963,False,
Nuclear_Graphite_Stress_Surrogate/outputs/15_v13_structural_tail_residual/iteration_1/stages/stage_structural_residual/full_validation_shortlist.csv,outputs/15_v13_structural_tail_residual/iteration_1/stages/stage_structural_residual/full_validation_shortlist.csv,non_deployed_completed_decision_support,31132,39ba8b2fa5745e0695c4c571ce6810af5bf1808b559ec03f52f12221b10a3e06,39ba8b2fa5745e0695c4c571ce6810af5bf1808b559ec03f52f12221b10a3e06,False,
Nuclear_Graphite_Stress_Surrogate/outputs/15_v13_structural_tail_residual/iteration_1/stages/stage_structural_residual/search_progress.json,outputs/15_v13_structural_tail_residual/iteration_1/stages/stage_structural_residual/search_progress.json,non_deployed_completed_decision_support,337,db7274f2a902240557316b4dddeec6adffa15775d61e76676abaff91cea45f0f,db7274f2a902240557316b4dddeec6adffa15775d61e76676abaff91cea45f0f,False,
Nuclear_Graphite_Stress_Surrogate/outputs/15_v13_structural_tail_residual/iteration_1/stages/stage_structural_residual/search_signature.json,outputs/15_v13_structural_tail_residual/iteration_1/stages/stage_structural_residual/search_signature.json,non_deployed_completed_decision_support,4127,1b4d85756a30049edfdcca0b132bcb4b743dfe9165e830f97f1b593c52d29198,1b4d85756a30049edfdcca0b132bcb4b743dfe9165e830f97f1b593c52d29198,False,
Nuclear_Graphite_Stress_Surrogate/outputs/15_v13_structural_tail_residual/iteration_1/stages/stage_structural_residual/segment_attempt_audit.csv,outputs/15_v13_structural_tail_residual/iteration_1/stages/stage_structural_residual/segment_attempt_audit.csv,non_deployed_completed_decision_support,1060,099cc2fef7a02e7840a2d9a297e2d48d92c7a852cc22a6153087f75bef041ec4,099cc2fef7a02e7840a2d9a297e2d48d92c7a852cc22a6153087f75bef041ec4,False,
Nuclear_Graphite_Stress_Surrogate/outputs/15_v13_structural_tail_residual/iteration_1/stages/stage_structural_residual/selected_formula.csv,outputs/15_v13_structural_tail_residual/iteration_1/stages/stage_structural_residual/selected_formula.csv,non_deployed_completed_decision_support,4481,f607ba67eb98b19558f99b8b35259f6df370491cf821a9084b1f0fbf02be1a32,f607ba67eb98b19558f99b8b35259f6df370491cf821a9084b1f0fbf02be1a32,False,
Nuclear_Graphite_Stress_Surrogate/outputs/15_v13_structural_tail_residual/iteration_1/v13_all149_model_comparison.png,outputs/15_v13_structural_tail_residual/iteration_1/v13_all149_model_comparison.png,non_deployed_completed_decision_support,58405,cf6746555dfee1a78f4104d180829e4e44b6345b087431c12af5aa7696d8a236,cf6746555dfee1a78f4104d180829e4e44b6345b087431c12af5aa7696d8a236,False,
Nuclear_Graphite_Stress_Surrogate/outputs/15_v13_structural_tail_residual/iteration_1/v13_candidate_formula.csv,outputs/15_v13_structural_tail_residual/iteration_1/v13_candidate_formula.csv,non_deployed_completed_decision_support,4711,9edb6a07732136eaf95afc84d7203534097b9f139f25914e083f192ba2451e05,9edb6a07732136eaf95afc84d7203534097b9f139f25914e083f192ba2451e05,False,
Nuclear_Graphite_Stress_Surrogate/outputs/15_v13_structural_tail_residual/iteration_1/v13_candidate_formula.txt,outputs/15_v13_structural_tail_residual/iteration_1/v13_candidate_formula.txt,non_deployed_completed_decision_support,8602,9171bb45fe0b36e1db8aafd24c06d4d6130449debdd5f8fcec25d8a8d39f2336,9171bb45fe0b36e1db8aafd24c06d4d6130449debdd5f8fcec25d8a8d39f2336,False,
Nuclear_Graphite_Stress_Surrogate/outputs/15_v13_structural_tail_residual/iteration_1/v13_case_failure_registry.csv,outputs/15_v13_structural_tail_residual/iteration_1/v13_case_failure_registry.csv,non_deployed_completed_decision_support,108518,5f9cac45981f8b2e41e96f29e436ce025128e4e6903c58aba1df42374d960c0c,5f9cac45981f8b2e41e96f29e436ce025128e4e6903c58aba1df42374d960c0c,False,
Nuclear_Graphite_Stress_Surrogate/outputs/15_v13_structural_tail_residual/iteration_1/v13_case_metric_deltas.png,outputs/15_v13_structural_tail_residual/iteration_1/v13_case_metric_deltas.png,non_deployed_completed_decision_support,142135,6b17da0c86f613228877c7f4bb3bda152d993fc9dc25c1c0940c3992e9aaa255,6b17da0c86f613228877c7f4bb3bda152d993fc9dc25c1c0940c3992e9aaa255,False,
Nuclear_Graphite_Stress_Surrogate/outputs/15_v13_structural_tail_residual/iteration_1/v13_case_metrics.csv.gz,outputs/15_v13_structural_tail_residual/iteration_1/v13_case_metrics.csv.gz,non_deployed_completed_decision_support,73371,0f4dbc0e6e407ac6928743fde8e163bda3baffa559d82429c7eb94a926ffe4e1,0f4dbc0e6e407ac6928743fde8e163bda3baffa559d82429c7eb94a926ffe4e1,False,
Nuclear_Graphite_Stress_Surrogate/outputs/15_v13_structural_tail_residual/iteration_1/v13_complete.json,outputs/15_v13_structural_tail_residual/iteration_1/v13_complete.json,non_deployed_completed_decision_support,886,d4e5fd15b33f2b945ee1e24ee8307aa4187d8212aa70557eee9bca7fd6b3270f,d4e5fd15b33f2b945ee1e24ee8307aa4187d8212aa70557eee9bca7fd6b3270f,False,
Nuclear_Graphite_Stress_Surrogate/outputs/15_v13_structural_tail_residual/iteration_1/v13_promotion_decision.json,outputs/15_v13_structural_tail_residual/iteration_1/v13_promotion_decision.json,non_deployed_completed_decision_support,431,73a61addc5ca62d3acc04e1222ebbd486a1cfed48f63d3627c11eae906160487,73a61addc5ca62d3acc04e1222ebbd486a1cfed48f63d3627c11eae906160487,False,
Nuclear_Graphite_Stress_Surrogate/outputs/15_v13_structural_tail_residual/iteration_1/v13_promotion_gates.csv,outputs/15_v13_structural_tail_residual/iteration_1/v13_promotion_gates.csv,non_deployed_completed_decision_support,1041,639d2cefe413092fb13255133c67330292d6fc23734ce824158ebc077a7c061d,639d2cefe413092fb13255133c67330292d6fc23734ce824158ebc077a7c061d,False,
Nuclear_Graphite_Stress_Surrogate/outputs/15_v13_structural_tail_residual/iteration_1/v13_scope_metrics.csv,outputs/15_v13_structural_tail_residual/iteration_1/v13_scope_metrics.csv,non_deployed_completed_decision_support,3370,5d899e6d6e16e9a4a41f640212251a1a781488832dd6c35934726cf6924a2a6a,5d899e6d6e16e9a4a41f640212251a1a781488832dd6c35934726cf6924a2a6a,False,
Nuclear_Graphite_Stress_Surrogate/outputs/15_v13_structural_tail_residual/iteration_1/v13_signature.json,outputs/15_v13_structural_tail_residual/iteration_1/v13_signature.json,non_deployed_completed_decision_support,7731,441bab519f148f5902d706bd167a3c0cf346e6fa16f3ee6dac3168ceae637041,441bab519f148f5902d706bd167a3c0cf346e6fa16f3ee6dac3168ceae637041,False,
Nuclear_Graphite_Stress_Surrogate/outputs/16_v13_residual_gain_audit/iteration_1/all149_selected_gain_comparison.png,outputs/16_v13_residual_gain_audit/iteration_1/all149_selected_gain_comparison.png,non_deployed_completed_decision_support,65471,5579a223277311d8e06ddd10006790e4e847e292f012678de6b308ee33a4d0f9,5579a223277311d8e06ddd10006790e4e847e292f012678de6b308ee33a4d0f9,False,
Nuclear_Graphite_Stress_Surrogate/outputs/16_v13_residual_gain_audit/iteration_1/audit_signature.json,outputs/16_v13_residual_gain_audit/iteration_1/audit_signature.json,non_deployed_completed_decision_support,5356,03ff37ea88c0fde30240c93663fb595fb0f4b88c16a92987a16ebea49ad30c63,03ff37ea88c0fde30240c93663fb595fb0f4b88c16a92987a16ebea49ad30c63,False,
Nuclear_Graphite_Stress_Surrogate/outputs/16_v13_residual_gain_audit/iteration_1/executed_notebooks/v13_residual_gain_audit_executed_job_18879593.ipynb,outputs/16_v13_residual_gain_audit/iteration_1/executed_notebooks/v13_residual_gain_audit_executed_job_18879593.ipynb,non_deployed_completed_decision_support,74733,14f4941163e1df3c59984aef09f10049ae0ee35f69c31487123f7e343b37e52e,14f4941163e1df3c59984aef09f10049ae0ee35f69c31487123f7e343b37e52e,False,
Nuclear_Graphite_Stress_Surrogate/outputs/16_v13_residual_gain_audit/iteration_1/frozen_input_hash_audit.csv,outputs/16_v13_residual_gain_audit/iteration_1/frozen_input_hash_audit.csv,non_deployed_completed_decision_support,1394,c3d49e4f67f102202cf081263dc916f09f4a7c7b7d2b24b1a068fc5c0e8939b5,c3d49e4f67f102202cf081263dc916f09f4a7c7b7d2b24b1a068fc5c0e8939b5,False,
Nuclear_Graphite_Stress_Surrogate/outputs/16_v13_residual_gain_audit/iteration_1/gain_audit_complete.json,outputs/16_v13_residual_gain_audit/iteration_1/gain_audit_complete.json,non_deployed_completed_decision_support,643,ffb5757e921f8f3dd635bdbcc5b2bb1c67f56ce517ad54f7098ee51cc0ac0d17,ffb5757e921f8f3dd635bdbcc5b2bb1c67f56ce517ad54f7098ee51cc0ac0d17,False,
Nuclear_Graphite_Stress_Surrogate/outputs/16_v13_residual_gain_audit/iteration_1/gain_confirmation_gates.csv,outputs/16_v13_residual_gain_audit/iteration_1/gain_confirmation_gates.csv,non_deployed_completed_decision_support,848,40f39981650e945f3785263f12482a1364bc27536d326f5110299e7164c7c7bb,40f39981650e945f3785263f12482a1364bc27536d326f5110299e7164c7c7bb,False,
Nuclear_Graphite_Stress_Surrogate/outputs/16_v13_residual_gain_audit/iteration_1/parent_v13_reproduction_checks.csv,outputs/16_v13_residual_gain_audit/iteration_1/parent_v13_reproduction_checks.csv,non_deployed_completed_decision_support,4690,121d755274dcca3d6faf794fceac97b00a73b703d36b93280d5ed039a9fc6688,121d755274dcca3d6faf794fceac97b00a73b703d36b93280d5ed039a9fc6688,False,
Nuclear_Graphite_Stress_Surrogate/outputs/16_v13_residual_gain_audit/iteration_1/preflight_checks.csv,outputs/16_v13_residual_gain_audit/iteration_1/preflight_checks.csv,non_deployed_completed_decision_support,293,e048775eea8623ac2c169eff24f5f1f0cbbae61e8d1df443841a5033b763c11e,e048775eea8623ac2c169eff24f5f1f0cbbae61e8d1df443841a5033b763c11e,False,
Nuclear_Graphite_Stress_Surrogate/outputs/16_v13_residual_gain_audit/iteration_1/residual_gain_decision.json,outputs/16_v13_residual_gain_audit/iteration_1/residual_gain_decision.json,non_deployed_completed_decision_support,430,c4082029fd6085f06807877a0f26b8da973229499897aacdc7c97a49ef3192af,c4082029fd6085f06807877a0f26b8da973229499897aacdc7c97a49ef3192af,False,
Nuclear_Graphite_Stress_Surrogate/outputs/16_v13_residual_gain_audit/iteration_1/run_status.json,outputs/16_v13_residual_gain_audit/iteration_1/run_status.json,non_deployed_completed_decision_support,666,594cffa49bfb66ac617c56a515faf5d206a2997ce0a792e651566b6da3b7bddb,594cffa49bfb66ac617c56a515faf5d206a2997ce0a792e651566b6da3b7bddb,False,
Nuclear_Graphite_Stress_Surrogate/outputs/16_v13_residual_gain_audit/iteration_1/selected_gain_case_metrics.csv.gz,outputs/16_v13_residual_gain_audit/iteration_1/selected_gain_case_metrics.csv.gz,non_deployed_completed_decision_support,104111,c58a526d78356aa7836f79f707b50cf5f9633d4d00c15e7e76a3cd5738942561,c58a526d78356aa7836f79f707b50cf5f9633d4d00c15e7e76a3cd5738942561,False,
Nuclear_Graphite_Stress_Surrogate/outputs/16_v13_residual_gain_audit/iteration_1/selected_gain_formula.csv,outputs/16_v13_residual_gain_audit/iteration_1/selected_gain_formula.csv,non_deployed_completed_decision_support,788,40ae42c12c7fa4559632d7c78a13517f39dbc1398e68a08cec8dcbb59e583f50,40ae42c12c7fa4559632d7c78a13517f39dbc1398e68a08cec8dcbb59e583f50,False,
Nuclear_Graphite_Stress_Surrogate/outputs/16_v13_residual_gain_audit/iteration_1/selected_gain_formula.txt,outputs/16_v13_residual_gain_audit/iteration_1/selected_gain_formula.txt,non_deployed_completed_decision_support,4063,1b242156bfc5331540bccb9848b7f0e8a4d19e4bcf78596dbbe940e167499e3e,1b242156bfc5331540bccb9848b7f0e8a4d19e4bcf78596dbbe940e167499e3e,False,
Nuclear_Graphite_Stress_Surrogate/outputs/16_v13_residual_gain_audit/iteration_1/selected_gain_scope_metrics.csv,outputs/16_v13_residual_gain_audit/iteration_1/selected_gain_scope_metrics.csv,non_deployed_completed_decision_support,4942,927fd88e29083d6f1e5fe263809aa48d1b41f220b313b67d3f5f6f742eb0c629,927fd88e29083d6f1e5fe263809aa48d1b41f220b313b67d3f5f6f742eb0c629,False,
Nuclear_Graphite_Stress_Surrogate/outputs/16_v13_residual_gain_audit/iteration_1/validation_analytic_gain_distribution.png,outputs/16_v13_residual_gain_audit/iteration_1/validation_analytic_gain_distribution.png,non_deployed_completed_decision_support,46102,368ee621fe122dcce544521c2a9fa18f47bee82358c523fc2fcc66f3b894ea51,368ee621fe122dcce544521c2a9fa18f47bee82358c523fc2fcc66f3b894ea51,False,
Nuclear_Graphite_Stress_Surrogate/outputs/16_v13_residual_gain_audit/iteration_1/validation_analytic_gain_summary.json,outputs/16_v13_residual_gain_audit/iteration_1/validation_analytic_gain_summary.json,non_deployed_completed_decision_support,304,d54aa0bfcf70b8002b485080661b55fcee4f359cc93e317269f9a5090838a8e0,d54aa0bfcf70b8002b485080661b55fcee4f359cc93e317269f9a5090838a8e0,False,
Nuclear_Graphite_Stress_Surrogate/outputs/16_v13_residual_gain_audit/iteration_1/validation_analytic_optimal_gain_by_case.csv,outputs/16_v13_residual_gain_audit/iteration_1/validation_analytic_optimal_gain_by_case.csv,non_deployed_completed_decision_support,1343,371117f975934ea2edae11aa0653561aa3b99bdec65fc4cbc3e43a381605c90d,371117f975934ea2edae11aa0653561aa3b99bdec65fc4cbc3e43a381605c90d,False,
Nuclear_Graphite_Stress_Surrogate/outputs/16_v13_residual_gain_audit/iteration_1/validation_gain_case_metrics.csv.gz,outputs/16_v13_residual_gain_audit/iteration_1/validation_gain_case_metrics.csv.gz,non_deployed_completed_decision_support,61922,eebfb518f1b7d09fec1ed07ceba8c7f0ff4fa3cf97e52b372eedaa42ce4df85a,eebfb518f1b7d09fec1ed07ceba8c7f0ff4fa3cf97e52b372eedaa42ce4df85a,False,
Nuclear_Graphite_Stress_Surrogate/outputs/16_v13_residual_gain_audit/iteration_1/validation_gain_grid_metrics.csv,outputs/16_v13_residual_gain_audit/iteration_1/validation_gain_grid_metrics.csv,non_deployed_completed_decision_support,12831,6c1dc4b28b2240feb5d50d8ea0fbf43b28f11bc4f3c167838cf26e1edd5e529f,6c1dc4b28b2240feb5d50d8ea0fbf43b28f11bc4f3c167838cf26e1edd5e529f,False,
Nuclear_Graphite_Stress_Surrogate/outputs/16_v13_residual_gain_audit/iteration_1/validation_gain_selection.json,outputs/16_v13_residual_gain_audit/iteration_1/validation_gain_selection.json,non_deployed_completed_decision_support,335,c00035c8fd560f726fe09755680e2bd6fa17adc7f301a94ec9adc3bf58056b18,c00035c8fd560f726fe09755680e2bd6fa17adc7f301a94ec9adc3bf58056b18,False,
Nuclear_Graphite_Stress_Surrogate/outputs/16_v13_residual_gain_audit/iteration_1/validation_residual_gain_tradeoff.png,outputs/16_v13_residual_gain_audit/iteration_1/validation_residual_gain_tradeoff.png,non_deployed_completed_decision_support,149535,d609bd71098f83cfee41a9a177a511334961f6528c85284574049f9ff7b3928f,d609bd71098f83cfee41a9a177a511334961f6528c85284574049f9ff7b3928f,False,
Nuclear_Graphite_Stress_Surrogate/outputs/06_hierarchical_symbolic_regression/iteration_1/case_log_scale_candidate_metrics.csv,outputs/06_hierarchical_symbolic_regression/iteration_1/case_log_scale_candidate_metrics.csv,completed_context_stages_or_reused_preprocessing,9027,fefea0a4ee1eed861077e0328a32273600da5d5748aee84e9243ceeb112624cc,fefea0a4ee1eed861077e0328a32273600da5d5748aee84e9243ceeb112624cc,False,
Nuclear_Graphite_Stress_Surrogate/outputs/06_hierarchical_symbolic_regression/iteration_1/case_log_scale_frontier.csv,outputs/06_hierarchical_symbolic_regression/iteration_1/case_log_scale_frontier.csv,completed_context_stages_or_reused_preprocessing,6832,7b61cec64983ff8f7addb68203d81c2e9fa3d20abe08522f193ced44a001e414,7b61cec64983ff8f7addb68203d81c2e9fa3d20abe08522f193ced44a001e414,False,
Nuclear_Graphite_Stress_Surrogate/outputs/06_hierarchical_symbolic_regression/iteration_1/case_log_scale_scaling.csv,outputs/06_hierarchical_symbolic_regression/iteration_1/case_log_scale_scaling.csv,completed_context_stages_or_reused_preprocessing,841,84d3833edb8e6928212524cc0018e795e382977dd2aece357a4b7bfef1a6e19b,84d3833edb8e6928212524cc0018e795e382977dd2aece357a4b7bfef1a6e19b,False,
Nuclear_Graphite_Stress_Surrogate/outputs/06_hierarchical_symbolic_regression/iteration_1/case_mean_candidate_metrics.csv,outputs/06_hierarchical_symbolic_regression/iteration_1/case_mean_candidate_metrics.csv,completed_context_stages_or_reused_preprocessing,9010,34e8ac9336b50c369ee21bfc90a02e6f696b2e955efa50acaedb342e18c19305,34e8ac9336b50c369ee21bfc90a02e6f696b2e955efa50acaedb342e18c19305,False,
Nuclear_Graphite_Stress_Surrogate/outputs/06_hierarchical_symbolic_regression/iteration_1/case_mean_frontier.csv,outputs/06_hierarchical_symbolic_regression/iteration_1/case_mean_frontier.csv,completed_context_stages_or_reused_preprocessing,8195,5e883323cc7330ee7f335000bf3a35932573d80ca3fa0bd4e355bbbd3208a4ee,5e883323cc7330ee7f335000bf3a35932573d80ca3fa0bd4e355bbbd3208a4ee,False,
Nuclear_Graphite_Stress_Surrogate/outputs/06_hierarchical_symbolic_regression/iteration_1/case_mean_scaling.csv,outputs/06_hierarchical_symbolic_regression/iteration_1/case_mean_scaling.csv,completed_context_stages_or_reused_preprocessing,833,a903959dba57a356f7ccc912fb53c5ab1c95239cdfcd6a9ed7c1f715521ebf64,a903959dba57a356f7ccc912fb53c5ab1c95239cdfcd6a9ed7c1f715521ebf64,False,
Nuclear_Graphite_Stress_Surrogate/outputs/06_hierarchical_symbolic_regression/iteration_1/feature_registry.csv,outputs/06_hierarchical_symbolic_regression/iteration_1/feature_registry.csv,completed_context_stages_or_reused_preprocessing,1015,4a85c4306de1104c0240c046093285bfd43379b57b221f33829c6b3d38255a9c,4a85c4306de1104c0240c046093285bfd43379b57b221f33829c6b3d38255a9c,False,
Nuclear_Graphite_Stress_Surrogate/outputs/06_hierarchical_symbolic_regression/iteration_1/pysr_runs/hierarchical_i1_case_log_scale_20260817_061000/checkpoint.pkl,outputs/06_hierarchical_symbolic_regression/iteration_1/pysr_runs/hierarchical_i1_case_log_scale_20260817_061000/checkpoint.pkl,completed_context_stages_or_reused_preprocessing,89133,06e60838e5da6323b27717cf124ec19b6ef57479d29b7bbeb85cf2a0fcd81ccd,06e60838e5da6323b27717cf124ec19b6ef57479d29b7bbeb85cf2a0fcd81ccd,False,
Nuclear_Graphite_Stress_Surrogate/outputs/06_hierarchical_symbolic_regression/iteration_1/pysr_runs/hierarchical_i1_case_log_scale_20260817_061000/hall_of_fame.csv,outputs/06_hierarchical_symbolic_regression/iteration_1/pysr_runs/hierarchical_i1_case_log_scale_20260817_061000/hall_of_fame.csv,completed_context_stages_or_reused_preprocessing,940,89fc104b3aa50656dc2f7661edfeacf9e1e92a426cfb59365117f29c7123559f,89fc104b3aa50656dc2f7661edfeacf9e1e92a426cfb59365117f29c7123559f,False,
Nuclear_Graphite_Stress_Surrogate/outputs/06_hierarchical_symbolic_regression/iteration_1/pysr_runs/hierarchical_i1_case_log_scale_20260817_061000/hall_of_fame.csv.bak,outputs/06_hierarchical_symbolic_regression/iteration_1/pysr_runs/hierarchical_i1_case_log_scale_20260817_061000/hall_of_fame.csv.bak,completed_context_stages_or_reused_preprocessing,940,89fc104b3aa50656dc2f7661edfeacf9e1e92a426cfb59365117f29c7123559f,89fc104b3aa50656dc2f7661edfeacf9e1e92a426cfb59365117f29c7123559f,False,
Nuclear_Graphite_Stress_Surrogate/outputs/06_hierarchical_symbolic_regression/iteration_1/pysr_runs/hierarchical_i1_case_mean_20260817_060826/checkpoint.pkl,outputs/06_hierarchical_symbolic_regression/iteration_1/pysr_runs/hierarchical_i1_case_mean_20260817_060826/checkpoint.pkl,completed_context_stages_or_reused_preprocessing,78646,ac3688116e71ad9c4bf959cf79eb1611dea24cbfb4c09aa66c9820022798e198,ac3688116e71ad9c4bf959cf79eb1611dea24cbfb4c09aa66c9820022798e198,False,
Nuclear_Graphite_Stress_Surrogate/outputs/06_hierarchical_symbolic_regression/iteration_1/pysr_runs/hierarchical_i1_case_mean_20260817_060826/hall_of_fame.csv,outputs/06_hierarchical_symbolic_regression/iteration_1/pysr_runs/hierarchical_i1_case_mean_20260817_060826/hall_of_fame.csv,completed_context_stages_or_reused_preprocessing,1128,d814df5298fd6a179e9e48c9cb50e60d923a9baaded639d3caf4445a06092c4c,d814df5298fd6a179e9e48c9cb50e60d923a9baaded639d3caf4445a06092c4c,False,
Nuclear_Graphite_Stress_Surrogate/outputs/06_hierarchical_symbolic_regression/iteration_1/pysr_runs/hierarchical_i1_case_mean_20260817_060826/hall_of_fame.csv.bak,outputs/06_hierarchical_symbolic_regression/iteration_1/pysr_runs/hierarchical_i1_case_mean_20260817_060826/hall_of_fame.csv.bak,completed_context_stages_or_reused_preprocessing,1128,d814df5298fd6a179e9e48c9cb50e60d923a9baaded639d3caf4445a06092c4c,d814df5298fd6a179e9e48c9cb50e60d923a9baaded639d3caf4445a06092c4c,False,
Nuclear_Graphite_Stress_Surrogate/outputs/06_hierarchical_symbolic_regression/iteration_1/selected_case_log_scale_formula.csv,outputs/06_hierarchical_symbolic_regression/iteration_1/selected_case_log_scale_formula.csv,completed_context_stages_or_reused_preprocessing,1738,170f0fbe410a0bde47879406f210a5bd3430d0c6716c9eb7ceab173438e3a275,170f0fbe410a0bde47879406f210a5bd3430d0c6716c9eb7ceab173438e3a275,False,
Nuclear_Graphite_Stress_Surrogate/outputs/06_hierarchical_symbolic_regression/iteration_1/selected_case_mean_formula.csv,outputs/06_hierarchical_symbolic_regression/iteration_1/selected_case_mean_formula.csv,completed_context_stages_or_reused_preprocessing,1640,290a4927a44a5655e3ba7d83a3e1221a14c7812690dd12414a1a074bfaa12ef1,290a4927a44a5655e3ba7d83a3e1221a14c7812690dd12414a1a074bfaa12ef1,False,
Nuclear_Graphite_Stress_Surrogate/outputs/06_hierarchical_symbolic_regression/iteration_1/shape_scaling.csv,outputs/06_hierarchical_symbolic_regression/iteration_1/shape_scaling.csv,completed_context_stages_or_reused_preprocessing,1693,3e2f99f7dce3debd40ec9f8343ea6dde8245eaad2fbf1eb546e9676391fddee8,3e2f99f7dce3debd40ec9f8343ea6dde8245eaad2fbf1eb546e9676391fddee8,False,
Nuclear_Graphite_Stress_Surrogate/outputs/06_hierarchical_symbolic_regression/iteration_1/stage_status_case_log_scale.json,outputs/06_hierarchical_symbolic_regression/iteration_1/stage_status_case_log_scale.json,completed_context_stages_or_reused_preprocessing,256,9bc6004d031c9d347c7b72bc084ae57a6e4d7cbf94b8c08bf285e853adc88f41,9bc6004d031c9d347c7b72bc084ae57a6e4d7cbf94b8c08bf285e853adc88f41,False,
Nuclear_Graphite_Stress_Surrogate/outputs/06_hierarchical_symbolic_regression/iteration_1/stage_status_case_mean.json,outputs/06_hierarchical_symbolic_regression/iteration_1/stage_status_case_mean.json,completed_context_stages_or_reused_preprocessing,246,facf4fe12cbe6544a8021f6a00effba3254e2ea2709af7e1f226b956cdbd33a0,facf4fe12cbe6544a8021f6a00effba3254e2ea2709af7e1f226b956cdbd33a0,False,
Nuclear_Graphite_Stress_Surrogate/outputs/06_hierarchical_symbolic_regression/iteration_1/training_sample_audit.csv,outputs/06_hierarchical_symbolic_regression/iteration_1/training_sample_audit.csv,completed_context_stages_or_reused_preprocessing,17531,2223bc06ea6870178c9b5fa5f201d79e73f3d121e6ede2f3a0cba736ee5915a5,2223bc06ea6870178c9b5fa5f201d79e73f3d121e6ede2f3a0cba736ee5915a5,False,
Nuclear_Graphite_Stress_Surrogate/outputs/06_hierarchical_symbolic_regression/iteration_1/training_sample_manifest.csv.gz,outputs/06_hierarchical_symbolic_regression/iteration_1/training_sample_manifest.csv.gz,completed_context_stages_or_reused_preprocessing,2022396,88501634b6bb5dc781ffe879f6196d806cf904b90919c758a6497d02951f5bdb,88501634b6bb5dc781ffe879f6196d806cf904b90919c758a6497d02951f5bdb,False,
Nuclear_Graphite_Stress_Surrogate/outputs/02_symbolic_search_v4_context_interaction/formal_5000_per_case/discovery_manifest_iteration_1.csv.gz,outputs/02_symbolic_search_v4_context_interaction/formal_5000_per_case/discovery_manifest_iteration_1.csv.gz,reused_discovery_manifest_only,2022402,f56d30aa70641a9112c6720c72d7291fbe899b0b691a4ab0d75550580e8f720f,f56d30aa70641a9112c6720c72d7291fbe899b0b691a4ab0d75550580e8f720f,False,
Nuclear_Graphite_Stress_Surrogate/outputs/02_symbolic_search_v4_context_interaction/formal_5000_per_case/discovery_manifest_iteration_2.csv.gz,outputs/02_symbolic_search_v4_context_interaction/formal_5000_per_case/discovery_manifest_iteration_2.csv.gz,reused_discovery_manifest_only,2020587,dd5ac061863706e280020613c371c5d23248c2b6a26e43d25476543af51dac6d,dd5ac061863706e280020613c371c5d23248c2b6a26e43d25476543af51dac6d,False,
Nuclear_Graphite_Stress_Surrogate/outputs/21_three_case_fem_vs_frozen_prediction/full_400360_element_exports/README_three_case_spatial_comparison.txt,outputs/21_three_case_fem_vs_frozen_prediction/full_400360_element_exports/README_three_case_spatial_comparison.txt,verified_three_case_export,828,0ddf7f891c81422e09a25ef23b4db0f4b0cf7948336a567cd426f4521b1f748a,0ddf7f891c81422e09a25ef23b4db0f4b0cf7948336a567cd426f4521b1f748a,False,
Nuclear_Graphite_Stress_Surrogate/outputs/21_three_case_fem_vs_frozen_prediction/full_400360_element_exports/case_178_median_FEM_field.csv.gz,outputs/21_three_case_fem_vs_frozen_prediction/full_400360_element_exports/case_178_median_FEM_field.csv.gz,verified_three_case_export,11945018,ae5afc5f9efe5960bfb2cc42779f7ce906b076f0eae5040324271bedecd7e583,ae5afc5f9efe5960bfb2cc42779f7ce906b076f0eae5040324271bedecd7e583,False,
Nuclear_Graphite_Stress_Surrogate/outputs/21_three_case_fem_vs_frozen_prediction/full_400360_element_exports/case_178_median_FEM_vs_prediction_full.csv.gz,outputs/21_three_case_fem_vs_frozen_prediction/full_400360_element_exports/case_178_median_FEM_vs_prediction_full.csv.gz,verified_three_case_export,31239030,0c58a547c0dfab282f07b9d1b5356cce176958412a309099c50add41855323ae,0c58a547c0dfab282f07b9d1b5356cce176958412a309099c50add41855323ae,False,
Nuclear_Graphite_Stress_Surrogate/outputs/21_three_case_fem_vs_frozen_prediction/full_400360_element_exports/case_178_median_frozen_primary_prediction_field.csv.gz,outputs/21_three_case_fem_vs_frozen_prediction/full_400360_element_exports/case_178_median_frozen_primary_prediction_field.csv.gz,verified_three_case_export,12439022,43e5faf26f07ab03681ec5a331db2062bf9295231a1350fac4bc7d3315f83ceb,43e5faf26f07ab03681ec5a331db2062bf9295231a1350fac4bc7d3315f83ceb,False,
Nuclear_Graphite_Stress_Surrogate/outputs/21_three_case_fem_vs_frozen_prediction/full_400360_element_exports/case_178_median_metric_reproduction_audit.csv,outputs/21_three_case_fem_vs_frozen_prediction/full_400360_element_exports/case_178_median_metric_reproduction_audit.csv,verified_three_case_export,2281,55e1062cd7523d60e485122a04493d5cdb2be191648b108f412913de2b38e259,55e1062cd7523d60e485122a04493d5cdb2be191648b108f412913de2b38e259,False,
Nuclear_Graphite_Stress_Surrogate/outputs/21_three_case_fem_vs_frozen_prediction/full_400360_element_exports/case_178_median_primary_metrics.csv,outputs/21_three_case_fem_vs_frozen_prediction/full_400360_element_exports/case_178_median_primary_metrics.csv,verified_three_case_export,1310,cc808cf687d08c88dccebb145a9b0f6ed463e1d6fb224c1edff75c5356481e92,cc808cf687d08c88dccebb145a9b0f6ed463e1d6fb224c1edff75c5356481e92,False,
Nuclear_Graphite_Stress_Surrogate/outputs/21_three_case_fem_vs_frozen_prediction/full_400360_element_exports/case_178_median_source_read_audit.csv,outputs/21_three_case_fem_vs_frozen_prediction/full_400360_element_exports/case_178_median_source_read_audit.csv,verified_three_case_export,330,36ca7e71d2debc75c83af38fd8ae40c7c48e9f0ace5fc83c9a35c9275ef747d7,36ca7e71d2debc75c83af38fd8ae40c7c48e9f0ace5fc83c9a35c9275ef747d7,False,
Nuclear_Graphite_Stress_Surrogate/outputs/21_three_case_fem_vs_frozen_prediction/full_400360_element_exports/case_31_worst_FEM_field.csv.gz,outputs/21_three_case_fem_vs_frozen_prediction/full_400360_element_exports/case_31_worst_FEM_field.csv.gz,verified_three_case_export,12104824,41b2ca26a6665195ed0fdfcb66a09c8486e90bab28b1647fedca322ec68876c1,41b2ca26a6665195ed0fdfcb66a09c8486e90bab28b1647fedca322ec68876c1,False,
Nuclear_Graphite_Stress_Surrogate/outputs/21_three_case_fem_vs_frozen_prediction/full_400360_element_exports/case_31_worst_FEM_vs_prediction_full.csv.gz,outputs/21_three_case_fem_vs_frozen_prediction/full_400360_element_exports/case_31_worst_FEM_vs_prediction_full.csv.gz,verified_three_case_export,30844439,fc3c6c243371bfebbadb747092a33faca298ca0d67324935aacba23ce3184664,fc3c6c243371bfebbadb747092a33faca298ca0d67324935aacba23ce3184664,False,
Nuclear_Graphite_Stress_Surrogate/outputs/21_three_case_fem_vs_frozen_prediction/full_400360_element_exports/case_31_worst_frozen_primary_prediction_field.csv.gz,outputs/21_three_case_fem_vs_frozen_prediction/full_400360_element_exports/case_31_worst_frozen_primary_prediction_field.csv.gz,verified_three_case_export,12347481,5872da359812f444deb52325a01208cb8583c5d66bae1640b709f4c7fe1b1f6a,5872da359812f444deb52325a01208cb8583c5d66bae1640b709f4c7fe1b1f6a,False,
Nuclear_Graphite_Stress_Surrogate/outputs/21_three_case_fem_vs_frozen_prediction/full_400360_element_exports/case_31_worst_metric_reproduction_audit.csv,outputs/21_three_case_fem_vs_frozen_prediction/full_400360_element_exports/case_31_worst_metric_reproduction_audit.csv,verified_three_case_export,2152,65e029f909dd063f3a9960c517d4f3ecf083697554ac4bfc738d205761b64575,65e029f909dd063f3a9960c517d4f3ecf083697554ac4bfc738d205761b64575,False,
Nuclear_Graphite_Stress_Surrogate/outputs/21_three_case_fem_vs_frozen_prediction/full_400360_element_exports/case_31_worst_primary_metrics.csv,outputs/21_three_case_fem_vs_frozen_prediction/full_400360_element_exports/case_31_worst_primary_metrics.csv,verified_three_case_export,1268,1ee2dc672904509fef9d21fec7021af3e1d8eccaf928ea53e1ffc8db90e74897,1ee2dc672904509fef9d21fec7021af3e1d8eccaf928ea53e1ffc8db90e74897,False,
Nuclear_Graphite_Stress_Surrogate/outputs/21_three_case_fem_vs_frozen_prediction/full_400360_element_exports/case_31_worst_source_read_audit.csv,outputs/21_three_case_fem_vs_frozen_prediction/full_400360_element_exports/case_31_worst_source_read_audit.csv,verified_three_case_export,327,d5159de525333dc9e3704eb4458cae568d5391fd41a4a25fb7dda8b07440b378,d5159de525333dc9e3704eb4458cae568d5391fd41a4a25fb7dda8b07440b378,False,
Nuclear_Graphite_Stress_Surrogate/outputs/21_three_case_fem_vs_frozen_prediction/full_400360_element_exports/case_80_best_FEM_field.csv.gz,outputs/21_three_case_fem_vs_frozen_prediction/full_400360_element_exports/case_80_best_FEM_field.csv.gz,verified_three_case_export,11768501,6918462a2ef982761dc35e95782091cb88e60a3c5732b27919fc333344c7c2b5,6918462a2ef982761dc35e95782091cb88e60a3c5732b27919fc333344c7c2b5,False,
Nuclear_Graphite_Stress_Surrogate/outputs/21_three_case_fem_vs_frozen_prediction/full_400360_element_exports/case_80_best_FEM_vs_prediction_full.csv.gz,outputs/21_three_case_fem_vs_frozen_prediction/full_400360_element_exports/case_80_best_FEM_vs_prediction_full.csv.gz,verified_three_case_export,30866710,8770879a441e5e95a1eca44aed1dcf459707802425138b34dba914b57c2a4d2e,8770879a441e5e95a1eca44aed1dcf459707802425138b34dba914b57c2a4d2e,False,
Nuclear_Graphite_Stress_Surrogate/outputs/21_three_case_fem_vs_frozen_prediction/full_400360_element_exports/case_80_best_frozen_primary_prediction_field.csv.gz,outputs/21_three_case_fem_vs_frozen_prediction/full_400360_element_exports/case_80_best_frozen_primary_prediction_field.csv.gz,verified_three_case_export,12107911,42a1366fe87d39fe7aeed731daa0202af4d71c425849ec9c80b96773c3ca70f4,42a1366fe87d39fe7aeed731daa0202af4d71c425849ec9c80b96773c3ca70f4,False,
Nuclear_Graphite_Stress_Surrogate/outputs/21_three_case_fem_vs_frozen_prediction/full_400360_element_exports/case_80_best_metric_reproduction_audit.csv,outputs/21_three_case_fem_vs_frozen_prediction/full_400360_element_exports/case_80_best_metric_reproduction_audit.csv,verified_three_case_export,2142,64df51b3ff50bc4caca3023c786e5b1e13a89c375260f84cf86cc345f99b31ee,64df51b3ff50bc4caca3023c786e5b1e13a89c375260f84cf86cc345f99b31ee,False,
Nuclear_Graphite_Stress_Surrogate/outputs/21_three_case_fem_vs_frozen_prediction/full_400360_element_exports/case_80_best_primary_metrics.csv,outputs/21_three_case_fem_vs_frozen_prediction/full_400360_element_exports/case_80_best_primary_metrics.csv,verified_three_case_export,1292,62bb7c8b2576fd7a957e841c0d57d51139c43d647e60c8ca7764d7ab466d4813,62bb7c8b2576fd7a957e841c0d57d51139c43d647e60c8ca7764d7ab466d4813,False,
Nuclear_Graphite_Stress_Surrogate/outputs/21_three_case_fem_vs_frozen_prediction/full_400360_element_exports/case_80_best_source_read_audit.csv,outputs/21_three_case_fem_vs_frozen_prediction/full_400360_element_exports/case_80_best_source_read_audit.csv,verified_three_case_export,327,02557387297692e1570c670b580d26b884fd1d0c8d46a32f04c1d5e9aa79716e,02557387297692e1570c670b580d26b884fd1d0c8d46a32f04c1d5e9aa79716e,False,
Nuclear_Graphite_Stress_Surrogate/outputs/21_three_case_fem_vs_frozen_prediction/full_400360_element_exports/three_case_export_complete.json,outputs/21_three_case_fem_vs_frozen_prediction/full_400360_element_exports/three_case_export_complete.json,verified_three_case_export,764,6f4125e5da8d771ab2d6af26230f94684360fa28ed36fa5a62dd02eab5fbddaf,6f4125e5da8d771ab2d6af26230f94684360fa28ed36fa5a62dd02eab5fbddaf,False,
Nuclear_Graphite_Stress_Surrogate/outputs/21_three_case_fem_vs_frozen_prediction/full_400360_element_exports/three_case_export_manifest.json,outputs/21_three_case_fem_vs_frozen_prediction/full_400360_element_exports/three_case_export_manifest.json,verified_three_case_export,5941,9e280a2dd88db32965b86a530a8dec289ae74cc1e65a2ddc5839ef9334d4266f,9e280a2dd88db32965b86a530a8dec289ae74cc1e65a2ddc5839ef9334d4266f,False,
Nuclear_Graphite_Stress_Surrogate/outputs/21_three_case_fem_vs_frozen_prediction/full_400360_element_exports/three_case_frozen_artifact_hash_audit.csv,outputs/21_three_case_fem_vs_frozen_prediction/full_400360_element_exports/three_case_frozen_artifact_hash_audit.csv,verified_three_case_export,10047,b88f02dd3fe6190f02dbd9aed5e5b26cbe6dc65af8c3557de49031c641172c51,b88f02dd3fe6190f02dbd9aed5e5b26cbe6dc65af8c3557de49031c641172c51,False,
Nuclear_Graphite_Stress_Surrogate/outputs/21_three_case_fem_vs_frozen_prediction/full_400360_element_exports/three_case_primary_metrics_summary.csv,outputs/21_three_case_fem_vs_frozen_prediction/full_400360_element_exports/three_case_primary_metrics_summary.csv,verified_three_case_export,2658,97a1b1f3b52a3b0effe4a8c9e425f936c3280f37140c055b642f8b6c98177029,97a1b1f3b52a3b0effe4a8c9e425f936c3280f37140c055b642f8b6c98177029,False,
Nuclear_Graphite_Stress_Surrogate/outputs/21_three_case_fem_vs_frozen_prediction/full_400360_element_exports/three_case_selection_record.csv,outputs/21_three_case_fem_vs_frozen_prediction/full_400360_element_exports/three_case_selection_record.csv,verified_three_case_export,300,037540209070750cf7472128ab52b50d4174cfa88cd4661a2ff822eff4ecc6ef,037540209070750cf7472128ab52b50d4174cfa88cd4661a2ff822eff4ecc6ef,False,
outputs/multi_case_sensitivity_199_cases/binned_sensitivity_by_case.csv,outputs/multi_case_sensitivity_199_cases/binned_sensitivity_by_case.csv,historical_presplit_screening,2922902,ecc630a3b105ca89bb430d8b9a4524b050fd63997d4dbc34223aad42bb559cfd,ecc630a3b105ca89bb430d8b9a4524b050fd63997d4dbc34223aad42bb559cfd,False,
outputs/multi_case_sensitivity_199_cases/case_file_inventory.csv,outputs/multi_case_sensitivity_199_cases/case_file_inventory.csv,historical_presplit_screening,53770,0aeabbda6f01bfcf012aeab69f2a035ebf28b3a700fbe1eadc1e8b70b8f9bbce,0aeabbda6f01bfcf012aeab69f2a035ebf28b3a700fbe1eadc1e8b70b8f9bbce,False,
outputs/multi_case_sensitivity_199_cases/case_level_summary_correlations.csv,outputs/multi_case_sensitivity_199_cases/case_level_summary_correlations.csv,historical_presplit_screening,3321,b45d43b34344f863e35e1e53d836313806eee9860cd1e80c5b8fee94bd7aee39,b45d43b34344f863e35e1e53d836313806eee9860cd1e80c5b8fee94bd7aee39,False,
outputs/multi_case_sensitivity_199_cases/case_summary.csv,outputs/multi_case_sensitivity_199_cases/case_summary.csv,historical_presplit_screening,133676,76152f748f2a0527f103e2cd3113531b5d108ac5352354cdd3beb47f7a4fc5ad,76152f748f2a0527f103e2cd3113531b5d108ac5352354cdd3beb47f7a4fc5ad,False,
outputs/multi_case_sensitivity_199_cases/case_validation.csv,outputs/multi_case_sensitivity_199_cases/case_validation.csv,historical_presplit_screening,8170,44ca4577828b6bd749ad0636b02cf2d06ef081e2619cd73bcde61f6517eec952,44ca4577828b6bd749ad0636b02cf2d06ef081e2619cd73bcde61f6517eec952,False,
outputs/multi_case_sensitivity_199_cases/combined_case_level_rank_scores.csv,outputs/multi_case_sensitivity_199_cases/combined_case_level_rank_scores.csv,historical_presplit_screening,357529,311d34615a8913dc4f8c73616d9e13d3d025a9439cdb9db1d09ef49025a4d9f3,311d34615a8913dc4f8c73616d9e13d3d025a9439cdb9db1d09ef49025a4d9f3,False,
outputs/multi_case_sensitivity_199_cases/coordinate_consistency.csv,outputs/multi_case_sensitivity_199_cases/coordinate_consistency.csv,historical_presplit_screening,15815,62fc655093a5a814000a15e620745638f0aa24d9b9b91adf6b6ffcd1ee12b2ef,62fc655093a5a814000a15e620745638f0aa24d9b9b91adf6b6ffcd1ee12b2ef,False,
outputs/multi_case_sensitivity_199_cases/cross_case_combined_sensitivity_ranking.csv,outputs/multi_case_sensitivity_199_cases/cross_case_combined_sensitivity_ranking.csv,historical_presplit_screening,1493,5b65ba0644d61eb9fc65393281454e2e5abf15ea409050d55dde3845b9b69566,5b65ba0644d61eb9fc65393281454e2e5abf15ea409050d55dde3845b9b69566,False,
outputs/multi_case_sensitivity_199_cases/cross_case_correlation_stability.csv,outputs/multi_case_sensitivity_199_cases/cross_case_correlation_stability.csv,historical_presplit_screening,2473,aabb90cbbf0fcfab00d268539c237bac03e401722459547a52b78f8be955a301,aabb90cbbf0fcfab00d268539c237bac03e401722459547a52b78f8be955a301,False,
outputs/multi_case_sensitivity_199_cases/cross_case_high_stress_contrast_stability.csv,outputs/multi_case_sensitivity_199_cases/cross_case_high_stress_contrast_stability.csv,historical_presplit_screening,2665,451cc26a22e4db7498cd9cde9b83f4de383f5057dba6ee9b8d542dd958e74056,451cc26a22e4db7498cd9cde9b83f4de383f5057dba6ee9b8d542dd958e74056,False,
outputs/multi_case_sensitivity_199_cases/cross_case_high_stress_difference.png,outputs/multi_case_sensitivity_199_cases/cross_case_high_stress_difference.png,historical_presplit_screening,91007,e017ec667dc081a6e5df70353c075777d56f1e1f4ea9468238afc3296135ff7a,e017ec667dc081a6e5df70353c075777d56f1e1f4ea9468238afc3296135ff7a,False,
outputs/multi_case_sensitivity_199_cases/cross_case_hotspot_fraction_rho_normalized.png,outputs/multi_case_sensitivity_199_cases/cross_case_hotspot_fraction_rho_normalized.png,historical_presplit_screening,88360,aa68600c9337c044facdebf8f4db96e64719bbc877a356f198bf86d874c2813d,aa68600c9337c044facdebf8f4db96e64719bbc877a356f198bf86d874c2813d,False,
outputs/multi_case_sensitivity_199_cases/cross_case_hotspot_fraction_theta.png,outputs/multi_case_sensitivity_199_cases/cross_case_hotspot_fraction_theta.png,historical_presplit_screening,88745,b24cf1b7e424ad66172e2e0f9f46c72720772730df864b30b1ca016f8dd69da9,b24cf1b7e424ad66172e2e0f9f46c72720772730df864b30b1ca016f8dd69da9,False,
outputs/multi_case_sensitivity_199_cases/cross_case_hotspot_fraction_z.png,outputs/multi_case_sensitivity_199_cases/cross_case_hotspot_fraction_z.png,historical_presplit_screening,75826,928a695b0c1ec7be9c345b7bc716e903904305ef06d09ef07a98dfeb5ed655d7,928a695b0c1ec7be9c345b7bc716e903904305ef06d09ef07a98dfeb5ed655d7,False,
outputs/multi_case_sensitivity_199_cases/cross_case_location_hotspot_stability.csv,outputs/multi_case_sensitivity_199_cases/cross_case_location_hotspot_stability.csv,historical_presplit_screening,5851,d30f857fb1c5c22bc9f327c3cf1c70418a1d2d53be67ea44199ab207b5b01edc,d30f857fb1c5c22bc9f327c3cf1c70418a1d2d53be67ea44199ab207b5b01edc,False,
outputs/multi_case_sensitivity_199_cases/cross_case_mean_abs_spearman.png,outputs/multi_case_sensitivity_199_cases/cross_case_mean_abs_spearman.png,historical_presplit_screening,86682,06e2fcc0480ca0318114a127b9962f73f5443b416131e0625cec811b4b067d4e,06e2fcc0480ca0318114a127b9962f73f5443b416131e0625cec811b4b067d4e,False,
outputs/multi_case_sensitivity_199_cases/feature_correlations_by_case.csv,outputs/multi_case_sensitivity_199_cases/feature_correlations_by_case.csv,historical_presplit_screening,318810,7d18e0f71ed9a7f1585c57b264fcba69cc8df074288b13fb9dbf150fe201d802,7d18e0f71ed9a7f1585c57b264fcba69cc8df074288b13fb9dbf150fe201d802,False,
outputs/multi_case_sensitivity_199_cases/high_stress_contrast_by_case.csv,outputs/multi_case_sensitivity_199_cases/high_stress_contrast_by_case.csv,historical_presplit_screening,497532,eb2dcd24a37cefe62786e4677dbf50b1032f097225118e3d8f78fc413378d940,eb2dcd24a37cefe62786e4677dbf50b1032f097225118e3d8f78fc413378d940,False,
outputs/multi_case_sensitivity_199_cases/location_hotspot_fraction_by_case.csv,outputs/multi_case_sensitivity_199_cases/location_hotspot_fraction_by_case.csv,historical_presplit_screening,994105,10617785dcca85f87ce4a644ccc34c9f0ffb46782a4e409cd0f33b93bc404be9,10617785dcca85f87ce4a644ccc34c9f0ffb46782a4e409cd0f33b93bc404be9,False,
outputs/multi_case_sensitivity_199_cases/stress_summary_by_case.png,outputs/multi_case_sensitivity_199_cases/stress_summary_by_case.png,historical_presplit_screening,409363,0c88f8b1439a5be11f421f08b134757d8775328d6ad443536ab8b39c9be7cf52,0c88f8b1439a5be11f421f08b134757d8775328d6ad443536ab8b39c9be7cf52,False,
outputs/symbolic_regression_199_cases/pre_split_case_similarity_pairs.csv,outputs/symbolic_regression_199_cases/pre_split_case_similarity_pairs.csv,presplit_group_and_split_evidence,5430014,f2a9abeb4ddf31b21c381e21e025ab3354d568ed25025c34eaaeef80aef30cd1,f2a9abeb4ddf31b21c381e21e025ab3354d568ed25025c34eaaeef80aef30cd1,False,
outputs/symbolic_regression_199_cases/pre_split_similarity_candidate_pairs.csv,outputs/symbolic_regression_199_cases/pre_split_similarity_candidate_pairs.csv,presplit_group_and_split_evidence,14146,ee64c5938039075bddf79596130c267eb30b6c0b5be3abc39e71b6f2a2bf787c,ee64c5938039075bddf79596130c267eb30b6c0b5be3abc39e71b6f2a2bf787c,False,
outputs/symbolic_regression_199_cases/pre_split_similarity_feature_inventory.csv,outputs/symbolic_regression_199_cases/pre_split_similarity_feature_inventory.csv,presplit_group_and_split_evidence,1912,1e6e0f7042855b870016e09a4c7989a78cc39a2d103fd69f31a9938a87de932b,1e6e0f7042855b870016e09a4c7989a78cc39a2d103fd69f31a9938a87de932b,False,
outputs/symbolic_regression_199_cases/pre_split_similarity_thresholds.csv,outputs/symbolic_regression_199_cases/pre_split_similarity_thresholds.csv,presplit_group_and_split_evidence,353,1a838cd131afc2baf828044c53fd1fdc340a9e932eac04ff2108627371ec862a,1a838cd131afc2baf828044c53fd1fdc340a9e932eac04ff2108627371ec862a,False,
outputs/symbolic_regression_199_cases/pre_split_similarity_group_map.csv,outputs/symbolic_regression_199_cases/pre_split_similarity_group_map.csv,presplit_group_and_split_evidence,4408,2a3a8925ad9a6f6a0d107d974552e781f493e13b51dc956f2d635b75013a9119,2a3a8925ad9a6f6a0d107d974552e781f493e13b51dc956f2d635b75013a9119,False,
outputs/symbolic_regression_199_cases/pre_split_similarity_group_summary.csv,outputs/symbolic_regression_199_cases/pre_split_similarity_group_summary.csv,presplit_group_and_split_evidence,4303,0fbebd70a6b3fb438edf2698f58965d4f4c8b2ca5f700ba48736bafba75e118d,0fbebd70a6b3fb438edf2698f58965d4f4c8b2ca5f700ba48736bafba75e118d,False,
outputs/symbolic_regression_199_cases/repeated_case_split_manifest_199cases.csv,outputs/symbolic_regression_199_cases/repeated_case_split_manifest_199cases.csv,presplit_group_and_split_evidence,25685,8fa7fe2818b2d3bf69f47f5d214d033d84439bf22a7b789e205ce6c45b852d2b,8fa7fe2818b2d3bf69f47f5d214d033d84439bf22a7b789e205ce6c45b852d2b,False,
outputs/symbolic_regression_199_cases/final_test_boundary_anchor_audit.csv,outputs/symbolic_regression_199_cases/final_test_boundary_anchor_audit.csv,presplit_group_and_split_evidence,1055,a84e2596e9e88c02f41f927d0cd713d352099d9f29f87751a4fd1e0607de8ebc,a84e2596e9e88c02f41f927d0cd713d352099d9f29f87751a4fd1e0607de8ebc,False,
outputs/symbolic_regression_199_cases/similarity_group_cross_split_leakage_audit.csv,outputs/symbolic_regression_199_cases/similarity_group_cross_split_leakage_audit.csv,presplit_group_and_split_evidence,12547,a5e4e5e19a282bb8c1672d77b20a67dae0a86d794ef2142264ddb958a71dcc80,a5e4e5e19a282bb8c1672d77b20a67dae0a86d794ef2142264ddb958a71dcc80,False,
outputs/symbolic_regression_199_cases/split_boundary_coverage_audit.csv,outputs/symbolic_regression_199_cases/split_boundary_coverage_audit.csv,presplit_group_and_split_evidence,16020,66dde24695961b554904e64b623fc87b6b05bbfb72feef1ec9819b3b7f1cd6fc,66dde24695961b554904e64b623fc87b6b05bbfb72feef1ec9819b3b7f1cd6fc,False,
outputs/symbolic_regression_199_cases/frozen_split_metadata.json,outputs/symbolic_regression_199_cases/frozen_split_metadata.json,presplit_group_and_split_evidence,1460,e56e1acafc781d57b1daef2b2a25275ca86b12046c81677dbcf3acb9c0f8fed8,e56e1acafc781d57b1daef2b2a25275ca86b12046c81677dbcf3acb9c0f8fed8,False,
Nuclear_Graphite_Stress_Surrogate/slurm-ct3-v10-pilot-18821085.err,logs/csf3/slurm-ct3-v10-pilot-18821085.err,original_scheduler_log,398,f757d84866cf66f23d97bfd929eb2c61f1302c9931004419dc15b8bfe4cbe5c3,f757d84866cf66f23d97bfd929eb2c61f1302c9931004419dc15b8bfe4cbe5c3,False,
Nuclear_Graphite_Stress_Surrogate/slurm-ct3-v10-pilot-18821085.out,logs/csf3/slurm-ct3-v10-pilot-18821085.out,original_scheduler_log,1812,1ec29edce446f71d93cb2749e428c3917e237a8030b795b48b4891faf1ca1059,1ec29edce446f71d93cb2749e428c3917e237a8030b795b48b4891faf1ca1059,False,
Nuclear_Graphite_Stress_Surrogate/slurm-ct3-v11-gain-18852802.err,logs/csf3/slurm-ct3-v11-gain-18852802.err,original_scheduler_log,350,13e541af634939ba1181f4289fa5730c2af46faaa77f5289470a5f2fcda53759,13e541af634939ba1181f4289fa5730c2af46faaa77f5289470a5f2fcda53759,False,
Nuclear_Graphite_Stress_Surrogate/slurm-ct3-v11-gain-18852802.out,logs/csf3/slurm-ct3-v11-gain-18852802.out,original_scheduler_log,1648,16e9d5c4f9278a88b1a9113fb5f16bda24314056bb6de3b00de83d3033b8658d,16e9d5c4f9278a88b1a9113fb5f16bda24314056bb6de3b00de83d3033b8658d,False,
Nuclear_Graphite_Stress_Surrogate/slurm-ct3-v11-i1-18839742.err,logs/csf3/slurm-ct3-v11-i1-18839742.err,original_scheduler_log,5570,233f9a8a15c2a05bd29414ac2684e765e737025c08ba32e0aac7b4b84cd5e8b7,233f9a8a15c2a05bd29414ac2684e765e737025c08ba32e0aac7b4b84cd5e8b7,False,
Nuclear_Graphite_Stress_Surrogate/slurm-ct3-v11-i1-18839742.out,logs/csf3/slurm-ct3-v11-i1-18839742.out,original_scheduler_log,24110,4489813e7f6e8c018db1536bf6a354a7d7160e8dc26a5404d10ba99dee308e09,4489813e7f6e8c018db1536bf6a354a7d7160e8dc26a5404d10ba99dee308e09,False,
Nuclear_Graphite_Stress_Surrogate/notebooks/00_Data_QC_Sensitivity_and_Feature_Ablation.ipynb,notebooks/00_Data_QC_Sensitivity_and_Feature_Ablation.ipynb,research_notebook,46713,3c7c4732ba39d093989077c53075114fa49a625daaddd66066ff6433a8af9d61,aa479ab8a1a5cf3aaed6252ed4f01ab532d911e96e4c2f0d166ed1a0b5e29bcb,True,provenance/original_code/notebooks/00_Data_QC_Sensitivity_and_Feature_Ablation.ipynb
Nuclear_Graphite_Stress_Surrogate/notebooks/01_Four_Iteration_199Case_Baseline.ipynb,notebooks/01_Four_Iteration_199Case_Baseline.ipynb,research_notebook,73533,89d7839587321568263dba601eed76bbab2149b4dcb6dbc74dc712e18dd8b845,9d70ade58e69480395ce9a7e1ff82649f204520f78d70839c1b7143d17d68e24,True,provenance/original_code/notebooks/01_Four_Iteration_199Case_Baseline.ipynb
Nuclear_Graphite_Stress_Surrogate/notebooks/02A_Hierarchical_Feasibility_Iteration_1.ipynb,notebooks/02A_Hierarchical_Feasibility_Iteration_1.ipynb,research_notebook,419061,74b6127f57e3938b52ec28dbb0167009fd1cdd130f954c0068705522c93c3586,c594d633e00d3443f24b31f54c3bd5318dc303ea2e520b9c74cd51d5e7552470,True,provenance/original_code/notebooks/02A_Hierarchical_Feasibility_Iteration_1.ipynb
Nuclear_Graphite_Stress_Surrogate/notebooks/02A_Hierarchical_Feasibility_Iteration_3.ipynb,notebooks/02A_Hierarchical_Feasibility_Iteration_3.ipynb,research_notebook,408479,138b102fa0aa7a2f10397ac013aadb0ac62b2f81d2f055f372de48b245beccb8,0c53e4c31f365df4f5ff71dfcdf8a4fa7d8e74a82c38958fcb3ab7a0b8da3c81,True,provenance/original_code/notebooks/02A_Hierarchical_Feasibility_Iteration_3.ipynb
Nuclear_Graphite_Stress_Surrogate/notebooks/02A_Hierarchical_Feasibility_Iteration_4.ipynb,notebooks/02A_Hierarchical_Feasibility_Iteration_4.ipynb,research_notebook,423198,e8ab69369a52987c513466a1710b2506eee3127aa3851d7ee1efe5b73dca025b,a1b2773f5136cfd891ee34606f0f380f93a1cdacb3be4147dbf67fda0b7a248d,True,provenance/original_code/notebooks/02A_Hierarchical_Feasibility_Iteration_4.ipynb
Nuclear_Graphite_Stress_Surrogate/notebooks/02A_Hierarchical_Stress_Decomposition_Feasibility.ipynb,notebooks/02A_Hierarchical_Stress_Decomposition_Feasibility.ipynb,research_notebook,436958,dc7ecc43b649c5be42ea6bef9d181465c7c9c6571dc3b5cb26ba133fdc689289,1cbc63e4a0792de3fd4648c9004b6d0f60f1867a9d7babe58d6c38fddee4e56f,True,provenance/original_code/notebooks/02A_Hierarchical_Stress_Decomposition_Feasibility.ipynb
Nuclear_Graphite_Stress_Surrogate/notebooks/08_Recoverable_16000_Single_Formula_Symbolic_Regression/01_Recoverable_16000_Single_Formula_Iteration_1.ipynb,notebooks/08_Recoverable_16000_Single_Formula_Symbolic_Regression/01_Recoverable_16000_Single_Formula_Iteration_1.ipynb,research_notebook,102334,94103ca2469e4a58c6922351ec6d760f56554b231772315d1a6f3a661da4bf19,d3a069d00df7d0458ecafc57a240968d3f7b02c7557ea5d32cca05d9ad5dc184,True,provenance/original_code/notebooks/08_Recoverable_16000_Single_Formula_Symbolic_Regression/01_Recoverable_16000_Single_Formula_Iteration_1.ipynb
Nuclear_Graphite_Stress_Surrogate/notebooks/09_Residual_Shape_Symbolic_Regression_Pilot/01_Residual_Shape_Symbolic_Regression_Pilot.ipynb,notebooks/09_Residual_Shape_Symbolic_Regression_Pilot/01_Residual_Shape_Symbolic_Regression_Pilot.ipynb,research_notebook,93556,d1f2c5e1ad4e9d0cba3aebe755aba11876a015f36c07422f84f404c03d6e7391,5247019c4af50aeca250d2dd3a678e067e68d0b27d3bbe65e9ed948e6e5639af,True,provenance/original_code/notebooks/09_Residual_Shape_Symbolic_Regression_Pilot/01_Residual_Shape_Symbolic_Regression_Pilot.ipynb
Nuclear_Graphite_Stress_Surrogate/notebooks/10_Signed_Staged_Residual_Symbolic_Regression_Pilot/01_Signed_Staged_Residual_Symbolic_Regression_Pilot.ipynb,notebooks/10_Signed_Staged_Residual_Symbolic_Regression_Pilot/01_Signed_Staged_Residual_Symbolic_Regression_Pilot.ipynb,research_notebook,11196,166ad7459e1cb316a6c5b496c808df0435a1c1e1e0fde89c5e98fa36b12f127a,85cc19715a75613e02bdd307d6f3a46875fc927e8c879eede7feae9fa518ef03,True,provenance/original_code/notebooks/10_Signed_Staged_Residual_Symbolic_Regression_Pilot/01_Signed_Staged_Residual_Symbolic_Regression_Pilot.ipynb
Nuclear_Graphite_Stress_Surrogate/notebooks/11_Tail_Aware_Localised_Symbolic_Regression/01_V11_Tail_Aware_Localised_Iteration_1.ipynb,notebooks/11_Tail_Aware_Localised_Symbolic_Regression/01_V11_Tail_Aware_Localised_Iteration_1.ipynb,research_notebook,8645,5d19cad5370bea5f70ac1551a29d88b87b5475417bcb299366ca7f98605dcc45,8306d6ebd435b1263b293f49331d1cb74e5dc23e3e2ebb2e3974767d2dacfeaa,True,provenance/original_code/notebooks/11_Tail_Aware_Localised_Symbolic_Regression/01_V11_Tail_Aware_Localised_Iteration_1.ipynb
Nuclear_Graphite_Stress_Surrogate/notebooks/12_V11_Frozen_Gain_and_Stability_Audit/01_V11_Frozen_Gain_and_Stability_Audit.ipynb,notebooks/12_V11_Frozen_Gain_and_Stability_Audit/01_V11_Frozen_Gain_and_Stability_Audit.ipynb,research_notebook,9263,d007717ad16ae453a76dd555e153702c7d63f2fd108c674c228684697b3473c7,fc337b4703c6b1ba5478a24f33849735dfd185b494f5a7209f8148597f4f5820,True,provenance/original_code/notebooks/12_V11_Frozen_Gain_and_Stability_Audit/01_V11_Frozen_Gain_and_Stability_Audit.ipynb
Nuclear_Graphite_Stress_Surrogate/notebooks/15_V13_Structural_Tail_Residual/01_V13_Structural_Tail_Residual_Iteration_1.ipynb,notebooks/15_V13_Structural_Tail_Residual/01_V13_Structural_Tail_Residual_Iteration_1.ipynb,research_notebook,8798,357d9676592b541e409cc1a43128f1733376c6e3c3ed31aa224b41f100287ab4,94f1b54d925248f10bf987f532cdd6c4ff68624c50c14d42325925cbcebbc217,True,provenance/original_code/notebooks/15_V13_Structural_Tail_Residual/01_V13_Structural_Tail_Residual_Iteration_1.ipynb
Nuclear_Graphite_Stress_Surrogate/notebooks/16_V13_Residual_Gain_Audit/01_V13_Residual_Gain_Audit_Iteration_1.ipynb,notebooks/16_V13_Residual_Gain_Audit/01_V13_Residual_Gain_Audit_Iteration_1.ipynb,research_notebook,7099,50ec6fea132092669cfada3adc5cd67ea8833616ca80fc9295f6b31f7256429a,f188243d8fad8176b1fc6281ba97693ad9907f26d47e29f82d725d3b35e2fa5e,True,provenance/original_code/notebooks/16_V13_Residual_Gain_Audit/01_V13_Residual_Gain_Audit_Iteration_1.ipynb
Nuclear_Graphite_Stress_Surrogate/notebooks/17_Formal_V11_Four_Rotation/01_Register_Completed_Iteration_1.ipynb,notebooks/17_Formal_V11_Four_Rotation/01_Register_Completed_Iteration_1.ipynb,research_notebook,3248,49e0885e91a3a4167548a57cf5886d4feaa9e4267a09652c97c1b74f278debd5,d3380c66cd262a9675a4907897d5f23f3465ea57394b9098a4a2a2b4b997d9c4,True,provenance/original_code/notebooks/17_Formal_V11_Four_Rotation/01_Register_Completed_Iteration_1.ipynb
Nuclear_Graphite_Stress_Surrogate/notebooks/17_Formal_V11_Four_Rotation/02_Formal_V11_Iteration_2.ipynb,notebooks/17_Formal_V11_Four_Rotation/02_Formal_V11_Iteration_2.ipynb,research_notebook,5168,304687ec508910cf0b0c8f5082070e07bfa864225f090aaaf175f5c6731d51da,4af9aab372a2b7fd7af077f8ad45a7165e72c41a5f3d60111c83b7ed4308fdd9,True,provenance/original_code/notebooks/17_Formal_V11_Four_Rotation/02_Formal_V11_Iteration_2.ipynb
Nuclear_Graphite_Stress_Surrogate/notebooks/17_Formal_V11_Four_Rotation/03_Formal_V11_Iteration_3.ipynb,notebooks/17_Formal_V11_Four_Rotation/03_Formal_V11_Iteration_3.ipynb,research_notebook,5168,696be597a47b89c865b38a6dc79bdf232eda6c849edba2b93a6dc26acc8ebe6f,86a0c7a7677e0a6eed4088e9d64dd100dd222b59bd061384445fa5d8ec2ec732,True,provenance/original_code/notebooks/17_Formal_V11_Four_Rotation/03_Formal_V11_Iteration_3.ipynb
Nuclear_Graphite_Stress_Surrogate/notebooks/17_Formal_V11_Four_Rotation/04_Formal_V11_Iteration_4.ipynb,notebooks/17_Formal_V11_Four_Rotation/04_Formal_V11_Iteration_4.ipynb,research_notebook,5168,63cacdeeea04fce6d587f0fde0e945b7dc080c4bedd77e928b2b226b35b83abb,0a7f158119b0585aa12337dc95fdaae9477d4b8a3eb3d66f75a6050938d4d240,True,provenance/original_code/notebooks/17_Formal_V11_Four_Rotation/04_Formal_V11_Iteration_4.ipynb
Nuclear_Graphite_Stress_Surrogate/notebooks/17_Formal_V11_Four_Rotation/05_Aggregate_Four_Rotation_Stability.ipynb,notebooks/17_Formal_V11_Four_Rotation/05_Aggregate_Four_Rotation_Stability.ipynb,research_notebook,2802,47eadc1490b1d2f86da662d0e359ef0cb7c1d69175f1faff19d8f6b0775d39eb,6009dab06e5ffccef0bf2bd79456ed15c679c72fe139dfb80ffc2fede28b07ed,True,provenance/original_code/notebooks/17_Formal_V11_Four_Rotation/05_Aggregate_Four_Rotation_Stability.ipynb
Nuclear_Graphite_Stress_Surrogate/notebooks/18_149Case_Development_Integration/01_149Case_Development_Integration.ipynb,notebooks/18_149Case_Development_Integration/01_149Case_Development_Integration.ipynb,research_notebook,6325,b305ee613e51b89e8a48e013929adb0567fa6aaf83dc8a74cc29a4b3ecbe3b0e,7684bbe7fd64fc73fa92743a748c4c234f27cfe1c7247633211f186e3b6c7690,True,provenance/original_code/notebooks/18_149Case_Development_Integration/01_149Case_Development_Integration.ipynb
Nuclear_Graphite_Stress_Surrogate/notebooks/18_149Case_Development_Integration/README.md,notebooks/18_149Case_Development_Integration/README.md,research_notebook,1744,27b2b95b1c45cb45cbeaffb30701e4ff27b62c03cc284c42bc3090afaf3ca327,27b2b95b1c45cb45cbeaffb30701e4ff27b62c03cc284c42bc3090afaf3ca327,False,
Nuclear_Graphite_Stress_Surrogate/notebooks/19_One_Time_Final_50Case_Locked_149/01_One_Time_Final_50Case_Locked_149.ipynb,notebooks/19_One_Time_Final_50Case_Locked_149/01_One_Time_Final_50Case_Locked_149.ipynb,research_notebook,7915,06b3c57e4f4a1b09073245a913e4199a41891d8c11594f83f2b26526fade710c,11b73f42e712335d7d10eabbab80547716e846cea89510b674c14d84754f6129,True,provenance/original_code/notebooks/19_One_Time_Final_50Case_Locked_149/01_One_Time_Final_50Case_Locked_149.ipynb
Nuclear_Graphite_Stress_Surrogate/notebooks/19_One_Time_Final_50Case_Locked_149/README.md,notebooks/19_One_Time_Final_50Case_Locked_149/README.md,research_notebook,1793,a2b734720bbe73f56b656c80539db25f7d3600b2d241c7412ba15f4dbc5bb112,a2b734720bbe73f56b656c80539db25f7d3600b2d241c7412ba15f4dbc5bb112,False,
notebooks/Multi-Case_FEM_Parametric_and_Position_Sensitivity_Stability_Analysis_199Cases.ipynb,notebooks/Multi-Case_FEM_Parametric_and_Position_Sensitivity_Stability_Analysis_199Cases.ipynb,historical_presplit_notebook,680174,3f711889c7f391081ed80a62fbcb436060295a0ce6ded449720bd7179c9b297a,c40d7c89a40fd4849e77093502ed11bdeb5d9f404bde3a33cd47866093bb4199,True,provenance/original_code/notebooks/Multi-Case_FEM_Parametric_and_Position_Sensitivity_Stability_Analysis_199Cases.ipynb
Nuclear_Graphite_Stress_Surrogate/reports/thesis_figures/chapter3/figure_3_2_example_fe_fields_case_01.pdf,reports/thesis_figures/chapter3/figure_3_2_example_fe_fields_case_01.pdf,data_driven_thesis_figure,373765,d9255b07aea20a2adc32bb66b55d8aadaa5a132d60a1a53ca4cd893b6f0f172e,d9255b07aea20a2adc32bb66b55d8aadaa5a132d60a1a53ca4cd893b6f0f172e,False,
Nuclear_Graphite_Stress_Surrogate/reports/thesis_figures/chapter3/figure_3_2_example_fe_fields_case_01.png,reports/thesis_figures/chapter3/figure_3_2_example_fe_fields_case_01.png,data_driven_thesis_figure,2429304,8c9e28d27b40f19ee2f42612c87846828a3fcf71c5d17e201d01f5a04944d9b1,8c9e28d27b40f19ee2f42612c87846828a3fcf71c5d17e201d01f5a04944d9b1,False,
Nuclear_Graphite_Stress_Surrogate/reports/thesis_figures/chapter3/figure_3_3_development_input_ranges.pdf,reports/thesis_figures/chapter3/figure_3_3_development_input_ranges.pdf,data_driven_thesis_figure,44131,1987b1f36b46861f3c2e2201c57f3c393fdb827a67559110e065186619474749,1987b1f36b46861f3c2e2201c57f3c393fdb827a67559110e065186619474749,False,
Nuclear_Graphite_Stress_Surrogate/reports/thesis_figures/chapter3/figure_3_3_development_input_ranges.png,reports/thesis_figures/chapter3/figure_3_3_development_input_ranges.png,data_driven_thesis_figure,451601,3d05389c3e8612b0ce8698a6d739889a95817ff7ca45cb581405460b1e413324,3d05389c3e8612b0ce8698a6d739889a95817ff7ca45cb581405460b1e413324,False,
thesis/revision_20260905/build_formula_appendix.py,formula_appendix/build_formula_appendix.py,formula_transcription_with_check_record,8287,9bdbe5af2830eb02e429c9ca271e54434ff2f6283b6b648d708068126e4b4cf7,84d5294c19d6a68a2abe8a948941c05375f27419e822e5c4e00f264f95a2f0ef,True,provenance/original_code/formula_appendix/build_formula_appendix.py
thesis/revision_20260905/formula_appendix_intro.tex,formula_appendix/formula_appendix_intro.tex,formatting_template_not_experimental_result,3394,2d240f5357d10fe7f1492cb39cff9422dd69fbdab6222e5b1b07e16c10f7d9cb,2d240f5357d10fe7f1492cb39cff9422dd69fbdab6222e5b1b07e16c10f7d9cb,False,
thesis/revision_20260905/Appendix_Frozen_Model_Expressions.tex,formula_appendix/Appendix_Frozen_Model_Expressions.tex,formula_transcription_with_check_record,11669,d31f89a033c09d6769764aa58fdb94239ccc1d58db707fcfebaa015e035b6d18,d31f89a033c09d6769764aa58fdb94239ccc1d58db707fcfebaa015e035b6d18,False,
thesis/revision_20260905/frozen_formula_components.json,formula_appendix/frozen_formula_components.json,formula_transcription_with_check_record,5433,1f1f8e0192c4394d647f0bc21c18f042a8a41d91d96fcd85a97d90287eb3308b,1f1f8e0192c4394d647f0bc21c18f042a8a41d91d96fcd85a97d90287eb3308b,False,
thesis/revision_20260905/formula_transcription_checks.json,formula_appendix/formula_transcription_checks.json,formula_transcription_with_check_record,3646,aa3335eb1d8708db8f448b67af10c493b0e6bf842f9f63d3e57b236d4875eb2d,aa3335eb1d8708db8f448b67af10c493b0e6bf842f9f63d3e57b236d4875eb2d,False,
Nuclear_Graphite_Stress_Surrogate/src/v12_case_adaptive_tail_gain.py,src/v12_case_adaptive_tail_gain.py,non_deployed_completed_decision_support,59803,f00b678f493fadafb80c72a6fec0feb3b9680a13ef8dfd6c46cad9d880f4b7ca,f00b678f493fadafb80c72a6fec0feb3b9680a13ef8dfd6c46cad9d880f4b7ca,False,
Nuclear_Graphite_Stress_Surrogate/scripts/build_v12_case_adaptive_tail_gain_notebook.py,scripts/build_v12_case_adaptive_tail_gain_notebook.py,non_deployed_completed_decision_support,8721,afc467055f6b20c72cf552117beeac7ef52f2faf47c612e82326e192cbae3c00,afc467055f6b20c72cf552117beeac7ef52f2faf47c612e82326e192cbae3c00,False,
Nuclear_Graphite_Stress_Surrogate/scripts/validate_v12_case_adaptive_tail_gain.py,scripts/validate_v12_case_adaptive_tail_gain.py,non_deployed_completed_decision_support,4741,4d261dcc19f7cf98c2fa476eabb1c9e6067abc0e92f216560c078921cfe40edb,4d261dcc19f7cf98c2fa476eabb1c9e6067abc0e92f216560c078921cfe40edb,False,
Nuclear_Graphite_Stress_Surrogate/cluster/run_v12_case_adaptive_tail_gain.slurm,cluster/run_v12_case_adaptive_tail_gain.slurm,non_deployed_completed_decision_support,3857,564494e335a023e9235324307aad99142a885097c67dc8262f0cf9f7cf17a049,ee5a7865c1c9016108ee12d0ea24a520edc26252447c3bf8975483a38ac4ad26,True,provenance/original_code/cluster/run_v12_case_adaptive_tail_gain.slurm
Nuclear_Graphite_Stress_Surrogate/outputs/13_v12_case_adaptive_tail_gain/iteration_1/case_cache/adaptive_oof/case_01.csv,outputs/13_v12_case_adaptive_tail_gain/iteration_1/case_cache/adaptive_oof/case_01.csv,non_deployed_completed_decision_support,1258,12df0123047acf8a55b152339fa13ea78eb0a9485366428d837bbc434ee5107e,12df0123047acf8a55b152339fa13ea78eb0a9485366428d837bbc434ee5107e,False,
Nuclear_Graphite_Stress_Surrogate/outputs/13_v12_case_adaptive_tail_gain/iteration_1/case_cache/adaptive_oof/case_06.csv,outputs/13_v12_case_adaptive_tail_gain/iteration_1/case_cache/adaptive_oof/case_06.csv,non_deployed_completed_decision_support,1262,2c27ad9ed7f8b43531e07d4bff3cfa191dfa73d6ac4ecdcbc8fe2c5b7ed6caaa,2c27ad9ed7f8b43531e07d4bff3cfa191dfa73d6ac4ecdcbc8fe2c5b7ed6caaa,False,
Nuclear_Graphite_Stress_Surrogate/outputs/13_v12_case_adaptive_tail_gain/iteration_1/case_cache/adaptive_oof/case_10.csv,outputs/13_v12_case_adaptive_tail_gain/iteration_1/case_cache/adaptive_oof/case_10.csv,non_deployed_completed_decision_support,1256,22064118dcb4eb54ca5a5a85a29a03195fc198ed4dc359e35bcebcfe528f5475,22064118dcb4eb54ca5a5a85a29a03195fc198ed4dc359e35bcebcfe528f5475,False,
Nuclear_Graphite_Stress_Surrogate/outputs/13_v12_case_adaptive_tail_gain/iteration_1/case_cache/adaptive_oof/case_100.csv,outputs/13_v12_case_adaptive_tail_gain/iteration_1/case_cache/adaptive_oof/case_100.csv,non_deployed_completed_decision_support,1257,695715c9db9ba14e252ded58ddd98a23d2e7fa19ce51a8412042d5434c95e46c,695715c9db9ba14e252ded58ddd98a23d2e7fa19ce51a8412042d5434c95e46c,False,
Nuclear_Graphite_Stress_Surrogate/outputs/13_v12_case_adaptive_tail_gain/iteration_1/case_cache/adaptive_oof/case_101.csv,outputs/13_v12_case_adaptive_tail_gain/iteration_1/case_cache/adaptive_oof/case_101.csv,non_deployed_completed_decision_support,1264,237f239d07a9a84d1b91dafe91fded5538488fd46d5a2f273e0f3c05fd9becc4,237f239d07a9a84d1b91dafe91fded5538488fd46d5a2f273e0f3c05fd9becc4,False,
Nuclear_Graphite_Stress_Surrogate/outputs/13_v12_case_adaptive_tail_gain/iteration_1/case_cache/adaptive_oof/case_102.csv,outputs/13_v12_case_adaptive_tail_gain/iteration_1/case_cache/adaptive_oof/case_102.csv,non_deployed_completed_decision_support,1263,a3615e2d36009e5de7dc49fcfb19b34f34510af83abd5b4aa0743580b0bd081f,a3615e2d36009e5de7dc49fcfb19b34f34510af83abd5b4aa0743580b0bd081f,False,
Nuclear_Graphite_Stress_Surrogate/outputs/13_v12_case_adaptive_tail_gain/iteration_1/case_cache/adaptive_oof/case_104.csv,outputs/13_v12_case_adaptive_tail_gain/iteration_1/case_cache/adaptive_oof/case_104.csv,non_deployed_completed_decision_support,1255,ba409c681f964e11d8e9a530408e05db0b900955f63565aadfc3c7429df19e24,ba409c681f964e11d8e9a530408e05db0b900955f63565aadfc3c7429df19e24,False,
Nuclear_Graphite_Stress_Surrogate/outputs/13_v12_case_adaptive_tail_gain/iteration_1/case_cache/adaptive_oof/case_105.csv,outputs/13_v12_case_adaptive_tail_gain/iteration_1/case_cache/adaptive_oof/case_105.csv,non_deployed_completed_decision_support,1251,387924e2785ce471d9e497c7da10a2ae801cb9207f8970f76d4bad667dc08b53,387924e2785ce471d9e497c7da10a2ae801cb9207f8970f76d4bad667dc08b53,False,
Nuclear_Graphite_Stress_Surrogate/outputs/13_v12_case_adaptive_tail_gain/iteration_1/case_cache/adaptive_oof/case_106.csv,outputs/13_v12_case_adaptive_tail_gain/iteration_1/case_cache/adaptive_oof/case_106.csv,non_deployed_completed_decision_support,1258,8624c0d1d31ac7d697913d436c2c4c3136d9ab3c70b4ab3934cf76bf1c2de43d,8624c0d1d31ac7d697913d436c2c4c3136d9ab3c70b4ab3934cf76bf1c2de43d,False,
Nuclear_Graphite_Stress_Surrogate/outputs/13_v12_case_adaptive_tail_gain/iteration_1/case_cache/adaptive_oof/case_107.csv,outputs/13_v12_case_adaptive_tail_gain/iteration_1/case_cache/adaptive_oof/case_107.csv,non_deployed_completed_decision_support,1260,7598a644b9cd275dd9cf5477b649cc5416d211b628420341f95a4caa6fca4c8a,7598a644b9cd275dd9cf5477b649cc5416d211b628420341f95a4caa6fca4c8a,False,
Nuclear_Graphite_Stress_Surrogate/outputs/13_v12_case_adaptive_tail_gain/iteration_1/case_cache/adaptive_oof/case_109.csv,outputs/13_v12_case_adaptive_tail_gain/iteration_1/case_cache/adaptive_oof/case_109.csv,non_deployed_completed_decision_support,1258,152a4e733cb58e2df1d9c4f5b9c05239a831d3dafe7d28195c82a4dba78606cb,152a4e733cb58e2df1d9c4f5b9c05239a831d3dafe7d28195c82a4dba78606cb,False,
Nuclear_Graphite_Stress_Surrogate/outputs/13_v12_case_adaptive_tail_gain/iteration_1/case_cache/adaptive_oof/case_11.csv,outputs/13_v12_case_adaptive_tail_gain/iteration_1/case_cache/adaptive_oof/case_11.csv,non_deployed_completed_decision_support,1255,ecbc6cd10efb5172905d6c21f257dd329e63fe2ce29a75b36100e1df152943f9,ecbc6cd10efb5172905d6c21f257dd329e63fe2ce29a75b36100e1df152943f9,False,
Nuclear_Graphite_Stress_Surrogate/outputs/13_v12_case_adaptive_tail_gain/iteration_1/case_cache/adaptive_oof/case_110.csv,outputs/13_v12_case_adaptive_tail_gain/iteration_1/case_cache/adaptive_oof/case_110.csv,non_deployed_completed_decision_support,1252,86c6bd04a7dd030aad12dc41de2f44ea0b0553af5a53a27cde99a93ee6238826,86c6bd04a7dd030aad12dc41de2f44ea0b0553af5a53a27cde99a93ee6238826,False,
Nuclear_Graphite_Stress_Surrogate/outputs/13_v12_case_adaptive_tail_gain/iteration_1/case_cache/adaptive_oof/case_111.csv,outputs/13_v12_case_adaptive_tail_gain/iteration_1/case_cache/adaptive_oof/case_111.csv,non_deployed_completed_decision_support,1265,dc823f34cc2801c158718fcaa2500fdcb85615cbf75238bc77576924c80eeef3,dc823f34cc2801c158718fcaa2500fdcb85615cbf75238bc77576924c80eeef3,False,
Nuclear_Graphite_Stress_Surrogate/outputs/13_v12_case_adaptive_tail_gain/iteration_1/case_cache/adaptive_oof/case_114.csv,outputs/13_v12_case_adaptive_tail_gain/iteration_1/case_cache/adaptive_oof/case_114.csv,non_deployed_completed_decision_support,1257,a4bd33cf8167cf76f2b2fed231e78bee4a8766ae5d665088999d530e30d693b9,a4bd33cf8167cf76f2b2fed231e78bee4a8766ae5d665088999d530e30d693b9,False,
Nuclear_Graphite_Stress_Surrogate/outputs/13_v12_case_adaptive_tail_gain/iteration_1/case_cache/adaptive_oof/case_115.csv,outputs/13_v12_case_adaptive_tail_gain/iteration_1/case_cache/adaptive_oof/case_115.csv,non_deployed_completed_decision_support,1260,90aaa7612d1f8533f5934c68fd239063a7f6531880332e0cc5db39125dbc59e5,90aaa7612d1f8533f5934c68fd239063a7f6531880332e0cc5db39125dbc59e5,False,
Nuclear_Graphite_Stress_Surrogate/outputs/13_v12_case_adaptive_tail_gain/iteration_1/case_cache/adaptive_oof/case_116.csv,outputs/13_v12_case_adaptive_tail_gain/iteration_1/case_cache/adaptive_oof/case_116.csv,non_deployed_completed_decision_support,1256,e8f5e59db23ce5fa2b60d5d02a00cebd8ccb5059acd9423cccbe5ad2d02f215c,e8f5e59db23ce5fa2b60d5d02a00cebd8ccb5059acd9423cccbe5ad2d02f215c,False,
Nuclear_Graphite_Stress_Surrogate/outputs/13_v12_case_adaptive_tail_gain/iteration_1/case_cache/adaptive_oof/case_117.csv,outputs/13_v12_case_adaptive_tail_gain/iteration_1/case_cache/adaptive_oof/case_117.csv,non_deployed_completed_decision_support,1262,912ef1f352c27fb99e6ef04a94e227c15b978c9cb0e0a7f30c00e32f6223df95,912ef1f352c27fb99e6ef04a94e227c15b978c9cb0e0a7f30c00e32f6223df95,False,
Nuclear_Graphite_Stress_Surrogate/outputs/13_v12_case_adaptive_tail_gain/iteration_1/case_cache/adaptive_oof/case_118.csv,outputs/13_v12_case_adaptive_tail_gain/iteration_1/case_cache/adaptive_oof/case_118.csv,non_deployed_completed_decision_support,1260,a862d3f12170ff6ae8f0e705e8f27511c6803905f30e53a0847c098f321cdf44,a862d3f12170ff6ae8f0e705e8f27511c6803905f30e53a0847c098f321cdf44,False,
Nuclear_Graphite_Stress_Surrogate/outputs/13_v12_case_adaptive_tail_gain/iteration_1/case_cache/adaptive_oof/case_119.csv,outputs/13_v12_case_adaptive_tail_gain/iteration_1/case_cache/adaptive_oof/case_119.csv,non_deployed_completed_decision_support,1256,16ff84da58c8a4ab2344f0e0ffc161cc9bfffd90f8f89c00efd2e5d7b7917c33,16ff84da58c8a4ab2344f0e0ffc161cc9bfffd90f8f89c00efd2e5d7b7917c33,False,
Nuclear_Graphite_Stress_Surrogate/outputs/13_v12_case_adaptive_tail_gain/iteration_1/case_cache/adaptive_oof/case_12.csv,outputs/13_v12_case_adaptive_tail_gain/iteration_1/case_cache/adaptive_oof/case_12.csv,non_deployed_completed_decision_support,1257,74e999b748d3c78e230a526f1bc76b522bebb72927b1d44b5dbf880770b74b7a,74e999b748d3c78e230a526f1bc76b522bebb72927b1d44b5dbf880770b74b7a,False,
Nuclear_Graphite_Stress_Surrogate/outputs/13_v12_case_adaptive_tail_gain/iteration_1/case_cache/adaptive_oof/case_120.csv,outputs/13_v12_case_adaptive_tail_gain/iteration_1/case_cache/adaptive_oof/case_120.csv,non_deployed_completed_decision_support,1263,29190e7f17876a84a72c05c2e1c26417b8525de5a541f30b37f9898726049fec,29190e7f17876a84a72c05c2e1c26417b8525de5a541f30b37f9898726049fec,False,
Nuclear_Graphite_Stress_Surrogate/outputs/13_v12_case_adaptive_tail_gain/iteration_1/case_cache/adaptive_oof/case_121.csv,outputs/13_v12_case_adaptive_tail_gain/iteration_1/case_cache/adaptive_oof/case_121.csv,non_deployed_completed_decision_support,1259,c1053e92043302b18ba84de0c91759b2be802a8c961b27c01e1dc6ef603fc06d,c1053e92043302b18ba84de0c91759b2be802a8c961b27c01e1dc6ef603fc06d,False,
Nuclear_Graphite_Stress_Surrogate/outputs/13_v12_case_adaptive_tail_gain/iteration_1/case_cache/adaptive_oof/case_122.csv,outputs/13_v12_case_adaptive_tail_gain/iteration_1/case_cache/adaptive_oof/case_122.csv,non_deployed_completed_decision_support,1250,8d6ea8c7439b334120ffe308d68ff48d1d5bf9918c553eddf0aac18f86a158a4,8d6ea8c7439b334120ffe308d68ff48d1d5bf9918c553eddf0aac18f86a158a4,False,
Nuclear_Graphite_Stress_Surrogate/outputs/13_v12_case_adaptive_tail_gain/iteration_1/case_cache/adaptive_oof/case_124.csv,outputs/13_v12_case_adaptive_tail_gain/iteration_1/case_cache/adaptive_oof/case_124.csv,non_deployed_completed_decision_support,1250,a83fd1368bc618b1b436145285af484183802722dd5fa1d65069cbbff0e98334,a83fd1368bc618b1b436145285af484183802722dd5fa1d65069cbbff0e98334,False,
Nuclear_Graphite_Stress_Surrogate/outputs/13_v12_case_adaptive_tail_gain/iteration_1/case_cache/adaptive_oof/case_125.csv,outputs/13_v12_case_adaptive_tail_gain/iteration_1/case_cache/adaptive_oof/case_125.csv,non_deployed_completed_decision_support,1256,99c4d6ff1748480310ef92ee61f532847bf1b782c48a3a41dcf7691ae81042a5,99c4d6ff1748480310ef92ee61f532847bf1b782c48a3a41dcf7691ae81042a5,False,
Nuclear_Graphite_Stress_Surrogate/outputs/13_v12_case_adaptive_tail_gain/iteration_1/case_cache/adaptive_oof/case_127.csv,outputs/13_v12_case_adaptive_tail_gain/iteration_1/case_cache/adaptive_oof/case_127.csv,non_deployed_completed_decision_support,1256,bd24767a33b8a28ede8b836f390c3593908564819bee8258dd19f3acf8a06c09,bd24767a33b8a28ede8b836f390c3593908564819bee8258dd19f3acf8a06c09,False,
Nuclear_Graphite_Stress_Surrogate/outputs/13_v12_case_adaptive_tail_gain/iteration_1/case_cache/adaptive_oof/case_128.csv,outputs/13_v12_case_adaptive_tail_gain/iteration_1/case_cache/adaptive_oof/case_128.csv,non_deployed_completed_decision_support,1257,6658cc2e8155238a5289c437c2a68ffa33243b78efbf909ae5f16715ef146155,6658cc2e8155238a5289c437c2a68ffa33243b78efbf909ae5f16715ef146155,False,
Nuclear_Graphite_Stress_Surrogate/outputs/13_v12_case_adaptive_tail_gain/iteration_1/case_cache/adaptive_oof/case_129.csv,outputs/13_v12_case_adaptive_tail_gain/iteration_1/case_cache/adaptive_oof/case_129.csv,non_deployed_completed_decision_support,1276,a836319c9438620e9017564fc1615719d32a255467a73effb2448a7ddfcb82da,a836319c9438620e9017564fc1615719d32a255467a73effb2448a7ddfcb82da,False,
Nuclear_Graphite_Stress_Surrogate/outputs/13_v12_case_adaptive_tail_gain/iteration_1/case_cache/adaptive_oof/case_13.csv,outputs/13_v12_case_adaptive_tail_gain/iteration_1/case_cache/adaptive_oof/case_13.csv,non_deployed_completed_decision_support,1254,6c4f879854b4b7506f823bcf0bf1da4c3b4339e45738dae7ea0fcecb212d0425,6c4f879854b4b7506f823bcf0bf1da4c3b4339e45738dae7ea0fcecb212d0425,False,
Nuclear_Graphite_Stress_Surrogate/outputs/13_v12_case_adaptive_tail_gain/iteration_1/case_cache/adaptive_oof/case_130.csv,outputs/13_v12_case_adaptive_tail_gain/iteration_1/case_cache/adaptive_oof/case_130.csv,non_deployed_completed_decision_support,1260,9adc4bc60497f79c0d6cd7ff0742739005d38d729a5ed0615f5b64ae469a8fc9,9adc4bc60497f79c0d6cd7ff0742739005d38d729a5ed0615f5b64ae469a8fc9,False,
Nuclear_Graphite_Stress_Surrogate/outputs/13_v12_case_adaptive_tail_gain/iteration_1/case_cache/adaptive_oof/case_133.csv,outputs/13_v12_case_adaptive_tail_gain/iteration_1/case_cache/adaptive_oof/case_133.csv,non_deployed_completed_decision_support,1256,ccb1082872a6b119a404ccd6fbcfe4e63adbc58a558f1b2bfa43f14db6df4602,ccb1082872a6b119a404ccd6fbcfe4e63adbc58a558f1b2bfa43f14db6df4602,False,
Nuclear_Graphite_Stress_Surrogate/outputs/13_v12_case_adaptive_tail_gain/iteration_1/case_cache/adaptive_oof/case_136.csv,outputs/13_v12_case_adaptive_tail_gain/iteration_1/case_cache/adaptive_oof/case_136.csv,non_deployed_completed_decision_support,1256,3452437a94c8702979f4a81346f7f7fc8eefef18731d818a5869411cd86bf750,3452437a94c8702979f4a81346f7f7fc8eefef18731d818a5869411cd86bf750,False,
Nuclear_Graphite_Stress_Surrogate/outputs/13_v12_case_adaptive_tail_gain/iteration_1/case_cache/adaptive_oof/case_137.csv,outputs/13_v12_case_adaptive_tail_gain/iteration_1/case_cache/adaptive_oof/case_137.csv,non_deployed_completed_decision_support,1256,435eaea368d2565aeb239b36e3227b6b942bd75c1d45b876446e5143953f477a,435eaea368d2565aeb239b36e3227b6b942bd75c1d45b876446e5143953f477a,False,
Nuclear_Graphite_Stress_Surrogate/outputs/13_v12_case_adaptive_tail_gain/iteration_1/case_cache/adaptive_oof/case_139.csv,outputs/13_v12_case_adaptive_tail_gain/iteration_1/case_cache/adaptive_oof/case_139.csv,non_deployed_completed_decision_support,1256,129244b94be7700324b67de14802a96cca27b37117ec282c6fbe95d525c9e21b,129244b94be7700324b67de14802a96cca27b37117ec282c6fbe95d525c9e21b,False,
Nuclear_Graphite_Stress_Surrogate/outputs/13_v12_case_adaptive_tail_gain/iteration_1/case_cache/adaptive_oof/case_14.csv,outputs/13_v12_case_adaptive_tail_gain/iteration_1/case_cache/adaptive_oof/case_14.csv,non_deployed_completed_decision_support,1256,f6cfe96f258cf21ce725f5957015c1206cbaec7676ee3fe2cf9890e330a39bf4,f6cfe96f258cf21ce725f5957015c1206cbaec7676ee3fe2cf9890e330a39bf4,False,
Nuclear_Graphite_Stress_Surrogate/outputs/13_v12_case_adaptive_tail_gain/iteration_1/case_cache/adaptive_oof/case_141.csv,outputs/13_v12_case_adaptive_tail_gain/iteration_1/case_cache/adaptive_oof/case_141.csv,non_deployed_completed_decision_support,1252,62908caf618913305923cc26e346dc3177d1f560c6b9207867d145a4b7670b93,62908caf618913305923cc26e346dc3177d1f560c6b9207867d145a4b7670b93,False,
Nuclear_Graphite_Stress_Surrogate/outputs/13_v12_case_adaptive_tail_gain/iteration_1/case_cache/adaptive_oof/case_142.csv,outputs/13_v12_case_adaptive_tail_gain/iteration_1/case_cache/adaptive_oof/case_142.csv,non_deployed_completed_decision_support,1257,85105133b4ac82600deff3abe533b1dfa71c0eeb4191ea198ad525df37324cc8,85105133b4ac82600deff3abe533b1dfa71c0eeb4191ea198ad525df37324cc8,False,
Nuclear_Graphite_Stress_Surrogate/outputs/13_v12_case_adaptive_tail_gain/iteration_1/case_cache/adaptive_oof/case_143.csv,outputs/13_v12_case_adaptive_tail_gain/iteration_1/case_cache/adaptive_oof/case_143.csv,non_deployed_completed_decision_support,1259,1a1a3b7dca45083760dd5748b8b99527462d066a04d5f1de38e859544af9540c,1a1a3b7dca45083760dd5748b8b99527462d066a04d5f1de38e859544af9540c,False,
Nuclear_Graphite_Stress_Surrogate/outputs/13_v12_case_adaptive_tail_gain/iteration_1/case_cache/adaptive_oof/case_144.csv,outputs/13_v12_case_adaptive_tail_gain/iteration_1/case_cache/adaptive_oof/case_144.csv,non_deployed_completed_decision_support,1256,145c8cf512bcf37f89c2999ea1a4a48656030ce35d464808206f4b02dff6fc0d,145c8cf512bcf37f89c2999ea1a4a48656030ce35d464808206f4b02dff6fc0d,False,
Nuclear_Graphite_Stress_Surrogate/outputs/13_v12_case_adaptive_tail_gain/iteration_1/case_cache/adaptive_oof/case_145.csv,outputs/13_v12_case_adaptive_tail_gain/iteration_1/case_cache/adaptive_oof/case_145.csv,non_deployed_completed_decision_support,1263,dfc39744df8fe4620f75468f755813478ccb4d29df9784ddafcd1e85fdc1e98a,dfc39744df8fe4620f75468f755813478ccb4d29df9784ddafcd1e85fdc1e98a,False,
Nuclear_Graphite_Stress_Surrogate/outputs/13_v12_case_adaptive_tail_gain/iteration_1/case_cache/adaptive_oof/case_146.csv,outputs/13_v12_case_adaptive_tail_gain/iteration_1/case_cache/adaptive_oof/case_146.csv,non_deployed_completed_decision_support,1252,bee02ca4d48829f341aadb160129b8897c5ccb52b3e6b3f71ed61fc52568092c,bee02ca4d48829f341aadb160129b8897c5ccb52b3e6b3f71ed61fc52568092c,False,
Nuclear_Graphite_Stress_Surrogate/outputs/13_v12_case_adaptive_tail_gain/iteration_1/case_cache/adaptive_oof/case_147.csv,outputs/13_v12_case_adaptive_tail_gain/iteration_1/case_cache/adaptive_oof/case_147.csv,non_deployed_completed_decision_support,1267,020d9ed55b62d72d82dcf7d454cef8bedcda19b441d477f1881612c9bd03aa9f,020d9ed55b62d72d82dcf7d454cef8bedcda19b441d477f1881612c9bd03aa9f,False,
Nuclear_Graphite_Stress_Surrogate/outputs/13_v12_case_adaptive_tail_gain/iteration_1/case_cache/adaptive_oof/case_148.csv,outputs/13_v12_case_adaptive_tail_gain/iteration_1/case_cache/adaptive_oof/case_148.csv,non_deployed_completed_decision_support,1278,efd33ab9df9dd239708d9ef4e5dd74b613da0a2a09ac67be908be1bc0708783a,efd33ab9df9dd239708d9ef4e5dd74b613da0a2a09ac67be908be1bc0708783a,False,
Nuclear_Graphite_Stress_Surrogate/outputs/13_v12_case_adaptive_tail_gain/iteration_1/case_cache/adaptive_oof/case_15.csv,outputs/13_v12_case_adaptive_tail_gain/iteration_1/case_cache/adaptive_oof/case_15.csv,non_deployed_completed_decision_support,1255,7eef9d41dae71a999a781631484c3129179f4b8eb41362548320cefd837bb47c,7eef9d41dae71a999a781631484c3129179f4b8eb41362548320cefd837bb47c,False,
Nuclear_Graphite_Stress_Surrogate/outputs/13_v12_case_adaptive_tail_gain/iteration_1/case_cache/adaptive_oof/case_150.csv,outputs/13_v12_case_adaptive_tail_gain/iteration_1/case_cache/adaptive_oof/case_150.csv,non_deployed_completed_decision_support,1276,76863e2080457f8779cb333dce9c6d4d86fecb13e30d9b820af0b96289c28e5c,76863e2080457f8779cb333dce9c6d4d86fecb13e30d9b820af0b96289c28e5c,False,
Nuclear_Graphite_Stress_Surrogate/outputs/13_v12_case_adaptive_tail_gain/iteration_1/case_cache/adaptive_oof/case_151.csv,outputs/13_v12_case_adaptive_tail_gain/iteration_1/case_cache/adaptive_oof/case_151.csv,non_deployed_completed_decision_support,1259,6df3a8f1000c10ab5ce5d1448885cf3f54d9c0a187b15a53ce44bc28eaf33b56,6df3a8f1000c10ab5ce5d1448885cf3f54d9c0a187b15a53ce44bc28eaf33b56,False,
Nuclear_Graphite_Stress_Surrogate/outputs/13_v12_case_adaptive_tail_gain/iteration_1/case_cache/adaptive_oof/case_153.csv,outputs/13_v12_case_adaptive_tail_gain/iteration_1/case_cache/adaptive_oof/case_153.csv,non_deployed_completed_decision_support,1252,9abfa76159fee18598bc2be909f9f46cf4eb1fea592820adfa49fa152d6f87a0,9abfa76159fee18598bc2be909f9f46cf4eb1fea592820adfa49fa152d6f87a0,False,
Nuclear_Graphite_Stress_Surrogate/outputs/13_v12_case_adaptive_tail_gain/iteration_1/case_cache/adaptive_oof/case_154.csv,outputs/13_v12_case_adaptive_tail_gain/iteration_1/case_cache/adaptive_oof/case_154.csv,non_deployed_completed_decision_support,1277,4438e30dc211fc264d13289ca947b553d79524ba0f09b7b4745f3086da4467c6,4438e30dc211fc264d13289ca947b553d79524ba0f09b7b4745f3086da4467c6,False,
Nuclear_Graphite_Stress_Surrogate/outputs/13_v12_case_adaptive_tail_gain/iteration_1/case_cache/adaptive_oof/case_155.csv,outputs/13_v12_case_adaptive_tail_gain/iteration_1/case_cache/adaptive_oof/case_155.csv,non_deployed_completed_decision_support,1255,65b673dd0e5d8970f306c5d7bd517d6660dfe287631e43eab606c11fd29aa2db,65b673dd0e5d8970f306c5d7bd517d6660dfe287631e43eab606c11fd29aa2db,False,
Nuclear_Graphite_Stress_Surrogate/outputs/13_v12_case_adaptive_tail_gain/iteration_1/case_cache/adaptive_oof/case_156.csv,outputs/13_v12_case_adaptive_tail_gain/iteration_1/case_cache/adaptive_oof/case_156.csv,non_deployed_completed_decision_support,1255,696f5bf9c54483a013f00f6eb0cfb47d1a0b2240f60f74f1f5aa3d680a3b15d2,696f5bf9c54483a013f00f6eb0cfb47d1a0b2240f60f74f1f5aa3d680a3b15d2,False,
Nuclear_Graphite_Stress_Surrogate/outputs/13_v12_case_adaptive_tail_gain/iteration_1/case_cache/adaptive_oof/case_157.csv,outputs/13_v12_case_adaptive_tail_gain/iteration_1/case_cache/adaptive_oof/case_157.csv,non_deployed_completed_decision_support,1248,ecabc29455ce7d88300c3f2fe881678dd18c41c55602342095850576ed5ad9e5,ecabc29455ce7d88300c3f2fe881678dd18c41c55602342095850576ed5ad9e5,False,
Nuclear_Graphite_Stress_Surrogate/outputs/13_v12_case_adaptive_tail_gain/iteration_1/case_cache/adaptive_oof/case_158.csv,outputs/13_v12_case_adaptive_tail_gain/iteration_1/case_cache/adaptive_oof/case_158.csv,non_deployed_completed_decision_support,1251,6eb54a09747b24e3db36e2ac9f3538612807eeed3756bc4d69b29a0791b67edc,6eb54a09747b24e3db36e2ac9f3538612807eeed3756bc4d69b29a0791b67edc,False,
Nuclear_Graphite_Stress_Surrogate/outputs/13_v12_case_adaptive_tail_gain/iteration_1/case_cache/adaptive_oof/case_159.csv,outputs/13_v12_case_adaptive_tail_gain/iteration_1/case_cache/adaptive_oof/case_159.csv,non_deployed_completed_decision_support,1265,a26b7533b61eb3f578f156ac37226b1c229193cfdef60e7e608936cd225356ed,a26b7533b61eb3f578f156ac37226b1c229193cfdef60e7e608936cd225356ed,False,
Nuclear_Graphite_Stress_Surrogate/outputs/13_v12_case_adaptive_tail_gain/iteration_1/case_cache/adaptive_oof/case_16.csv,outputs/13_v12_case_adaptive_tail_gain/iteration_1/case_cache/adaptive_oof/case_16.csv,non_deployed_completed_decision_support,1258,6ee69fc790d939e558171ed3f66e097cdb0edefcf698dc635c55a3c6203bd032,6ee69fc790d939e558171ed3f66e097cdb0edefcf698dc635c55a3c6203bd032,False,
Nuclear_Graphite_Stress_Surrogate/outputs/13_v12_case_adaptive_tail_gain/iteration_1/case_cache/adaptive_oof/case_163.csv,outputs/13_v12_case_adaptive_tail_gain/iteration_1/case_cache/adaptive_oof/case_163.csv,non_deployed_completed_decision_support,1278,b47a46df007d33ad58c0be279fca4aa75bcc5ce578e2ecf5c2972f84f28a863f,b47a46df007d33ad58c0be279fca4aa75bcc5ce578e2ecf5c2972f84f28a863f,False,
Nuclear_Graphite_Stress_Surrogate/outputs/13_v12_case_adaptive_tail_gain/iteration_1/case_cache/adaptive_oof/case_164.csv,outputs/13_v12_case_adaptive_tail_gain/iteration_1/case_cache/adaptive_oof/case_164.csv,non_deployed_completed_decision_support,1254,22cc6173a81dc2c94c613bf5e0d1db30c01b27f0a058ca5105067c678f8d97c9,22cc6173a81dc2c94c613bf5e0d1db30c01b27f0a058ca5105067c678f8d97c9,False,
Nuclear_Graphite_Stress_Surrogate/outputs/13_v12_case_adaptive_tail_gain/iteration_1/case_cache/adaptive_oof/case_165.csv,outputs/13_v12_case_adaptive_tail_gain/iteration_1/case_cache/adaptive_oof/case_165.csv,non_deployed_completed_decision_support,1269,687aad9525f127062ae3782dd107c75634eeb7e385179f0bbd10c5e6bf94c386,687aad9525f127062ae3782dd107c75634eeb7e385179f0bbd10c5e6bf94c386,False,
Nuclear_Graphite_Stress_Surrogate/outputs/13_v12_case_adaptive_tail_gain/iteration_1/case_cache/adaptive_oof/case_166.csv,outputs/13_v12_case_adaptive_tail_gain/iteration_1/case_cache/adaptive_oof/case_166.csv,non_deployed_completed_decision_support,1257,dd5b0f1d93884bf65aad246525ff06c162c1dee25be4045278dd3f6143ed458f,dd5b0f1d93884bf65aad246525ff06c162c1dee25be4045278dd3f6143ed458f,False,
Nuclear_Graphite_Stress_Surrogate/outputs/13_v12_case_adaptive_tail_gain/iteration_1/case_cache/adaptive_oof/case_169.csv,outputs/13_v12_case_adaptive_tail_gain/iteration_1/case_cache/adaptive_oof/case_169.csv,non_deployed_completed_decision_support,1270,f009e06065f32643714516777ad097c862e6a2e26a059d61ffe630904ab394a8,f009e06065f32643714516777ad097c862e6a2e26a059d61ffe630904ab394a8,False,
Nuclear_Graphite_Stress_Surrogate/outputs/13_v12_case_adaptive_tail_gain/iteration_1/case_cache/adaptive_oof/case_17.csv,outputs/13_v12_case_adaptive_tail_gain/iteration_1/case_cache/adaptive_oof/case_17.csv,non_deployed_completed_decision_support,1255,2e5bce7b9dc19a2e14cd6233d545064028e996b26682e61c973eb6ff7af94b5a,2e5bce7b9dc19a2e14cd6233d545064028e996b26682e61c973eb6ff7af94b5a,False,
Nuclear_Graphite_Stress_Surrogate/outputs/13_v12_case_adaptive_tail_gain/iteration_1/case_cache/adaptive_oof/case_170.csv,outputs/13_v12_case_adaptive_tail_gain/iteration_1/case_cache/adaptive_oof/case_170.csv,non_deployed_completed_decision_support,1258,7b2b62d09d945d8b9a9e52141bf49aa883ae87815a312cdf2e88d942a58876c7,7b2b62d09d945d8b9a9e52141bf49aa883ae87815a312cdf2e88d942a58876c7,False,
Nuclear_Graphite_Stress_Surrogate/outputs/13_v12_case_adaptive_tail_gain/iteration_1/case_cache/adaptive_oof/case_171.csv,outputs/13_v12_case_adaptive_tail_gain/iteration_1/case_cache/adaptive_oof/case_171.csv,non_deployed_completed_decision_support,1267,cac741ee17ff44eb97c6940db3331de6b02dae38ff56d387de37e14c32ef5e9c,cac741ee17ff44eb97c6940db3331de6b02dae38ff56d387de37e14c32ef5e9c,False,
Nuclear_Graphite_Stress_Surrogate/outputs/13_v12_case_adaptive_tail_gain/iteration_1/case_cache/adaptive_oof/case_173.csv,outputs/13_v12_case_adaptive_tail_gain/iteration_1/case_cache/adaptive_oof/case_173.csv,non_deployed_completed_decision_support,1269,f14d0e9361313f4c9aeb93958aedcda557df980bd075a64aa3244cddb286c1e4,f14d0e9361313f4c9aeb93958aedcda557df980bd075a64aa3244cddb286c1e4,False,
Nuclear_Graphite_Stress_Surrogate/outputs/13_v12_case_adaptive_tail_gain/iteration_1/case_cache/adaptive_oof/case_175.csv,outputs/13_v12_case_adaptive_tail_gain/iteration_1/case_cache/adaptive_oof/case_175.csv,non_deployed_completed_decision_support,1256,52130776341c6e8aa1fdc841cbe93dbf9d0521b53d266c925e4a8403627a8fd6,52130776341c6e8aa1fdc841cbe93dbf9d0521b53d266c925e4a8403627a8fd6,False,
Nuclear_Graphite_Stress_Surrogate/outputs/13_v12_case_adaptive_tail_gain/iteration_1/case_cache/adaptive_oof/case_176.csv,outputs/13_v12_case_adaptive_tail_gain/iteration_1/case_cache/adaptive_oof/case_176.csv,non_deployed_completed_decision_support,1260,6eb53a9b1537854edbce3357547e693aee6cbe96e5710502c402d6caab83547f,6eb53a9b1537854edbce3357547e693aee6cbe96e5710502c402d6caab83547f,False,
Nuclear_Graphite_Stress_Surrogate/outputs/13_v12_case_adaptive_tail_gain/iteration_1/case_cache/adaptive_oof/case_179.csv,outputs/13_v12_case_adaptive_tail_gain/iteration_1/case_cache/adaptive_oof/case_179.csv,non_deployed_completed_decision_support,1258,0263f7b0579376cb2011988b61a2d86fcddefac521334e6abbbf43ee3f91cff7,0263f7b0579376cb2011988b61a2d86fcddefac521334e6abbbf43ee3f91cff7,False,
Nuclear_Graphite_Stress_Surrogate/outputs/13_v12_case_adaptive_tail_gain/iteration_1/case_cache/adaptive_oof/case_18.csv,outputs/13_v12_case_adaptive_tail_gain/iteration_1/case_cache/adaptive_oof/case_18.csv,non_deployed_completed_decision_support,1263,e252793234d172fdd5889cc0004996178b6788562f0f781c7cf8ea9210e5291d,e252793234d172fdd5889cc0004996178b6788562f0f781c7cf8ea9210e5291d,False,
Nuclear_Graphite_Stress_Surrogate/outputs/13_v12_case_adaptive_tail_gain/iteration_1/case_cache/adaptive_oof/case_180.csv,outputs/13_v12_case_adaptive_tail_gain/iteration_1/case_cache/adaptive_oof/case_180.csv,non_deployed_completed_decision_support,1258,c3cc1f1bbdf5a90d314db49ce7e6df95ff9aaecee566c108ef8aaada27d88d42,c3cc1f1bbdf5a90d314db49ce7e6df95ff9aaecee566c108ef8aaada27d88d42,False,
Nuclear_Graphite_Stress_Surrogate/outputs/13_v12_case_adaptive_tail_gain/iteration_1/case_cache/adaptive_oof/case_181.csv,outputs/13_v12_case_adaptive_tail_gain/iteration_1/case_cache/adaptive_oof/case_181.csv,non_deployed_completed_decision_support,1273,ea6f2515503f406be7937ba6d98426734a036f190c6c4f9ffc29d8358c84922d,ea6f2515503f406be7937ba6d98426734a036f190c6c4f9ffc29d8358c84922d,False,
Nuclear_Graphite_Stress_Surrogate/outputs/13_v12_case_adaptive_tail_gain/iteration_1/case_cache/adaptive_oof/case_182.csv,outputs/13_v12_case_adaptive_tail_gain/iteration_1/case_cache/adaptive_oof/case_182.csv,non_deployed_completed_decision_support,1260,1b325ce3253baacaad5d659cf8c602af7069fabf3d3cfc2db7928c5614d571a5,1b325ce3253baacaad5d659cf8c602af7069fabf3d3cfc2db7928c5614d571a5,False,
Nuclear_Graphite_Stress_Surrogate/outputs/13_v12_case_adaptive_tail_gain/iteration_1/case_cache/adaptive_oof/case_183.csv,outputs/13_v12_case_adaptive_tail_gain/iteration_1/case_cache/adaptive_oof/case_183.csv,non_deployed_completed_decision_support,1253,502d3f5b657fb6a641bd81b92738b6391dadd1b560654d7c69b46cd39118f570,502d3f5b657fb6a641bd81b92738b6391dadd1b560654d7c69b46cd39118f570,False,
Nuclear_Graphite_Stress_Surrogate/outputs/13_v12_case_adaptive_tail_gain/iteration_1/case_cache/adaptive_oof/case_184.csv,outputs/13_v12_case_adaptive_tail_gain/iteration_1/case_cache/adaptive_oof/case_184.csv,non_deployed_completed_decision_support,1256,cb49ed6fbce364fd3134264a39020c07b20240b8eb8c9b2e7fdb4bde7caa454b,cb49ed6fbce364fd3134264a39020c07b20240b8eb8c9b2e7fdb4bde7caa454b,False,
Nuclear_Graphite_Stress_Surrogate/outputs/13_v12_case_adaptive_tail_gain/iteration_1/case_cache/adaptive_oof/case_185.csv,outputs/13_v12_case_adaptive_tail_gain/iteration_1/case_cache/adaptive_oof/case_185.csv,non_deployed_completed_decision_support,1258,213e8e9acb20fece1021aab081e48f3112de5b53a557844c0c56b26b8062b38b,213e8e9acb20fece1021aab081e48f3112de5b53a557844c0c56b26b8062b38b,False,
Nuclear_Graphite_Stress_Surrogate/outputs/13_v12_case_adaptive_tail_gain/iteration_1/case_cache/adaptive_oof/case_186.csv,outputs/13_v12_case_adaptive_tail_gain/iteration_1/case_cache/adaptive_oof/case_186.csv,non_deployed_completed_decision_support,1256,a5bff7407ec1de6a06bc7107d020be9f582144c22ec78d212ff842091b5f43b6,a5bff7407ec1de6a06bc7107d020be9f582144c22ec78d212ff842091b5f43b6,False,
Nuclear_Graphite_Stress_Surrogate/outputs/13_v12_case_adaptive_tail_gain/iteration_1/case_cache/adaptive_oof/case_187.csv,outputs/13_v12_case_adaptive_tail_gain/iteration_1/case_cache/adaptive_oof/case_187.csv,non_deployed_completed_decision_support,1255,47beb46a561efcd79cc29485e907e034361d80560f04b2097a0d3e64b87bf111,47beb46a561efcd79cc29485e907e034361d80560f04b2097a0d3e64b87bf111,False,
Nuclear_Graphite_Stress_Surrogate/outputs/13_v12_case_adaptive_tail_gain/iteration_1/case_cache/adaptive_oof/case_188.csv,outputs/13_v12_case_adaptive_tail_gain/iteration_1/case_cache/adaptive_oof/case_188.csv,non_deployed_completed_decision_support,1255,2836be75dfb0fec0eecc283774ea182f69ad9c270447236ab75037c08840ab53,2836be75dfb0fec0eecc283774ea182f69ad9c270447236ab75037c08840ab53,False,
Nuclear_Graphite_Stress_Surrogate/outputs/13_v12_case_adaptive_tail_gain/iteration_1/case_cache/adaptive_oof/case_189.csv,outputs/13_v12_case_adaptive_tail_gain/iteration_1/case_cache/adaptive_oof/case_189.csv,non_deployed_completed_decision_support,1278,8c70f7375fa08a4191e9de37c934a7f8a43cd568699445f14c7a5bee469c062e,8c70f7375fa08a4191e9de37c934a7f8a43cd568699445f14c7a5bee469c062e,False,
Nuclear_Graphite_Stress_Surrogate/outputs/13_v12_case_adaptive_tail_gain/iteration_1/case_cache/adaptive_oof/case_19.csv,outputs/13_v12_case_adaptive_tail_gain/iteration_1/case_cache/adaptive_oof/case_19.csv,non_deployed_completed_decision_support,1254,7a2bd644e9ff9e4cc5014990dfc0f641efa72436fb0c8a3dc4e3ef28b93384a8,7a2bd644e9ff9e4cc5014990dfc0f641efa72436fb0c8a3dc4e3ef28b93384a8,False,
Nuclear_Graphite_Stress_Surrogate/outputs/13_v12_case_adaptive_tail_gain/iteration_1/case_cache/adaptive_oof/case_190.csv,outputs/13_v12_case_adaptive_tail_gain/iteration_1/case_cache/adaptive_oof/case_190.csv,non_deployed_completed_decision_support,1256,5eeec513340ac8640f899a26ca86daf290aaa126f94f58d1adc9409d459a8c32,5eeec513340ac8640f899a26ca86daf290aaa126f94f58d1adc9409d459a8c32,False,
Nuclear_Graphite_Stress_Surrogate/outputs/13_v12_case_adaptive_tail_gain/iteration_1/case_cache/adaptive_oof/case_191.csv,outputs/13_v12_case_adaptive_tail_gain/iteration_1/case_cache/adaptive_oof/case_191.csv,non_deployed_completed_decision_support,1252,018ed78a68e03c2d80e08aa9a306a3f90916387f8eadf55d70c43c6ffacf2d28,018ed78a68e03c2d80e08aa9a306a3f90916387f8eadf55d70c43c6ffacf2d28,False,
Nuclear_Graphite_Stress_Surrogate/outputs/13_v12_case_adaptive_tail_gain/iteration_1/case_cache/adaptive_oof/case_192.csv,outputs/13_v12_case_adaptive_tail_gain/iteration_1/case_cache/adaptive_oof/case_192.csv,non_deployed_completed_decision_support,1254,ada3ab1dea89d232d6dc4ba8fe3497ee7671fae47cdbf25eccb8a60ff58b902c,ada3ab1dea89d232d6dc4ba8fe3497ee7671fae47cdbf25eccb8a60ff58b902c,False,
Nuclear_Graphite_Stress_Surrogate/outputs/13_v12_case_adaptive_tail_gain/iteration_1/case_cache/adaptive_oof/case_193.csv,outputs/13_v12_case_adaptive_tail_gain/iteration_1/case_cache/adaptive_oof/case_193.csv,non_deployed_completed_decision_support,1253,a50fab8bbdfdff90b5c26e4200444ac966e278695e1847f42e560d0482441c12,a50fab8bbdfdff90b5c26e4200444ac966e278695e1847f42e560d0482441c12,False,
Nuclear_Graphite_Stress_Surrogate/outputs/13_v12_case_adaptive_tail_gain/iteration_1/case_cache/adaptive_oof/case_194.csv,outputs/13_v12_case_adaptive_tail_gain/iteration_1/case_cache/adaptive_oof/case_194.csv,non_deployed_completed_decision_support,1257,5efeb09bd00720214f3c6ea3ce8a2d76e20b0a6bbfc5e9cffca17698693304c3,5efeb09bd00720214f3c6ea3ce8a2d76e20b0a6bbfc5e9cffca17698693304c3,False,
Nuclear_Graphite_Stress_Surrogate/outputs/13_v12_case_adaptive_tail_gain/iteration_1/case_cache/adaptive_oof/case_195.csv,outputs/13_v12_case_adaptive_tail_gain/iteration_1/case_cache/adaptive_oof/case_195.csv,non_deployed_completed_decision_support,1275,a154a582131de186d9c264224d87295bf6fe3ed46b57f02bcb6443761ffbcdff,a154a582131de186d9c264224d87295bf6fe3ed46b57f02bcb6443761ffbcdff,False,
Nuclear_Graphite_Stress_Surrogate/outputs/13_v12_case_adaptive_tail_gain/iteration_1/case_cache/adaptive_oof/case_196.csv,outputs/13_v12_case_adaptive_tail_gain/iteration_1/case_cache/adaptive_oof/case_196.csv,non_deployed_completed_decision_support,1267,c5076833cdb1c70d60d84afb535b56731d170d837c92cb884affab7050093125,c5076833cdb1c70d60d84afb535b56731d170d837c92cb884affab7050093125,False,
Nuclear_Graphite_Stress_Surrogate/outputs/13_v12_case_adaptive_tail_gain/iteration_1/case_cache/adaptive_oof/case_197.csv,outputs/13_v12_case_adaptive_tail_gain/iteration_1/case_cache/adaptive_oof/case_197.csv,non_deployed_completed_decision_support,1265,8bb5cb5c576aa44bd961fd939b0c568b1cedbd2237b7f2708d9653c7a569eb0e,8bb5cb5c576aa44bd961fd939b0c568b1cedbd2237b7f2708d9653c7a569eb0e,False,
Nuclear_Graphite_Stress_Surrogate/outputs/13_v12_case_adaptive_tail_gain/iteration_1/case_cache/adaptive_oof/case_199.csv,outputs/13_v12_case_adaptive_tail_gain/iteration_1/case_cache/adaptive_oof/case_199.csv,non_deployed_completed_decision_support,1263,3fc10ca06d63e057ae94fbf4b1bebb78e8d370c4509784cf2e358c6e921ccec1,3fc10ca06d63e057ae94fbf4b1bebb78e8d370c4509784cf2e358c6e921ccec1,False,
Nuclear_Graphite_Stress_Surrogate/outputs/13_v12_case_adaptive_tail_gain/iteration_1/case_cache/adaptive_oof/case_20.csv,outputs/13_v12_case_adaptive_tail_gain/iteration_1/case_cache/adaptive_oof/case_20.csv,non_deployed_completed_decision_support,1255,d5a04db8784b5cce0b216cc683f531af1450b237af80d9870fc049900067e4df,d5a04db8784b5cce0b216cc683f531af1450b237af80d9870fc049900067e4df,False,
Nuclear_Graphite_Stress_Surrogate/outputs/13_v12_case_adaptive_tail_gain/iteration_1/case_cache/adaptive_oof/case_200.csv,outputs/13_v12_case_adaptive_tail_gain/iteration_1/case_cache/adaptive_oof/case_200.csv,non_deployed_completed_decision_support,1256,b838da7117a79d9d6e126cb60edda495df9e597fc9b5ab411980dd70c58b5ab4,b838da7117a79d9d6e126cb60edda495df9e597fc9b5ab411980dd70c58b5ab4,False,
Nuclear_Graphite_Stress_Surrogate/outputs/13_v12_case_adaptive_tail_gain/iteration_1/case_cache/adaptive_oof/case_21.csv,outputs/13_v12_case_adaptive_tail_gain/iteration_1/case_cache/adaptive_oof/case_21.csv,non_deployed_completed_decision_support,1251,0e8d43c820eb2b580ce8f1edfd856cc66e7a76946aba6c93d01c58981e40c8da,0e8d43c820eb2b580ce8f1edfd856cc66e7a76946aba6c93d01c58981e40c8da,False,
Nuclear_Graphite_Stress_Surrogate/outputs/13_v12_case_adaptive_tail_gain/iteration_1/case_cache/adaptive_oof/case_24.csv,outputs/13_v12_case_adaptive_tail_gain/iteration_1/case_cache/adaptive_oof/case_24.csv,non_deployed_completed_decision_support,1245,fb33d2a440d12963a07ce1c821f3c0d86cee1f665c7318e77665d08afe218ded,fb33d2a440d12963a07ce1c821f3c0d86cee1f665c7318e77665d08afe218ded,False,
Nuclear_Graphite_Stress_Surrogate/outputs/13_v12_case_adaptive_tail_gain/iteration_1/case_cache/adaptive_oof/case_27.csv,outputs/13_v12_case_adaptive_tail_gain/iteration_1/case_cache/adaptive_oof/case_27.csv,non_deployed_completed_decision_support,1255,387e7e9db0277ab8bd23194992df0455b787caed309ca595bf39d1f96086177c,387e7e9db0277ab8bd23194992df0455b787caed309ca595bf39d1f96086177c,False,
Nuclear_Graphite_Stress_Surrogate/outputs/13_v12_case_adaptive_tail_gain/iteration_1/case_cache/adaptive_oof/case_28.csv,outputs/13_v12_case_adaptive_tail_gain/iteration_1/case_cache/adaptive_oof/case_28.csv,non_deployed_completed_decision_support,1264,9c7179733e0ff81d7cade44f5b6d73a4654b289031c0dea7d2ba9b06ff2a110b,9c7179733e0ff81d7cade44f5b6d73a4654b289031c0dea7d2ba9b06ff2a110b,False,
Nuclear_Graphite_Stress_Surrogate/outputs/13_v12_case_adaptive_tail_gain/iteration_1/case_cache/adaptive_oof/case_29.csv,outputs/13_v12_case_adaptive_tail_gain/iteration_1/case_cache/adaptive_oof/case_29.csv,non_deployed_completed_decision_support,1244,03b961aee62541abc1702e1a7fa100e558102c0e5f6ff136cc55e3e620d42a0a,03b961aee62541abc1702e1a7fa100e558102c0e5f6ff136cc55e3e620d42a0a,False,
Nuclear_Graphite_Stress_Surrogate/outputs/13_v12_case_adaptive_tail_gain/iteration_1/case_cache/adaptive_oof/case_32.csv,outputs/13_v12_case_adaptive_tail_gain/iteration_1/case_cache/adaptive_oof/case_32.csv,non_deployed_completed_decision_support,1261,617413bfae44bf643cda23b207c9de181d35bb2de3b890ed6107b80ac897e5f8,617413bfae44bf643cda23b207c9de181d35bb2de3b890ed6107b80ac897e5f8,False,
Nuclear_Graphite_Stress_Surrogate/outputs/13_v12_case_adaptive_tail_gain/iteration_1/case_cache/adaptive_oof/case_34.csv,outputs/13_v12_case_adaptive_tail_gain/iteration_1/case_cache/adaptive_oof/case_34.csv,non_deployed_completed_decision_support,1260,45e78efe67db9761003d131c1158e8481d0423bec65c68da76f38909328d9d7d,45e78efe67db9761003d131c1158e8481d0423bec65c68da76f38909328d9d7d,False,
Nuclear_Graphite_Stress_Surrogate/outputs/13_v12_case_adaptive_tail_gain/iteration_1/case_cache/adaptive_oof/case_35.csv,outputs/13_v12_case_adaptive_tail_gain/iteration_1/case_cache/adaptive_oof/case_35.csv,non_deployed_completed_decision_support,1255,87edbbdb9fba496076dc83c521e543d69f67fa21a5298f7393088489f334cb5b,87edbbdb9fba496076dc83c521e543d69f67fa21a5298f7393088489f334cb5b,False,
Nuclear_Graphite_Stress_Surrogate/outputs/13_v12_case_adaptive_tail_gain/iteration_1/case_cache/adaptive_oof/case_36.csv,outputs/13_v12_case_adaptive_tail_gain/iteration_1/case_cache/adaptive_oof/case_36.csv,non_deployed_completed_decision_support,1272,f2f36a235fd2aca1d81d8fba0ff417096bdd98efcd1826c8fb650761cb6e09d4,f2f36a235fd2aca1d81d8fba0ff417096bdd98efcd1826c8fb650761cb6e09d4,False,
Nuclear_Graphite_Stress_Surrogate/outputs/13_v12_case_adaptive_tail_gain/iteration_1/case_cache/adaptive_oof/case_39.csv,outputs/13_v12_case_adaptive_tail_gain/iteration_1/case_cache/adaptive_oof/case_39.csv,non_deployed_completed_decision_support,1257,9d3cacd1149263e96ed95b21083f299c1efefb6abd1e2639d7db211664bcf150,9d3cacd1149263e96ed95b21083f299c1efefb6abd1e2639d7db211664bcf150,False,
Nuclear_Graphite_Stress_Surrogate/outputs/13_v12_case_adaptive_tail_gain/iteration_1/case_cache/adaptive_oof/case_40.csv,outputs/13_v12_case_adaptive_tail_gain/iteration_1/case_cache/adaptive_oof/case_40.csv,non_deployed_completed_decision_support,1252,6a4c18c5e6cae411502eab42be0e3944b51b4f01fc44d0ae02914f0c1d0185bd,6a4c18c5e6cae411502eab42be0e3944b51b4f01fc44d0ae02914f0c1d0185bd,False,
Nuclear_Graphite_Stress_Surrogate/outputs/13_v12_case_adaptive_tail_gain/iteration_1/case_cache/adaptive_oof/case_42.csv,outputs/13_v12_case_adaptive_tail_gain/iteration_1/case_cache/adaptive_oof/case_42.csv,non_deployed_completed_decision_support,1255,c7d5b13ce113406be2de4cc7c7d4387a4e83bda0328c259ce3246119d15942e0,c7d5b13ce113406be2de4cc7c7d4387a4e83bda0328c259ce3246119d15942e0,False,
Nuclear_Graphite_Stress_Surrogate/outputs/13_v12_case_adaptive_tail_gain/iteration_1/case_cache/adaptive_oof/case_43.csv,outputs/13_v12_case_adaptive_tail_gain/iteration_1/case_cache/adaptive_oof/case_43.csv,non_deployed_completed_decision_support,1239,e1bd5a1e60e1cb590dce45a6c4e0f0bac343621b66fe55a58674d4369f6a4a92,e1bd5a1e60e1cb590dce45a6c4e0f0bac343621b66fe55a58674d4369f6a4a92,False,
Nuclear_Graphite_Stress_Surrogate/outputs/13_v12_case_adaptive_tail_gain/iteration_1/case_cache/adaptive_oof/case_44.csv,outputs/13_v12_case_adaptive_tail_gain/iteration_1/case_cache/adaptive_oof/case_44.csv,non_deployed_completed_decision_support,1258,e3f476388e4c4dd9caec6f8d642ccd4bd997b47f0b3d46360fb8805ce558edc2,e3f476388e4c4dd9caec6f8d642ccd4bd997b47f0b3d46360fb8805ce558edc2,False,
Nuclear_Graphite_Stress_Surrogate/outputs/13_v12_case_adaptive_tail_gain/iteration_1/case_cache/adaptive_oof/case_45.csv,outputs/13_v12_case_adaptive_tail_gain/iteration_1/case_cache/adaptive_oof/case_45.csv,non_deployed_completed_decision_support,1283,4b645488796ff1a05159ab7ae6da806fc0f5f0ba5255ad1427aeba2963b2a99f,4b645488796ff1a05159ab7ae6da806fc0f5f0ba5255ad1427aeba2963b2a99f,False,
Nuclear_Graphite_Stress_Surrogate/outputs/13_v12_case_adaptive_tail_gain/iteration_1/case_cache/adaptive_oof/case_47.csv,outputs/13_v12_case_adaptive_tail_gain/iteration_1/case_cache/adaptive_oof/case_47.csv,non_deployed_completed_decision_support,1256,4562ff3de7bd8a5817284b8333677124aa4054c44f0e04f0b37692dd779b6d6b,4562ff3de7bd8a5817284b8333677124aa4054c44f0e04f0b37692dd779b6d6b,False,
Nuclear_Graphite_Stress_Surrogate/outputs/13_v12_case_adaptive_tail_gain/iteration_1/case_cache/adaptive_oof/case_48.csv,outputs/13_v12_case_adaptive_tail_gain/iteration_1/case_cache/adaptive_oof/case_48.csv,non_deployed_completed_decision_support,1255,ee539ad0666bb0945d40212ea3bb4806e9a65f8fef97ac6e9e044e849845795a,ee539ad0666bb0945d40212ea3bb4806e9a65f8fef97ac6e9e044e849845795a,False,
Nuclear_Graphite_Stress_Surrogate/outputs/13_v12_case_adaptive_tail_gain/iteration_1/case_cache/adaptive_oof/case_49.csv,outputs/13_v12_case_adaptive_tail_gain/iteration_1/case_cache/adaptive_oof/case_49.csv,non_deployed_completed_decision_support,1258,baf3d21507907ebf284de75be5d4750dcec3c34b1b91018c3b56c73c472a2368,baf3d21507907ebf284de75be5d4750dcec3c34b1b91018c3b56c73c472a2368,False,
Nuclear_Graphite_Stress_Surrogate/outputs/13_v12_case_adaptive_tail_gain/iteration_1/case_cache/adaptive_oof/case_51.csv,outputs/13_v12_case_adaptive_tail_gain/iteration_1/case_cache/adaptive_oof/case_51.csv,non_deployed_completed_decision_support,1244,cc16a61f97e343a5aa6217cd60a1d7f618ed7b9cef5d34f97a8f59dc7f274736,cc16a61f97e343a5aa6217cd60a1d7f618ed7b9cef5d34f97a8f59dc7f274736,False,
Nuclear_Graphite_Stress_Surrogate/outputs/13_v12_case_adaptive_tail_gain/iteration_1/case_cache/adaptive_oof/case_52.csv,outputs/13_v12_case_adaptive_tail_gain/iteration_1/case_cache/adaptive_oof/case_52.csv,non_deployed_completed_decision_support,1254,b23133a4ce37d98189dc820002f3df20d7a4ced0469bfab9b5ba6161f870708b,b23133a4ce37d98189dc820002f3df20d7a4ced0469bfab9b5ba6161f870708b,False,
Nuclear_Graphite_Stress_Surrogate/outputs/13_v12_case_adaptive_tail_gain/iteration_1/case_cache/adaptive_oof/case_54.csv,outputs/13_v12_case_adaptive_tail_gain/iteration_1/case_cache/adaptive_oof/case_54.csv,non_deployed_completed_decision_support,1260,92d36a69ff5d96650a0944e18e5f6293c78a36518e780fabe94d52e8a33aaac6,92d36a69ff5d96650a0944e18e5f6293c78a36518e780fabe94d52e8a33aaac6,False,
Nuclear_Graphite_Stress_Surrogate/outputs/13_v12_case_adaptive_tail_gain/iteration_1/case_cache/adaptive_oof/case_56.csv,outputs/13_v12_case_adaptive_tail_gain/iteration_1/case_cache/adaptive_oof/case_56.csv,non_deployed_completed_decision_support,1238,50cacf5d8f6b323b06622e2fe6de118f053dc8bd2ba89f490fbb99c9aa992cf7,50cacf5d8f6b323b06622e2fe6de118f053dc8bd2ba89f490fbb99c9aa992cf7,False,
Nuclear_Graphite_Stress_Surrogate/outputs/13_v12_case_adaptive_tail_gain/iteration_1/case_cache/adaptive_oof/case_57.csv,outputs/13_v12_case_adaptive_tail_gain/iteration_1/case_cache/adaptive_oof/case_57.csv,non_deployed_completed_decision_support,1264,1ba4d1077a1a00f510af4d3f036e7277fd7ab05a0459a6f37809cc7feca8ff01,1ba4d1077a1a00f510af4d3f036e7277fd7ab05a0459a6f37809cc7feca8ff01,False,
Nuclear_Graphite_Stress_Surrogate/outputs/13_v12_case_adaptive_tail_gain/iteration_1/case_cache/adaptive_oof/case_58.csv,outputs/13_v12_case_adaptive_tail_gain/iteration_1/case_cache/adaptive_oof/case_58.csv,non_deployed_completed_decision_support,1252,95d1465ff584dda7b7fca4dfbe8e6c98b524e3268794d7e078dbb488d58b1306,95d1465ff584dda7b7fca4dfbe8e6c98b524e3268794d7e078dbb488d58b1306,False,
Nuclear_Graphite_Stress_Surrogate/outputs/13_v12_case_adaptive_tail_gain/iteration_1/case_cache/adaptive_oof/case_59.csv,outputs/13_v12_case_adaptive_tail_gain/iteration_1/case_cache/adaptive_oof/case_59.csv,non_deployed_completed_decision_support,1253,13a7faf96a2ed28ecbf6396fe53f1c9544e8edcac97f6931a49158433380ed7c,13a7faf96a2ed28ecbf6396fe53f1c9544e8edcac97f6931a49158433380ed7c,False,
Nuclear_Graphite_Stress_Surrogate/outputs/13_v12_case_adaptive_tail_gain/iteration_1/case_cache/adaptive_oof/case_60.csv,outputs/13_v12_case_adaptive_tail_gain/iteration_1/case_cache/adaptive_oof/case_60.csv,non_deployed_completed_decision_support,1257,389b4a4317c3c5de10f8ee44e66a1b8027a5f33dd7521482ed0666c03029adda,389b4a4317c3c5de10f8ee44e66a1b8027a5f33dd7521482ed0666c03029adda,False,
Nuclear_Graphite_Stress_Surrogate/outputs/13_v12_case_adaptive_tail_gain/iteration_1/case_cache/adaptive_oof/case_61.csv,outputs/13_v12_case_adaptive_tail_gain/iteration_1/case_cache/adaptive_oof/case_61.csv,non_deployed_completed_decision_support,1252,ef680bafd501398336ef8a0fab008b7b16ebf1964b7bfb0f38ac6b4144947492,ef680bafd501398336ef8a0fab008b7b16ebf1964b7bfb0f38ac6b4144947492,False,
Nuclear_Graphite_Stress_Surrogate/outputs/13_v12_case_adaptive_tail_gain/iteration_1/case_cache/adaptive_oof/case_62.csv,outputs/13_v12_case_adaptive_tail_gain/iteration_1/case_cache/adaptive_oof/case_62.csv,non_deployed_completed_decision_support,1242,22c158aeec2bee5bd3cd4b689d09b30615ce395f33fa6795dd3e46bfdd17ba5e,22c158aeec2bee5bd3cd4b689d09b30615ce395f33fa6795dd3e46bfdd17ba5e,False,
Nuclear_Graphite_Stress_Surrogate/outputs/13_v12_case_adaptive_tail_gain/iteration_1/case_cache/adaptive_oof/case_63.csv,outputs/13_v12_case_adaptive_tail_gain/iteration_1/case_cache/adaptive_oof/case_63.csv,non_deployed_completed_decision_support,1268,c0fa1188911ef96b75f740e4bf377534c12ede26725b7dcbc97244e432f6cd19,c0fa1188911ef96b75f740e4bf377534c12ede26725b7dcbc97244e432f6cd19,False,
Nuclear_Graphite_Stress_Surrogate/outputs/13_v12_case_adaptive_tail_gain/iteration_1/case_cache/adaptive_oof/case_64.csv,outputs/13_v12_case_adaptive_tail_gain/iteration_1/case_cache/adaptive_oof/case_64.csv,non_deployed_completed_decision_support,1257,8e679ff5586f357af6d26d39a9bc3e1a3cd80e30491215f237f066980adb9082,8e679ff5586f357af6d26d39a9bc3e1a3cd80e30491215f237f066980adb9082,False,
Nuclear_Graphite_Stress_Surrogate/outputs/13_v12_case_adaptive_tail_gain/iteration_1/case_cache/adaptive_oof/case_66.csv,outputs/13_v12_case_adaptive_tail_gain/iteration_1/case_cache/adaptive_oof/case_66.csv,non_deployed_completed_decision_support,1250,d1afe81c50e93718015775e169b5111b6b1c52766590d40cf60dc3f7e27daa86,d1afe81c50e93718015775e169b5111b6b1c52766590d40cf60dc3f7e27daa86,False,
Nuclear_Graphite_Stress_Surrogate/outputs/13_v12_case_adaptive_tail_gain/iteration_1/case_cache/adaptive_oof/case_67.csv,outputs/13_v12_case_adaptive_tail_gain/iteration_1/case_cache/adaptive_oof/case_67.csv,non_deployed_completed_decision_support,1259,26f954d82deba9fae6f0aa5ecf1fa5593c95b8873f57e6851de64e54d341483b,26f954d82deba9fae6f0aa5ecf1fa5593c95b8873f57e6851de64e54d341483b,False,
Nuclear_Graphite_Stress_Surrogate/outputs/13_v12_case_adaptive_tail_gain/iteration_1/case_cache/adaptive_oof/case_68.csv,outputs/13_v12_case_adaptive_tail_gain/iteration_1/case_cache/adaptive_oof/case_68.csv,non_deployed_completed_decision_support,1272,4531e4397b287cd819ab6fff3bdad33892a014b7b017d1a10a629d232dedffb4,4531e4397b287cd819ab6fff3bdad33892a014b7b017d1a10a629d232dedffb4,False,
Nuclear_Graphite_Stress_Surrogate/outputs/13_v12_case_adaptive_tail_gain/iteration_1/case_cache/adaptive_oof/case_69.csv,outputs/13_v12_case_adaptive_tail_gain/iteration_1/case_cache/adaptive_oof/case_69.csv,non_deployed_completed_decision_support,1260,cd2b287c99cbdb8524486f311aa12629827a674b7376396e476957d54107f3a0,cd2b287c99cbdb8524486f311aa12629827a674b7376396e476957d54107f3a0,False,
Nuclear_Graphite_Stress_Surrogate/outputs/13_v12_case_adaptive_tail_gain/iteration_1/case_cache/adaptive_oof/case_71.csv,outputs/13_v12_case_adaptive_tail_gain/iteration_1/case_cache/adaptive_oof/case_71.csv,non_deployed_completed_decision_support,1267,1eba518a3196345b7f99b376d1652bb0dbfbfd3eb2faefbd379ce293130ca194,1eba518a3196345b7f99b376d1652bb0dbfbfd3eb2faefbd379ce293130ca194,False,
Nuclear_Graphite_Stress_Surrogate/outputs/13_v12_case_adaptive_tail_gain/iteration_1/case_cache/adaptive_oof/case_72.csv,outputs/13_v12_case_adaptive_tail_gain/iteration_1/case_cache/adaptive_oof/case_72.csv,non_deployed_completed_decision_support,1235,f3a51ee1ffcc598922afd59789454400d55ec42c23720614955392dfdaf5cf1b,f3a51ee1ffcc598922afd59789454400d55ec42c23720614955392dfdaf5cf1b,False,
Nuclear_Graphite_Stress_Surrogate/outputs/13_v12_case_adaptive_tail_gain/iteration_1/case_cache/adaptive_oof/case_73.csv,outputs/13_v12_case_adaptive_tail_gain/iteration_1/case_cache/adaptive_oof/case_73.csv,non_deployed_completed_decision_support,1234,2786f8d699ebb8e2ad704f67390da4e8f701efce94c1288d78f28edd31c74fde,2786f8d699ebb8e2ad704f67390da4e8f701efce94c1288d78f28edd31c74fde,False,
Nuclear_Graphite_Stress_Surrogate/outputs/13_v12_case_adaptive_tail_gain/iteration_1/case_cache/adaptive_oof/case_74.csv,outputs/13_v12_case_adaptive_tail_gain/iteration_1/case_cache/adaptive_oof/case_74.csv,non_deployed_completed_decision_support,1259,fc94e49153e0229293c3de1765e4c91815e00327c35092ce228da6d7f75f4405,fc94e49153e0229293c3de1765e4c91815e00327c35092ce228da6d7f75f4405,False,
Nuclear_Graphite_Stress_Surrogate/outputs/13_v12_case_adaptive_tail_gain/iteration_1/case_cache/adaptive_oof/case_75.csv,outputs/13_v12_case_adaptive_tail_gain/iteration_1/case_cache/adaptive_oof/case_75.csv,non_deployed_completed_decision_support,1255,057a55f046ff1f09ad969a594bb0d9a3d8b7477fdb870c57f37cc4cbbf42f00f,057a55f046ff1f09ad969a594bb0d9a3d8b7477fdb870c57f37cc4cbbf42f00f,False,
Nuclear_Graphite_Stress_Surrogate/outputs/13_v12_case_adaptive_tail_gain/iteration_1/case_cache/adaptive_oof/case_77.csv,outputs/13_v12_case_adaptive_tail_gain/iteration_1/case_cache/adaptive_oof/case_77.csv,non_deployed_completed_decision_support,1255,351ce03c16e77739c22f5ee54ba366f2da027d06b94b09b733ee89bde3fc8791,351ce03c16e77739c22f5ee54ba366f2da027d06b94b09b733ee89bde3fc8791,False,
Nuclear_Graphite_Stress_Surrogate/outputs/13_v12_case_adaptive_tail_gain/iteration_1/case_cache/adaptive_oof/case_78.csv,outputs/13_v12_case_adaptive_tail_gain/iteration_1/case_cache/adaptive_oof/case_78.csv,non_deployed_completed_decision_support,1258,c6fcc72e45f4576c8d606486e46572a500ff49ab26b78e44346501d2d6a91b25,c6fcc72e45f4576c8d606486e46572a500ff49ab26b78e44346501d2d6a91b25,False,
Nuclear_Graphite_Stress_Surrogate/outputs/13_v12_case_adaptive_tail_gain/iteration_1/case_cache/adaptive_oof/case_79.csv,outputs/13_v12_case_adaptive_tail_gain/iteration_1/case_cache/adaptive_oof/case_79.csv,non_deployed_completed_decision_support,1259,04d9684bf6a3fa552694fedaec5cf38de35e322248766a1087df3ae6e9d41014,04d9684bf6a3fa552694fedaec5cf38de35e322248766a1087df3ae6e9d41014,False,
Nuclear_Graphite_Stress_Surrogate/outputs/13_v12_case_adaptive_tail_gain/iteration_1/case_cache/adaptive_oof/case_81.csv,outputs/13_v12_case_adaptive_tail_gain/iteration_1/case_cache/adaptive_oof/case_81.csv,non_deployed_completed_decision_support,1261,e77aabe049a62925f6b672f044963de948d480230a451d0d8e50c5b2ce79eebd,e77aabe049a62925f6b672f044963de948d480230a451d0d8e50c5b2ce79eebd,False,
Nuclear_Graphite_Stress_Surrogate/outputs/13_v12_case_adaptive_tail_gain/iteration_1/case_cache/adaptive_oof/case_82.csv,outputs/13_v12_case_adaptive_tail_gain/iteration_1/case_cache/adaptive_oof/case_82.csv,non_deployed_completed_decision_support,1262,63d045fab4b121e7ae0a7e496bc9702a864b666d41592ea77e3a9e37f4cb040a,63d045fab4b121e7ae0a7e496bc9702a864b666d41592ea77e3a9e37f4cb040a,False,
Nuclear_Graphite_Stress_Surrogate/outputs/13_v12_case_adaptive_tail_gain/iteration_1/case_cache/adaptive_oof/case_83.csv,outputs/13_v12_case_adaptive_tail_gain/iteration_1/case_cache/adaptive_oof/case_83.csv,non_deployed_completed_decision_support,1266,a0a03d8a3c143e1764431aeb9d64ca217d9560467c24b40653dcdb3ae87c7b6a,a0a03d8a3c143e1764431aeb9d64ca217d9560467c24b40653dcdb3ae87c7b6a,False,
Nuclear_Graphite_Stress_Surrogate/outputs/13_v12_case_adaptive_tail_gain/iteration_1/case_cache/adaptive_oof/case_84.csv,outputs/13_v12_case_adaptive_tail_gain/iteration_1/case_cache/adaptive_oof/case_84.csv,non_deployed_completed_decision_support,1255,51164d35b4d5fc2fd6e70ccda82180892d6045cc563941cdbd83d9651eb68742,51164d35b4d5fc2fd6e70ccda82180892d6045cc563941cdbd83d9651eb68742,False,
Nuclear_Graphite_Stress_Surrogate/outputs/13_v12_case_adaptive_tail_gain/iteration_1/case_cache/adaptive_oof/case_85.csv,outputs/13_v12_case_adaptive_tail_gain/iteration_1/case_cache/adaptive_oof/case_85.csv,non_deployed_completed_decision_support,1256,bc865eedf2c5c2bd7995a08fbc66c5da52399eab1c7705a7d9f85ef97bd0ddc6,bc865eedf2c5c2bd7995a08fbc66c5da52399eab1c7705a7d9f85ef97bd0ddc6,False,
Nuclear_Graphite_Stress_Surrogate/outputs/13_v12_case_adaptive_tail_gain/iteration_1/case_cache/adaptive_oof/case_86.csv,outputs/13_v12_case_adaptive_tail_gain/iteration_1/case_cache/adaptive_oof/case_86.csv,non_deployed_completed_decision_support,1260,1dca08092877799cf0c953b8d95d8b0b4d437471b222df94826d893bf5554b5b,1dca08092877799cf0c953b8d95d8b0b4d437471b222df94826d893bf5554b5b,False,
Nuclear_Graphite_Stress_Surrogate/outputs/13_v12_case_adaptive_tail_gain/iteration_1/case_cache/adaptive_oof/case_87.csv,outputs/13_v12_case_adaptive_tail_gain/iteration_1/case_cache/adaptive_oof/case_87.csv,non_deployed_completed_decision_support,1278,b17076702ca8f33f2b888d3efb4e612e26ff365718687cab63298c084975aa16,b17076702ca8f33f2b888d3efb4e612e26ff365718687cab63298c084975aa16,False,
Nuclear_Graphite_Stress_Surrogate/outputs/13_v12_case_adaptive_tail_gain/iteration_1/case_cache/adaptive_oof/case_89.csv,outputs/13_v12_case_adaptive_tail_gain/iteration_1/case_cache/adaptive_oof/case_89.csv,non_deployed_completed_decision_support,1259,4678e222d6f86360578ead0337c84fa317785b2332e227e252043c8734b990dd,4678e222d6f86360578ead0337c84fa317785b2332e227e252043c8734b990dd,False,
Nuclear_Graphite_Stress_Surrogate/outputs/13_v12_case_adaptive_tail_gain/iteration_1/case_cache/adaptive_oof/case_91.csv,outputs/13_v12_case_adaptive_tail_gain/iteration_1/case_cache/adaptive_oof/case_91.csv,non_deployed_completed_decision_support,1256,9d7d60b89d67abbb3e00691c89746784b6c4d25f4a04f818d20670dcbee9b1cf,9d7d60b89d67abbb3e00691c89746784b6c4d25f4a04f818d20670dcbee9b1cf,False,
Nuclear_Graphite_Stress_Surrogate/outputs/13_v12_case_adaptive_tail_gain/iteration_1/case_cache/adaptive_oof/case_92.csv,outputs/13_v12_case_adaptive_tail_gain/iteration_1/case_cache/adaptive_oof/case_92.csv,non_deployed_completed_decision_support,1270,a7dbf1f5b1ffd4db5612f87954ff74cbd50b59080f0cac24256a2df50ca73c1a,a7dbf1f5b1ffd4db5612f87954ff74cbd50b59080f0cac24256a2df50ca73c1a,False,
Nuclear_Graphite_Stress_Surrogate/outputs/13_v12_case_adaptive_tail_gain/iteration_1/case_cache/adaptive_oof/case_93.csv,outputs/13_v12_case_adaptive_tail_gain/iteration_1/case_cache/adaptive_oof/case_93.csv,non_deployed_completed_decision_support,1260,de54641c0a01bef57330fb3fc0e6b74302fd558ad68da95341d9429aa3258d1b,de54641c0a01bef57330fb3fc0e6b74302fd558ad68da95341d9429aa3258d1b,False,
Nuclear_Graphite_Stress_Surrogate/outputs/13_v12_case_adaptive_tail_gain/iteration_1/case_cache/adaptive_oof/case_94.csv,outputs/13_v12_case_adaptive_tail_gain/iteration_1/case_cache/adaptive_oof/case_94.csv,non_deployed_completed_decision_support,1256,c2d873e13e68e35b36756095c23a5f6fcb2d58b61107e580e302cf9650b1e89d,c2d873e13e68e35b36756095c23a5f6fcb2d58b61107e580e302cf9650b1e89d,False,
Nuclear_Graphite_Stress_Surrogate/outputs/13_v12_case_adaptive_tail_gain/iteration_1/case_cache/adaptive_oof/case_95.csv,outputs/13_v12_case_adaptive_tail_gain/iteration_1/case_cache/adaptive_oof/case_95.csv,non_deployed_completed_decision_support,1271,b004bce405e2b51fafea520f1f464a436acd89ec6e932b5acc35497f1a3a8e2e,b004bce405e2b51fafea520f1f464a436acd89ec6e932b5acc35497f1a3a8e2e,False,
Nuclear_Graphite_Stress_Surrogate/outputs/13_v12_case_adaptive_tail_gain/iteration_1/case_cache/adaptive_oof/case_96.csv,outputs/13_v12_case_adaptive_tail_gain/iteration_1/case_cache/adaptive_oof/case_96.csv,non_deployed_completed_decision_support,1249,21660ef56e00435c08df99ef85c656412d28d6a8f5115b3bf6f271adddb177c3,21660ef56e00435c08df99ef85c656412d28d6a8f5115b3bf6f271adddb177c3,False,
Nuclear_Graphite_Stress_Surrogate/outputs/13_v12_case_adaptive_tail_gain/iteration_1/case_cache/adaptive_oof/case_97.csv,outputs/13_v12_case_adaptive_tail_gain/iteration_1/case_cache/adaptive_oof/case_97.csv,non_deployed_completed_decision_support,1255,42f704bc275039cda305dbf30eacc1fa5437c049eb2292f40d9f36e6ba61ace7,42f704bc275039cda305dbf30eacc1fa5437c049eb2292f40d9f36e6ba61ace7,False,
Nuclear_Graphite_Stress_Surrogate/outputs/13_v12_case_adaptive_tail_gain/iteration_1/case_cache/adaptive_oof/case_98.csv,outputs/13_v12_case_adaptive_tail_gain/iteration_1/case_cache/adaptive_oof/case_98.csv,non_deployed_completed_decision_support,1267,34087956827c0df5026a1b4860e4c18a6d8863a0dcc6b66f947691e28e0a2787,34087956827c0df5026a1b4860e4c18a6d8863a0dcc6b66f947691e28e0a2787,False,
Nuclear_Graphite_Stress_Surrogate/outputs/13_v12_case_adaptive_tail_gain/iteration_1/case_cache/adaptive_oof/case_99.csv,outputs/13_v12_case_adaptive_tail_gain/iteration_1/case_cache/adaptive_oof/case_99.csv,non_deployed_completed_decision_support,1266,824b643ee36cbaeeed7042574cd68ce92b1930a9c0036a8caa8feaa6d8918a3e,824b643ee36cbaeeed7042574cd68ce92b1930a9c0036a8caa8feaa6d8918a3e,False,
Nuclear_Graphite_Stress_Surrogate/outputs/13_v12_case_adaptive_tail_gain/iteration_1/case_cache/oracle_grid/case_01.csv,outputs/13_v12_case_adaptive_tail_gain/iteration_1/case_cache/oracle_grid/case_01.csv,non_deployed_completed_decision_support,42844,633e2067cd9447ce623d497255b6437a1743a290739da87501cd0cc7a80ee3d4,633e2067cd9447ce623d497255b6437a1743a290739da87501cd0cc7a80ee3d4,False,
Nuclear_Graphite_Stress_Surrogate/outputs/13_v12_case_adaptive_tail_gain/iteration_1/case_cache/oracle_grid/case_06.csv,outputs/13_v12_case_adaptive_tail_gain/iteration_1/case_cache/oracle_grid/case_06.csv,non_deployed_completed_decision_support,42972,7888c29dbdf3d4b46dc0543726eb7db84adaa0743a51a51725d479cf2c75df25,7888c29dbdf3d4b46dc0543726eb7db84adaa0743a51a51725d479cf2c75df25,False,
Nuclear_Graphite_Stress_Surrogate/outputs/13_v12_case_adaptive_tail_gain/iteration_1/case_cache/oracle_grid/case_10.csv,outputs/13_v12_case_adaptive_tail_gain/iteration_1/case_cache/oracle_grid/case_10.csv,non_deployed_completed_decision_support,42843,6e2c684c8434effd4aa885e75b2c37e5b30073abca66a0d21380abd3435813df,6e2c684c8434effd4aa885e75b2c37e5b30073abca66a0d21380abd3435813df,False,
Nuclear_Graphite_Stress_Surrogate/outputs/13_v12_case_adaptive_tail_gain/iteration_1/case_cache/oracle_grid/case_100.csv,outputs/13_v12_case_adaptive_tail_gain/iteration_1/case_cache/oracle_grid/case_100.csv,non_deployed_completed_decision_support,42724,bc140e1a17b9032468a4b0412db2502254763e0e411ae3e143c7e95a10eebddf,bc140e1a17b9032468a4b0412db2502254763e0e411ae3e143c7e95a10eebddf,False,
Nuclear_Graphite_Stress_Surrogate/outputs/13_v12_case_adaptive_tail_gain/iteration_1/case_cache/oracle_grid/case_101.csv,outputs/13_v12_case_adaptive_tail_gain/iteration_1/case_cache/oracle_grid/case_101.csv,non_deployed_completed_decision_support,43058,fd0d543c23335a4c803e34a0e0a16a71eb09734d3c690cae7dfe8cb0c84a34a3,fd0d543c23335a4c803e34a0e0a16a71eb09734d3c690cae7dfe8cb0c84a34a3,False,
Nuclear_Graphite_Stress_Surrogate/outputs/13_v12_case_adaptive_tail_gain/iteration_1/case_cache/oracle_grid/case_102.csv,outputs/13_v12_case_adaptive_tail_gain/iteration_1/case_cache/oracle_grid/case_102.csv,non_deployed_completed_decision_support,42880,733a277c895161db34423067680881c580abc950d4956a0b1bad550d15c3a29f,733a277c895161db34423067680881c580abc950d4956a0b1bad550d15c3a29f,False,
Nuclear_Graphite_Stress_Surrogate/outputs/13_v12_case_adaptive_tail_gain/iteration_1/case_cache/oracle_grid/case_104.csv,outputs/13_v12_case_adaptive_tail_gain/iteration_1/case_cache/oracle_grid/case_104.csv,non_deployed_completed_decision_support,42669,4c1f919e792a4b4e3a675d3421ed51b35df888016d005c02fe417972276ccdeb,4c1f919e792a4b4e3a675d3421ed51b35df888016d005c02fe417972276ccdeb,False,
Nuclear_Graphite_Stress_Surrogate/outputs/13_v12_case_adaptive_tail_gain/iteration_1/case_cache/oracle_grid/case_105.csv,outputs/13_v12_case_adaptive_tail_gain/iteration_1/case_cache/oracle_grid/case_105.csv,non_deployed_completed_decision_support,42152,c417d755dfa9d9737d48dce0a4844cf464aa08ecbc3c8b43ae440a4275793a3e,c417d755dfa9d9737d48dce0a4844cf464aa08ecbc3c8b43ae440a4275793a3e,False,
Nuclear_Graphite_Stress_Surrogate/outputs/13_v12_case_adaptive_tail_gain/iteration_1/case_cache/oracle_grid/case_106.csv,outputs/13_v12_case_adaptive_tail_gain/iteration_1/case_cache/oracle_grid/case_106.csv,non_deployed_completed_decision_support,42947,dfd55fba37c54a18605fc5a7f0bb2dca4bb1b8797c2853abbcfc734dfc9f2c14,dfd55fba37c54a18605fc5a7f0bb2dca4bb1b8797c2853abbcfc734dfc9f2c14,False,
Nuclear_Graphite_Stress_Surrogate/outputs/13_v12_case_adaptive_tail_gain/iteration_1/case_cache/oracle_grid/case_107.csv,outputs/13_v12_case_adaptive_tail_gain/iteration_1/case_cache/oracle_grid/case_107.csv,non_deployed_completed_decision_support,42866,641002436ed414a14ce7e3cde34205ce8422c5947eaec09856956de6362e3bb3,641002436ed414a14ce7e3cde34205ce8422c5947eaec09856956de6362e3bb3,False,
Nuclear_Graphite_Stress_Surrogate/outputs/13_v12_case_adaptive_tail_gain/iteration_1/case_cache/oracle_grid/case_109.csv,outputs/13_v12_case_adaptive_tail_gain/iteration_1/case_cache/oracle_grid/case_109.csv,non_deployed_completed_decision_support,42697,25008e8dbb60f51c4edca377fba69e1da793200330c59a3bd33a63f26c350c6c,25008e8dbb60f51c4edca377fba69e1da793200330c59a3bd33a63f26c350c6c,False,
Nuclear_Graphite_Stress_Surrogate/outputs/13_v12_case_adaptive_tail_gain/iteration_1/case_cache/oracle_grid/case_11.csv,outputs/13_v12_case_adaptive_tail_gain/iteration_1/case_cache/oracle_grid/case_11.csv,non_deployed_completed_decision_support,42968,16219093bf5b2946864abf7605b4da514ad030a75f24e3a8fcd77cf495c3324e,16219093bf5b2946864abf7605b4da514ad030a75f24e3a8fcd77cf495c3324e,False,
Nuclear_Graphite_Stress_Surrogate/outputs/13_v12_case_adaptive_tail_gain/iteration_1/case_cache/oracle_grid/case_110.csv,outputs/13_v12_case_adaptive_tail_gain/iteration_1/case_cache/oracle_grid/case_110.csv,non_deployed_completed_decision_support,42436,e65b6765899a73bed2beeaf04021a4b1cbb3fd0e80f5bb6c2386ea655b0215a3,e65b6765899a73bed2beeaf04021a4b1cbb3fd0e80f5bb6c2386ea655b0215a3,False,
Nuclear_Graphite_Stress_Surrogate/outputs/13_v12_case_adaptive_tail_gain/iteration_1/case_cache/oracle_grid/case_111.csv,outputs/13_v12_case_adaptive_tail_gain/iteration_1/case_cache/oracle_grid/case_111.csv,non_deployed_completed_decision_support,42983,e67779e9f83e290fdbc2ec75c7b79f942b601b5426f8bd0c77ef54f48881faab,e67779e9f83e290fdbc2ec75c7b79f942b601b5426f8bd0c77ef54f48881faab,False,
Nuclear_Graphite_Stress_Surrogate/outputs/13_v12_case_adaptive_tail_gain/iteration_1/case_cache/oracle_grid/case_114.csv,outputs/13_v12_case_adaptive_tail_gain/iteration_1/case_cache/oracle_grid/case_114.csv,non_deployed_completed_decision_support,42360,00bda59b62fe5742003e554e28cadbb21306659ffbc680b1fbdbd33817cb7411,00bda59b62fe5742003e554e28cadbb21306659ffbc680b1fbdbd33817cb7411,False,
Nuclear_Graphite_Stress_Surrogate/outputs/13_v12_case_adaptive_tail_gain/iteration_1/case_cache/oracle_grid/case_115.csv,outputs/13_v12_case_adaptive_tail_gain/iteration_1/case_cache/oracle_grid/case_115.csv,non_deployed_completed_decision_support,42817,6f63ad3e1684eeca11387c8fa80d5fad00503bd990cc23db1f39dccee2f67f10,6f63ad3e1684eeca11387c8fa80d5fad00503bd990cc23db1f39dccee2f67f10,False,
Nuclear_Graphite_Stress_Surrogate/outputs/13_v12_case_adaptive_tail_gain/iteration_1/case_cache/oracle_grid/case_116.csv,outputs/13_v12_case_adaptive_tail_gain/iteration_1/case_cache/oracle_grid/case_116.csv,non_deployed_completed_decision_support,42877,4492521c48920087ff8dfeb0263ddcaf65de74bf96a479a945f441544160c402,4492521c48920087ff8dfeb0263ddcaf65de74bf96a479a945f441544160c402,False,
Nuclear_Graphite_Stress_Surrogate/outputs/13_v12_case_adaptive_tail_gain/iteration_1/case_cache/oracle_grid/case_117.csv,outputs/13_v12_case_adaptive_tail_gain/iteration_1/case_cache/oracle_grid/case_117.csv,non_deployed_completed_decision_support,43191,bb25dda4fea3d0d936753896d2dcb2b7e8ae8b72bb6b94f71fc65e05080dac62,bb25dda4fea3d0d936753896d2dcb2b7e8ae8b72bb6b94f71fc65e05080dac62,False,
Nuclear_Graphite_Stress_Surrogate/outputs/13_v12_case_adaptive_tail_gain/iteration_1/case_cache/oracle_grid/case_118.csv,outputs/13_v12_case_adaptive_tail_gain/iteration_1/case_cache/oracle_grid/case_118.csv,non_deployed_completed_decision_support,42122,0794b9edfa1a58959614a755d84ed161f85986a422d10229e79e0a5a9464c9a8,0794b9edfa1a58959614a755d84ed161f85986a422d10229e79e0a5a9464c9a8,False,
Nuclear_Graphite_Stress_Surrogate/outputs/13_v12_case_adaptive_tail_gain/iteration_1/case_cache/oracle_grid/case_119.csv,outputs/13_v12_case_adaptive_tail_gain/iteration_1/case_cache/oracle_grid/case_119.csv,non_deployed_completed_decision_support,42476,afec1b1756b7ea8eb30912eb44e4ac3ec04bdc020c88a606e7cc68e403c60aa8,afec1b1756b7ea8eb30912eb44e4ac3ec04bdc020c88a606e7cc68e403c60aa8,False,
Nuclear_Graphite_Stress_Surrogate/outputs/13_v12_case_adaptive_tail_gain/iteration_1/case_cache/oracle_grid/case_12.csv,outputs/13_v12_case_adaptive_tail_gain/iteration_1/case_cache/oracle_grid/case_12.csv,non_deployed_completed_decision_support,42974,c43ab4c2e25fee388b938dada04c255931852bad7eda2800128cb06b70ef2d27,c43ab4c2e25fee388b938dada04c255931852bad7eda2800128cb06b70ef2d27,False,
Nuclear_Graphite_Stress_Surrogate/outputs/13_v12_case_adaptive_tail_gain/iteration_1/case_cache/oracle_grid/case_120.csv,outputs/13_v12_case_adaptive_tail_gain/iteration_1/case_cache/oracle_grid/case_120.csv,non_deployed_completed_decision_support,43065,4897628318a64fe8e5fda9afab6a71a5fc4b6166d4f3d4e7c1ab3f1e1f6f223f,4897628318a64fe8e5fda9afab6a71a5fc4b6166d4f3d4e7c1ab3f1e1f6f223f,False,
Nuclear_Graphite_Stress_Surrogate/outputs/13_v12_case_adaptive_tail_gain/iteration_1/case_cache/oracle_grid/case_121.csv,outputs/13_v12_case_adaptive_tail_gain/iteration_1/case_cache/oracle_grid/case_121.csv,non_deployed_completed_decision_support,43121,f11e48cb67baa0af062f757e41092f0ba7e194aaa82202e4a2d3b31710c26b53,f11e48cb67baa0af062f757e41092f0ba7e194aaa82202e4a2d3b31710c26b53,False,
Nuclear_Graphite_Stress_Surrogate/outputs/13_v12_case_adaptive_tail_gain/iteration_1/case_cache/oracle_grid/case_122.csv,outputs/13_v12_case_adaptive_tail_gain/iteration_1/case_cache/oracle_grid/case_122.csv,non_deployed_completed_decision_support,42384,ffeebf33f987b18428d7ff1ad6406810e597d6b3259cdd45cf8b0fdd6f03ccda,ffeebf33f987b18428d7ff1ad6406810e597d6b3259cdd45cf8b0fdd6f03ccda,False,
Nuclear_Graphite_Stress_Surrogate/outputs/13_v12_case_adaptive_tail_gain/iteration_1/case_cache/oracle_grid/case_124.csv,outputs/13_v12_case_adaptive_tail_gain/iteration_1/case_cache/oracle_grid/case_124.csv,non_deployed_completed_decision_support,42873,bc31404fe33db246483401a88f03e74ac0a4d5058474d91b9403342c6bb1e951,bc31404fe33db246483401a88f03e74ac0a4d5058474d91b9403342c6bb1e951,False,
Nuclear_Graphite_Stress_Surrogate/outputs/13_v12_case_adaptive_tail_gain/iteration_1/case_cache/oracle_grid/case_125.csv,outputs/13_v12_case_adaptive_tail_gain/iteration_1/case_cache/oracle_grid/case_125.csv,non_deployed_completed_decision_support,42757,d03f56f88acef983ef5ebcb98726fbcfab9c88e585b7ad346e0bd36754d6b99f,d03f56f88acef983ef5ebcb98726fbcfab9c88e585b7ad346e0bd36754d6b99f,False,
Nuclear_Graphite_Stress_Surrogate/outputs/13_v12_case_adaptive_tail_gain/iteration_1/case_cache/oracle_grid/case_127.csv,outputs/13_v12_case_adaptive_tail_gain/iteration_1/case_cache/oracle_grid/case_127.csv,non_deployed_completed_decision_support,42998,3fbf4aa095ee94b0bda39269bdd80a7101cafdceaa1ab83ca1dccb96c84d815f,3fbf4aa095ee94b0bda39269bdd80a7101cafdceaa1ab83ca1dccb96c84d815f,False,
Nuclear_Graphite_Stress_Surrogate/outputs/13_v12_case_adaptive_tail_gain/iteration_1/case_cache/oracle_grid/case_128.csv,outputs/13_v12_case_adaptive_tail_gain/iteration_1/case_cache/oracle_grid/case_128.csv,non_deployed_completed_decision_support,42461,dea3c4fc8834c9d614c828ea2c196c77ff3be0e16f98a6f22be369ac8b1fa23f,dea3c4fc8834c9d614c828ea2c196c77ff3be0e16f98a6f22be369ac8b1fa23f,False,
Nuclear_Graphite_Stress_Surrogate/outputs/13_v12_case_adaptive_tail_gain/iteration_1/case_cache/oracle_grid/case_129.csv,outputs/13_v12_case_adaptive_tail_gain/iteration_1/case_cache/oracle_grid/case_129.csv,non_deployed_completed_decision_support,43076,007ea399b001068f7b5f1701f65ab45a020155dda93844675dfccb9b2539861b,007ea399b001068f7b5f1701f65ab45a020155dda93844675dfccb9b2539861b,False,
Nuclear_Graphite_Stress_Surrogate/outputs/13_v12_case_adaptive_tail_gain/iteration_1/case_cache/oracle_grid/case_13.csv,outputs/13_v12_case_adaptive_tail_gain/iteration_1/case_cache/oracle_grid/case_13.csv,non_deployed_completed_decision_support,43044,40ad7f86472038f1622227a1c82471d6d84e6d86cbffe135b824e10a8484bddd,40ad7f86472038f1622227a1c82471d6d84e6d86cbffe135b824e10a8484bddd,False,
Nuclear_Graphite_Stress_Surrogate/outputs/13_v12_case_adaptive_tail_gain/iteration_1/case_cache/oracle_grid/case_130.csv,outputs/13_v12_case_adaptive_tail_gain/iteration_1/case_cache/oracle_grid/case_130.csv,non_deployed_completed_decision_support,43113,3e9eb504c3ed427c07c5857070aed92fbcd61eabecbfe6822dba49c466782dda,3e9eb504c3ed427c07c5857070aed92fbcd61eabecbfe6822dba49c466782dda,False,
Nuclear_Graphite_Stress_Surrogate/outputs/13_v12_case_adaptive_tail_gain/iteration_1/case_cache/oracle_grid/case_133.csv,outputs/13_v12_case_adaptive_tail_gain/iteration_1/case_cache/oracle_grid/case_133.csv,non_deployed_completed_decision_support,43028,a94ffb175d892e5c05bffcb622af6a888e941d03de47b8b8235ab7b2547a6d60,a94ffb175d892e5c05bffcb622af6a888e941d03de47b8b8235ab7b2547a6d60,False,
Nuclear_Graphite_Stress_Surrogate/outputs/13_v12_case_adaptive_tail_gain/iteration_1/case_cache/oracle_grid/case_136.csv,outputs/13_v12_case_adaptive_tail_gain/iteration_1/case_cache/oracle_grid/case_136.csv,non_deployed_completed_decision_support,42563,2e3957bd868502e194ea4137f2b5831ffbd30aa5bd454125ed839c44a344d223,2e3957bd868502e194ea4137f2b5831ffbd30aa5bd454125ed839c44a344d223,False,
Nuclear_Graphite_Stress_Surrogate/outputs/13_v12_case_adaptive_tail_gain/iteration_1/case_cache/oracle_grid/case_137.csv,outputs/13_v12_case_adaptive_tail_gain/iteration_1/case_cache/oracle_grid/case_137.csv,non_deployed_completed_decision_support,42408,49093e2817c562aba0a73c82fb054135efcd26256f8e9b8ceb589a7fd1903710,49093e2817c562aba0a73c82fb054135efcd26256f8e9b8ceb589a7fd1903710,False,
Nuclear_Graphite_Stress_Surrogate/outputs/13_v12_case_adaptive_tail_gain/iteration_1/case_cache/oracle_grid/case_139.csv,outputs/13_v12_case_adaptive_tail_gain/iteration_1/case_cache/oracle_grid/case_139.csv,non_deployed_completed_decision_support,43095,4f4e02519b77c9d18f2dc4ad7393e75a270871d40c6bd4dca91b454bddf6530a,4f4e02519b77c9d18f2dc4ad7393e75a270871d40c6bd4dca91b454bddf6530a,False,
Nuclear_Graphite_Stress_Surrogate/outputs/13_v12_case_adaptive_tail_gain/iteration_1/case_cache/oracle_grid/case_14.csv,outputs/13_v12_case_adaptive_tail_gain/iteration_1/case_cache/oracle_grid/case_14.csv,non_deployed_completed_decision_support,42692,122f4f40045fd63c4631aa68e9f20a25cf87093847b5c58014d5d53466847072,122f4f40045fd63c4631aa68e9f20a25cf87093847b5c58014d5d53466847072,False,
Nuclear_Graphite_Stress_Surrogate/outputs/13_v12_case_adaptive_tail_gain/iteration_1/case_cache/oracle_grid/case_141.csv,outputs/13_v12_case_adaptive_tail_gain/iteration_1/case_cache/oracle_grid/case_141.csv,non_deployed_completed_decision_support,42662,e6fd31c73074ab4d0d885f38a166a228879c50718c43af87a30fb2059574fe56,e6fd31c73074ab4d0d885f38a166a228879c50718c43af87a30fb2059574fe56,False,
Nuclear_Graphite_Stress_Surrogate/outputs/13_v12_case_adaptive_tail_gain/iteration_1/case_cache/oracle_grid/case_142.csv,outputs/13_v12_case_adaptive_tail_gain/iteration_1/case_cache/oracle_grid/case_142.csv,non_deployed_completed_decision_support,42815,0e98be4347d485e83f31e795d7c6f9be3b541e1e6216e83480dbe9f75de48e3c,0e98be4347d485e83f31e795d7c6f9be3b541e1e6216e83480dbe9f75de48e3c,False,
Nuclear_Graphite_Stress_Surrogate/outputs/13_v12_case_adaptive_tail_gain/iteration_1/case_cache/oracle_grid/case_143.csv,outputs/13_v12_case_adaptive_tail_gain/iteration_1/case_cache/oracle_grid/case_143.csv,non_deployed_completed_decision_support,42933,8cf2d9246e5a5620ee1486872e3a6e584344886661544970657c56918a51d8be,8cf2d9246e5a5620ee1486872e3a6e584344886661544970657c56918a51d8be,False,
Nuclear_Graphite_Stress_Surrogate/outputs/13_v12_case_adaptive_tail_gain/iteration_1/case_cache/oracle_grid/case_144.csv,outputs/13_v12_case_adaptive_tail_gain/iteration_1/case_cache/oracle_grid/case_144.csv,non_deployed_completed_decision_support,42849,62ab24ec3904c1dfbb8827c42ed9bba76d8d7fb13d583f24c99314e9a23c425c,62ab24ec3904c1dfbb8827c42ed9bba76d8d7fb13d583f24c99314e9a23c425c,False,
Nuclear_Graphite_Stress_Surrogate/outputs/13_v12_case_adaptive_tail_gain/iteration_1/case_cache/oracle_grid/case_145.csv,outputs/13_v12_case_adaptive_tail_gain/iteration_1/case_cache/oracle_grid/case_145.csv,non_deployed_completed_decision_support,43077,3283a0e36fc38b0a2854c99826559485c2a5681489ab5a750a4c8c580c34076a,3283a0e36fc38b0a2854c99826559485c2a5681489ab5a750a4c8c580c34076a,False,
Nuclear_Graphite_Stress_Surrogate/outputs/13_v12_case_adaptive_tail_gain/iteration_1/case_cache/oracle_grid/case_146.csv,outputs/13_v12_case_adaptive_tail_gain/iteration_1/case_cache/oracle_grid/case_146.csv,non_deployed_completed_decision_support,42677,0f5ba0f1d2b098734f7cb391542f12ba432391715894913145b38bd4118aefb8,0f5ba0f1d2b098734f7cb391542f12ba432391715894913145b38bd4118aefb8,False,
Nuclear_Graphite_Stress_Surrogate/outputs/13_v12_case_adaptive_tail_gain/iteration_1/case_cache/oracle_grid/case_147.csv,outputs/13_v12_case_adaptive_tail_gain/iteration_1/case_cache/oracle_grid/case_147.csv,non_deployed_completed_decision_support,43458,6f3302d37d5fc7ddb715f18250de842f8d3f2b495b928f07aa62ab273a9ad7c4,6f3302d37d5fc7ddb715f18250de842f8d3f2b495b928f07aa62ab273a9ad7c4,False,
Nuclear_Graphite_Stress_Surrogate/outputs/13_v12_case_adaptive_tail_gain/iteration_1/case_cache/oracle_grid/case_148.csv,outputs/13_v12_case_adaptive_tail_gain/iteration_1/case_cache/oracle_grid/case_148.csv,non_deployed_completed_decision_support,43005,3884ce784233bb3399780c85b723cb2b5c03b17f27da1069ce3d5b0c79451de7,3884ce784233bb3399780c85b723cb2b5c03b17f27da1069ce3d5b0c79451de7,False,
Nuclear_Graphite_Stress_Surrogate/outputs/13_v12_case_adaptive_tail_gain/iteration_1/case_cache/oracle_grid/case_15.csv,outputs/13_v12_case_adaptive_tail_gain/iteration_1/case_cache/oracle_grid/case_15.csv,non_deployed_completed_decision_support,42882,1b1c9a54cda344f673526975b1f50257317ab30acb091df37897fe41166c4ab7,1b1c9a54cda344f673526975b1f50257317ab30acb091df37897fe41166c4ab7,False,
Nuclear_Graphite_Stress_Surrogate/outputs/13_v12_case_adaptive_tail_gain/iteration_1/case_cache/oracle_grid/case_150.csv,outputs/13_v12_case_adaptive_tail_gain/iteration_1/case_cache/oracle_grid/case_150.csv,non_deployed_completed_decision_support,43109,f12e25c71f0bb7591f35f3540dae5b863354c42827aec480000dc77e571025ad,f12e25c71f0bb7591f35f3540dae5b863354c42827aec480000dc77e571025ad,False,
Nuclear_Graphite_Stress_Surrogate/outputs/13_v12_case_adaptive_tail_gain/iteration_1/case_cache/oracle_grid/case_151.csv,outputs/13_v12_case_adaptive_tail_gain/iteration_1/case_cache/oracle_grid/case_151.csv,non_deployed_completed_decision_support,42722,749af32073f729d6aece5c8b6903a65036a26cd0f7453e9151d6c0995779ee48,749af32073f729d6aece5c8b6903a65036a26cd0f7453e9151d6c0995779ee48,False,
Nuclear_Graphite_Stress_Surrogate/outputs/13_v12_case_adaptive_tail_gain/iteration_1/case_cache/oracle_grid/case_153.csv,outputs/13_v12_case_adaptive_tail_gain/iteration_1/case_cache/oracle_grid/case_153.csv,non_deployed_completed_decision_support,42940,eca8b0031ab9ecc0689a6bb8df7c4f20cb5b69d7569f93e5b0b4c9a0d580c953,eca8b0031ab9ecc0689a6bb8df7c4f20cb5b69d7569f93e5b0b4c9a0d580c953,False,
Nuclear_Graphite_Stress_Surrogate/outputs/13_v12_case_adaptive_tail_gain/iteration_1/case_cache/oracle_grid/case_154.csv,outputs/13_v12_case_adaptive_tail_gain/iteration_1/case_cache/oracle_grid/case_154.csv,non_deployed_completed_decision_support,43196,790512e93fb5882a44295ae0a468627942a02e8b395a2e69007047904fbb28a0,790512e93fb5882a44295ae0a468627942a02e8b395a2e69007047904fbb28a0,False,
Nuclear_Graphite_Stress_Surrogate/outputs/13_v12_case_adaptive_tail_gain/iteration_1/case_cache/oracle_grid/case_155.csv,outputs/13_v12_case_adaptive_tail_gain/iteration_1/case_cache/oracle_grid/case_155.csv,non_deployed_completed_decision_support,43115,22811cb3ba3c0e6132bd8bc9dffc6430fe0cebf1bd11394122233e14f5301e18,22811cb3ba3c0e6132bd8bc9dffc6430fe0cebf1bd11394122233e14f5301e18,False,
Nuclear_Graphite_Stress_Surrogate/outputs/13_v12_case_adaptive_tail_gain/iteration_1/case_cache/oracle_grid/case_156.csv,outputs/13_v12_case_adaptive_tail_gain/iteration_1/case_cache/oracle_grid/case_156.csv,non_deployed_completed_decision_support,43190,985148a7b8e2faf6cf2a54bdb61cf04dba9ee74563ae7f52078a8524d04605ae,985148a7b8e2faf6cf2a54bdb61cf04dba9ee74563ae7f52078a8524d04605ae,False,
Nuclear_Graphite_Stress_Surrogate/outputs/13_v12_case_adaptive_tail_gain/iteration_1/case_cache/oracle_grid/case_157.csv,outputs/13_v12_case_adaptive_tail_gain/iteration_1/case_cache/oracle_grid/case_157.csv,non_deployed_completed_decision_support,42702,7e2d7b232a25ba24de237305289385ebe62dc18e7fab7d8cd14e5ca88ab3208b,7e2d7b232a25ba24de237305289385ebe62dc18e7fab7d8cd14e5ca88ab3208b,False,
Nuclear_Graphite_Stress_Surrogate/outputs/13_v12_case_adaptive_tail_gain/iteration_1/case_cache/oracle_grid/case_158.csv,outputs/13_v12_case_adaptive_tail_gain/iteration_1/case_cache/oracle_grid/case_158.csv,non_deployed_completed_decision_support,42771,8445f7530319b529461ec07c83492711028d994a9f0665d0eea3c22fad1fbbee,8445f7530319b529461ec07c83492711028d994a9f0665d0eea3c22fad1fbbee,False,
Nuclear_Graphite_Stress_Surrogate/outputs/13_v12_case_adaptive_tail_gain/iteration_1/case_cache/oracle_grid/case_159.csv,outputs/13_v12_case_adaptive_tail_gain/iteration_1/case_cache/oracle_grid/case_159.csv,non_deployed_completed_decision_support,43460,8737a1e0bbf1a461451aa58a9e5ebb81e31e930579a63894beb389b855c6a3c1,8737a1e0bbf1a461451aa58a9e5ebb81e31e930579a63894beb389b855c6a3c1,False,
Nuclear_Graphite_Stress_Surrogate/outputs/13_v12_case_adaptive_tail_gain/iteration_1/case_cache/oracle_grid/case_16.csv,outputs/13_v12_case_adaptive_tail_gain/iteration_1/case_cache/oracle_grid/case_16.csv,non_deployed_completed_decision_support,42741,c921928931f5a1968f7492defe05fd60f3523894bd553672341f9cf917b80394,c921928931f5a1968f7492defe05fd60f3523894bd553672341f9cf917b80394,False,
Nuclear_Graphite_Stress_Surrogate/outputs/13_v12_case_adaptive_tail_gain/iteration_1/case_cache/oracle_grid/case_163.csv,outputs/13_v12_case_adaptive_tail_gain/iteration_1/case_cache/oracle_grid/case_163.csv,non_deployed_completed_decision_support,43321,a95c93c7c50e6968f4b9951e5f5ddd3ba2e7f0701bd6d32dfb31b888e20a7ba9,a95c93c7c50e6968f4b9951e5f5ddd3ba2e7f0701bd6d32dfb31b888e20a7ba9,False,
Nuclear_Graphite_Stress_Surrogate/outputs/13_v12_case_adaptive_tail_gain/iteration_1/case_cache/oracle_grid/case_164.csv,outputs/13_v12_case_adaptive_tail_gain/iteration_1/case_cache/oracle_grid/case_164.csv,non_deployed_completed_decision_support,42880,ce420583c07325a68f1f14d43bdb0df9dfb8cfdd64d645d910e1dc5c01463946,ce420583c07325a68f1f14d43bdb0df9dfb8cfdd64d645d910e1dc5c01463946,False,
Nuclear_Graphite_Stress_Surrogate/outputs/13_v12_case_adaptive_tail_gain/iteration_1/case_cache/oracle_grid/case_165.csv,outputs/13_v12_case_adaptive_tail_gain/iteration_1/case_cache/oracle_grid/case_165.csv,non_deployed_completed_decision_support,43054,c30b5d4cccc7e2a1ebf7b7d53eec7db3bb692b10e827be70747c7b8c8f877c71,c30b5d4cccc7e2a1ebf7b7d53eec7db3bb692b10e827be70747c7b8c8f877c71,False,
Nuclear_Graphite_Stress_Surrogate/outputs/13_v12_case_adaptive_tail_gain/iteration_1/case_cache/oracle_grid/case_166.csv,outputs/13_v12_case_adaptive_tail_gain/iteration_1/case_cache/oracle_grid/case_166.csv,non_deployed_completed_decision_support,43007,fdf8e4c942682f8f7a6a491b6099c176b63490b2a16ee1dee2162bb387d2685c,fdf8e4c942682f8f7a6a491b6099c176b63490b2a16ee1dee2162bb387d2685c,False,
Nuclear_Graphite_Stress_Surrogate/outputs/13_v12_case_adaptive_tail_gain/iteration_1/case_cache/oracle_grid/case_169.csv,outputs/13_v12_case_adaptive_tail_gain/iteration_1/case_cache/oracle_grid/case_169.csv,non_deployed_completed_decision_support,43076,3717fdf64143cece5c7bd9e7f67378f01e958cbca4f786b7e3b1a82ead03fca0,3717fdf64143cece5c7bd9e7f67378f01e958cbca4f786b7e3b1a82ead03fca0,False,
Nuclear_Graphite_Stress_Surrogate/outputs/13_v12_case_adaptive_tail_gain/iteration_1/case_cache/oracle_grid/case_17.csv,outputs/13_v12_case_adaptive_tail_gain/iteration_1/case_cache/oracle_grid/case_17.csv,non_deployed_completed_decision_support,42952,4ff72154aecc0dbd4ef915c289e02017cff17f5f368179964a6c8c03fab8ceca,4ff72154aecc0dbd4ef915c289e02017cff17f5f368179964a6c8c03fab8ceca,False,
Nuclear_Graphite_Stress_Surrogate/outputs/13_v12_case_adaptive_tail_gain/iteration_1/case_cache/oracle_grid/case_170.csv,outputs/13_v12_case_adaptive_tail_gain/iteration_1/case_cache/oracle_grid/case_170.csv,non_deployed_completed_decision_support,42701,99ec46dcbfae019125eddc3f39e0af461c1c1b87766b3b4305ac948877a76313,99ec46dcbfae019125eddc3f39e0af461c1c1b87766b3b4305ac948877a76313,False,
Nuclear_Graphite_Stress_Surrogate/outputs/13_v12_case_adaptive_tail_gain/iteration_1/case_cache/oracle_grid/case_171.csv,outputs/13_v12_case_adaptive_tail_gain/iteration_1/case_cache/oracle_grid/case_171.csv,non_deployed_completed_decision_support,42954,8b8685d0c53f1011b5e47170842519f1f7e51f13bb122dd0bb89f3e41516ae16,8b8685d0c53f1011b5e47170842519f1f7e51f13bb122dd0bb89f3e41516ae16,False,
Nuclear_Graphite_Stress_Surrogate/outputs/13_v12_case_adaptive_tail_gain/iteration_1/case_cache/oracle_grid/case_173.csv,outputs/13_v12_case_adaptive_tail_gain/iteration_1/case_cache/oracle_grid/case_173.csv,non_deployed_completed_decision_support,42947,75b1348654dee03e95ab21d06e83606817f3e8aac76a5b1b29f3a3945f914137,75b1348654dee03e95ab21d06e83606817f3e8aac76a5b1b29f3a3945f914137,False,
Nuclear_Graphite_Stress_Surrogate/outputs/13_v12_case_adaptive_tail_gain/iteration_1/case_cache/oracle_grid/case_175.csv,outputs/13_v12_case_adaptive_tail_gain/iteration_1/case_cache/oracle_grid/case_175.csv,non_deployed_completed_decision_support,42983,6437494c63df7c4e11cfc1e8343b72152af1167976494bf05170aa1264e342ab,6437494c63df7c4e11cfc1e8343b72152af1167976494bf05170aa1264e342ab,False,
Nuclear_Graphite_Stress_Surrogate/outputs/13_v12_case_adaptive_tail_gain/iteration_1/case_cache/oracle_grid/case_176.csv,outputs/13_v12_case_adaptive_tail_gain/iteration_1/case_cache/oracle_grid/case_176.csv,non_deployed_completed_decision_support,43180,0bac32d3a5db8ab6e65196a821abdbffbf027d0f97b85fca3b2607c7f8510252,0bac32d3a5db8ab6e65196a821abdbffbf027d0f97b85fca3b2607c7f8510252,False,
Nuclear_Graphite_Stress_Surrogate/outputs/13_v12_case_adaptive_tail_gain/iteration_1/case_cache/oracle_grid/case_179.csv,outputs/13_v12_case_adaptive_tail_gain/iteration_1/case_cache/oracle_grid/case_179.csv,non_deployed_completed_decision_support,43021,fd66e8d2cad6de741edb63ac3dfc09b75948af67a4b6140c3bb14e846453c094,fd66e8d2cad6de741edb63ac3dfc09b75948af67a4b6140c3bb14e846453c094,False,
Nuclear_Graphite_Stress_Surrogate/outputs/13_v12_case_adaptive_tail_gain/iteration_1/case_cache/oracle_grid/case_18.csv,outputs/13_v12_case_adaptive_tail_gain/iteration_1/case_cache/oracle_grid/case_18.csv,non_deployed_completed_decision_support,42711,7212df47dd9f52aa2a040952d925558eea83ce2da359f2dd8765d683bcb40182,7212df47dd9f52aa2a040952d925558eea83ce2da359f2dd8765d683bcb40182,False,
Nuclear_Graphite_Stress_Surrogate/outputs/13_v12_case_adaptive_tail_gain/iteration_1/case_cache/oracle_grid/case_180.csv,outputs/13_v12_case_adaptive_tail_gain/iteration_1/case_cache/oracle_grid/case_180.csv,non_deployed_completed_decision_support,42988,0ae93f7273357adb7d463264e7a1133ba06c1eed881ebd8c126638c0b331e6f9,0ae93f7273357adb7d463264e7a1133ba06c1eed881ebd8c126638c0b331e6f9,False,
Nuclear_Graphite_Stress_Surrogate/outputs/13_v12_case_adaptive_tail_gain/iteration_1/case_cache/oracle_grid/case_181.csv,outputs/13_v12_case_adaptive_tail_gain/iteration_1/case_cache/oracle_grid/case_181.csv,non_deployed_completed_decision_support,43117,798144adec20554db62131f05bb22202b8be3c9614baa0c5dcfce801e518daa0,798144adec20554db62131f05bb22202b8be3c9614baa0c5dcfce801e518daa0,False,
Nuclear_Graphite_Stress_Surrogate/outputs/13_v12_case_adaptive_tail_gain/iteration_1/case_cache/oracle_grid/case_182.csv,outputs/13_v12_case_adaptive_tail_gain/iteration_1/case_cache/oracle_grid/case_182.csv,non_deployed_completed_decision_support,43063,6007ac920f4b1f9db6e5d29dc5b6e4021b9b5634ba1ac1bd5dd885f356e3f444,6007ac920f4b1f9db6e5d29dc5b6e4021b9b5634ba1ac1bd5dd885f356e3f444,False,
Nuclear_Graphite_Stress_Surrogate/outputs/13_v12_case_adaptive_tail_gain/iteration_1/case_cache/oracle_grid/case_183.csv,outputs/13_v12_case_adaptive_tail_gain/iteration_1/case_cache/oracle_grid/case_183.csv,non_deployed_completed_decision_support,42919,6bb9bce1638277137f91f1737b9ef057d1c9904434ccfc890817588000fa9c8c,6bb9bce1638277137f91f1737b9ef057d1c9904434ccfc890817588000fa9c8c,False,
Nuclear_Graphite_Stress_Surrogate/outputs/13_v12_case_adaptive_tail_gain/iteration_1/case_cache/oracle_grid/case_184.csv,outputs/13_v12_case_adaptive_tail_gain/iteration_1/case_cache/oracle_grid/case_184.csv,non_deployed_completed_decision_support,43131,e53e483e0cb9a6a72163be70761dcaa05bf86114f21a6df6738d0f85dbf13ff4,e53e483e0cb9a6a72163be70761dcaa05bf86114f21a6df6738d0f85dbf13ff4,False,
Nuclear_Graphite_Stress_Surrogate/outputs/13_v12_case_adaptive_tail_gain/iteration_1/case_cache/oracle_grid/case_185.csv,outputs/13_v12_case_adaptive_tail_gain/iteration_1/case_cache/oracle_grid/case_185.csv,non_deployed_completed_decision_support,42887,0f309629896d1e060426a98005afbe66f43fa4aca786a35746fc21b1c4734954,0f309629896d1e060426a98005afbe66f43fa4aca786a35746fc21b1c4734954,False,
Nuclear_Graphite_Stress_Surrogate/outputs/13_v12_case_adaptive_tail_gain/iteration_1/case_cache/oracle_grid/case_186.csv,outputs/13_v12_case_adaptive_tail_gain/iteration_1/case_cache/oracle_grid/case_186.csv,non_deployed_completed_decision_support,42872,d0b821c06c73514e4b1ec463201ff38e0d0295d6e4912e31a300e41cb19368b7,d0b821c06c73514e4b1ec463201ff38e0d0295d6e4912e31a300e41cb19368b7,False,
Nuclear_Graphite_Stress_Surrogate/outputs/13_v12_case_adaptive_tail_gain/iteration_1/case_cache/oracle_grid/case_187.csv,outputs/13_v12_case_adaptive_tail_gain/iteration_1/case_cache/oracle_grid/case_187.csv,non_deployed_completed_decision_support,43049,52f2ac088dd0d837769d6090779e5c877d516d4f6faefba2b7f1f57fd0da5824,52f2ac088dd0d837769d6090779e5c877d516d4f6faefba2b7f1f57fd0da5824,False,
Nuclear_Graphite_Stress_Surrogate/outputs/13_v12_case_adaptive_tail_gain/iteration_1/case_cache/oracle_grid/case_188.csv,outputs/13_v12_case_adaptive_tail_gain/iteration_1/case_cache/oracle_grid/case_188.csv,non_deployed_completed_decision_support,42737,b971698e959dc41c661f70e7e54839bfc7b2da66900c1988a3fd8190a54e9a8f,b971698e959dc41c661f70e7e54839bfc7b2da66900c1988a3fd8190a54e9a8f,False,
Nuclear_Graphite_Stress_Surrogate/outputs/13_v12_case_adaptive_tail_gain/iteration_1/case_cache/oracle_grid/case_189.csv,outputs/13_v12_case_adaptive_tail_gain/iteration_1/case_cache/oracle_grid/case_189.csv,non_deployed_completed_decision_support,42992,ee8676685bebcadee0cc9d9d74e6298607d1623bf8e68b6d98b68a8fd1aa1504,ee8676685bebcadee0cc9d9d74e6298607d1623bf8e68b6d98b68a8fd1aa1504,False,
Nuclear_Graphite_Stress_Surrogate/outputs/13_v12_case_adaptive_tail_gain/iteration_1/case_cache/oracle_grid/case_19.csv,outputs/13_v12_case_adaptive_tail_gain/iteration_1/case_cache/oracle_grid/case_19.csv,non_deployed_completed_decision_support,42858,863a8d51d4b84820a5277c220ee997a584c7cf4c3572925abd0ebc2969b71fb7,863a8d51d4b84820a5277c220ee997a584c7cf4c3572925abd0ebc2969b71fb7,False,
Nuclear_Graphite_Stress_Surrogate/outputs/13_v12_case_adaptive_tail_gain/iteration_1/case_cache/oracle_grid/case_190.csv,outputs/13_v12_case_adaptive_tail_gain/iteration_1/case_cache/oracle_grid/case_190.csv,non_deployed_completed_decision_support,42932,5da095e16ab82fc3088c8a67cd507eae547b2085901e54c34be04378590ae249,5da095e16ab82fc3088c8a67cd507eae547b2085901e54c34be04378590ae249,False,
Nuclear_Graphite_Stress_Surrogate/outputs/13_v12_case_adaptive_tail_gain/iteration_1/case_cache/oracle_grid/case_191.csv,outputs/13_v12_case_adaptive_tail_gain/iteration_1/case_cache/oracle_grid/case_191.csv,non_deployed_completed_decision_support,42923,1078695a62a423a5b7cae5948d799fdaf036b22cf9bd2c84bd435606411a9e71,1078695a62a423a5b7cae5948d799fdaf036b22cf9bd2c84bd435606411a9e71,False,
Nuclear_Graphite_Stress_Surrogate/outputs/13_v12_case_adaptive_tail_gain/iteration_1/case_cache/oracle_grid/case_192.csv,outputs/13_v12_case_adaptive_tail_gain/iteration_1/case_cache/oracle_grid/case_192.csv,non_deployed_completed_decision_support,42976,8ba99d43951c1d3c7fa98f8ce4700b4b4b3a2ca53d5b8b9c84521b4b7e20eff5,8ba99d43951c1d3c7fa98f8ce4700b4b4b3a2ca53d5b8b9c84521b4b7e20eff5,False,
Nuclear_Graphite_Stress_Surrogate/outputs/13_v12_case_adaptive_tail_gain/iteration_1/case_cache/oracle_grid/case_193.csv,outputs/13_v12_case_adaptive_tail_gain/iteration_1/case_cache/oracle_grid/case_193.csv,non_deployed_completed_decision_support,42977,cec3367bc1f538a8503f0a9a911b0e412c58d0aea70f336849a3b53439604e51,cec3367bc1f538a8503f0a9a911b0e412c58d0aea70f336849a3b53439604e51,False,
Nuclear_Graphite_Stress_Surrogate/outputs/13_v12_case_adaptive_tail_gain/iteration_1/case_cache/oracle_grid/case_194.csv,outputs/13_v12_case_adaptive_tail_gain/iteration_1/case_cache/oracle_grid/case_194.csv,non_deployed_completed_decision_support,42959,de9eb7c0162482f2f71d170d55385d1689f225bf031d9975f4fd843cab46fe5c,de9eb7c0162482f2f71d170d55385d1689f225bf031d9975f4fd843cab46fe5c,False,
Nuclear_Graphite_Stress_Surrogate/outputs/13_v12_case_adaptive_tail_gain/iteration_1/case_cache/oracle_grid/case_195.csv,outputs/13_v12_case_adaptive_tail_gain/iteration_1/case_cache/oracle_grid/case_195.csv,non_deployed_completed_decision_support,43084,ae257beeed0a5d72d767b8bbeaac1a35e93a028d9e7a48792c8f71a786db431f,ae257beeed0a5d72d767b8bbeaac1a35e93a028d9e7a48792c8f71a786db431f,False,
Nuclear_Graphite_Stress_Surrogate/outputs/13_v12_case_adaptive_tail_gain/iteration_1/case_cache/oracle_grid/case_196.csv,outputs/13_v12_case_adaptive_tail_gain/iteration_1/case_cache/oracle_grid/case_196.csv,non_deployed_completed_decision_support,43428,140e87ef7cda06c60bca2d42903a0df80035f3a999e4576ba22645f08a20e893,140e87ef7cda06c60bca2d42903a0df80035f3a999e4576ba22645f08a20e893,False,
Nuclear_Graphite_Stress_Surrogate/outputs/13_v12_case_adaptive_tail_gain/iteration_1/case_cache/oracle_grid/case_197.csv,outputs/13_v12_case_adaptive_tail_gain/iteration_1/case_cache/oracle_grid/case_197.csv,non_deployed_completed_decision_support,43499,c212733cea9ab47e0473b064d7c136070f371546fa546f548e3d3dc81ff8fac5,c212733cea9ab47e0473b064d7c136070f371546fa546f548e3d3dc81ff8fac5,False,
Nuclear_Graphite_Stress_Surrogate/outputs/13_v12_case_adaptive_tail_gain/iteration_1/case_cache/oracle_grid/case_199.csv,outputs/13_v12_case_adaptive_tail_gain/iteration_1/case_cache/oracle_grid/case_199.csv,non_deployed_completed_decision_support,43278,4d4eb4e4971a7cd78148afae46d3880e9d05458f11801eb08e3ebb816a84936a,4d4eb4e4971a7cd78148afae46d3880e9d05458f11801eb08e3ebb816a84936a,False,
Nuclear_Graphite_Stress_Surrogate/outputs/13_v12_case_adaptive_tail_gain/iteration_1/case_cache/oracle_grid/case_20.csv,outputs/13_v12_case_adaptive_tail_gain/iteration_1/case_cache/oracle_grid/case_20.csv,non_deployed_completed_decision_support,43037,5e7bcc9f101c4fede27cbc1621e247335b8a3fddb4222fe89d1c2f49b5bbc4a1,5e7bcc9f101c4fede27cbc1621e247335b8a3fddb4222fe89d1c2f49b5bbc4a1,False,
Nuclear_Graphite_Stress_Surrogate/outputs/13_v12_case_adaptive_tail_gain/iteration_1/case_cache/oracle_grid/case_200.csv,outputs/13_v12_case_adaptive_tail_gain/iteration_1/case_cache/oracle_grid/case_200.csv,non_deployed_completed_decision_support,43000,5b885991b5f98de10a0fe895bcea2cc5cac65fbc925315ee6ff9aed599516407,5b885991b5f98de10a0fe895bcea2cc5cac65fbc925315ee6ff9aed599516407,False,
Nuclear_Graphite_Stress_Surrogate/outputs/13_v12_case_adaptive_tail_gain/iteration_1/case_cache/oracle_grid/case_21.csv,outputs/13_v12_case_adaptive_tail_gain/iteration_1/case_cache/oracle_grid/case_21.csv,non_deployed_completed_decision_support,42407,7c4946013a7c1b2dcfb161f1c80c125e11142aa6b85af18571ac85628ce0f677,7c4946013a7c1b2dcfb161f1c80c125e11142aa6b85af18571ac85628ce0f677,False,
Nuclear_Graphite_Stress_Surrogate/outputs/13_v12_case_adaptive_tail_gain/iteration_1/case_cache/oracle_grid/case_24.csv,outputs/13_v12_case_adaptive_tail_gain/iteration_1/case_cache/oracle_grid/case_24.csv,non_deployed_completed_decision_support,42300,b122f727127cddeea5b706e5ca327f6a255184f8afe726026b4aeb0b063b7a5a,b122f727127cddeea5b706e5ca327f6a255184f8afe726026b4aeb0b063b7a5a,False,
Nuclear_Graphite_Stress_Surrogate/outputs/13_v12_case_adaptive_tail_gain/iteration_1/case_cache/oracle_grid/case_27.csv,outputs/13_v12_case_adaptive_tail_gain/iteration_1/case_cache/oracle_grid/case_27.csv,non_deployed_completed_decision_support,42514,8d1781a3987c79af08b96016ee2be9df69d8d3b79d1967e12b18ff7919883645,8d1781a3987c79af08b96016ee2be9df69d8d3b79d1967e12b18ff7919883645,False,
Nuclear_Graphite_Stress_Surrogate/outputs/13_v12_case_adaptive_tail_gain/iteration_1/case_cache/oracle_grid/case_28.csv,outputs/13_v12_case_adaptive_tail_gain/iteration_1/case_cache/oracle_grid/case_28.csv,non_deployed_completed_decision_support,42978,4ed6471b4bd7e9c2d661254435f177f521cd0a548c4ef700a0c5f1684a1d1ee6,4ed6471b4bd7e9c2d661254435f177f521cd0a548c4ef700a0c5f1684a1d1ee6,False,
Nuclear_Graphite_Stress_Surrogate/outputs/13_v12_case_adaptive_tail_gain/iteration_1/case_cache/oracle_grid/case_29.csv,outputs/13_v12_case_adaptive_tail_gain/iteration_1/case_cache/oracle_grid/case_29.csv,non_deployed_completed_decision_support,42170,8838fddee6d9ea586690eeb376025fa03b4bde4fbf3d76c75ca57da21c7c8984,8838fddee6d9ea586690eeb376025fa03b4bde4fbf3d76c75ca57da21c7c8984,False,
Nuclear_Graphite_Stress_Surrogate/outputs/13_v12_case_adaptive_tail_gain/iteration_1/case_cache/oracle_grid/case_32.csv,outputs/13_v12_case_adaptive_tail_gain/iteration_1/case_cache/oracle_grid/case_32.csv,non_deployed_completed_decision_support,42943,faf4c73b861f5b2aa452e19250e5c005a1db7a0effefadb310eb657f5767aeed,faf4c73b861f5b2aa452e19250e5c005a1db7a0effefadb310eb657f5767aeed,False,
Nuclear_Graphite_Stress_Surrogate/outputs/13_v12_case_adaptive_tail_gain/iteration_1/case_cache/oracle_grid/case_34.csv,outputs/13_v12_case_adaptive_tail_gain/iteration_1/case_cache/oracle_grid/case_34.csv,non_deployed_completed_decision_support,42731,c02aa643cacc86f1752b1184f12ddf576b0ca72cb41b74a1d209851fcfacdd43,c02aa643cacc86f1752b1184f12ddf576b0ca72cb41b74a1d209851fcfacdd43,False,
Nuclear_Graphite_Stress_Surrogate/outputs/13_v12_case_adaptive_tail_gain/iteration_1/case_cache/oracle_grid/case_35.csv,outputs/13_v12_case_adaptive_tail_gain/iteration_1/case_cache/oracle_grid/case_35.csv,non_deployed_completed_decision_support,42800,4ac447a5ef65ac4a6f23975a077096262364d7380648e50bfcc983f3db788dcf,4ac447a5ef65ac4a6f23975a077096262364d7380648e50bfcc983f3db788dcf,False,
Nuclear_Graphite_Stress_Surrogate/outputs/13_v12_case_adaptive_tail_gain/iteration_1/case_cache/oracle_grid/case_36.csv,outputs/13_v12_case_adaptive_tail_gain/iteration_1/case_cache/oracle_grid/case_36.csv,non_deployed_completed_decision_support,42496,293819e48f954fc022aabd4b25dde1426b6b52051305745e15900bf9d4858674,293819e48f954fc022aabd4b25dde1426b6b52051305745e15900bf9d4858674,False,
Nuclear_Graphite_Stress_Surrogate/outputs/13_v12_case_adaptive_tail_gain/iteration_1/case_cache/oracle_grid/case_39.csv,outputs/13_v12_case_adaptive_tail_gain/iteration_1/case_cache/oracle_grid/case_39.csv,non_deployed_completed_decision_support,42773,0356310dd8d3c736d991b921799d00f58a1ed451473818c55635afb6a07b4fb9,0356310dd8d3c736d991b921799d00f58a1ed451473818c55635afb6a07b4fb9,False,
Nuclear_Graphite_Stress_Surrogate/outputs/13_v12_case_adaptive_tail_gain/iteration_1/case_cache/oracle_grid/case_40.csv,outputs/13_v12_case_adaptive_tail_gain/iteration_1/case_cache/oracle_grid/case_40.csv,non_deployed_completed_decision_support,42567,1e86afa906b34d29bbe12e10619804c7670e6f787ce64c742585d11a1d09aa14,1e86afa906b34d29bbe12e10619804c7670e6f787ce64c742585d11a1d09aa14,False,
Nuclear_Graphite_Stress_Surrogate/outputs/13_v12_case_adaptive_tail_gain/iteration_1/case_cache/oracle_grid/case_42.csv,outputs/13_v12_case_adaptive_tail_gain/iteration_1/case_cache/oracle_grid/case_42.csv,non_deployed_completed_decision_support,42197,9a70f938f34f784f4d3f1745cdf0c85027ec5b08d5941650581b0df3ff3297c2,9a70f938f34f784f4d3f1745cdf0c85027ec5b08d5941650581b0df3ff3297c2,False,
Nuclear_Graphite_Stress_Surrogate/outputs/13_v12_case_adaptive_tail_gain/iteration_1/case_cache/oracle_grid/case_43.csv,outputs/13_v12_case_adaptive_tail_gain/iteration_1/case_cache/oracle_grid/case_43.csv,non_deployed_completed_decision_support,41872,270e42fdc408bec07bb2290f73f706b48d688a63c607c66af576f28a89e1a66c,270e42fdc408bec07bb2290f73f706b48d688a63c607c66af576f28a89e1a66c,False,
Nuclear_Graphite_Stress_Surrogate/outputs/13_v12_case_adaptive_tail_gain/iteration_1/case_cache/oracle_grid/case_44.csv,outputs/13_v12_case_adaptive_tail_gain/iteration_1/case_cache/oracle_grid/case_44.csv,non_deployed_completed_decision_support,42579,cddbf5cad72a589f1d473a312d35ec17e02e983371f98bfcf09dd8bad060725c,cddbf5cad72a589f1d473a312d35ec17e02e983371f98bfcf09dd8bad060725c,False,
Nuclear_Graphite_Stress_Surrogate/outputs/13_v12_case_adaptive_tail_gain/iteration_1/case_cache/oracle_grid/case_45.csv,outputs/13_v12_case_adaptive_tail_gain/iteration_1/case_cache/oracle_grid/case_45.csv,non_deployed_completed_decision_support,43306,fdc3e4f5092453efc5011c201c3f473c755990df862676e16cb43421b8bc810e,fdc3e4f5092453efc5011c201c3f473c755990df862676e16cb43421b8bc810e,False,
Nuclear_Graphite_Stress_Surrogate/outputs/13_v12_case_adaptive_tail_gain/iteration_1/case_cache/oracle_grid/case_47.csv,outputs/13_v12_case_adaptive_tail_gain/iteration_1/case_cache/oracle_grid/case_47.csv,non_deployed_completed_decision_support,42682,4688360c8ee74d7710df717fe1c47a4757d7c85d98e909d5b8570df71792b3df,4688360c8ee74d7710df717fe1c47a4757d7c85d98e909d5b8570df71792b3df,False,
Nuclear_Graphite_Stress_Surrogate/outputs/13_v12_case_adaptive_tail_gain/iteration_1/case_cache/oracle_grid/case_48.csv,outputs/13_v12_case_adaptive_tail_gain/iteration_1/case_cache/oracle_grid/case_48.csv,non_deployed_completed_decision_support,42746,92223d225d9ed3e356578406ed96f32550fb93bebd14a721cf31ebc66eab3b9f,92223d225d9ed3e356578406ed96f32550fb93bebd14a721cf31ebc66eab3b9f,False,
Nuclear_Graphite_Stress_Surrogate/outputs/13_v12_case_adaptive_tail_gain/iteration_1/case_cache/oracle_grid/case_49.csv,outputs/13_v12_case_adaptive_tail_gain/iteration_1/case_cache/oracle_grid/case_49.csv,non_deployed_completed_decision_support,42670,baa12d752a574a293d67d968a57a1c63e544977f570af544369178a1d5e36dd5,baa12d752a574a293d67d968a57a1c63e544977f570af544369178a1d5e36dd5,False,
Nuclear_Graphite_Stress_Surrogate/outputs/13_v12_case_adaptive_tail_gain/iteration_1/case_cache/oracle_grid/case_51.csv,outputs/13_v12_case_adaptive_tail_gain/iteration_1/case_cache/oracle_grid/case_51.csv,non_deployed_completed_decision_support,42600,4c7eccf3c40e2c7d292e737569838414f14b312f653a8a0c48f882a24cc714b2,4c7eccf3c40e2c7d292e737569838414f14b312f653a8a0c48f882a24cc714b2,False,
Nuclear_Graphite_Stress_Surrogate/outputs/13_v12_case_adaptive_tail_gain/iteration_1/case_cache/oracle_grid/case_52.csv,outputs/13_v12_case_adaptive_tail_gain/iteration_1/case_cache/oracle_grid/case_52.csv,non_deployed_completed_decision_support,42632,915e37260197bef47a1485a602f0d66c6e29ec34cc082fb3aeee1713184750bc,915e37260197bef47a1485a602f0d66c6e29ec34cc082fb3aeee1713184750bc,False,
Nuclear_Graphite_Stress_Surrogate/outputs/13_v12_case_adaptive_tail_gain/iteration_1/case_cache/oracle_grid/case_54.csv,outputs/13_v12_case_adaptive_tail_gain/iteration_1/case_cache/oracle_grid/case_54.csv,non_deployed_completed_decision_support,42563,077143a3411cf137020ab126f74478cfd0bda62efd125a252a6c56a1f6a9ea9e,077143a3411cf137020ab126f74478cfd0bda62efd125a252a6c56a1f6a9ea9e,False,
Nuclear_Graphite_Stress_Surrogate/outputs/13_v12_case_adaptive_tail_gain/iteration_1/case_cache/oracle_grid/case_56.csv,outputs/13_v12_case_adaptive_tail_gain/iteration_1/case_cache/oracle_grid/case_56.csv,non_deployed_completed_decision_support,42075,e1448cadd200a6e1459314561623bb5fb50e6b4b171e4efcd812664e169ab5c1,e1448cadd200a6e1459314561623bb5fb50e6b4b171e4efcd812664e169ab5c1,False,
Nuclear_Graphite_Stress_Surrogate/outputs/13_v12_case_adaptive_tail_gain/iteration_1/case_cache/oracle_grid/case_57.csv,outputs/13_v12_case_adaptive_tail_gain/iteration_1/case_cache/oracle_grid/case_57.csv,non_deployed_completed_decision_support,43185,21e4272231cd64e621dc428675a6dc262aec6c7a07fe1b3a4b73fe23356dbcdb,21e4272231cd64e621dc428675a6dc262aec6c7a07fe1b3a4b73fe23356dbcdb,False,
Nuclear_Graphite_Stress_Surrogate/outputs/13_v12_case_adaptive_tail_gain/iteration_1/case_cache/oracle_grid/case_58.csv,outputs/13_v12_case_adaptive_tail_gain/iteration_1/case_cache/oracle_grid/case_58.csv,non_deployed_completed_decision_support,42986,002ea68d35712e965b7374f5fdf6ea0832370205b313c779a444ce99c80fe50f,002ea68d35712e965b7374f5fdf6ea0832370205b313c779a444ce99c80fe50f,False,
Nuclear_Graphite_Stress_Surrogate/outputs/13_v12_case_adaptive_tail_gain/iteration_1/case_cache/oracle_grid/case_59.csv,outputs/13_v12_case_adaptive_tail_gain/iteration_1/case_cache/oracle_grid/case_59.csv,non_deployed_completed_decision_support,42841,04fd6582dec8203383db9bc3ad74ae780a6b8e83720db9edd9996e640d4028a8,04fd6582dec8203383db9bc3ad74ae780a6b8e83720db9edd9996e640d4028a8,False,
Nuclear_Graphite_Stress_Surrogate/outputs/13_v12_case_adaptive_tail_gain/iteration_1/case_cache/oracle_grid/case_60.csv,outputs/13_v12_case_adaptive_tail_gain/iteration_1/case_cache/oracle_grid/case_60.csv,non_deployed_completed_decision_support,42515,93ac9b7a7496c99e970223d57513897152810163302447ec8fa97ccb93e1999b,93ac9b7a7496c99e970223d57513897152810163302447ec8fa97ccb93e1999b,False,
Nuclear_Graphite_Stress_Surrogate/outputs/13_v12_case_adaptive_tail_gain/iteration_1/case_cache/oracle_grid/case_61.csv,outputs/13_v12_case_adaptive_tail_gain/iteration_1/case_cache/oracle_grid/case_61.csv,non_deployed_completed_decision_support,42814,e2750297084b278b4dbf960ce24a4797a926a9bcac840aa843c7690ac2a24e10,e2750297084b278b4dbf960ce24a4797a926a9bcac840aa843c7690ac2a24e10,False,
Nuclear_Graphite_Stress_Surrogate/outputs/13_v12_case_adaptive_tail_gain/iteration_1/case_cache/oracle_grid/case_62.csv,outputs/13_v12_case_adaptive_tail_gain/iteration_1/case_cache/oracle_grid/case_62.csv,non_deployed_completed_decision_support,41793,0fd295d36b1f2db5b4c5a83905fdef46b7c3a1c6f0a73b8345d4896cd44958f5,0fd295d36b1f2db5b4c5a83905fdef46b7c3a1c6f0a73b8345d4896cd44958f5,False,
Nuclear_Graphite_Stress_Surrogate/outputs/13_v12_case_adaptive_tail_gain/iteration_1/case_cache/oracle_grid/case_63.csv,outputs/13_v12_case_adaptive_tail_gain/iteration_1/case_cache/oracle_grid/case_63.csv,non_deployed_completed_decision_support,43121,42033eff325852bb5d612fd5006abf227a309e82d76fc5a052b0dc27b5dd0ea0,42033eff325852bb5d612fd5006abf227a309e82d76fc5a052b0dc27b5dd0ea0,False,
Nuclear_Graphite_Stress_Surrogate/outputs/13_v12_case_adaptive_tail_gain/iteration_1/case_cache/oracle_grid/case_64.csv,outputs/13_v12_case_adaptive_tail_gain/iteration_1/case_cache/oracle_grid/case_64.csv,non_deployed_completed_decision_support,42512,c57a673fbf1caabf9b5daa1a2bc84ae51e71220bacc29514a006948b34df5ff5,c57a673fbf1caabf9b5daa1a2bc84ae51e71220bacc29514a006948b34df5ff5,False,
Nuclear_Graphite_Stress_Surrogate/outputs/13_v12_case_adaptive_tail_gain/iteration_1/case_cache/oracle_grid/case_66.csv,outputs/13_v12_case_adaptive_tail_gain/iteration_1/case_cache/oracle_grid/case_66.csv,non_deployed_completed_decision_support,42213,34858c5ef03bfafdcc380586455f2f35a545297f343a9c30d6e8fbf051e2f222,34858c5ef03bfafdcc380586455f2f35a545297f343a9c30d6e8fbf051e2f222,False,
Nuclear_Graphite_Stress_Surrogate/outputs/13_v12_case_adaptive_tail_gain/iteration_1/case_cache/oracle_grid/case_67.csv,outputs/13_v12_case_adaptive_tail_gain/iteration_1/case_cache/oracle_grid/case_67.csv,non_deployed_completed_decision_support,42661,1f85314f36c51e8f9e907fd4ce30857be7af94a428188b62da8ca6501db1928d,1f85314f36c51e8f9e907fd4ce30857be7af94a428188b62da8ca6501db1928d,False,
Nuclear_Graphite_Stress_Surrogate/outputs/13_v12_case_adaptive_tail_gain/iteration_1/case_cache/oracle_grid/case_68.csv,outputs/13_v12_case_adaptive_tail_gain/iteration_1/case_cache/oracle_grid/case_68.csv,non_deployed_completed_decision_support,43168,a9d411a21b2f81c4dce1b83e7fae412c3bf2f0a78785a09977fdb74c496041a3,a9d411a21b2f81c4dce1b83e7fae412c3bf2f0a78785a09977fdb74c496041a3,False,
Nuclear_Graphite_Stress_Surrogate/outputs/13_v12_case_adaptive_tail_gain/iteration_1/case_cache/oracle_grid/case_69.csv,outputs/13_v12_case_adaptive_tail_gain/iteration_1/case_cache/oracle_grid/case_69.csv,non_deployed_completed_decision_support,42921,cb478f668e41ec0e1f78bc8fcea9a7f59d325263ef60257f6be1e06106e2216b,cb478f668e41ec0e1f78bc8fcea9a7f59d325263ef60257f6be1e06106e2216b,False,
Nuclear_Graphite_Stress_Surrogate/outputs/13_v12_case_adaptive_tail_gain/iteration_1/case_cache/oracle_grid/case_71.csv,outputs/13_v12_case_adaptive_tail_gain/iteration_1/case_cache/oracle_grid/case_71.csv,non_deployed_completed_decision_support,43153,26064f9f1bb6cd51e2454d1efa441da9fc4f5707fbc714e9375adb4b42a927e6,26064f9f1bb6cd51e2454d1efa441da9fc4f5707fbc714e9375adb4b42a927e6,False,
Nuclear_Graphite_Stress_Surrogate/outputs/13_v12_case_adaptive_tail_gain/iteration_1/case_cache/oracle_grid/case_72.csv,outputs/13_v12_case_adaptive_tail_gain/iteration_1/case_cache/oracle_grid/case_72.csv,non_deployed_completed_decision_support,41898,f8b8976dfa720883a636111a14b7718d3a2e8e9276114a2dba96fc1460c1e1db,f8b8976dfa720883a636111a14b7718d3a2e8e9276114a2dba96fc1460c1e1db,False,
Nuclear_Graphite_Stress_Surrogate/outputs/13_v12_case_adaptive_tail_gain/iteration_1/case_cache/oracle_grid/case_73.csv,outputs/13_v12_case_adaptive_tail_gain/iteration_1/case_cache/oracle_grid/case_73.csv,non_deployed_completed_decision_support,41738,19d1183d94b39e61128d9c06ea88db01d79467f2da1d63dbf5f3d190374fe33c,19d1183d94b39e61128d9c06ea88db01d79467f2da1d63dbf5f3d190374fe33c,False,
Nuclear_Graphite_Stress_Surrogate/outputs/13_v12_case_adaptive_tail_gain/iteration_1/case_cache/oracle_grid/case_74.csv,outputs/13_v12_case_adaptive_tail_gain/iteration_1/case_cache/oracle_grid/case_74.csv,non_deployed_completed_decision_support,42738,2504bd4e171180f623828f77e1b3238c87b0c6d6001d0641f6217daca323bd38,2504bd4e171180f623828f77e1b3238c87b0c6d6001d0641f6217daca323bd38,False,
Nuclear_Graphite_Stress_Surrogate/outputs/13_v12_case_adaptive_tail_gain/iteration_1/case_cache/oracle_grid/case_75.csv,outputs/13_v12_case_adaptive_tail_gain/iteration_1/case_cache/oracle_grid/case_75.csv,non_deployed_completed_decision_support,42664,0175887a900f85be37fffe6a899c74e7bb1a4faf67b0f3cd0e57fe7b921d375b,0175887a900f85be37fffe6a899c74e7bb1a4faf67b0f3cd0e57fe7b921d375b,False,
Nuclear_Graphite_Stress_Surrogate/outputs/13_v12_case_adaptive_tail_gain/iteration_1/case_cache/oracle_grid/case_77.csv,outputs/13_v12_case_adaptive_tail_gain/iteration_1/case_cache/oracle_grid/case_77.csv,non_deployed_completed_decision_support,42807,a506c0e2d9ab58d132cd3cf00635b0bcc9a90f4d6c0f1637fd358de4d07e3dea,a506c0e2d9ab58d132cd3cf00635b0bcc9a90f4d6c0f1637fd358de4d07e3dea,False,
Nuclear_Graphite_Stress_Surrogate/outputs/13_v12_case_adaptive_tail_gain/iteration_1/case_cache/oracle_grid/case_78.csv,outputs/13_v12_case_adaptive_tail_gain/iteration_1/case_cache/oracle_grid/case_78.csv,non_deployed_completed_decision_support,42369,32dc3013a8e490d534fc0fe593d89b3f7be17ca90989404933e8e2bfeb0595d3,32dc3013a8e490d534fc0fe593d89b3f7be17ca90989404933e8e2bfeb0595d3,False,
Nuclear_Graphite_Stress_Surrogate/outputs/13_v12_case_adaptive_tail_gain/iteration_1/case_cache/oracle_grid/case_79.csv,outputs/13_v12_case_adaptive_tail_gain/iteration_1/case_cache/oracle_grid/case_79.csv,non_deployed_completed_decision_support,42924,557c871c04930c50ed0f114835879f9129a0db6e031790428a99491698e5ebc3,557c871c04930c50ed0f114835879f9129a0db6e031790428a99491698e5ebc3,False,
Nuclear_Graphite_Stress_Surrogate/outputs/13_v12_case_adaptive_tail_gain/iteration_1/case_cache/oracle_grid/case_81.csv,outputs/13_v12_case_adaptive_tail_gain/iteration_1/case_cache/oracle_grid/case_81.csv,non_deployed_completed_decision_support,43010,e42873bfaf36e87d99bfcaa0fec92ad44878db32e5d5d1a5b79677a538166b88,e42873bfaf36e87d99bfcaa0fec92ad44878db32e5d5d1a5b79677a538166b88,False,
Nuclear_Graphite_Stress_Surrogate/outputs/13_v12_case_adaptive_tail_gain/iteration_1/case_cache/oracle_grid/case_82.csv,outputs/13_v12_case_adaptive_tail_gain/iteration_1/case_cache/oracle_grid/case_82.csv,non_deployed_completed_decision_support,42862,2c779a802e11f980f7c9668562bd1cd5c4423a7ab4e9fdc72375b48555788b46,2c779a802e11f980f7c9668562bd1cd5c4423a7ab4e9fdc72375b48555788b46,False,
Nuclear_Graphite_Stress_Surrogate/outputs/13_v12_case_adaptive_tail_gain/iteration_1/case_cache/oracle_grid/case_83.csv,outputs/13_v12_case_adaptive_tail_gain/iteration_1/case_cache/oracle_grid/case_83.csv,non_deployed_completed_decision_support,43192,a547127ae034dfe5c05196e1a81e1413d579e3a5935f122d8f96ce23bec7fcf7,a547127ae034dfe5c05196e1a81e1413d579e3a5935f122d8f96ce23bec7fcf7,False,
Nuclear_Graphite_Stress_Surrogate/outputs/13_v12_case_adaptive_tail_gain/iteration_1/case_cache/oracle_grid/case_84.csv,outputs/13_v12_case_adaptive_tail_gain/iteration_1/case_cache/oracle_grid/case_84.csv,non_deployed_completed_decision_support,42879,a5b619b1ffcd1edaa41e4074dad9897749e5f730bb460c2260ed8a2d1851b3fb,a5b619b1ffcd1edaa41e4074dad9897749e5f730bb460c2260ed8a2d1851b3fb,False,
Nuclear_Graphite_Stress_Surrogate/outputs/13_v12_case_adaptive_tail_gain/iteration_1/case_cache/oracle_grid/case_85.csv,outputs/13_v12_case_adaptive_tail_gain/iteration_1/case_cache/oracle_grid/case_85.csv,non_deployed_completed_decision_support,42872,b80187401a717cec6329c2c0d8fa3bec8549f09256edfa96416381fd9193e62b,b80187401a717cec6329c2c0d8fa3bec8549f09256edfa96416381fd9193e62b,False,
Nuclear_Graphite_Stress_Surrogate/outputs/13_v12_case_adaptive_tail_gain/iteration_1/case_cache/oracle_grid/case_86.csv,outputs/13_v12_case_adaptive_tail_gain/iteration_1/case_cache/oracle_grid/case_86.csv,non_deployed_completed_decision_support,42785,1e1ccedb4104c587dd66a97fea465460968438f88cbf18e8ab882a994db4e701,1e1ccedb4104c587dd66a97fea465460968438f88cbf18e8ab882a994db4e701,False,
Nuclear_Graphite_Stress_Surrogate/outputs/13_v12_case_adaptive_tail_gain/iteration_1/case_cache/oracle_grid/case_87.csv,outputs/13_v12_case_adaptive_tail_gain/iteration_1/case_cache/oracle_grid/case_87.csv,non_deployed_completed_decision_support,43417,793db4fa37b7dc22a040fd3bb1b483b5b3f4965649d91a449a4f46405185317b,793db4fa37b7dc22a040fd3bb1b483b5b3f4965649d91a449a4f46405185317b,False,
Nuclear_Graphite_Stress_Surrogate/outputs/13_v12_case_adaptive_tail_gain/iteration_1/case_cache/oracle_grid/case_89.csv,outputs/13_v12_case_adaptive_tail_gain/iteration_1/case_cache/oracle_grid/case_89.csv,non_deployed_completed_decision_support,42618,285e3efd743af2f799cdab8389712334a25c9948e7bcd1875bd051539cd1033c,285e3efd743af2f799cdab8389712334a25c9948e7bcd1875bd051539cd1033c,False,
Nuclear_Graphite_Stress_Surrogate/outputs/13_v12_case_adaptive_tail_gain/iteration_1/case_cache/oracle_grid/case_91.csv,outputs/13_v12_case_adaptive_tail_gain/iteration_1/case_cache/oracle_grid/case_91.csv,non_deployed_completed_decision_support,42997,7d80e17e9506eb76811aee7c171b445b48b2b8624541cebfdbfba60b3f5a448c,7d80e17e9506eb76811aee7c171b445b48b2b8624541cebfdbfba60b3f5a448c,False,
Nuclear_Graphite_Stress_Surrogate/outputs/13_v12_case_adaptive_tail_gain/iteration_1/case_cache/oracle_grid/case_92.csv,outputs/13_v12_case_adaptive_tail_gain/iteration_1/case_cache/oracle_grid/case_92.csv,non_deployed_completed_decision_support,43034,0ebb59d47d400680e55c6ca1f7936c798b54e22049ace71332e09f645849835d,0ebb59d47d400680e55c6ca1f7936c798b54e22049ace71332e09f645849835d,False,
Nuclear_Graphite_Stress_Surrogate/outputs/13_v12_case_adaptive_tail_gain/iteration_1/case_cache/oracle_grid/case_93.csv,outputs/13_v12_case_adaptive_tail_gain/iteration_1/case_cache/oracle_grid/case_93.csv,non_deployed_completed_decision_support,43174,bf9c8fae72820c325df6d0a5172946c1b3401379cc7ab31a53450d8be153e3f3,bf9c8fae72820c325df6d0a5172946c1b3401379cc7ab31a53450d8be153e3f3,False,
Nuclear_Graphite_Stress_Surrogate/outputs/13_v12_case_adaptive_tail_gain/iteration_1/case_cache/oracle_grid/case_94.csv,outputs/13_v12_case_adaptive_tail_gain/iteration_1/case_cache/oracle_grid/case_94.csv,non_deployed_completed_decision_support,42740,622bed7b3b67b3014575a2981ea14cc4905fd5505560fc3ba6257859b1697477,622bed7b3b67b3014575a2981ea14cc4905fd5505560fc3ba6257859b1697477,False,
Nuclear_Graphite_Stress_Surrogate/outputs/13_v12_case_adaptive_tail_gain/iteration_1/case_cache/oracle_grid/case_95.csv,outputs/13_v12_case_adaptive_tail_gain/iteration_1/case_cache/oracle_grid/case_95.csv,non_deployed_completed_decision_support,42798,8c2bf820dfa4e0ac3d64008d169f49755dd591bf5358729b21623139b6ec407a,8c2bf820dfa4e0ac3d64008d169f49755dd591bf5358729b21623139b6ec407a,False,
Nuclear_Graphite_Stress_Surrogate/outputs/13_v12_case_adaptive_tail_gain/iteration_1/case_cache/oracle_grid/case_96.csv,outputs/13_v12_case_adaptive_tail_gain/iteration_1/case_cache/oracle_grid/case_96.csv,non_deployed_completed_decision_support,42358,9f81c31f1483940f57361e4e5ef50c9474ae81e90368c7022f3a623d94c5df23,9f81c31f1483940f57361e4e5ef50c9474ae81e90368c7022f3a623d94c5df23,False,
Nuclear_Graphite_Stress_Surrogate/outputs/13_v12_case_adaptive_tail_gain/iteration_1/case_cache/oracle_grid/case_97.csv,outputs/13_v12_case_adaptive_tail_gain/iteration_1/case_cache/oracle_grid/case_97.csv,non_deployed_completed_decision_support,42945,c37dabe648e7545da08d681c646065ace96a6007d56ee4c80f8fd34ccae5ac22,c37dabe648e7545da08d681c646065ace96a6007d56ee4c80f8fd34ccae5ac22,False,
Nuclear_Graphite_Stress_Surrogate/outputs/13_v12_case_adaptive_tail_gain/iteration_1/case_cache/oracle_grid/case_98.csv,outputs/13_v12_case_adaptive_tail_gain/iteration_1/case_cache/oracle_grid/case_98.csv,non_deployed_completed_decision_support,43483,3722658a4750c5ce5c889aa64fc8673f1adb8dcb5a26c1210b71485b17095633,3722658a4750c5ce5c889aa64fc8673f1adb8dcb5a26c1210b71485b17095633,False,
Nuclear_Graphite_Stress_Surrogate/outputs/13_v12_case_adaptive_tail_gain/iteration_1/case_cache/oracle_grid/case_99.csv,outputs/13_v12_case_adaptive_tail_gain/iteration_1/case_cache/oracle_grid/case_99.csv,non_deployed_completed_decision_support,42841,0c51d74ba03a7a30dec244672e1df4e68808bf7ecd2155127591cb878be771ed,0c51d74ba03a7a30dec244672e1df4e68808bf7ecd2155127591cb878be771ed,False,
Nuclear_Graphite_Stress_Surrogate/outputs/13_v12_case_adaptive_tail_gain/iteration_1/design_rationale.json,outputs/13_v12_case_adaptive_tail_gain/iteration_1/design_rationale.json,non_deployed_completed_decision_support,1545,adad72996c237215a3cec67af97404b5384b2c4207d91983f0cb2608fdaa23f1,adad72996c237215a3cec67af97404b5384b2c4207d91983f0cb2608fdaa23f1,False,
Nuclear_Graphite_Stress_Surrogate/outputs/13_v12_case_adaptive_tail_gain/iteration_1/executed_notebooks/v12_case_adaptive_gain_executed_job_18853158.ipynb,outputs/13_v12_case_adaptive_tail_gain/iteration_1/executed_notebooks/v12_case_adaptive_gain_executed_job_18853158.ipynb,non_deployed_completed_decision_support,137044,69ed261e0bc15504f7ad7f31e85680e767843cad057e8c26ac2fd9dcaa6fd9a2,69ed261e0bc15504f7ad7f31e85680e767843cad057e8c26ac2fd9dcaa6fd9a2,False,
Nuclear_Graphite_Stress_Surrogate/outputs/13_v12_case_adaptive_tail_gain/iteration_1/final_configuration_candidate_scores.csv,outputs/13_v12_case_adaptive_tail_gain/iteration_1/final_configuration_candidate_scores.csv,non_deployed_completed_decision_support,7347,629fd2ee72c12f97783040204b2df5b11c777639b6538344ed2f1f807910d22c,629fd2ee72c12f97783040204b2df5b11c777639b6538344ed2f1f807910d22c,False,
Nuclear_Graphite_Stress_Surrogate/outputs/13_v12_case_adaptive_tail_gain/iteration_1/final_configuration_cv_fold_manifest.csv,outputs/13_v12_case_adaptive_tail_gain/iteration_1/final_configuration_cv_fold_manifest.csv,non_deployed_completed_decision_support,3087,93329f4f55db52764734d842d3bc078573be7e4c3b1d83ff8ca42aedfa9a5932,93329f4f55db52764734d842d3bc078573be7e4c3b1d83ff8ca42aedfa9a5932,False,
Nuclear_Graphite_Stress_Surrogate/outputs/13_v12_case_adaptive_tail_gain/iteration_1/frozen_input_hash_audit.csv,outputs/13_v12_case_adaptive_tail_gain/iteration_1/frozen_input_hash_audit.csv,non_deployed_completed_decision_support,1452,46cde84cf30c79901ec554bf34d385b61149cc48e27ad95ec9f988941813bb7b,46cde84cf30c79901ec554bf34d385b61149cc48e27ad95ec9f988941813bb7b,False,
Nuclear_Graphite_Stress_Surrogate/outputs/13_v12_case_adaptive_tail_gain/iteration_1/gain_candidate_registry.csv,outputs/13_v12_case_adaptive_tail_gain/iteration_1/gain_candidate_registry.csv,non_deployed_completed_decision_support,3224,f48866e52010bd205a1280a7291bd6d1f0f9864a11f351fa6164aca51755bd1a,f48866e52010bd205a1280a7291bd6d1f0f9864a11f351fa6164aca51755bd1a,False,
Nuclear_Graphite_Stress_Surrogate/outputs/13_v12_case_adaptive_tail_gain/iteration_1/gain_layer_nested_oof_predictions.csv,outputs/13_v12_case_adaptive_tail_gain/iteration_1/gain_layer_nested_oof_predictions.csv,non_deployed_completed_decision_support,73313,a29111ea639971cf5ddab013f8965e4b3961d097d9f86a1818f8de6cd34fade3,a29111ea639971cf5ddab013f8965e4b3961d097d9f86a1818f8de6cd34fade3,False,
Nuclear_Graphite_Stress_Surrogate/outputs/13_v12_case_adaptive_tail_gain/iteration_1/gain_model_refit_on_149.json,outputs/13_v12_case_adaptive_tail_gain/iteration_1/gain_model_refit_on_149.json,non_deployed_completed_decision_support,1203,54c6b56a02f336f3c6d21ba08d21e29b1e61e11f060086d95de6d4560a7fc78c,54c6b56a02f336f3c6d21ba08d21e29b1e61e11f060086d95de6d4560a7fc78c,False,
Nuclear_Graphite_Stress_Surrogate/outputs/13_v12_case_adaptive_tail_gain/iteration_1/nested_inner_candidate_scores.csv,outputs/13_v12_case_adaptive_tail_gain/iteration_1/nested_inner_candidate_scores.csv,non_deployed_completed_decision_support,35815,4f98072787f34ad827aed5ebea2b772a2c19fd40eac32fd902928e79c461c0fe,4f98072787f34ad827aed5ebea2b772a2c19fd40eac32fd902928e79c461c0fe,False,
Nuclear_Graphite_Stress_Surrogate/outputs/13_v12_case_adaptive_tail_gain/iteration_1/nested_outer_fold_manifest.csv,outputs/13_v12_case_adaptive_tail_gain/iteration_1/nested_outer_fold_manifest.csv,non_deployed_completed_decision_support,3087,3ea458f99819e02d08e99f86a389b28838ec51997bf4c58f15a89c78de693576,3ea458f99819e02d08e99f86a389b28838ec51997bf4c58f15a89c78de693576,False,
Nuclear_Graphite_Stress_Surrogate/outputs/13_v12_case_adaptive_tail_gain/iteration_1/nested_outer_selected_candidates.csv,outputs/13_v12_case_adaptive_tail_gain/iteration_1/nested_outer_selected_candidates.csv,non_deployed_completed_decision_support,1148,4e7311bfe74965a521a8f87051c3d664ee51bbaecabe711e653f3e7a8f07e571,4e7311bfe74965a521a8f87051c3d664ee51bbaecabe711e653f3e7a8f07e571,False,
Nuclear_Graphite_Stress_Surrogate/outputs/13_v12_case_adaptive_tail_gain/iteration_1/oracle_gain_grid_case_metrics.csv.gz,outputs/13_v12_case_adaptive_tail_gain/iteration_1/oracle_gain_grid_case_metrics.csv.gz,non_deployed_completed_decision_support,1318252,50c480b7475bcc515493ae178c56ba2ed48a29affe26c880fd31908951c9a98c,50c480b7475bcc515493ae178c56ba2ed48a29affe26c880fd31908951c9a98c,False,
Nuclear_Graphite_Stress_Surrogate/outputs/13_v12_case_adaptive_tail_gain/iteration_1/oracle_gain_targets.csv,outputs/13_v12_case_adaptive_tail_gain/iteration_1/oracle_gain_targets.csv,non_deployed_completed_decision_support,56379,3954932218eb5d6ba71cae215873771afbf0559f9c9e05fae86da7d2cfed3e45,3954932218eb5d6ba71cae215873771afbf0559f9c9e05fae86da7d2cfed3e45,False,
Nuclear_Graphite_Stress_Surrogate/outputs/13_v12_case_adaptive_tail_gain/iteration_1/preflight_checks.csv,outputs/13_v12_case_adaptive_tail_gain/iteration_1/preflight_checks.csv,non_deployed_completed_decision_support,259,537dc113bc70c790a7618119082a91f6fcf0d8c7edfa6cc3dd6c314f49bcf67e,537dc113bc70c790a7618119082a91f6fcf0d8c7edfa6cc3dd6c314f49bcf67e,False,
Nuclear_Graphite_Stress_Surrogate/outputs/13_v12_case_adaptive_tail_gain/iteration_1/run_configuration.json,outputs/13_v12_case_adaptive_tail_gain/iteration_1/run_configuration.json,non_deployed_completed_decision_support,663,5ffab56bede48450418a7b2639bdaf79db0932949c539924597b83b7e53bbc89,5ffab56bede48450418a7b2639bdaf79db0932949c539924597b83b7e53bbc89,False,
Nuclear_Graphite_Stress_Surrogate/outputs/13_v12_case_adaptive_tail_gain/iteration_1/run_status.json,outputs/13_v12_case_adaptive_tail_gain/iteration_1/run_status.json,non_deployed_completed_decision_support,859,b8a6c877a6cc16763b36fdaf37567c0326b21c774dd08043542867f79e944143,b8a6c877a6cc16763b36fdaf37567c0326b21c774dd08043542867f79e944143,False,
Nuclear_Graphite_Stress_Surrogate/outputs/13_v12_case_adaptive_tail_gain/iteration_1/selected_deployment_formula.csv,outputs/13_v12_case_adaptive_tail_gain/iteration_1/selected_deployment_formula.csv,non_deployed_completed_decision_support,3040,0c3d7d53520a4c8c6d546afa048a2b2414cff6ef50bbf74691c6157bd53ff4f9,0c3d7d53520a4c8c6d546afa048a2b2414cff6ef50bbf74691c6157bd53ff4f9,False,
Nuclear_Graphite_Stress_Surrogate/outputs/13_v12_case_adaptive_tail_gain/iteration_1/selected_deployment_formula.txt,outputs/13_v12_case_adaptive_tail_gain/iteration_1/selected_deployment_formula.txt,non_deployed_completed_decision_support,3079,f82b1034bd66048d2fe0abfaa0ba73115cf8dbadc8e4a56ba8d5b393ba8c7b73,f82b1034bd66048d2fe0abfaa0ba73115cf8dbadc8e4a56ba8d5b393ba8c7b73,False,
Nuclear_Graphite_Stress_Surrogate/outputs/13_v12_case_adaptive_tail_gain/iteration_1/v12_candidate_adaptive_formula.csv,outputs/13_v12_case_adaptive_tail_gain/iteration_1/v12_candidate_adaptive_formula.csv,non_deployed_completed_decision_support,4730,8974b14c2602142c357776bb8200264381677235124138dddb5749f8acd80026,8974b14c2602142c357776bb8200264381677235124138dddb5749f8acd80026,False,
Nuclear_Graphite_Stress_Surrogate/outputs/13_v12_case_adaptive_tail_gain/iteration_1/v12_candidate_adaptive_formula.txt,outputs/13_v12_case_adaptive_tail_gain/iteration_1/v12_candidate_adaptive_formula.txt,non_deployed_completed_decision_support,4887,4b7ed3026c604ae9390e3cf4bcf5193385af4080e5f6292f3a7c9e512f17e71e,4b7ed3026c604ae9390e3cf4bcf5193385af4080e5f6292f3a7c9e512f17e71e,False,
Nuclear_Graphite_Stress_Surrogate/outputs/13_v12_case_adaptive_tail_gain/iteration_1/v12_case_metric_deltas.png,outputs/13_v12_case_adaptive_tail_gain/iteration_1/v12_case_metric_deltas.png,non_deployed_completed_decision_support,95683,cc51500ad2ac17f10ef655395a3745e27aa4da16453b924630db12be58fdc91e,cc51500ad2ac17f10ef655395a3745e27aa4da16453b924630db12be58fdc91e,False,
Nuclear_Graphite_Stress_Surrogate/outputs/13_v12_case_adaptive_tail_gain/iteration_1/v12_comparison_case_metrics.csv.gz,outputs/13_v12_case_adaptive_tail_gain/iteration_1/v12_comparison_case_metrics.csv.gz,non_deployed_completed_decision_support,113021,b6265a09875a7705390f42b5285ba79b5f696c7e2d4964f47aad9067b4257530,b6265a09875a7705390f42b5285ba79b5f696c7e2d4964f47aad9067b4257530,False,
Nuclear_Graphite_Stress_Surrogate/outputs/13_v12_case_adaptive_tail_gain/iteration_1/v12_comparison_scope_metrics.csv,outputs/13_v12_case_adaptive_tail_gain/iteration_1/v12_comparison_scope_metrics.csv,non_deployed_completed_decision_support,6156,c97ccc12ea3767cd125ac2003b1281577d6eedb68323ca5c18013e52e44cdc65,c97ccc12ea3767cd125ac2003b1281577d6eedb68323ca5c18013e52e44cdc65,False,
Nuclear_Graphite_Stress_Surrogate/outputs/13_v12_case_adaptive_tail_gain/iteration_1/v12_complete.json,outputs/13_v12_case_adaptive_tail_gain/iteration_1/v12_complete.json,non_deployed_completed_decision_support,836,7951c2007402536ee12e16fef51d05689fa39373cb0b7105a3b4d2ca617dfc5c,7951c2007402536ee12e16fef51d05689fa39373cb0b7105a3b4d2ca617dfc5c,False,
Nuclear_Graphite_Stress_Surrogate/outputs/13_v12_case_adaptive_tail_gain/iteration_1/v12_oracle_and_oof_gain.png,outputs/13_v12_case_adaptive_tail_gain/iteration_1/v12_oracle_and_oof_gain.png,non_deployed_completed_decision_support,119476,0147d7601e2e6d27e9537bd498192a100ffc8d1ce2d871cab542aeb0baf0e0e0,0147d7601e2e6d27e9537bd498192a100ffc8d1ce2d871cab542aeb0baf0e0e0,False,
Nuclear_Graphite_Stress_Surrogate/outputs/13_v12_case_adaptive_tail_gain/iteration_1/v12_paired_similarity_group_bootstrap.csv,outputs/13_v12_case_adaptive_tail_gain/iteration_1/v12_paired_similarity_group_bootstrap.csv,non_deployed_completed_decision_support,2024,59b1dc749cbb2afe2c267574a0b77107117b373509d16c807c10e97168653694,59b1dc749cbb2afe2c267574a0b77107117b373509d16c807c10e97168653694,False,
Nuclear_Graphite_Stress_Surrogate/outputs/13_v12_case_adaptive_tail_gain/iteration_1/v12_promotion_decision.json,outputs/13_v12_case_adaptive_tail_gain/iteration_1/v12_promotion_decision.json,non_deployed_completed_decision_support,516,c211ff84fb575f60991dc37119f4ecfbdaa442a7de05ccb0deae8823c00242f0,c211ff84fb575f60991dc37119f4ecfbdaa442a7de05ccb0deae8823c00242f0,False,
Nuclear_Graphite_Stress_Surrogate/outputs/13_v12_case_adaptive_tail_gain/iteration_1/v12_promotion_gates.csv,outputs/13_v12_case_adaptive_tail_gain/iteration_1/v12_promotion_gates.csv,non_deployed_completed_decision_support,898,e773a0802ae3b6a3c100e258a300645cbb143f41f25bc2536848c8c0a5bd8fee,e773a0802ae3b6a3c100e258a300645cbb143f41f25bc2536848c8c0a5bd8fee,False,
Nuclear_Graphite_Stress_Surrogate/outputs/13_v12_case_adaptive_tail_gain/iteration_1/v12_signature.json,outputs/13_v12_case_adaptive_tail_gain/iteration_1/v12_signature.json,non_deployed_completed_decision_support,12916,d0b78e0a5e50e002549a4f41847e1a79f07beae2da8a4601a3aa0f575896fd17,d0b78e0a5e50e002549a4f41847e1a79f07beae2da8a4601a3aa0f575896fd17,False,
Nuclear_Graphite_Stress_Surrogate/notebooks/13_V12_Case_Adaptive_Tail_Gain/01_V12_Formal_Case_Adaptive_Tail_Gain.ipynb,notebooks/13_V12_Case_Adaptive_Tail_Gain/01_V12_Formal_Case_Adaptive_Tail_Gain.ipynb,non_deployed_completed_decision_support,10015,a88e093f9cdd6cc1d156b333a70021c3b3a511fb8c2d0eacfd2befe4f553840b,279fc25e475af7bdc164ae68a0e0b58923854768439cea859659379abd911b12,True,provenance/original_code/notebooks/13_V12_Case_Adaptive_Tail_Gain/01_V12_Formal_Case_Adaptive_Tail_Gain.ipynb
Nuclear_Graphite_Stress_Surrogate/notebooks/13_V12_Case_Adaptive_Tail_Gain/CSF3_RUNBOOK_CN.md,notebooks/13_V12_Case_Adaptive_Tail_Gain/CSF3_RUNBOOK.md,non_deployed_completed_decision_support,3130,f2b3e8ed10aa14a69a65b0dfd4e229412f24f5176a4ab658a62522a4821be6f9,e8980288cb32799ce19dfb16571b4fcd07125d9fa70338151c10565202c9de41,True,provenance/original_code/notebooks/13_V12_Case_Adaptive_Tail_Gain/CSF3_RUNBOOK_CN.md
Nuclear_Graphite_Stress_Surrogate/notebooks/13_V12_Case_Adaptive_Tail_Gain/README.md,notebooks/13_V12_Case_Adaptive_Tail_Gain/README.md,non_deployed_completed_decision_support,728,4d961dca39dbd75fea98192bf18984990f3661583a5fa91a99d854cb37420c78,4d961dca39dbd75fea98192bf18984990f3661583a5fa91a99d854cb37420c78,False,
