case_id,case_number,n_elements,stress_mean,stress_std,stress_min,stress_p50,stress_p95,stress_p99,stress_max,negative_stress_fraction,fluence_rate_mean,fluence_rate_std,fluence_rate_min,fluence_rate_p95,fluence_rate_max,temperature_mean,temperature_std,temperature_min,temperature_p95,temperature_max,weight_loss_rate_mean,weight_loss_rate_std,weight_loss_rate_min,weight_loss_rate_p95,weight_loss_rate_max,rho_mean,rho_std,rho_min,rho_p95,rho_max,rho_normalized_mean,rho_normalized_std,rho_normalized_min,rho_normalized_p95,rho_normalized_max,theta_mean,theta_std,theta_min,theta_p95,theta_max,z_mean,z_std,z_min,z_p95,z_max
case_00,0,400360,5.657507153496854,3.181027242400103,-3.172302,5.851552,10.018842249999999,16.301392039999975,36.839527,0.05360675392147068,3.374108107603157,0.3965992745168012,2.768424,4.303172,5.156157,391.8382429587771,18.73188569998062,349.730591,430.250153,448.080841,0.36157725499050847,0.05707523955510516,0.271115,0.465636,0.651253,187.35950391136237,17.368004262060357,130.08076833707145,212.34582460926052,222.9602325638549,0.6166996768460429,0.18699509527372984,0.0,0.885718462709074,1.0,0.3441803380819521,0.14121688102234406,0.007523603787450291,0.5587885144279174,0.7734890497688124,443.3786213836471,256.9229090073778,1.80217,842.49713405,885.332458
case_01,1,400360,5.896753568793088,3.2423324780590135,-2.957045,6.161639,10.32623455,16.55845914999993,37.168056,0.05535268258567289,3.3994240700369662,0.4025073626796004,2.767359,4.336072,5.164451,398.77362800695374,15.54421821477843,350.381775,431.372925,448.643555,0.3569064037965831,0.05417116637237635,0.269001,0.493156,0.612434,187.3854671667359,17.365409168686778,130.1013785963838,212.36359324508362,223.11047015588582,0.6158977322523883,0.18670657757771303,0.0,0.8844534794329547,1.0,0.3441585673821847,0.1411815479282126,0.007521217795183647,0.5586252937273243,0.7734890933034965,443.3778565619392,256.892782789382,1.778396,842.4595462,885.380127
case_02,2,400360,5.303348993770608,2.92066906761752,-2.705812,5.518205,9.260634249999999,15.004645239999999,30.379568,0.054393545808772106,3.5136015932660607,0.34767109836972615,2.806002,4.305572,5.132253,385.4642086261764,19.434255899982666,346.436432,428.165405,446.756226,0.3487144387850934,0.06111748142626292,0.263375,0.49144,0.643435,187.33485910589042,17.371244497984488,130.08269502436363,212.327112215638,222.87726033937008,0.6169775556054915,0.18720109781230113,0.0,0.8863064007259707,1.0,0.34420921117792086,0.1412298051627311,0.007522132625771465,0.5588190807524116,0.7734898260612012,443.2570905827905,256.914506507926,1.776116,842.345398,885.126282
case_03,3,400360,5.865380501313817,3.231615710761534,-2.97029,6.136682,10.295457449999997,16.595025859999957,36.846855,0.05476071535617944,3.4025834498351504,0.40272037542420597,2.766215,4.340968,5.164034,389.5937170393046,18.464420236315686,347.499481,427.961975,447.788239,0.3459012613447897,0.0604291281511835,0.258073,0.486324,0.639227,187.38966487688242,17.371869327342427,130.1009761978512,212.38357166844202,223.03091155655179,0.6164718447064705,0.18693512763447742,0.0,0.8854261563078455,1.0,0.34418976505763266,0.14122214871878352,0.007520619056555804,0.5587551305423456,0.7734909950172892,443.428164815651,256.9447155134829,1.785189,842.5753933,885.472168
case_04,4,400360,5.560220248441403,3.0143775687754126,-2.821087,5.8233425,9.61881295,15.45149948999997,30.850971,0.05281246877809971,3.4195047981616553,0.39766279090511475,2.74741,4.343251,5.168924,384.05810933140157,19.312503416124,348.230652,426.604828,446.256592,0.3060251978019783,0.0334709258447417,0.264059,0.386116,0.634794,187.39831174880825,17.378261024395446,130.1309604977069,212.41288766917535,222.96824129335374,0.6168572663945001,0.18719054323282502,0.0,0.8863026412049616,1.0,0.34423794753784137,0.1412434003850091,0.007522029759254929,0.558879640021104,0.7734917126670157,443.29954754252185,256.97658784110416,1.776468,842.481934,885.240845
case_05,5,400360,5.68858360294485,3.072128289135215,-2.957381,5.940132,9.737412299999995,15.708633759999996,31.527887,0.052892396842841444,3.422907869537417,0.39755524045105306,2.752068,4.355105,5.169002,395.67383218127674,16.20498871297774,348.838318,429.563629,448.443878,0.3064597638924968,0.03283956847208405,0.262595,0.382783,0.623435,187.39193119233656,17.370598578017624,130.14242809979487,212.3815369393749,222.99934114455726,0.6165346360905204,0.18706844766252345,0.0,0.8856541332570043,1.0,0.34419444593539367,0.14120237190722337,0.007522325712979483,0.5587511441845522,0.773488838270225,443.2600465457338,256.9244822235678,1.773674,842.367065,885.134155
case_06,6,400360,5.917631487593667,3.1990670558189214,-2.954928,6.1567430000000005,10.1345703,15.962083849999965,32.994495,0.05531771405734839,3.4794045345189324,0.3796921991330971,2.778795,4.35403,5.141026,426.30609368294523,10.813059458905622,354.577362,442.930115,450.025421,0.34042787481266856,0.04245031556334109,0.273796,0.452164,0.594613,187.41791307855377,17.357648911025894,130.09745108080875,212.37893386292637,223.12880295569386,0.6161413420588951,0.1865784873724037,0.0,0.8844489639662053,1.0,0.34409242824599057,0.1411033525473776,0.007525000208173209,0.5582802412260832,0.7734821948791971,443.2645360004845,256.860235384127,1.761633,842.30408005,885.013
case_07,7,400360,5.859768688005794,3.2488966888725734,-2.972306,6.123167499999999,10.397610949999999,16.62592178999999,36.877163,0.054745728844040366,3.4379995251473683,0.39870613331974974,2.759,4.367437,5.17659,386.0903213901888,18.992522366766362,347.128113,428.291718,447.08551,0.34584765517034677,0.06014971133365571,0.260389,0.486649,0.636898,187.4148773500498,17.37323320119997,130.1147186674334,212.40952799935144,223.0675282816469,0.6164435364614794,0.18690379853287847,0.0,0.8853396650781201,1.0,0.34418550231981476,0.14122040132905642,0.007521972356252487,0.5587462394832662,0.7734901300953938,443.4820296386176,256.9726047614899,1.785555,842.6760921,885.58136
case_08,8,400360,5.761602222991808,3.1948327401276693,-2.912162,6.0211385,10.236218699999998,16.442389029999962,36.863369,0.05467329403536817,3.421047468358479,0.39763518339908677,2.754006,4.325965,5.164699,384.57955732930367,19.46599213947591,346.412109,427.104401,446.501465,0.35254456033569787,0.0627534572831825,0.270432,0.502206,0.663197,187.3937995395945,17.374172133839373,130.09443285467384,212.39120723881473,223.08549167877987,0.6161814631372597,0.186837018026678,0.0,0.8849966375778824,1.0,0.34419827284493404,0.14123151298542058,0.00752152046614865,0.55877074096806,0.7734915037990615,443.46454478837563,256.9557954747222,1.788424,842.6403871,885.581116
case_09,9,400360,5.830704358891998,3.2276291768969436,-2.949218,6.104760000000001,10.316566449999996,16.546117079999973,36.544247,0.05475821760415626,3.423437508941954,0.39829987556938357,2.762548,4.353585,5.172739,385.6747040516135,19.081666930287827,346.530853,427.490021,447.227844,0.35212403041262863,0.06336947655318946,0.270291,0.50177,0.665432,187.40426064497728,17.37298929413417,130.10384666716266,212.39764855589846,223.06730927636076,0.6163756423176214,0.18687975691231665,0.0,0.8852273740564542,1.0,0.34418851733276823,0.1412247112215538,0.007521539873692398,0.5587513037085126,0.7734906046359089,443.4830515401588,256.9607178531357,1.788697,842.65869405,885.589294
case_10,10,400360,5.735561601341293,3.1673947854851714,-2.945113,6.0166315,10.1461349,16.147419889999977,36.00317,0.05443600759316615,3.4347833844539903,0.3976389283865927,2.759705,4.36317,5.175215,386.953493130043,18.64065031471643,345.65033,426.160583,447.883667,0.3542420616844841,0.05687231374572126,0.26364,0.485288,0.631169,187.40487247626638,17.371221331188085,130.1140272242221,212.3961679627331,223.04801082514422,0.6164681963711254,0.1869200120139446,0.0,0.885382693717808,1.0,0.3441819847429735,0.14121545186802015,0.007521359556306829,0.5587407963435412,0.7734898805970666,443.4648394107654,256.9594307448851,1.784812,842.63550105,885.534973
case_11,11,400360,6.201051010972625,3.387599681843392,-3.106881,6.413199499999999,10.622379299999999,17.00291882999994,35.556187,0.056224398041762415,3.4233638439404532,0.39777581114039434,2.756908,4.352518,5.171186,439.5626743613348,10.967500685286902,361.064301,447.817444,452.977417,0.35631905676890796,0.05239559001082117,0.273428,0.493054,0.604101,187.4485986078826,17.35730301210365,130.07818340213706,212.40635990985152,223.2212184827872,0.6159388638782277,0.1863510567062197,0.0,0.8838897770126195,1.0,0.3440658771926901,0.14108590673083896,0.007524634803434118,0.5582090615722859,0.7734813004614105,443.39762379546653,256.8625095829639,1.768174,842.4624721499999,885.221191
case_12,12,400360,5.673345498373963,3.1410449263929787,-2.870369,5.9345765,10.08211455,16.14257744999998,36.231949,0.05490308722150065,3.4136348524128293,0.3964236678148079,2.772157,4.322354,5.169035,383.268050727685,19.721619486736117,345.862457,426.666046,446.356384,0.35713610512538696,0.051487136904925734,0.277737,0.494287,0.593496,187.3959105075941,17.374036257313737,130.10426762795885,212.39461564177927,223.08470140407,0.6161688061983936,0.18685690689665863,0.0,0.8850286525008957,1.0,0.3442097588622399,0.14122972266905243,0.007521218542661002,0.5587931982187835,0.7734919104600732,443.41559324493454,256.9577597992037,1.779742,842.59309425,885.485229
case_13,13,400360,5.239577947949346,2.8604114246713808,-2.607141,5.518358,9.118360299999999,14.603178619999984,30.089775,0.0539389549405535,3.3574080132081128,0.3732826919197112,2.742723,4.221429,5.116156,385.402498848876,19.127860725762204,344.830353,425.379944,447.667633,0.35663354930562496,0.05378761066332675,0.270822,0.492313,0.615237,187.2869570338446,17.37345815529089,130.04120677830258,212.29938462394233,222.80229161780062,0.6171310992599185,0.18729252881584674,0.0,0.8867746424911785,1.0,0.34425942667354653,0.14126227773390757,0.007520652477230977,0.5589238317255533,0.7734938083573552,443.13337054340093,256.88889577078675,1.775433,842.16718415,884.88092
case_14,14,400360,5.30042408525577,2.9012568809566264,-2.661698,5.5417845,9.18697725,14.805124429999992,30.952671,0.054558397442301926,3.4991156121490663,0.3551536842138995,2.797448,4.310311,5.132735,385.02027267015706,19.487098903048505,346.343658,427.431,446.496918,0.3577391181336796,0.05154051118533037,0.276686,0.495912,0.591604,187.3445102997134,17.370359443037927,130.0888106948921,212.33498962958777,222.90049771241638,0.6169018304129145,0.18715702732305828,0.0,0.8861618787207943,1.0,0.3442087128418253,0.14122432374903454,0.007521487222848117,0.5588046137365794,0.7734903226589287,443.2493186532122,256.92394630747856,1.771453,842.35351905,885.108337
case_15,15,400360,3.3780577286542117,1.8326936241806389,-1.636916,3.538018,5.832143149999999,9.363035959999984,18.940413,0.05256768907982815,3.176688511060046,0.2720817300588779,2.738358,3.788632,5.072034,389.1473958823059,18.477307207791245,347.442291,427.666748,447.967682,0.35210007665101406,0.06161114981787339,0.270008,0.495243,0.658467,186.96146133330475,17.379016556557872,129.79266389783925,211.94850401356666,222.29220543928707,0.6180441165737991,0.1878821912730299,0.0,0.8881756465670098,1.0,0.34443610916873346,0.1413712330456637,0.0075197503642416945,0.5590943467582242,0.7735093161765884,442.2732369350311,256.6335815858586,1.628299,840.875671,883.255371
case_16,16,400360,5.625429952932361,3.0860617593342337,-2.828829,5.891585,9.801409399999999,15.72046978999996,34.049545,0.054658307523229095,3.4628115439904086,0.38113877305758487,2.772629,4.341715,5.138513,389.45467823346996,18.39823740852426,347.430695,427.851379,447.88147,0.3562471520431611,0.05354922530275033,0.270893,0.491853,0.613197,187.38134726819132,17.36873883059037,130.10832949628988,212.36859629124388,222.9689053079956,0.6167635433150285,0.18704104167746197,0.0,0.8858470462400957,1.0,0.3441798578365412,0.14120614376849128,0.007520996989607745,0.5587307212680919,0.7734894510811303,443.36760019411275,256.93741606380155,1.777246,842.496521,885.345154
case_17,17,400360,5.224712666190428,2.8170961969315162,-2.631021,5.469484,8.88230505,13.956213049999974,27.741571,0.05529773204116295,3.339177342771505,0.3435494681684517,2.760015,4.130488,5.113,440.57299756171454,11.065546738307692,360.543396,448.578278,453.287659,0.3592750547307423,0.05201533804331219,0.278829,0.497217,0.614733,187.22464050033446,17.355403809346043,130.02048852071837,212.1823338689186,222.79823266368936,0.6165719215102297,0.18706430049216627,0.0,0.8855770972571654,1.0,0.34417175611780143,0.14115317352399162,0.007524486303977801,0.5585218359084471,0.7734874221847773,442.8473118788416,256.7107008317906,1.752472,841.63397505,884.13501
case_18,18,400360,5.653727981329303,3.109561443249284,-2.873627,5.9069485,9.9150277,15.8193019399999,36.459854,0.05469577380357678,3.5179468955939655,0.3797723981599812,2.794831,4.379521,5.172271,385.7846689527626,19.037512883754435,346.032135,427.071198,447.284882,0.35971403087221504,0.05231705006442933,0.278365,0.498444,0.617645,187.42944099900984,17.369465795406967,130.13201651492466,212.41583534477965,223.12534434021495,0.616145543169848,0.18678184985528817,0.0,0.8848357269722017,1.0,0.3441617598865363,0.1411956617561887,0.007522679589423531,0.5586803509115158,0.773487549855738,443.46441414013145,256.9665554320439,1.774176,842.663818,885.573486
case_19,19,400360,5.885521276351286,3.242428310509837,-2.930228,6.1872735,10.34379705,16.58169810999995,35.930405,0.05490558497352383,3.423744444180238,0.39797897646321573,2.753111,4.346604,5.169138,390.79240779794185,17.735003131156112,348.82077,430.104095,447.28598,0.3600947923069236,0.06293417882874411,0.279907,0.509549,0.661143,187.4011431564022,17.3680979504324,130.10821224191525,212.3843746007972,223.06101621000974,0.6163658165078324,0.18684856409919487,0.0,0.8851391119639894,1.0,0.3441576799459185,0.1411967854743586,0.007521241862927834,0.558677082754126,0.7734888208803682,443.4512773779373,256.93252020636515,1.785343,842.58331605,885.507263
case_20,20,400360,5.788521283557299,3.186473929393584,-2.904052,6.07803,10.1491031,16.289631819999954,36.2668,0.05497052652612649,3.437698283984413,0.3961823074718879,2.758385,4.357462,5.164716,386.2499527597762,18.953423360841803,346.952972,428.450775,446.967499,0.35694004657807976,0.053173526054223985,0.272313,0.492059,0.610954,187.4096981366159,17.37145568097818,130.11120577905618,212.40378022513275,223.04074802728456,0.6165799483280258,0.18693146722466877,0.0,0.8855372840023366,1.0,0.3441862191893466,0.14121210522879946,0.007521325018756119,0.5587304276191081,0.7734903184685153,443.4354079419672,256.96781378052646,1.780566,842.61957105,885.481934
case_21,21,400360,4.529992943805574,2.43098163222738,-2.33561,4.6619615,8.02169455,12.291291759999956,23.241692,0.05070186831851334,3.7922606410230775,0.33545798821757583,2.910608,4.532018,5.199544,380.0528757337596,17.622686251585723,346.175262,418.720673,438.109741,0.3040465071036067,0.03468087837031126,0.271156,0.373466,0.645199,187.46679479470717,17.375021905923354,130.20029456447617,212.45607754689192,223.09042559502225,0.6164971412452783,0.18704916995121615,0.0,0.8855169227328,1.0,0.3441921879405467,0.14115697972107658,0.007524068611177698,0.5585457469893588,0.7734854088187478,443.2418029795611,256.9589518142688,1.759475,842.406372,885.17804
case_22,22,400360,5.651035436791887,2.9967192258658497,-3.074466,5.835495,9.714675249999997,14.749980679999965,30.03142,0.053262064142271956,3.4392846225996605,0.4003630174403746,2.755073,4.340705,5.188552,446.5657213099611,13.250029482193513,356.364044,450.972198,451.841248,0.27303000725347193,0.03582036002263561,0.259065,0.347037,0.63652,187.44251845455187,17.365226559614673,130.14689943595246,212.4092801793847,223.1549260358486,0.6160287570133582,0.18670675203460405,0.0,0.8844653924043594,1.0,0.3441264960083588,0.14111096167139958,0.007526570878159216,0.5582856406455066,0.7734821190601827,443.19465302263217,256.87838571300284,1.753429,842.2713071,884.923645
case_23,23,400360,1.2989331539389553,0.7224185661683652,-1.129254,1.333761,2.32110575,3.6403850699999993,8.488296,0.05211309821160955,3.075800532081127,0.22656603749283008,2.74838,3.606639,5.078251,365.9365599017883,13.025677950606656,345.03064,396.129517,431.975891,0.4425824847836948,0.04900438234806651,0.293194,0.526744,0.666102,186.9328892774571,17.39244569957909,129.66211680456078,211.94985099954033,222.29374016891887,0.6182637245557809,0.18775926695322476,0.0,0.888333068193226,1.0,0.34452330665320163,0.14137262893096675,0.007519278868838426,0.5590490043497947,0.7735116052967492,441.83355864242174,256.5191724765506,1.350814,840.266663,882.302612
case_24,24,400360,5.304625899425515,2.8360368557102853,-2.740317,5.538913,9.102337549999998,14.599398799999967,27.871834,0.051773403936457185,3.4139649612748526,0.3982802370993739,2.760169,4.319551,5.173142,386.14378801384765,19.015245805230396,347.04834,428.412079,447.129486,0.29689479382555706,0.03347760772823705,0.259235,0.357154,0.640999,187.39598242667677,17.377626081209673,130.15016303179155,212.40707872739037,222.98233429126765,0.6166592746697352,0.18719400661907717,0.0,0.8860819970016829,1.0,0.3442431957227302,0.14124114505199192,0.007522512972148932,0.558909641366344,0.7734916831038421,443.21631454641323,256.9671525615679,1.768282,842.38275405,885.200134
case_26,26,400360,1.8806184682485765,1.1937147761244464,-1.453397,1.8188870000000001,3.9574745999999994,5.851797439999998,12.496564,0.0449595364172245,3.660915607693077,0.19822726839586932,2.888137,4.063336,5.142048,392.06747175803804,17.732149572908522,349.644409,423.915619,447.274506,0.273684193765611,0.03564811458235786,0.259022,0.345787,0.629668,187.0436906066538,17.37528057086715,129.98173214378525,212.01477273844512,222.40734378919058,0.6173825355009729,0.18799205395067475,0.0,0.8875574544140754,1.0,0.3443478651780379,0.14129299171012288,0.007524363173208849,0.5590371590652425,0.7734946591931522,442.2476655019958,256.6440877966166,1.697583,840.87567405,883.141357
case_27,27,400360,4.916951871101009,2.5798938040636945,-2.546501,5.179615500000001,8.1130173,13.111590239999993,27.218611,0.052527725047457285,3.4656831429113795,0.40561709291433357,2.761383,4.414574,5.186887,385.16379896403225,19.54303780220826,346.278168,427.746368,446.623016,0.5838102836247379,0.013321515039792288,0.388904,0.611661,0.692514,187.46057074931912,17.34349981478609,130.10055383518218,212.4118192980309,223.27023254028728,0.6156511185971699,0.1861496149372873,0.0,0.8834555040527212,1.0,0.34403490236107787,0.14109437730008842,0.0075245988789585955,0.558174921952832,0.7734765720591694,443.5822983890124,256.98637470428866,1.778336,842.8259340999999,885.916504
case_28,28,400360,5.526686643625737,3.0371410594517556,-2.923548,5.687355500000001,9.724851749999997,15.672686489999926,36.075844,0.054218703167149565,3.4448088272354873,0.4001663122099355,2.76039,4.344238,5.18863,388.1787385560595,18.41697808822229,346.852417,427.000244,447.947968,0.4003789268058745,0.05028076574854857,0.283914,0.501225,0.660391,187.40218853566373,17.365799341668943,130.100025300534,212.38045290990794,223.17988443815432,0.6156236565679304,0.18656881845935425,0.0,0.8839767095878475,1.0,0.3441500799812428,0.14119750018664612,0.007522035801628853,0.558640693991787,0.7734869500053118,443.5302761043261,256.93569422100677,1.785596,842.69324005,885.739258
case_29,29,400360,2.033673969140274,1.1217530463985834,-1.644327,2.1435625,3.5024187999999996,5.442594619999995,12.888185,0.0517958837046658,3.1236890673593773,0.2309203584107396,2.755556,3.676457,5.082415,392.5955265492656,17.60016330339171,350.008575,424.343292,447.326111,0.31461934311119977,0.028161438162949384,0.282289,0.371442,0.605927,186.94484576832915,17.384544653783546,129.7861740447799,211.94251099535282,222.28465993888668,0.6179417011104923,0.18794409968705386,0.0,0.8881911542273929,1.0,0.34446014983993456,0.14137587218641592,0.0075208657377312,0.5590549129323319,0.7735069165496238,442.0037101838995,256.5707658132377,1.439718,840.512573,882.606018
case_31,31,400360,2.2515061615695875,2.1331415046861877,-1.584755,1.844895,6.1077444,11.439949749999982,18.300753,0.08700669397542211,4.229740827794984,0.16818292021943848,3.296232,4.480955,5.223758,446.71809085479055,13.909849110527041,355.083099,451.426239,452.48645,0.3592778347487262,0.0627281848486853,0.279733,0.50766,0.66255,187.66527757056215,17.405849906081045,130.3464298536026,212.69777457331875,223.15258762547174,0.6176190146547984,0.18755059280513606,0.0,0.8873478516603133,1.0,0.34421048449499464,0.14112004827763278,0.007527191362784665,0.5581199969727667,0.7734823953333709,443.67846924291126,257.274739833319,1.734674,843.31757515,885.66748
case_32,32,400360,5.2712423646742925,3.020560110823219,-2.904277,5.2881345,10.015991249999997,15.11579711999996,33.723785,0.053784094315116396,4.004929962713559,0.30626299252102573,2.99582,4.635653,5.224661,385.78960173647715,19.027661447496378,346.129059,427.220123,447.257385,0.3441199341392748,0.05735316775985968,0.264768,0.480038,0.631123,187.6822069982312,17.376484333682328,130.22148587121055,212.66759771863823,223.47275322465308,0.6161923881337943,0.1863404629968372,0.0,0.8841285935014593,1.0,0.344044079127038,0.1410985302782194,0.007526781445321388,0.5581197313831296,0.773475218894771,443.96918200786035,257.1567128014129,1.772999,843.4951231,886.535645
case_33,33,400360,2.732955371603057,1.4477790390177316,-1.364834,2.8239765,4.628666549999999,7.325875079999977,14.542253,0.05220801278849036,3.414597872195024,0.3979396705399176,2.76291,4.318644,5.17294,357.2992746687581,10.703740559310772,344.502502,370.889587,432.289581,0.35089684731741433,0.029872062274662946,0.313256,0.408726,0.652577,187.36055683726028,17.39718014477075,130.171320260164,212.38650394414478,222.75384800602168,0.6177109004204632,0.18790997144219934,0.0,0.8880205119227721,1.0,0.3443563672371394,0.14124767914209152,0.007522067455345556,0.5590679145063701,0.7734986733321424,442.71856242053667,256.82361601801233,1.744189,841.638916,883.97113
case_34,34,400360,4.684073457578181,2.524208702146414,-2.419906,4.8057615,8.22631895,12.876111369999988,30.058525,0.05537266460185833,3.4060770251573596,0.3977669261015068,2.751372,4.297139,5.170565,389.17871334472966,18.73890765702208,348.082977,428.231049,445.7388,0.5822105084424019,0.04344136323790774,0.317793,0.633679,0.693762,187.31552831487005,17.34499060593603,130.01649728780083,212.2637620346843,223.13338124568855,0.6153452369924964,0.18627116661013196,0.0,0.8832690834465633,1.0,0.34408310014111,0.1411509096294408,0.007523648988764184,0.5583890981304395,0.7734799556843522,443.3577064328206,256.84160508381126,1.767367,842.39405215,885.419617
case_35,35,400360,3.846318012780997,2.0425384324975617,-1.822257,3.9784375,6.875816249999999,10.138929299999976,21.769367,0.05240283744629833,3.440838381256869,0.39711426445585346,2.759996,4.375042,5.15448,371.59784325998606,14.876503382064874,346.456696,408.797974,432.191589,0.6220474093515838,0.04420867634329981,0.328649,0.658518,0.703665,187.27573543639951,17.347761064238625,130.03507709432517,212.2375251646331,222.92352922025927,0.6162300806183093,0.18675907141524223,0.0,0.8849587455592591,1.0,0.3441461661484771,0.14115011218586365,0.0075233001396722565,0.5585414706043309,0.7734843272193347,443.05934310664406,256.7680064139251,1.771506,841.9433041,884.732849
case_36,36,400360,3.0640295819037853,3.4890169140645537,-2.680492,2.393197,9.813024499999997,19.295709149999976,31.747326,0.09026875811769408,4.852125654091318,0.264154648863647,3.136131,5.11726,5.353445,433.7020285303626,10.608514614601024,357.594116,446.052277,449.844604,0.40912520909181743,0.05243881058126928,0.327183,0.548155,0.640191,189.15940655608455,17.494345501568798,131.19431679888353,214.28550742442692,225.0652209146929,0.617497938292881,0.18636600623326127,0.0,0.8851644863570619,1.0,0.34395045550350234,0.14085630751704106,0.007532288280192643,0.5567762445998616,0.773464724428852,446.35881662878916,258.5591072500446,1.731533,848.0761781,890.928772
case_37,37,400360,1.809725144217705,0.9970146393145803,-1.347057,1.8391294999999999,3.3213985499999996,4.850735219999999,11.275752,0.05337196523129184,3.076756550404636,0.22719612401745576,2.746224,3.610256,5.078359,414.60981560983134,11.82834073301023,355.035767,434.848114,449.459045,0.5287749895693874,0.04275547246032931,0.306383,0.592333,0.682197,186.65377719923868,17.34507064809952,129.67350465214975,211.58404875173582,222.01891236740465,0.6170341758930376,0.18782818850703087,0.0,0.8870018133674334,1.0,0.34437857616391815,0.14131198747183182,0.007524263636391494,0.5591311864048832,0.7734984404553348,441.5593198452242,256.26073890030904,1.614113,839.5932071,881.824585
case_38,38,400360,2.321045872824458,3.429639075041129,-2.780449,1.5897445000000001,8.282201349999998,19.17760146999992,30.260347,0.1571360775302228,4.806645055829752,0.23437832540950695,3.26851,5.021554,5.30034,442.8034414681387,11.404434812030033,360.272491,448.969879,451.789185,0.40499913923468883,0.04907650924276384,0.328537,0.506366,0.660927,188.9862153370453,17.499396976036767,131.15611803524996,214.14925847802348,224.81867182015966,0.617430285262118,0.18683450609539282,0.0,0.8860866705958302,1.0,0.34405508706203797,0.1409317898926137,0.007527999803179533,0.5571870011838166,0.773473136417883,446.01242665762317,258.50120402881265,1.717689,847.6062040500001,890.188965
case_39,39,400360,3.087728669332601,2.0169442428640814,-1.875102,2.8712205,6.6460771,10.974814849999987,22.030895,0.05591967229493456,3.9490445724847643,0.31132324309748377,2.978344,4.590047,5.221761,399.27096615681893,7.977414916728158,355.856567,408.461609,442.118073,0.5030649437306424,0.044022921831356386,0.302498,0.571772,0.67509,187.42404507096242,17.359479512021196,130.05863239875436,212.38587743582104,223.22325500489677,0.6157424467302665,0.1863312384724529,0.0,0.8836749694689235,1.0,0.34408553059276104,0.14106518620945174,0.007529146596041109,0.5579030817444565,0.7734772254045754,443.2427681817764,256.83854331372345,1.751523,842.3051211,884.999573
case_40,40,400360,5.041594912493757,2.7663654733411085,-2.507858,5.2600605,8.887292349999997,14.066408739999957,32.352711,0.05476820861224897,3.4764680927964826,0.40113912553594827,2.761162,4.402724,5.189236,375.665873471116,16.153522691001896,346.069855,416.170197,432.421631,0.35583340763313015,0.0554570138047089,0.269553,0.488516,0.625308,187.37213073571428,17.37832427441146,130.1006826298083,212.38615831881722,223.05817357931207,0.6161036353381873,0.1869491538218441,0.0,0.8851946717635474,1.0,0.3442514484043869,0.14121871805806382,0.007520463671797998,0.5588793907291453,0.7734938705358885,443.23444745563233,256.879439282171,1.774027,842.28427455,885.072327
case_41,41,400360,6.320426893700667,3.4704151640347463,-3.182696,6.5542705,11.034744149999996,17.273798919999912,36.401619,0.05581976221400739,3.460669270116895,0.4019866980589237,2.748927,4.406187,5.184,433.3456080570686,10.649464543901557,358.295868,445.913818,450.39502,0.3585264045159356,0.057728752498725874,0.265121,0.488273,0.651889,187.4788361202272,17.35798233824543,130.08430401597644,212.4372409007575,223.27819828464303,0.6158615063213193,0.18625664776068374,0.0,0.8836730939407641,1.0,0.34404317067577983,0.1410820708413445,0.007525526050480756,0.5581703119042473,0.773479699919742,443.4996529867368,256.88913991687554,1.773407,842.60541105,885.444153
case_42,42,400360,4.117154388760116,2.63841011761773,-2.56355,3.8641129999999997,8.9122837,13.769589669999995,24.769958,0.053469377560195826,4.481013464062345,0.2694239554226913,3.039571,4.902855,5.295288,383.34728910072937,18.684776690757673,347.940063,424.371918,445.595093,0.29990072722549704,0.030667530934314464,0.263312,0.377545,0.634376,187.97473441695777,17.40202601896102,130.46084442731492,212.98891900840235,223.7850234319883,0.6162806959894364,0.18646856800197067,0.0,0.8843161060860198,1.0,0.34405539738628504,0.14105244272683562,0.0075296192249286265,0.5577834326898136,0.7734721733313695,444.33992515758064,257.4565366801898,1.757156,844.3075194,887.250549
case_43,43,400360,4.204806520546508,2.650529220006362,-2.622948,3.9873325,9.005365349999996,13.601226049999998,24.576302,0.053082225996603054,4.455991854071334,0.2713603740043116,3.032225,4.886399,5.289196,383.76672881069027,19.644382085354007,346.235168,426.865875,446.456879,0.29530961686482166,0.028425409863547975,0.262092,0.364157,0.627139,187.9591718779839,17.40070694956132,130.45860132320058,212.971514209948,223.6993746746666,0.6166891209496735,0.1866212207825681,0.0,0.8849445357528245,1.0,0.3440565636213904,0.1410616125326879,0.007529740818973327,0.5578070868630771,0.7734718889841802,444.30833505414137,257.47163718982654,1.756252,844.2813232,887.1875
case_44,44,400360,5.3098768897217505,2.8964456854860554,-2.775782,5.473392499999999,9.196964099999999,14.862060789999997,32.257378,0.054753222100109904,3.4213774232191025,0.39623927581453355,2.746314,4.343155,5.159008,390.07418950800286,18.652710203255854,346.101929,431.29184,445.418976,0.4716525974223199,0.04629251818816518,0.297433,0.548049,0.670906,187.3737108347331,17.35557051681967,130.08036507350891,212.34006885284302,223.0202487482797,0.6164559658984902,0.1867397486482003,0.0,0.8850850735642152,1.0,0.34412530817546516,0.14117232917792877,0.007522834043534918,0.5585702305255191,0.7734838409715398,443.44480813522813,256.9190377531212,1.782686,842.5570192,885.51593
case_45,45,400360,5.207303312001697,3.2064131511861462,-2.977837,4.9886325,10.86213065,15.904301419999985,36.33493,0.056953741632530724,4.089926890998102,0.29834878314233726,3.018138,4.690937,5.237214,415.90067413164144,11.671482590442446,352.511871,438.665314,448.995392,0.3532791889299631,0.061167859035589627,0.269622,0.496187,0.657372,187.85021189442364,17.37847341251355,130.26288461207645,212.8139093664753,223.73666854921242,0.6160799836783803,0.18591815459403158,0.0,0.8831462820625403,1.0,0.34395597303639813,0.1409922641475194,0.007529208588550601,0.5574911221232812,0.7734686064448626,444.1962225531197,257.2194574116683,1.766808,843.8458920999999,886.857666
case_46,46,400360,5.6742395378559305,3.0330727966645163,-2.914511,6.0058255,9.59244885,15.382985429999968,31.107517,0.05337196523129184,3.3988831294634836,0.40419979973599657,2.755197,4.339307,5.163165,389.404208580238,18.570665212406983,347.47821,427.892365,447.777161,0.31461449767209515,0.03169558495803848,0.270557,0.391307,0.617161,187.39257007449407,17.373859529379832,130.13505842454737,212.3960954860637,222.9530264276048,0.6168796072766921,0.1871820715662245,0.0,0.8862619903379768,1.0,0.34421546339333314,0.1412283070557362,0.007520197713230405,0.5588218093881062,0.7734917660914473,443.26534276550365,256.9617845661148,1.769428,842.424561,885.153748
case_47,47,400360,5.241447491897292,2.823523965730727,-2.7379,5.4492445,9.033231749999999,14.435490239999996,29.597883,0.05252272954341093,3.4316977288240587,0.4010433302648925,2.747055,4.36946,5.176965,385.2372757013088,19.205395296309014,344.622009,425.995483,447.472382,0.4492832382455789,0.031829855546094944,0.299193,0.502423,0.65365,187.39890295497267,17.35949830704498,130.11783600935755,212.37145396795856,223.05009026385156,0.6163744483024322,0.1867973444344326,0.0,0.8850922493857766,1.0,0.34413914927604666,0.14118561384449588,0.007523423101800153,0.5586391530865417,0.7734844890769853,443.4291014615494,256.957332315478,1.781079,842.6042053,885.506836
case_48,48,400360,6.037508845718854,3.3351000850915997,-3.001598,6.310591499999999,10.652024799999998,16.897045559999995,36.573818,0.05526026576081527,3.426650406993705,0.40089958268784315,2.749147,4.351603,5.176773,405.2811893938656,13.833060614935778,351.109741,434.811249,448.191559,0.360438085123389,0.06309364167982268,0.279177,0.510022,0.661204,187.40562493349105,17.361767430263566,130.07813747978088,212.3770175902295,223.20470602300549,0.6155868121254959,0.18643194634842702,0.0,0.8837314785441673,1.0,0.34410877614036967,0.14114907133132915,0.007522893777712493,0.5584681568267585,0.7734855742576076,443.43785432945833,256.8734803812494,1.780683,842.505066,885.474304
case_49,49,400360,5.852952442971325,3.215940739440598,-2.935967,6.1578325,10.265373299999997,16.352748039999984,34.92754,0.0547057648116695,3.473598123968427,0.3960042355516816,2.774878,4.401815,5.16813,385.6042221860326,19.03378208520621,345.214569,425.490051,447.581482,0.34565476892796476,0.06037381868089057,0.257888,0.486239,0.638922,187.43167281130076,17.37265872870948,130.13658304960714,212.42416705155728,223.05095898749062,0.6166439712192373,0.18697492775847419,0.0,0.8856281191294044,1.0,0.34417037356022545,0.14121265017035756,0.007522097936867712,0.558716558463122,0.773487703705895,443.5073366423868,256.98850875014244,1.78469,842.7159481,885.615173
case_50,50,400360,5.004023699947548,2.792648820516798,-2.702377,5.158485499999999,9.380171199999998,13.507264099999984,29.258865,0.05333449895094415,4.067579442401838,0.30067761177805263,3.019921,4.68634,5.23525,385.0434963063642,19.5558740344731,346.360565,427.645264,446.579224,0.3578377339594365,0.04190942585858796,0.288721,0.444094,0.630876,187.73493526474178,17.377650886306892,130.27806940503925,212.72076834414267,223.47065193867172,0.616539045250375,0.18647032214216658,0.0,0.8846487209360303,1.0,0.34402773784358415,0.14107777037208208,0.007527154304813525,0.5579991266081795,0.7734728846244094,443.93850985119394,257.22400301936426,1.753789,843.5547734,886.447998
case_51,51,400360,3.495074740963133,1.8941586425574573,-1.836094,3.594704,6.196873599999998,9.536470909999991,19.359146,0.04992256968728145,3.5304037377360378,0.25753798610440937,2.861698,4.08345,5.114807,385.83099736087513,19.016506905113445,345.823944,427.055023,447.305725,0.32779376970726354,0.0266861670101629,0.268948,0.38217,0.633316,187.13502730780868,17.371686391895757,130.0095548393168,212.12214797032976,222.51092890668417,0.6175635015636445,0.18779922533090393,0.0,0.88769052307495,1.0,0.34431184488463884,0.1412793116248267,0.007523982776232293,0.5590657691475119,0.7734928763137721,442.59817326573835,256.75092403182316,1.746458,841.40063805,883.870422
case_52,52,400360,5.676126365678392,3.039575526148274,-2.960238,6.0798205,9.567922799999998,15.024835389999993,33.935303,0.05437356379258667,3.4609894500749325,0.4015339400364302,2.749524,4.40536,5.183904,389.7483213135579,18.553014531100846,347.585327,428.378052,447.371521,0.41703212083125213,0.04972604552486944,0.333403,0.51671,0.662697,187.44468061632006,17.36052208870489,130.13858859265866,212.42041121834518,223.13429504638844,0.6162229871566607,0.1866808990514273,0.0,0.8847916292417867,1.0,0.3440973301433673,0.14115720917486888,0.007520536866271801,0.5585104294619138,0.7734839009188695,443.45216797976065,256.96928053337916,1.764827,842.649475,885.52301
case_53,53,400360,6.339503259791188,3.4622647636242703,-3.144134,6.625714,11.004085149999996,17.11994836999995,34.931133,0.055929663303027274,3.4485503194524916,0.39831200317698817,2.771398,4.375607,5.177451,441.0854542425816,11.149336435862999,360.658997,448.672302,452.875305,0.3557967139174743,0.05832845388247443,0.265626,0.490838,0.639725,187.4833348901824,17.357925380736393,130.08609865267022,212.43973259666828,223.23041292977777,0.61621835624613,0.18635517922324243,0.0,0.8841509498797013,1.0,0.3440396218731421,0.141074243998722,0.00752490605592901,0.5581285549486132,0.7734796583519727,443.48642548146915,256.8907050664617,1.771201,842.591614,885.371704
case_54,54,400360,5.355598113672694,2.9192432394905636,-2.837454,5.5391365,9.40645185,14.854768489999993,33.388874,0.05427365371165951,3.480163594804676,0.3963914747073993,2.777627,4.408173,5.185591,388.8660398574682,18.785339311017754,347.909912,428.888184,446.575165,0.4751776306723949,0.04503706704647496,0.298786,0.548418,0.665538,187.43226688656196,17.35577491643449,130.0950340105777,212.39295430327283,223.13542613673224,0.6162617285430185,0.18654021677919844,0.0,0.8845396973510863,1.0,0.34409134944711695,0.14114971542244745,0.007523336730811807,0.5584626012287051,0.7734813765475193,443.567547553824,256.9602038701504,1.782457,842.762634,885.764282
case_55,55,400360,6.142592685760317,3.32046364013323,-3.054961,6.452918,10.440355849999998,16.610363139999965,36.234097,0.055639924068338495,3.3896652935757814,0.4041790806914441,2.748042,4.314603,5.164296,422.64806863924474,10.885795828792142,352.253937,440.816284,450.223328,0.3619372284344092,0.05583412657412356,0.280834,0.495702,0.647856,187.40600217941537,17.35685898984205,130.07393034545152,212.36859080276201,223.269288727295,0.6151816230917938,0.18624166794580996,0.0,0.8830338966038391,1.0,0.3440868366205361,0.14111449835034162,0.007523227914632955,0.5583217712471444,0.7734840143042893,443.3140432762938,256.83206485290583,1.763617,842.332031,885.18988
case_56,56,400360,4.807046601993206,2.7026755031717804,-2.498429,5.013438,9.012357399999999,12.885962169999924,27.99184,0.05306973723648716,3.9566687710260755,0.2822284755029973,2.99213,4.530732,5.185006,391.5683474741932,18.250472784033942,349.562378,431.065308,444.036102,0.3620691739834148,0.05526888574788259,0.280284,0.498426,0.634313,187.54589802411604,17.372495225607864,130.1805027641146,212.52231093677872,223.1905116872703,0.6167658290130514,0.18678092203991625,0.0,0.8853005082570674,1.0,0.34408167010842605,0.1411149540183577,0.007526218879444242,0.5581402402298543,0.7734769104463886,443.56479319454496,257.06115709677005,1.743064,842.90405605,885.702087
case_57,57,400360,5.400399450314718,2.950255350249033,-2.851948,5.5239885,9.728503449999995,14.611289459999997,32.060719,0.054720751323808575,3.451707093695674,0.39790787993679494,2.775826,4.381139,5.178702,420.9455451059445,11.190798059065926,352.441284,442.055939,448.366455,0.5291223198521333,0.04280775181249705,0.30625,0.593336,0.682206,187.46074621603745,17.339773660866424,130.04220203380305,212.3880231960445,223.30240064585792,0.6156811269626915,0.18592898062545057,0.0,0.8829685373584156,1.0,0.3439774211229149,0.14103650141994478,0.007526971457357039,0.5579074261039457,0.7734735346997083,443.5335637192976,256.87044454443844,1.774553,842.62318425,885.606689
case_58,58,400360,3.828242068650714,2.025583118773883,-1.946301,4.005898,6.500666799999999,10.10869461999998,20.552814,0.05154111299830153,3.2952798079728245,0.30939696006193956,2.747835,3.99794,5.104436,397.20342094714755,16.309015160683128,350.234161,431.066498,448.176544,0.4372088642821459,0.024792292781694508,0.320931,0.484191,0.653322,187.05248784060544,17.3562131252711,129.945644089114,212.0161096883521,222.47160121882044,0.6171980871425825,0.18758209764791184,0.0,0.8869993690979987,1.0,0.3442764088042667,0.14125522422754808,0.007522886948819973,0.5589695585636737,0.7734921820097376,442.5157622146642,256.6534829871777,1.751326,841.17126805,883.708801
case_59,59,400360,5.287436591565091,2.880097100103984,-2.818087,5.373981000000001,9.450207149999997,14.66727519999996,32.039619,0.0545259266660006,3.4141134337296424,0.39857577089713053,2.758545,4.321519,5.172413,415.282228282246,11.511651640895638,352.316284,437.541962,448.816345,0.5159758187830953,0.043256514007496354,0.304242,0.582001,0.679384,187.39296525074758,17.340703322006796,130.01723668150223,212.33435224600106,223.30587963640656,0.6150344431205926,0.18588225503922567,0.0,0.8823916069214435,1.0,0.3440249653839539,0.14106827800062832,0.007526108342299092,0.5580992397244308,0.7734772341864491,443.4242688301455,256.8024191876611,1.780005,842.41700115,885.438599
case_60,60,400360,5.622468909713758,3.1225596818361847,-2.851515,5.826555,9.9643318,15.850470419999983,36.916077,0.0554600859226696,3.585988858327504,0.3671204198881814,2.821508,4.409256,5.179694,390.0578032198821,18.760444022770272,346.471771,431.700867,444.184601,0.35761359722249975,0.055800476715866694,0.268104,0.493425,0.622859,187.435063752302,17.368595130648973,130.1146342246064,212.4168169071554,223.1602360569697,0.6160466308871604,0.18666755643046204,0.0,0.8845359808712904,1.0,0.344142305248273,0.1411753538215391,0.007523101346670733,0.5585553629060481,0.7734853341997419,443.509536577725,256.9562183202449,1.772485,842.70339035,885.663269
case_61,61,400360,5.705564880564993,3.079298762561678,-2.937996,6.1001885,9.683256149999997,15.157886729999994,33.851284,0.05327205515036467,3.501137002118093,0.3982103047129919,2.768144,4.439975,5.187944,395.2787579438106,16.925404201425973,351.322906,425.800354,447.073822,0.3529426497552202,0.050330034776288564,0.278179,0.478832,0.624205,187.3829531462083,17.3689630029564,130.1167313422879,212.35650870403944,222.9855143022306,0.6166358595290431,0.18702692604950136,0.0,0.8855481329740716,1.0,0.3441520938769348,0.14118554618338566,0.007522461530532163,0.558621013027072,0.7734852914342473,443.2508627887202,256.9213685077846,1.743764,842.3634090999999,885.077271
case_62,62,400360,2.474723175347187,1.3610917135998204,-1.368866,2.541544,4.507473349999999,6.495289769999995,14.412852,0.05485812768508343,3.798898417244481,0.3343682519738691,2.911783,4.536083,5.200134,353.5232239692476,11.043831850059997,341.685638,368.224518,431.736908,0.40302775458087725,0.04594794957459573,0.317418,0.498765,0.661952,187.38719535488372,17.38822117723835,130.1841310279102,212.40842066740674,222.8730715907452,0.6171509133626879,0.18759758253413908,0.0,0.8870992498156308,1.0,0.3442747634171335,0.1411862679254054,0.0075230415678599625,0.5586880233884352,0.773492229209834,442.81110271643263,256.8177643450038,1.740529,841.7539090500001,884.086182
case_63,63,400360,3.589908255612447,2.5268881685418654,-2.059345,3.2751175000000003,8.285945099999998,13.304288920000001,25.949066,0.05018483364971526,4.257576616405237,0.28480949962438495,3.01795,4.785691,5.26503,392.88341819732244,17.843174633846175,352.310699,425.246124,448.666077,0.4950522809271656,0.04514014846026343,0.302159,0.565334,0.675096,187.89303163393356,17.39058917102442,130.3507520083578,212.87720499576827,223.63447281580343,0.6168523202923415,0.18642683868626683,0.0,0.8846822604531386,1.0,0.343999879310119,0.14101399206104992,0.00753098116938279,0.5574889513084523,0.7734668439280008,444.1676301817314,257.3670110993926,1.717744,844.009827,886.833984
case_64,64,400360,3.9771937320061954,2.1615557973242057,-1.946148,4.170507000000001,6.892904549999998,10.860164639999928,23.34091,0.05452842441802378,3.4654689165351176,0.38983194281560235,2.762124,4.380486,5.155342,365.78301676139483,12.928717916407823,345.008789,395.726868,432.007538,0.35660978183634723,0.055264239854107215,0.267915,0.492653,0.621131,187.2975861293997,17.386987066388855,130.0679508725373,212.3176384461961,222.7925500264761,0.6172001365231174,0.18751212973726056,0.0,0.8870320101045694,1.0,0.3443362016064809,0.14125515584571496,0.007521708280654783,0.5590687773353499,0.7734984835002578,442.87980624620087,256.8211224959033,1.761236,841.808594,884.285339
case_65,65,400360,1.9760866150814265,1.5821478314608262,-1.188056,1.7406185,4.7974058999999984,8.623872119999987,14.879846,0.06348286542112098,4.538838003916475,0.26605022376339515,3.056925,4.937809,5.304224,353.50126409275657,11.061451378479616,341.423035,367.916931,431.626984,0.3488562896193426,0.06145566662656928,0.259432,0.491351,0.647275,187.72757365951713,17.413321536246343,130.37417220665512,212.76635444268263,223.34480239311839,0.616898060579273,0.1872991664283864,0.0,0.8862173147668304,1.0,0.34422827286997665,0.14112812031527214,0.007527006249385835,0.5582486820053415,0.7734861394157736,443.5106300911554,257.1470931132366,1.739883,842.989563,885.450684
case_66,66,400360,3.3097094396967734,2.7542102622414837,-2.270589,2.866584,8.64085675,14.484742809999867,22.389339,0.05725846737935858,4.957562357138575,0.26925654151336426,3.158633,5.182503,5.368754,385.62553092388856,19.090001192321438,345.519226,426.734192,447.326447,0.3400049167149567,0.030455939473061275,0.293899,0.415478,0.623554,188.62253983095408,17.452591980905076,130.91840031448575,213.69227748798258,224.55694110242848,0.6162434723021499,0.1863825710444256,0.0,0.883972309659861,1.0,0.344008076177731,0.14096206313156012,0.007531374732738713,0.5572202884541031,0.7734676161893952,445.4783917681062,258.10032466119725,1.742058,846.4218811,889.385193
case_67,67,400360,5.645845615403635,3.0143602335110913,-3.080249,6.03274,9.483993649999995,15.007321619999987,33.355137,0.05495554001398741,3.4816754290938143,0.40142300357556643,2.763874,4.425695,5.188253,382.6053060652613,19.79267506191567,346.413116,426.124725,446.210449,0.4159237002297932,0.04970109486984206,0.333959,0.515477,0.661106,187.468931833606,17.36494395610048,130.1615763009532,212.4548886206957,223.16691797229365,0.6161727326927514,0.1867091034132664,0.0,0.8848235041224642,1.0,0.34411518503080557,0.1411723682175429,0.007521720108937657,0.5585760237863133,0.7734840178251133,443.49797703646215,257.01135656842433,1.766661,842.76001305,885.618225
case_68,68,400360,4.470923505819762,2.8745174558481867,-2.432698,4.4480255,9.6732148,14.20486478999999,30.399792,0.05121640523528824,4.425922554381057,0.2735877213577484,3.023252,4.877763,5.289211,392.82403317384353,17.42870153997011,350.391083,425.464447,446.346619,0.3605171385952642,0.05567722709282733,0.279359,0.489474,0.643719,188.06163781221625,17.404707339181265,130.46234206711824,213.07059397486228,223.8654844267085,0.6166740678097106,0.18633963375852333,0.0,0.8844269027878392,1.0,0.3439741665912785,0.1410002964984345,0.0075309975770471264,0.557432545922731,0.7734653432670279,444.4499704007017,257.5013672029788,1.719814,844.50427505,887.392273
case_69,69,400360,5.590349280527524,3.0224622038808135,-2.955312,5.8938605,9.673070349999998,15.407477339999993,32.955349,0.054011389749225695,3.4148445984613853,0.3967936437073846,2.773071,4.331756,5.168457,382.4998995905886,19.066761079520855,347.413177,424.446655,445.903442,0.3441344208412429,0.04833101134619001,0.265249,0.448744,0.628529,187.39986377119914,17.374437350699964,130.12528793755993,212.40743309843583,223.09930582740094,0.6160277584378478,0.18687411542529903,0.0,0.8850014985731474,1.0,0.3442228460627534,0.14122022213187405,0.0075195891190126506,0.558809316523771,0.7734924070094062,443.30124374762465,256.932060251502,1.771378,842.43104525,885.230957
case_70,70,400360,4.353486969280148,2.3393333387329007,-2.061559,4.571402,7.438937949999999,11.91422287999994,24.42174,0.05255270256768908,3.4070290840443596,0.4020939580525331,2.765731,4.345,5.164669,369.5343299426916,14.27628577680277,346.142273,404.693604,432.134888,0.3221154343291037,0.0361990757170197,0.265153,0.408435,0.599404,187.32823356240343,17.38825209782141,130.09161086064546,212.3508157905697,222.8320013223585,0.6171703873231756,0.18749384180132364,0.0,0.8869835949621554,1.0,0.3443399531086522,0.1412610030499632,0.007520763457522125,0.5590752545262226,0.7734994082934264,442.93351390100656,256.85899632508756,1.764384,841.9216340500001,884.411926
case_71,71,400360,4.549803349048355,2.410852748279285,-2.351702,4.745856,7.770561699999999,12.114843099999977,25.563986,0.05502547707063643,3.42432099008892,0.39776335075487584,2.756632,4.346854,5.169068,391.5738492847236,17.769514790222356,349.718231,425.13678,446.16507,0.6096782598261564,0.025873752524574224,0.389486,0.631421,0.690521,187.32102717616706,17.339168417483606,130.0286484061198,212.2561416466118,223.0024113528354,0.6162209310908734,0.18649528499154006,0.0,0.8844161044403201,1.0,0.34405724146561023,0.14111491626121972,0.007524388424728345,0.5582851793870259,0.7734770036021333,443.28521377980815,256.85659250382287,1.76019,842.31385215,885.219299
case_72,72,400360,2.739732669400041,1.500061907204338,-1.312333,2.853713,4.7943273999999985,7.41842405,16.875072,0.05503796583075232,3.46388928364472,0.40166249919053193,2.755941,4.408149,5.184566,352.43258790748325,11.414483876806205,343.302002,370.589569,431.942902,0.35942527483265063,0.06280873272825102,0.280162,0.508232,0.661448,187.37760092688566,17.40209315770006,130.16051857651377,212.41384285557226,222.82555790527005,0.6174613723237914,0.18779567012280715,0.0,0.887641389620964,1.0,0.3443604361298182,0.14124888577399877,0.007521009789778195,0.5590734505967626,0.7735018994248692,442.77769935764303,256.81945606428445,1.74915,841.697327,884.009399
case_73,73,400360,3.123729009763713,2.7103616628521214,-2.220146,2.630217,8.226418399999995,14.632465019999971,22.045938,0.06035817764012389,4.698199993925466,0.2422370948752377,3.16637,4.967726,5.285125,389.19142659848137,18.797714497860273,347.46463,430.401794,445.712524,0.5048684877410329,0.04092056100133207,0.303593,0.567402,0.669397,188.48904849112577,17.432595943918862,130.77663315582905,213.54178773891726,224.42857490349772,0.6162436598569875,0.1861423865709952,0.0,0.8837526808155959,1.0,0.34397490210344334,0.14094224089972324,0.007531973386966329,0.5571168517256766,0.7734648174853637,445.3795790602133,257.96043652991574,1.751845,846.1154851,889.206116
case_74,74,400360,5.21035734283395,2.8177512910073794,-2.734349,5.490873000000001,9.183551549999999,13.751770849999984,29.059874,0.05310470576481167,3.8373773999000904,0.32873330361558556,2.929441,4.557149,5.20453,390.32704959062846,18.646088085927015,346.49704,431.777466,444.888306,0.3540834410830252,0.03469686701266609,0.299419,0.426684,0.632194,187.5671919192711,17.368670132027955,130.20052922527086,212.53918903965376,223.21835242584365,0.6167276412209892,0.18672410871813433,0.0,0.8851922887599445,1.0,0.34407267138085446,0.14111164166575915,0.007525677383284301,0.5582099890356227,0.7734769170423458,443.60147161908526,257.07452387954567,1.753689,842.967773,885.77887
case_75,75,400360,5.667589229640825,3.0642867513728413,-2.852257,6.000773,9.665987299999996,15.4168338499999,35.169338,0.05570486562094115,3.434946101728444,0.3981596349807566,2.76162,4.355372,5.17642,389.4789903860526,18.642651580057635,347.783966,428.791565,446.859314,0.41210749161754406,0.05295447221813172,0.328151,0.552799,0.643187,187.4105385144569,17.362325847201046,130.11920477952074,212.39019379944074,223.15097978889105,0.6158254395249974,0.1866279112212175,0.0,0.8843321436319314,1.0,0.3441281226333926,0.14117529283983074,0.007521098636732722,0.5585702458234357,0.7734858136079541,443.4470607203741,256.9317680981294,1.774576,842.5936340999999,885.541626
case_76,76,400360,3.5410377639299626,1.9291786964245483,-1.738624,3.7121655000000002,6.121758099999995,9.633442309999985,21.858912,0.054833150164851636,3.463958436627034,0.4019345944561991,2.780198,4.410874,5.182711,360.3962047246678,11.426477157117489,343.060913,383.038177,431.86377,0.35734168762114094,0.05540366046523281,0.268104,0.494141,0.621213,187.3205573378152,17.392946128747397,130.0890694934559,212.34154470844246,222.80435800742458,0.6172820983643564,0.18759523275524223,0.0,0.88715115417663,1.0,0.344349082032599,0.141257246063228,0.007520209131741407,0.5590941131655238,0.7735001840648068,442.83552899989763,256.8223155596482,1.757251,841.76605505,884.165588
case_77,77,400360,4.216345334973524,2.2941754828049903,-2.053375,4.414906,7.303654349999999,11.74857195999999,23.547451,0.05330952143071236,3.3737598087521237,0.3044015778210494,2.782376,4.057146,5.099135,382.750252432291,18.993083055843467,347.437256,424.654938,445.913361,0.35750853339994015,0.051701495492480626,0.275945,0.49527,0.591715,187.13220224510732,17.37432150573687,129.95835880461638,212.13150255271455,222.58128343182435,0.6172752984275359,0.1875812232842534,0.0,0.887179324976312,1.0,0.3443443695795041,0.14128905035903053,0.007520194940879899,0.5590826023943263,0.773498495964618,442.6794335401639,256.7382146781785,1.758911,841.46521305,883.989929
case_78,78,400360,3.2351447276576084,1.774587739151544,-1.57449,3.3555184999999996,5.6478906,8.848848849999998,20.279898,0.05521780397642122,3.47351089385553,0.39761684847423373,2.780771,4.394715,5.186053,362.47393696259354,10.105946961465222,345.623627,375.292725,433.446228,0.35193379962034166,0.06264462956445975,0.270146,0.498593,0.664002,187.29834285063345,17.391560166348768,130.092751985412,212.30403715168657,222.81863177461867,0.6169323062263381,0.18755885849651605,0.0,0.8866056094928958,1.0,0.34434064030600114,0.14124988278767542,0.007521552007425551,0.5590542538960065,0.7734995083706263,442.75973338273553,256.7698612622764,1.754051,841.616638,884.019165
case_79,79,400360,5.793376880195323,3.1507300740606152,-2.98827,6.127860999999999,10.056427749999996,15.850203009999952,36.246281,0.05414626835847737,3.4303549171345793,0.3977886137706939,2.760723,4.3548,5.174858,389.554770113318,18.490912686238907,347.446198,427.995941,447.713562,0.3595194859826157,0.05570095145362363,0.278413,0.48615,0.641664,187.40951367007915,17.368238159650176,130.130599377669,212.39531123783266,223.09333323574336,0.616149202107777,0.1868301139483071,0.0,0.8849213921113455,1.0,0.34415943093542345,0.14120357465710137,0.007519894257110989,0.5586896132641256,0.7734889540860116,443.4038627453941,256.95091199444306,1.769786,842.568909,885.437012
case_80,80,400360,2.1897158710160856,1.1632227672389062,-1.15588,2.3000119999999997,3.6969922499999996,5.633500669999988,11.573886,0.05488810070936157,3.3660409338195616,0.3528937635713394,2.770141,4.182048,5.123347,351.41064556083523,11.405789925349039,341.548492,368.708008,431.570312,0.4079335013687681,0.04875609562254401,0.319081,0.508776,0.659225,187.28120540199023,17.39840442508788,130.09936164506274,212.3289799530875,222.64211806288185,0.6178964834239277,0.18800395729014419,0.0,0.8885581269782823,1.0,0.34439905576061774,0.14127006464991207,0.007519646398910884,0.5590830304101807,0.7735031185985901,442.51431513263316,256.7489149319159,1.73678,841.3084750500001,883.474609
case_81,81,400360,5.8495759398891005,3.2222074227692015,-3.127058,5.972501,10.314813999999997,16.286036009999993,35.265881,0.05505794784693776,3.4711038978119704,0.3892348186669881,2.774413,4.370614,5.167429,427.36251558493365,10.700617536935086,354.221039,443.062164,450.331451,0.3936992473174144,0.05069850660297867,0.28064,0.497039,0.660783,187.4381815555015,17.3536082026964,130.06256462011257,212.39101672034337,223.23762233012513,0.6157830040090586,0.18624735663385142,0.0,0.8835889574274319,1.0,0.34405296041120254,0.14108342433441814,0.007525492086180757,0.558171977054672,0.7734794926177315,443.43071305994107,256.85999568304777,1.775812,842.4932311,885.345642
case_82,82,400360,5.501570875094914,3.0192691090079475,-2.880561,5.711148,9.606270849999998,15.515425229999995,34.473167,0.05406134478968928,3.4522542585473075,0.40086962504233953,2.75341,4.387165,5.183826,383.1573476784894,18.723337783803633,348.137573,424.224579,445.593384,0.3968290460785293,0.050572753163123645,0.281735,0.5005,0.661392,187.4137448017949,17.368543206346963,130.1202152867836,212.40073302874353,223.1107445241808,0.6161222006678289,0.18677754980839495,0.0,0.8848268572803206,1.0,0.3441668463878972,0.14120211447062095,0.007522325591871732,0.5587073911562966,0.7734870901022934,443.49333142653853,256.9581610646636,1.786955,842.6728550500001,885.613464
case_83,83,400360,5.7717074376735935,3.1887909128707195,-2.948136,6.034895000000001,10.300168649999998,16.171907279999864,37.063751,0.05474323109201718,3.4547366173044263,0.4013640880105351,2.760717,4.374969,5.184825,386.72868727321406,18.7190808196626,345.67453,426.028442,447.885162,0.35364314994504936,0.05637167964944945,0.26485,0.484006,0.629447,187.4224986925175,17.371899195916185,130.12495872511624,212.41217158126375,223.13782005803725,0.616017388846001,0.18676878602558988,0.0,0.884686393654925,1.0,0.34417433628071037,0.14121059079139625,0.0075219361764616716,0.5587278323503173,0.7734887594601532,443.5196057668024,256.9677121323356,1.783618,842.7166933,885.682495
case_84,84,400360,5.850002424907581,3.180589381497879,-2.9052,6.1814285,10.052420999999997,16.07709861999999,35.382927,0.05519282645618943,3.4487289991607555,0.39376341333783865,2.762174,4.358693,5.165102,390.22524032638637,18.657085933366552,346.041901,431.475159,445.352631,0.3604871543410931,0.05263536485814975,0.276756,0.499328,0.612771,187.40411221061734,17.36829798312268,130.12501398970508,212.387621967559,223.01754706910452,0.6166168186193522,0.18697194927688343,0.0,0.885567496663487,1.0,0.3441698723553699,0.14120069917353495,0.007521714482670395,0.5586985876826331,0.7734887842028972,443.3933413182435,256.9534198794377,1.770881,842.55035705,885.398987
case_85,85,400360,5.742957919704764,3.1149059784137743,-3.020724,6.0903045,9.9049989,15.76703710999999,34.807575,0.054595863722649615,3.4244447551403727,0.39655061935842534,2.772854,4.356111,5.168155,382.4470305897692,19.903655454945266,345.634888,426.205627,446.261841,0.35951307511239877,0.056221857519312,0.269637,0.484243,0.644866,187.41559331303714,17.372656723067426,130.12488884173638,212.41710135924626,223.05045094542393,0.6165225496013141,0.1869523985626558,0.0,0.8855713181017637,1.0,0.34418972131707987,0.141225048664827,0.0075206206379141065,0.5587513451660042,0.7734905567486223,443.3917982568364,256.9843942752365,1.77247,842.5976072,885.390015
case_86,86,400360,4.475714650302229,2.398145700934369,-2.192603,4.703214,7.600986799999998,12.306284609999972,24.116091,0.051616045558996904,3.3035128588470375,0.3371241133604362,2.757414,4.078032,5.099004,385.38569238715155,19.113305435648183,344.546875,425.631287,447.537537,0.34299056868818056,0.03529053257146718,0.270978,0.416242,0.623805,187.18045196620042,17.376211519049324,129.99514653806355,212.18061014718714,222.5832014754447,0.6176315666941297,0.18767228160048446,0.0,0.8876465075835862,1.0,0.3443248245629048,0.14130324204790082,0.007521334032316598,0.559074468674671,0.7734970255479261,442.7850746659855,256.8104214021547,1.761435,841.67829315,884.203125
case_87,87,400360,5.090262583584774,3.1795738036245207,-2.640951,4.9807125,10.772640149999999,15.996327419999991,34.780033,0.056481666500149866,4.078867188390449,0.2992362793446649,3.013093,4.678973,5.235569,434.91933059194713,10.841838172932368,359.890503,446.293884,451.658966,0.36242187509241686,0.05619874792581014,0.279906,0.492948,0.649855,187.95310440850497,17.3854500361994,130.31946171023145,212.91618724639338,223.81724456427895,0.6164172126759527,0.18594505137451806,0.0,0.8834083869678235,1.0,0.34393497375936477,0.14095768569295092,0.0075302410495372415,0.5573297557208878,0.7734662512492246,444.2538545335373,257.3019401483434,1.743378,844.0582981499999,886.923401
case_88,88,400360,6.062381686519632,3.3069696264471307,-2.998474,6.400816,10.5249315,16.492369909999947,37.013695,0.05528274552902388,3.431204993286042,0.40154710492699325,2.770638,4.368344,5.179395,405.7258185349186,13.581095968206476,350.596588,433.65921,449.123047,0.3652474960335697,0.05660765749276724,0.281396,0.506476,0.647237,187.42234781566248,17.360105668125247,130.10187956132822,212.3931625645702,223.21644813551566,0.6155907623484846,0.18643812599844542,0.0,0.8837637790017551,1.0,0.3441011128230277,0.1411396216973819,0.0075231160595422555,0.558426853352032,0.7734849764590405,443.3967602129857,256.8848239101515,1.767857,842.47852515,885.395142
case_89,89,400360,5.266890383197622,2.9171246696594264,-2.838573,5.3788685,9.501103399999998,14.831547619999998,30.6705,0.053042261964232194,3.8019606442601654,0.33345935071239197,2.916183,4.541164,5.200042,383.197516216705,18.62523186195125,347.284851,423.971283,445.609863,0.32875512278948954,0.046149974675273445,0.266905,0.434309,0.63672,187.5290737709323,17.373129527695227,130.17798362449744,212.5203923637652,223.19816201469337,0.6165446157914435,0.1867673211162784,0.0,0.8852101787405994,1.0,0.34412240811076067,0.14114938319595582,0.007524556773270327,0.558448131878145,0.7734811728953284,443.6046633506519,257.0375766450343,1.774452,842.9151,885.798889
case_90,90,400360,4.869318267169547,2.654057424707667,-2.427212,5.016774,8.592505999999998,13.712929219999996,28.16913,0.05310470576481167,3.400073377839945,0.37261855436000507,2.756424,4.260201,5.122853,382.8279718735337,18.961845455628563,347.606384,424.718323,445.96106,0.462286962973324,0.047287643700595246,0.29586,0.541388,0.669981,187.29173416520354,17.36068822445289,130.04720963003368,212.2737419857063,222.88844049949898,0.6165851529441226,0.1869933009490364,0.0,0.8856682702891248,1.0,0.3442031862815116,0.14120786943704344,0.007520965992923568,0.5587772648333285,0.7734891633333785,443.1935995644345,256.8510194987049,1.781171,842.1855500500001,885.011719
case_91,91,400360,6.227670659181736,3.3979758671475198,-3.08532,6.488305,10.791361599999998,16.847369969999992,35.742393,0.05574482965331202,3.455228231092017,0.4016218588655633,2.756512,4.390332,5.184734,433.06413245325206,10.696000860096477,358.063507,445.115692,450.83905,0.34507570540513544,0.04671305066004766,0.269832,0.465749,0.587035,187.46726062080094,17.358664994201916,130.0948819562552,212.42883052344888,223.28761877928488,0.6156314388909323,0.18626628625753874,0.0,0.8834803158913925,1.0,0.3440625142065872,0.14108629958332847,0.007524953740379369,0.558206483366725,0.7734807125947697,443.42328739098076,256.8803046818637,1.766096,842.51929005,885.322388
case_92,92,400360,5.130990623071736,2.763459685712141,-2.564173,5.3575745,8.626925249999998,13.862440039999994,26.938456,0.05583974423019283,3.3151377824158255,0.3396938276369829,2.754728,4.096534,5.102495,440.6940314053152,11.036343504301852,360.484467,448.292053,453.240387,0.35731108146668006,0.05184110447128355,0.276052,0.494103,0.600896,187.19560009344536,17.356085618501137,130.0107943899111,212.15625474746847,222.74921828535275,0.6166247311686852,0.18715096601241932,0.0,0.8857758942525551,1.0,0.34419138963084034,0.14116278102030513,0.007523960393289337,0.5585783101746205,0.7734888277716809,442.784899037731,256.688097782544,1.753836,841.5325380999999,884.013306
case_93,93,400360,5.478692639704266,2.9302772473482652,-2.840521,5.8287225,9.250488349999994,14.655003869999994,30.1751,0.054011389749225695,3.4178594683984422,0.38890693548220323,2.750309,4.322261,5.145325,386.1117000633231,18.932010897804528,346.45401,427.157196,447.337952,0.38202597602158056,0.04657131133910967,0.305945,0.478578,0.642379,187.37535530463057,17.366776254196562,130.11982947283937,212.36174703852234,222.96244055760377,0.6166944807219757,0.18705609473155443,0.0,0.8858208165924687,1.0,0.3441778235508729,0.14121199097436749,0.00752085490792357,0.5587265135533521,0.7734887043465138,443.2778026141421,256.94264724160405,1.767235,842.4097961,885.166992
case_94,94,400360,4.538194798194124,2.424179500069991,-2.174474,4.7822595,7.718307899999998,12.303719159999945,24.009642,0.05091917274452992,3.3453934895793784,0.34529885404185334,2.750346,4.140851,5.115379,382.62319461936255,19.04592957436314,347.728363,424.648193,445.989594,0.2921537070436606,0.026776236377514966,0.260974,0.351218,0.609569,187.2503011980415,17.38279020844882,130.0518124467031,212.2622780905703,222.64648037676054,0.6177298329375075,0.1877299265393893,0.0,0.887853128929259,1.0,0.3443425584842745,0.14129118644227717,0.007520418660881231,0.5590692342824806,0.7734979421233448,442.83096534962783,256.85287982990417,1.757124,841.7860140500001,884.291809
case_95,95,400360,4.895934174905084,3.223223878350186,-2.685085,4.654884,10.77805555,16.617831289999994,34.657604,0.058984414027375365,4.116984053411929,0.2957497784895811,3.012276,4.701514,5.24091,441.106624332241,11.151700155362004,360.68277,448.746918,452.761597,0.35838335242281943,0.05169151826974818,0.275842,0.494136,0.609786,188.01228660512862,17.392344257556662,130.35876916913836,212.98012895411264,223.8127714244792,0.6169186556447923,0.18610593273508194,0.0,0.8840858367866478,1.0,0.34395325553908296,0.1409601355668351,0.00753030120942282,0.5573369642532127,0.7734682808463664,444.38176261132475,257.37845535858776,1.747276,844.30658915,887.131958
case_96,96,400360,4.446458726690977,2.416189386770124,-2.304803,4.639926,7.780730149999999,12.24018025,24.371454,0.05236786891797383,3.607393621660506,0.28783249396531124,2.869484,4.233084,5.12969,386.08861887389344,19.10188798657325,346.838501,428.46579,446.8909,0.327199144250175,0.04337609258089027,0.271129,0.428077,0.63691,187.24914107370878,17.370902590881407,130.06625445908767,212.24573817368045,222.71089096395667,0.6172282473321139,0.18750035885745492,0.0,0.8870398418614746,1.0,0.3442469906380484,0.1412397462739357,0.007523650983897313,0.5588793733512493,0.7734900738708594,442.94681427353123,256.84413731282086,1.758048,841.91388205,884.52887
case_97,97,400360,5.6924701216679985,3.097453995586347,-2.972989,6.0205065,9.876257950000001,15.689509939999951,35.222374,0.05456089519432511,3.395628813108204,0.40388445250570737,2.753938,4.331125,5.162419,385.05794624529915,18.14204734306768,349.322784,424.704742,445.840607,0.363518493895494,0.05656209496599722,0.280019,0.496007,0.65167,187.3950202506142,17.370970960103165,130.1137749953839,212.39366888352558,223.07172624488098,0.6162059779210148,0.18686912444401735,0.0,0.8851302420306604,1.0,0.3441906393253819,0.14121371810650227,0.007519531909422045,0.5587443490301083,0.7734908758165976,443.344506002765,256.93533776988113,1.773224,842.4787660999999,885.315552
case_98,98,400360,6.260926460560495,3.3557827250679724,-3.125222,6.604918,10.4567118,16.659584779999992,34.968266,0.05561244879608353,3.400256319432511,0.40381714148574915,2.741182,4.341915,5.161951,426.91705705457093,10.80728106828326,354.682648,443.422394,450.148193,0.3600414869017885,0.05558530160596915,0.279544,0.486067,0.648179,187.43072817960584,17.356315538078107,130.0913243562734,212.39125062506196,223.2181496701161,0.615713073328715,0.18637288965436472,0.0,0.8837402756019345,1.0,0.3440706226268607,0.14110184454661054,0.007523125941395105,0.5583201357199299,0.7734824313461237,443.3131365247502,256.85743219320625,1.761359,842.3571840999999,885.125427
case_99,99,400360,3.476781438615246,1.875467187248516,-1.984535,3.6970495,5.9631000499999995,9.452709819999992,19.247944,0.05264511939254671,3.2034356837246474,0.27354098538075144,2.757849,3.818568,5.078149,388.1049973639725,18.42249674418702,346.779327,426.971649,448.014038,0.36399866364272154,0.05668828587850606,0.28102,0.499922,0.650739,186.97586648845575,17.374959284225785,129.82455571299678,211.96504374237327,222.318673228816,0.6178913028245758,0.1878493438380463,0.0,0.8880617517684629,1.0,0.3444112014926418,0.1413547556638123,0.007519555669677928,0.559095559908151,0.7735075799572455,442.2953538658883,256.6347502451196,1.688792,840.901489,883.26947
case_100,100,400360,5.697571016370266,3.1376977543160045,-2.891517,5.964307,10.016252149999998,16.07231018999997,36.002693,0.054880607453292034,3.418311195843741,0.3979099036080743,2.755941,4.338583,5.170401,385.95273306594066,18.816726990407656,348.280579,427.408234,446.476257,0.35788863810570487,0.0510885875511528,0.282258,0.493213,0.601311,187.39699023845114,17.371416271018575,130.1108475229557,212.3921713549163,223.06615887215807,0.6162761641482793,0.18687922205714427,0.0,0.8851707625705955,1.0,0.3441951445147451,0.14121739828167623,0.007521608716303656,0.5587577095995987,0.7734902704164963,443.4021432710509,256.9508555816893,1.778547,842.561523,885.429199
case_101,101,400360,5.892952549795185,3.236899568325173,-2.937452,6.204991,10.39778605,16.38247323999996,37.050594,0.055292736537116596,3.457999072634629,0.401482386088586,2.789775,4.402381,5.184053,386.01870292894387,18.974274700462377,346.624817,427.72757,447.167023,0.3552674829653313,0.05653053930296334,0.265985,0.486216,0.627657,187.43655803221816,17.372146162863782,130.13015080452726,212.42886813625617,223.11755747063995,0.6162813791921249,0.18682256862202282,0.0,0.8850522912982899,1.0,0.34417296222364824,0.1412062343248864,0.0075218747143589995,0.558710134213388,0.7734890404855335,443.52617425002995,256.98413307329787,1.782668,842.743713,885.672791
case_102,102,400360,3.5612086781296832,2.6195957954661484,-2.34796,3.1577535,8.406160349999999,14.098538529999981,24.881475,0.05393645718853032,4.375713545529023,0.2771497521310638,3.01647,4.843551,5.280505,388.4079866162855,18.330317455681154,346.880829,427.107269,447.969635,0.5992144514736738,0.04432962258044649,0.321042,0.641754,0.698108,188.2759913037714,17.394759028307693,130.55211769162517,213.24482919353247,224.2128101923612,0.6163084221451024,0.18572101661720042,0.0,0.8828966484660303,1.0,0.343882785245658,0.14091727552511865,0.0075332790608738836,0.5570381140333397,0.7734588566706397,445.0818544671745,257.70108407117146,1.769105,845.4558171,888.691345
case_103,103,400360,4.576965894714756,2.766835829088774,-2.604062,4.607530499999999,9.343619499999997,13.454126719999989,29.810537,0.05234788690178839,4.339506973124189,0.2789968029797974,3.015138,4.831004,5.276573,390.3038883385953,18.682884567691772,345.999695,431.709717,445.127869,0.40564945820761317,0.04936321377995609,0.316624,0.506941,0.660679,188.061272918547,17.394046310118878,130.4527111865531,213.0517399091081,223.90484582059844,0.61644992869972,0.18612786511761598,0.0,0.883864547835203,1.0,0.34393460602321746,0.14098235673025353,0.0075310774037884625,0.5574018534214812,0.7734638346956817,444.51950447960587,257.4951342142882,1.739097,844.567444,887.555542
case_104,104,400360,5.571784815653413,2.9950356596191217,-2.908595,5.9143775000000005,9.494130149999998,15.031422429999958,32.318115,0.05417124587870916,3.4338873076031566,0.4009116041980528,2.747989,4.365649,5.174938,383.3001952582876,18.620522138702526,347.518341,424.05481,445.589722,0.38008912976321324,0.04900609602634632,0.299322,0.482016,0.642421,187.4177454563258,17.368606571595635,130.1417056222991,212.41132747908517,223.05597866789142,0.6164396271595619,0.1869315230295457,0.0,0.8854357803178097,1.0,0.34416715738594306,0.14120108208958262,0.0075203412102509476,0.5586924296320686,0.7734880080025016,443.36557904363053,256.9651419357759,1.770265,842.5394320500001,885.327271
case_105,105,400360,4.117726134788689,2.1929889562668192,-2.186344,4.358169999999999,6.8997643,10.996859329999976,24.234915,0.0539514437006694,3.423628525447099,0.39797136543508677,2.752491,4.350676,5.17052,368.3004445134378,13.826432870743027,346.214355,401.835968,432.130493,0.41572366250374665,0.04982982143916074,0.332962,0.515069,0.660178,187.29155326059774,17.3752525716993,130.07456620275633,212.30619716930005,222.8644533591524,0.6166295575012719,0.18725373102796802,0.0,0.8862132877470088,1.0,0.3442828679804181,0.14123001917890043,0.007520323711333784,0.558942435082364,0.7734963541268923,442.89363627246246,256.80308981892534,1.759112,841.807922,884.332947
case_106,106,400360,2.8088639095788785,1.5147846178154314,-1.404895,2.8706945,5.135105649999999,7.404705149999979,16.977144,0.053112199020881205,3.459594911279847,0.40125434968544443,2.753707,4.398698,5.183057,357.8890897819364,11.15425010070144,342.498779,377.223145,431.782928,0.5974948207013686,0.04420492957946533,0.320981,0.640959,0.698224,187.23100918866518,17.36500453249433,130.04456186620635,212.2210530538645,222.7607666904393,0.6167902086897347,0.1872920118485662,0.0,0.8863228530918029,1.0,0.3442414585046908,0.1411941757935125,0.007522678071711644,0.5587700380678857,0.7734909980006497,442.7300944941804,256.7018381153313,1.756266,841.50006405,883.991882
case_107,107,400360,5.773947811179936,3.0993899703379326,-3.022316,6.1914635,9.823782799999998,15.309831739999966,35.135075,0.05322959336597063,3.4598096753921466,0.40238878555922103,2.786277,4.412163,5.184364,389.02952220377665,18.464986192430597,348.92688,426.872101,445.542328,0.36046057927864916,0.05618340086201124,0.276056,0.487046,0.648452,187.39133086475184,17.371123700557916,130.12741371190083,212.37662611229965,223.02177561736553,0.6164412562640397,0.18699868694115035,0.0,0.885405860089775,1.0,0.3441681264922274,0.1412062237738378,0.007520048554719676,0.5587133742966296,0.7734881959115111,443.3079177409632,256.94359484900036,1.751127,842.45276205,885.194214
case_108,108,400360,5.656906859883603,3.1348301829675336,-2.865971,5.8471174999999995,9.929823999999998,15.874375229999995,35.769039,0.05562493755619942,3.6610216051353777,0.35512401068765015,2.856672,4.467982,5.184998,391.2167239956638,18.514726080306314,348.662567,431.969727,443.922302,0.3512563819162754,0.06257572361814934,0.269876,0.499389,0.662615,187.46590168965042,17.368731793876975,130.11958437591858,212.44594797512795,223.14594205461174,0.6164523554904973,0.1867076410093085,0.0,0.8849788990294466,1.0,0.34411239785551606,0.14115992515588477,0.0075233004848302585,0.5584616962895818,0.773482569302384,443.5642532144794,256.97819459494804,1.772672,842.78674605,885.724792
case_109,109,400360,5.195676734721251,2.857714110167264,-2.661827,5.327249,9.180979099999997,14.838084429999965,33.045288,0.05352432810470577,3.416611398021781,0.39800839564070806,2.749628,4.336962,5.169534,382.6580175393147,19.008357829835127,347.277008,424.529724,445.910065,0.4566440033369966,0.047763084748994225,0.294833,0.537327,0.669169,187.37839567097814,17.361665241662763,130.09046981218356,212.3630152603666,223.10445877615945,0.6159065587541034,0.18665649581362323,0.0,0.8845179780435718,1.0,0.344169896662991,0.1411846942925075,0.007520946739888277,0.5586798991768799,0.7734874268435391,443.42743765287486,256.9006885699867,1.789329,842.5206940500001,885.493347
case_110,110,400360,3.9290077497876927,2.1413123439560477,-1.912455,4.038747000000001,6.862424099999998,10.958231119999986,24.012974,0.0530647417324408,3.424643306264362,0.39816927849738004,2.759068,4.347803,5.169717,367.24801128180616,13.424304126133967,345.942749,399.218811,432.09082,0.4327633187131581,0.049168635264208164,0.291839,0.51877,0.663849,187.27494909565027,17.37654447039936,130.05122358745822,212.28747788273154,222.81296931423282,0.6168892689529779,0.187324465858816,0.0,0.8865319820251806,1.0,0.34429428520564087,0.14123756568723236,0.007521715525979211,0.5589810064610711,0.7734958631758027,442.92722787590156,256.7924756928648,1.769975,841.82245205,884.391235
case_111,111,400360,1.8535673290638432,2.1978226107895,-1.312034,1.35906,5.3272014500000004,13.01995311999998,22.531204,0.05874213208112698,4.829971431331801,0.263243608424324,3.129601,5.104234,5.34958,365.8954463814767,12.967809967023777,344.764099,395.999878,432.052094,0.5879988767109601,0.04370468678090015,0.319001,0.636869,0.69556,188.3401306691768,17.44081831377391,130.73405857103361,213.4140182950944,224.23157177659223,0.616124109862618,0.18653777748536973,0.0,0.8843011636286523,1.0,0.3441072476267526,0.14098989651816698,0.007529992039798799,0.5575146949362846,0.7734755958723164,444.8481521502324,257.76448967557167,1.746849,845.29328315,888.087219
case_112,112,400360,5.013397360205815,2.6967581569672077,-2.476779,5.188376,8.805350449999999,13.895156419999983,30.385695,0.05313218103706664,3.4175265797382353,0.39862238380201875,2.76754,4.352919,5.166001,383.5835423483667,18.734337899417692,346.584259,423.76593,445.65976,0.5364449267459287,0.04269912372214834,0.307677,0.598808,0.684087,187.39012625086957,17.35030030023396,130.07485965025796,212.35606755084225,223.1293196941444,0.6159325041871232,0.186453183351461,0.0,0.8842263751976931,1.0,0.34410910261112326,0.14113543729141728,0.007521954168257644,0.5584561260971669,0.7734835564318767,443.434603288308,256.87890924099145,1.787399,842.5,885.49884
case_113,113,400360,5.887156795826256,3.2273952653440725,-2.901294,6.2126755,10.323030399999999,16.214375809999982,37.491329,0.05620941152962334,3.45872968919972,0.4015578758873723,2.785231,4.402708,5.18413,391.6715825055849,18.27681290860822,349.479858,431.252228,444.027222,0.3577572602657609,0.05592959518416119,0.268152,0.493817,0.623685,187.40737909991316,17.36996724386398,130.11818165059793,212.38922884040232,223.08159843570544,0.6162552908499901,0.18684734107843806,0.0,0.8849830399411911,1.0,0.34416333429949686,0.1411970860404707,0.00752125383555889,0.5586710299389793,0.7734881234394791,443.4414609991782,256.94678846426126,1.770496,842.6015650999999,885.499084
case_114,114,400360,3.8466171109826157,2.0664884197863898,-1.9858,4.0515335,6.512721399999996,10.346745789999988,23.000751,0.053836547107603154,3.422955779198721,0.39779815923385864,2.745003,4.345383,5.167615,364.3996236484564,12.418929774100548,344.182709,391.622559,432.0,0.3577557608152663,0.055735884560786986,0.267224,0.478589,0.636714,187.29822712414907,17.387771993177815,130.0717191167964,212.32076094495528,222.80208577640798,0.6171280247107819,0.1875089317505202,0.0,0.8869698761148348,1.0,0.34434146826026557,0.1412645538830117,0.007520058167478188,0.5590658251445714,0.7735000593467732,442.81965492502775,256.8177531233798,1.756014,841.74249605,884.14978
case_115,115,400360,5.918926264032371,3.246350074717145,-2.917072,6.2577110000000005,10.394952349999997,16.44899433999996,35.972679,0.05478319512438805,3.4700177807173533,0.4010727143971248,2.76396,4.413662,5.184156,385.34316203942456,19.13966082633216,344.526703,426.014252,447.419434,0.35670161510640425,0.06232880926369953,0.274033,0.504926,0.660541,187.44472625184324,17.371597057775414,130.1344967561949,212.43295319443368,223.0979785712704,0.6164810996392199,0.1868647421396208,0.0,0.8852772597518264,1.0,0.3441517859494024,0.14120259632518345,0.0075215728592889705,0.5586712243451083,0.7734873947949483,443.55890014927814,256.99015908900765,1.78608,842.7804692,885.716187
case_116,116,400360,5.529623456651513,3.0286098958952317,-2.774462,5.8249165000000005,9.626658349999998,15.341071719999992,35.28178,0.05562993306024578,3.4343978645818765,0.3977462749421579,2.759937,4.361716,5.175158,388.6406119804575,18.3940867878924,348.036255,424.493561,445.75769,0.35765221934259167,0.05136140973137999,0.277686,0.495454,0.590257,187.33762128139065,17.372401861580254,130.08887752163395,212.33072334927402,222.93562298587878,0.6165939740106793,0.18710835554564853,0.0,0.8857805991628572,1.0,0.3442097536660978,0.14122770953019453,0.0075203225572586145,0.5588116224814763,0.7734909329229146,443.24303595572724,256.9071702731167,1.757855,842.32801825,885.070801
case_117,117,400360,5.137139844317614,2.743304421021051,-2.834731,5.4096695,8.875784099999999,13.745235779999978,30.055035,0.05402887401338795,3.703256252552702,0.3485358053578977,2.873372,4.484687,5.189232,382.56323174051363,18.538152029379358,346.457947,422.687592,443.732666,0.40424706879808175,0.04681115516874428,0.327629,0.499235,0.654674,187.5011089842091,17.364015233881936,130.16085556517595,212.4850101614815,223.23519051355296,0.6160694400968487,0.18656072314148425,0.0,0.8844989829039988,1.0,0.34409911454053227,0.14111158696214465,0.0075222323291694254,0.5583454244993798,0.7734814307269329,443.45671611614046,256.95949770208716,1.76156,842.6503330500001,885.50116
case_118,118,400360,4.115224518016284,2.9648587306139396,-2.421048,3.7749975,9.72842485,15.380119959999952,27.368141,0.05617194524927565,4.794837920271754,0.2627716663755994,3.122034,5.080356,5.343744,385.81640303253073,19.261783986832054,346.491974,428.390381,446.806549,0.34815469473473865,0.04695993341419339,0.274284,0.471391,0.611757,188.49413207344523,17.43448186433454,130.77115918200127,213.55104344921207,224.3634268647198,0.6167493781337477,0.18628122061790534,0.0,0.8844735395004838,1.0,0.34396302442939214,0.140958334388608,0.007531390415117479,0.5571978909843387,0.7734639568274426,445.32408425899195,257.9411761916718,1.743299,846.036438,889.066101
case_119,119,400360,4.592839510830252,2.520753115363286,-2.211702,4.7912725,8.035663549999999,12.864711179999986,27.997272,0.05393146168448396,3.451034159776202,0.3979475184104326,2.77484,4.379269,5.177862,370.79172610348695,14.664689836476303,346.300812,407.30719,432.180481,0.35555220337696064,0.05931758534343783,0.262263,0.49125,0.653727,187.32662510772687,17.382265337254573,130.07520256077646,212.34907892552076,222.89230486866407,0.6168197576028518,0.1872743805295183,0.0,0.8864085854763066,1.0,0.3442941621284169,0.14124506896282432,0.007521774564528685,0.5589829725541995,0.7734971117626738,443.0667554326381,256.84798889795434,1.773743,842.049194,884.674805
case_120,120,400360,5.849380987391348,3.215658955690831,-2.920854,6.163234,10.294800249999993,16.26132216999999,36.664165,0.0549455490058947,3.471207416585073,0.4007491846812871,2.765435,4.415709,5.184879,386.05090872272956,18.94573753349886,345.489288,425.667023,447.764801,0.35781463986412226,0.05566510307559738,0.268011,0.494093,0.623317,187.44191682980016,17.371197674256877,130.1390254140492,212.4317086279197,223.087318953828,0.6165028881485288,0.1868909800568052,0.0,0.8853598068333761,1.0,0.34416247039734565,0.14120142996719037,0.007521676976275555,0.5586855205281506,0.7734877237204014,443.52995419838385,256.9909697232191,1.782103,842.75140705,885.664612
case_121,121,400360,4.536640064531921,2.528174688219652,-2.327378,4.7416255,7.992828449999998,12.891167929999945,27.960119,0.053099710260765313,3.406583589609352,0.4023002703761417,2.744326,4.340973,5.162074,368.90128906536114,12.318393965002327,349.804993,401.738892,427.148254,0.3489418158057748,0.05957758246947268,0.265812,0.490725,0.641456,187.33451100473664,17.38717102568234,130.0978778762751,212.32840041432658,222.8667602790211,0.616980949279683,0.18742460376096629,0.0,0.8864019961031399,1.0,0.3443077260171082,0.14126112201127983,0.0075203776884424835,0.5589978338831043,0.7735008169970723,443.04888364414523,256.878085662688,1.76862,842.057922,884.686768
case_122,122,400360,3.19491995896693,1.8163973325830138,-1.68488,3.2909765,5.73152475,9.12270390999999,22.654581,0.053304525926666,3.4331858372464787,0.39959736250064665,2.754731,4.363324,5.176337,355.6598923827155,6.678852373514396,346.160034,373.467316,424.187225,0.35624043912478764,0.05544361885118567,0.268878,0.490773,0.624809,187.34093516680872,17.39947151795546,130.108788126543,212.3623529535533,222.69831494530186,0.6181276544624306,0.187920514509318,0.0,0.8883679143108607,1.0,0.3443684403132435,0.14128450607979237,0.007521987869073721,0.5590655775422138,0.7735023465365776,442.86044352114345,256.8784794962232,1.754502,841.8616970500001,884.322144
case_123,123,400360,4.232155461499651,2.3648741920288248,-1.993298,4.421989999999999,7.509530899999993,11.932369919999958,24.667429,0.04946797881906284,3.3682887062643627,0.3521696905252189,2.769001,4.180803,5.123009,368.2379313932261,14.806405225516436,348.760864,403.609772,439.809082,0.34790326715955655,0.060241236072931595,0.264829,0.490375,0.639251,187.27244209249562,17.386771511993484,130.03546677592882,212.27426333266405,222.72836119538482,0.6174904309013886,0.18757394103278804,0.0,0.8872179153731716,1.0,0.34436697208191064,0.14128422591316886,0.0075226790953221686,0.5590541121133927,0.7735082931095055,442.8987932591992,256.8397280758598,1.771587,841.84039605,884.441345
case_124,124,400360,4.686142493028774,2.6356812218416943,-2.253561,4.883419,8.326841400000001,13.333128289999948,28.749655,0.049897592167049656,3.425698379358576,0.39872386140887206,2.757987,4.352324,5.17105,365.5828299204715,14.25942610926075,345.520081,399.166779,434.292114,0.3498322486162453,0.05935095896339528,0.268776,0.489865,0.650278,187.40596485621907,17.387837267386466,130.11352052813143,212.42423945909363,222.97227458025313,0.6169848487944312,0.1872503830670252,0.0,0.8864077465950179,1.0,0.34430173004634623,0.1412517811116246,0.007523113962467994,0.5589519688438429,0.7735011822877097,443.23542755011243,256.947347953187,1.788046,842.3618800500001,885.087158
case_125,125,400360,4.388985807171046,2.4323203974294296,-2.400894,4.5619995,7.719361149999996,12.352934709999987,25.916418,0.051326306324308124,3.443427547667101,0.39865585672867093,2.781602,4.379519,5.179423,368.04571283119196,12.31377512092671,348.673248,400.507355,425.928223,0.34956516149465483,0.03859427754295742,0.271398,0.429423,0.625602,187.36962055397004,17.385865988563236,130.13896719428482,212.36209434970868,222.91841599533868,0.6168462315658333,0.18738919246915978,0.0,0.8862213369227293,1.0,0.3442949427316678,0.14124271865435342,0.0075214533587517,0.5589634753942939,0.7734990576093091,443.08132360314465,256.90016293497183,1.768309,842.1329990500001,884.77179
case_126,126,400360,4.744479493945449,2.6284855786363903,-2.12487,4.920779,8.291734599999996,13.31549576999995,27.391397,0.04830402637626136,3.4241894131681474,0.3969947943263416,2.761198,4.346402,5.167457,377.5479154396443,11.997298753952155,350.471985,402.212433,439.786377,0.3286747260665401,0.03917135350327967,0.262414,0.413422,0.625662,187.3787789451259,17.378364235576743,130.13597681251377,212.38172719883005,222.89811830510214,0.6170922879910632,0.1873432841884667,0.0,0.8866305700034712,1.0,0.3442382840518746,0.1412262388291518,0.007522679381412284,0.5588593817872607,0.7734950309756855,443.1120339462209,256.89910629404017,1.776313,842.1664521499999,884.859375
case_127,127,400360,4.408906901855829,2.476466689615645,-2.28884,4.6113634999999995,7.859949449999994,12.608464109999982,28.440195,0.053289539414526924,3.4199668228794082,0.3976894974950373,2.746201,4.343826,5.169121,368.0277100298132,11.938340903653046,349.153503,399.599762,426.286591,0.3531530371865321,0.062434926592316385,0.270146,0.502447,0.661711,187.3211847712699,17.38689168586452,130.0913921182074,212.30730658388308,222.87214834128008,0.6168282624843565,0.18739760693544286,0.0,0.8861311096452377,1.0,0.3443075133913704,0.1412621197836931,0.007521558225777166,0.5590072009529777,0.7735008966357705,443.0315808942577,256.85866190431017,1.766838,842.01672705,884.659302
case_128,128,400360,3.1501356947347388,1.7750907426096862,-1.635734,3.2563075,5.5861817,8.92757389999999,21.587151,0.05380657408332501,3.4276199909481466,0.3980755004282284,2.764229,4.353791,5.170944,355.5298348427017,6.357255314153031,347.125427,371.617737,420.61319,0.354966360435608,0.05811234342112876,0.263631,0.48971,0.637871,187.3307607438082,17.39949602334849,130.1001802089314,212.35528075955378,222.6624120649054,0.6182930055524922,0.1879761936857999,0.0,0.8886464695299328,1.0,0.34436360910064157,0.1412899951533922,0.007520812886982405,0.5590725067560324,0.7735027773402934,442.8321579403887,256.86991676507773,1.754053,841.8154360999999,884.234375
case_129,129,400360,4.307862306581578,2.532139788225765,-2.224737,4.331045,8.36048535,12.449416549999905,27.233789,0.051338795084424016,3.8984174422419824,0.31286208881532124,2.959113,4.567197,5.187761,376.6202626151863,12.031119078620682,350.16806,401.568054,440.14502,0.35659037488260575,0.05821557921878468,0.263769,0.490299,0.639148,187.502142249092,17.373111293408364,130.17743642244133,212.48354700668082,223.13054869775416,0.6167056102098408,0.18690187846483156,0.0,0.8854583624963674,1.0,0.3441259430852207,0.14113818692830618,0.007525658062768354,0.5583851836907104,0.7734843729153862,443.44335983895246,256.9777390585309,1.774286,842.658875,885.515503
case_130,130,400360,4.393115191862323,2.4438739641273792,-1.948253,4.577259,7.7413323,12.371518669999931,25.519859,0.04876361274852633,3.4111591646717945,0.39807318262390357,2.760498,4.338098,5.166117,364.047235059906,13.173182365534617,345.144012,394.937805,431.949432,0.31548847023678694,0.03974198814804752,0.258229,0.405894,0.61671,187.40174081153395,17.393792394376394,130.13566653882398,212.41639637366566,222.90142090072573,0.6173191245694073,0.1875023009732556,0.0,0.8869731120155027,1.0,0.34433812975199857,0.1412676432462242,0.007524223333455807,0.5590436415137957,0.7735023062425029,443.0865571220427,256.94887804447956,1.771442,842.2087430500001,884.796265
case_131,131,400360,4.192491261327304,2.341346121695547,-1.911792,4.396521,7.43220005,11.81175912999997,24.256241,0.04898841043061245,3.3520032275751834,0.3541360887405375,2.746488,4.164991,5.114704,367.29799245389154,14.718957643124966,347.809814,402.538147,439.663513,0.35796737789988997,0.06065963323418705,0.274765,0.500151,0.647737,187.27253473753268,17.38641139559532,130.03282897546237,212.27253415528307,222.73022435492695,0.6174899038722155,0.1875609484432932,0.0,0.8871846381785113,1.0,0.34436479531149916,0.14128384896126184,0.0075223461023840275,0.559053098026407,0.7735071125682174,442.90051814285397,256.83766946513833,1.772807,841.83807705,884.446838
case_132,132,400360,3.789031778938955,2.17962887316507,-1.957973,3.870962,7.170244099999997,10.680518149999939,24.96487,0.05336696972724548,3.867623905824757,0.3244739887710759,2.943482,4.57531,5.20826,361.2037257752823,10.831620837688863,346.915985,386.664093,434.677399,0.360707939454491,0.05268446195651974,0.277106,0.500146,0.612562,187.4632904758345,17.384222445512215,130.20485566743702,212.46715962419685,222.99409453955474,0.6170805527062375,0.18735170863370454,0.0,0.8865500456376614,1.0,0.34423042625782824,0.1411857283456827,0.007526099020556301,0.558673574377407,0.7734926922724531,443.21820719896846,256.9606383788497,1.759783,842.39221505,885.045776
case_133,133,400360,4.494560615880707,2.52953689763949,-2.457519,4.689503500000001,8.053081149999999,12.818929119999977,28.935829,0.05144619842142072,3.4261590897991816,0.39860354194818914,2.760213,4.36085,5.173162,368.0552578192027,12.32596050651256,348.659607,400.245941,426.381805,0.35688437396343303,0.05349564130398503,0.270129,0.493458,0.607691,187.36330255536413,17.38579706485859,130.11699938177864,212.3598126072153,222.92749049712108,0.616808536250943,0.18732577379912768,0.0,0.8861370329699845,1.0,0.3442985189319789,0.1412433878697559,0.007520373148933366,0.558962325443897,0.7735006730026339,443.10595510720844,256.89319247824864,1.770473,842.1452091,884.809265
case_134,134,400360,4.24737719356579,2.398345870855474,-2.236824,4.4071905000000005,7.640415399999999,12.118066999999987,27.605116,0.05301228893995404,3.573578889839144,0.3703389433658493,2.820449,4.423701,5.176618,367.4038481047058,11.58720997101647,349.497101,398.297546,424.04483,0.35914394518932957,0.060906846862037366,0.272156,0.501542,0.651578,187.34988791783655,17.382600716109852,130.12521635172288,212.34137377050212,222.91410126805042,0.6167190350192918,0.18733494568648637,0.0,0.8860560992075476,1.0,0.3442618811324533,0.1412269144987433,0.007521839231583738,0.5588685229993567,0.7734965457664092,443.07960060203317,256.8661570077472,1.762933,842.0919830500001,884.758362
case_135,135,400360,2.9265298140723353,1.6161776273248345,-1.451618,3.061824,5.143723049999999,8.070867519999997,16.689497,0.05025227295434109,3.288555700129883,0.3181220866703076,2.753503,4.016272,5.103894,363.07210392410826,10.306252684992552,346.623718,387.916992,426.466858,0.34877787465281246,0.05587951062093557,0.277238,0.480959,0.644986,187.15683016330885,17.39678351902903,129.94033502403167,212.16093034762744,222.5379318791276,0.6179047522023072,0.18787510810083866,0.0,0.8879344401589718,1.0,0.34445853527871406,0.14133492801476896,0.007522023098011552,0.5591052262009452,0.7735086095020245,442.46193310296474,256.7520402151616,1.625238,841.242737,883.529114
case_136,136,400360,3.3661358933135186,1.8891256025505523,-1.693748,3.4576175,5.9358173999999995,9.499952509999988,21.323503,0.05092666600059946,3.442833778159658,0.3937143393786726,2.764684,4.348787,5.165611,357.83396677098614,7.374819846614008,345.714111,375.074371,430.854065,0.3329048779098811,0.04851771939229349,0.266815,0.445024,0.638177,187.35134989026176,17.39844500638079,130.12148838171436,212.36848210103147,222.7299097296864,0.6179768608030656,0.18787108940132893,0.0,0.8881157082926364,1.0,0.3443501214322092,0.1412859537818023,0.0075231160816177575,0.5590714194893819,0.7735012763817726,442.8763161820361,256.8897792023853,1.757023,841.90106505,884.378174
case_137,137,400360,3.023662126218903,1.7267084320813115,-1.602951,3.0920940000000003,5.4260912,8.722746689999925,21.634018,0.054016385253272056,3.4354663734039375,0.3983747225888716,2.761271,4.355878,5.176694,354.2911819364571,6.197391076380067,346.460358,369.282166,421.553955,0.35719697706064535,0.05825089170022025,0.262609,0.488351,0.651507,187.3376930929618,17.40086784235272,130.11231893490165,212.36090749038277,222.67522247584915,0.6182322719894482,0.18798965002923676,0.0,0.8885696689397433,1.0,0.3443635061111029,0.14129269937043729,0.007522370369083024,0.5590787167105534,0.7735022502107791,442.84392003284546,256.8740057127888,1.75431,841.83795505,884.292542
case_138,138,400360,4.002798469295135,2.2809012640534654,-2.154149,4.093462000000001,7.3140503,11.539844569999994,26.358999,0.05370416625037466,3.6461890568088724,0.3575913137340895,2.850358,4.461134,5.183453,365.26970661604554,10.513128936948709,349.498291,393.155884,421.484894,0.3525456497752024,0.06142851411837249,0.267697,0.49673,0.655811,187.35898662695473,17.38452055847815,130.13713771298112,212.35771234974598,222.89324988360755,0.6169065043251605,0.18742183292998557,0.0,0.8864167838936451,1.0,0.34426662374168493,0.14122543633714557,0.007522259000458969,0.5588567753740847,0.7734955859396228,443.06777771454944,256.87355240158774,1.762651,842.09314305,884.725159
case_139,139,400360,4.656545949383056,2.620350129914628,-2.217225,4.866823999999999,8.312557299999998,13.217778479999998,29.612137,0.04997002697572185,3.4313388008192627,0.3979706561679474,2.763916,4.357688,5.172056,365.5136361349585,14.265114232349545,345.229797,399.03418,434.385925,0.35719519918073733,0.05264778651203655,0.272197,0.494446,0.603247,187.41102480968172,17.3864133997458,130.12261156411648,212.42942348489177,222.98748010789907,0.6169008166802677,0.18722272127643944,0.0,0.8863073109501086,1.0,0.344295994724679,0.14124295932625527,0.007523360688751706,0.5589320139726821,0.7735008116637573,443.22201018090965,256.9480880064437,1.782271,842.3520570999999,885.059631
case_140,140,400360,4.277947264437006,2.4407749176642577,-2.298282,4.40728,7.941321349999998,12.117726609999906,28.184059,0.05270006993705665,3.7974836128484366,0.33432362343549177,2.914285,4.534466,5.199547,369.3390599832552,12.84370588897873,349.216522,402.768066,432.999817,0.35964361784394044,0.05179545712495245,0.280481,0.498372,0.605126,187.43302905972033,17.379660936797684,130.18877418058915,212.42566231974467,223.05446992948723,0.6164198137697181,0.18714834144775044,0.0,0.8855464601430215,1.0,0.34420450883143,0.14117819571285664,0.007524991560213346,0.5586109689383161,0.773490738026681,443.2281806580352,256.92677166037106,1.749623,842.35162705,885.048584
case_141,141,400360,4.0127847926740925,2.2153786319837705,-2.158241,4.1262834999999995,7.261079349999999,11.077090699999994,25.202782,0.05199070836247378,3.4814977558197633,0.3977480878911897,2.779553,4.417336,5.185212,368.49534005305225,12.1509211855728,349.767944,401.115967,423.850525,0.5427432335098413,0.04240127918824261,0.308981,0.60301,0.682741,187.3406645824204,17.36099540580156,130.11295935714188,212.30781234874664,222.98492592524516,0.6161999938195909,0.18693472365604202,0.0,0.8850340531050457,1.0,0.34417219579582004,0.1411698285878824,0.0075228604328521605,0.5585964412468533,0.7734895759561606,443.16118880201054,256.842733435984,1.769187,842.153564,884.965393
case_142,142,400360,4.321270355337695,2.414684779717775,-2.340727,4.428363,7.779161299999997,12.231397549999986,27.647049,0.050934159256669,3.4626899259466484,0.401070818675217,2.761332,4.397726,5.184947,368.32843127191524,13.09446370327267,347.15451,400.460663,431.231934,0.46182282767509225,0.047271352751354655,0.294878,0.541197,0.669835,187.37747497840286,17.37141425073279,130.12683540115265,212.37728729383224,223.01645470832378,0.6163297901774313,0.18701136230613993,0.0,0.8854644093296419,1.0,0.3442266170652672,0.14119427820644678,0.007523263195451143,0.5587445001217365,0.7734925893171287,443.23688172281203,256.8871786828242,1.780297,842.289673,885.116516
case_143,143,400360,4.474318076758417,2.506666961896902,-2.27513,4.624995999999999,7.9215908,12.536460539999972,29.560705,0.05241782395843741,3.4706492187231492,0.398945175885994,2.773592,4.404397,5.185093,381.30711401532614,9.018569686259053,351.626404,396.99115,436.752777,0.35765535054451003,0.05187905925617028,0.275452,0.495761,0.592842,187.3217375278374,17.372860319486332,130.10073223674485,212.31990750496684,222.87329664222457,0.6167880090173807,0.18726290936138212,0.0,0.886244503373517,1.0,0.3442183211590015,0.1412109909664885,0.007521127473638719,0.5587762007207842,0.7734932546690775,443.0209056069663,256.82901026623557,1.765566,841.9830960500001,884.700989
case_144,144,400360,5.492587407191026,3.047295014585887,-2.977781,5.702984000000001,9.571136699999997,15.136413799999993,31.827866,0.052225497052652614,3.4740956813667707,0.39849908212785623,2.765843,4.409534,5.183335,407.7988521961234,10.15274745609499,355.990875,423.091492,444.877747,0.32868429181736447,0.04264007403879313,0.266905,0.427073,0.623444,187.38221641714046,17.36147640895424,130.10624460009794,212.34607749108528,222.99292886707968,0.6166219869837931,0.18691028263052875,0.0,0.885378066188772,1.0,0.34412269477793656,0.14115181859465023,0.007524188673047717,0.55848061373705,0.7734855236812933,443.2170691461658,256.8605228887116,1.771721,842.244019,885.1073
case_145,145,400360,4.284758478451893,2.330109160136692,-2.771793,4.517951500000001,7.399078399999999,11.438420479999987,25.100422,0.0491257867918873,3.5594417010690385,0.3731068423951982,2.813194,4.413478,5.175394,381.2425909645519,11.596173163237314,362.376984,404.877777,439.107483,0.3853324446398242,0.04103854661707127,0.318032,0.468474,0.647754,187.2858199946687,17.369230195530967,130.0936058433068,212.27227523898313,222.86126725708166,0.6165102502289612,0.18723367530047325,0.0,0.8858547056514868,1.0,0.34422369784385903,0.1411912335742215,0.007520031925086375,0.5587109523384665,0.7734936846426012,442.86715160641177,256.7883674483036,1.735858,841.7699610999999,884.324463
case_146,146,400360,4.320783606808872,2.4096747332409287,-2.158962,4.509314,7.589036499999998,12.167704339999986,28.361948,0.05490808272554701,3.4820208266959733,0.3959136647986003,2.784378,4.408664,5.185751,368.5952320082925,13.152138133034528,347.340088,397.068054,434.556213,0.37727433034269153,0.052681981732340434,0.274193,0.490276,0.657824,187.30668083431664,17.383226492527246,130.08767256126302,212.29406240580687,222.87648686915824,0.616658470095193,0.18734183233385862,0.0,0.8859515067383402,1.0,0.34429780226469237,0.1412567538652579,0.007521107234336961,0.5589769217002876,0.773499084880549,443.0252807818761,256.8600138287007,1.755085,842.020691,884.635315
case_147,147,400360,4.797992291023078,2.6427652247963267,-2.394306,5.050599,8.369614449999997,13.121011389999998,29.499117,0.050559496453192125,3.4660795684483974,0.4012899631251416,2.761645,4.404132,5.183708,366.03805430914184,14.437106947719453,345.525482,399.88736,435.674591,0.3587525159756219,0.05572342600116031,0.274398,0.484411,0.643009,187.43812260923832,17.383732468429557,130.1514543319695,212.46302064926562,223.0423507586448,0.6167091769050673,0.18714140068775892,0.0,0.8861101516257825,1.0,0.3442649122321096,0.14123004141152373,0.007523024916203276,0.5588628707797718,0.7734986364598785,443.2443121479443,256.9686735544603,1.774603,842.41125805,885.112061
case_148,148,400360,4.050931678264563,2.2744897449901478,-1.992407,4.1026975,7.3332768999999995,11.485404579999983,26.239187,0.04951793385952643,3.4404185895294237,0.39818963547533165,2.760435,4.370446,5.176759,376.7049257723847,9.776532062651915,350.468414,394.579529,435.461273,0.47449739670296737,0.04617830850449162,0.298521,0.55054,0.671808,187.296674738302,17.36180737244049,130.0789704632421,212.27126861096292,222.85556989773522,0.6167256034799994,0.1871356298707538,0.0,0.8859162617374702,1.0,0.34417961416863896,0.1411915090720839,0.007522440468172176,0.5586785723128916,0.7734899345255765,443.0413972853258,256.80430755883475,1.774735,841.9713161,884.747742
case_149,149,400360,4.311526381441701,2.346399741553711,-2.735423,4.561386,7.3274191,11.590154689999974,25.081572,0.049967529223698674,3.405942371625536,0.38162858114074955,2.757343,4.29273,5.138608,380.3317080115897,11.625931315810298,361.91626,404.288849,439.252441,0.3429635153561794,0.047382158553007425,0.267187,0.44788,0.627196,187.22198767101864,17.377924575840034,130.0419693332196,212.20001098858805,222.69705596680146,0.6171276765832159,0.18755499786604907,0.0,0.8867083787884682,1.0,0.344311691170629,0.14125760131021228,0.0075181491221557395,0.5590150000535832,0.7735013102673017,442.7320837320835,256.7700671347266,1.740752,841.5731870999999,884.032288
case_150,150,400360,3.7887719559596373,2.22447417894238,-1.996671,3.8224865,7.40575685,10.83581602999999,22.923855,0.05237785992606654,3.989688070136878,0.30538102605799894,2.99255,4.625411,5.202148,362.20451937704064,11.717715043711237,346.921509,389.449371,435.961945,0.34798092440803285,0.05426745409859529,0.267757,0.474418,0.632025,187.51883406598049,17.38576336100741,130.23737111852273,212.51490378068937,223.07307808417883,0.6170197310895542,0.1872745296961992,0.0,0.8862703301500642,1.0,0.3442013391562066,0.1411689678245591,0.007526306724529436,0.5585649400808215,0.7734889780915328,443.36635723239584,257.0153816588597,1.766002,842.6262270999999,885.344543
case_151,151,400360,3.8462953287316415,2.105549432936026,-2.086034,4.0505675,6.654343,10.317672779999969,23.825817,0.051815865720851235,3.479653679308622,0.39607138687927357,2.784707,4.405287,5.185905,362.65155566308323,9.897326664786862,346.730621,386.908783,425.002838,0.41244217318413445,0.04879292867144519,0.331239,0.509811,0.660663,187.34522928514434,17.38101554887806,130.13365336515938,212.34327696330737,222.87989881711985,0.6168613687938314,0.18740398022775875,0.0,0.8863930091998161,1.0,0.34427861773050905,0.1412270910893543,0.007521423562607849,0.5589052885945489,0.773497261948363,442.9576793801027,256.8622884998206,1.756462,841.959656,884.531799
case_152,152,400360,5.575503494020382,3.1401775327753425,-3.016253,5.7520275000000005,9.847444699999999,15.732500959999992,35.763664,0.05329703267059646,3.4639682364871613,0.4014160346365187,2.759166,4.406932,5.185137,406.0425670887003,10.217853931822543,355.759125,421.765717,444.45459,0.35116530732340906,0.0609898626572664,0.26612,0.494871,0.649578,187.37892299957693,17.36097242460253,130.081121428163,212.34206923292723,223.0420389690207,0.616364415145006,0.18675560530017493,0.0,0.8848981914212425,1.0,0.34411242388417623,0.14115336417260643,0.007523871611867969,0.5584665971436348,0.7734856605128055,443.2921595151164,256.8493165437345,1.780336,842.30957305,885.259583
case_153,153,400360,4.478284567384354,2.4941883416241493,-2.204593,4.600647,8.088742599999998,12.59661163999998,28.401995,0.04933809571385753,3.4646589618143677,0.4014731095982287,2.759582,4.404367,5.183856,367.46708855727843,14.684747997995638,347.873871,402.83609,439.920593,0.4943716204016386,0.04514870835797352,0.301718,0.565083,0.675837,187.41554409322285,17.365997167949196,130.1292194813142,212.39291030733136,223.07573406653108,0.6163364475532475,0.18683860546516126,0.0,0.8850648267245643,1.0,0.34419426845713086,0.14117796565850035,0.007525051608770647,0.5586792460521341,0.7734943481008622,443.3495060304177,256.9183212847952,1.789785,842.46161205,885.369324
case_154,154,400360,3.5978396623064235,2.1071192571129753,-1.842513,3.575079,6.93859925,10.474740929999996,24.134432,0.04958537316415226,3.8219071006693976,0.33054421158732666,2.924967,4.55293,5.202343,363.5869173694876,10.179897128783848,346.017456,385.82016,432.246918,0.3998811299230693,0.05041105889681692,0.283377,0.501557,0.662631,187.4301401127815,17.378512309799437,130.17622034883422,212.41664033653427,222.9764962894634,0.6169585077589276,0.18726789477347766,0.0,0.8862087871410534,1.0,0.34419841140613683,0.1411814974537587,0.007526996731815614,0.5586123921514896,0.7734887446585992,443.20988257851934,256.9266664126788,1.767625,842.338928,885.045776
case_155,155,400360,4.394123515783296,2.4023569803492553,-2.858446,4.660496500000001,7.589083799999999,11.835096959999978,28.122841,0.048905984613847535,3.4562727041063046,0.4012279346510304,2.756092,4.397142,5.184297,372.75812224629834,12.30055465294683,352.784058,398.360016,435.534821,0.3798627638125687,0.051509471766540846,0.29599,0.487102,0.643799,187.29489169840514,17.378985197897173,130.0842768715618,212.28313176919812,222.8866618220751,0.6164778508370318,0.18726873460379798,0.0,0.8857407591568764,1.0,0.34428099149656743,0.14124330925124076,0.007519632201272267,0.5589195679132054,0.7734987980911894,442.9359317959036,256.83501831694076,1.74349,841.895752,884.46405
case_156,156,400360,4.732292953531822,2.6326806330103887,-2.176396,4.956542,8.350664399999998,13.289695469999998,28.11278,0.0490783295034469,3.398778665301229,0.40414132864769536,2.755202,4.339729,5.163139,366.64260886971726,14.302506629960376,345.439392,399.699921,436.909729,0.3444415150764312,0.05259969706900896,0.273017,0.467652,0.635333,187.41288772266205,17.3873164733332,130.12844328658497,212.42733110635058,222.98271259869054,0.6169284930080086,0.18725381829122192,0.0,0.8863231430225275,1.0,0.34429213420698473,0.14124870532084505,0.007523439650091862,0.5589418569715442,0.7735005820453257,443.21022442839933,256.9476330873722,1.784055,842.33936115,885.056091
case_157,157,400360,4.141123750911681,2.315653923152872,-2.06898,4.3100535,7.2733848499999985,11.70650115999999,26.843325,0.05608452392846438,3.4248189975022476,0.39781617020034865,2.76541,4.352178,5.172436,373.52345658453385,10.145092221559374,357.895264,394.57901,435.368164,0.3509519780997103,0.055445847268243115,0.26218,0.477592,0.64162,187.24315318890714,17.38284963458553,130.04505687242113,212.22442519582933,222.7262972163433,0.6171485848078305,0.18755521149782994,0.0,0.8866882663466352,1.0,0.3443243507477593,0.14126914532851517,0.007520321295950284,0.5590517104891143,0.773501946633141,442.83420804721237,256.7914367932306,1.753192,841.71496905,884.235901
case_158,158,400360,5.309165940218803,2.9133832087683618,-2.730351,5.560696500000001,9.03145045,14.374462109999973,33.084419,0.05373663702667599,3.4243659695873716,0.3979689726624283,2.765687,4.352935,5.172514,410.7233472995105,10.120121037790815,356.484375,425.504883,445.473969,0.4178316977320411,0.049701324369233774,0.333713,0.516717,0.66239,187.36059987377564,17.349631850011946,130.0698405221097,212.3106730994159,223.0729192004344,0.6160092780349877,0.1865490056519543,0.0,0.8842807544227378,1.0,0.34406959784796576,0.1411163976949234,0.00752341557554906,0.5582808622061659,0.7734828219396659,443.17622630303714,256.8135205851787,1.763211,842.1497860999999,885.058472
case_159,159,400360,4.30822882796733,2.4217708973879692,-2.010422,4.410639,7.7352063,12.345149739999998,27.97098,0.048803576780897195,3.4172839322809465,0.3971405983591429,2.760846,4.342948,5.16848,366.4688305235289,14.465796678591499,346.31427,400.513641,436.009033,0.47972846803876507,0.04599725861819933,0.299153,0.554471,0.673298,187.36770902469553,17.370265599168388,130.09490331540815,212.36741658344388,223.02387780320186,0.6163073037765009,0.1869198029453127,0.0,0.885326817835941,1.0,0.3442351886237146,0.14120733546890743,0.007523813849037263,0.5587995650740085,0.7734958862662945,443.2383724818215,256.88890822130685,1.789402,842.301514,885.15863
case_160,160,400360,3.9306639775302226,2.4378298281725037,-2.288969,3.8779225,8.2076078,12.130563619999995,27.873594,0.05657907882905385,4.184346000939154,0.2899438406724104,3.014791,4.74259,5.2518,380.2894708592067,11.591291630870218,361.702881,404.043823,438.786194,0.35700279792187023,0.05242495541881924,0.273314,0.494435,0.599227,187.62110665247445,17.386039419114685,130.2369955270594,212.61008099233783,223.34298042408855,0.6163310681786907,0.18673385430961098,0.0,0.8847238505277527,1.0,0.3441178986584635,0.14109782156198725,0.007525678765402543,0.5580793230414222,0.77348167245232,443.5518145025528,257.0769356861412,1.727417,842.94593825,885.689026
case_161,161,400360,6.031375949048356,3.398761213534283,-3.327273,6.1421005,10.55459645,16.947480759999806,37.146656,0.05416375262263962,3.420218527445299,0.3977016255000476,2.746135,4.344242,5.169222,438.6718074018382,11.230177049242897,362.931732,445.773071,451.618469,0.33350922277949846,0.05006054013329008,0.264092,0.451031,0.6272,187.4202244870229,17.35972584385794,130.07655602101704,212.37953777229797,223.12679542280364,0.6162656736260359,0.18656293584479078,0.0,0.8845004836140237,1.0,0.34408530576515467,0.14111720738270025,0.007524666762944853,0.558285433695231,0.7734825408862605,443.33469539687775,256.874533039318,1.772243,842.4101682,885.382019
case_162,162,400360,3.740976581284344,2.10396254279102,-1.913782,3.7577515000000004,7.05977075,10.44792312999997,23.808949,0.04749475472075133,3.5688113469277654,0.37081784610064356,2.817322,4.412871,5.176117,368.1828977102807,13.98207939811688,346.965759,400.555542,435.036957,0.6346495275851735,0.04501875031623969,0.330685,0.668855,0.706163,187.398869879573,17.347246015051923,130.10177298137444,212.34378555909436,223.16526149963556,0.6156775101650697,0.18640227538480902,0.0,0.8837194251705082,1.0,0.34408928298381775,0.14111031843258642,0.007525072791132007,0.558276699105687,0.7734831816037461,443.34682016444197,256.8661331632441,1.783318,842.41407425,885.420105
case_163,163,400360,4.869182128681686,2.745599668496275,-2.854431,4.859703,9.154281799999998,13.400103689999998,30.6998,0.05220551503646718,3.427023782735538,0.3980808053225961,2.763574,4.356895,5.172461,428.0745117694674,10.4442242861976,360.610992,436.895264,449.437561,0.5707934133479867,0.039283292859469916,0.328888,0.614399,0.678389,187.41092190936317,17.333456453532108,130.00223552823832,212.32606693459644,223.20341778550724,0.6159652162207142,0.18597893324663523,0.0,0.8832917073853701,1.0,0.3439654108034051,0.14103619268751033,0.007526981901473731,0.5578538714498401,0.773472611653963,443.4049558026375,256.84176463281153,1.77677,842.4597902,885.571716
case_164,164,400360,4.417448058669697,2.405695435836405,-2.713461,4.691521,7.52304965,11.752422029999977,27.640347,0.05131131981216905,3.4762566481566584,0.3991180292633907,2.772656,4.412847,5.183588,372.565714454511,12.289049117796718,352.428772,398.373779,435.302032,0.4134507240883206,0.05722561138881855,0.329299,0.534428,0.683442,187.29846039280085,17.374774401540503,130.0891448374944,212.28988302515953,222.890720162257,0.616469228621392,0.18722499419580785,0.0,0.8857687803251243,1.0,0.34425282879140573,0.14122626236261754,0.007520000679582765,0.5588499616634514,0.7734965373697358,442.9611019825083,256.8285001984831,1.744074,841.91223405,884.512024
case_165,165,400360,3.9166831153586763,2.5460301423457814,-2.850295,3.898968,8.250581299999999,13.545188889999928,26.689734,0.06240633429913078,4.635026143830552,0.2627307663170941,3.082526,4.993788,5.319789,381.88021032105104,12.852686227915534,361.72287,415.503326,439.408569,0.415143818443401,0.05936554361421244,0.330769,0.563185,0.748048,188.23888181312503,17.417497835384932,130.5633953262045,213.26190142929994,224.20631422110486,0.6159086791351764,0.18599909145221513,0.0,0.8831261037037054,1.0,0.34398040330974117,0.14096493358612133,0.0075289940273021135,0.5574279344152446,0.7734699518066095,444.6774953553628,257.6370872957326,1.741198,844.9728451,887.951172
case_166,166,400360,4.752669266182935,2.592100637136895,-2.337107,5.0304155,8.191421649999997,12.854706069999997,28.598408,0.05052203017284444,3.4356309107203518,0.4026469783562682,2.763257,4.379204,5.178531,367.19421265904685,14.791916645322702,347.647827,402.555298,440.319824,0.4171965874512938,0.049839908838980075,0.333991,0.516507,0.661828,187.43060521459773,17.374347666067926,130.15741549170943,212.4381274216325,223.07395489593156,0.6163939174889862,0.18698875116821706,0.0,0.8855335385659469,1.0,0.34423047385918176,0.14120037114888648,0.007522487453255292,0.5587718710962535,0.7734979088871877,443.24598780207583,256.93987537529046,1.774668,842.377014,885.137512
case_167,167,400360,4.028611309621342,2.2200856358007437,-1.830243,4.0774475,7.441063949999999,10.982056679999971,24.343588,0.04746977720051953,3.4320812984513926,0.40148367270014795,2.745657,4.365865,5.175084,381.37396099582367,11.737177399002757,351.556244,403.765076,440.160736,0.6391212553701666,0.045386495684783305,0.333173,0.671908,0.706447,187.3463849481272,17.33609678855368,130.04675549183574,212.27215271230773,223.04590498636134,0.6161306825678483,0.1864113476604877,0.0,0.8841521419000956,1.0,0.34403416048370533,0.14110180355347118,0.007524788948675046,0.5582024434738813,0.7734792550552646,443.2696270341218,256.81759614378103,1.785986,842.24988105,885.261902
case_168,168,400360,4.687098170091918,2.604218907642085,-2.397697,4.91163,8.285568549999999,13.07143477999989,28.741985,0.05095414127285443,3.465073185413129,0.3996889389226684,2.759785,4.40442,5.166017,367.831759101069,13.345275132932034,346.85321,398.83313,431.871246,0.3567273182535718,0.052252702632814174,0.272795,0.493684,0.59676,187.4130465126359,17.384306835350305,130.1478869327787,212.42375603121135,222.9872333456596,0.6168199345693798,0.18725149957473564,0.0,0.886217668234439,1.0,0.34427574374627784,0.14122472060762709,0.007522103453414873,0.558897678451113,0.7734960775959652,443.2150107285943,256.93683252647537,1.775259,842.324402,885.046997
case_169,169,400360,4.506858299510441,2.5292886721219077,-2.156696,4.5876235,8.0909292,12.84171135999998,28.405933,0.04892097112598661,3.4325998297132583,0.3979737684875118,2.760795,4.357941,5.172364,380.209403507703,11.79647448019258,351.251068,403.278168,440.352875,0.4612567783594765,0.0473450385280069,0.295361,0.540376,0.669927,187.34741077680647,17.360148694429544,130.09791200949223,212.31751371710268,222.96076835762477,0.616495130762425,0.18694394483568624,0.0,0.8853873867435038,1.0,0.34415454707431453,0.14117664002902425,0.0075222700983715906,0.558611986798461,0.7734890254425671,443.206229511872,256.8469958315816,1.785044,842.204468,885.073242
case_170,170,400360,3.591799630707364,2.0248558332120457,-1.917009,3.6477235,6.72739645,9.981185109999968,23.188431,0.05216055550004996,3.624505258487362,0.3619395947711012,2.839068,4.445262,5.181856,368.7040105413727,13.2527108814197,347.894196,398.242645,436.605682,0.5845108316714956,0.04363915126301229,0.317527,0.635528,0.694568,187.31658752753776,17.356968846714228,130.0851371344671,212.26442376865197,222.96746450613205,0.6161715798104546,0.18687052034410168,0.0,0.8847677374119591,1.0,0.3441520046432658,0.14115482525704137,0.007523729224762987,0.558473030126856,0.773486658952128,443.1128678382457,256.828670894216,1.751139,842.097168,884.854004
case_171,171,400360,5.335408860565491,2.9375147420100114,-2.710837,5.568201999999999,9.1834586,14.578658499999971,33.825893,0.05347437306424218,3.394049214526926,0.4039488388614523,2.750611,4.33049,5.162081,404.6005319436306,9.740392767024447,355.75235,419.435455,442.528015,0.3590504829253672,0.05602474058620147,0.269496,0.48287,0.645636,187.3244505580397,17.359989544603962,130.08367177980256,212.2902266929528,222.97186629050276,0.6162330862361981,0.18689123667490584,0.0,0.885005412648865,1.0,0.3441446135367496,0.1411741319542473,0.007522541150290031,0.5585764392020242,0.7734886454186718,443.0820839865347,256.8089589521898,1.764976,842.03186,884.851257
case_172,172,400360,2.950560556693976,2.4947208999511408,-1.890082,2.60916,7.573457349999998,13.311054099999952,21.947363,0.0690978119692277,4.82547762457788,0.2629981628469954,3.127353,5.102996,5.348524,376.01778656653,10.290861456729365,357.098083,397.086029,437.831207,0.3575095110001,0.06248193885483787,0.275149,0.507168,0.660691,188.19383607626972,17.434658742293433,130.613534414559,213.2503426343075,224.03272488232574,0.6163648108423521,0.18662823617925775,0.0,0.8845806499282545,1.0,0.34408138083956924,0.1410333118847154,0.007528481010074705,0.5576684280882196,0.7734733350217776,444.56341774918565,257.6504383264776,1.722375,844.841553,887.621582
case_173,173,400360,2.5970050090543513,3.547933917311103,-3.622409,1.7401375,9.59942485,17.56222892999998,26.765598,0.18829553401938257,5.0714266586672,0.28150098903151205,3.191044,5.266848,5.386351,402.1981895666099,10.534561929690335,355.197998,418.64212,443.64682,0.35732236840843246,0.054601462565013824,0.268665,0.493798,0.615924,188.8344625180724,17.478801825201437,131.01054490746873,213.9604382260311,224.85870819303312,0.6161433062323777,0.186245539745049,0.0,0.8838733803043072,1.0,0.34405148352209813,0.14096906318670574,0.007527777827317778,0.5573564759371805,0.7734725164211339,445.92539203948195,258.308164965934,1.757984,847.2318790999999,890.317078
case_174,174,400360,1.606540582043661,4.424032736467954,-4.063609,0.40934099999999995,9.461701199999998,23.167241859999923,36.294758,0.4094190228794085,5.0937675761814365,0.2849744532265921,3.195882,5.28392,5.390149,429.5118272291138,10.343079275867796,361.29538,438.106232,449.233246,0.5203563411929264,0.04307683559913987,0.304883,0.586239,0.680331,189.6997160506768,17.560848203890252,131.6073547278587,214.9390790191292,226.01305945556936,0.6153479971403294,0.18601469322791533,0.0,0.8826979739372716,1.0,0.3441263646861031,0.14088523703812963,0.007527037092327519,0.5570930208586871,0.7734812220285104,447.4044672286991,259.1844265468481,1.761149,850.07801825,893.241333
case_175,175,400360,4.382044370706365,2.451859181018484,-2.180179,4.5869254999999995,7.7605657,12.505675359999998,28.643784,0.05493056249375562,3.4117746727545217,0.39938680596103066,2.766841,4.342661,5.165687,368.56343179238684,13.12316804013821,347.314178,397.020935,434.584167,0.35095742098111704,0.060766592495591444,0.266151,0.494185,0.648146,187.28484332916332,17.388371763666175,130.05900132171905,212.27818609891443,222.82880983165583,0.6168584685750932,0.1874356759268687,0.0,0.8862709333757943,1.0,0.3443419728487048,0.14128238546109723,0.00751932675149714,0.5590562255276175,0.7735033594901934,442.96038429644824,256.85027291915054,1.757951,841.9300570500001,884.502441
case_176,176,400360,4.060998865036468,2.3761124015465076,-2.34654,4.0495105,7.8278196499999995,11.87208076,27.178921,0.05118892996303327,3.836130107203516,0.3290480737921845,2.930213,4.557305,5.204758,368.1735554714557,13.200857943264364,347.207245,400.034882,431.010651,0.4161160472374862,0.049584340306594164,0.286415,0.510019,0.663761,187.4904422410996,17.374322642646025,130.2015335705422,212.4693212791274,223.14405812121586,0.6163907097156871,0.1869362030635749,0.0,0.8851469024142071,1.0,0.3441705729045033,0.14114297408111207,0.007526373459096518,0.558461470216059,0.7734856327263806,443.42787008173394,256.97000782527084,1.774645,842.62915,885.469177
case_177,177,400360,2.2588889830627434,4.137565660816936,-4.087237,1.110093,10.248656199999992,20.689661419999986,31.344358,0.2897966829853132,5.081781481027075,0.28301443903835827,3.192626,5.274926,5.388485,427.48040800921166,10.458230375597319,360.410858,436.423737,449.301758,0.3330315619542412,0.049902445761121655,0.263959,0.450008,0.624547,189.1669104679965,17.513604725678004,131.25192945355812,214.3396950031677,225.26905744054937,0.6160045754902428,0.18628100113950816,0.0,0.8837513688049061,1.0,0.34408692753103215,0.1409443724552199,0.007529063560721783,0.5572738067901184,0.7734764184642072,446.42705909115557,258.6549377428151,1.755234,848.26941205,891.311707
case_178,178,400360,5.052722292506745,2.835338827640338,-2.868584,5.111547,9.064975249999998,14.345698169999997,33.072105,0.052615146368268556,3.3962514337296437,0.40400813032850685,2.755425,4.334137,5.162658,411.0409682228794,10.04144142344409,356.614807,425.546783,445.150635,0.47604220677390363,0.04621276145164948,0.298366,0.551755,0.672587,187.32634421669684,17.34524373470607,130.0160521088079,212.26519018023745,223.038191292848,0.6160930355998708,0.18646360841465154,0.0,0.8841888478688212,1.0,0.34407195104105875,0.14111878552339072,0.007524930020780712,0.5582823110234266,0.7734816640207077,443.2383900156833,256.79133490670097,1.780854,842.186707,885.205872
case_179,179,400360,4.9224237950094905,2.7523672459345936,-2.406877,5.1477825,8.77827785,13.768544699999975,31.174862,0.05046957738035768,3.457710122130083,0.40189047760378876,2.78729,4.401784,5.18419,367.38360327061645,14.590304361213565,347.090729,401.645599,439.519226,0.3561206055949646,0.05796880546643236,0.26351,0.489376,0.636473,187.4392944896158,17.384346319879832,130.13682119123433,212.4612005972336,223.06847564238632,0.6166087716484335,0.18706592950002449,0.0,0.8858593973409971,1.0,0.3442631367292871,0.14122716303874167,0.007520958812282861,0.5588646512454437,0.7734990405989723,443.33561885706104,256.96089551389707,1.78826,842.4971981,885.314148
case_180,180,400360,4.617005859673794,2.491873661139756,-2.915853,4.9020545,7.69277325,12.120241409999988,27.940109,0.049717754021380754,3.4693280962134088,0.40546721205865227,2.759791,4.422638,5.185339,381.3869005859925,11.890851952471671,362.291138,405.369537,440.309479,0.41265662561694477,0.05005874514644321,0.323358,0.51788,0.670808,187.29323941665146,17.36866304447562,130.0851696480935,212.2783482401099,222.90372964057923,0.6163430005075413,0.1871248923262948,0.0,0.8855252505390135,1.0,0.34420871351324056,0.1412002634708207,0.007518812636928206,0.5587380900864944,0.7734931848290078,442.92689729261167,256.80429815641855,1.73607,841.8488190500001,884.454773
case_181,181,400360,4.40049677395344,2.5425868935359226,-2.286124,4.4811065,8.34870525,12.506494849999994,29.049292,0.05285742831451693,3.880963613447898,0.3218700826344854,2.949774,4.578251,5.209343,374.62955577799977,12.210621198463267,349.63623,400.196838,439.29483,0.3653407876111501,0.05605320961841854,0.282219,0.509033,0.64295,187.52311275562795,17.372820016751202,130.19030788050847,212.50560151376934,223.20836119938153,0.6163621235823775,0.18676826053535908,0.0,0.8849388983779061,1.0,0.34411772777372734,0.141132772891187,0.007526345833082285,0.5583631563947941,0.7734845205743632,443.4485422477546,256.984240562499,1.766659,842.6879514499999,885.542786
case_182,182,400360,4.517252132275952,2.5158914804279853,-2.396916,4.739739999999999,8.00586695,12.821896439999959,27.60265,0.05247527225497053,3.412649497931862,0.397878330413131,2.765827,4.340728,5.166156,369.91465482317915,13.08442423893737,349.848511,403.987396,433.899963,0.3410781489259666,0.043853519047983944,0.27135,0.45598,0.579925,187.33407936511912,17.386705985279313,130.11119565018478,212.32155900243924,222.8933934796386,0.6167442144463716,0.18739269377126017,0.0,0.8860575118447633,1.0,0.3443127831456705,0.14125652881097334,0.0075215611729291506,0.5590104260871828,0.7735017919913401,443.00645385459086,256.8712676969726,1.757979,842.011169,884.614502
case_183,183,400360,4.862273831416726,2.7375652235614334,-2.459154,5.073817,8.6733519,13.893857019999993,30.768703,0.050457088620241786,3.434480942271954,0.39812248856243526,2.756781,4.360779,5.173046,368.7396869090018,14.467837198529697,348.391541,402.638,438.056,0.35355592211010095,0.061736145919601644,0.267406,0.499777,0.657943,187.40656386814445,17.383528074017455,130.12290656716013,212.41589507377986,223.00289345833713,0.6167491966606417,0.18716118138975293,0.0,0.8860142131914645,1.0,0.3442714580524544,0.14123612983765418,0.007520118313655784,0.5589051514514026,0.7735010177442029,443.27647250115905,256.925790327368,1.788112,842.376221,885.176086
case_184,184,400360,4.474886488085723,2.4985041256045832,-2.344664,4.631954,7.8758148499999985,12.749777039999945,29.159094,0.05032470776301329,3.3975187668098714,0.40352153289334414,2.762232,4.333117,5.163377,368.10352885249273,13.316685524302205,347.185333,399.664459,431.859894,0.39362931511639526,0.05091541148518505,0.281817,0.497938,0.660126,187.36719876070163,17.381656992356806,130.11427899578572,212.36815469905451,222.96819161788753,0.6165913546144756,0.18719358723306492,0.0,0.8858417850201619,1.0,0.3442857098130736,0.1412346596100725,0.007522550629680229,0.5589224933985396,0.7734971071488592,443.1681036058847,256.89446026973866,1.782139,842.218201,884.969604
case_185,185,400360,4.411143300709361,2.4281260059120777,-2.381653,4.6386970000000005,7.66623645,12.235298509999932,25.902672,0.05113647717054651,3.4901881634728738,0.3860357425627477,2.779942,4.379168,5.168532,368.50966982603643,12.146711344193397,350.017517,400.940308,423.822662,0.34349137126586077,0.046021686700765854,0.27642,0.452809,0.625528,187.3624469216124,17.384068894234325,130.13947343727392,212.35752377578723,222.89367603094297,0.6169313290850745,0.18742082200187965,0.0,0.886407818076861,1.0,0.34428177083092826,0.1412347076868135,0.007520511559534819,0.5589245578326926,0.7734987621230799,443.0259383514836,256.8901362069847,1.758147,842.06067205,884.63855
case_186,186,400360,4.101997900724348,2.323551222843871,-2.108462,4.255255,7.529998299999998,11.554426579999998,25.10742,0.05367419322609651,3.7361633163752637,0.34375449172522543,2.88373,4.502703,5.193158,367.24693996860816,11.970888350859333,349.627747,396.731842,432.085968,0.34863908218603246,0.05490009173334726,0.271076,0.47751,0.63559,187.38061575801663,17.381981681030545,130.1608166727932,212.37617628659135,222.91634415516057,0.6168882937580277,0.18739564264064826,0.0,0.8863661481460186,1.0,0.3442416922657015,0.14120536847110837,0.007523514998386433,0.5587491530427917,0.7734951339863181,443.0993801814341,256.89049061936737,1.752539,842.15204205,884.771912
case_187,187,400360,4.630080605357677,2.5764718250404814,-2.293437,4.8088715,8.103256349999997,13.128380069999986,29.064703,0.05000499550404636,3.398498913977421,0.40440511559374864,2.754842,4.339259,5.162807,368.3010476156659,13.983727127308958,346.346832,400.620758,435.399078,0.3873427793585772,0.051468336245972315,0.279584,0.494551,0.658827,187.38245903717376,17.38100002160336,130.11546658826475,212.38725863335063,222.95896595830948,0.6168120852560818,0.1872075066055859,0.0,0.8861341138939262,1.0,0.34427069607452976,0.14123560546765818,0.007520738726720136,0.558909330905588,0.7734983029476802,443.20779486004096,256.91026009864845,1.785257,842.27942205,885.035583
case_188,188,400360,4.561877200851734,2.5601433963919193,-2.348341,4.758827999999999,8.1106522,13.086825609999966,28.111973,0.05364422020181836,3.42463515797782,0.3976047565988898,2.752281,4.34785,5.168691,369.7333185694475,12.921162929831109,349.256989,403.595978,433.451447,0.34893057258467386,0.05964125528692719,0.259889,0.487386,0.643398,187.32906947580597,17.385752996854496,130.0994738201868,212.3153107791399,222.8636630238488,0.616936299954853,0.18741879971250983,0.0,0.8862885307869162,1.0,0.3443019360178571,0.14125912721291325,0.007522878273699336,0.5590007600758751,0.7735002601955315,443.0558265429339,256.8712061411119,1.765303,842.053528,884.697876
case_189,189,400360,4.5039566168298535,2.5233840286607596,-2.211196,4.705080499999999,7.9956127999999955,12.753865229999988,29.364471,0.05067439304625837,3.404374028674193,0.4016569727660397,2.765399,4.336877,5.164523,365.9328451940053,12.939897985711685,349.208618,396.546295,435.178436,0.35719142339894094,0.05431521470806813,0.269038,0.492785,0.617052,187.37067078348164,17.386978651803368,130.1038679441254,212.37542999042176,222.9243825148542,0.6169627813872883,0.18731827476085122,0.0,0.886351066106252,1.0,0.3443138205411526,0.1412528177546054,0.0075203715110512635,0.5589895055412829,0.7735039161524204,443.11457551354533,256.8998598155272,1.777251,842.171265,884.863281
case_190,190,400360,4.711067542379359,2.640116827026586,-2.248815,4.93145,8.360267199999997,13.360543069999991,28.387516,0.049692776501148964,3.423156749585373,0.3978057050755855,2.745419,4.344974,5.167936,366.1626532923169,14.306109060915674,346.303802,399.890167,435.044556,0.34732923189129783,0.057660805980130334,0.27058,0.486142,0.648939,187.403805021972,17.387132810014794,130.11567243893,212.42174645744893,222.96897938455788,0.6169746072327632,0.1872537810656133,0.0,0.8864097222376248,1.0,0.3442986807758073,0.14124799596016704,0.007522801487557013,0.5589448296400471,0.773501517529006,443.21964696655755,256.9407220995529,1.786875,842.3365022500001,885.061035
case_191,191,400360,4.65089545228794,2.5877685056503634,-2.361392,4.8776885,8.2053505,13.111052269999984,29.264482,0.05073683684683784,3.4131909811769403,0.4003869001954744,2.765329,4.352011,5.16547,368.4274556203617,13.192287153018725,347.174164,400.605408,431.285095,0.35897856233389946,0.05149003841087163,0.280179,0.497203,0.59722,187.38602111935032,17.384855118461203,130.12915839644936,212.38950274782425,222.96091764434826,0.6167809722317296,0.18727270989270497,0.0,0.8861228637465117,1.0,0.344298218225292,0.14123454642850833,0.007521525436463454,0.5589380873693055,0.7734992799455845,443.14472661021836,256.91050221578115,1.773666,842.21228305,884.895874
case_192,192,400360,4.594875131664003,2.576317985444676,-2.170943,4.7956105,8.1751115,12.94669633999999,29.424139,0.0499525427115596,3.44333672486762,0.3987837544778355,2.764172,4.376368,5.178472,365.5298423714656,13.371998106629048,347.173492,396.940765,436.593384,0.35811885225297213,0.051571808110929214,0.277069,0.495836,0.595752,187.40673423448823,17.385938354647454,130.12701223198377,212.42398396549964,222.98011948320885,0.6168853547089961,0.18724131985812534,0.0,0.8863135997253347,1.0,0.34428799103341207,0.141240739524329,0.0075209590849438,0.5589244328031834,0.7735004991189786,443.19365707868417,256.93858503086904,1.77896,842.31311,885.016174
case_193,193,400360,4.2177852429788185,2.350199603503324,-2.201403,4.4205135,7.433103449999999,11.889664139999995,26.425898,0.05308472374862624,3.4327428405834746,0.397972586683803,2.759643,4.358068,5.172543,366.6557553852933,11.779076814498513,349.385101,394.561005,432.633698,0.35200055122389856,0.05022558855213003,0.271105,0.482574,0.589262,187.3068393851606,17.387908063443174,130.0876163101134,212.30149603009517,222.79126682169277,0.6172272910428711,0.18756443751124222,0.0,0.8868461950127048,1.0,0.34432760699508397,0.14126793855742806,0.007519486356248493,0.5590541201325666,0.7735041384201049,442.9353404864696,256.85740527830916,1.755019,841.9093081,884.434509
case_194,194,400360,4.473546477382855,2.556517074315795,-2.225042,4.571212,8.246804399999997,12.928755589999998,28.350403,0.0494604855629933,3.7132029458887015,0.3472369321734348,2.873873,4.489657,5.190577,365.9810152417823,14.16562491815059,347.415527,399.385071,438.364807,0.3648502612448796,0.055783466548872646,0.267443,0.488167,0.653085,187.46873075459266,17.37957170656135,130.1838434822737,212.46458814915147,223.07282736356146,0.6167027012108253,0.18710046100593006,0.0,0.8857965845770545,1.0,0.34421051496273913,0.14118761151834458,0.007525549481037862,0.5586949395551687,0.7734920297875567,443.3735203483938,256.96882053559597,1.783332,842.5593931,885.36969
case_195,195,400360,4.837615727745028,2.6868721061813954,-2.218947,5.070314,8.5064869,13.599721699999975,28.627287,0.04965780797282446,3.3987750754321104,0.4020920535232635,2.757746,4.33373,5.153215,366.94695386719957,14.862652044576192,347.757507,402.191589,440.966156,0.3481342868618243,0.048810227623073875,0.269304,0.472512,0.593027,187.41822266777507,17.386676368802416,130.12861871352425,212.43589856057713,222.98230789238409,0.6169879135754799,0.18724809452978494,0.0,0.8864190596510184,1.0,0.3443027511052008,0.14124537827879363,0.007522110090852284,0.5589431382332066,0.773501596905795,443.22524650169856,256.9542307344666,1.784109,842.360107,885.0849
case_196,196,400360,4.721619437676091,2.645664983483366,-2.359874,4.9266795000000005,8.42034205,13.277754099999989,29.80596,0.05060695374163253,3.4507244603456884,0.3979850599317841,2.778552,4.378867,5.178001,367.6075246853231,13.770998223564561,347.86264,400.01062,434.7948,0.3562313119592367,0.05662094967212412,0.26737,0.488416,0.627028,187.40373477085242,17.383913870254894,130.12697140948185,212.41219110811642,222.9742468418083,0.6168922361444826,0.1872312761931878,0.0,0.8862426960348422,1.0,0.3442783652878236,0.14123368190426486,0.0075209607088245044,0.5589169951170814,0.7735003338799699,443.2260791519806,256.9255359191433,1.781483,842.32214705,885.07251
case_197,197,400360,4.335292672040164,2.4669991671805236,-2.108332,4.471632,7.93691695,12.379508429999996,27.07881,0.04987011689479468,3.6821984906584078,0.3521243061519699,2.860976,4.474259,5.187367,368.32717223656715,11.780925977617313,346.887268,394.185486,433.731934,0.36104692378859027,0.06304638552930379,0.281135,0.510007,0.662086,187.42559609487657,17.377597157966584,130.16077578580962,212.4181617493892,222.99006113648775,0.6168831322221159,0.18719951459628073,0.0,0.8861146097682274,1.0,0.34419421775227005,0.14119055134954772,0.00752521648509741,0.5586816341388072,0.7734914957962122,443.2517756239933,256.9202630686234,1.776494,842.36145,885.127747
case_198,198,400360,4.212888036819362,2.4052987400822747,-2.267408,4.340505500000001,7.8906848499999995,11.815450089999976,26.483866,0.053149665301228895,3.8581263895494056,0.32567690707885416,2.938375,4.565793,5.206686,368.74599992043164,12.223712370173194,350.116425,401.309692,427.187653,0.3581090430412628,0.051711324575030714,0.275472,0.493725,0.610602,187.46775370961186,17.37986682407618,130.21307315093563,212.45758404114738,223.07187956281132,0.6165778214370198,0.18716444347763522,0.0,0.8856942498853132,1.0,0.34418818369307086,0.1411646555935397,0.0075245218843568665,0.5585467928742793,0.7734886280742663,443.2818162542288,256.9557478113594,1.751408,842.44800105,885.146423
case_199,199,400360,4.738719716275352,2.7057320162250504,-2.510598,4.8637245,8.7167037,13.672717349999985,29.847414,0.0512089119792187,3.73609776768908,0.3437281775850715,2.883252,4.49971,5.192834,368.83410628953936,14.88180393768792,349.683105,404.261078,440.11792,0.35342708582275956,0.061502197393806655,0.269503,0.496934,0.658855,187.48745384688468,17.378162946610697,130.19117666073322,212.4782259263085,223.1280556253982,0.616507438429644,0.18698888041224146,0.0,0.8854079261351269,1.0,0.34419585167997735,0.14117223962366177,0.007523914405569044,0.5586234352436936,0.7734941159588833,443.4381920024428,256.96735188570864,1.784543,842.6268981,885.515198
case_200,200,400360,4.308588448970926,2.3973812647683435,-2.013371,4.4905565,7.528428399999999,12.027814629999995,27.248859,0.05078179638325507,3.480473285682885,0.38780719101063443,2.77584,4.374593,5.167617,368.8532280523928,10.578077007713997,347.96524,391.21048,432.796295,0.3642669022879409,0.054859083417958,0.276825,0.508594,0.633905,187.35972721001627,17.379986858842916,130.1166803381425,212.36682690214624,222.86680828854782,0.6171748561089037,0.18738504455903524,0.0,0.886792809687378,1.0,0.34425229901940335,0.14123259049971673,0.00752342776000794,0.5588813963008484,0.7734968361210522,443.04025293504344,256.8824006971366,1.76748,842.0722721,884.701355
