case_id,case_number,feature,target,pearson,spearman,abs_pearson,abs_spearman,n
case_00,0,param_field_magnitude_scaled,sigma_max_principal,-0.5277773895329245,-0.42922875837021257,0.5277773895329245,0.42922875837021257,400360
case_00,0,z,sigma_max_principal,0.1959974812429801,0.2549618079615571,0.1959974812429801,0.2549618079615571,400360
case_00,0,weight_loss_rate,sigma_max_principal,-0.4169535953739402,-0.2067452918539846,0.4169535953739402,0.2067452918539846,400360
case_00,0,fluence_rate,sigma_max_principal,-0.1825236557107237,0.19753196871343912,0.1825236557107237,0.19753196871343912,400360
case_00,0,theta,sigma_max_principal,0.0911103522843331,0.08426616184032222,0.0911103522843331,0.08426616184032222,400360
case_00,0,theta_sin,sigma_max_principal,0.09029826927124744,0.08426616184032222,0.09029826927124744,0.08426616184032222,400360
case_00,0,theta_cos,sigma_max_principal,-0.0924340629316891,-0.08426616184032222,0.0924340629316891,0.08426616184032222,400360
case_00,0,temperature,sigma_max_principal,-0.14844709310499468,-0.03287656068084164,0.14844709310499468,0.03287656068084164,400360
case_00,0,rho,sigma_max_principal,0.1370373047833544,-0.032876374180278174,0.1370373047833544,0.032876374180278174,400360
case_00,0,rho_normalized,sigma_max_principal,0.13703730478335477,-0.032876374180278174,0.13703730478335477,0.032876374180278174,400360
case_00,0,distance_to_inner_proxy,sigma_max_principal,0.13703730478335438,-0.032876374180278174,0.13703730478335438,0.032876374180278174,400360
case_00,0,distance_to_outer_proxy,sigma_max_principal,-0.1370373047833545,0.032876374180278174,0.1370373047833545,0.032876374180278174,400360
case_01,1,param_field_magnitude_scaled,sigma_max_principal,-0.53348682585228,-0.3871596557987117,0.53348682585228,0.3871596557987117,400360
case_01,1,z,sigma_max_principal,0.1780657030833361,0.23599468036751794,0.1780657030833361,0.23599468036751794,400360
case_01,1,fluence_rate,sigma_max_principal,-0.19723690480079634,0.17165798969853877,0.19723690480079634,0.17165798969853877,400360
case_01,1,weight_loss_rate,sigma_max_principal,-0.38207592644894117,-0.05483334511075968,0.38207592644894117,0.05483334511075968,400360
case_01,1,temperature,sigma_max_principal,-0.18485151565629362,-0.036947594982917234,0.18485151565629362,0.036947594982917234,400360
case_01,1,theta,sigma_max_principal,0.057162088488627825,0.02894213636936624,0.057162088488627825,0.02894213636936624,400360
case_01,1,theta_sin,sigma_max_principal,0.05719787879742524,0.02894213636936624,0.05719787879742524,0.02894213636936624,400360
case_01,1,theta_cos,sigma_max_principal,-0.05299804276740331,-0.02894213636936624,0.05299804276740331,0.02894213636936624,400360
case_01,1,rho,sigma_max_principal,0.16629685882349976,-0.007897443698751356,0.16629685882349976,0.007897443698751356,400360
case_01,1,rho_normalized,sigma_max_principal,0.16629685882350134,-0.007897443698751356,0.16629685882350134,0.007897443698751356,400360
case_01,1,distance_to_inner_proxy,sigma_max_principal,0.16629685882349995,-0.007897443698751356,0.16629685882349995,0.007897443698751356,400360
case_01,1,distance_to_outer_proxy,sigma_max_principal,-0.1662968588235,0.007897443698751356,0.1662968588235,0.007897443698751356,400360
case_02,2,param_field_magnitude_scaled,sigma_max_principal,-0.5180221375079581,-0.3639500141686166,0.5180221375079581,0.3639500141686166,400360
case_02,2,z,sigma_max_principal,0.15476242505227225,0.20350076997829128,0.15476242505227225,0.20350076997829128,400360
case_02,2,fluence_rate,sigma_max_principal,-0.18712874235638263,0.15461934055519466,0.18712874235638263,0.15461934055519466,400360
case_02,2,weight_loss_rate,sigma_max_principal,-0.3768591045438131,-0.08293239350114467,0.3768591045438131,0.08293239350114467,400360
case_02,2,theta,sigma_max_principal,0.06041417702965922,0.03608574462916872,0.06041417702965922,0.03608574462916872,400360
case_02,2,theta_sin,sigma_max_principal,0.060398997799759276,0.03608574462916872,0.060398997799759276,0.03608574462916872,400360
case_02,2,theta_cos,sigma_max_principal,-0.05674870475208798,-0.03608574462916872,0.05674870475208798,0.03608574462916872,400360
case_02,2,rho,sigma_max_principal,0.16628745163893108,-0.010682846027300137,0.16628745163893108,0.010682846027300137,400360
case_02,2,rho_normalized,sigma_max_principal,0.16628745163893244,-0.010682846027300137,0.16628745163893244,0.010682846027300137,400360
case_02,2,distance_to_inner_proxy,sigma_max_principal,0.16628745163893083,-0.010682846027300137,0.16628745163893083,0.010682846027300137,400360
case_02,2,distance_to_outer_proxy,sigma_max_principal,-0.16628745163893088,0.010682846027300137,0.16628745163893088,0.010682846027300137,400360
case_02,2,temperature,sigma_max_principal,-0.1747201611570475,-0.006746764402969521,0.1747201611570475,0.006746764402969521,400360
case_03,3,param_field_magnitude_scaled,sigma_max_principal,-0.5353950174175096,-0.41706157970117436,0.5353950174175096,0.41706157970117436,400360
case_03,3,z,sigma_max_principal,0.1756683150696722,0.23557091134407296,0.1756683150696722,0.23557091134407296,400360
case_03,3,fluence_rate,sigma_max_principal,-0.18383090578529215,0.19762299252842408,0.18383090578529215,0.19762299252842408,400360
case_03,3,weight_loss_rate,sigma_max_principal,-0.3683208346984418,-0.043925532213937524,0.3683208346984418,0.043925532213937524,400360
case_03,3,theta,sigma_max_principal,0.0642948225467078,0.041029591060092345,0.0642948225467078,0.041029591060092345,400360
case_03,3,theta_sin,sigma_max_principal,0.06455873148685766,0.041029591060092345,0.06455873148685766,0.041029591060092345,400360
case_03,3,theta_cos,sigma_max_principal,-0.058475023021721834,-0.041029591060092345,0.058475023021721834,0.041029591060092345,400360
case_03,3,rho,sigma_max_principal,0.1490462762853412,-0.031987988547167695,0.1490462762853412,0.031987988547167695,400360
case_03,3,rho_normalized,sigma_max_principal,0.14904627628534103,-0.031987988547167695,0.14904627628534103,0.031987988547167695,400360
case_03,3,distance_to_inner_proxy,sigma_max_principal,0.1490462762853412,-0.031987988547167695,0.1490462762853412,0.031987988547167695,400360
case_03,3,distance_to_outer_proxy,sigma_max_principal,-0.14904627628534126,0.031987988547167695,0.14904627628534126,0.031987988547167695,400360
case_03,3,temperature,sigma_max_principal,-0.15161371091588982,0.0038067955550936832,0.15161371091588982,0.0038067955550936832,400360
case_04,4,param_field_magnitude_scaled,sigma_max_principal,-0.5147325935526159,-0.38443438854042106,0.5147325935526159,0.38443438854042106,400360
case_04,4,z,sigma_max_principal,0.17474616159688947,0.23708935290248825,0.17474616159688947,0.23708935290248825,400360
case_04,4,fluence_rate,sigma_max_principal,-0.18387042137539175,0.19903397236843912,0.18387042137539175,0.19903397236843912,400360
case_04,4,theta,sigma_max_principal,0.0705197407047721,0.04692998519306354,0.0705197407047721,0.04692998519306354,400360
case_04,4,theta_sin,sigma_max_principal,0.0704122319668086,0.04692998519306354,0.0704122319668086,0.04692998519306354,400360
case_04,4,theta_cos,sigma_max_principal,-0.06692003522217721,-0.04692998519306354,0.06692003522217721,0.04692998519306354,400360
case_04,4,weight_loss_rate,sigma_max_principal,-0.3025826255000834,0.046353711375975375,0.3025826255000834,0.046353711375975375,400360
case_04,4,rho,sigma_max_principal,0.14672796719475026,-0.0362533696271405,0.14672796719475026,0.0362533696271405,400360
case_04,4,rho_normalized,sigma_max_principal,0.14672796719475023,-0.0362533696271405,0.14672796719475023,0.0362533696271405,400360
case_04,4,distance_to_inner_proxy,sigma_max_principal,0.14672796719475026,-0.0362533696271405,0.14672796719475026,0.0362533696271405,400360
case_04,4,distance_to_outer_proxy,sigma_max_principal,-0.1467279671947504,0.0362533696271405,0.1467279671947504,0.0362533696271405,400360
case_04,4,temperature,sigma_max_principal,-0.15747884951045069,0.016463809176017478,0.15747884951045069,0.016463809176017478,400360
case_05,5,param_field_magnitude_scaled,sigma_max_principal,-0.5061162290744412,-0.36065949394625313,0.5061162290744412,0.36065949394625313,400360
case_05,5,z,sigma_max_principal,0.17243393648009986,0.23066506958460273,0.17243393648009986,0.23066506958460273,400360
case_05,5,fluence_rate,sigma_max_principal,-0.1998222024016797,0.17060392340565433,0.1998222024016797,0.17060392340565433,400360
case_05,5,theta,sigma_max_principal,0.07006876370658782,0.047665250236630576,0.07006876370658782,0.047665250236630576,400360
case_05,5,theta_sin,sigma_max_principal,0.06985532159572133,0.047665250236630576,0.06985532159572133,0.047665250236630576,400360
case_05,5,theta_cos,sigma_max_principal,-0.0673872570144419,-0.047665250236630576,0.0673872570144419,0.047665250236630576,400360
case_05,5,temperature,sigma_max_principal,-0.18995840513747078,-0.04289178376106134,0.18995840513747078,0.04289178376106134,400360
case_05,5,weight_loss_rate,sigma_max_principal,-0.30133483148498347,0.023130313533700972,0.30133483148498347,0.023130313533700972,400360
case_05,5,rho,sigma_max_principal,0.17190187289765527,0.0020313702099883325,0.17190187289765527,0.0020313702099883325,400360
case_05,5,rho_normalized,sigma_max_principal,0.17190187289765604,0.0020313702099883325,0.17190187289765604,0.0020313702099883325,400360
case_05,5,distance_to_inner_proxy,sigma_max_principal,0.17190187289765513,0.0020313702099883325,0.17190187289765513,0.0020313702099883325,400360
case_05,5,distance_to_outer_proxy,sigma_max_principal,-0.17190187289765516,-0.0020313702099883325,0.17190187289765516,0.0020313702099883325,400360
case_06,6,param_field_magnitude_scaled,sigma_max_principal,-0.44848327448692044,-0.3672738243778695,0.44848327448692044,0.3672738243778695,400360
case_06,6,z,sigma_max_principal,0.1550503256478932,0.20288679229622472,0.1550503256478932,0.20288679229622472,400360
case_06,6,temperature,sigma_max_principal,-0.2226700868071885,-0.15970687626576496,0.2226700868071885,0.15970687626576496,400360
case_06,6,rho,sigma_max_principal,0.25123184640449797,0.10397199905492649,0.25123184640449797,0.10397199905492649,400360
case_06,6,rho_normalized,sigma_max_principal,0.2512318464044988,0.10397199905492649,0.2512318464044988,0.10397199905492649,400360
case_06,6,distance_to_inner_proxy,sigma_max_principal,0.25123184640449797,0.10397199905492649,0.25123184640449797,0.10397199905492649,400360
case_06,6,distance_to_outer_proxy,sigma_max_principal,-0.251231846404498,-0.10397199905492649,0.251231846404498,0.10397199905492649,400360
case_06,6,fluence_rate,sigma_max_principal,-0.24884282391793097,0.07116541270998517,0.24884282391793097,0.07116541270998517,400360
case_06,6,weight_loss_rate,sigma_max_principal,-0.3681818014274333,-0.04499233809447826,0.3681818014274333,0.04499233809447826,400360
case_06,6,theta,sigma_max_principal,0.055385526686154374,0.03355935847209791,0.055385526686154374,0.03355935847209791,400360
case_06,6,theta_sin,sigma_max_principal,0.05536380227833597,0.03355935847209791,0.05536380227833597,0.03355935847209791,400360
case_06,6,theta_cos,sigma_max_principal,-0.0520275807214985,-0.03355935847209791,0.0520275807214985,0.03355935847209791,400360
case_07,7,param_field_magnitude_scaled,sigma_max_principal,-0.527904526466609,-0.40049617240913143,0.527904526466609,0.40049617240913143,400360
case_07,7,z,sigma_max_principal,0.17327203798979487,0.22854961459284107,0.17327203798979487,0.22854961459284107,400360
case_07,7,fluence_rate,sigma_max_principal,-0.1851470388569423,0.17910499377460656,0.1851470388569423,0.17910499377460656,400360
case_07,7,weight_loss_rate,sigma_max_principal,-0.3711411080375702,-0.06776474465096644,0.3711411080375702,0.06776474465096644,400360
case_07,7,theta,sigma_max_principal,0.06613094529924636,0.045969879951498135,0.06613094529924636,0.045969879951498135,400360
case_07,7,theta_sin,sigma_max_principal,0.06631238346408586,0.045969879951498135,0.06631238346408586,0.045969879951498135,400360
case_07,7,theta_cos,sigma_max_principal,-0.06096212462460121,-0.045969879951498135,0.06096212462460121,0.045969879951498135,400360
case_07,7,rho,sigma_max_principal,0.14781775476219572,-0.03854709419561337,0.14781775476219572,0.03854709419561337,400360
case_07,7,rho_normalized,sigma_max_principal,0.1478177547621953,-0.03854709419561337,0.1478177547621953,0.03854709419561337,400360
case_07,7,distance_to_inner_proxy,sigma_max_principal,0.14781775476219575,-0.03854709419561337,0.14781775476219575,0.03854709419561337,400360
case_07,7,distance_to_outer_proxy,sigma_max_principal,-0.14781775476219589,0.03854709419561337,0.14781775476219589,0.03854709419561337,400360
case_07,7,temperature,sigma_max_principal,-0.1732235637227353,0.012240670846242977,0.1732235637227353,0.012240670846242977,400360
case_08,8,param_field_magnitude_scaled,sigma_max_principal,-0.5315561135044448,-0.41347132104075146,0.5315561135044448,0.41347132104075146,400360
case_08,8,z,sigma_max_principal,0.18454898520355034,0.24838644718075117,0.18454898520355034,0.24838644718075117,400360
case_08,8,fluence_rate,sigma_max_principal,-0.1738178803725985,0.20436780446033,0.1738178803725985,0.20436780446033,400360
case_08,8,rho,sigma_max_principal,0.13712802034832236,-0.05306122103111063,0.13712802034832236,0.05306122103111063,400360
case_08,8,rho_normalized,sigma_max_principal,0.13712802034832247,-0.05306122103111063,0.13712802034832247,0.05306122103111063,400360
case_08,8,distance_to_inner_proxy,sigma_max_principal,0.13712802034832217,-0.05306122103111063,0.13712802034832217,0.05306122103111063,400360
case_08,8,distance_to_outer_proxy,sigma_max_principal,-0.13712802034832217,0.05306122103111063,0.13712802034832217,0.05306122103111063,400360
case_08,8,theta,sigma_max_principal,0.0635614773248843,0.038573351633931316,0.0635614773248843,0.038573351633931316,400360
case_08,8,theta_sin,sigma_max_principal,0.06393652770121946,0.038573351633931316,0.06393652770121946,0.038573351633931316,400360
case_08,8,theta_cos,sigma_max_principal,-0.05682798395533037,-0.038573351633931316,0.05682798395533037,0.038573351633931316,400360
case_08,8,temperature,sigma_max_principal,-0.14574132513035556,0.033809002500388506,0.14574132513035556,0.033809002500388506,400360
case_08,8,weight_loss_rate,sigma_max_principal,-0.3799539121387168,-0.006895043073883448,0.3799539121387168,0.006895043073883448,400360
case_09,9,param_field_magnitude_scaled,sigma_max_principal,-0.5286322988860002,-0.4016665217017494,0.5286322988860002,0.4016665217017494,400360
case_09,9,z,sigma_max_principal,0.17645210710404188,0.2345504972150065,0.17645210710404188,0.2345504972150065,400360
case_09,9,fluence_rate,sigma_max_principal,-0.18083771725747239,0.1970568989793883,0.18083771725747239,0.1970568989793883,400360
case_09,9,rho,sigma_max_principal,0.14201853779559878,-0.04514258691720398,0.14201853779559878,0.04514258691720398,400360
case_09,9,rho_normalized,sigma_max_principal,0.14201853779559787,-0.04514258691720398,0.14201853779559787,0.04514258691720398,400360
case_09,9,distance_to_inner_proxy,sigma_max_principal,0.1420185377955987,-0.04514258691720398,0.1420185377955987,0.04514258691720398,400360
case_09,9,distance_to_outer_proxy,sigma_max_principal,-0.1420185377955987,0.04514258691720398,0.1420185377955987,0.04514258691720398,400360
case_09,9,theta,sigma_max_principal,0.06444995120185854,0.03938533560539819,0.06444995120185854,0.03938533560539819,400360
case_09,9,theta_sin,sigma_max_principal,0.06472458955146286,0.03938533560539819,0.06472458955146286,0.03938533560539819,400360
case_09,9,theta_cos,sigma_max_principal,-0.0583649459332345,-0.03938533560539819,0.0583649459332345,0.03938533560539819,400360
case_09,9,weight_loss_rate,sigma_max_principal,-0.37525652537159915,-0.015973274676233246,0.37525652537159915,0.015973274676233246,400360
case_09,9,temperature,sigma_max_principal,-0.1653044378360366,0.01592716218499206,0.1653044378360366,0.01592716218499206,400360
case_10,10,param_field_magnitude_scaled,sigma_max_principal,-0.5271402183188879,-0.37320536387122333,0.5271402183188879,0.37320536387122333,400360
case_10,10,z,sigma_max_principal,0.16914988119802324,0.22022742785580032,0.16914988119802324,0.22022742785580032,400360
case_10,10,fluence_rate,sigma_max_principal,-0.18567836575747163,0.18116277862057525,0.18567836575747163,0.18116277862057525,400360
case_10,10,weight_loss_rate,sigma_max_principal,-0.3890786895783491,-0.11214531214845305,0.3890786895783491,0.11214531214845305,400360
case_10,10,theta,sigma_max_principal,0.06762154829005419,0.04765096498883243,0.06762154829005419,0.04765096498883243,400360
case_10,10,theta_sin,sigma_max_principal,0.06746205195081144,0.04765096498883243,0.06746205195081144,0.04765096498883243,400360
case_10,10,theta_cos,sigma_max_principal,-0.06469122878545101,-0.04765096498883243,0.06469122878545101,0.04765096498883243,400360
case_10,10,rho,sigma_max_principal,0.14818549628469985,-0.03470656950191615,0.14818549628469985,0.03470656950191615,400360
case_10,10,rho_normalized,sigma_max_principal,0.1481854962846991,-0.03470656950191615,0.1481854962846991,0.03470656950191615,400360
case_10,10,distance_to_inner_proxy,sigma_max_principal,0.14818549628469962,-0.03470656950191615,0.14818549628469962,0.03470656950191615,400360
case_10,10,distance_to_outer_proxy,sigma_max_principal,-0.14818549628469962,0.03470656950191615,0.14818549628469962,0.03470656950191615,400360
case_10,10,temperature,sigma_max_principal,-0.1659441862232309,0.0019470286613760491,0.1659441862232309,0.0019470286613760491,400360
case_11,11,param_field_magnitude_scaled,sigma_max_principal,-0.38090314658613456,-0.38561700654642933,0.38090314658613456,0.38561700654642933,400360
case_11,11,z,sigma_max_principal,0.1700945480555923,0.2230948567983625,0.1700945480555923,0.2230948567983625,400360
case_11,11,temperature,sigma_max_principal,-0.16745867382009488,-0.17969726006894637,0.16745867382009488,0.17969726006894637,400360
case_11,11,fluence_rate,sigma_max_principal,-0.23881128371491245,0.09314942135592677,0.23881128371491245,0.09314942135592677,400360
case_11,11,weight_loss_rate,sigma_max_principal,-0.4017354884712392,-0.08616385918820102,0.4017354884712392,0.08616385918820102,400360
case_11,11,rho,sigma_max_principal,0.23747071896942615,0.08290804307137539,0.23747071896942615,0.08290804307137539,400360
case_11,11,rho_normalized,sigma_max_principal,0.237470718969426,0.08290804307137539,0.237470718969426,0.08290804307137539,400360
case_11,11,distance_to_inner_proxy,sigma_max_principal,0.23747071896942626,0.08290804307137539,0.23747071896942626,0.08290804307137539,400360
case_11,11,distance_to_outer_proxy,sigma_max_principal,-0.23747071896942626,-0.08290804307137539,0.23747071896942626,0.08290804307137539,400360
case_11,11,theta,sigma_max_principal,0.05243535114811365,0.029232985591953232,0.05243535114811365,0.029232985591953232,400360
case_11,11,theta_sin,sigma_max_principal,0.05226617673524686,0.029232985591953232,0.05226617673524686,0.029232985591953232,400360
case_11,11,theta_cos,sigma_max_principal,-0.05011983562718989,-0.029232985591953232,0.05011983562718989,0.029232985591953232,400360
case_12,12,param_field_magnitude_scaled,sigma_max_principal,-0.5479966986729732,-0.43346999005951226,0.5479966986729732,0.43346999005951226,400360
case_12,12,z,sigma_max_principal,0.17856138017051043,0.24139935871874185,0.17856138017051043,0.24139935871874185,400360
case_12,12,fluence_rate,sigma_max_principal,-0.18401851789894552,0.20640721998025088,0.18401851789894552,0.20640721998025088,400360
case_12,12,rho,sigma_max_principal,0.13320232875475335,-0.061191432969680895,0.13320232875475335,0.061191432969680895,400360
case_12,12,rho_normalized,sigma_max_principal,0.13320232875475194,-0.061191432969680895,0.13320232875475194,0.061191432969680895,400360
case_12,12,distance_to_inner_proxy,sigma_max_principal,0.13320232875475352,-0.061191432969680895,0.13320232875475352,0.061191432969680895,400360
case_12,12,distance_to_outer_proxy,sigma_max_principal,-0.13320232875475352,0.061191432969680895,0.13320232875475352,0.061191432969680895,400360
case_12,12,theta,sigma_max_principal,0.06871119447961575,0.04714321061434348,0.06871119447961575,0.04714321061434348,400360
case_12,12,theta_sin,sigma_max_principal,0.06889079758570611,0.04714321061434348,0.06889079758570611,0.04714321061434348,400360
case_12,12,theta_cos,sigma_max_principal,-0.0633746937512381,-0.04714321061434348,0.0633746937512381,0.04714321061434348,400360
case_12,12,temperature,sigma_max_principal,-0.14109619206032897,0.043523029260420475,0.14109619206032897,0.043523029260420475,400360
case_12,12,weight_loss_rate,sigma_max_principal,-0.35429521414633386,0.018402004198446884,0.35429521414633386,0.018402004198446884,400360
case_13,13,param_field_magnitude_scaled,sigma_max_principal,-0.5447638472349723,-0.40186379984332493,0.5447638472349723,0.40186379984332493,400360
case_13,13,z,sigma_max_principal,0.16692719976785453,0.21931908139096695,0.16692719976785453,0.21931908139096695,400360
case_13,13,fluence_rate,sigma_max_principal,-0.1758299185870422,0.20546895724792089,0.1758299185870422,0.20546895724792089,400360
case_13,13,weight_loss_rate,sigma_max_principal,-0.3776321464886016,-0.047386471428373905,0.3776321464886016,0.047386471428373905,400360
case_13,13,rho,sigma_max_principal,0.14558988636914463,-0.03837072478797167,0.14558988636914463,0.03837072478797167,400360
case_13,13,rho_normalized,sigma_max_principal,0.1455898863691464,-0.03837072478797167,0.1455898863691464,0.03837072478797167,400360
case_13,13,distance_to_inner_proxy,sigma_max_principal,0.1455898863691446,-0.03837072478797167,0.1455898863691446,0.03837072478797167,400360
case_13,13,distance_to_outer_proxy,sigma_max_principal,-0.14558988636914463,0.03837072478797167,0.14558988636914463,0.03837072478797167,400360
case_13,13,theta,sigma_max_principal,0.059242698133416025,0.02903578394185823,0.059242698133416025,0.02903578394185823,400360
case_13,13,theta_sin,sigma_max_principal,0.05922276061381551,0.02903578394185823,0.05922276061381551,0.02903578394185823,400360
case_13,13,theta_cos,sigma_max_principal,-0.05526227102844908,-0.02903578394185823,0.05526227102844908,0.02903578394185823,400360
case_13,13,temperature,sigma_max_principal,-0.15884577985717596,0.008579584553490525,0.15884577985717596,0.008579584553490525,400360
case_14,14,param_field_magnitude_scaled,sigma_max_principal,-0.5339407871555862,-0.3726198881976386,0.5339407871555862,0.3726198881976386,400360
case_14,14,z,sigma_max_principal,0.15549162992749102,0.20290018615840336,0.15549162992749102,0.20290018615840336,400360
case_14,14,fluence_rate,sigma_max_principal,-0.1924187500620252,0.1542174170997122,0.1924187500620252,0.1542174170997122,400360
case_14,14,weight_loss_rate,sigma_max_principal,-0.37764038051891274,-0.0460177118895191,0.37764038051891274,0.0460177118895191,400360
case_14,14,theta,sigma_max_principal,0.05804772825388605,0.030183124566099572,0.05804772825388605,0.030183124566099572,400360
case_14,14,theta_sin,sigma_max_principal,0.057908038199123026,0.030183124566099572,0.057908038199123026,0.030183124566099572,400360
case_14,14,theta_cos,sigma_max_principal,-0.05515488355120812,-0.030183124566099572,0.05515488355120812,0.030183124566099572,400360
case_14,14,temperature,sigma_max_principal,-0.17780690002075314,-0.01649588321843294,0.17780690002075314,0.01649588321843294,400360
case_14,14,rho,sigma_max_principal,0.17024068132274225,-0.0036620393640560593,0.17024068132274225,0.0036620393640560593,400360
case_14,14,rho_normalized,sigma_max_principal,0.17024068132274325,-0.0036620393640560593,0.17024068132274325,0.0036620393640560593,400360
case_14,14,distance_to_inner_proxy,sigma_max_principal,0.17024068132274225,-0.0036620393640560593,0.17024068132274225,0.0036620393640560593,400360
case_14,14,distance_to_outer_proxy,sigma_max_principal,-0.1702406813227422,0.0036620393640560593,0.1702406813227422,0.0036620393640560593,400360
case_15,15,param_field_magnitude_scaled,sigma_max_principal,-0.5186058451149231,-0.38629607808663047,0.5186058451149231,0.38629607808663047,400360
case_15,15,z,sigma_max_principal,0.1687494119153336,0.2196797164611893,0.1687494119153336,0.2196797164611893,400360
case_15,15,fluence_rate,sigma_max_principal,-0.15564087406143595,0.17021584979453666,0.15564087406143595,0.17021584979453666,400360
case_15,15,theta,sigma_max_principal,0.06352464803211955,0.03531562602508758,0.06352464803211955,0.03531562602508758,400360
case_15,15,theta_sin,sigma_max_principal,0.06362969239412825,0.03531562602508758,0.06362969239412825,0.03531562602508758,400360
case_15,15,theta_cos,sigma_max_principal,-0.058406604008180346,-0.03531562602508758,0.058406604008180346,0.03531562602508758,400360
case_15,15,rho,sigma_max_principal,0.14352902006842602,-0.03172425308982915,0.14352902006842602,0.03172425308982915,400360
case_15,15,rho_normalized,sigma_max_principal,0.14352902006842685,-0.03172425308982915,0.14352902006842685,0.03172425308982915,400360
case_15,15,distance_to_inner_proxy,sigma_max_principal,0.14352902006842586,-0.03172425308982915,0.14352902006842586,0.03172425308982915,400360
case_15,15,distance_to_outer_proxy,sigma_max_principal,-0.14352902006842597,0.03172425308982915,0.14352902006842597,0.03172425308982915,400360
case_15,15,weight_loss_rate,sigma_max_principal,-0.3627193734584629,0.0076725928901881495,0.3627193734584629,0.0076725928901881495,400360
case_15,15,temperature,sigma_max_principal,-0.14941751493317412,0.0008546551706937605,0.14941751493317412,0.0008546551706937605,400360
case_16,16,param_field_magnitude_scaled,sigma_max_principal,-0.5309161611639684,-0.3777876365067455,0.5309161611639684,0.3777876365067455,400360
case_16,16,z,sigma_max_principal,0.15828390996344763,0.20635594295508602,0.15828390996344763,0.20635594295508602,400360
case_16,16,fluence_rate,sigma_max_principal,-0.19054447482386605,0.16945767430363037,0.19054447482386605,0.16945767430363037,400360
case_16,16,weight_loss_rate,sigma_max_principal,-0.3879276967910026,-0.07201729927655151,0.3879276967910026,0.07201729927655151,400360
case_16,16,theta,sigma_max_principal,0.057349220402004165,0.029740601342653012,0.057349220402004165,0.029740601342653012,400360
case_16,16,theta_sin,sigma_max_principal,0.05721429013514196,0.029740601342653012,0.05721429013514196,0.029740601342653012,400360
case_16,16,theta_cos,sigma_max_principal,-0.05440637836181625,-0.029740601342653012,0.05440637836181625,0.029740601342653012,400360
case_16,16,temperature,sigma_max_principal,-0.1693181398733932,-0.018266441849776445,0.1693181398733932,0.018266441849776445,400360
case_16,16,rho,sigma_max_principal,0.164599070891481,-0.010421187346565466,0.164599070891481,0.010421187346565466,400360
case_16,16,rho_normalized,sigma_max_principal,0.164599070891481,-0.010421187346565466,0.164599070891481,0.010421187346565466,400360
case_16,16,distance_to_inner_proxy,sigma_max_principal,0.16459907089148101,-0.010421187346565466,0.16459907089148101,0.010421187346565466,400360
case_16,16,distance_to_outer_proxy,sigma_max_principal,-0.16459907089148104,0.010421187346565466,0.16459907089148104,0.010421187346565466,400360
case_17,17,param_field_magnitude_scaled,sigma_max_principal,-0.41521689840068804,-0.41162114986319925,0.41521689840068804,0.41162114986319925,400360
case_17,17,z,sigma_max_principal,0.15437856658676974,0.2008967060566837,0.15437856658676974,0.2008967060566837,400360
case_17,17,temperature,sigma_max_principal,-0.1220941889357795,-0.191604632207239,0.1220941889357795,0.191604632207239,400360
case_17,17,rho,sigma_max_principal,0.25562232788096695,0.10510057477368637,0.25562232788096695,0.10510057477368637,400360
case_17,17,rho_normalized,sigma_max_principal,0.2556223278809665,0.10510057477368637,0.2556223278809665,0.10510057477368637,400360
case_17,17,distance_to_inner_proxy,sigma_max_principal,0.2556223278809669,0.10510057477368637,0.2556223278809669,0.10510057477368637,400360
case_17,17,distance_to_outer_proxy,sigma_max_principal,-0.25562232788096695,-0.10510057477368637,0.25562232788096695,0.10510057477368637,400360
case_17,17,weight_loss_rate,sigma_max_principal,-0.39215386712755024,-0.08033338511486608,0.39215386712755024,0.08033338511486608,400360
case_17,17,fluence_rate,sigma_max_principal,-0.25016169500460467,0.06688219332243792,0.25016169500460467,0.06688219332243792,400360
case_17,17,theta,sigma_max_principal,0.05775529375752617,0.03544170206123333,0.05775529375752617,0.03544170206123333,400360
case_17,17,theta_sin,sigma_max_principal,0.05794604994107473,0.03544170206123333,0.05794604994107473,0.03544170206123333,400360
case_17,17,theta_cos,sigma_max_principal,-0.05282633173784955,-0.03544170206123333,0.05282633173784955,0.03544170206123333,400360
case_18,18,param_field_magnitude_scaled,sigma_max_principal,-0.5358974298268135,-0.40139147406835995,0.5358974298268135,0.40139147406835995,400360
case_18,18,z,sigma_max_principal,0.16425080646766627,0.21793004688491924,0.16425080646766627,0.21793004688491924,400360
case_18,18,fluence_rate,sigma_max_principal,-0.2012968132770921,0.1434228445763158,0.2012968132770921,0.1434228445763158,400360
case_18,18,theta,sigma_max_principal,0.061898349947057923,0.037405301662928284,0.061898349947057923,0.037405301662928284,400360
case_18,18,theta_sin,sigma_max_principal,0.06194594953712456,0.037405301662928284,0.06194594953712456,0.037405301662928284,400360
case_18,18,theta_cos,sigma_max_principal,-0.057644442212797874,-0.037405301662928284,0.057644442212797874,0.037405301662928284,400360
case_18,18,temperature,sigma_max_principal,-0.18747326814805404,-0.0223664059593734,0.18747326814805404,0.0223664059593734,400360
case_18,18,weight_loss_rate,sigma_max_principal,-0.34940009259633115,-0.020647465398341835,0.34940009259633115,0.020647465398341835,400360
case_18,18,rho,sigma_max_principal,0.17045922461778007,-0.004519982376456883,0.17045922461778007,0.004519982376456883,400360
case_18,18,rho_normalized,sigma_max_principal,0.17045922461778118,-0.004519982376456883,0.17045922461778118,0.004519982376456883,400360
case_18,18,distance_to_inner_proxy,sigma_max_principal,0.17045922461777946,-0.004519982376456883,0.17045922461777946,0.004519982376456883,400360
case_18,18,distance_to_outer_proxy,sigma_max_principal,-0.1704592246177796,0.004519982376456883,0.1704592246177796,0.004519982376456883,400360
case_19,19,param_field_magnitude_scaled,sigma_max_principal,-0.5363383121990023,-0.4106658407670441,0.5363383121990023,0.4106658407670441,400360
case_19,19,z,sigma_max_principal,0.17330197310019474,0.22690201566379758,0.17330197310019474,0.22690201566379758,400360
case_19,19,fluence_rate,sigma_max_principal,-0.1842278479772191,0.19478196778086568,0.1842278479772191,0.19478196778086568,400360
case_19,19,weight_loss_rate,sigma_max_principal,-0.40680891250538587,-0.11625039342968356,0.40680891250538587,0.11625039342968356,400360
case_19,19,theta,sigma_max_principal,0.07263558439855014,0.05738095953719581,0.07263558439855014,0.05738095953719581,400360
case_19,19,theta_sin,sigma_max_principal,0.07296411520054023,0.05738095953719581,0.07296411520054023,0.05738095953719581,400360
case_19,19,theta_cos,sigma_max_principal,-0.06627808345168504,-0.05738095953719581,0.06627808345168504,0.05738095953719581,400360
case_19,19,rho,sigma_max_principal,0.149865761222979,-0.034282511466115245,0.149865761222979,0.034282511466115245,400360
case_19,19,rho_normalized,sigma_max_principal,0.14986576122297818,-0.034282511466115245,0.14986576122297818,0.034282511466115245,400360
case_19,19,distance_to_inner_proxy,sigma_max_principal,0.1498657612229788,-0.034282511466115245,0.1498657612229788,0.034282511466115245,400360
case_19,19,distance_to_outer_proxy,sigma_max_principal,-0.14986576122297887,0.034282511466115245,0.14986576122297887,0.034282511466115245,400360
case_19,19,temperature,sigma_max_principal,-0.17059482828641392,0.009075944755009287,0.17059482828641392,0.009075944755009287,400360
case_20,20,param_field_magnitude_scaled,sigma_max_principal,-0.5406494878541153,-0.40697259552893433,0.5406494878541153,0.40697259552893433,400360
case_20,20,z,sigma_max_principal,0.17042786334254992,0.2238840771580012,0.17042786334254992,0.2238840771580012,400360
case_20,20,fluence_rate,sigma_max_principal,-0.1847409653271351,0.19076933563652332,0.1847409653271351,0.19076933563652332,400360
case_20,20,weight_loss_rate,sigma_max_principal,-0.3805315244585266,-0.057479143501670174,0.3805315244585266,0.057479143501670174,400360
case_20,20,rho,sigma_max_principal,0.15286427856749582,-0.029811672478511478,0.15286427856749582,0.029811672478511478,400360
case_20,20,rho_normalized,sigma_max_principal,0.15286427856749568,-0.029811672478511478,0.15286427856749568,0.029811672478511478,400360
case_20,20,distance_to_inner_proxy,sigma_max_principal,0.15286427856749585,-0.029811672478511478,0.15286427856749585,0.029811672478511478,400360
case_20,20,distance_to_outer_proxy,sigma_max_principal,-0.15286427856749585,0.029811672478511478,0.15286427856749585,0.029811672478511478,400360
case_20,20,theta,sigma_max_principal,0.05770168093955765,0.029482259078689912,0.05770168093955765,0.029482259078689912,400360
case_20,20,theta_sin,sigma_max_principal,0.057782852505585805,0.029482259078689912,0.057782852505585805,0.029482259078689912,400360
case_20,20,theta_cos,sigma_max_principal,-0.053210782243946236,-0.029482259078689912,0.053210782243946236,0.029482259078689912,400360
case_20,20,temperature,sigma_max_principal,-0.17487889639549897,0.006968792831837357,0.17487889639549897,0.006968792831837357,400360
case_21,21,param_field_magnitude_scaled,sigma_max_principal,-0.3429241357845162,-0.25660002816904276,0.3429241357845162,0.25660002816904276,400360
case_21,21,z,sigma_max_principal,0.12987865846020116,0.17754214124953677,0.12987865846020116,0.17754214124953677,400360
case_21,21,weight_loss_rate,sigma_max_principal,-0.015168416155268337,-0.12630574009457848,0.015168416155268337,0.12630574009457848,400360
case_21,21,rho,sigma_max_principal,0.23588711720561145,0.07839651811331194,0.23588711720561145,0.07839651811331194,400360
case_21,21,rho_normalized,sigma_max_principal,0.23588711720561045,0.07839651811331194,0.23588711720561045,0.07839651811331194,400360
case_21,21,distance_to_inner_proxy,sigma_max_principal,0.23588711720561142,0.07839651811331194,0.23588711720561142,0.07839651811331194,400360
case_21,21,distance_to_outer_proxy,sigma_max_principal,-0.23588711720561145,-0.07839651811331194,0.23588711720561145,0.07839651811331194,400360
case_21,21,fluence_rate,sigma_max_principal,-0.2520048389686026,0.042253307408928985,0.2520048389686026,0.042253307408928985,400360
case_21,21,theta,sigma_max_principal,0.05911058191958448,0.04128248816453297,0.05911058191958448,0.04128248816453297,400360
case_21,21,theta_sin,sigma_max_principal,0.058012954167214234,0.04128248816453297,0.058012954167214234,0.04128248816453297,400360
case_21,21,theta_cos,sigma_max_principal,-0.06293075321552896,-0.04128248816453297,0.06293075321552896,0.04128248816453297,400360
case_21,21,temperature,sigma_max_principal,-0.18279699012624082,-0.024668833915986677,0.18279699012624082,0.024668833915986677,400360
case_22,22,param_field_magnitude_scaled,sigma_max_principal,-0.22739744898367673,-0.3394334860280642,0.22739744898367673,0.3394334860280642,400360
case_22,22,z,sigma_max_principal,0.1462420245473789,0.2028791660761263,0.1462420245473789,0.2028791660761263,400360
case_22,22,rho,sigma_max_principal,0.29389433505966633,0.1478076939976909,0.29389433505966633,0.1478076939976909,400360
case_22,22,rho_normalized,sigma_max_principal,0.29389433505966794,0.1478076939976909,0.29389433505966794,0.1478076939976909,400360
case_22,22,distance_to_inner_proxy,sigma_max_principal,0.2938943350596665,0.1478076939976909,0.2938943350596665,0.1478076939976909,400360
case_22,22,distance_to_outer_proxy,sigma_max_principal,-0.29389433505966644,-0.1478076939976909,0.29389433505966644,0.1478076939976909,400360
case_22,22,weight_loss_rate,sigma_max_principal,-0.023739246387995516,-0.12269113309143473,0.023739246387995516,0.12269113309143473,400360
case_22,22,temperature,sigma_max_principal,-0.03697958553220483,-0.11989232095753469,0.03697958553220483,0.11989232095753469,400360
case_22,22,theta,sigma_max_principal,0.05630070499649343,0.036667989860116754,0.05630070499649343,0.036667989860116754,400360
case_22,22,theta_sin,sigma_max_principal,0.055832708090285704,0.036667989860116754,0.055832708090285704,0.036667989860116754,400360
case_22,22,theta_cos,sigma_max_principal,-0.056090182608627415,-0.036667989860116754,0.056090182608627415,0.036667989860116754,400360
case_22,22,fluence_rate,sigma_max_principal,-0.30196889710460495,-0.025725010952166963,0.30196889710460495,0.025725010952166963,400360
case_23,23,param_field_magnitude_scaled,sigma_max_principal,-0.4607420365342673,-0.36348304113671764,0.4607420365342673,0.36348304113671764,400360
case_23,23,z,sigma_max_principal,0.1985683711544774,0.22359873138448216,0.1985683711544774,0.22359873138448216,400360
case_23,23,fluence_rate,sigma_max_principal,-0.14529463462356562,0.11664201531244044,0.14529463462356562,0.11664201531244044,400360
case_23,23,theta,sigma_max_principal,0.055598416691251804,0.03601125074888891,0.055598416691251804,0.03601125074888891,400360
case_23,23,theta_sin,sigma_max_principal,0.05546560891751105,0.03601125074888891,0.05546560891751105,0.03601125074888891,400360
case_23,23,theta_cos,sigma_max_principal,-0.05230050267746436,-0.03601125074888891,0.05230050267746436,0.03601125074888891,400360
case_23,23,weight_loss_rate,sigma_max_principal,-0.2734123660207054,-0.03597097229467438,0.2734123660207054,0.03597097229467438,400360
case_23,23,temperature,sigma_max_principal,-0.20586350015750646,-0.01655194905710873,0.20586350015750646,0.01655194905710873,400360
case_23,23,rho,sigma_max_principal,0.15198019548193553,0.0008490284268064544,0.15198019548193553,0.0008490284268064544,400360
case_23,23,rho_normalized,sigma_max_principal,0.1519801954819352,0.0008490284268064544,0.1519801954819352,0.0008490284268064544,400360
case_23,23,distance_to_inner_proxy,sigma_max_principal,0.15198019548193548,0.0008490284268064544,0.15198019548193548,0.0008490284268064544,400360
case_23,23,distance_to_outer_proxy,sigma_max_principal,-0.15198019548193553,-0.0008490284268064544,0.15198019548193553,0.0008490284268064544,400360
case_24,24,param_field_magnitude_scaled,sigma_max_principal,-0.37013367012793214,-0.3252752827723036,0.37013367012793214,0.3252752827723036,400360
case_24,24,z,sigma_max_principal,0.168181501551384,0.2351074470342683,0.168181501551384,0.2351074470342683,400360
case_24,24,fluence_rate,sigma_max_principal,-0.19753092837582853,0.17022320760398874,0.19753092837582853,0.17022320760398874,400360
case_24,24,weight_loss_rate,sigma_max_principal,0.008753225483568633,-0.052399970687544574,0.008753225483568633,0.052399970687544574,400360
case_24,24,theta,sigma_max_principal,0.06991148377739075,0.044501147244266195,0.06991148377739075,0.044501147244266195,400360
case_24,24,theta_sin,sigma_max_principal,0.06945357497186422,0.044501147244266195,0.06945357497186422,0.044501147244266195,400360
case_24,24,theta_cos,sigma_max_principal,-0.06870436654236703,-0.044501147244266195,0.06870436654236703,0.044501147244266195,400360
case_24,24,rho,sigma_max_principal,0.15548873640572988,-0.02740114839754612,0.15548873640572988,0.02740114839754612,400360
case_24,24,rho_normalized,sigma_max_principal,0.15548873640572966,-0.02740114839754612,0.15548873640572966,0.02740114839754612,400360
case_24,24,distance_to_inner_proxy,sigma_max_principal,0.15548873640572988,-0.02740114839754612,0.15548873640572988,0.02740114839754612,400360
case_24,24,distance_to_outer_proxy,sigma_max_principal,-0.15548873640572994,0.02740114839754612,0.15548873640572994,0.02740114839754612,400360
case_24,24,temperature,sigma_max_principal,-0.17505139270822728,0.004716747899429771,0.17505139270822728,0.004716747899429771,400360
case_26,26,fluence_rate,sigma_max_principal,-0.4123261909253223,-0.32633059315242474,0.4123261909253223,0.32633059315242474,400360
case_26,26,rho,sigma_max_principal,0.3807288913589256,0.31300132155238924,0.3807288913589256,0.31300132155238924,400360
case_26,26,rho_normalized,sigma_max_principal,0.38072889135892823,0.31300132155238924,0.38072889135892823,0.31300132155238924,400360
case_26,26,distance_to_inner_proxy,sigma_max_principal,0.38072889135892546,0.31300132155238924,0.38072889135892546,0.31300132155238924,400360
case_26,26,distance_to_outer_proxy,sigma_max_principal,-0.38072889135892557,-0.31300132155238924,0.38072889135892557,0.31300132155238924,400360
case_26,26,temperature,sigma_max_principal,-0.33946972917628215,-0.3030348643012635,0.33946972917628215,0.3030348643012635,400360
case_26,26,weight_loss_rate,sigma_max_principal,-0.11083749083601759,-0.2512005261213722,0.11083749083601759,0.2512005261213722,400360
case_26,26,param_field_magnitude_scaled,sigma_max_principal,-0.12332668235073846,-0.13432726805309478,0.12332668235073846,0.13432726805309478,400360
case_26,26,theta,sigma_max_principal,0.022294421747363586,0.03447279177508199,0.022294421747363586,0.03447279177508199,400360
case_26,26,theta_sin,sigma_max_principal,0.019305238846985356,0.03447279177508199,0.019305238846985356,0.03447279177508199,400360
case_26,26,theta_cos,sigma_max_principal,-0.04195419687073002,-0.03447279177508199,0.04195419687073002,0.03447279177508199,400360
case_26,26,z,sigma_max_principal,-0.007690081353983739,-0.03275123107040677,0.007690081353983739,0.03275123107040677,400360
case_27,27,param_field_magnitude_scaled,sigma_max_principal,-0.3830063482664405,-0.3048808275484772,0.3830063482664405,0.3048808275484772,400360
case_27,27,z,sigma_max_principal,0.15653245801024404,0.2100986229028758,0.15653245801024404,0.2100986229028758,400360
case_27,27,temperature,sigma_max_principal,-0.222957981678659,-0.087315906351034,0.222957981678659,0.087315906351034,400360
case_27,27,fluence_rate,sigma_max_principal,-0.23844712369533605,0.08572702504034825,0.23844712369533605,0.08572702504034825,400360
case_27,27,rho,sigma_max_principal,0.22076090248662464,0.07061887675867269,0.22076090248662464,0.07061887675867269,400360
case_27,27,rho_normalized,sigma_max_principal,0.2207609024866249,0.07061887675867269,0.2207609024866249,0.07061887675867269,400360
case_27,27,distance_to_inner_proxy,sigma_max_principal,0.22076090248662447,0.07061887675867269,0.22076090248662447,0.07061887675867269,400360
case_27,27,distance_to_outer_proxy,sigma_max_principal,-0.22076090248662447,-0.07061887675867269,0.22076090248662447,0.07061887675867269,400360
case_27,27,weight_loss_rate,sigma_max_principal,0.08210161993002696,-0.05626934247981386,0.08210161993002696,0.05626934247981386,400360
case_27,27,theta,sigma_max_principal,0.064000184170964,0.04040027259392375,0.064000184170964,0.04040027259392375,400360
case_27,27,theta_sin,sigma_max_principal,0.0637400466553121,0.04040027259392375,0.0637400466553121,0.04040027259392375,400360
case_27,27,theta_cos,sigma_max_principal,-0.06180878244388979,-0.04040027259392375,0.06180878244388979,0.04040027259392375,400360
case_28,28,param_field_magnitude_scaled,sigma_max_principal,-0.4940769875865374,-0.34735356216088265,0.4940769875865374,0.34735356216088265,400360
case_28,28,z,sigma_max_principal,0.17276083659284913,0.2393922765793795,0.17276083659284913,0.2393922765793795,400360
case_28,28,fluence_rate,sigma_max_principal,-0.19999901821140675,0.12802849421686144,0.19999901821140675,0.12802849421686144,400360
case_28,28,theta,sigma_max_principal,0.06191467829408783,0.035087178407290386,0.06191467829408783,0.035087178407290386,400360
case_28,28,theta_sin,sigma_max_principal,0.06164145786769594,0.035087178407290386,0.06164145786769594,0.035087178407290386,400360
case_28,28,theta_cos,sigma_max_principal,-0.05960056044866448,-0.035087178407290386,0.05960056044866448,0.035087178407290386,400360
case_28,28,temperature,sigma_max_principal,-0.17793231436970433,-0.02051111022941788,0.17793231436970433,0.02051111022941788,400360
case_28,28,rho,sigma_max_principal,0.16622319690286064,-0.009200396591108237,0.16622319690286064,0.009200396591108237,400360
case_28,28,rho_normalized,sigma_max_principal,0.16622319690286033,-0.009200396591108237,0.16622319690286033,0.009200396591108237,400360
case_28,28,distance_to_inner_proxy,sigma_max_principal,0.16622319690286075,-0.009200396591108237,0.16622319690286075,0.009200396591108237,400360
case_28,28,distance_to_outer_proxy,sigma_max_principal,-0.16622319690286075,0.009200396591108237,0.16622319690286075,0.009200396591108237,400360
case_28,28,weight_loss_rate,sigma_max_principal,-0.34676805485126505,-0.002678813432618884,0.34676805485126505,0.002678813432618884,400360
case_29,29,param_field_magnitude_scaled,sigma_max_principal,-0.47218968250280563,-0.40257908495904393,0.47218968250280563,0.40257908495904393,400360
case_29,29,rho,sigma_max_principal,0.22635024008875343,0.11705610321347171,0.22635024008875343,0.11705610321347171,400360
case_29,29,rho_normalized,sigma_max_principal,0.22635024008875196,0.11705610321347171,0.22635024008875196,0.11705610321347171,400360
case_29,29,distance_to_inner_proxy,sigma_max_principal,0.22635024008875324,0.11705610321347171,0.22635024008875324,0.11705610321347171,400360
case_29,29,distance_to_outer_proxy,sigma_max_principal,-0.22635024008875324,-0.11705610321347171,0.22635024008875324,0.11705610321347171,400360
case_29,29,temperature,sigma_max_principal,-0.12943265235373666,-0.10615025958844153,0.12943265235373666,0.10615025958844153,400360
case_29,29,weight_loss_rate,sigma_max_principal,-0.3083289544214361,-0.10536190633737115,0.3083289544214361,0.10536190633737115,400360
case_29,29,z,sigma_max_principal,0.0964559229150635,0.10280793981763121,0.0964559229150635,0.10280793981763121,400360
case_29,29,theta,sigma_max_principal,0.0627261142062579,0.048813284943679036,0.0627261142062579,0.048813284943679036,400360
case_29,29,theta_sin,sigma_max_principal,0.06286057998707231,0.048813284943679036,0.06286057998707231,0.048813284943679036,400360
case_29,29,theta_cos,sigma_max_principal,-0.05854492596768614,-0.048813284943679036,0.05854492596768614,0.048813284943679036,400360
case_29,29,fluence_rate,sigma_max_principal,-0.25229946121392094,-0.04541587943630474,0.25229946121392094,0.04541587943630474,400360
case_31,31,weight_loss_rate,sigma_max_principal,-0.35043389167380395,-0.4631893165110214,0.35043389167380395,0.4631893165110214,400360
case_31,31,fluence_rate,sigma_max_principal,-0.4991109144555271,-0.206327541849216,0.4991109144555271,0.206327541849216,400360
case_31,31,param_field_magnitude_scaled,sigma_max_principal,0.25179654259565953,0.19766666193467292,0.25179654259565953,0.19766666193467292,400360
case_31,31,temperature,sigma_max_principal,-0.10173613741766888,-0.07712043984623733,0.10173613741766888,0.07712043984623733,400360
case_31,31,theta,sigma_max_principal,-0.011321461295792378,0.05294764252593598,0.011321461295792378,0.05294764252593598,400360
case_31,31,theta_sin,sigma_max_principal,-0.01386049787189209,0.05294764252593598,0.01386049787189209,0.05294764252593598,400360
case_31,31,theta_cos,sigma_max_principal,-0.006532319110351956,-0.05294764252593598,0.006532319110351956,0.05294764252593598,400360
case_31,31,rho,sigma_max_principal,0.2711541092299039,0.026796701827120784,0.2711541092299039,0.026796701827120784,400360
case_31,31,rho_normalized,sigma_max_principal,0.2711541092299032,0.026796701827120784,0.2711541092299032,0.026796701827120784,400360
case_31,31,distance_to_inner_proxy,sigma_max_principal,0.2711541092299039,0.026796701827120784,0.2711541092299039,0.026796701827120784,400360
case_31,31,distance_to_outer_proxy,sigma_max_principal,-0.27115410922990396,-0.026796701827120784,0.27115410922990396,0.026796701827120784,400360
case_31,31,z,sigma_max_principal,0.02738891048329661,-0.002919318799311528,0.02738891048329661,0.002919318799311528,400360
case_32,32,param_field_magnitude_scaled,sigma_max_principal,-0.39923946012120615,-0.2338846686177103,0.39923946012120615,0.2338846686177103,400360
case_32,32,weight_loss_rate,sigma_max_principal,-0.40251206645624604,-0.1792457001111798,0.40251206645624604,0.1792457001111798,400360
case_32,32,z,sigma_max_principal,0.12239361667534687,0.15194281038625249,0.12239361667534687,0.15194281038625249,400360
case_32,32,temperature,sigma_max_principal,-0.2536186664217108,-0.09503786996046075,0.2536186664217108,0.09503786996046075,400360
case_32,32,rho,sigma_max_principal,0.23106084674167526,0.0631275989742015,0.23106084674167526,0.0631275989742015,400360
case_32,32,rho_normalized,sigma_max_principal,0.23106084674167582,0.0631275989742015,0.23106084674167582,0.0631275989742015,400360
case_32,32,distance_to_inner_proxy,sigma_max_principal,0.23106084674167518,0.0631275989742015,0.23106084674167518,0.0631275989742015,400360
case_32,32,distance_to_outer_proxy,sigma_max_principal,-0.2310608467416753,-0.0631275989742015,0.2310608467416753,0.0631275989742015,400360
case_32,32,theta,sigma_max_principal,0.04446929607839568,0.029669248171280388,0.04446929607839568,0.029669248171280388,400360
case_32,32,theta_sin,sigma_max_principal,0.04370986747021694,0.029669248171280388,0.04370986747021694,0.029669248171280388,400360
case_32,32,theta_cos,sigma_max_principal,-0.046708564334912425,-0.029669248171280388,0.046708564334912425,0.029669248171280388,400360
case_32,32,fluence_rate,sigma_max_principal,-0.2694560671196062,-0.025454920407403926,0.2694560671196062,0.025454920407403926,400360
case_33,33,z,sigma_max_principal,0.20549690273855814,0.2762023144497726,0.20549690273855814,0.2762023144497726,400360
case_33,33,param_field_magnitude_scaled,sigma_max_principal,-0.2585392230028063,-0.2754351870954154,0.2585392230028063,0.2754351870954154,400360
case_33,33,fluence_rate,sigma_max_principal,-0.2326812008455833,0.11535924412691194,0.2326812008455833,0.11535924412691194,400360
case_33,33,rho,sigma_max_principal,0.2269469399208469,0.06458249532839944,0.2269469399208469,0.06458249532839944,400360
case_33,33,rho_normalized,sigma_max_principal,0.22694693992084736,0.06458249532839944,0.22694693992084736,0.06458249532839944,400360
case_33,33,distance_to_inner_proxy,sigma_max_principal,0.22694693992084689,0.06458249532839944,0.22694693992084689,0.06458249532839944,400360
case_33,33,distance_to_outer_proxy,sigma_max_principal,-0.2269469399208468,-0.06458249532839944,0.2269469399208468,0.06458249532839944,400360
case_33,33,theta,sigma_max_principal,0.06169850819153793,0.038129688423440354,0.06169850819153793,0.038129688423440354,400360
case_33,33,theta_sin,sigma_max_principal,0.06138531695234806,0.038129688423440354,0.06138531695234806,0.038129688423440354,400360
case_33,33,theta_cos,sigma_max_principal,-0.05978175306712242,-0.038129688423440354,0.05978175306712242,0.038129688423440354,400360
case_33,33,weight_loss_rate,sigma_max_principal,0.03409166498608007,-0.0200286333463571,0.03409166498608007,0.0200286333463571,400360
case_33,33,temperature,sigma_max_principal,-0.1051528460532599,-0.0027291374573507835,0.1051528460532599,0.0027291374573507835,400360
case_34,34,param_field_magnitude_scaled,sigma_max_principal,-0.3757871351141108,-0.2822770453990674,0.3757871351141108,0.2822770453990674,400360
case_34,34,z,sigma_max_principal,0.16053965351801572,0.22175354775764305,0.16053965351801572,0.22175354775764305,400360
case_34,34,temperature,sigma_max_principal,-0.18452095305077662,-0.08328755209347304,0.18452095305077662,0.08328755209347304,400360
case_34,34,rho,sigma_max_principal,0.2380654190737164,0.07842944482127892,0.2380654190737164,0.07842944482127892,400360
case_34,34,rho_normalized,sigma_max_principal,0.2380654190737158,0.07842944482127892,0.2380654190737158,0.07842944482127892,400360
case_34,34,distance_to_inner_proxy,sigma_max_principal,0.2380654190737164,0.07842944482127892,0.2380654190737164,0.07842944482127892,400360
case_34,34,distance_to_outer_proxy,sigma_max_principal,-0.2380654190737164,-0.07842944482127892,0.2380654190737164,0.07842944482127892,400360
case_34,34,fluence_rate,sigma_max_principal,-0.2554687355665741,0.06776977931050507,0.2554687355665741,0.06776977931050507,400360
case_34,34,weight_loss_rate,sigma_max_principal,-0.2043017477143692,-0.05756010407892432,0.2043017477143692,0.05756010407892432,400360
case_34,34,theta,sigma_max_principal,0.05151930142378183,0.030591888041049908,0.05151930142378183,0.030591888041049908,400360
case_34,34,theta_sin,sigma_max_principal,0.051258088978151435,0.030591888041049908,0.051258088978151435,0.030591888041049908,400360
case_34,34,theta_cos,sigma_max_principal,-0.049652007192993584,-0.030591888041049908,0.049652007192993584,0.030591888041049908,400360
case_35,35,param_field_magnitude_scaled,sigma_max_principal,-0.3394253267380683,-0.3078025501578938,0.3394253267380683,0.3078025501578938,400360
case_35,35,z,sigma_max_principal,0.1668251811753302,0.21762054497665528,0.1668251811753302,0.21762054497665528,400360
case_35,35,rho,sigma_max_principal,0.25827293581235256,0.08254519800635753,0.25827293581235256,0.08254519800635753,400360
case_35,35,rho_normalized,sigma_max_principal,0.258272935812354,0.08254519800635753,0.258272935812354,0.08254519800635753,400360
case_35,35,distance_to_inner_proxy,sigma_max_principal,0.25827293581235256,0.08254519800635753,0.25827293581235256,0.08254519800635753,400360
case_35,35,distance_to_outer_proxy,sigma_max_principal,-0.25827293581235256,-0.08254519800635753,0.25827293581235256,0.08254519800635753,400360
case_35,35,fluence_rate,sigma_max_principal,-0.2548647861683923,0.07793068941054705,0.2548647861683923,0.07793068941054705,400360
case_35,35,weight_loss_rate,sigma_max_principal,-0.20676831113503538,-0.07472317278201056,0.20676831113503538,0.07472317278201056,400360
case_35,35,theta,sigma_max_principal,0.045409476384232504,0.030844115183254268,0.045409476384232504,0.030844115183254268,400360
case_35,35,theta_sin,sigma_max_principal,0.04521014610264882,0.030844115183254268,0.04521014610264882,0.030844115183254268,400360
case_35,35,theta_cos,sigma_max_principal,-0.043098611887429195,-0.030844115183254268,0.043098611887429195,0.030844115183254268,400360
case_35,35,temperature,sigma_max_principal,-0.17582850696483232,0.009662142578570003,0.17582850696483232,0.009662142578570003,400360
case_36,36,fluence_rate,sigma_max_principal,-0.7513909821458415,-0.48385187370628086,0.7513909821458415,0.48385187370628086,400360
case_36,36,temperature,sigma_max_principal,-0.3944513095763075,-0.4003090547597094,0.3944513095763075,0.4003090547597094,400360
case_36,36,rho,sigma_max_principal,0.3847569817534068,0.3091114236908524,0.3847569817534068,0.3091114236908524,400360
case_36,36,rho_normalized,sigma_max_principal,0.3847569817534087,0.3091114236908524,0.3847569817534087,0.3091114236908524,400360
case_36,36,distance_to_inner_proxy,sigma_max_principal,0.38475698175340683,0.3091114236908524,0.38475698175340683,0.3091114236908524,400360
case_36,36,distance_to_outer_proxy,sigma_max_principal,-0.3847569817534069,-0.3091114236908524,0.3847569817534069,0.3091114236908524,400360
case_36,36,weight_loss_rate,sigma_max_principal,-0.15208891706272715,-0.21765977636670783,0.15208891706272715,0.21765977636670783,400360
case_36,36,param_field_magnitude_scaled,sigma_max_principal,0.4361378567203021,0.07960150625140568,0.4361378567203021,0.07960150625140568,400360
case_36,36,theta,sigma_max_principal,-0.04005760289731777,0.03777853992191078,0.04005760289731777,0.03777853992191078,400360
case_36,36,theta_sin,sigma_max_principal,-0.04363853797058705,0.03777853992191078,0.04363853797058705,0.03777853992191078,400360
case_36,36,theta_cos,sigma_max_principal,0.013528158267830563,-0.03777853992191078,0.013528158267830563,0.03777853992191078,400360
case_36,36,z,sigma_max_principal,0.047266461885692175,-0.03443056176516445,0.047266461885692175,0.03443056176516445,400360
case_37,37,param_field_magnitude_scaled,sigma_max_principal,-0.3320861858795386,-0.26947671163963743,0.3320861858795386,0.26947671163963743,400360
case_37,37,rho,sigma_max_principal,0.29844768186287246,0.1737130693062567,0.29844768186287246,0.1737130693062567,400360
case_37,37,rho_normalized,sigma_max_principal,0.298447681862874,0.1737130693062567,0.298447681862874,0.1737130693062567,400360
case_37,37,distance_to_inner_proxy,sigma_max_principal,0.29844768186287246,0.1737130693062567,0.29844768186287246,0.1737130693062567,400360
case_37,37,distance_to_outer_proxy,sigma_max_principal,-0.2984476818628722,-0.1737130693062567,0.2984476818628722,0.1737130693062567,400360
case_37,37,temperature,sigma_max_principal,-0.13527099180437635,-0.12392732467103093,0.13527099180437635,0.12392732467103093,400360
case_37,37,weight_loss_rate,sigma_max_principal,-0.314702053785724,-0.1208401567649981,0.314702053785724,0.1208401567649981,400360
case_37,37,z,sigma_max_principal,0.10562343824853622,0.11830132106504736,0.10562343824853622,0.11830132106504736,400360
case_37,37,fluence_rate,sigma_max_principal,-0.2550569034809145,-0.08716683649760404,0.2550569034809145,0.08716683649760404,400360
case_37,37,theta,sigma_max_principal,0.04683177685360272,0.03661842554537943,0.04683177685360272,0.03661842554537943,400360
case_37,37,theta_sin,sigma_max_principal,0.04650284967929456,0.03661842554537943,0.04650284967929456,0.03661842554537943,400360
case_37,37,theta_cos,sigma_max_principal,-0.04602890731077994,-0.03661842554537943,0.04602890731077994,0.03661842554537943,400360
case_38,38,fluence_rate,sigma_max_principal,-0.7771108084177843,-0.4598621144833311,0.7771108084177843,0.4598621144833311,400360
case_38,38,weight_loss_rate,sigma_max_principal,-0.22674682563807905,-0.376001643060432,0.22674682563807905,0.376001643060432,400360
case_38,38,temperature,sigma_max_principal,-0.2700591122081049,-0.36496845608227885,0.2700591122081049,0.36496845608227885,400360
case_38,38,rho,sigma_max_principal,0.34988384569239916,0.2360937161991612,0.34988384569239916,0.2360937161991612,400360
case_38,38,rho_normalized,sigma_max_principal,0.34988384569239994,0.2360937161991612,0.34988384569239994,0.2360937161991612,400360
case_38,38,distance_to_inner_proxy,sigma_max_principal,0.3498838456923991,0.2360937161991612,0.3498838456923991,0.2360937161991612,400360
case_38,38,distance_to_outer_proxy,sigma_max_principal,-0.34988384569239905,-0.2360937161991612,0.34988384569239905,0.2360937161991612,400360
case_38,38,param_field_magnitude_scaled,sigma_max_principal,0.5264636197297543,0.20539558683110878,0.5264636197297543,0.20539558683110878,400360
case_38,38,z,sigma_max_principal,0.017727527407886357,-0.08672412976691958,0.017727527407886357,0.08672412976691958,400360
case_38,38,theta,sigma_max_principal,-0.059227075395299575,0.027170059694491593,0.059227075395299575,0.027170059694491593,400360
case_38,38,theta_sin,sigma_max_principal,-0.0630025213760459,0.027170059694491593,0.0630025213760459,0.027170059694491593,400360
case_38,38,theta_cos,sigma_max_principal,0.030343130783608535,-0.027170059694491593,0.030343130783608535,0.027170059694491593,400360
case_39,39,weight_loss_rate,sigma_max_principal,-0.51847471755803,-0.28306424175428835,0.51847471755803,0.28306424175428835,400360
case_39,39,z,sigma_max_principal,0.1403730977662454,0.16815885259718458,0.1403730977662454,0.16815885259718458,400360
case_39,39,param_field_magnitude_scaled,sigma_max_principal,0.07609946644245312,-0.15916492683858158,0.07609946644245312,0.15916492683858158,400360
case_39,39,rho,sigma_max_principal,0.3048739173017135,0.13606490676048458,0.3048739173017135,0.13606490676048458,400360
case_39,39,rho_normalized,sigma_max_principal,0.30487391730171437,0.13606490676048458,0.30487391730171437,0.13606490676048458,400360
case_39,39,distance_to_inner_proxy,sigma_max_principal,0.3048739173017134,0.13606490676048458,0.3048739173017134,0.13606490676048458,400360
case_39,39,distance_to_outer_proxy,sigma_max_principal,-0.3048739173017135,-0.13606490676048458,0.3048739173017135,0.13606490676048458,400360
case_39,39,temperature,sigma_max_principal,0.1593826345546339,0.0990221048353853,0.1593826345546339,0.0990221048353853,400360
case_39,39,fluence_rate,sigma_max_principal,-0.3530461886714263,-0.09269532236345071,0.3530461886714263,0.09269532236345071,400360
case_39,39,theta,sigma_max_principal,0.029500543800062336,0.06231674045783563,0.029500543800062336,0.06231674045783563,400360
case_39,39,theta_sin,sigma_max_principal,0.027399253499711805,0.06231674045783563,0.027399253499711805,0.06231674045783563,400360
case_39,39,theta_cos,sigma_max_principal,-0.04224271647093598,-0.06231674045783563,0.04224271647093598,0.06231674045783563,400360
case_40,40,param_field_magnitude_scaled,sigma_max_principal,-0.5438882048496179,-0.42655596683452285,0.5438882048496179,0.42655596683452285,400360
case_40,40,z,sigma_max_principal,0.1789126648584079,0.23690355480060632,0.1789126648584079,0.23690355480060632,400360
case_40,40,fluence_rate,sigma_max_principal,-0.19739220218071954,0.1485505172263601,0.19739220218071954,0.1485505172263601,400360
case_40,40,weight_loss_rate,sigma_max_principal,-0.3925726893833421,-0.09520029867406617,0.3925726893833421,0.09520029867406617,400360
case_40,40,temperature,sigma_max_principal,-0.18469768219117272,0.04866119925437676,0.18469768219117272,0.04866119925437676,400360
case_40,40,theta,sigma_max_principal,0.054871506658131966,0.028269801424797843,0.054871506658131966,0.028269801424797843,400360
case_40,40,theta_sin,sigma_max_principal,0.05482490549501954,0.028269801424797843,0.05482490549501954,0.028269801424797843,400360
case_40,40,theta_cos,sigma_max_principal,-0.05129622572221249,-0.028269801424797843,0.05129622572221249,0.028269801424797843,400360
case_40,40,rho,sigma_max_principal,0.17074063871367734,-0.014528027856460063,0.17074063871367734,0.014528027856460063,400360
case_40,40,rho_normalized,sigma_max_principal,0.1707406387136788,-0.014528027856460063,0.1707406387136788,0.014528027856460063,400360
case_40,40,distance_to_inner_proxy,sigma_max_principal,0.1707406387136772,-0.014528027856460063,0.1707406387136772,0.014528027856460063,400360
case_40,40,distance_to_outer_proxy,sigma_max_principal,-0.1707406387136772,0.014528027856460063,0.1707406387136772,0.014528027856460063,400360
case_41,41,param_field_magnitude_scaled,sigma_max_principal,-0.3860793771211998,-0.35982718692080856,0.3860793771211998,0.35982718692080856,400360
case_41,41,z,sigma_max_principal,0.16267937614062528,0.2096517422114945,0.16267937614062528,0.2096517422114945,400360
case_41,41,temperature,sigma_max_principal,-0.2111166470667461,-0.16418213429869627,0.2111166470667461,0.16418213429869627,400360
case_41,41,weight_loss_rate,sigma_max_principal,-0.42218160570712926,-0.12662673546977088,0.42218160570712926,0.12662673546977088,400360
case_41,41,rho,sigma_max_principal,0.24544434674076243,0.09263005409271548,0.24544434674076243,0.09263005409271548,400360
case_41,41,rho_normalized,sigma_max_principal,0.24544434674076152,0.09263005409271548,0.24544434674076152,0.09263005409271548,400360
case_41,41,distance_to_inner_proxy,sigma_max_principal,0.24544434674076226,0.09263005409271548,0.24544434674076226,0.09263005409271548,400360
case_41,41,distance_to_outer_proxy,sigma_max_principal,-0.24544434674076243,-0.09263005409271548,0.24544434674076243,0.09263005409271548,400360
case_41,41,fluence_rate,sigma_max_principal,-0.24861984949840757,0.05552671607052438,0.24861984949840757,0.05552671607052438,400360
case_41,41,theta,sigma_max_principal,0.06536432813275345,0.0522264660132131,0.06536432813275345,0.0522264660132131,400360
case_41,41,theta_sin,sigma_max_principal,0.0655665732718529,0.0522264660132131,0.0655665732718529,0.0522264660132131,400360
case_41,41,theta_cos,sigma_max_principal,-0.060573864515295305,-0.0522264660132131,0.060573864515295305,0.0522264660132131,400360
case_42,42,fluence_rate,sigma_max_principal,-0.474814951470483,-0.2354548166729889,0.474814951470483,0.2354548166729889,400360
case_42,42,rho,sigma_max_principal,0.34513044907994894,0.20266852971832192,0.34513044907994894,0.20266852971832192,400360
case_42,42,rho_normalized,sigma_max_principal,0.34513044907995,0.20266852971832192,0.34513044907995,0.20266852971832192,400360
case_42,42,distance_to_inner_proxy,sigma_max_principal,0.34513044907994866,0.20266852971832192,0.34513044907994866,0.20266852971832192,400360
case_42,42,distance_to_outer_proxy,sigma_max_principal,-0.34513044907994894,-0.20266852971832192,0.34513044907994894,0.20266852971832192,400360
case_42,42,temperature,sigma_max_principal,-0.31861352394082587,-0.1944589053110834,0.31861352394082587,0.1944589053110834,400360
case_42,42,weight_loss_rate,sigma_max_principal,-0.3029374031400163,-0.1911913564743619,0.3029374031400163,0.1911913564743619,400360
case_42,42,z,sigma_max_principal,0.07057175325448975,0.07833628648519553,0.07057175325448975,0.07833628648519553,400360
case_42,42,param_field_magnitude_scaled,sigma_max_principal,-0.09560880264356415,-0.06614655836248708,0.09560880264356415,0.06614655836248708,400360
case_42,42,theta,sigma_max_principal,0.023379881946520516,0.041518295726993296,0.023379881946520516,0.041518295726993296,400360
case_42,42,theta_sin,sigma_max_principal,0.020601460846901086,0.041518295726993296,0.020601460846901086,0.041518295726993296,400360
case_42,42,theta_cos,sigma_max_principal,-0.04086245889728146,-0.041518295726993296,0.04086245889728146,0.041518295726993296,400360
case_43,43,fluence_rate,sigma_max_principal,-0.4624682254915809,-0.2213740891940627,0.4624682254915809,0.2213740891940627,400360
case_43,43,weight_loss_rate,sigma_max_principal,-0.2837632830545074,-0.21628745305956065,0.2837632830545074,0.21628745305956065,400360
case_43,43,temperature,sigma_max_principal,-0.3508356265105591,-0.20216662467549174,0.3508356265105591,0.20216662467549174,400360
case_43,43,rho,sigma_max_principal,0.34955068005038725,0.20177742392468603,0.34955068005038725,0.20177742392468603,400360
case_43,43,rho_normalized,sigma_max_principal,0.3495506800503876,0.20177742392468603,0.3495506800503876,0.20177742392468603,400360
case_43,43,distance_to_inner_proxy,sigma_max_principal,0.34955068005038736,0.20177742392468603,0.34955068005038736,0.20177742392468603,400360
case_43,43,distance_to_outer_proxy,sigma_max_principal,-0.34955068005038736,-0.20177742392468603,0.34955068005038736,0.20177742392468603,400360
case_43,43,param_field_magnitude_scaled,sigma_max_principal,-0.08292437362576494,-0.07065781010854652,0.08292437362576494,0.07065781010854652,400360
case_43,43,z,sigma_max_principal,0.06408375826419187,0.06814719157959713,0.06408375826419187,0.06814719157959713,400360
case_43,43,theta,sigma_max_principal,0.02235868315606354,0.038295852167715194,0.02235868315606354,0.038295852167715194,400360
case_43,43,theta_sin,sigma_max_principal,0.01976382207853311,0.038295852167715194,0.01976382207853311,0.038295852167715194,400360
case_43,43,theta_cos,sigma_max_principal,-0.038723142229141694,-0.038295852167715194,0.038723142229141694,0.038295852167715194,400360
case_44,44,param_field_magnitude_scaled,sigma_max_principal,-0.472240384698408,-0.32390617627052287,0.472240384698408,0.32390617627052287,400360
case_44,44,z,sigma_max_principal,0.15735283989013926,0.2101262316188816,0.15735283989013926,0.2101262316188816,400360
case_44,44,fluence_rate,sigma_max_principal,-0.2078642069760315,0.14800727096060753,0.2078642069760315,0.14800727096060753,400360
case_44,44,weight_loss_rate,sigma_max_principal,-0.32126911826002075,-0.1314993968759994,0.32126911826002075,0.1314993968759994,400360
case_44,44,theta,sigma_max_principal,0.0603213949295109,0.036470032478140305,0.0603213949295109,0.036470032478140305,400360
case_44,44,theta_sin,sigma_max_principal,0.05980088424042047,0.036470032478140305,0.05980088424042047,0.036470032478140305,400360
case_44,44,theta_cos,sigma_max_principal,-0.05999935192502419,-0.036470032478140305,0.05999935192502419,0.036470032478140305,400360
case_44,44,temperature,sigma_max_principal,-0.17808965506298607,-0.03524377417660812,0.17808965506298607,0.03524377417660812,400360
case_44,44,rho,sigma_max_principal,0.1867080294594867,0.017705243773136193,0.1867080294594867,0.017705243773136193,400360
case_44,44,rho_normalized,sigma_max_principal,0.18670802945948617,0.017705243773136193,0.18670802945948617,0.017705243773136193,400360
case_44,44,distance_to_inner_proxy,sigma_max_principal,0.1867080294594869,0.017705243773136193,0.1867080294594869,0.017705243773136193,400360
case_44,44,distance_to_outer_proxy,sigma_max_principal,-0.1867080294594867,-0.017705243773136193,0.1867080294594867,0.017705243773136193,400360
case_45,45,weight_loss_rate,sigma_max_principal,-0.4078999495561862,-0.22172399957920536,0.4078999495561862,0.22172399957920536,400360
case_45,45,temperature,sigma_max_principal,-0.332354389816201,-0.17915223220855683,0.332354389816201,0.17915223220855683,400360
case_45,45,param_field_magnitude_scaled,sigma_max_principal,-0.2450648550880289,-0.13186574763921488,0.2450648550880289,0.13186574763921488,400360
case_45,45,z,sigma_max_principal,0.11519973575015655,0.1318018530212025,0.11519973575015655,0.1318018530212025,400360
case_45,45,rho,sigma_max_principal,0.29315855551460535,0.13124056417223456,0.29315855551460535,0.13124056417223456,400360
case_45,45,rho_normalized,sigma_max_principal,0.29315855551460457,0.13124056417223456,0.29315855551460457,0.13124056417223456,400360
case_45,45,distance_to_inner_proxy,sigma_max_principal,0.2931585555146054,0.13124056417223456,0.2931585555146054,0.13124056417223456,400360
case_45,45,distance_to_outer_proxy,sigma_max_principal,-0.29315855551460535,-0.13124056417223456,0.29315855551460535,0.13124056417223456,400360
case_45,45,fluence_rate,sigma_max_principal,-0.34458280102869654,-0.1038834423666024,0.34458280102869654,0.1038834423666024,400360
case_45,45,theta,sigma_max_principal,0.024945094244945825,0.0228893462936207,0.024945094244945825,0.0228893462936207,400360
case_45,45,theta_sin,sigma_max_principal,0.023551930647159144,0.0228893462936207,0.023551930647159144,0.0228893462936207,400360
case_45,45,theta_cos,sigma_max_principal,-0.03227981948744134,-0.0228893462936207,0.03227981948744134,0.0228893462936207,400360
case_46,46,param_field_magnitude_scaled,sigma_max_principal,-0.5393224842298109,-0.43981320239723554,0.5393224842298109,0.43981320239723554,400360
case_46,46,z,sigma_max_principal,0.16794285330452766,0.2262652178670274,0.16794285330452766,0.2262652178670274,400360
case_46,46,fluence_rate,sigma_max_principal,-0.20703715927306787,0.16842214143588907,0.20703715927306787,0.16842214143588907,400360
case_46,46,theta,sigma_max_principal,0.06540298232860987,0.04063944347319643,0.06540298232860987,0.04063944347319643,400360
case_46,46,theta_sin,sigma_max_principal,0.0655222069677703,0.04063944347319643,0.0655222069677703,0.04063944347319643,400360
case_46,46,theta_cos,sigma_max_principal,-0.06040497394199497,-0.04063944347319643,0.06040497394199497,0.04063944347319643,400360
case_46,46,weight_loss_rate,sigma_max_principal,-0.25415719508088136,0.03456535499574352,0.25415719508088136,0.03456535499574352,400360
case_46,46,temperature,sigma_max_principal,-0.17692188415400714,-0.03270984482839164,0.17692188415400714,0.03270984482839164,400360
case_46,46,rho,sigma_max_principal,0.17541514651547455,0.004972238492947506,0.17541514651547455,0.004972238492947506,400360
case_46,46,rho_normalized,sigma_max_principal,0.17541514651547643,0.004972238492947506,0.17541514651547643,0.004972238492947506,400360
case_46,46,distance_to_inner_proxy,sigma_max_principal,0.17541514651547513,0.004972238492947506,0.17541514651547513,0.004972238492947506,400360
case_46,46,distance_to_outer_proxy,sigma_max_principal,-0.17541514651547507,-0.004972238492947506,0.17541514651547507,0.004972238492947506,400360
case_47,47,param_field_magnitude_scaled,sigma_max_principal,-0.45045139152963276,-0.31763519347988806,0.45045139152963276,0.31763519347988806,400360
case_47,47,z,sigma_max_principal,0.16809865285803846,0.22381466038508202,0.16809865285803846,0.22381466038508202,400360
case_47,47,fluence_rate,sigma_max_principal,-0.20827550906983988,0.1411353245579242,0.20827550906983988,0.1411353245579242,400360
case_47,47,theta,sigma_max_principal,0.06826550248633648,0.04897457073442671,0.06826550248633648,0.04897457073442671,400360
case_47,47,theta_sin,sigma_max_principal,0.06781374957354583,0.04897457073442671,0.06781374957354583,0.04897457073442671,400360
case_47,47,theta_cos,sigma_max_principal,-0.06732170998338562,-0.04897457073442671,0.06732170998338562,0.04897457073442671,400360
case_47,47,temperature,sigma_max_principal,-0.19698159443751498,-0.041249480463139886,0.19698159443751498,0.041249480463139886,400360
case_47,47,weight_loss_rate,sigma_max_principal,-0.23730669290884415,-0.03634451222035001,0.23730669290884415,0.03634451222035001,400360
case_47,47,rho,sigma_max_principal,0.18358713541216407,0.012869507768618645,0.18358713541216407,0.012869507768618645,400360
case_47,47,rho_normalized,sigma_max_principal,0.1835871354121635,0.012869507768618645,0.1835871354121635,0.012869507768618645,400360
case_47,47,distance_to_inner_proxy,sigma_max_principal,0.18358713541216395,0.012869507768618645,0.18358713541216395,0.012869507768618645,400360
case_47,47,distance_to_outer_proxy,sigma_max_principal,-0.18358713541216395,-0.012869507768618645,0.18358713541216395,0.012869507768618645,400360
case_48,48,param_field_magnitude_scaled,sigma_max_principal,-0.5136579263200628,-0.37183930832633055,0.5136579263200628,0.37183930832633055,400360
case_48,48,z,sigma_max_principal,0.17741189635671759,0.2328238839028327,0.17741189635671759,0.2328238839028327,400360
case_48,48,fluence_rate,sigma_max_principal,-0.20585664723818548,0.14103849131034907,0.20585664723818548,0.14103849131034907,400360
case_48,48,weight_loss_rate,sigma_max_principal,-0.41823757231971,-0.14032044320795314,0.41823757231971,0.14032044320795314,400360
case_48,48,theta,sigma_max_principal,0.07375739555145014,0.06190324429337409,0.07375739555145014,0.06190324429337409,400360
case_48,48,theta_sin,sigma_max_principal,0.0741354885602429,0.06190324429337409,0.0741354885602429,0.06190324429337409,400360
case_48,48,theta_cos,sigma_max_principal,-0.06728727818639729,-0.06190324429337409,0.06728727818639729,0.06190324429337409,400360
case_48,48,temperature,sigma_max_principal,-0.20597333381774904,-0.0470378208808311,0.20597333381774904,0.0470378208808311,400360
case_48,48,rho,sigma_max_principal,0.17497863649492165,-0.0016323756917297522,0.17497863649492165,0.0016323756917297522,400360
case_48,48,rho_normalized,sigma_max_principal,0.17497863649492254,-0.0016323756917297522,0.17497863649492254,0.0016323756917297522,400360
case_48,48,distance_to_inner_proxy,sigma_max_principal,0.17497863649492149,-0.0016323756917297522,0.17497863649492149,0.0016323756917297522,400360
case_48,48,distance_to_outer_proxy,sigma_max_principal,-0.17497863649492154,0.0016323756917297522,0.17497863649492154,0.0016323756917297522,400360
case_49,49,param_field_magnitude_scaled,sigma_max_principal,-0.5316356067514929,-0.3907530361718639,0.5316356067514929,0.3907530361718639,400360
case_49,49,z,sigma_max_principal,0.1553685730921065,0.20046446919079233,0.1553685730921065,0.20046446919079233,400360
case_49,49,fluence_rate,sigma_max_principal,-0.19574461091002235,0.15300169587402127,0.19574461091002235,0.15300169587402127,400360
case_49,49,weight_loss_rate,sigma_max_principal,-0.38599468823783556,-0.0939219307185759,0.38599468823783556,0.0939219307185759,400360
case_49,49,theta,sigma_max_principal,0.0677388365283559,0.05000166024192799,0.0677388365283559,0.05000166024192799,400360
case_49,49,theta_sin,sigma_max_principal,0.06793473302514894,0.05000166024192799,0.06793473302514894,0.05000166024192799,400360
case_49,49,theta_cos,sigma_max_principal,-0.06253399013588982,-0.05000166024192799,0.06253399013588982,0.05000166024192799,400360
case_49,49,rho,sigma_max_principal,0.1601208961294362,-0.021965474099079216,0.1601208961294362,0.021965474099079216,400360
case_49,49,rho_normalized,sigma_max_principal,0.16012089612943609,-0.021965474099079216,0.16012089612943609,0.021965474099079216,400360
case_49,49,distance_to_inner_proxy,sigma_max_principal,0.16012089612943628,-0.021965474099079216,0.16012089612943628,0.021965474099079216,400360
case_49,49,distance_to_outer_proxy,sigma_max_principal,-0.16012089612943628,0.021965474099079216,0.16012089612943628,0.021965474099079216,400360
case_49,49,temperature,sigma_max_principal,-0.17580339862353864,-0.009333252102329624,0.17580339862353864,0.009333252102329624,400360
case_50,50,param_field_magnitude_scaled,sigma_max_principal,-0.39846164752970675,-0.27009027716067513,0.39846164752970675,0.27009027716067513,400360
case_50,50,temperature,sigma_max_principal,-0.31624404918960075,-0.18647761538114463,0.31624404918960075,0.18647761538114463,400360
case_50,50,rho,sigma_max_principal,0.3133658421361827,0.1740085732840501,0.3133658421361827,0.1740085732840501,400360
case_50,50,rho_normalized,sigma_max_principal,0.31336584213618124,0.1740085732840501,0.31336584213618124,0.1740085732840501,400360
case_50,50,distance_to_inner_proxy,sigma_max_principal,0.3133658421361826,0.1740085732840501,0.3133658421361826,0.1740085732840501,400360
case_50,50,distance_to_outer_proxy,sigma_max_principal,-0.3133658421361827,-0.1740085732840501,0.3133658421361827,0.1740085732840501,400360
case_50,50,weight_loss_rate,sigma_max_principal,-0.32784383912412535,-0.17355127798741274,0.32784383912412535,0.17355127798741274,400360
case_50,50,fluence_rate,sigma_max_principal,-0.34644575588176446,-0.12622686089100105,0.34644575588176446,0.12622686089100105,400360
case_50,50,z,sigma_max_principal,0.09787422633710315,0.11547181627768682,0.09787422633710315,0.11547181627768682,400360
case_50,50,theta,sigma_max_principal,0.03440741979979147,0.024733859934783553,0.03440741979979147,0.024733859934783553,400360
case_50,50,theta_sin,sigma_max_principal,0.03373939951199467,0.024733859934783553,0.03373939951199467,0.024733859934783553,400360
case_50,50,theta_cos,sigma_max_principal,-0.03646549474129674,-0.024733859934783553,0.03646549474129674,0.024733859934783553,400360
case_51,51,param_field_magnitude_scaled,sigma_max_principal,-0.39041705927293,-0.27537623831104346,0.39041705927293,0.27537623831104346,400360
case_51,51,z,sigma_max_principal,0.11900514828341395,0.15195658071623405,0.11900514828341395,0.15195658071623405,400360
case_51,51,weight_loss_rate,sigma_max_principal,-0.25206204640966995,-0.1304781488580578,0.25206204640966995,0.1304781488580578,400360
case_51,51,temperature,sigma_max_principal,-0.22976806436291486,-0.0919089293067818,0.22976806436291486,0.0919089293067818,400360
case_51,51,rho,sigma_max_principal,0.21548642168491533,0.06599686145511383,0.21548642168491533,0.06599686145511383,400360
case_51,51,rho_normalized,sigma_max_principal,0.2154864216849155,0.06599686145511383,0.2154864216849155,0.06599686145511383,400360
case_51,51,distance_to_inner_proxy,sigma_max_principal,0.21548642168491525,0.06599686145511383,0.21548642168491525,0.06599686145511383,400360
case_51,51,distance_to_outer_proxy,sigma_max_principal,-0.2154864216849155,-0.06599686145511383,0.2154864216849155,0.06599686145511383,400360
case_51,51,theta,sigma_max_principal,0.058662103413403104,0.03568288362392177,0.058662103413403104,0.03568288362392177,400360
case_51,51,theta_sin,sigma_max_principal,0.05731845020830542,0.03568288362392177,0.05731845020830542,0.03568288362392177,400360
case_51,51,theta_cos,sigma_max_principal,-0.06402854514382675,-0.03568288362392177,0.06402854514382675,0.03568288362392177,400360
case_51,51,fluence_rate,sigma_max_principal,-0.22935598503186538,0.02181776565964383,0.22935598503186538,0.02181776565964383,400360
case_52,52,param_field_magnitude_scaled,sigma_max_principal,-0.5654147555068326,-0.450559923028049,0.5654147555068326,0.450559923028049,400360
case_52,52,z,sigma_max_principal,0.15012564464861766,0.19054612211907213,0.15012564464861766,0.19054612211907213,400360
case_52,52,weight_loss_rate,sigma_max_principal,-0.2882042441402311,-0.12324429506948384,0.2882042441402311,0.12324429506948384,400360
case_52,52,temperature,sigma_max_principal,-0.22623081268685608,-0.09780100924999405,0.22623081268685608,0.09780100924999405,400360
case_52,52,rho,sigma_max_principal,0.22106722386061614,0.06991526065184178,0.22106722386061614,0.06991526065184178,400360
case_52,52,rho_normalized,sigma_max_principal,0.22106722386061728,0.06991526065184178,0.22106722386061728,0.06991526065184178,400360
case_52,52,distance_to_inner_proxy,sigma_max_principal,0.22106722386061653,0.06991526065184178,0.22106722386061653,0.06991526065184178,400360
case_52,52,distance_to_outer_proxy,sigma_max_principal,-0.2210672238606165,-0.06991526065184178,0.2210672238606165,0.06991526065184178,400360
case_52,52,fluence_rate,sigma_max_principal,-0.251523317824228,0.06803901111529351,0.251523317824228,0.06803901111529351,400360
case_52,52,theta,sigma_max_principal,0.06899196177929882,0.056233931114919526,0.06899196177929882,0.056233931114919526,400360
case_52,52,theta_sin,sigma_max_principal,0.0695663636624151,0.056233931114919526,0.0695663636624151,0.056233931114919526,400360
case_52,52,theta_cos,sigma_max_principal,-0.06142475969804407,-0.056233931114919526,0.06142475969804407,0.056233931114919526,400360
case_53,53,param_field_magnitude_scaled,sigma_max_principal,-0.3735558131115165,-0.371434283736662,0.3735558131115165,0.371434283736662,400360
case_53,53,weight_loss_rate,sigma_max_principal,-0.4386689564449996,-0.20716818649484237,0.4386689564449996,0.20716818649484237,400360
case_53,53,z,sigma_max_principal,0.15867211681358298,0.20252690493377012,0.15867211681358298,0.20252690493377012,400360
case_53,53,temperature,sigma_max_principal,-0.14839695702357972,-0.18632073416215894,0.14839695702357972,0.18632073416215894,400360
case_53,53,rho,sigma_max_principal,0.24658860320599654,0.09107924369302853,0.24658860320599654,0.09107924369302853,400360
case_53,53,rho_normalized,sigma_max_principal,0.24658860320599543,0.09107924369302853,0.24658860320599543,0.09107924369302853,400360
case_53,53,distance_to_inner_proxy,sigma_max_principal,0.24658860320599663,0.09107924369302853,0.24658860320599663,0.09107924369302853,400360
case_53,53,distance_to_outer_proxy,sigma_max_principal,-0.24658860320599651,-0.09107924369302853,0.24658860320599651,0.09107924369302853,400360
case_53,53,fluence_rate,sigma_max_principal,-0.2512972405971763,0.06528866802709091,0.2512972405971763,0.06528866802709091,400360
case_53,53,theta,sigma_max_principal,0.06771711590375784,0.05629591446651784,0.06771711590375784,0.05629591446651784,400360
case_53,53,theta_sin,sigma_max_principal,0.06785449127546121,0.05629591446651784,0.06785449127546121,0.05629591446651784,400360
case_53,53,theta_cos,sigma_max_principal,-0.06336562380040887,-0.05629591446651784,0.06336562380040887,0.05629591446651784,400360
case_54,54,param_field_magnitude_scaled,sigma_max_principal,-0.4694170831480896,-0.3505673002763644,0.4694170831480896,0.3505673002763644,400360
case_54,54,z,sigma_max_principal,0.158332365894581,0.20690242126367653,0.158332365894581,0.20690242126367653,400360
case_54,54,weight_loss_rate,sigma_max_principal,-0.31955240650434513,-0.1251075221022997,0.31955240650434513,0.1251075221022997,400360
case_54,54,fluence_rate,sigma_max_principal,-0.22461003710230118,0.1008005405213924,0.22461003710230118,0.1008005405213924,400360
case_54,54,temperature,sigma_max_principal,-0.20564882537788653,-0.05737501708347377,0.20564882537788653,0.05737501708347377,400360
case_54,54,theta,sigma_max_principal,0.06322646558692639,0.04567248282879761,0.06322646558692639,0.04567248282879761,400360
case_54,54,theta_sin,sigma_max_principal,0.06274574161604365,0.04567248282879761,0.06274574161604365,0.04567248282879761,400360
case_54,54,theta_cos,sigma_max_principal,-0.06284439887851606,-0.04567248282879761,0.06284439887851606,0.04567248282879761,400360
case_54,54,rho,sigma_max_principal,0.2025292844668669,0.035542500182609384,0.2025292844668669,0.035542500182609384,400360
case_54,54,rho_normalized,sigma_max_principal,0.2025292844668671,0.035542500182609384,0.2025292844668671,0.035542500182609384,400360
case_54,54,distance_to_inner_proxy,sigma_max_principal,0.20252928446686685,0.035542500182609384,0.20252928446686685,0.035542500182609384,400360
case_54,54,distance_to_outer_proxy,sigma_max_principal,-0.2025292844668668,-0.035542500182609384,0.2025292844668668,0.035542500182609384,400360
case_55,55,param_field_magnitude_scaled,sigma_max_principal,-0.46133233376187954,-0.4045501147254371,0.46133233376187954,0.4045501147254371,400360
case_55,55,z,sigma_max_principal,0.17590777471863514,0.23380679325293668,0.17590777471863514,0.23380679325293668,400360
case_55,55,temperature,sigma_max_principal,-0.25023307777652265,-0.1392480038281809,0.25023307777652265,0.1392480038281809,400360
case_55,55,fluence_rate,sigma_max_principal,-0.23902011208024448,0.10201536423947256,0.23902011208024448,0.10201536423947256,400360
case_55,55,rho,sigma_max_principal,0.22240205078365446,0.06518330828399974,0.22240205078365446,0.06518330828399974,400360
case_55,55,rho_normalized,sigma_max_principal,0.22240205078365471,0.06518330828399974,0.22240205078365471,0.06518330828399974,400360
case_55,55,distance_to_inner_proxy,sigma_max_principal,0.22240205078365424,0.06518330828399974,0.22240205078365424,0.06518330828399974,400360
case_55,55,distance_to_outer_proxy,sigma_max_principal,-0.22240205078365433,-0.06518330828399974,0.22240205078365433,0.06518330828399974,400360
case_55,55,weight_loss_rate,sigma_max_principal,-0.3453951403490291,-0.0619672194475637,0.3453951403490291,0.0619672194475637,400360
case_55,55,theta,sigma_max_principal,0.060082091040319044,0.039662003860344464,0.060082091040319044,0.039662003860344464,400360
case_55,55,theta_sin,sigma_max_principal,0.060600642508653005,0.039662003860344464,0.060600642508653005,0.039662003860344464,400360
case_55,55,theta_cos,sigma_max_principal,-0.05283626707250839,-0.039662003860344464,0.05283626707250839,0.039662003860344464,400360
case_56,56,param_field_magnitude_scaled,sigma_max_principal,-0.41511450271167993,-0.2771894512992148,0.41511450271167993,0.2771894512992148,400360
case_56,56,weight_loss_rate,sigma_max_principal,-0.41905908829716104,-0.2496184319681523,0.41905908829716104,0.2496184319681523,400360
case_56,56,temperature,sigma_max_principal,-0.2923102812934531,-0.18258563694655947,0.2923102812934531,0.18258563694655947,400360
case_56,56,rho,sigma_max_principal,0.3026114651721045,0.16390585544890743,0.3026114651721045,0.16390585544890743,400360
case_56,56,rho_normalized,sigma_max_principal,0.30261146517210485,0.16390585544890743,0.30261146517210485,0.16390585544890743,400360
case_56,56,distance_to_inner_proxy,sigma_max_principal,0.30261146517210447,0.16390585544890743,0.30261146517210447,0.16390585544890743,400360
case_56,56,distance_to_outer_proxy,sigma_max_principal,-0.3026114651721045,-0.16390585544890743,0.3026114651721045,0.16390585544890743,400360
case_56,56,fluence_rate,sigma_max_principal,-0.3300859903015238,-0.12066386485631155,0.3300859903015238,0.12066386485631155,400360
case_56,56,z,sigma_max_principal,0.07751392211534167,0.08416687267955872,0.07751392211534167,0.08416687267955872,400360
case_56,56,theta,sigma_max_principal,0.04789467118291268,0.043199721152170883,0.04789467118291268,0.043199721152170883,400360
case_56,56,theta_sin,sigma_max_principal,0.04746823218782164,0.043199721152170883,0.04746823218782164,0.043199721152170883,400360
case_56,56,theta_cos,sigma_max_principal,-0.04816084464683201,-0.043199721152170883,0.04816084464683201,0.043199721152170883,400360
case_57,57,param_field_magnitude_scaled,sigma_max_principal,-0.3224331729782032,-0.25136340739852764,0.3224331729782032,0.25136340739852764,400360
case_57,57,z,sigma_max_principal,0.16022886308385673,0.206266728992975,0.16022886308385673,0.206266728992975,400360
case_57,57,temperature,sigma_max_principal,-0.27373200760012667,-0.16876172392409852,0.27373200760012667,0.16876172392409852,400360
case_57,57,rho,sigma_max_principal,0.2736077060002872,0.12040043062756374,0.2736077060002872,0.12040043062756374,400360
case_57,57,rho_normalized,sigma_max_principal,0.2736077060002871,0.12040043062756374,0.2736077060002871,0.12040043062756374,400360
case_57,57,distance_to_inner_proxy,sigma_max_principal,0.27360770600028717,0.12040043062756374,0.27360770600028717,0.12040043062756374,400360
case_57,57,distance_to_outer_proxy,sigma_max_principal,-0.27360770600028717,-0.12040043062756374,0.27360770600028717,0.12040043062756374,400360
case_57,57,weight_loss_rate,sigma_max_principal,-0.33394621036773775,-0.08830787870148643,0.33394621036773775,0.08830787870148643,400360
case_57,57,theta,sigma_max_principal,0.05316522307912832,0.04140352653256741,0.05316522307912832,0.04140352653256741,400360
case_57,57,theta_sin,sigma_max_principal,0.05273962367055503,0.04140352653256741,0.05273962367055503,0.04140352653256741,400360
case_57,57,theta_cos,sigma_max_principal,-0.05274110439275257,-0.04140352653256741,0.05274110439275257,0.04140352653256741,400360
case_57,57,fluence_rate,sigma_max_principal,-0.26598951343893174,0.041016357913718944,0.26598951343893174,0.041016357913718944,400360
case_58,58,param_field_magnitude_scaled,sigma_max_principal,-0.4155687884764758,-0.3089233434526374,0.4155687884764758,0.3089233434526374,400360
case_58,58,z,sigma_max_principal,0.14354288028606568,0.18484052301221604,0.14354288028606568,0.18484052301221604,400360
case_58,58,temperature,sigma_max_principal,-0.22958858327036638,-0.10443701278984414,0.22958858327036638,0.10443701278984414,400360
case_58,58,rho,sigma_max_principal,0.2276673849615694,0.07571859393496008,0.2276673849615694,0.07571859393496008,400360
case_58,58,rho_normalized,sigma_max_principal,0.2276673849615691,0.07571859393496008,0.2276673849615691,0.07571859393496008,400360
case_58,58,distance_to_inner_proxy,sigma_max_principal,0.22766738496156946,0.07571859393496008,0.22766738496156946,0.07571859393496008,400360
case_58,58,distance_to_outer_proxy,sigma_max_principal,-0.22766738496156946,-0.07571859393496008,0.22766738496156946,0.07571859393496008,400360
case_58,58,fluence_rate,sigma_max_principal,-0.23400898866524256,0.056573772754662764,0.23400898866524256,0.056573772754662764,400360
case_58,58,theta,sigma_max_principal,0.06313128448797334,0.041784091123159534,0.06313128448797334,0.041784091123159534,400360
case_58,58,theta_sin,sigma_max_principal,0.06256816943139026,0.041784091123159534,0.06256816943139026,0.041784091123159534,400360
case_58,58,theta_cos,sigma_max_principal,-0.06303289148884653,-0.041784091123159534,0.06303289148884653,0.041784091123159534,400360
case_58,58,weight_loss_rate,sigma_max_principal,-0.21175408891199027,-0.024788540898640264,0.21175408891199027,0.024788540898640264,400360
case_59,59,param_field_magnitude_scaled,sigma_max_principal,-0.38639477009022505,-0.27252775494376125,0.38639477009022505,0.27252775494376125,400360
case_59,59,z,sigma_max_principal,0.18101037391064592,0.24627937505272585,0.18101037391064592,0.24627937505272585,400360
case_59,59,weight_loss_rate,sigma_max_principal,-0.3201373595645126,-0.0965114324508862,0.3201373595645126,0.0965114324508862,400360
case_59,59,temperature,sigma_max_principal,-0.23878011456122483,-0.09417043044019767,0.23878011456122483,0.09417043044019767,400360
case_59,59,fluence_rate,sigma_max_principal,-0.23815306476701714,0.09308114436809266,0.23815306476701714,0.09308114436809266,400360
case_59,59,rho,sigma_max_principal,0.23867044826548278,0.07709042187710183,0.23867044826548278,0.07709042187710183,400360
case_59,59,rho_normalized,sigma_max_principal,0.2386704482654814,0.07709042187710183,0.2386704482654814,0.07709042187710183,400360
case_59,59,distance_to_inner_proxy,sigma_max_principal,0.23867044826548275,0.07709042187710183,0.23867044826548275,0.07709042187710183,400360
case_59,59,distance_to_outer_proxy,sigma_max_principal,-0.23867044826548292,-0.07709042187710183,0.23867044826548292,0.07709042187710183,400360
case_59,59,theta,sigma_max_principal,0.05662929863343074,0.04020991999718076,0.05662929863343074,0.04020991999718076,400360
case_59,59,theta_sin,sigma_max_principal,0.05615895478407705,0.04020991999718076,0.05615895478407705,0.04020991999718076,400360
case_59,59,theta_cos,sigma_max_principal,-0.05622402051262263,-0.04020991999718076,0.05622402051262263,0.04020991999718076,400360
case_60,60,param_field_magnitude_scaled,sigma_max_principal,-0.5017540397006286,-0.34101584579219146,0.5017540397006286,0.34101584579219146,400360
case_60,60,z,sigma_max_principal,0.15629828098699158,0.20592192889306435,0.15629828098699158,0.20592192889306435,400360
case_60,60,weight_loss_rate,sigma_max_principal,-0.4001637441936134,-0.1238333328672685,0.4001637441936134,0.1238333328672685,400360
case_60,60,fluence_rate,sigma_max_principal,-0.2103412027524429,0.10764910613237429,0.2103412027524429,0.10764910613237429,400360
case_60,60,theta,sigma_max_principal,0.056776134933465464,0.03288329847275939,0.056776134933465464,0.03288329847275939,400360
case_60,60,theta_sin,sigma_max_principal,0.056388666618692365,0.03288329847275939,0.056388666618692365,0.03288329847275939,400360
case_60,60,theta_cos,sigma_max_principal,-0.05583393354680536,-0.03288329847275939,0.05583393354680536,0.03288329847275939,400360
case_60,60,temperature,sigma_max_principal,-0.17007491703774394,-0.027628341210821302,0.17007491703774394,0.027628341210821302,400360
case_60,60,rho,sigma_max_principal,0.18216175580920344,0.012852482371987963,0.18216175580920344,0.012852482371987963,400360
case_60,60,rho_normalized,sigma_max_principal,0.18216175580920427,0.012852482371987963,0.18216175580920427,0.012852482371987963,400360
case_60,60,distance_to_inner_proxy,sigma_max_principal,0.1821617558092033,0.012852482371987963,0.1821617558092033,0.012852482371987963,400360
case_60,60,distance_to_outer_proxy,sigma_max_principal,-0.18216175580920346,-0.012852482371987963,0.18216175580920346,0.012852482371987963,400360
case_61,61,param_field_magnitude_scaled,sigma_max_principal,-0.5586531689764568,-0.4302876410671063,0.5586531689764568,0.4302876410671063,400360
case_61,61,z,sigma_max_principal,0.12235388981676984,0.154414417957357,0.12235388981676984,0.154414417957357,400360
case_61,61,weight_loss_rate,sigma_max_principal,-0.4006362537726818,-0.14993850834595115,0.4006362537726818,0.14993850834595115,400360
case_61,61,temperature,sigma_max_principal,-0.1705754818660148,-0.10311375706072978,0.1705754818660148,0.10311375706072978,400360
case_61,61,rho,sigma_max_principal,0.24434095922571086,0.09927082105030244,0.24434095922571086,0.09927082105030244,400360
case_61,61,rho_normalized,sigma_max_principal,0.24434095922570956,0.09927082105030244,0.24434095922570956,0.09927082105030244,400360
case_61,61,distance_to_inner_proxy,sigma_max_principal,0.24434095922571059,0.09927082105030244,0.24434095922571059,0.09927082105030244,400360
case_61,61,distance_to_outer_proxy,sigma_max_principal,-0.24434095922571064,-0.09927082105030244,0.24434095922571064,0.09927082105030244,400360
case_61,61,theta,sigma_max_principal,0.062377179212276194,0.04633165354646307,0.062377179212276194,0.04633165354646307,400360
case_61,61,theta_sin,sigma_max_principal,0.06302035466807704,0.04633165354646307,0.06302035466807704,0.04633165354646307,400360
case_61,61,theta_cos,sigma_max_principal,-0.05455608353036689,-0.04633165354646307,0.05455608353036689,0.04633165354646307,400360
case_61,61,fluence_rate,sigma_max_principal,-0.278279686682674,0.013517706569247305,0.278279686682674,0.013517706569247305,400360
case_62,62,param_field_magnitude_scaled,sigma_max_principal,-0.32938570770343606,-0.33524288171227856,0.32938570770343606,0.33524288171227856,400360
case_62,62,z,sigma_max_principal,0.159869790958734,0.19937800816232246,0.159869790958734,0.19937800816232246,400360
case_62,62,rho,sigma_max_principal,0.3224798202589319,0.19357882732810744,0.3224798202589319,0.19357882732810744,400360
case_62,62,rho_normalized,sigma_max_principal,0.3224798202589324,0.19357882732810744,0.3224798202589324,0.19357882732810744,400360
case_62,62,distance_to_inner_proxy,sigma_max_principal,0.32247982025893207,0.19357882732810744,0.32247982025893207,0.19357882732810744,400360
case_62,62,distance_to_outer_proxy,sigma_max_principal,-0.3224798202589319,-0.19357882732810744,0.3224798202589319,0.19357882732810744,400360
case_62,62,weight_loss_rate,sigma_max_principal,-0.26486504746467876,-0.08704746918448501,0.26486504746467876,0.08704746918448501,400360
case_62,62,fluence_rate,sigma_max_principal,-0.3152847586718676,-0.05428625855608625,0.3152847586718676,0.05428625855608625,400360
case_62,62,theta,sigma_max_principal,0.04983793127861266,0.048085184472211266,0.04983793127861266,0.048085184472211266,400360
case_62,62,theta_sin,sigma_max_principal,0.04954339860450643,0.048085184472211266,0.04954339860450643,0.048085184472211266,400360
case_62,62,theta_cos,sigma_max_principal,-0.04913497788154862,-0.048085184472211266,0.04913497788154862,0.048085184472211266,400360
case_62,62,temperature,sigma_max_principal,0.05966793711359551,0.010864031126960005,0.05966793711359551,0.010864031126960005,400360
case_63,63,weight_loss_rate,sigma_max_principal,-0.5749710533804937,-0.42731268148902213,0.5749710533804937,0.42731268148902213,400360
case_63,63,fluence_rate,sigma_max_principal,-0.5268094989858711,-0.36633437049605905,0.5268094989858711,0.36633437049605905,400360
case_63,63,rho,sigma_max_principal,0.4198181483145673,0.3465327156789081,0.4198181483145673,0.3465327156789081,400360
case_63,63,rho_normalized,sigma_max_principal,0.4198181483145687,0.3465327156789081,0.4198181483145687,0.3465327156789081,400360
case_63,63,distance_to_inner_proxy,sigma_max_principal,0.41981814831456676,0.3465327156789081,0.41981814831456676,0.3465327156789081,400360
case_63,63,distance_to_outer_proxy,sigma_max_principal,-0.4198181483145669,-0.3465327156789081,0.4198181483145669,0.3465327156789081,400360
case_63,63,temperature,sigma_max_principal,-0.3329256741216177,-0.2790659090813123,0.3329256741216177,0.2790659090813123,400360
case_63,63,param_field_magnitude_scaled,sigma_max_principal,0.04135461372492643,-0.06657001635980403,0.04135461372492643,0.06657001635980403,400360
case_63,63,theta,sigma_max_principal,0.008652206762439645,0.04869355847869462,0.008652206762439645,0.04869355847869462,400360
case_63,63,theta_sin,sigma_max_principal,0.005832476709254639,0.04869355847869462,0.005832476709254639,0.04869355847869462,400360
case_63,63,theta_cos,sigma_max_principal,-0.027924655238762724,-0.04869355847869462,0.027924655238762724,0.04869355847869462,400360
case_63,63,z,sigma_max_principal,0.034280279209804414,0.01665077133351429,0.034280279209804414,0.01665077133351429,400360
case_64,64,param_field_magnitude_scaled,sigma_max_principal,-0.5291539419664237,-0.4261808187893266,0.5291539419664237,0.4261808187893266,400360
case_64,64,z,sigma_max_principal,0.17538300088814787,0.22469170549505235,0.17538300088814787,0.22469170549505235,400360
case_64,64,fluence_rate,sigma_max_principal,-0.20973262406690166,0.1323631065476962,0.20973262406690166,0.1323631065476962,400360
case_64,64,weight_loss_rate,sigma_max_principal,-0.4030918946938451,-0.10310117592722436,0.4030918946938451,0.10310117592722436,400360
case_64,64,temperature,sigma_max_principal,-0.17633396908652946,0.04167854969807759,0.17633396908652946,0.04167854969807759,400360
case_64,64,theta,sigma_max_principal,0.053131774566644675,0.02831243581527984,0.053131774566644675,0.02831243581527984,400360
case_64,64,theta_sin,sigma_max_principal,0.053150099503776284,0.02831243581527984,0.053150099503776284,0.02831243581527984,400360
case_64,64,theta_cos,sigma_max_principal,-0.04922747105169739,-0.02831243581527984,0.04922747105169739,0.02831243581527984,400360
case_64,64,rho,sigma_max_principal,0.1965102365278676,0.02313918554170442,0.1965102365278676,0.02313918554170442,400360
case_64,64,rho_normalized,sigma_max_principal,0.19651023652786817,0.02313918554170442,0.19651023652786817,0.02313918554170442,400360
case_64,64,distance_to_inner_proxy,sigma_max_principal,0.1965102365278676,0.02313918554170442,0.1965102365278676,0.02313918554170442,400360
case_64,64,distance_to_outer_proxy,sigma_max_principal,-0.1965102365278676,-0.02313918554170442,0.1965102365278676,0.02313918554170442,400360
case_65,65,weight_loss_rate,sigma_max_principal,-0.3809293588743892,-0.35729118795868725,0.3809293588743892,0.35729118795868725,400360
case_65,65,temperature,sigma_max_principal,0.5255045332105442,0.29667077795843266,0.5255045332105442,0.29667077795843266,400360
case_65,65,param_field_magnitude_scaled,sigma_max_principal,0.22183645956569148,-0.16148532634423235,0.22183645956569148,0.16148532634423235,400360
case_65,65,fluence_rate,sigma_max_principal,-0.5264605541450098,-0.1579217214036758,0.5264605541450098,0.1579217214036758,400360
case_65,65,z,sigma_max_principal,0.0824668220928082,0.07191288820837813,0.0824668220928082,0.07191288820837813,400360
case_65,65,theta,sigma_max_principal,0.003360653616057643,0.05979255863774583,0.003360653616057643,0.05979255863774583,400360
case_65,65,theta_sin,sigma_max_principal,0.001091058957188701,0.05979255863774583,0.001091058957188701,0.05979255863774583,400360
case_65,65,theta_cos,sigma_max_principal,-0.018549005024077074,-0.05979255863774583,0.018549005024077074,0.05979255863774583,400360
case_65,65,rho,sigma_max_principal,0.2739473816157973,0.04488647605724738,0.2739473816157973,0.04488647605724738,400360
case_65,65,rho_normalized,sigma_max_principal,0.27394738161579935,0.04488647605724738,0.27394738161579935,0.04488647605724738,400360
case_65,65,distance_to_inner_proxy,sigma_max_principal,0.2739473816157973,0.04488647605724738,0.2739473816157973,0.04488647605724738,400360
case_65,65,distance_to_outer_proxy,sigma_max_principal,-0.2739473816157972,-0.04488647605724738,0.2739473816157972,0.04488647605724738,400360
case_66,66,fluence_rate,sigma_max_principal,-0.6913164346065,-0.48519976068388027,0.6913164346065,0.48519976068388027,400360
case_66,66,temperature,sigma_max_principal,-0.4515279588774699,-0.35987372525160927,0.4515279588774699,0.35987372525160927,400360
case_66,66,rho,sigma_max_principal,0.43532553578469496,0.34364029033424626,0.43532553578469496,0.34364029033424626,400360
case_66,66,rho_normalized,sigma_max_principal,0.4353255357846965,0.34364029033424626,0.4353255357846965,0.34364029033424626,400360
case_66,66,distance_to_inner_proxy,sigma_max_principal,0.43532553578469496,0.34364029033424626,0.43532553578469496,0.34364029033424626,400360
case_66,66,distance_to_outer_proxy,sigma_max_principal,-0.43532553578469496,-0.34364029033424626,0.43532553578469496,0.34364029033424626,400360
case_66,66,weight_loss_rate,sigma_max_principal,-0.16545319295795907,-0.14891666967595163,0.16545319295795907,0.14891666967595163,400360
case_66,66,theta,sigma_max_principal,-0.013416313516378545,0.03983680157540555,0.013416313516378545,0.03983680157540555,400360
case_66,66,theta_sin,sigma_max_principal,-0.01715136861087901,0.03983680157540555,0.01715136861087901,0.03983680157540555,400360
case_66,66,theta_cos,sigma_max_principal,-0.01308084042734149,-0.03983680157540555,0.01308084042734149,0.03983680157540555,400360
case_66,66,param_field_magnitude_scaled,sigma_max_principal,0.2254231187037419,-0.03682353573099383,0.2254231187037419,0.03682353573099383,400360
case_66,66,z,sigma_max_principal,0.01858247334162612,-0.00700512179670138,0.01858247334162612,0.00700512179670138,400360
case_67,67,param_field_magnitude_scaled,sigma_max_principal,-0.5694491797254517,-0.4386118697679471,0.5694491797254517,0.4386118697679471,400360
case_67,67,z,sigma_max_principal,0.1529032835306522,0.19859432024968235,0.1529032835306522,0.19859432024968235,400360
case_67,67,weight_loss_rate,sigma_max_principal,-0.2731552506333269,-0.09861541494387621,0.2731552506333269,0.09861541494387621,400360
case_67,67,fluence_rate,sigma_max_principal,-0.24333699668074107,0.08471755145949211,0.24333699668074107,0.08471755145949211,400360
case_67,67,temperature,sigma_max_principal,-0.2161820117647722,-0.06691037811806247,0.2161820117647722,0.06691037811806247,400360
case_67,67,rho,sigma_max_principal,0.21389277157222947,0.05788157828499022,0.21389277157222947,0.05788157828499022,400360
case_67,67,rho_normalized,sigma_max_principal,0.21389277157222875,0.05788157828499022,0.21389277157222875,0.05788157828499022,400360
case_67,67,distance_to_inner_proxy,sigma_max_principal,0.21389277157222925,0.05788157828499022,0.21389277157222925,0.05788157828499022,400360
case_67,67,distance_to_outer_proxy,sigma_max_principal,-0.21389277157222925,-0.05788157828499022,0.21389277157222925,0.05788157828499022,400360
case_67,67,theta,sigma_max_principal,0.06747115354439594,0.0531565753947516,0.06747115354439594,0.0531565753947516,400360
case_67,67,theta_sin,sigma_max_principal,0.06813111286268342,0.0531565753947516,0.06813111286268342,0.0531565753947516,400360
case_67,67,theta_cos,sigma_max_principal,-0.05921031964138093,-0.0531565753947516,0.05921031964138093,0.0531565753947516,400360
case_68,68,weight_loss_rate,sigma_max_principal,-0.44536212616871074,-0.4343356624111896,0.44536212616871074,0.4343356624111896,400360
case_68,68,fluence_rate,sigma_max_principal,-0.5132841039400909,-0.37078075514155445,0.5132841039400909,0.37078075514155445,400360
case_68,68,temperature,sigma_max_principal,-0.3905532839846942,-0.3153441475735254,0.3905532839846942,0.3153441475735254,400360
case_68,68,rho,sigma_max_principal,0.39879519733925717,0.29307965740377273,0.39879519733925717,0.29307965740377273,400360
case_68,68,rho_normalized,sigma_max_principal,0.39879519733925606,0.29307965740377273,0.39879519733925606,0.29307965740377273,400360
case_68,68,distance_to_inner_proxy,sigma_max_principal,0.39879519733925717,0.29307965740377273,0.39879519733925717,0.29307965740377273,400360
case_68,68,distance_to_outer_proxy,sigma_max_principal,-0.3987951973392571,-0.29307965740377273,0.3987951973392571,0.29307965740377273,400360
case_68,68,param_field_magnitude_scaled,sigma_max_principal,-0.14009685563821433,-0.12947011907109712,0.14009685563821433,0.12947011907109712,400360
case_68,68,theta,sigma_max_principal,0.019180440883520923,0.04598871009211128,0.019180440883520923,0.04598871009211128,400360
case_68,68,theta_sin,sigma_max_principal,0.017642438476145068,0.04598871009211128,0.017642438476145068,0.04598871009211128,400360
case_68,68,theta_cos,sigma_max_principal,-0.029241153231361425,-0.04598871009211128,0.029241153231361425,0.04598871009211128,400360
case_68,68,z,sigma_max_principal,0.019742011080890628,-0.007013567906763029,0.019742011080890628,0.007013567906763029,400360
case_69,69,param_field_magnitude_scaled,sigma_max_principal,-0.5752626743751165,-0.48896460585262086,0.5752626743751165,0.48896460585262086,400360
case_69,69,z,sigma_max_principal,0.17657264448557852,0.23615545046699066,0.17657264448557852,0.23615545046699066,400360
case_69,69,fluence_rate,sigma_max_principal,-0.21100611151910337,0.17068021266525027,0.21100611151910337,0.17068021266525027,400360
case_69,69,theta,sigma_max_principal,0.06600638733193827,0.046572050609279866,0.06600638733193827,0.046572050609279866,400360
case_69,69,theta_sin,sigma_max_principal,0.0664318464981766,0.046572050609279866,0.0664318464981766,0.046572050609279866,400360
case_69,69,theta_cos,sigma_max_principal,-0.0591255279396218,-0.046572050609279866,0.0591255279396218,0.046572050609279866,400360
case_69,69,temperature,sigma_max_principal,-0.18002408861002925,0.01613913614384479,0.18002408861002925,0.01613913614384479,400360
case_69,69,rho,sigma_max_principal,0.169226796527848,-0.014902233919472334,0.169226796527848,0.014902233919472334,400360
case_69,69,rho_normalized,sigma_max_principal,0.16922679652784808,-0.014902233919472334,0.16922679652784808,0.014902233919472334,400360
case_69,69,distance_to_inner_proxy,sigma_max_principal,0.16922679652784772,-0.014902233919472334,0.16922679652784772,0.014902233919472334,400360
case_69,69,distance_to_outer_proxy,sigma_max_principal,-0.16922679652784747,0.014902233919472334,0.16922679652784747,0.014902233919472334,400360
case_69,69,weight_loss_rate,sigma_max_principal,-0.24436628624788304,0.01341861405692521,0.24436628624788304,0.01341861405692521,400360
case_70,70,param_field_magnitude_scaled,sigma_max_principal,-0.5501650923709188,-0.44516355004900265,0.5501650923709188,0.44516355004900265,400360
case_70,70,z,sigma_max_principal,0.19394290772387937,0.2583134255372512,0.19394290772387937,0.2583134255372512,400360
case_70,70,fluence_rate,sigma_max_principal,-0.18921298472953338,0.19829825002916465,0.18921298472953338,0.19829825002916465,400360
case_70,70,theta,sigma_max_principal,0.05872455302387308,0.02936729817962323,0.05872455302387308,0.02936729817962323,400360
case_70,70,theta_sin,sigma_max_principal,0.058755450689611945,0.02936729817962323,0.058755450689611945,0.02936729817962323,400360
case_70,70,theta_cos,sigma_max_principal,-0.05431577444506154,-0.02936729817962323,0.05431577444506154,0.02936729817962323,400360
case_70,70,temperature,sigma_max_principal,-0.2126146027216965,0.025360295714123675,0.2126146027216965,0.025360295714123675,400360
case_70,70,rho,sigma_max_principal,0.166621023880924,-0.010459926809504593,0.166621023880924,0.010459926809504593,400360
case_70,70,rho_normalized,sigma_max_principal,0.1666210238809233,-0.010459926809504593,0.1666210238809233,0.010459926809504593,400360
case_70,70,distance_to_inner_proxy,sigma_max_principal,0.16662102388092404,-0.010459926809504593,0.16662102388092404,0.010459926809504593,400360
case_70,70,distance_to_outer_proxy,sigma_max_principal,-0.16662102388092404,0.010459926809504593,0.16662102388092404,0.010459926809504593,400360
case_70,70,weight_loss_rate,sigma_max_principal,-0.3379239142654315,-0.0007047025301985631,0.3379239142654315,0.0007047025301985631,400360
case_71,71,param_field_magnitude_scaled,sigma_max_principal,-0.35699356322584985,-0.2763618557993107,0.35699356322584985,0.2763618557993107,400360
case_71,71,z,sigma_max_principal,0.1394130954707041,0.18473593872136915,0.1394130954707041,0.18473593872136915,400360
case_71,71,weight_loss_rate,sigma_max_principal,-0.11268170606531148,-0.12359783603968742,0.11268170606531148,0.12359783603968742,400360
case_71,71,rho,sigma_max_principal,0.26447927409636046,0.11874240119918472,0.26447927409636046,0.11874240119918472,400360
case_71,71,rho_normalized,sigma_max_principal,0.26447927409635863,0.11874240119918472,0.26447927409635863,0.11874240119918472,400360
case_71,71,distance_to_inner_proxy,sigma_max_principal,0.2644792740963604,0.11874240119918472,0.2644792740963604,0.11874240119918472,400360
case_71,71,distance_to_outer_proxy,sigma_max_principal,-0.2644792740963604,-0.11874240119918472,0.2644792740963604,0.11874240119918472,400360
case_71,71,temperature,sigma_max_principal,-0.19801181180523422,-0.11756831029528592,0.19801181180523422,0.11756831029528592,400360
case_71,71,fluence_rate,sigma_max_principal,-0.2727404835416944,0.04895035062937121,0.2727404835416944,0.04895035062937121,400360
case_71,71,theta,sigma_max_principal,0.054765706336957994,0.03582394695649998,0.054765706336957994,0.03582394695649998,400360
case_71,71,theta_sin,sigma_max_principal,0.054511427564856475,0.03582394695649998,0.054511427564856475,0.03582394695649998,400360
case_71,71,theta_cos,sigma_max_principal,-0.053016008466557456,-0.03582394695649998,0.053016008466557456,0.03582394695649998,400360
case_72,72,param_field_magnitude_scaled,sigma_max_principal,-0.4229909599892072,-0.3865357004515822,0.4229909599892072,0.3865357004515822,400360
case_72,72,z,sigma_max_principal,0.20932593662078666,0.26156241132308844,0.20932593662078666,0.26156241132308844,400360
case_72,72,weight_loss_rate,sigma_max_principal,-0.4228678080206312,-0.13646494576983056,0.4228678080206312,0.13646494576983056,400360
case_72,72,fluence_rate,sigma_max_principal,-0.23422079789160774,0.0917475720461352,0.23422079789160774,0.0917475720461352,400360
case_72,72,rho,sigma_max_principal,0.23621554623548605,0.07655210146480602,0.23621554623548605,0.07655210146480602,400360
case_72,72,rho_normalized,sigma_max_principal,0.23621554623548596,0.07655210146480602,0.23621554623548596,0.07655210146480602,400360
case_72,72,distance_to_inner_proxy,sigma_max_principal,0.2362155462354864,0.07655210146480602,0.2362155462354864,0.07655210146480602,400360
case_72,72,distance_to_outer_proxy,sigma_max_principal,-0.2362155462354863,-0.07655210146480602,0.2362155462354863,0.07655210146480602,400360
case_72,72,theta,sigma_max_principal,0.06429773438639035,0.05153177169149901,0.06429773438639035,0.05153177169149901,400360
case_72,72,theta_sin,sigma_max_principal,0.064967172023004,0.05153177169149901,0.064967172023004,0.05153177169149901,400360
case_72,72,theta_cos,sigma_max_principal,-0.056050288681811035,-0.05153177169149901,0.056050288681811035,0.05153177169149901,400360
case_72,72,temperature,sigma_max_principal,-0.0235327115077838,0.012580087353172483,0.0235327115077838,0.012580087353172483,400360
case_73,73,weight_loss_rate,sigma_max_principal,-0.6479436693772035,-0.39697687660755976,0.6479436693772035,0.39697687660755976,400360
case_73,73,fluence_rate,sigma_max_principal,-0.6769827567562355,-0.38415696467243143,0.6769827567562355,0.38415696467243143,400360
case_73,73,temperature,sigma_max_principal,-0.41672983459828417,-0.30596572665032185,0.41672983459828417,0.30596572665032185,400360
case_73,73,rho,sigma_max_principal,0.3983415026769996,0.27970031016202584,0.3983415026769996,0.27970031016202584,400360
case_73,73,rho_normalized,sigma_max_principal,0.39834150267699964,0.27970031016202584,0.39834150267699964,0.27970031016202584,400360
case_73,73,distance_to_inner_proxy,sigma_max_principal,0.3983415026769998,0.27970031016202584,0.3983415026769998,0.27970031016202584,400360
case_73,73,distance_to_outer_proxy,sigma_max_principal,-0.3983415026769998,-0.27970031016202584,0.3983415026769998,0.27970031016202584,400360
case_73,73,theta,sigma_max_principal,-0.011844304935387203,0.05388091401353366,0.011844304935387203,0.05388091401353366,400360
case_73,73,theta_sin,sigma_max_principal,-0.015485669911131018,0.05388091401353366,0.015485669911131018,0.05388091401353366,400360
case_73,73,theta_cos,sigma_max_principal,-0.013548533020236345,-0.05388091401353366,0.013548533020236345,0.05388091401353366,400360
case_73,73,param_field_magnitude_scaled,sigma_max_principal,0.3367372360240855,-0.010977331380638469,0.3367372360240855,0.010977331380638469,400360
case_73,73,z,sigma_max_principal,0.03523883737061924,0.007897457292629502,0.03523883737061924,0.007897457292629502,400360
case_74,74,param_field_magnitude_scaled,sigma_max_principal,-0.4660986664407641,-0.3277328331644644,0.4660986664407641,0.3277328331644644,400360
case_74,74,temperature,sigma_max_principal,-0.28794537454444336,-0.17109980046277037,0.28794537454444336,0.17109980046277037,400360
case_74,74,rho,sigma_max_principal,0.2872724883733512,0.1524974742352996,0.2872724883733512,0.1524974742352996,400360
case_74,74,rho_normalized,sigma_max_principal,0.2872724883733505,0.1524974742352996,0.2872724883733505,0.1524974742352996,400360
case_74,74,distance_to_inner_proxy,sigma_max_principal,0.2872724883733512,0.1524974742352996,0.2872724883733512,0.1524974742352996,400360
case_74,74,distance_to_outer_proxy,sigma_max_principal,-0.2872724883733512,-0.1524974742352996,0.2872724883733512,0.1524974742352996,400360
case_74,74,z,sigma_max_principal,0.10717372924424101,0.13340607898842496,0.10717372924424101,0.13340607898842496,400360
case_74,74,weight_loss_rate,sigma_max_principal,-0.2853653337179204,-0.1176848211500606,0.2853653337179204,0.1176848211500606,400360
case_74,74,fluence_rate,sigma_max_principal,-0.30545476124540605,-0.05838679848406083,0.30545476124540605,0.05838679848406083,400360
case_74,74,theta,sigma_max_principal,0.050341704596279103,0.03632264809689879,0.050341704596279103,0.03632264809689879,400360
case_74,74,theta_sin,sigma_max_principal,0.050016200792124745,0.03632264809689879,0.050016200792124745,0.03632264809689879,400360
case_74,74,theta_cos,sigma_max_principal,-0.0495881438588861,-0.03632264809689879,0.0495881438588861,0.03632264809689879,400360
case_75,75,param_field_magnitude_scaled,sigma_max_principal,-0.571970126762827,-0.474928223588687,0.571970126762827,0.474928223588687,400360
case_75,75,z,sigma_max_principal,0.16958273902867865,0.22513502629919518,0.16958273902867865,0.22513502629919518,400360
case_75,75,fluence_rate,sigma_max_principal,-0.22454939598094864,0.12428903896198135,0.22454939598094864,0.12428903896198135,400360
case_75,75,temperature,sigma_max_principal,-0.19390637268732652,-0.05501573896397055,0.19390637268732652,0.05501573896397055,400360
case_75,75,theta,sigma_max_principal,0.0702874815680136,0.05436668670419818,0.0702874815680136,0.05436668670419818,400360
case_75,75,theta_sin,sigma_max_principal,0.07060951403831221,0.05436668670419818,0.07060951403831221,0.05436668670419818,400360
case_75,75,theta_cos,sigma_max_principal,-0.06429483122591603,-0.05436668670419818,0.06429483122591603,0.05436668670419818,400360
case_75,75,rho,sigma_max_principal,0.19067171401264363,0.029133563953148613,0.19067171401264363,0.029133563953148613,400360
case_75,75,rho_normalized,sigma_max_principal,0.1906717140126455,0.029133563953148613,0.1906717140126455,0.029133563953148613,400360
case_75,75,distance_to_inner_proxy,sigma_max_principal,0.19067171401264357,0.029133563953148613,0.19067171401264357,0.029133563953148613,400360
case_75,75,distance_to_outer_proxy,sigma_max_principal,-0.19067171401264368,-0.029133563953148613,0.19067171401264368,0.029133563953148613,400360
case_75,75,weight_loss_rate,sigma_max_principal,-0.29585550091532037,0.01839069886566854,0.29585550091532037,0.01839069886566854,400360
case_76,76,param_field_magnitude_scaled,sigma_max_principal,-0.500949442824119,-0.4189393238048037,0.500949442824119,0.4189393238048037,400360
case_76,76,z,sigma_max_principal,0.19225616925280223,0.24157831348689424,0.19225616925280223,0.24157831348689424,400360
case_76,76,fluence_rate,sigma_max_principal,-0.22139345926377238,0.11879603265582635,0.22139345926377238,0.11879603265582635,400360
case_76,76,weight_loss_rate,sigma_max_principal,-0.40850192014396075,-0.11710698292877154,0.40850192014396075,0.11710698292877154,400360
case_76,76,rho,sigma_max_principal,0.20857736992163248,0.040124296290917336,0.20857736992163248,0.040124296290917336,400360
case_76,76,rho_normalized,sigma_max_principal,0.20857736992163434,0.040124296290917336,0.20857736992163434,0.040124296290917336,400360
case_76,76,distance_to_inner_proxy,sigma_max_principal,0.20857736992163248,0.040124296290917336,0.20857736992163248,0.040124296290917336,400360
case_76,76,distance_to_outer_proxy,sigma_max_principal,-0.20857736992163248,-0.040124296290917336,0.20857736992163248,0.040124296290917336,400360
case_76,76,temperature,sigma_max_principal,-0.13237168978359717,0.0379719992667006,0.13237168978359717,0.0379719992667006,400360
case_76,76,theta,sigma_max_principal,0.053567429804685325,0.03156842969949575,0.053567429804685325,0.03156842969949575,400360
case_76,76,theta_sin,sigma_max_principal,0.05378775607174502,0.03156842969949575,0.05378775607174502,0.03156842969949575,400360
case_76,76,theta_cos,sigma_max_principal,-0.04835104147746332,-0.03156842969949575,0.04835104147746332,0.03156842969949575,400360
case_77,77,param_field_magnitude_scaled,sigma_max_principal,-0.5483551008483264,-0.40316019099537476,0.5483551008483264,0.40316019099537476,400360
case_77,77,z,sigma_max_principal,0.15627584401543096,0.20640864670561393,0.15627584401543096,0.20640864670561393,400360
case_77,77,fluence_rate,sigma_max_principal,-0.17562121798985197,0.16042745337602857,0.17562121798985197,0.16042745337602857,400360
case_77,77,weight_loss_rate,sigma_max_principal,-0.37365781335866327,-0.03634220489920511,0.37365781335866327,0.03634220489920511,400360
case_77,77,theta,sigma_max_principal,0.05829111254949155,0.030069721729321888,0.05829111254949155,0.030069721729321888,400360
case_77,77,theta_sin,sigma_max_principal,0.058109854456563186,0.030069721729321888,0.058109854456563186,0.030069721729321888,400360
case_77,77,theta_cos,sigma_max_principal,-0.05556709856604749,-0.030069721729321888,0.05556709856604749,0.030069721729321888,400360
case_77,77,temperature,sigma_max_principal,-0.1663669684609429,0.0255059145777276,0.1663669684609429,0.0255059145777276,400360
case_77,77,rho,sigma_max_principal,0.1606741021023113,-0.020242536931993387,0.1606741021023113,0.020242536931993387,400360
case_77,77,rho_normalized,sigma_max_principal,0.16067410210231103,-0.020242536931993387,0.16067410210231103,0.020242536931993387,400360
case_77,77,distance_to_inner_proxy,sigma_max_principal,0.1606741021023113,-0.020242536931993387,0.1606741021023113,0.020242536931993387,400360
case_77,77,distance_to_outer_proxy,sigma_max_principal,-0.1606741021023113,0.020242536931993387,0.1606741021023113,0.020242536931993387,400360
case_78,78,param_field_magnitude_scaled,sigma_max_principal,-0.4410565362540054,-0.40089096465420443,0.4410565362540054,0.40089096465420443,400360
case_78,78,z,sigma_max_principal,0.20758067051222662,0.26614685141895494,0.20758067051222662,0.26614685141895494,400360
case_78,78,fluence_rate,sigma_max_principal,-0.23080918023469602,0.09647141307015128,0.23080918023469602,0.09647141307015128,400360
case_78,78,weight_loss_rate,sigma_max_principal,-0.4015298658008512,-0.06548515417536725,0.4015298658008512,0.06548515417536725,400360
case_78,78,rho,sigma_max_principal,0.22290124184306206,0.05980525004706999,0.22290124184306206,0.05980525004706999,400360
case_78,78,rho_normalized,sigma_max_principal,0.22290124184306184,0.05980525004706999,0.22290124184306184,0.05980525004706999,400360
case_78,78,distance_to_inner_proxy,sigma_max_principal,0.2229012418430621,0.05980525004706999,0.2229012418430621,0.05980525004706999,400360
case_78,78,distance_to_outer_proxy,sigma_max_principal,-0.2229012418430621,-0.05980525004706999,0.2229012418430621,0.05980525004706999,400360
case_78,78,theta,sigma_max_principal,0.0593407947347074,0.04026121137289279,0.0593407947347074,0.04026121137289279,400360
case_78,78,theta_sin,sigma_max_principal,0.05985455715328737,0.04026121137289279,0.05985455715328737,0.04026121137289279,400360
case_78,78,theta_cos,sigma_max_principal,-0.052031964489589626,-0.04026121137289279,0.052031964489589626,0.04026121137289279,400360
case_78,78,temperature,sigma_max_principal,-0.07925429059302869,0.005373479579487701,0.07925429059302869,0.005373479579487701,400360
case_79,79,param_field_magnitude_scaled,sigma_max_principal,-0.5480413747549753,-0.42129290353579496,0.5480413747549753,0.42129290353579496,400360
case_79,79,z,sigma_max_principal,0.16344319383704872,0.21217703632257137,0.16344319383704872,0.21217703632257137,400360
case_79,79,fluence_rate,sigma_max_principal,-0.22045939578072837,0.13278544377672982,0.22045939578072837,0.13278544377672982,400360
case_79,79,theta,sigma_max_principal,0.06388661971668032,0.04481952598158606,0.06388661971668032,0.04481952598158606,400360
case_79,79,theta_sin,sigma_max_principal,0.06421553142859611,0.04481952598158606,0.06421553142859611,0.04481952598158606,400360
case_79,79,theta_cos,sigma_max_principal,-0.05780337909212855,-0.04481952598158606,0.05780337909212855,0.04481952598158606,400360
case_79,79,weight_loss_rate,sigma_max_principal,-0.2996072294046245,-0.04416190357922585,0.2996072294046245,0.04416190357922585,400360
case_79,79,temperature,sigma_max_principal,-0.18885819711359256,-0.04165861411327318,0.18885819711359256,0.04165861411327318,400360
case_79,79,rho,sigma_max_principal,0.18269324069265713,0.011033818871398909,0.18269324069265713,0.011033818871398909,400360
case_79,79,rho_normalized,sigma_max_principal,0.18269324069265666,0.011033818871398909,0.18269324069265666,0.011033818871398909,400360
case_79,79,distance_to_inner_proxy,sigma_max_principal,0.182693240692657,0.011033818871398909,0.182693240692657,0.011033818871398909,400360
case_79,79,distance_to_outer_proxy,sigma_max_principal,-0.18269324069265724,-0.011033818871398909,0.18269324069265724,0.011033818871398909,400360
case_80,80,param_field_magnitude_scaled,sigma_max_principal,-0.4647396965048136,-0.40879871807387297,0.4647396965048136,0.40879871807387297,400360
case_80,80,z,sigma_max_principal,0.1896031152208199,0.23783198004098283,0.1896031152208199,0.23783198004098283,400360
case_80,80,rho,sigma_max_principal,0.278008890177371,0.13620541709949055,0.278008890177371,0.13620541709949055,400360
case_80,80,rho_normalized,sigma_max_principal,0.2780088901773703,0.13620541709949055,0.2780088901773703,0.13620541709949055,400360
case_80,80,distance_to_inner_proxy,sigma_max_principal,0.2780088901773709,0.13620541709949055,0.2780088901773709,0.13620541709949055,400360
case_80,80,distance_to_outer_proxy,sigma_max_principal,-0.2780088901773708,-0.13620541709949055,0.2780088901773708,0.13620541709949055,400360
case_80,80,theta,sigma_max_principal,0.0606336369209633,0.047193719903495114,0.0606336369209633,0.047193719903495114,400360
case_80,80,theta_sin,sigma_max_principal,0.06128493081883784,0.047193719903495114,0.06128493081883784,0.047193719903495114,400360
case_80,80,theta_cos,sigma_max_principal,-0.05270930604575133,-0.047193719903495114,0.05270930604575133,0.047193719903495114,400360
case_80,80,fluence_rate,sigma_max_principal,-0.2699966670615656,0.046625547208476815,0.2699966670615656,0.046625547208476815,400360
case_80,80,weight_loss_rate,sigma_max_principal,-0.24538473226741758,-0.028451888930644268,0.24538473226741758,0.028451888930644268,400360
case_80,80,temperature,sigma_max_principal,-0.06033744434648497,-0.014075643199652307,0.06033744434648497,0.014075643199652307,400360
case_81,81,param_field_magnitude_scaled,sigma_max_principal,-0.38823846781470295,-0.31055918215461104,0.38823846781470295,0.31055918215461104,400360
case_81,81,z,sigma_max_principal,0.17181573794367364,0.22911008261327767,0.17181573794367364,0.22911008261327767,400360
case_81,81,temperature,sigma_max_principal,-0.23748275206325156,-0.16743985829809768,0.23748275206325156,0.16743985829809768,400360
case_81,81,rho,sigma_max_principal,0.24108100506150054,0.09663161836632689,0.24108100506150054,0.09663161836632689,400360
case_81,81,rho_normalized,sigma_max_principal,0.24108100506150107,0.09663161836632689,0.24108100506150107,0.09663161836632689,400360
case_81,81,distance_to_inner_proxy,sigma_max_principal,0.24108100506150054,0.09663161836632689,0.24108100506150054,0.09663161836632689,400360
case_81,81,distance_to_outer_proxy,sigma_max_principal,-0.24108100506150043,-0.09663161836632689,0.24108100506150043,0.09663161836632689,400360
case_81,81,weight_loss_rate,sigma_max_principal,-0.3920777385100432,-0.08794508310847807,0.3920777385100432,0.08794508310847807,400360
case_81,81,fluence_rate,sigma_max_principal,-0.23452011523255697,0.0843215932494577,0.23452011523255697,0.0843215932494577,400360
case_81,81,theta,sigma_max_principal,0.054716709884152885,0.0326846071700205,0.054716709884152885,0.0326846071700205,400360
case_81,81,theta_sin,sigma_max_principal,0.05430844311809046,0.0326846071700205,0.05430844311809046,0.0326846071700205,400360
case_81,81,theta_cos,sigma_max_principal,-0.053931311057844,-0.0326846071700205,0.053931311057844,0.0326846071700205,400360
case_82,82,param_field_magnitude_scaled,sigma_max_principal,-0.5284687894715439,-0.389185795284877,0.5284687894715439,0.389185795284877,400360
case_82,82,z,sigma_max_principal,0.17306894745783447,0.23194597054493066,0.17306894745783447,0.23194597054493066,400360
case_82,82,fluence_rate,sigma_max_principal,-0.19398462157141433,0.15158807712219122,0.19398462157141433,0.15158807712219122,400360
case_82,82,theta,sigma_max_principal,0.06170746360320281,0.03456419299092226,0.06170746360320281,0.03456419299092226,400360
case_82,82,theta_sin,sigma_max_principal,0.061500780344088304,0.03456419299092226,0.061500780344088304,0.03456419299092226,400360
case_82,82,theta_cos,sigma_max_principal,-0.058967549098792676,-0.03456419299092226,0.058967549098792676,0.03456419299092226,400360
case_82,82,rho,sigma_max_principal,0.16326440023076808,-0.013179677099087107,0.16326440023076808,0.013179677099087107,400360
case_82,82,rho_normalized,sigma_max_principal,0.16326440023076888,-0.013179677099087107,0.16326440023076888,0.013179677099087107,400360
case_82,82,distance_to_inner_proxy,sigma_max_principal,0.16326440023076802,-0.013179677099087107,0.16326440023076802,0.013179677099087107,400360
case_82,82,distance_to_outer_proxy,sigma_max_principal,-0.16326440023076821,0.013179677099087107,0.16326440023076821,0.013179677099087107,400360
case_82,82,temperature,sigma_max_principal,-0.18149988639499678,-0.003947374680291758,0.18149988639499678,0.003947374680291758,400360
case_82,82,weight_loss_rate,sigma_max_principal,-0.34968788553752667,0.0012221896325343667,0.34968788553752667,0.0012221896325343667,400360
case_83,83,param_field_magnitude_scaled,sigma_max_principal,-0.5195464207583276,-0.3634121722818823,0.5195464207583276,0.3634121722818823,400360
case_83,83,z,sigma_max_principal,0.16934787284287312,0.22186448285617483,0.16934787284287312,0.22186448285617483,400360
case_83,83,fluence_rate,sigma_max_principal,-0.1942861169063861,0.14268713520764165,0.1942861169063861,0.14268713520764165,400360
case_83,83,weight_loss_rate,sigma_max_principal,-0.3958179959503934,-0.1252427516073021,0.3958179959503934,0.1252427516073021,400360
case_83,83,theta,sigma_max_principal,0.06248621353359472,0.040018479716002524,0.06248621353359472,0.040018479716002524,400360
case_83,83,theta_sin,sigma_max_principal,0.06234175076844054,0.040018479716002524,0.06234175076844054,0.040018479716002524,400360
case_83,83,theta_cos,sigma_max_principal,-0.059499647055823675,-0.040018479716002524,0.059499647055823675,0.040018479716002524,400360
case_83,83,rho,sigma_max_principal,0.1585831659581012,-0.023827374019984283,0.1585831659581012,0.023827374019984283,400360
case_83,83,rho_normalized,sigma_max_principal,0.15858316595810257,-0.023827374019984283,0.15858316595810257,0.023827374019984283,400360
case_83,83,distance_to_inner_proxy,sigma_max_principal,0.15858316595810135,-0.023827374019984283,0.15858316595810135,0.023827374019984283,400360
case_83,83,distance_to_outer_proxy,sigma_max_principal,-0.15858316595810132,0.023827374019984283,0.15858316595810132,0.023827374019984283,400360
case_83,83,temperature,sigma_max_principal,-0.17569811502342889,-0.008680042184711955,0.17569811502342889,0.008680042184711955,400360
case_84,84,param_field_magnitude_scaled,sigma_max_principal,-0.5509467318957053,-0.41626463081357895,0.5509467318957053,0.41626463081357895,400360
case_84,84,z,sigma_max_principal,0.15294836783575588,0.19865427306646402,0.15294836783575588,0.19865427306646402,400360
case_84,84,fluence_rate,sigma_max_principal,-0.21208725286385055,0.1478145446043145,0.21208725286385055,0.1478145446043145,400360
case_84,84,weight_loss_rate,sigma_max_principal,-0.3605796386353274,-0.041719133350054526,0.3605796386353274,0.041719133350054526,400360
case_84,84,theta,sigma_max_principal,0.06203850812635535,0.0380937246820548,0.06203850812635535,0.0380937246820548,400360
case_84,84,theta_sin,sigma_max_principal,0.06240204704532234,0.0380937246820548,0.06240204704532234,0.0380937246820548,400360
case_84,84,theta_cos,sigma_max_principal,-0.05560967025791057,-0.0380937246820548,0.05560967025791057,0.0380937246820548,400360
case_84,84,temperature,sigma_max_principal,-0.17861102339267182,-0.029392151818002508,0.17861102339267182,0.029392151818002508,400360
case_84,84,rho,sigma_max_principal,0.18265889395858145,0.012709852091478553,0.18265889395858145,0.012709852091478553,400360
case_84,84,rho_normalized,sigma_max_principal,0.18265889395858237,0.012709852091478553,0.18265889395858237,0.012709852091478553,400360
case_84,84,distance_to_inner_proxy,sigma_max_principal,0.18265889395858179,0.012709852091478553,0.18265889395858179,0.012709852091478553,400360
case_84,84,distance_to_outer_proxy,sigma_max_principal,-0.18265889395858173,-0.012709852091478553,0.18265889395858173,0.012709852091478553,400360
case_85,85,param_field_magnitude_scaled,sigma_max_principal,-0.5638349462065365,-0.43236151470906364,0.5638349462065365,0.43236151470906364,400360
case_85,85,z,sigma_max_principal,0.1658595643072965,0.2159051699388005,0.1658595643072965,0.2159051699388005,400360
case_85,85,fluence_rate,sigma_max_principal,-0.21221103620485246,0.17107505628718778,0.21221103620485246,0.17107505628718778,400360
case_85,85,theta,sigma_max_principal,0.06789273978354612,0.05068765046050909,0.06789273978354612,0.05068765046050909,400360
case_85,85,theta_sin,sigma_max_principal,0.06843777865974403,0.05068765046050909,0.06843777865974403,0.05068765046050909,400360
case_85,85,theta_cos,sigma_max_principal,-0.060274669100450734,-0.05068765046050909,0.060274669100450734,0.05068765046050909,400360
case_85,85,weight_loss_rate,sigma_max_principal,-0.27047447113448014,-0.014323221217547295,0.27047447113448014,0.014323221217547295,400360
case_85,85,rho,sigma_max_principal,0.16969245327718882,-0.009055082660301356,0.16969245327718882,0.009055082660301356,400360
case_85,85,rho_normalized,sigma_max_principal,0.1696924532771879,-0.009055082660301356,0.1696924532771879,0.009055082660301356,400360
case_85,85,distance_to_inner_proxy,sigma_max_principal,0.16969245327718924,-0.009055082660301356,0.16969245327718924,0.009055082660301356,400360
case_85,85,distance_to_outer_proxy,sigma_max_principal,-0.16969245327718907,0.009055082660301356,0.16969245327718907,0.009055082660301356,400360
case_85,85,temperature,sigma_max_principal,-0.17619367874568884,-0.00483869277068419,0.17619367874568884,0.00483869277068419,400360
case_86,86,param_field_magnitude_scaled,sigma_max_principal,-0.5297874257608143,-0.3871606776405095,0.5297874257608143,0.3871606776405095,400360
case_86,86,z,sigma_max_principal,0.1641984214857502,0.2226095899497803,0.1641984214857502,0.2226095899497803,400360
case_86,86,fluence_rate,sigma_max_principal,-0.1797238282354753,0.19081663857365688,0.1797238282354753,0.19081663857365688,400360
case_86,86,theta,sigma_max_principal,0.07115411365942227,0.04611406275415728,0.07115411365942227,0.04611406275415728,400360
case_86,86,theta_sin,sigma_max_principal,0.0709589588498463,0.04611406275415728,0.0709589588498463,0.04611406275415728,400360
case_86,86,theta_cos,sigma_max_principal,-0.06809010732903045,-0.04611406275415728,0.06809010732903045,0.04611406275415728,400360
case_86,86,weight_loss_rate,sigma_max_principal,-0.33436064189668346,0.0442601465637352,0.33436064189668346,0.0442601465637352,400360
case_86,86,rho,sigma_max_principal,0.1500467929579279,-0.021539841142293226,0.1500467929579279,0.021539841142293226,400360
case_86,86,rho_normalized,sigma_max_principal,0.1500467929579278,-0.021539841142293226,0.1500467929579278,0.021539841142293226,400360
case_86,86,distance_to_inner_proxy,sigma_max_principal,0.15004679295792786,-0.021539841142293226,0.15004679295792786,0.021539841142293226,400360
case_86,86,distance_to_outer_proxy,sigma_max_principal,-0.15004679295792786,0.021539841142293226,0.15004679295792786,0.021539841142293226,400360
case_86,86,temperature,sigma_max_principal,-0.16124955914180966,-0.008046510206357237,0.16124955914180966,0.008046510206357237,400360
case_87,87,weight_loss_rate,sigma_max_principal,-0.381266538791591,-0.28887996259829213,0.381266538791591,0.28887996259829213,400360
case_87,87,temperature,sigma_max_principal,-0.2953897233156056,-0.2637090678122175,0.2953897233156056,0.2637090678122175,400360
case_87,87,fluence_rate,sigma_max_principal,-0.40754734656910246,-0.20171754926927676,0.40754734656910246,0.20171754926927676,400360
case_87,87,rho,sigma_max_principal,0.34456074169515716,0.19935256040302773,0.34456074169515716,0.19935256040302773,400360
case_87,87,rho_normalized,sigma_max_principal,0.3445607416951577,0.19935256040302773,0.3445607416951577,0.19935256040302773,400360
case_87,87,distance_to_inner_proxy,sigma_max_principal,0.3445607416951568,0.19935256040302773,0.3445607416951568,0.19935256040302773,400360
case_87,87,distance_to_outer_proxy,sigma_max_principal,-0.3445607416951568,-0.19935256040302773,0.3445607416951568,0.19935256040302773,400360
case_87,87,param_field_magnitude_scaled,sigma_max_principal,-0.13041607410946016,-0.13930942229057566,0.13041607410946016,0.13930942229057566,400360
case_87,87,z,sigma_max_principal,0.09587744848519887,0.08966840799716501,0.09587744848519887,0.08966840799716501,400360
case_87,87,theta,sigma_max_principal,0.021576545182436357,0.038960961727460726,0.021576545182436357,0.038960961727460726,400360
case_87,87,theta_sin,sigma_max_principal,0.020433644277808933,0.038960961727460726,0.020433644277808933,0.038960961727460726,400360
case_87,87,theta_cos,sigma_max_principal,-0.027940690772777634,-0.038960961727460726,0.027940690772777634,0.038960961727460726,400360
case_88,88,param_field_magnitude_scaled,sigma_max_principal,-0.5403190954604339,-0.40195462362392315,0.5403190954604339,0.40195462362392315,400360
case_88,88,z,sigma_max_principal,0.1641843321500496,0.20996625910898215,0.1641843321500496,0.20996625910898215,400360
case_88,88,fluence_rate,sigma_max_principal,-0.2355958071056264,0.1014899839669311,0.2355958071056264,0.1014899839669311,400360
case_88,88,temperature,sigma_max_principal,-0.2365725016712421,-0.08755458059812118,0.2365725016712421,0.08755458059812118,400360
case_88,88,weight_loss_rate,sigma_max_principal,-0.3549031249126341,-0.0822705191878468,0.3549031249126341,0.0822705191878468,400360
case_88,88,theta,sigma_max_principal,0.06477043320202742,0.04761710323333702,0.06477043320202742,0.04761710323333702,400360
case_88,88,theta_sin,sigma_max_principal,0.06523760001433052,0.04761710323333702,0.06523760001433052,0.04761710323333702,400360
case_88,88,theta_cos,sigma_max_principal,-0.057782784547666964,-0.04761710323333702,0.057782784547666964,0.04761710323333702,400360
case_88,88,rho,sigma_max_principal,0.2012231336768441,0.032886560793383604,0.2012231336768441,0.032886560793383604,400360
case_88,88,rho_normalized,sigma_max_principal,0.20122313367684327,0.032886560793383604,0.20122313367684327,0.032886560793383604,400360
case_88,88,distance_to_inner_proxy,sigma_max_principal,0.20122313367684413,0.032886560793383604,0.20122313367684413,0.032886560793383604,400360
case_88,88,distance_to_outer_proxy,sigma_max_principal,-0.20122313367684413,-0.032886560793383604,0.20122313367684413,0.032886560793383604,400360
case_89,89,param_field_magnitude_scaled,sigma_max_principal,-0.4904591798323778,-0.31619947306798785,0.4904591798323778,0.31619947306798785,400360
case_89,89,z,sigma_max_principal,0.14277971442397883,0.18856459647937374,0.14277971442397883,0.18856459647937374,400360
case_89,89,temperature,sigma_max_principal,-0.21651950526826588,-0.05997669820065642,0.21651950526826588,0.05997669820065642,400360
case_89,89,fluence_rate,sigma_max_principal,-0.23103924839355108,0.05676622611113592,0.23103924839355108,0.05676622611113592,400360
case_89,89,rho,sigma_max_principal,0.20964825897960165,0.04898152180637906,0.20964825897960165,0.04898152180637906,400360
case_89,89,rho_normalized,sigma_max_principal,0.20964825897960074,0.04898152180637906,0.20964825897960074,0.04898152180637906,400360
case_89,89,distance_to_inner_proxy,sigma_max_principal,0.2096482589796016,0.04898152180637906,0.2096482589796016,0.04898152180637906,400360
case_89,89,distance_to_outer_proxy,sigma_max_principal,-0.20964825897960157,-0.04898152180637906,0.20964825897960157,0.04898152180637906,400360
case_89,89,weight_loss_rate,sigma_max_principal,-0.3699361528899176,-0.04769203642130827,0.3699361528899176,0.04769203642130827,400360
case_89,89,theta,sigma_max_principal,0.055614276818866465,0.03373920665713755,0.055614276818866465,0.03373920665713755,400360
case_89,89,theta_sin,sigma_max_principal,0.05483886985466668,0.03373920665713755,0.05483886985466668,0.03373920665713755,400360
case_89,89,theta_cos,sigma_max_principal,-0.05724408275018151,-0.03373920665713755,0.05724408275018151,0.03373920665713755,400360
case_90,90,param_field_magnitude_scaled,sigma_max_principal,-0.5070426133608441,-0.3549665161749775,0.5070426133608441,0.3549665161749775,400360
case_90,90,z,sigma_max_principal,0.1663122735738377,0.22441356814210625,0.1663122735738377,0.22441356814210625,400360
case_90,90,fluence_rate,sigma_max_principal,-0.18924204524812943,0.1736864646255356,0.18924204524812943,0.1736864646255356,400360
case_90,90,weight_loss_rate,sigma_max_principal,-0.3238577050176734,-0.10354715490706302,0.3238577050176734,0.10354715490706302,400360
case_90,90,theta,sigma_max_principal,0.052795820228632634,0.02269771801956236,0.052795820228632634,0.02269771801956236,400360
case_90,90,theta_sin,sigma_max_principal,0.05229319003969663,0.02269771801956236,0.05229319003969663,0.02269771801956236,400360
case_90,90,theta_cos,sigma_max_principal,-0.05221491433677057,-0.02269771801956236,0.05221491433677057,0.02269771801956236,400360
case_90,90,temperature,sigma_max_principal,-0.17236248563952994,0.008630505003830776,0.17236248563952994,0.008630505003830776,400360
case_90,90,rho,sigma_max_principal,0.17460225980891225,-0.0007773743003667494,0.17460225980891225,0.0007773743003667494,400360
case_90,90,rho_normalized,sigma_max_principal,0.17460225980891242,-0.0007773743003667494,0.17460225980891242,0.0007773743003667494,400360
case_90,90,distance_to_inner_proxy,sigma_max_principal,0.17460225980891222,-0.0007773743003667494,0.17460225980891222,0.0007773743003667494,400360
case_90,90,distance_to_outer_proxy,sigma_max_principal,-0.17460225980891225,0.0007773743003667494,0.17460225980891225,0.0007773743003667494,400360
case_91,91,param_field_magnitude_scaled,sigma_max_principal,-0.3901750869580769,-0.3437565852605874,0.3901750869580769,0.3437565852605874,400360
case_91,91,z,sigma_max_principal,0.1641175192692991,0.21253879673166906,0.1641175192692991,0.21253879673166906,400360
case_91,91,temperature,sigma_max_principal,-0.21178638999577346,-0.17246452659795317,0.21178638999577346,0.17246452659795317,400360
case_91,91,weight_loss_rate,sigma_max_principal,-0.40875968386656975,-0.11490927230760434,0.40875968386656975,0.11490927230760434,400360
case_91,91,rho,sigma_max_principal,0.24711657271610546,0.09190746865890607,0.24711657271610546,0.09190746865890607,400360
case_91,91,rho_normalized,sigma_max_principal,0.2471165727161056,0.09190746865890607,0.2471165727161056,0.09190746865890607,400360
case_91,91,distance_to_inner_proxy,sigma_max_principal,0.24711657271610546,0.09190746865890607,0.24711657271610546,0.09190746865890607,400360
case_91,91,distance_to_outer_proxy,sigma_max_principal,-0.24711657271610524,-0.09190746865890607,0.24711657271610524,0.09190746865890607,400360
case_91,91,fluence_rate,sigma_max_principal,-0.2545862856461241,0.0467528142604901,0.2545862856461241,0.0467528142604901,400360
case_91,91,theta,sigma_max_principal,0.04969571231637009,0.0276688464830759,0.04969571231637009,0.0276688464830759,400360
case_91,91,theta_sin,sigma_max_principal,0.04961070066012496,0.0276688464830759,0.04961070066012496,0.0276688464830759,400360
case_91,91,theta_cos,sigma_max_principal,-0.046875331727701454,-0.0276688464830759,0.046875331727701454,0.0276688464830759,400360
case_92,92,param_field_magnitude_scaled,sigma_max_principal,-0.4224572432697417,-0.4299629330761188,0.4224572432697417,0.4299629330761188,400360
case_92,92,z,sigma_max_principal,0.15995150265541455,0.2119107114453535,0.15995150265541455,0.2119107114453535,400360
case_92,92,temperature,sigma_max_principal,-0.10821468082293803,-0.16683671873737604,0.10821468082293803,0.16683671873737604,400360
case_92,92,fluence_rate,sigma_max_principal,-0.23773988603406257,0.1016476958589959,0.23773988603406257,0.1016476958589959,400360
case_92,92,rho,sigma_max_principal,0.2361353281208431,0.08165730839751167,0.2361353281208431,0.08165730839751167,400360
case_92,92,rho_normalized,sigma_max_principal,0.2361353281208438,0.08165730839751167,0.2361353281208438,0.08165730839751167,400360
case_92,92,distance_to_inner_proxy,sigma_max_principal,0.23613532812084304,0.08165730839751167,0.23613532812084304,0.08165730839751167,400360
case_92,92,distance_to_outer_proxy,sigma_max_principal,-0.2361353281208431,-0.08165730839751167,0.2361353281208431,0.08165730839751167,400360
case_92,92,weight_loss_rate,sigma_max_principal,-0.4047392164206985,-0.08081697341829183,0.4047392164206985,0.08081697341829183,400360
case_92,92,theta,sigma_max_principal,0.06436400113025358,0.04556186586060327,0.06436400113025358,0.04556186586060327,400360
case_92,92,theta_sin,sigma_max_principal,0.06454338892450798,0.04556186586060327,0.06454338892450798,0.04556186586060327,400360
case_92,92,theta_cos,sigma_max_principal,-0.05961743736679702,-0.04556186586060327,0.05961743736679702,0.04556186586060327,400360
case_93,93,param_field_magnitude_scaled,sigma_max_principal,-0.5572386980641447,-0.4293384710190973,0.5572386980641447,0.4293384710190973,400360
case_93,93,z,sigma_max_principal,0.1527548656061252,0.19603935385836582,0.1527548656061252,0.19603935385836582,400360
case_93,93,fluence_rate,sigma_max_principal,-0.22831051768318675,0.11997426281947991,0.22831051768318675,0.11997426281947991,400360
case_93,93,temperature,sigma_max_principal,-0.215092962267134,-0.06040800738541213,0.215092962267134,0.06040800738541213,400360
case_93,93,theta,sigma_max_principal,0.06400914815065449,0.04467880456783642,0.06400914815065449,0.04467880456783642,400360
case_93,93,theta_sin,sigma_max_principal,0.06438950364325943,0.04467880456783642,0.06438950364325943,0.04467880456783642,400360
case_93,93,theta_cos,sigma_max_principal,-0.0576409830697074,-0.04467880456783642,0.0576409830697074,0.04467880456783642,400360
case_93,93,rho,sigma_max_principal,0.19781248268929602,0.032389759072266405,0.19781248268929602,0.032389759072266405,400360
case_93,93,rho_normalized,sigma_max_principal,0.19781248268929627,0.032389759072266405,0.19781248268929627,0.032389759072266405,400360
case_93,93,distance_to_inner_proxy,sigma_max_principal,0.19781248268929585,0.032389759072266405,0.19781248268929585,0.032389759072266405,400360
case_93,93,distance_to_outer_proxy,sigma_max_principal,-0.1978124826892958,-0.032389759072266405,0.1978124826892958,0.032389759072266405,400360
case_93,93,weight_loss_rate,sigma_max_principal,-0.24463021067138585,-0.007651992360525841,0.24463021067138585,0.007651992360525841,400360
case_94,94,param_field_magnitude_scaled,sigma_max_principal,-0.48615329832973936,-0.39631052359580893,0.48615329832973936,0.39631052359580893,400360
case_94,94,z,sigma_max_principal,0.15990685639259133,0.21287308638934568,0.15990685639259133,0.21287308638934568,400360
case_94,94,fluence_rate,sigma_max_principal,-0.18570372598588744,0.17203867864054948,0.18570372598588744,0.17203867864054948,400360
case_94,94,theta,sigma_max_principal,0.06899503777759346,0.0444411847401923,0.06899503777759346,0.0444411847401923,400360
case_94,94,theta_sin,sigma_max_principal,0.06854694410774341,0.0444411847401923,0.06854694410774341,0.0444411847401923,400360
case_94,94,theta_cos,sigma_max_principal,-0.06775728573689704,-0.0444411847401923,0.06775728573689704,0.0444411847401923,400360
case_94,94,weight_loss_rate,sigma_max_principal,-0.23379681229082527,-0.039016173667083466,0.23379681229082527,0.039016173667083466,400360
case_94,94,rho,sigma_max_principal,0.15711781215281354,-0.019011267594909672,0.15711781215281354,0.019011267594909672,400360
case_94,94,rho_normalized,sigma_max_principal,0.15711781215281348,-0.019011267594909672,0.15711781215281348,0.019011267594909672,400360
case_94,94,distance_to_inner_proxy,sigma_max_principal,0.15711781215281354,-0.019011267594909672,0.15711781215281354,0.019011267594909672,400360
case_94,94,distance_to_outer_proxy,sigma_max_principal,-0.15711781215281345,0.019011267594909672,0.15711781215281345,0.019011267594909672,400360
case_94,94,temperature,sigma_max_principal,-0.16986060745971623,0.013299732049231069,0.16986060745971623,0.013299732049231069,400360
case_95,95,temperature,sigma_max_principal,-0.25889957429682875,-0.31093993259327646,0.25889957429682875,0.31093993259327646,400360
case_95,95,weight_loss_rate,sigma_max_principal,-0.3980414385788144,-0.2893129364748549,0.3980414385788144,0.2893129364748549,400360
case_95,95,fluence_rate,sigma_max_principal,-0.42486067154315177,-0.2122466687048678,0.42486067154315177,0.2122466687048678,400360
case_95,95,rho,sigma_max_principal,0.34502318214609506,0.19988573570947715,0.34502318214609506,0.19988573570947715,400360
case_95,95,rho_normalized,sigma_max_principal,0.3450231821460953,0.19988573570947715,0.3450231821460953,0.19988573570947715,400360
case_95,95,distance_to_inner_proxy,sigma_max_principal,0.34502318214609506,0.19988573570947715,0.34502318214609506,0.19988573570947715,400360
case_95,95,distance_to_outer_proxy,sigma_max_principal,-0.34502318214609506,-0.19988573570947715,0.34502318214609506,0.19988573570947715,400360
case_95,95,param_field_magnitude_scaled,sigma_max_principal,-0.06641369319195708,-0.12186017885050682,0.06641369319195708,0.12186017885050682,400360
case_95,95,z,sigma_max_principal,0.09823792118470577,0.08709182033760074,0.09823792118470577,0.08709182033760074,400360
case_95,95,theta,sigma_max_principal,0.01077472147777762,0.023604183774654647,0.01077472147777762,0.023604183774654647,400360
case_95,95,theta_sin,sigma_max_principal,0.009132711322197003,0.023604183774654647,0.009132711322197003,0.023604183774654647,400360
case_95,95,theta_cos,sigma_max_principal,-0.020480436708360604,-0.023604183774654647,0.020480436708360604,0.023604183774654647,400360
case_96,96,param_field_magnitude_scaled,sigma_max_principal,-0.493276733399591,-0.33194967980454254,0.493276733399591,0.33194967980454254,400360
case_96,96,z,sigma_max_principal,0.13233425878271535,0.17223971264511884,0.13233425878271535,0.17223971264511884,400360
case_96,96,weight_loss_rate,sigma_max_principal,-0.40662666882556375,-0.11486473469735778,0.40662666882556375,0.11486473469735778,400360
case_96,96,fluence_rate,sigma_max_principal,-0.2113514467684824,0.073214282349763,0.2113514467684824,0.073214282349763,400360
case_96,96,temperature,sigma_max_principal,-0.21307205757506387,-0.05300021100628882,0.21307205757506387,0.05300021100628882,400360
case_96,96,theta,sigma_max_principal,0.06724713854268267,0.04976339979542321,0.06724713854268267,0.04976339979542321,400360
case_96,96,theta_sin,sigma_max_principal,0.06687076540433794,0.04976339979542321,0.06687076540433794,0.04976339979542321,400360
case_96,96,theta_cos,sigma_max_principal,-0.06602061269742773,-0.04976339979542321,0.06602061269742773,0.04976339979542321,400360
case_96,96,rho,sigma_max_principal,0.19711055949083967,0.03343977256310767,0.19711055949083967,0.03343977256310767,400360
case_96,96,rho_normalized,sigma_max_principal,0.19711055949083997,0.03343977256310767,0.19711055949083997,0.03343977256310767,400360
case_96,96,distance_to_inner_proxy,sigma_max_principal,0.19711055949083936,0.03343977256310767,0.19711055949083936,0.03343977256310767,400360
case_96,96,distance_to_outer_proxy,sigma_max_principal,-0.19711055949083917,-0.03343977256310767,0.19711055949083917,0.03343977256310767,400360
case_97,97,param_field_magnitude_scaled,sigma_max_principal,-0.5782178831303415,-0.48077465759393245,0.5782178831303415,0.48077465759393245,400360
case_97,97,z,sigma_max_principal,0.17385413575158898,0.22694259296548172,0.17385413575158898,0.22694259296548172,400360
case_97,97,fluence_rate,sigma_max_principal,-0.2013498608339522,0.17502236290044543,0.2013498608339522,0.17502236290044543,400360
case_97,97,theta,sigma_max_principal,0.06224227455912736,0.039530555830906276,0.06224227455912736,0.039530555830906276,400360
case_97,97,theta_sin,sigma_max_principal,0.06273452787517537,0.039530555830906276,0.06273452787517537,0.039530555830906276,400360
case_97,97,theta_cos,sigma_max_principal,-0.05488338148170694,-0.039530555830906276,0.05488338148170694,0.039530555830906276,400360
case_97,97,weight_loss_rate,sigma_max_principal,-0.3066378697728216,-0.018481128941363497,0.3066378697728216,0.018481128941363497,400360
case_97,97,rho,sigma_max_principal,0.16519816489638925,-0.015103373646913625,0.16519816489638925,0.015103373646913625,400360
case_97,97,rho_normalized,sigma_max_principal,0.16519816489638994,-0.015103373646913625,0.16519816489638994,0.015103373646913625,400360
case_97,97,distance_to_inner_proxy,sigma_max_principal,0.16519816489638964,-0.015103373646913625,0.16519816489638964,0.015103373646913625,400360
case_97,97,distance_to_outer_proxy,sigma_max_principal,-0.16519816489638958,0.015103373646913625,0.16519816489638958,0.015103373646913625,400360
case_97,97,temperature,sigma_max_principal,-0.18203169192551613,-0.00011470098795558705,0.18203169192551613,0.00011470098795558705,400360
case_98,98,param_field_magnitude_scaled,sigma_max_principal,-0.44670699828020566,-0.39790172187757844,0.44670699828020566,0.39790172187757844,400360
case_98,98,z,sigma_max_principal,0.16436713845117834,0.2126796102915434,0.16436713845117834,0.2126796102915434,400360
case_98,98,temperature,sigma_max_principal,-0.24052554559458394,-0.17105847188321224,0.24052554559458394,0.17105847188321224,400360
case_98,98,rho,sigma_max_principal,0.2519616215720674,0.10611912611599258,0.2519616215720674,0.10611912611599258,400360
case_98,98,rho_normalized,sigma_max_principal,0.25196162157206653,0.10611912611599258,0.25196162157206653,0.10611912611599258,400360
case_98,98,distance_to_inner_proxy,sigma_max_principal,0.25196162157206753,0.10611912611599258,0.25196162157206753,0.10611912611599258,400360
case_98,98,distance_to_outer_proxy,sigma_max_principal,-0.25196162157206725,-0.10611912611599258,0.25196162157206725,0.10611912611599258,400360
case_98,98,weight_loss_rate,sigma_max_principal,-0.33935669494671583,-0.09575385715346214,0.33935669494671583,0.09575385715346214,400360
case_98,98,fluence_rate,sigma_max_principal,-0.25653530086718285,0.07738276029364473,0.25653530086718285,0.07738276029364473,400360
case_98,98,theta,sigma_max_principal,0.05449614728356617,0.03353415245683493,0.05449614728356617,0.03353415245683493,400360
case_98,98,theta_sin,sigma_max_principal,0.05503488694370232,0.03353415245683493,0.05503488694370232,0.03353415245683493,400360
case_98,98,theta_cos,sigma_max_principal,-0.04733896192885261,-0.03353415245683493,0.04733896192885261,0.03353415245683493,400360
case_99,99,param_field_magnitude_scaled,sigma_max_principal,-0.5459690405423037,-0.41959563357593155,0.5459690405423037,0.41959563357593155,400360
case_99,99,z,sigma_max_principal,0.1539069322036869,0.19836297510997578,0.1539069322036869,0.19836297510997578,400360
case_99,99,fluence_rate,sigma_max_principal,-0.17958236687861664,0.16055858603885853,0.17958236687861664,0.16055858603885853,400360
case_99,99,theta,sigma_max_principal,0.07432442619371511,0.06058022346859559,0.07432442619371511,0.06058022346859559,400360
case_99,99,theta_sin,sigma_max_principal,0.07477240591412052,0.06058022346859559,0.07477240591412052,0.06058022346859559,400360
case_99,99,theta_cos,sigma_max_principal,-0.0671428385458766,-0.06058022346859559,0.0671428385458766,0.06058022346859559,400360
case_99,99,weight_loss_rate,sigma_max_principal,-0.3168799907789599,-0.038116022855191896,0.3168799907789599,0.038116022855191896,400360
case_99,99,rho,sigma_max_principal,0.15267337841372028,-0.026854296587981306,0.15267337841372028,0.026854296587981306,400360
case_99,99,rho_normalized,sigma_max_principal,0.15267337841371928,-0.026854296587981306,0.15267337841371928,0.026854296587981306,400360
case_99,99,distance_to_inner_proxy,sigma_max_principal,0.15267337841372033,-0.026854296587981306,0.15267337841372033,0.026854296587981306,400360
case_99,99,distance_to_outer_proxy,sigma_max_principal,-0.15267337841372033,0.026854296587981306,0.15267337841372033,0.026854296587981306,400360
case_99,99,temperature,sigma_max_principal,-0.16614479113663883,-0.00524401252427293,0.16614479113663883,0.00524401252427293,400360
case_100,100,param_field_magnitude_scaled,sigma_max_principal,-0.5473945497529321,-0.41495592485660815,0.5473945497529321,0.41495592485660815,400360
case_100,100,z,sigma_max_principal,0.17333251771615085,0.22987770969220836,0.17333251771615085,0.22987770969220836,400360
case_100,100,fluence_rate,sigma_max_principal,-0.18859013359134635,0.1862673602360031,0.18859013359134635,0.1862673602360031,400360
case_100,100,theta,sigma_max_principal,0.062016712825965783,0.03422628354417882,0.062016712825965783,0.03422628354417882,400360
case_100,100,theta_sin,sigma_max_principal,0.06203568215924545,0.03422628354417882,0.06203568215924545,0.03422628354417882,400360
case_100,100,theta_cos,sigma_max_principal,-0.05776776720537169,-0.03422628354417882,0.05776776720537169,0.03422628354417882,400360
case_100,100,rho,sigma_max_principal,0.1509415172968937,-0.03287706878008921,0.1509415172968937,0.03287706878008921,400360
case_100,100,rho_normalized,sigma_max_principal,0.15094151729689484,-0.03287706878008921,0.15094151729689484,0.03287706878008921,400360
case_100,100,distance_to_inner_proxy,sigma_max_principal,0.15094151729689367,-0.03287706878008921,0.15094151729689367,0.03287706878008921,400360
case_100,100,distance_to_outer_proxy,sigma_max_principal,-0.1509415172968937,0.03287706878008921,0.1509415172968937,0.03287706878008921,400360
case_100,100,temperature,sigma_max_principal,-0.1614240062409768,0.013997033157643814,0.1614240062409768,0.013997033157643814,400360
case_100,100,weight_loss_rate,sigma_max_principal,-0.35277833025529953,0.0032112358446268106,0.35277833025529953,0.0032112358446268106,400360
case_101,101,param_field_magnitude_scaled,sigma_max_principal,-0.5314216858652988,-0.3798295018141437,0.5314216858652988,0.3798295018141437,400360
case_101,101,z,sigma_max_principal,0.16577539019209048,0.21450874958037477,0.16577539019209048,0.21450874958037477,400360
case_101,101,fluence_rate,sigma_max_principal,-0.20145764380676784,0.14821437367844342,0.20145764380676784,0.14821437367844342,400360
case_101,101,weight_loss_rate,sigma_max_principal,-0.40021949007995405,-0.1359995389228473,0.40021949007995405,0.1359995389228473,400360
case_101,101,theta,sigma_max_principal,0.06294981509830712,0.04139524801827392,0.06294981509830712,0.04139524801827392,400360
case_101,101,theta_sin,sigma_max_principal,0.06297161101406065,0.04139524801827392,0.06297161101406065,0.04139524801827392,400360
case_101,101,theta_cos,sigma_max_principal,-0.05892512081219354,-0.04139524801827392,0.05892512081219354,0.04139524801827392,400360
case_101,101,rho,sigma_max_principal,0.16354009648842752,-0.017677706392825402,0.16354009648842752,0.017677706392825402,400360
case_101,101,rho_normalized,sigma_max_principal,0.16354009648842868,-0.017677706392825402,0.16354009648842868,0.017677706392825402,400360
case_101,101,distance_to_inner_proxy,sigma_max_principal,0.16354009648842782,-0.017677706392825402,0.16354009648842782,0.017677706392825402,400360
case_101,101,distance_to_outer_proxy,sigma_max_principal,-0.16354009648842752,0.017677706392825402,0.16354009648842752,0.017677706392825402,400360
case_101,101,temperature,sigma_max_principal,-0.18840480923618458,-0.01641182272736794,0.18840480923618458,0.01641182272736794,400360
case_102,102,weight_loss_rate,sigma_max_principal,-0.6147787874198737,-0.362657563175596,0.6147787874198737,0.362657563175596,400360
case_102,102,fluence_rate,sigma_max_principal,-0.5389505716785555,-0.2703686754026489,0.5389505716785555,0.2703686754026489,400360
case_102,102,temperature,sigma_max_principal,-0.40544220078479404,-0.26780144058423333,0.40544220078479404,0.26780144058423333,400360
case_102,102,rho,sigma_max_principal,0.38111292638158056,0.2495251135187108,0.38111292638158056,0.2495251135187108,400360
case_102,102,rho_normalized,sigma_max_principal,0.3811129263815797,0.2495251135187108,0.3811129263815797,0.2495251135187108,400360
case_102,102,distance_to_inner_proxy,sigma_max_principal,0.38111292638158056,0.2495251135187108,0.38111292638158056,0.2495251135187108,400360
case_102,102,distance_to_outer_proxy,sigma_max_principal,-0.3811129263815805,-0.2495251135187108,0.3811129263815805,0.2495251135187108,400360
case_102,102,z,sigma_max_principal,0.07656778084064021,0.07471939808370455,0.07656778084064021,0.07471939808370455,400360
case_102,102,theta,sigma_max_principal,-0.0028959630219861296,0.03680363434313656,0.0028959630219861296,0.03680363434313656,400360
case_102,102,theta_sin,sigma_max_principal,-0.006307768555159726,0.03680363434313656,0.006307768555159726,0.03680363434313656,400360
case_102,102,theta_cos,sigma_max_principal,-0.019866907353744762,-0.03680363434313656,0.019866907353744762,0.03680363434313656,400360
case_102,102,param_field_magnitude_scaled,sigma_max_principal,0.2313792504919452,-0.026218174064764874,0.2313792504919452,0.026218174064764874,400360
case_103,103,temperature,sigma_max_principal,-0.4204265201611005,-0.3292683848834752,0.4204265201611005,0.3292683848834752,400360
case_103,103,fluence_rate,sigma_max_principal,-0.4729477540655395,-0.3130392242583654,0.4729477540655395,0.3130392242583654,400360
case_103,103,rho,sigma_max_principal,0.40674614084213034,0.30982723542414714,0.40674614084213034,0.30982723542414714,400360
case_103,103,rho_normalized,sigma_max_principal,0.4067461408421325,0.30982723542414714,0.4067461408421325,0.30982723542414714,400360
case_103,103,distance_to_inner_proxy,sigma_max_principal,0.40674614084213034,0.30982723542414714,0.40674614084213034,0.30982723542414714,400360
case_103,103,distance_to_outer_proxy,sigma_max_principal,-0.40674614084213034,-0.30982723542414714,0.40674614084213034,0.30982723542414714,400360
case_103,103,weight_loss_rate,sigma_max_principal,-0.345495982972658,-0.2875570863154277,0.345495982972658,0.2875570863154277,400360
case_103,103,param_field_magnitude_scaled,sigma_max_principal,-0.23236330222267232,-0.20253502610555926,0.23236330222267232,0.20253502610555926,400360
case_103,103,theta,sigma_max_principal,0.029576823852610512,0.04833395473392927,0.029576823852610512,0.04833395473392927,400360
case_103,103,theta_sin,sigma_max_principal,0.028062381966456412,0.04833395473392927,0.028062381966456412,0.04833395473392927,400360
case_103,103,theta_cos,sigma_max_principal,-0.03877127504194852,-0.04833395473392927,0.03877127504194852,0.04833395473392927,400360
case_103,103,z,sigma_max_principal,0.05619507005866572,0.0482694057092289,0.05619507005866572,0.0482694057092289,400360
case_104,104,param_field_magnitude_scaled,sigma_max_principal,-0.5750256279985484,-0.45685454185882024,0.5750256279985484,0.45685454185882024,400360
case_104,104,z,sigma_max_principal,0.1591216862172071,0.20424783652954626,0.1591216862172071,0.20424783652954626,400360
case_104,104,fluence_rate,sigma_max_principal,-0.2244833688258971,0.1272698282215842,0.2244833688258971,0.1272698282215842,400360
case_104,104,theta,sigma_max_principal,0.06268703903553358,0.04274989126885715,0.06268703903553358,0.04274989126885715,400360
case_104,104,theta_sin,sigma_max_principal,0.06302644236899062,0.04274989126885715,0.06302644236899062,0.04274989126885715,400360
case_104,104,theta_cos,sigma_max_principal,-0.05658136297481696,-0.04274989126885715,0.05658136297481696,0.04274989126885715,400360
case_104,104,temperature,sigma_max_principal,-0.20741505756173084,-0.037820599229982654,0.20741505756173084,0.037820599229982654,400360
case_104,104,rho,sigma_max_principal,0.1924887039259678,0.02408260408400922,0.1924887039259678,0.02408260408400922,400360
case_104,104,rho_normalized,sigma_max_principal,0.19248870392596562,0.02408260408400922,0.19248870392596562,0.02408260408400922,400360
case_104,104,distance_to_inner_proxy,sigma_max_principal,0.1924887039259677,0.02408260408400922,0.1924887039259677,0.02408260408400922,400360
case_104,104,distance_to_outer_proxy,sigma_max_principal,-0.19248870392596779,-0.02408260408400922,0.19248870392596779,0.02408260408400922,400360
case_104,104,weight_loss_rate,sigma_max_principal,-0.24571733682067506,-0.005179861085427449,0.24571733682067506,0.005179861085427449,400360
case_105,105,param_field_magnitude_scaled,sigma_max_principal,-0.5705322488170458,-0.48152359689511953,0.5705322488170458,0.48152359689511953,400360
case_105,105,z,sigma_max_principal,0.1863400401242872,0.24056588069563664,0.1863400401242872,0.24056588069563664,400360
case_105,105,fluence_rate,sigma_max_principal,-0.2270812189618503,0.1346309558390889,0.2270812189618503,0.1346309558390889,400360
case_105,105,rho,sigma_max_principal,0.20979248427253275,0.048124456888790225,0.20979248427253275,0.048124456888790225,400360
case_105,105,rho_normalized,sigma_max_principal,0.2097924842725331,0.048124456888790225,0.2097924842725331,0.048124456888790225,400360
case_105,105,distance_to_inner_proxy,sigma_max_principal,0.20979248427253264,0.048124456888790225,0.20979248427253264,0.048124456888790225,400360
case_105,105,distance_to_outer_proxy,sigma_max_principal,-0.20979248427253241,-0.048124456888790225,0.20979248427253241,0.048124456888790225,400360
case_105,105,theta,sigma_max_principal,0.06521743266109105,0.047972138856935596,0.06521743266109105,0.047972138856935596,400360
case_105,105,theta_sin,sigma_max_principal,0.06577619782632536,0.047972138856935596,0.06577619782632536,0.047972138856935596,400360
case_105,105,theta_cos,sigma_max_principal,-0.05740353438514571,-0.047972138856935596,0.05740353438514571,0.047972138856935596,400360
case_105,105,weight_loss_rate,sigma_max_principal,-0.2279870558895079,-0.030428829444944478,0.2279870558895079,0.030428829444944478,400360
case_105,105,temperature,sigma_max_principal,-0.23844395037318952,-0.017857345880239274,0.23844395037318952,0.017857345880239274,400360
case_106,106,param_field_magnitude_scaled,sigma_max_principal,-0.23469312292598682,-0.2957102942175608,0.23469312292598682,0.2957102942175608,400360
case_106,106,z,sigma_max_principal,0.1870606068861681,0.2406435728214106,0.1870606068861681,0.2406435728214106,400360
case_106,106,rho,sigma_max_principal,0.2889736209569523,0.1207175967645533,0.2889736209569523,0.1207175967645533,400360
case_106,106,rho_normalized,sigma_max_principal,0.2889736209569517,0.1207175967645533,0.2889736209569517,0.1207175967645533,400360
case_106,106,distance_to_inner_proxy,sigma_max_principal,0.28897362095695206,0.1207175967645533,0.28897362095695206,0.1207175967645533,400360
case_106,106,distance_to_outer_proxy,sigma_max_principal,-0.28897362095695217,-0.1207175967645533,0.28897362095695217,0.1207175967645533,400360
case_106,106,weight_loss_rate,sigma_max_principal,-0.25196061957023985,-0.11164075200559564,0.25196061957023985,0.11164075200559564,400360
case_106,106,fluence_rate,sigma_max_principal,-0.27260978945081527,0.04454105017354495,0.27260978945081527,0.04454105017354495,400360
case_106,106,temperature,sigma_max_principal,-0.02412009269620909,0.035164147747056965,0.02412009269620909,0.035164147747056965,400360
case_106,106,theta,sigma_max_principal,0.03863469684646185,0.025181113637925186,0.03863469684646185,0.025181113637925186,400360
case_106,106,theta_sin,sigma_max_principal,0.03847262349865917,0.025181113637925186,0.03847262349865917,0.025181113637925186,400360
case_106,106,theta_cos,sigma_max_principal,-0.03628362044541703,-0.025181113637925186,0.03628362044541703,0.025181113637925186,400360
case_107,107,param_field_magnitude_scaled,sigma_max_principal,-0.5667023429449654,-0.4412870019388328,0.5667023429449654,0.4412870019388328,400360
case_107,107,z,sigma_max_principal,0.1331331851828319,0.16944487982834477,0.1331331851828319,0.16944487982834477,400360
case_107,107,weight_loss_rate,sigma_max_principal,-0.35325442034487453,-0.12780728101141928,0.35325442034487453,0.12780728101141928,400360
case_107,107,temperature,sigma_max_principal,-0.18427147084703302,-0.07920435485746391,0.18427147084703302,0.07920435485746391,400360
case_107,107,rho,sigma_max_principal,0.22618268377786413,0.07104871780415503,0.22618268377786413,0.07104871780415503,400360
case_107,107,rho_normalized,sigma_max_principal,0.22618268377786366,0.07104871780415503,0.22618268377786366,0.07104871780415503,400360
case_107,107,distance_to_inner_proxy,sigma_max_principal,0.2261826837778643,0.07104871780415503,0.2261826837778643,0.07104871780415503,400360
case_107,107,distance_to_outer_proxy,sigma_max_principal,-0.2261826837778643,-0.07104871780415503,0.2261826837778643,0.07104871780415503,400360
case_107,107,fluence_rate,sigma_max_principal,-0.266353020812928,0.054635746508430234,0.266353020812928,0.054635746508430234,400360
case_107,107,theta,sigma_max_principal,0.05941520776296464,0.04173448707179502,0.05941520776296464,0.04173448707179502,400360
case_107,107,theta_sin,sigma_max_principal,0.060196047139283386,0.04173448707179502,0.060196047139283386,0.04173448707179502,400360
case_107,107,theta_cos,sigma_max_principal,-0.050602239478530486,-0.04173448707179502,0.050602239478530486,0.04173448707179502,400360
case_108,108,param_field_magnitude_scaled,sigma_max_principal,-0.49739673098878345,-0.34272544044977177,0.49739673098878345,0.34272544044977177,400360
case_108,108,z,sigma_max_principal,0.14524186522554747,0.19014997872543432,0.14524186522554747,0.19014997872543432,400360
case_108,108,weight_loss_rate,sigma_max_principal,-0.3993565561898115,-0.08384718488342541,0.3993565561898115,0.08384718488342541,400360
case_108,108,fluence_rate,sigma_max_principal,-0.22702558740041962,0.07473399380240621,0.22702558740041962,0.07473399380240621,400360
case_108,108,temperature,sigma_max_principal,-0.1764260198754626,-0.05791136368040425,0.1764260198754626,0.05791136368040425,400360
case_108,108,rho,sigma_max_principal,0.20505282124007787,0.04721956368579673,0.20505282124007787,0.04721956368579673,400360
case_108,108,rho_normalized,sigma_max_principal,0.20505282124007881,0.04721956368579673,0.20505282124007881,0.04721956368579673,400360
case_108,108,distance_to_inner_proxy,sigma_max_principal,0.20505282124007787,0.04721956368579673,0.20505282124007787,0.04721956368579673,400360
case_108,108,distance_to_outer_proxy,sigma_max_principal,-0.20505282124007793,-0.04721956368579673,0.20505282124007793,0.04721956368579673,400360
case_108,108,theta,sigma_max_principal,0.05871568806868022,0.03612724571992314,0.05871568806868022,0.03612724571992314,400360
case_108,108,theta_sin,sigma_max_principal,0.05863429760300026,0.03612724571992314,0.05863429760300026,0.03612724571992314,400360
case_108,108,theta_cos,sigma_max_principal,-0.055547754843005795,-0.03612724571992314,0.055547754843005795,0.03612724571992314,400360
case_109,109,param_field_magnitude_scaled,sigma_max_principal,-0.5084593141144839,-0.35824800485594904,0.5084593141144839,0.35824800485594904,400360
case_109,109,z,sigma_max_principal,0.17932012565469593,0.24511090368032584,0.17932012565469593,0.24511090368032584,400360
case_109,109,fluence_rate,sigma_max_principal,-0.18779802505228835,0.17747413118473862,0.18779802505228835,0.17747413118473862,400360
case_109,109,weight_loss_rate,sigma_max_principal,-0.3145539246262889,-0.09082613448999736,0.3145539246262889,0.09082613448999736,400360
case_109,109,temperature,sigma_max_principal,-0.16192259885816532,0.023374960470231222,0.16192259885816532,0.023374960470231222,400360
case_109,109,theta,sigma_max_principal,0.05478169409645572,0.023076305163852957,0.05478169409645572,0.023076305163852957,400360
case_109,109,theta_sin,sigma_max_principal,0.054161198494773154,0.023076305163852957,0.054161198494773154,0.023076305163852957,400360
case_109,109,theta_cos,sigma_max_principal,-0.0548907857854712,-0.023076305163852957,0.0548907857854712,0.023076305163852957,400360
case_109,109,rho,sigma_max_principal,0.16342025024381177,-0.014833349492836125,0.16342025024381177,0.014833349492836125,400360
case_109,109,rho_normalized,sigma_max_principal,0.16342025024381066,-0.014833349492836125,0.16342025024381066,0.014833349492836125,400360
case_109,109,distance_to_inner_proxy,sigma_max_principal,0.1634202502438115,-0.014833349492836125,0.1634202502438115,0.014833349492836125,400360
case_109,109,distance_to_outer_proxy,sigma_max_principal,-0.16342025024381152,0.014833349492836125,0.16342025024381152,0.014833349492836125,400360
case_110,110,param_field_magnitude_scaled,sigma_max_principal,-0.49731181772706745,-0.3620668388375513,0.49731181772706745,0.3620668388375513,400360
case_110,110,z,sigma_max_principal,0.19030173452934723,0.2538847331763058,0.19030173452934723,0.2538847331763058,400360
case_110,110,fluence_rate,sigma_max_principal,-0.1958323507566497,0.17030374640323273,0.1958323507566497,0.17030374640323273,400360
case_110,110,weight_loss_rate,sigma_max_principal,-0.34611762204562235,-0.09601565444660476,0.34611762204562235,0.09601565444660476,400360
case_110,110,temperature,sigma_max_principal,-0.1729224978632857,0.041739196943651614,0.1729224978632857,0.041739196943651614,400360
case_110,110,theta,sigma_max_principal,0.05359757963609055,0.023409649312436363,0.05359757963609055,0.023409649312436363,400360
case_110,110,theta_sin,sigma_max_principal,0.053170094272061076,0.023409649312436363,0.053170094272061076,0.023409649312436363,400360
case_110,110,theta_cos,sigma_max_principal,-0.05234163177519012,-0.023409649312436363,0.05234163177519012,0.023409649312436363,400360
case_110,110,rho,sigma_max_principal,0.183964962309313,0.012580366036715626,0.183964962309313,0.012580366036715626,400360
case_110,110,rho_normalized,sigma_max_principal,0.18396496230931106,0.012580366036715626,0.18396496230931106,0.012580366036715626,400360
case_110,110,distance_to_inner_proxy,sigma_max_principal,0.18396496230931283,0.012580366036715626,0.18396496230931283,0.012580366036715626,400360
case_110,110,distance_to_outer_proxy,sigma_max_principal,-0.1839649623093127,-0.012580366036715626,0.1839649623093127,0.012580366036715626,400360
case_111,111,weight_loss_rate,sigma_max_principal,-0.7477322055479286,-0.37629855538545165,0.7477322055479286,0.37629855538545165,400360
case_111,111,fluence_rate,sigma_max_principal,-0.7528528408277558,-0.36616777239963855,0.7528528408277558,0.36616777239963855,400360
case_111,111,rho,sigma_max_principal,0.35784708265399445,0.24510306275302013,0.35784708265399445,0.24510306275302013,400360
case_111,111,rho_normalized,sigma_max_principal,0.3578470826539948,0.24510306275302013,0.3578470826539948,0.24510306275302013,400360
case_111,111,distance_to_inner_proxy,sigma_max_principal,0.35784708265399445,0.24510306275302013,0.35784708265399445,0.24510306275302013,400360
case_111,111,distance_to_outer_proxy,sigma_max_principal,-0.3578470826539945,-0.24510306275302013,0.3578470826539945,0.24510306275302013,400360
case_111,111,temperature,sigma_max_principal,0.4157412897319011,0.13979878037975557,0.4157412897319011,0.13979878037975557,400360
case_111,111,theta,sigma_max_principal,-0.041530082572132164,0.042722881065348085,0.041530082572132164,0.042722881065348085,400360
case_111,111,theta_sin,sigma_max_principal,-0.04546579239012642,0.042722881065348085,0.04546579239012642,0.042722881065348085,400360
case_111,111,theta_cos,sigma_max_principal,0.013439570895029325,-0.042722881065348085,0.013439570895029325,0.042722881065348085,400360
case_111,111,param_field_magnitude_scaled,sigma_max_principal,0.5940304721173237,-0.022729553162402348,0.5940304721173237,0.022729553162402348,400360
case_111,111,z,sigma_max_principal,0.046468827380260966,0.01826707405529189,0.046468827380260966,0.01826707405529189,400360
case_112,112,param_field_magnitude_scaled,sigma_max_principal,-0.471663507152435,-0.34657927289915774,0.471663507152435,0.34657927289915774,400360
case_112,112,z,sigma_max_principal,0.17282850772631672,0.23494090252135091,0.17282850772631672,0.23494090252135091,400360
case_112,112,fluence_rate,sigma_max_principal,-0.21193833875881457,0.1661131672768335,0.21193833875881457,0.1661131672768335,400360
case_112,112,theta,sigma_max_principal,0.05943758018988983,0.03918871505939437,0.05943758018988983,0.03918871505939437,400360
case_112,112,theta_sin,sigma_max_principal,0.05930737492476194,0.03918871505939437,0.05930737492476194,0.03918871505939437,400360
case_112,112,theta_cos,sigma_max_principal,-0.05632293138944919,-0.03918871505939437,0.05632293138944919,0.03918871505939437,400360
case_112,112,rho,sigma_max_principal,0.19343685515850126,0.017987401139860835,0.19343685515850126,0.017987401139860835,400360
case_112,112,rho_normalized,sigma_max_principal,0.19343685515850112,0.017987401139860835,0.19343685515850112,0.017987401139860835,400360
case_112,112,distance_to_inner_proxy,sigma_max_principal,0.19343685515850143,0.017987401139860835,0.19343685515850143,0.017987401139860835,400360
case_112,112,distance_to_outer_proxy,sigma_max_principal,-0.19343685515850148,-0.017987401139860835,0.19343685515850148,0.017987401139860835,400360
case_112,112,weight_loss_rate,sigma_max_principal,-0.25958212735333575,-0.010382130524943004,0.25958212735333575,0.010382130524943004,400360
case_112,112,temperature,sigma_max_principal,-0.17696993545126752,0.001889274827466316,0.17696993545126752,0.001889274827466316,400360
case_113,113,param_field_magnitude_scaled,sigma_max_principal,-0.536003631415491,-0.3954369383835728,0.536003631415491,0.3954369383835728,400360
case_113,113,z,sigma_max_principal,0.15511083193885233,0.2000512804960535,0.15511083193885233,0.2000512804960535,400360
case_113,113,weight_loss_rate,sigma_max_principal,-0.4129539750749787,-0.1424302572286798,0.4129539750749787,0.1424302572286798,400360
case_113,113,fluence_rate,sigma_max_principal,-0.22389401247933846,0.10983215751479614,0.22389401247933846,0.10983215751479614,400360
case_113,113,theta,sigma_max_principal,0.05824299337537857,0.03495261867975137,0.05824299337537857,0.03495261867975137,400360
case_113,113,theta_sin,sigma_max_principal,0.05836516299522211,0.03495261867975137,0.05836516299522211,0.03495261867975137,400360
case_113,113,theta_cos,sigma_max_principal,-0.05370312301945701,-0.03495261867975137,0.05370312301945701,0.03495261867975137,400360
case_113,113,temperature,sigma_max_principal,-0.15992011729320474,-0.029453564225801455,0.15992011729320474,0.029453564225801455,400360
case_113,113,rho,sigma_max_principal,0.1870559824324715,0.0162498949287667,0.1870559824324715,0.0162498949287667,400360
case_113,113,rho_normalized,sigma_max_principal,0.1870559824324718,0.0162498949287667,0.1870559824324718,0.0162498949287667,400360
case_113,113,distance_to_inner_proxy,sigma_max_principal,0.18705598243247182,0.0162498949287667,0.18705598243247182,0.0162498949287667,400360
case_113,113,distance_to_outer_proxy,sigma_max_principal,-0.18705598243247185,-0.0162498949287667,0.18705598243247185,0.0162498949287667,400360
case_114,114,param_field_magnitude_scaled,sigma_max_principal,-0.5488781568672472,-0.4599060784903175,0.5488781568672472,0.4599060784903175,400360
case_114,114,z,sigma_max_principal,0.1910069571988628,0.2445579117631973,0.1910069571988628,0.2445579117631973,400360
case_114,114,fluence_rate,sigma_max_principal,-0.22504868303907122,0.1409947888269382,0.22504868303907122,0.1409947888269382,400360
case_114,114,rho,sigma_max_principal,0.21046400791693876,0.043633486777377835,0.21046400791693876,0.043633486777377835,400360
case_114,114,rho_normalized,sigma_max_principal,0.21046400791693703,0.043633486777377835,0.21046400791693703,0.043633486777377835,400360
case_114,114,distance_to_inner_proxy,sigma_max_principal,0.21046400791693876,0.043633486777377835,0.21046400791693876,0.043633486777377835,400360
case_114,114,distance_to_outer_proxy,sigma_max_principal,-0.21046400791693873,-0.043633486777377835,0.21046400791693873,0.043633486777377835,400360
case_114,114,theta,sigma_max_principal,0.05874824065020126,0.038978582828673065,0.05874824065020126,0.038978582828673065,400360
case_114,114,theta_sin,sigma_max_principal,0.05928868878992532,0.038978582828673065,0.05928868878992532,0.038978582828673065,400360
case_114,114,theta_cos,sigma_max_principal,-0.051221075642342045,-0.038978582828673065,0.051221075642342045,0.038978582828673065,400360
case_114,114,weight_loss_rate,sigma_max_principal,-0.2738924027845935,-0.029813971102723345,0.2738924027845935,0.029813971102723345,400360
case_114,114,temperature,sigma_max_principal,-0.19404923819221945,0.009249488270787764,0.19404923819221945,0.009249488270787764,400360
case_115,115,param_field_magnitude_scaled,sigma_max_principal,-0.5359320740020768,-0.401832138234203,0.5359320740020768,0.401832138234203,400360
case_115,115,z,sigma_max_principal,0.16163704757481856,0.20855196296717182,0.16163704757481856,0.20855196296717182,400360
case_115,115,fluence_rate,sigma_max_principal,-0.19579886926738208,0.15550203977967492,0.19579886926738208,0.15550203977967492,400360
case_115,115,weight_loss_rate,sigma_max_principal,-0.4192645494085743,-0.12655779170872866,0.4192645494085743,0.12655779170872866,400360
case_115,115,theta,sigma_max_principal,0.07187910857510474,0.057621228152147576,0.07187910857510474,0.057621228152147576,400360
case_115,115,theta_sin,sigma_max_principal,0.07230231502346716,0.057621228152147576,0.07230231502346716,0.057621228152147576,400360
case_115,115,theta_cos,sigma_max_principal,-0.06496543475790517,-0.057621228152147576,0.06496543475790517,0.057621228152147576,400360
case_115,115,rho,sigma_max_principal,0.1573065273913773,-0.025664999333265673,0.1573065273913773,0.025664999333265673,400360
case_115,115,rho_normalized,sigma_max_principal,0.1573065273913754,-0.025664999333265673,0.1573065273913754,0.025664999333265673,400360
case_115,115,distance_to_inner_proxy,sigma_max_principal,0.15730652739137757,-0.025664999333265673,0.15730652739137757,0.025664999333265673,400360
case_115,115,distance_to_outer_proxy,sigma_max_principal,-0.15730652739137743,0.025664999333265673,0.15730652739137743,0.025664999333265673,400360
case_115,115,temperature,sigma_max_principal,-0.173992343882566,-0.006835693696929136,0.173992343882566,0.006835693696929136,400360
case_116,116,param_field_magnitude_scaled,sigma_max_principal,-0.547055642812559,-0.40802497590821046,0.547055642812559,0.40802497590821046,400360
case_116,116,z,sigma_max_principal,0.14586491617513922,0.19222298676384758,0.14586491617513922,0.19222298676384758,400360
case_116,116,fluence_rate,sigma_max_principal,-0.22608755408942885,0.1206467067113523,0.22608755408942885,0.1206467067113523,400360
case_116,116,weight_loss_rate,sigma_max_principal,-0.3986033089128834,-0.07010591647431494,0.3986033089128834,0.07010591647431494,400360
case_116,116,theta,sigma_max_principal,0.05989853435048471,0.03624512691082207,0.05989853435048471,0.03624512691082207,400360
case_116,116,theta_sin,sigma_max_principal,0.06019674714418059,0.03624512691082207,0.06019674714418059,0.03624512691082207,400360
case_116,116,theta_cos,sigma_max_principal,-0.05410747255689163,-0.03624512691082207,0.05410747255689163,0.03624512691082207,400360
case_116,116,temperature,sigma_max_principal,-0.12162682769798376,-0.015854516469567103,0.12162682769798376,0.015854516469567103,400360
case_116,116,rho,sigma_max_principal,0.18531058794971772,0.015285073632187495,0.18531058794971772,0.015285073632187495,400360
case_116,116,rho_normalized,sigma_max_principal,0.18531058794971492,0.015285073632187495,0.18531058794971492,0.015285073632187495,400360
case_116,116,distance_to_inner_proxy,sigma_max_principal,0.1853105879497178,0.015285073632187495,0.1853105879497178,0.015285073632187495,400360
case_116,116,distance_to_outer_proxy,sigma_max_principal,-0.18531058794971772,-0.015285073632187495,0.18531058794971772,0.015285073632187495,400360
case_117,117,param_field_magnitude_scaled,sigma_max_principal,-0.5548980365453914,-0.42976473456143444,0.5548980365453914,0.42976473456143444,400360
case_117,117,z,sigma_max_principal,0.14079396709536884,0.1845966315985126,0.14079396709536884,0.1845966315985126,400360
case_117,117,rho,sigma_max_principal,0.24156653421611188,0.08905860157983357,0.24156653421611188,0.08905860157983357,400360
case_117,117,rho_normalized,sigma_max_principal,0.24156653421610944,0.08905860157983357,0.24156653421610944,0.08905860157983357,400360
case_117,117,distance_to_inner_proxy,sigma_max_principal,0.241566534216112,0.08905860157983357,0.241566534216112,0.08905860157983357,400360
case_117,117,distance_to_outer_proxy,sigma_max_principal,-0.24156653421611207,-0.08905860157983357,0.24156653421611207,0.08905860157983357,400360
case_117,117,weight_loss_rate,sigma_max_principal,-0.2664374660179493,-0.07852468748786992,0.2664374660179493,0.07852468748786992,400360
case_117,117,theta,sigma_max_principal,0.05978345132155177,0.04463578668040509,0.05978345132155177,0.04463578668040509,400360
case_117,117,theta_sin,sigma_max_principal,0.05995356144691483,0.04463578668040509,0.05995356144691483,0.04463578668040509,400360
case_117,117,theta_cos,sigma_max_principal,-0.05521569829604243,-0.04463578668040509,0.05521569829604243,0.04463578668040509,400360
case_117,117,temperature,sigma_max_principal,-0.21194599940723033,-0.0418714629942169,0.21194599940723033,0.0418714629942169,400360
case_117,117,fluence_rate,sigma_max_principal,-0.2604705194476261,0.03885980647879029,0.2604705194476261,0.03885980647879029,400360
case_118,118,weight_loss_rate,sigma_max_principal,-0.4051151830070953,-0.38494406984399976,0.4051151830070953,0.38494406984399976,400360
case_118,118,fluence_rate,sigma_max_principal,-0.5885349298721866,-0.3818271804325549,0.5885349298721866,0.3818271804325549,400360
case_118,118,temperature,sigma_max_principal,-0.3958865671764324,-0.2648844560203079,0.3958865671764324,0.2648844560203079,400360
case_118,118,rho,sigma_max_principal,0.3872672053497755,0.25567528423788644,0.3872672053497755,0.25567528423788644,400360
case_118,118,rho_normalized,sigma_max_principal,0.3872672053497758,0.25567528423788644,0.3872672053497758,0.25567528423788644,400360
case_118,118,distance_to_inner_proxy,sigma_max_principal,0.38726720534977593,0.25567528423788644,0.38726720534977593,0.25567528423788644,400360
case_118,118,distance_to_outer_proxy,sigma_max_principal,-0.38726720534977593,-0.25567528423788644,0.38726720534977593,0.25567528423788644,400360
case_118,118,param_field_magnitude_scaled,sigma_max_principal,0.0418605273655371,-0.046847486497662016,0.0418605273655371,0.046847486497662016,400360
case_118,118,theta,sigma_max_principal,-0.0037487318290422723,0.020038744846818817,0.0037487318290422723,0.020038744846818817,400360
case_118,118,theta_sin,sigma_max_principal,-0.006211846037543124,0.020038744846818817,0.006211846037543124,0.020038744846818817,400360
case_118,118,theta_cos,sigma_max_principal,-0.012564867540881843,-0.020038744846818817,0.012564867540881843,0.020038744846818817,400360
case_118,118,z,sigma_max_principal,0.02260224319422412,-0.005152600991583607,0.02260224319422412,0.005152600991583607,400360
case_119,119,param_field_magnitude_scaled,sigma_max_principal,-0.5449572291197152,-0.4562339038596975,0.5449572291197152,0.4562339038596975,400360
case_119,119,z,sigma_max_principal,0.18408187554706662,0.23918929168822523,0.18408187554706662,0.23918929168822523,400360
case_119,119,fluence_rate,sigma_max_principal,-0.18898696277030852,0.17983706576823127,0.18898696277030852,0.17983706576823127,400360
case_119,119,temperature,sigma_max_principal,-0.19020897458949582,0.052393015608642846,0.19020897458949582,0.052393015608642846,400360
case_119,119,weight_loss_rate,sigma_max_principal,-0.3889290721788181,-0.05087856832390678,0.3889290721788181,0.05087856832390678,400360
case_119,119,theta,sigma_max_principal,0.06697438505081081,0.049268001575876,0.06697438505081081,0.049268001575876,400360
case_119,119,theta_sin,sigma_max_principal,0.06719946158430672,0.049268001575876,0.06719946158430672,0.049268001575876,400360
case_119,119,theta_cos,sigma_max_principal,-0.06139969976051822,-0.049268001575876,0.06139969976051822,0.049268001575876,400360
case_119,119,rho,sigma_max_principal,0.16051437442300973,-0.025656598237360755,0.16051437442300973,0.025656598237360755,400360
case_119,119,rho_normalized,sigma_max_principal,0.1605143744230081,-0.025656598237360755,0.1605143744230081,0.025656598237360755,400360
case_119,119,distance_to_inner_proxy,sigma_max_principal,0.16051437442300986,-0.025656598237360755,0.16051437442300986,0.025656598237360755,400360
case_119,119,distance_to_outer_proxy,sigma_max_principal,-0.16051437442300998,0.025656598237360755,0.16051437442300998,0.025656598237360755,400360
case_120,120,param_field_magnitude_scaled,sigma_max_principal,-0.5322257809417779,-0.3738388776712092,0.5322257809417779,0.3738388776712092,400360
case_120,120,z,sigma_max_principal,0.15917768713481004,0.20238635272262293,0.15917768713481004,0.20238635272262293,400360
case_120,120,fluence_rate,sigma_max_principal,-0.20112815054832683,0.14141566132025396,0.20112815054832683,0.14141566132025396,400360
case_120,120,weight_loss_rate,sigma_max_principal,-0.3999593663401418,-0.11994838785103713,0.3999593663401418,0.11994838785103713,400360
case_120,120,theta,sigma_max_principal,0.06079181228163416,0.03700472953039146,0.06079181228163416,0.03700472953039146,400360
case_120,120,theta_sin,sigma_max_principal,0.06072854246981657,0.03700472953039146,0.06072854246981657,0.03700472953039146,400360
case_120,120,theta_cos,sigma_max_principal,-0.05735511366648776,-0.03700472953039146,0.05735511366648776,0.03700472953039146,400360
case_120,120,temperature,sigma_max_principal,-0.17776548972188735,-0.013899480584480888,0.17776548972188735,0.013899480584480888,400360
case_120,120,rho,sigma_max_principal,0.16491835563285798,-0.013715331529452495,0.16491835563285798,0.013715331529452495,400360
case_120,120,rho_normalized,sigma_max_principal,0.16491835563285842,-0.013715331529452495,0.16491835563285842,0.013715331529452495,400360
case_120,120,distance_to_inner_proxy,sigma_max_principal,0.16491835563285792,-0.013715331529452495,0.16491835563285792,0.013715331529452495,400360
case_120,120,distance_to_outer_proxy,sigma_max_principal,-0.16491835563285792,0.013715331529452495,0.16491835563285792,0.013715331529452495,400360
case_121,121,param_field_magnitude_scaled,sigma_max_principal,-0.5378263060180649,-0.4490683743766139,0.5378263060180649,0.4490683743766139,400360
case_121,121,z,sigma_max_principal,0.20963487477307136,0.26918125743706234,0.20963487477307136,0.26918125743706234,400360
case_121,121,fluence_rate,sigma_max_principal,-0.16234765557317285,0.22145486714013027,0.16234765557317285,0.22145486714013027,400360
case_121,121,temperature,sigma_max_principal,-0.3150877465483486,0.04902611489206411,0.3150877465483486,0.04902611489206411,400360
case_121,121,rho,sigma_max_principal,0.14570456153727435,-0.02992537167494093,0.14570456153727435,0.02992537167494093,400360
case_121,121,rho_normalized,sigma_max_principal,0.14570456153727593,-0.02992537167494093,0.14570456153727593,0.02992537167494093,400360
case_121,121,distance_to_inner_proxy,sigma_max_principal,0.1457045615372743,-0.02992537167494093,0.1457045615372743,0.02992537167494093,400360
case_121,121,distance_to_outer_proxy,sigma_max_principal,-0.1457045615372743,0.02992537167494093,0.1457045615372743,0.02992537167494093,400360
case_121,121,theta,sigma_max_principal,0.057611198344204854,0.02899505259251082,0.057611198344204854,0.02899505259251082,400360
case_121,121,theta_sin,sigma_max_principal,0.0577085582961671,0.02899505259251082,0.0577085582961671,0.02899505259251082,400360
case_121,121,theta_cos,sigma_max_principal,-0.0529146340504053,-0.02899505259251082,0.0529146340504053,0.02899505259251082,400360
case_121,121,weight_loss_rate,sigma_max_principal,-0.3449679217148318,0.014975272857031256,0.3449679217148318,0.014975272857031256,400360
case_122,122,param_field_magnitude_scaled,sigma_max_principal,-0.44623329223067143,-0.37009403234544824,0.44623329223067143,0.37009403234544824,400360
case_122,122,z,sigma_max_principal,0.23191435409813219,0.2821773895354836,0.23191435409813219,0.2821773895354836,400360
case_122,122,fluence_rate,sigma_max_principal,-0.18055845007900248,0.16052832814917734,0.18055845007900248,0.16052832814917734,400360
case_122,122,weight_loss_rate,sigma_max_principal,-0.36799946737184164,-0.06631400606695373,0.36799946737184164,0.06631400606695373,400360
case_122,122,theta,sigma_max_principal,0.06035740511137594,0.04050067286511039,0.06035740511137594,0.04050067286511039,400360
case_122,122,theta_sin,sigma_max_principal,0.06008906779025977,0.04050067286511039,0.06008906779025977,0.04050067286511039,400360
case_122,122,theta_cos,sigma_max_principal,-0.05846156394382836,-0.04050067286511039,0.05846156394382836,0.04050067286511039,400360
case_122,122,rho,sigma_max_principal,0.17199148202662767,0.012522703251746701,0.17199148202662767,0.012522703251746701,400360
case_122,122,rho_normalized,sigma_max_principal,0.17199148202662776,0.012522703251746701,0.17199148202662776,0.012522703251746701,400360
case_122,122,distance_to_inner_proxy,sigma_max_principal,0.17199148202662753,0.012522703251746701,0.17199148202662753,0.012522703251746701,400360
case_122,122,distance_to_outer_proxy,sigma_max_principal,-0.17199148202662753,-0.012522703251746701,0.17199148202662753,0.012522703251746701,400360
case_122,122,temperature,sigma_max_principal,-0.21263248815368885,0.006067533868477825,0.21263248815368885,0.006067533868477825,400360
case_123,123,param_field_magnitude_scaled,sigma_max_principal,-0.509305948817761,-0.42487777617251715,0.509305948817761,0.42487777617251715,400360
case_123,123,z,sigma_max_principal,0.23084468035973973,0.2910052108804847,0.23084468035973973,0.2910052108804847,400360
case_123,123,fluence_rate,sigma_max_principal,-0.1285664049306265,0.24573068820948016,0.1285664049306265,0.24573068820948016,400360
case_123,123,rho,sigma_max_principal,0.12121377386254242,-0.06131550669706796,0.12121377386254242,0.06131550669706796,400360
case_123,123,rho_normalized,sigma_max_principal,0.121213773862542,-0.06131550669706796,0.121213773862542,0.06131550669706796,400360
case_123,123,distance_to_inner_proxy,sigma_max_principal,0.12121377386254255,-0.06131550669706796,0.12121377386254255,0.06131550669706796,400360
case_123,123,distance_to_outer_proxy,sigma_max_principal,-0.12121377386254245,0.06131550669706796,0.12121377386254245,0.06131550669706796,400360
case_123,123,theta,sigma_max_principal,0.06435207758545726,0.0371564187250606,0.06435207758545726,0.0371564187250606,400360
case_123,123,theta_sin,sigma_max_principal,0.06413553385568735,0.0371564187250606,0.06413553385568735,0.0371564187250606,400360
case_123,123,theta_cos,sigma_max_principal,-0.061574022952346215,-0.0371564187250606,0.061574022952346215,0.0371564187250606,400360
case_123,123,temperature,sigma_max_principal,-0.35907333924333573,-0.02391879298619722,0.35907333924333573,0.02391879298619722,400360
case_123,123,weight_loss_rate,sigma_max_principal,-0.326813989721315,0.00816587682238017,0.326813989721315,0.00816587682238017,400360
case_124,124,param_field_magnitude_scaled,sigma_max_principal,-0.5208499598512364,-0.44603870745796786,0.5208499598512364,0.44603870745796786,400360
case_124,124,z,sigma_max_principal,0.2402865130035177,0.3052322166659495,0.2402865130035177,0.3052322166659495,400360
case_124,124,fluence_rate,sigma_max_principal,-0.12999734564301063,0.262718341762845,0.12999734564301063,0.262718341762845,400360
case_124,124,weight_loss_rate,sigma_max_principal,-0.3207239447585323,0.07595867436681768,0.3207239447585323,0.07595867436681768,400360
case_124,124,rho,sigma_max_principal,0.11993593103949744,-0.05940413834118603,0.11993593103949744,0.05940413834118603,400360
case_124,124,rho_normalized,sigma_max_principal,0.11993593103949819,-0.05940413834118603,0.11993593103949819,0.05940413834118603,400360
case_124,124,distance_to_inner_proxy,sigma_max_principal,0.1199359310394973,-0.05940413834118603,0.1199359310394973,0.05940413834118603,400360
case_124,124,distance_to_outer_proxy,sigma_max_principal,-0.11993593103949741,0.05940413834118603,0.11993593103949741,0.05940413834118603,400360
case_124,124,theta,sigma_max_principal,0.06708869260335663,0.04011530745283509,0.06708869260335663,0.04011530745283509,400360
case_124,124,theta_sin,sigma_max_principal,0.06685649210759728,0.04011530745283509,0.06685649210759728,0.04011530745283509,400360
case_124,124,theta_cos,sigma_max_principal,-0.06432894816857507,-0.04011530745283509,0.06432894816857507,0.04011530745283509,400360
case_124,124,temperature,sigma_max_principal,-0.31995856171901027,0.01898189150660753,0.31995856171901027,0.01898189150660753,400360
case_125,125,param_field_magnitude_scaled,sigma_max_principal,-0.5222924047790556,-0.4255821335865515,0.5222924047790556,0.4255821335865515,400360
case_125,125,z,sigma_max_principal,0.21862959953842406,0.2830326331650047,0.21862959953842406,0.2830326331650047,400360
case_125,125,fluence_rate,sigma_max_principal,-0.16301588859575178,0.20739854241966912,0.16301588859575178,0.20739854241966912,400360
case_125,125,weight_loss_rate,sigma_max_principal,-0.31634618293257094,0.07656395951946433,0.31634618293257094,0.07656395951946433,400360
case_125,125,theta,sigma_max_principal,0.06741328666016214,0.043171023279264614,0.06741328666016214,0.043171023279264614,400360
case_125,125,theta_sin,sigma_max_principal,0.0670040328557392,0.043171023279264614,0.0670040328557392,0.043171023279264614,400360
case_125,125,theta_cos,sigma_max_principal,-0.06595170344716582,-0.043171023279264614,0.06595170344716582,0.043171023279264614,400360
case_125,125,temperature,sigma_max_principal,-0.3329097112573602,0.03952005207983457,0.3329097112573602,0.03952005207983457,400360
case_125,125,rho,sigma_max_principal,0.14503492036269547,-0.02974439568125862,0.14503492036269547,0.02974439568125862,400360
case_125,125,rho_normalized,sigma_max_principal,0.14503492036269555,-0.02974439568125862,0.14503492036269555,0.02974439568125862,400360
case_125,125,distance_to_inner_proxy,sigma_max_principal,0.14503492036269555,-0.02974439568125862,0.14503492036269555,0.02974439568125862,400360
case_125,125,distance_to_outer_proxy,sigma_max_principal,-0.14503492036269536,0.02974439568125862,0.14503492036269536,0.02974439568125862,400360
case_126,126,param_field_magnitude_scaled,sigma_max_principal,-0.5208099906848557,-0.44121246602327485,0.5208099906848557,0.44121246602327485,400360
case_126,126,z,sigma_max_principal,0.2326461267022084,0.2968027419912844,0.2326461267022084,0.2968027419912844,400360
case_126,126,fluence_rate,sigma_max_principal,-0.14072981609104343,0.24795324546953487,0.14072981609104343,0.24795324546953487,400360
case_126,126,weight_loss_rate,sigma_max_principal,-0.31828298826789875,0.06784268543412847,0.31828298826789875,0.06784268543412847,400360
case_126,126,temperature,sigma_max_principal,-0.31580676346832703,0.055832811312844996,0.31580676346832703,0.055832811312844996,400360
case_126,126,theta,sigma_max_principal,0.0760248625243726,0.053047982370517305,0.0760248625243726,0.053047982370517305,400360
case_126,126,theta_sin,sigma_max_principal,0.07548841489762904,0.053047982370517305,0.07548841489762904,0.053047982370517305,400360
case_126,126,theta_cos,sigma_max_principal,-0.07524646516838389,-0.053047982370517305,0.07524646516838389,0.053047982370517305,400360
case_126,126,rho,sigma_max_principal,0.1328908878851111,-0.03655563533940266,0.1328908878851111,0.03655563533940266,400360
case_126,126,rho_normalized,sigma_max_principal,0.13289088788511008,-0.03655563533940266,0.13289088788511008,0.03655563533940266,400360
case_126,126,distance_to_inner_proxy,sigma_max_principal,0.13289088788511097,-0.03655563533940266,0.13289088788511097,0.03655563533940266,400360
case_126,126,distance_to_outer_proxy,sigma_max_principal,-0.13289088788511091,0.03655563533940266,0.13289088788511091,0.03655563533940266,400360
case_127,127,param_field_magnitude_scaled,sigma_max_principal,-0.5288460072485119,-0.4396562653877013,0.5288460072485119,0.4396562653877013,400360
case_127,127,z,sigma_max_principal,0.2144783929668597,0.2754336848046356,0.2144783929668597,0.2754336848046356,400360
case_127,127,fluence_rate,sigma_max_principal,-0.1615179480573836,0.22212331101656918,0.1615179480573836,0.22212331101656918,400360
case_127,127,temperature,sigma_max_principal,-0.2977340262847907,0.06820199286399888,0.2977340262847907,0.06820199286399888,400360
case_127,127,theta,sigma_max_principal,0.06698114551568361,0.046045292301527534,0.06698114551568361,0.046045292301527534,400360
case_127,127,theta_sin,sigma_max_principal,0.06712879378127766,0.046045292301527534,0.06712879378127766,0.046045292301527534,400360
case_127,127,theta_cos,sigma_max_principal,-0.061860690563543125,-0.046045292301527534,0.061860690563543125,0.046045292301527534,400360
case_127,127,rho,sigma_max_principal,0.13918136593754615,-0.04043600695076592,0.13918136593754615,0.04043600695076592,400360
case_127,127,rho_normalized,sigma_max_principal,0.1391813659375464,-0.04043600695076592,0.1391813659375464,0.04043600695076592,400360
case_127,127,distance_to_inner_proxy,sigma_max_principal,0.139181365937546,-0.04043600695076592,0.139181365937546,0.04043600695076592,400360
case_127,127,distance_to_outer_proxy,sigma_max_principal,-0.139181365937546,0.04043600695076592,0.139181365937546,0.04043600695076592,400360
case_127,127,weight_loss_rate,sigma_max_principal,-0.3691476298313288,0.002477720940437398,0.3691476298313288,0.002477720940437398,400360
case_128,128,param_field_magnitude_scaled,sigma_max_principal,-0.45454686184338833,-0.40699552031997754,0.45454686184338833,0.40699552031997754,400360
case_128,128,z,sigma_max_principal,0.22701650454644087,0.2770353921209421,0.22701650454644087,0.2770353921209421,400360
case_128,128,fluence_rate,sigma_max_principal,-0.18274422393771836,0.17363731137320204,0.18274422393771836,0.17363731137320204,400360
case_128,128,weight_loss_rate,sigma_max_principal,-0.37798323288213653,-0.08959804942373842,0.37798323288213653,0.08959804942373842,400360
case_128,128,temperature,sigma_max_principal,-0.18649111737414928,0.0673913998147144,0.18649111737414928,0.0673913998147144,400360
case_128,128,theta,sigma_max_principal,0.06489056558066743,0.048198358910946676,0.06489056558066743,0.048198358910946676,400360
case_128,128,theta_sin,sigma_max_principal,0.0648499985254276,0.048198358910946676,0.0648499985254276,0.048198358910946676,400360
case_128,128,theta_cos,sigma_max_principal,-0.061366729634956256,-0.048198358910946676,0.061366729634956256,0.048198358910946676,400360
case_128,128,rho,sigma_max_principal,0.1754083232247634,0.015448317663121953,0.1754083232247634,0.015448317663121953,400360
case_128,128,rho_normalized,sigma_max_principal,0.1754083232247635,0.015448317663121953,0.1754083232247635,0.015448317663121953,400360
case_128,128,distance_to_inner_proxy,sigma_max_principal,0.17540832322476338,0.015448317663121953,0.17540832322476338,0.015448317663121953,400360
case_128,128,distance_to_outer_proxy,sigma_max_principal,-0.17540832322476338,-0.015448317663121953,0.17540832322476338,0.015448317663121953,400360
case_129,129,param_field_magnitude_scaled,sigma_max_principal,-0.4204581117094126,-0.2898883970888035,0.4204581117094126,0.2898883970888035,400360
case_129,129,z,sigma_max_principal,0.1874107222313338,0.22384030711303396,0.1874107222313338,0.22384030711303396,400360
case_129,129,weight_loss_rate,sigma_max_principal,-0.3758850889676639,-0.1452967554331829,0.3758850889676639,0.1452967554331829,400360
case_129,129,fluence_rate,sigma_max_principal,-0.1889001210891949,0.11476584891026677,0.1889001210891949,0.11476584891026677,400360
case_129,129,theta,sigma_max_principal,0.053182876925025574,0.038580799237649635,0.053182876925025574,0.038580799237649635,400360
case_129,129,theta_sin,sigma_max_principal,0.051806884106531316,0.038580799237649635,0.051806884106531316,0.038580799237649635,400360
case_129,129,theta_cos,sigma_max_principal,-0.05911662853219343,-0.038580799237649635,0.05911662853219343,0.038580799237649635,400360
case_129,129,rho,sigma_max_principal,0.17044963635241697,-0.010161340777750721,0.17044963635241697,0.010161340777750721,400360
case_129,129,rho_normalized,sigma_max_principal,0.17044963635241733,-0.010161340777750721,0.17044963635241733,0.010161340777750721,400360
case_129,129,distance_to_inner_proxy,sigma_max_principal,0.17044963635241672,-0.010161340777750721,0.17044963635241672,0.010161340777750721,400360
case_129,129,distance_to_outer_proxy,sigma_max_principal,-0.1704496363524168,0.010161340777750721,0.1704496363524168,0.010161340777750721,400360
case_129,129,temperature,sigma_max_principal,-0.3512888236499613,-0.007025635919851118,0.3512888236499613,0.007025635919851118,400360
case_130,130,param_field_magnitude_scaled,sigma_max_principal,-0.5216427517079972,-0.4592139128902461,0.5216427517079972,0.4592139128902461,400360
case_130,130,z,sigma_max_principal,0.24663124813023277,0.31629165278812854,0.24663124813023277,0.31629165278812854,400360
case_130,130,fluence_rate,sigma_max_principal,-0.13433432678852947,0.2681295615533175,0.13433432678852947,0.2681295615533175,400360
case_130,130,rho,sigma_max_principal,0.11878636867215334,-0.05882499039632074,0.11878636867215334,0.05882499039632074,400360
case_130,130,rho_normalized,sigma_max_principal,0.11878636867215352,-0.05882499039632074,0.11878636867215352,0.05882499039632074,400360
case_130,130,distance_to_inner_proxy,sigma_max_principal,0.11878636867215306,-0.05882499039632074,0.11878636867215306,0.05882499039632074,400360
case_130,130,distance_to_outer_proxy,sigma_max_principal,-0.11878636867215316,0.05882499039632074,0.11878636867215316,0.05882499039632074,400360
case_130,130,theta,sigma_max_principal,0.0769825690817155,0.05604923252823392,0.0769825690817155,0.05604923252823392,400360
case_130,130,theta_sin,sigma_max_principal,0.07668797282989237,0.05604923252823392,0.07668797282989237,0.05604923252823392,400360
case_130,130,theta_cos,sigma_max_principal,-0.07466723019851713,-0.05604923252823392,0.07466723019851713,0.05604923252823392,400360
case_130,130,weight_loss_rate,sigma_max_principal,-0.29137904365953887,0.05479801427164646,0.29137904365953887,0.05479801427164646,400360
case_130,130,temperature,sigma_max_principal,-0.3151703969941638,0.042453044872624975,0.3151703969941638,0.042453044872624975,400360
case_131,131,param_field_magnitude_scaled,sigma_max_principal,-0.5101915963534774,-0.4342387523574368,0.5101915963534774,0.4342387523574368,400360
case_131,131,z,sigma_max_principal,0.23697611043289932,0.29983148072336585,0.23697611043289932,0.29983148072336585,400360
case_131,131,fluence_rate,sigma_max_principal,-0.11727130161058764,0.27949282485511495,0.11727130161058764,0.27949282485511495,400360
case_131,131,rho,sigma_max_principal,0.10939710629301372,-0.07636644701924802,0.10939710629301372,0.07636644701924802,400360
case_131,131,rho_normalized,sigma_max_principal,0.10939710629301377,-0.07636644701924802,0.10939710629301377,0.07636644701924802,400360
case_131,131,distance_to_inner_proxy,sigma_max_principal,0.10939710629301372,-0.07636644701924802,0.10939710629301372,0.07636644701924802,400360
case_131,131,distance_to_outer_proxy,sigma_max_principal,-0.10939710629301377,0.07636644701924802,0.10939710629301377,0.07636644701924802,400360
case_131,131,theta,sigma_max_principal,0.0770577193891923,0.05823445573628638,0.0770577193891923,0.05823445573628638,400360
case_131,131,theta_sin,sigma_max_principal,0.07688046856333214,0.05823445573628638,0.07688046856333214,0.05823445573628638,400360
case_131,131,theta_cos,sigma_max_principal,-0.07381066725981696,-0.05823445573628638,0.07381066725981696,0.05823445573628638,400360
case_131,131,weight_loss_rate,sigma_max_principal,-0.3497161195269073,-0.03208616460266286,0.3497161195269073,0.03208616460266286,400360
case_131,131,temperature,sigma_max_principal,-0.34724097243426316,0.023246568430085535,0.34724097243426316,0.023246568430085535,400360
case_132,132,param_field_magnitude_scaled,sigma_max_principal,-0.4579355109090841,-0.3144862305477903,0.4579355109090841,0.3144862305477903,400360
case_132,132,z,sigma_max_principal,0.18616790961421656,0.22008546761017553,0.18616790961421656,0.22008546761017553,400360
case_132,132,fluence_rate,sigma_max_principal,-0.21237169698833339,0.0892399758640723,0.21237169698833339,0.0892399758640723,400360
case_132,132,weight_loss_rate,sigma_max_principal,-0.3385195861870134,-0.05953325862039087,0.3385195861870134,0.05953325862039087,400360
case_132,132,temperature,sigma_max_principal,-0.3667676596472305,-0.05871583549648798,0.3667676596472305,0.05871583549648798,400360
case_132,132,theta,sigma_max_principal,0.04934151122626918,0.03128464554939026,0.04934151122626918,0.03128464554939026,400360
case_132,132,theta_sin,sigma_max_principal,0.048788681983090255,0.03128464554939026,0.048788681983090255,0.03128464554939026,400360
case_132,132,theta_cos,sigma_max_principal,-0.0495613476609759,-0.03128464554939026,0.0495613476609759,0.03128464554939026,400360
case_132,132,rho,sigma_max_principal,0.19304621925486412,0.01733427946460169,0.19304621925486412,0.01733427946460169,400360
case_132,132,rho_normalized,sigma_max_principal,0.19304621925486573,0.01733427946460169,0.19304621925486573,0.01733427946460169,400360
case_132,132,distance_to_inner_proxy,sigma_max_principal,0.1930462192548641,0.01733427946460169,0.1930462192548641,0.01733427946460169,400360
case_132,132,distance_to_outer_proxy,sigma_max_principal,-0.19304621925486412,-0.01733427946460169,0.19304621925486412,0.01733427946460169,400360
case_133,133,param_field_magnitude_scaled,sigma_max_principal,-0.5272285523162908,-0.4233887558236375,0.5272285523162908,0.4233887558236375,400360
case_133,133,z,sigma_max_principal,0.21745102019156984,0.2755348209991653,0.21745102019156984,0.2755348209991653,400360
case_133,133,fluence_rate,sigma_max_principal,-0.1518391445969354,0.23360613748113052,0.1518391445969354,0.23360613748113052,400360
case_133,133,rho,sigma_max_principal,0.13166954441563072,-0.049837488238538646,0.13166954441563072,0.049837488238538646,400360
case_133,133,rho_normalized,sigma_max_principal,0.13166954441563178,-0.049837488238538646,0.13166954441563178,0.049837488238538646,400360
case_133,133,distance_to_inner_proxy,sigma_max_principal,0.13166954441563072,-0.049837488238538646,0.13166954441563072,0.049837488238538646,400360
case_133,133,distance_to_outer_proxy,sigma_max_principal,-0.13166954441563097,0.049837488238538646,0.13166954441563097,0.049837488238538646,400360
case_133,133,theta,sigma_max_principal,0.06075302334849807,0.03381528230462674,0.06075302334849807,0.03381528230462674,400360
case_133,133,theta_sin,sigma_max_principal,0.06048079620546056,0.03381528230462674,0.06048079620546056,0.03381528230462674,400360
case_133,133,theta_cos,sigma_max_principal,-0.05855877336301354,-0.03381528230462674,0.05855877336301354,0.03381528230462674,400360
case_133,133,temperature,sigma_max_principal,-0.33919265104226987,0.02082678693938108,0.33919265104226987,0.02082678693938108,400360
case_133,133,weight_loss_rate,sigma_max_principal,-0.34672798134658156,-0.004078146842034602,0.34672798134658156,0.004078146842034602,400360
case_134,134,param_field_magnitude_scaled,sigma_max_principal,-0.5118905441722182,-0.39196404326582646,0.5118905441722182,0.39196404326582646,400360
case_134,134,z,sigma_max_principal,0.19929774436930056,0.25110118663502495,0.19929774436930056,0.25110118663502495,400360
case_134,134,fluence_rate,sigma_max_principal,-0.16884492241460924,0.17888693650788168,0.16884492241460924,0.17888693650788168,400360
case_134,134,weight_loss_rate,sigma_max_principal,-0.38564612534577775,-0.10105927452814477,0.38564612534577775,0.10105927452814477,400360
case_134,134,theta,sigma_max_principal,0.0671512605174641,0.05176655254736811,0.0671512605174641,0.05176655254736811,400360
case_134,134,theta_sin,sigma_max_principal,0.0669802218913138,0.05176655254736811,0.0669802218913138,0.05176655254736811,400360
case_134,134,theta_cos,sigma_max_principal,-0.0645051595942939,-0.05176655254736811,0.0645051595942939,0.05176655254736811,400360
case_134,134,temperature,sigma_max_principal,-0.3215155768834589,0.028747326582373948,0.3215155768834589,0.028747326582373948,400360
case_134,134,rho,sigma_max_principal,0.15339577880092076,-0.023936032879218864,0.15339577880092076,0.023936032879218864,400360
case_134,134,rho_normalized,sigma_max_principal,0.15339577880092037,-0.023936032879218864,0.15339577880092037,0.023936032879218864,400360
case_134,134,distance_to_inner_proxy,sigma_max_principal,0.15339577880092076,-0.023936032879218864,0.15339577880092076,0.023936032879218864,400360
case_134,134,distance_to_outer_proxy,sigma_max_principal,-0.1533957788009207,0.023936032879218864,0.1533957788009207,0.023936032879218864,400360
case_135,135,param_field_magnitude_scaled,sigma_max_principal,-0.5130028348429272,-0.4084440309856741,0.5130028348429272,0.4084440309856741,400360
case_135,135,z,sigma_max_principal,0.21896180094750542,0.2689213833538188,0.21896180094750542,0.2689213833538188,400360
case_135,135,fluence_rate,sigma_max_principal,-0.14671027899714179,0.19816819447703046,0.14671027899714179,0.19816819447703046,400360
case_135,135,weight_loss_rate,sigma_max_principal,-0.3712033107879439,-0.06603970667588197,0.3712033107879439,0.06603970667588197,400360
case_135,135,theta,sigma_max_principal,0.07409483579243048,0.056913205513349885,0.07409483579243048,0.056913205513349885,400360
case_135,135,theta_sin,sigma_max_principal,0.07403891232220053,0.056913205513349885,0.07403891232220053,0.056913205513349885,400360
case_135,135,theta_cos,sigma_max_principal,-0.07020610787069483,-0.056913205513349885,0.07020610787069483,0.056913205513349885,400360
case_135,135,rho,sigma_max_principal,0.14190485608517012,-0.03226705561519689,0.14190485608517012,0.03226705561519689,400360
case_135,135,rho_normalized,sigma_max_principal,0.14190485608516923,-0.03226705561519689,0.14190485608516923,0.03226705561519689,400360
case_135,135,distance_to_inner_proxy,sigma_max_principal,0.14190485608517012,-0.03226705561519689,0.14190485608517012,0.03226705561519689,400360
case_135,135,distance_to_outer_proxy,sigma_max_principal,-0.14190485608517012,0.03226705561519689,0.14190485608517012,0.03226705561519689,400360
case_135,135,temperature,sigma_max_principal,-0.3432965594784327,-0.013938932469026817,0.3432965594784327,0.013938932469026817,400360
case_136,136,param_field_magnitude_scaled,sigma_max_principal,-0.48054889301317466,-0.417563364718489,0.48054889301317466,0.417563364718489,400360
case_136,136,z,sigma_max_principal,0.25016049806436047,0.31413226598661886,0.25016049806436047,0.31413226598661886,400360
case_136,136,fluence_rate,sigma_max_principal,-0.15951983655764237,0.19711910371357547,0.15951983655764237,0.19711910371357547,400360
case_136,136,temperature,sigma_max_principal,-0.26277868348335975,0.06874168797579404,0.26277868348335975,0.06874168797579404,400360
case_136,136,weight_loss_rate,sigma_max_principal,-0.3240998992981741,0.06001025440058207,0.3240998992981741,0.06001025440058207,400360
case_136,136,theta,sigma_max_principal,0.060686375995606154,0.03585634627811906,0.060686375995606154,0.03585634627811906,400360
case_136,136,theta_sin,sigma_max_principal,0.06045033752914359,0.03585634627811906,0.06045033752914359,0.03585634627811906,400360
case_136,136,theta_cos,sigma_max_principal,-0.05827138968723169,-0.03585634627811906,0.05827138968723169,0.03585634627811906,400360
case_136,136,rho,sigma_max_principal,0.1621553142614938,0.0017382491336346826,0.1621553142614938,0.0017382491336346826,400360
case_136,136,rho_normalized,sigma_max_principal,0.16215531426149282,0.0017382491336346826,0.16215531426149282,0.0017382491336346826,400360
case_136,136,distance_to_inner_proxy,sigma_max_principal,0.1621553142614938,0.0017382491336346826,0.1621553142614938,0.0017382491336346826,400360
case_136,136,distance_to_outer_proxy,sigma_max_principal,-0.1621553142614936,-0.0017382491336346826,0.1621553142614936,0.0017382491336346826,400360
case_137,137,param_field_magnitude_scaled,sigma_max_principal,-0.4124533222085761,-0.397354706615354,0.4124533222085761,0.397354706615354,400360
case_137,137,z,sigma_max_principal,0.23528735651842514,0.28969409403208113,0.23528735651842514,0.28969409403208113,400360
case_137,137,fluence_rate,sigma_max_principal,-0.18033053483851214,0.15706991674690288,0.18033053483851214,0.15706991674690288,400360
case_137,137,temperature,sigma_max_principal,-0.13560975248009083,0.05783537749641993,0.13560975248009083,0.05783537749641993,400360
case_137,137,theta,sigma_max_principal,0.06773124287620495,0.05352230055816243,0.06773124287620495,0.05352230055816243,400360
case_137,137,theta_sin,sigma_max_principal,0.06768522499701085,0.05352230055816243,0.06768522499701085,0.05352230055816243,400360
case_137,137,theta_cos,sigma_max_principal,-0.06429793682556037,-0.05352230055816243,0.06429793682556037,0.05352230055816243,400360
case_137,137,weight_loss_rate,sigma_max_principal,-0.36972748658474386,-0.02880436600800176,0.36972748658474386,0.02880436600800176,400360
case_137,137,rho,sigma_max_principal,0.17292534698921375,0.015068278635325989,0.17292534698921375,0.015068278635325989,400360
case_137,137,rho_normalized,sigma_max_principal,0.17292534698921266,0.015068278635325989,0.17292534698921266,0.015068278635325989,400360
case_137,137,distance_to_inner_proxy,sigma_max_principal,0.17292534698921364,0.015068278635325989,0.17292534698921364,0.015068278635325989,400360
case_137,137,distance_to_outer_proxy,sigma_max_principal,-0.17292534698921366,-0.015068278635325989,0.17292534698921366,0.015068278635325989,400360
case_138,138,param_field_magnitude_scaled,sigma_max_principal,-0.5032710493055969,-0.38859613644877444,0.5032710493055969,0.38859613644877444,400360
case_138,138,z,sigma_max_principal,0.19543986985427406,0.2470581461678455,0.19543986985427406,0.2470581461678455,400360
case_138,138,fluence_rate,sigma_max_principal,-0.1795282228214988,0.1478860453176636,0.1795282228214988,0.1478860453176636,400360
case_138,138,theta,sigma_max_principal,0.0556451130709895,0.032093068033258364,0.0556451130709895,0.032093068033258364,400360
case_138,138,theta_sin,sigma_max_principal,0.055211419466959046,0.032093068033258364,0.055211419466959046,0.032093068033258364,400360
case_138,138,theta_cos,sigma_max_principal,-0.05492912447802243,-0.032093068033258364,0.05492912447802243,0.032093068033258364,400360
case_138,138,temperature,sigma_max_principal,-0.32483668299590757,0.021671406791028486,0.32483668299590757,0.021671406791028486,400360
case_138,138,weight_loss_rate,sigma_max_principal,-0.35604028818772643,-0.01880878264413837,0.35604028818772643,0.01880878264413837,400360
case_138,138,rho,sigma_max_principal,0.1664926158261887,-0.0059165420420478725,0.1664926158261887,0.0059165420420478725,400360
case_138,138,rho_normalized,sigma_max_principal,0.16649261582618918,-0.0059165420420478725,0.16649261582618918,0.0059165420420478725,400360
case_138,138,distance_to_inner_proxy,sigma_max_principal,0.16649261582618877,-0.0059165420420478725,0.16649261582618877,0.0059165420420478725,400360
case_138,138,distance_to_outer_proxy,sigma_max_principal,-0.16649261582618882,0.0059165420420478725,0.16649261582618882,0.0059165420420478725,400360
case_139,139,param_field_magnitude_scaled,sigma_max_principal,-0.5266071813729103,-0.44467924145613513,0.5266071813729103,0.44467924145613513,400360
case_139,139,z,sigma_max_principal,0.23785911285609498,0.2990266947235346,0.23785911285609498,0.2990266947235346,400360
case_139,139,fluence_rate,sigma_max_principal,-0.13286024275176803,0.2605771594060901,0.13286024275176803,0.2605771594060901,400360
case_139,139,rho,sigma_max_principal,0.12017309338020954,-0.061665204702531194,0.12017309338020954,0.061665204702531194,400360
case_139,139,rho_normalized,sigma_max_principal,0.1201730933802094,-0.061665204702531194,0.1201730933802094,0.061665204702531194,400360
case_139,139,distance_to_inner_proxy,sigma_max_principal,0.12017309338020941,-0.061665204702531194,0.12017309338020941,0.061665204702531194,400360
case_139,139,distance_to_outer_proxy,sigma_max_principal,-0.12017309338020953,0.061665204702531194,0.12017309338020953,0.061665204702531194,400360
case_139,139,weight_loss_rate,sigma_max_principal,-0.32457417085270496,0.037167805689444854,0.32457417085270496,0.037167805689444854,400360
case_139,139,theta,sigma_max_principal,0.06378204424677329,0.03589749039877611,0.06378204424677329,0.03589749039877611,400360
case_139,139,theta_sin,sigma_max_principal,0.06345522505584528,0.03589749039877611,0.06345522505584528,0.03589749039877611,400360
case_139,139,theta_cos,sigma_max_principal,-0.061807714167430236,-0.03589749039877611,0.061807714167430236,0.03589749039877611,400360
case_139,139,temperature,sigma_max_principal,-0.3241299684824886,0.015704370626764875,0.3241299684824886,0.015704370626764875,400360
case_140,140,param_field_magnitude_scaled,sigma_max_principal,-0.4848092553790039,-0.3275649093961577,0.4848092553790039,0.3275649093961577,400360
case_140,140,z,sigma_max_principal,0.16040019705008335,0.19452227042389636,0.16040019705008335,0.19452227042389636,400360
case_140,140,weight_loss_rate,sigma_max_principal,-0.3756164803794561,-0.08728545873325777,0.3756164803794561,0.08728545873325777,400360
case_140,140,temperature,sigma_max_principal,-0.34707182204890785,-0.08066205283813466,0.34707182204890785,0.08066205283813466,400360
case_140,140,fluence_rate,sigma_max_principal,-0.21670236274244806,0.07845841812924992,0.21670236274244806,0.07845841812924992,400360
case_140,140,theta,sigma_max_principal,0.047857978112477564,0.024519735717668033,0.047857978112477564,0.024519735717668033,400360
case_140,140,theta_sin,sigma_max_principal,0.04746992270880249,0.024519735717668033,0.04746992270880249,0.024519735717668033,400360
case_140,140,theta_cos,sigma_max_principal,-0.046966731386092336,-0.024519735717668033,0.046966731386092336,0.024519735717668033,400360
case_140,140,rho,sigma_max_principal,0.1913065557192133,0.019300909569988006,0.1913065557192133,0.019300909569988006,400360
case_140,140,rho_normalized,sigma_max_principal,0.19130655571921332,0.019300909569988006,0.19130655571921332,0.019300909569988006,400360
case_140,140,distance_to_inner_proxy,sigma_max_principal,0.19130655571921337,0.019300909569988006,0.19130655571921337,0.019300909569988006,400360
case_140,140,distance_to_outer_proxy,sigma_max_principal,-0.19130655571921348,-0.019300909569988006,0.19130655571921348,0.019300909569988006,400360
case_141,141,param_field_magnitude_scaled,sigma_max_principal,-0.4289136360245776,-0.3252947541772005,0.4289136360245776,0.3252947541772005,400360
case_141,141,z,sigma_max_principal,0.19622645278492185,0.2472219625727234,0.19622645278492185,0.2472219625727234,400360
case_141,141,fluence_rate,sigma_max_principal,-0.20471499527474632,0.13239563002316454,0.20471499527474632,0.13239563002316454,400360
case_141,141,theta,sigma_max_principal,0.05428789289659441,0.035321315187187556,0.05428789289659441,0.035321315187187556,400360
case_141,141,theta_sin,sigma_max_principal,0.05377007816601412,0.035321315187187556,0.05377007816601412,0.035321315187187556,400360
case_141,141,theta_cos,sigma_max_principal,-0.05403585025877832,-0.035321315187187556,0.05403585025877832,0.035321315187187556,400360
case_141,141,rho,sigma_max_principal,0.20042501244093913,0.02872032861079403,0.20042501244093913,0.02872032861079403,400360
case_141,141,rho_normalized,sigma_max_principal,0.20042501244093902,0.02872032861079403,0.20042501244093902,0.02872032861079403,400360
case_141,141,distance_to_inner_proxy,sigma_max_principal,0.20042501244093913,0.02872032861079403,0.20042501244093913,0.02872032861079403,400360
case_141,141,distance_to_outer_proxy,sigma_max_principal,-0.2004250124409391,-0.02872032861079403,0.2004250124409391,0.02872032861079403,400360
case_141,141,temperature,sigma_max_principal,-0.35643473725924096,-0.015786593799327526,0.35643473725924096,0.015786593799327526,400360
case_141,141,weight_loss_rate,sigma_max_principal,-0.26580214867664087,-0.010853893680056377,0.26580214867664087,0.010853893680056377,400360
case_142,142,param_field_magnitude_scaled,sigma_max_principal,-0.4829803582649756,-0.3526105987668837,0.4829803582649756,0.3526105987668837,400360
case_142,142,z,sigma_max_principal,0.21223347353256136,0.27104711605041176,0.21223347353256136,0.27104711605041176,400360
case_142,142,fluence_rate,sigma_max_principal,-0.1652573034647098,0.17938830683683862,0.1652573034647098,0.17938830683683862,400360
case_142,142,weight_loss_rate,sigma_max_principal,-0.30497774774572073,-0.07270004215880975,0.30497774774572073,0.07270004215880975,400360
case_142,142,temperature,sigma_max_principal,-0.35347361283239315,-0.032962651023190064,0.35347361283239315,0.032962651023190064,400360
case_142,142,theta,sigma_max_principal,0.054291673624255625,0.0250038472668642,0.054291673624255625,0.0250038472668642,400360
case_142,142,theta_sin,sigma_max_principal,0.053464267538795365,0.0250038472668642,0.053464267538795365,0.0250038472668642,400360
case_142,142,theta_cos,sigma_max_principal,-0.05585018998894749,-0.0250038472668642,0.05585018998894749,0.0250038472668642,400360
case_142,142,rho,sigma_max_principal,0.16054285351141373,-0.013341694895479445,0.16054285351141373,0.013341694895479445,400360
case_142,142,rho_normalized,sigma_max_principal,0.16054285351141467,-0.013341694895479445,0.16054285351141467,0.013341694895479445,400360
case_142,142,distance_to_inner_proxy,sigma_max_principal,0.16054285351141365,-0.013341694895479445,0.16054285351141365,0.013341694895479445,400360
case_142,142,distance_to_outer_proxy,sigma_max_principal,-0.16054285351141348,0.013341694895479445,0.16054285351141348,0.013341694895479445,400360
case_143,143,param_field_magnitude_scaled,sigma_max_principal,-0.4996110670822008,-0.3769386041503907,0.4996110670822008,0.3769386041503907,400360
case_143,143,z,sigma_max_principal,0.21871738543250344,0.26899537415618174,0.21871738543250344,0.26899537415618174,400360
case_143,143,fluence_rate,sigma_max_principal,-0.18511058734924934,0.14893642370295374,0.18511058734924934,0.14893642370295374,400360
case_143,143,theta,sigma_max_principal,0.05984705792106629,0.0366461478122421,0.05984705792106629,0.0366461478122421,400360
case_143,143,theta_sin,sigma_max_principal,0.05952148328221879,0.0366461478122421,0.05952148328221879,0.0366461478122421,400360
case_143,143,theta_cos,sigma_max_principal,-0.05824035599358289,-0.0366461478122421,0.05824035599358289,0.0366461478122421,400360
case_143,143,temperature,sigma_max_principal,-0.25763358899680505,-0.026376365817929754,0.25763358899680505,0.026376365817929754,400360
case_143,143,weight_loss_rate,sigma_max_principal,-0.3573296422006854,-0.023561648387129697,0.3573296422006854,0.023561648387129697,400360
case_143,143,rho,sigma_max_principal,0.17500571428054174,0.011240993647714581,0.17500571428054174,0.011240993647714581,400360
case_143,143,rho_normalized,sigma_max_principal,0.17500571428054296,0.011240993647714581,0.17500571428054296,0.011240993647714581,400360
case_143,143,distance_to_inner_proxy,sigma_max_principal,0.1750057142805415,0.011240993647714581,0.1750057142805415,0.011240993647714581,400360
case_143,143,distance_to_outer_proxy,sigma_max_principal,-0.17500571428054174,-0.011240993647714581,0.17500571428054174,0.011240993647714581,400360
case_144,144,param_field_magnitude_scaled,sigma_max_principal,-0.4649357642200459,-0.35217871200203155,0.4649357642200459,0.35217871200203155,400360
case_144,144,z,sigma_max_principal,0.19870926891241472,0.24510626757589973,0.19870926891241472,0.24510626757589973,400360
case_144,144,fluence_rate,sigma_max_principal,-0.19937474682369613,0.12917379458206468,0.19937474682369613,0.12917379458206468,400360
case_144,144,weight_loss_rate,sigma_max_principal,-0.37501720008323625,-0.09972056267421495,0.37501720008323625,0.09972056267421495,400360
case_144,144,theta,sigma_max_principal,0.07416476925764001,0.0597410594495209,0.07416476925764001,0.0597410594495209,400360
case_144,144,theta_sin,sigma_max_principal,0.07390460896178247,0.0597410594495209,0.07390460896178247,0.0597410594495209,400360
case_144,144,theta_cos,sigma_max_principal,-0.07219191362237333,-0.0597410594495209,0.07219191362237333,0.0597410594495209,400360
case_144,144,rho,sigma_max_principal,0.1911744438862873,0.03281916609722655,0.1911744438862873,0.03281916609722655,400360
case_144,144,rho_normalized,sigma_max_principal,0.19117444388628826,0.03281916609722655,0.19117444388628826,0.03281916609722655,400360
case_144,144,distance_to_inner_proxy,sigma_max_principal,0.1911744438862873,0.03281916609722655,0.1911744438862873,0.03281916609722655,400360
case_144,144,distance_to_outer_proxy,sigma_max_principal,-0.19117444388628738,-0.03281916609722655,0.19117444388628738,0.03281916609722655,400360
case_144,144,temperature,sigma_max_principal,-0.24443477894370033,-0.012475459567189515,0.24443477894370033,0.012475459567189515,400360
case_145,145,param_field_magnitude_scaled,sigma_max_principal,-0.519721521091223,-0.42478328739803156,0.519721521091223,0.42478328739803156,400360
case_145,145,z,sigma_max_principal,0.17029557598610295,0.21531232379881624,0.17029557598610295,0.21531232379881624,400360
case_145,145,rho,sigma_max_principal,0.24811832810669526,0.11566155031033572,0.24811832810669526,0.11566155031033572,400360
case_145,145,rho_normalized,sigma_max_principal,0.24811832810669493,0.11566155031033572,0.24811832810669493,0.11566155031033572,400360
case_145,145,distance_to_inner_proxy,sigma_max_principal,0.2481183281066952,0.11566155031033572,0.2481183281066952,0.11566155031033572,400360
case_145,145,distance_to_outer_proxy,sigma_max_principal,-0.24811832810669526,-0.11566155031033572,0.24811832810669526,0.11566155031033572,400360
case_145,145,temperature,sigma_max_principal,-0.2903179576404244,-0.10693169746739097,0.2903179576404244,0.10693169746739097,400360
case_145,145,weight_loss_rate,sigma_max_principal,-0.26729436473114204,-0.08447067989207682,0.26729436473114204,0.08447067989207682,400360
case_145,145,fluence_rate,sigma_max_principal,-0.251163706962367,0.047546328885965466,0.251163706962367,0.047546328885965466,400360
case_145,145,theta,sigma_max_principal,0.058370293413357824,0.044675493790013836,0.058370293413357824,0.044675493790013836,400360
case_145,145,theta_sin,sigma_max_principal,0.058777008842598344,0.044675493790013836,0.058777008842598344,0.044675493790013836,400360
case_145,145,theta_cos,sigma_max_principal,-0.05235730465943298,-0.044675493790013836,0.05235730465943298,0.044675493790013836,400360
case_146,146,param_field_magnitude_scaled,sigma_max_principal,-0.5246199404317099,-0.40992342788702835,0.5246199404317099,0.40992342788702835,400360
case_146,146,z,sigma_max_principal,0.1878550757247021,0.2418028358110743,0.1878550757247021,0.2418028358110743,400360
case_146,146,fluence_rate,sigma_max_principal,-0.20289085829765155,0.1342606476433739,0.20289085829765155,0.1342606476433739,400360
case_146,146,theta,sigma_max_principal,0.06598714190167884,0.048598423316423466,0.06598714190167884,0.048598423316423466,400360
case_146,146,theta_sin,sigma_max_principal,0.06613215786311934,0.048598423316423466,0.06613215786311934,0.048598423316423466,400360
case_146,146,theta_cos,sigma_max_principal,-0.061206593093713596,-0.048598423316423466,0.061206593093713596,0.048598423316423466,400360
case_146,146,rho,sigma_max_principal,0.17932666497802216,0.014262841092138585,0.17932666497802216,0.014262841092138585,400360
case_146,146,rho_normalized,sigma_max_principal,0.17932666497801994,0.014262841092138585,0.17932666497801994,0.014262841092138585,400360
case_146,146,distance_to_inner_proxy,sigma_max_principal,0.17932666497802216,0.014262841092138585,0.17932666497802216,0.014262841092138585,400360
case_146,146,distance_to_outer_proxy,sigma_max_principal,-0.17932666497802216,-0.014262841092138585,0.17932666497802216,0.014262841092138585,400360
case_146,146,temperature,sigma_max_principal,-0.24694061565196934,-0.007506952295772099,0.24694061565196934,0.007506952295772099,400360
case_146,146,weight_loss_rate,sigma_max_principal,-0.3687184625180044,0.0027477262482190953,0.3687184625180044,0.0027477262482190953,400360
case_147,147,param_field_magnitude_scaled,sigma_max_principal,-0.5336705037228897,-0.42489168169676567,0.5336705037228897,0.42489168169676567,400360
case_147,147,z,sigma_max_principal,0.2232471669321201,0.2742413052641312,0.2232471669321201,0.2742413052641312,400360
case_147,147,fluence_rate,sigma_max_principal,-0.17546327455278762,0.17849034784803144,0.17546327455278762,0.17849034784803144,400360
case_147,147,theta,sigma_max_principal,0.0612620760214367,0.03928352249644149,0.0612620760214367,0.03928352249644149,400360
case_147,147,theta_sin,sigma_max_principal,0.06142188512690262,0.03928352249644149,0.06142188512690262,0.03928352249644149,400360
case_147,147,theta_cos,sigma_max_principal,-0.05619362782275803,-0.03928352249644149,0.05619362782275803,0.03928352249644149,400360
case_147,147,temperature,sigma_max_principal,-0.35730580522024324,-0.02951444622132266,0.35730580522024324,0.02951444622132266,400360
case_147,147,weight_loss_rate,sigma_max_principal,-0.24671495847743402,0.010727060586426862,0.24671495847743402,0.010727060586426862,400360
case_147,147,rho,sigma_max_principal,0.16800633441709517,-0.0020042081814493355,0.16800633441709517,0.0020042081814493355,400360
case_147,147,rho_normalized,sigma_max_principal,0.16800633441709428,-0.0020042081814493355,0.16800633441709428,0.0020042081814493355,400360
case_147,147,distance_to_inner_proxy,sigma_max_principal,0.16800633441709506,-0.0020042081814493355,0.16800633441709506,0.0020042081814493355,400360
case_147,147,distance_to_outer_proxy,sigma_max_principal,-0.16800633441709528,0.0020042081814493355,0.16800633441709528,0.0020042081814493355,400360
case_148,148,param_field_magnitude_scaled,sigma_max_principal,-0.45534125058326774,-0.3600386640390469,0.45534125058326774,0.3600386640390469,400360
case_148,148,z,sigma_max_principal,0.22512828500071536,0.28488025000457884,0.22512828500071536,0.28488025000457884,400360
case_148,148,fluence_rate,sigma_max_principal,-0.16845762048728283,0.17913480514295063,0.16845762048728283,0.17913480514295063,400360
case_148,148,weight_loss_rate,sigma_max_principal,-0.3127488960984862,-0.1101228778095277,0.3127488960984862,0.1101228778095277,400360
case_148,148,temperature,sigma_max_principal,-0.3214874373085664,-0.04030485104605369,0.3214874373085664,0.04030485104605369,400360
case_148,148,theta,sigma_max_principal,0.0605274160227852,0.03630679835477858,0.0605274160227852,0.03630679835477858,400360
case_148,148,theta_sin,sigma_max_principal,0.05944421067093158,0.03630679835477858,0.05944421067093158,0.03630679835477858,400360
case_148,148,theta_cos,sigma_max_principal,-0.0639645670199469,-0.03630679835477858,0.0639645670199469,0.03630679835477858,400360
case_148,148,rho,sigma_max_principal,0.17225254006169147,0.006659961444455454,0.17225254006169147,0.006659961444455454,400360
case_148,148,rho_normalized,sigma_max_principal,0.1722525400616913,0.006659961444455454,0.1722525400616913,0.006659961444455454,400360
case_148,148,distance_to_inner_proxy,sigma_max_principal,0.1722525400616915,0.006659961444455454,0.1722525400616915,0.006659961444455454,400360
case_148,148,distance_to_outer_proxy,sigma_max_principal,-0.1722525400616916,-0.006659961444455454,0.1722525400616916,0.006659961444455454,400360
case_149,149,param_field_magnitude_scaled,sigma_max_principal,-0.5330044425924705,-0.42908064908531157,0.5330044425924705,0.42908064908531157,400360
case_149,149,z,sigma_max_principal,0.17707116656948949,0.22287693764805339,0.17707116656948949,0.22287693764805339,400360
case_149,149,fluence_rate,sigma_max_principal,-0.22851586165662768,0.1106632310746906,0.22851586165662768,0.1106632310746906,400360
case_149,149,rho,sigma_max_principal,0.21572996597982366,0.06306456967383928,0.21572996597982366,0.06306456967383928,400360
case_149,149,rho_normalized,sigma_max_principal,0.2157299659798232,0.06306456967383928,0.2157299659798232,0.06306456967383928,400360
case_149,149,distance_to_inner_proxy,sigma_max_principal,0.21572996597982363,0.06306456967383928,0.21572996597982363,0.06306456967383928,400360
case_149,149,distance_to_outer_proxy,sigma_max_principal,-0.21572996597982363,-0.06306456967383928,0.21572996597982363,0.06306456967383928,400360
case_149,149,weight_loss_rate,sigma_max_principal,-0.29898819945472227,-0.05124682708832753,0.29898819945472227,0.05124682708832753,400360
case_149,149,temperature,sigma_max_principal,-0.25965766799210416,-0.045510569329578254,0.25965766799210416,0.045510569329578254,400360
case_149,149,theta,sigma_max_principal,0.056448410519014516,0.037108994646180636,0.056448410519014516,0.037108994646180636,400360
case_149,149,theta_sin,sigma_max_principal,0.056960484530817326,0.037108994646180636,0.056960484530817326,0.037108994646180636,400360
case_149,149,theta_cos,sigma_max_principal,-0.04946845977478937,-0.037108994646180636,0.04946845977478937,0.037108994646180636,400360
case_150,150,param_field_magnitude_scaled,sigma_max_principal,-0.40728309759869086,-0.25762435351074425,0.40728309759869086,0.25762435351074425,400360
case_150,150,z,sigma_max_principal,0.17740205543056964,0.20658071719600504,0.17740205543056964,0.20658071719600504,400360
case_150,150,weight_loss_rate,sigma_max_principal,-0.3866996800723244,-0.16689860464953907,0.3866996800723244,0.16689860464953907,400360
case_150,150,fluence_rate,sigma_max_principal,-0.21004895278342056,0.09420963345662661,0.21004895278342056,0.09420963345662661,400360
case_150,150,temperature,sigma_max_principal,-0.3487630893444642,-0.053755504071333296,0.3487630893444642,0.053755504071333296,400360
case_150,150,theta,sigma_max_principal,0.053187065922140335,0.045097172180526605,0.053187065922140335,0.045097172180526605,400360
case_150,150,theta_sin,sigma_max_principal,0.05220721511207661,0.045097172180526605,0.05220721511207661,0.045097172180526605,400360
case_150,150,theta_cos,sigma_max_principal,-0.05650156744128035,-0.045097172180526605,0.05650156744128035,0.045097172180526605,400360
case_150,150,rho,sigma_max_principal,0.17888893444167583,-0.013504790743445195,0.17888893444167583,0.013504790743445195,400360
case_150,150,rho_normalized,sigma_max_principal,0.17888893444167484,-0.013504790743445195,0.17888893444167484,0.013504790743445195,400360
case_150,150,distance_to_inner_proxy,sigma_max_principal,0.1788889344416762,-0.013504790743445195,0.1788889344416762,0.013504790743445195,400360
case_150,150,distance_to_outer_proxy,sigma_max_principal,-0.17888893444167614,0.013504790743445195,0.17888893444167614,0.013504790743445195,400360
case_151,151,param_field_magnitude_scaled,sigma_max_principal,-0.5389877301024371,-0.4459201686314585,0.5389877301024371,0.4459201686314585,400360
case_151,151,z,sigma_max_principal,0.21103818859552168,0.2587059286022638,0.21103818859552168,0.2587059286022638,400360
case_151,151,fluence_rate,sigma_max_principal,-0.21896584292526247,0.10908063644354875,0.21896584292526247,0.10908063644354875,400360
case_151,151,theta,sigma_max_principal,0.0704977650786905,0.05843110174192639,0.0704977650786905,0.05843110174192639,400360
case_151,151,theta_sin,sigma_max_principal,0.0708531509592394,0.05843110174192639,0.0708531509592394,0.05843110174192639,400360
case_151,151,theta_cos,sigma_max_principal,-0.06433432844001717,-0.05843110174192639,0.06433432844001717,0.05843110174192639,400360
case_151,151,rho,sigma_max_principal,0.20478038541383506,0.05230431453192216,0.20478038541383506,0.05230431453192216,400360
case_151,151,rho_normalized,sigma_max_principal,0.20478038541383545,0.05230431453192216,0.20478038541383545,0.05230431453192216,400360
case_151,151,distance_to_inner_proxy,sigma_max_principal,0.20478038541383495,0.05230431453192216,0.20478038541383495,0.05230431453192216,400360
case_151,151,distance_to_outer_proxy,sigma_max_principal,-0.2047803854138349,-0.05230431453192216,0.2047803854138349,0.05230431453192216,400360
case_151,151,weight_loss_rate,sigma_max_principal,-0.22836784404096525,-0.04779306429104543,0.22836784404096525,0.04779306429104543,400360
case_151,151,temperature,sigma_max_principal,-0.36803538499961697,-0.040091811883067395,0.36803538499961697,0.040091811883067395,400360
case_152,152,param_field_magnitude_scaled,sigma_max_principal,-0.4691899504266212,-0.3669194404050271,0.4691899504266212,0.3669194404050271,400360
case_152,152,z,sigma_max_principal,0.20550195663917187,0.2538248750928336,0.20550195663917187,0.2538248750928336,400360
case_152,152,fluence_rate,sigma_max_principal,-0.1886385816431902,0.1389854611917068,0.1886385816431902,0.1389854611917068,400360
case_152,152,weight_loss_rate,sigma_max_principal,-0.366635610916953,-0.05642481946184097,0.366635610916953,0.05642481946184097,400360
case_152,152,temperature,sigma_max_principal,-0.2514860730924363,-0.044591221479420275,0.2514860730924363,0.044591221479420275,400360
case_152,152,theta,sigma_max_principal,0.05768167837494745,0.034565418937919416,0.05768167837494745,0.034565418937919416,400360
case_152,152,theta_sin,sigma_max_principal,0.05758741281132165,0.034565418937919416,0.05758741281132165,0.034565418937919416,400360
case_152,152,theta_cos,sigma_max_principal,-0.05459565243187538,-0.034565418937919416,0.05459565243187538,0.034565418937919416,400360
case_152,152,rho,sigma_max_principal,0.18326763345806052,0.020363550855787158,0.18326763345806052,0.020363550855787158,400360
case_152,152,rho_normalized,sigma_max_principal,0.18326763345806105,0.020363550855787158,0.18326763345806105,0.020363550855787158,400360
case_152,152,distance_to_inner_proxy,sigma_max_principal,0.1832676334580604,0.020363550855787158,0.1832676334580604,0.020363550855787158,400360
case_152,152,distance_to_outer_proxy,sigma_max_principal,-0.1832676334580604,-0.020363550855787158,0.1832676334580604,0.020363550855787158,400360
case_153,153,param_field_magnitude_scaled,sigma_max_principal,-0.46615474108638305,-0.38004078675585307,0.46615474108638305,0.38004078675585307,400360
case_153,153,z,sigma_max_principal,0.22341283308985846,0.28268428442478866,0.22341283308985846,0.28268428442478866,400360
case_153,153,fluence_rate,sigma_max_principal,-0.1562185096508994,0.1982258965282916,0.1562185096508994,0.1982258965282916,400360
case_153,153,weight_loss_rate,sigma_max_principal,-0.29694483735950683,-0.09866400581215615,0.29694483735950683,0.09866400581215615,400360
case_153,153,theta,sigma_max_principal,0.06115360709737955,0.03985972435518633,0.06115360709737955,0.03985972435518633,400360
case_153,153,theta_sin,sigma_max_principal,0.06047813688162837,0.03985972435518633,0.06047813688162837,0.03985972435518633,400360
case_153,153,theta_cos,sigma_max_principal,-0.06172573688629816,-0.03985972435518633,0.06172573688629816,0.03985972435518633,400360
case_153,153,rho,sigma_max_principal,0.15737939591828223,-0.021871833997376196,0.15737939591828223,0.021871833997376196,400360
case_153,153,rho_normalized,sigma_max_principal,0.15737939591828212,-0.021871833997376196,0.15737939591828212,0.021871833997376196,400360
case_153,153,distance_to_inner_proxy,sigma_max_principal,0.15737939591828223,-0.021871833997376196,0.15737939591828223,0.021871833997376196,400360
case_153,153,distance_to_outer_proxy,sigma_max_principal,-0.15737939591828234,0.021871833997376196,0.15737939591828234,0.021871833997376196,400360
case_153,153,temperature,sigma_max_principal,-0.3565530937406677,-0.003714305558237448,0.3565530937406677,0.003714305558237448,400360
case_154,154,param_field_magnitude_scaled,sigma_max_principal,-0.4194676360715922,-0.3204491698883839,0.4194676360715922,0.3204491698883839,400360
case_154,154,z,sigma_max_principal,0.20790545130702456,0.2609952312123629,0.20790545130702456,0.2609952312123629,400360
case_154,154,fluence_rate,sigma_max_principal,-0.18847453225918606,0.11992018580156655,0.18847453225918606,0.11992018580156655,400360
case_154,154,weight_loss_rate,sigma_max_principal,-0.36186204441211,-0.046886555405035946,0.36186204441211,0.046886555405035946,400360
case_154,154,theta,sigma_max_principal,0.0521395799489833,0.03249254135574938,0.0521395799489833,0.03249254135574938,400360
case_154,154,theta_sin,sigma_max_principal,0.05077570046471459,0.03249254135574938,0.05077570046471459,0.03249254135574938,400360
case_154,154,theta_cos,sigma_max_principal,-0.05777283339419515,-0.03249254135574938,0.05777283339419515,0.03249254135574938,400360
case_154,154,rho,sigma_max_principal,0.17985339093938857,0.0104489535423327,0.17985339093938857,0.0104489535423327,400360
case_154,154,rho_normalized,sigma_max_principal,0.17985339093938704,0.0104489535423327,0.17985339093938704,0.0104489535423327,400360
case_154,154,distance_to_inner_proxy,sigma_max_principal,0.1798533909393884,0.0104489535423327,0.1798533909393884,0.0104489535423327,400360
case_154,154,distance_to_outer_proxy,sigma_max_principal,-0.1798533909393885,-0.0104489535423327,0.1798533909393885,0.0104489535423327,400360
case_154,154,temperature,sigma_max_principal,-0.3416269588518032,0.0038587207233053327,0.3416269588518032,0.0038587207233053327,400360
case_155,155,param_field_magnitude_scaled,sigma_max_principal,-0.5214710173044267,-0.4011555065939989,0.5214710173044267,0.4011555065939989,400360
case_155,155,z,sigma_max_principal,0.18024304610689382,0.22430820675762397,0.18024304610689382,0.22430820675762397,400360
case_155,155,fluence_rate,sigma_max_principal,-0.2371866594187714,0.07853018919161259,0.2371866594187714,0.07853018919161259,400360
case_155,155,temperature,sigma_max_principal,-0.29426737273264686,-0.0666692933066309,0.29426737273264686,0.0666692933066309,400360
case_155,155,rho,sigma_max_principal,0.21714731348936156,0.06578251649341561,0.21714731348936156,0.06578251649341561,400360
case_155,155,rho_normalized,sigma_max_principal,0.2171473134893611,0.06578251649341561,0.2171473134893611,0.06578251649341561,400360
case_155,155,distance_to_inner_proxy,sigma_max_principal,0.2171473134893616,0.06578251649341561,0.2171473134893616,0.06578251649341561,400360
case_155,155,distance_to_outer_proxy,sigma_max_principal,-0.2171473134893615,-0.06578251649341561,0.2171473134893615,0.06578251649341561,400360
case_155,155,weight_loss_rate,sigma_max_principal,-0.29049963737326556,-0.0627483552422721,0.29049963737326556,0.0627483552422721,400360
case_155,155,theta,sigma_max_principal,0.05159477397613497,0.031047352586198833,0.05159477397613497,0.031047352586198833,400360
case_155,155,theta_sin,sigma_max_principal,0.05220378799932968,0.031047352586198833,0.05220378799932968,0.031047352586198833,400360
case_155,155,theta_cos,sigma_max_principal,-0.04403172721835342,-0.031047352586198833,0.04403172721835342,0.031047352586198833,400360
case_156,156,param_field_magnitude_scaled,sigma_max_principal,-0.5283488065651899,-0.473863407498591,0.5283488065651899,0.473863407498591,400360
case_156,156,z,sigma_max_principal,0.24826791967909087,0.31577416520634743,0.24826791967909087,0.31577416520634743,400360
case_156,156,fluence_rate,sigma_max_principal,-0.12490061152029447,0.2756436719893637,0.12490061152029447,0.2756436719893637,400360
case_156,156,rho,sigma_max_principal,0.11659068454070157,-0.06251230775334757,0.11659068454070157,0.06251230775334757,400360
case_156,156,rho_normalized,sigma_max_principal,0.11659068454070254,-0.06251230775334757,0.11659068454070254,0.06251230775334757,400360
case_156,156,distance_to_inner_proxy,sigma_max_principal,0.1165906845407015,-0.06251230775334757,0.1165906845407015,0.06251230775334757,400360
case_156,156,distance_to_outer_proxy,sigma_max_principal,-0.11659068454070153,0.06251230775334757,0.11659068454070153,0.06251230775334757,400360
case_156,156,theta,sigma_max_principal,0.07180427363024355,0.04856913024443117,0.07180427363024355,0.04856913024443117,400360
case_156,156,theta_sin,sigma_max_principal,0.07167395544409633,0.04856913024443117,0.07167395544409633,0.04856913024443117,400360
case_156,156,theta_cos,sigma_max_principal,-0.06822791103247657,-0.04856913024443117,0.06822791103247657,0.04856913024443117,400360
case_156,156,temperature,sigma_max_principal,-0.33139038391265346,0.04372113247749121,0.33139038391265346,0.04372113247749121,400360
case_156,156,weight_loss_rate,sigma_max_principal,-0.3381561806665578,0.001042947618947146,0.3381561806665578,0.001042947618947146,400360
case_157,157,param_field_magnitude_scaled,sigma_max_principal,-0.5332621924707655,-0.46251449101514625,0.5332621924707655,0.46251449101514625,400360
case_157,157,z,sigma_max_principal,0.19870823290959141,0.25586749832680405,0.19870823290959141,0.25586749832680405,400360
case_157,157,fluence_rate,sigma_max_principal,-0.19771498799355577,0.16006929645527432,0.19771498799355577,0.16006929645527432,400360
case_157,157,temperature,sigma_max_principal,-0.18708911025618563,0.07100810585280061,0.18708911025618563,0.07100810585280061,400360
case_157,157,theta,sigma_max_principal,0.06427530317393325,0.04700543162256767,0.06427530317393325,0.04700543162256767,400360
case_157,157,theta_sin,sigma_max_principal,0.06458861644926395,0.04700543162256767,0.06458861644926395,0.04700543162256767,400360
case_157,157,theta_cos,sigma_max_principal,-0.058436256933418806,-0.04700543162256767,0.058436256933418806,0.04700543162256767,400360
case_157,157,weight_loss_rate,sigma_max_principal,-0.3836174785515112,-0.03967709155574563,0.3836174785515112,0.03967709155574563,400360
case_157,157,rho,sigma_max_principal,0.18032522885713273,0.014382725553224283,0.18032522885713273,0.014382725553224283,400360
case_157,157,rho_normalized,sigma_max_principal,0.18032522885713212,0.014382725553224283,0.18032522885713212,0.014382725553224283,400360
case_157,157,distance_to_inner_proxy,sigma_max_principal,0.1803252288571328,0.014382725553224283,0.1803252288571328,0.014382725553224283,400360
case_157,157,distance_to_outer_proxy,sigma_max_principal,-0.1803252288571328,-0.014382725553224283,0.1803252288571328,0.014382725553224283,400360
case_158,158,param_field_magnitude_scaled,sigma_max_principal,-0.4882749243600412,-0.3901970932124332,0.4882749243600412,0.3901970932124332,400360
case_158,158,z,sigma_max_principal,0.20073790045984616,0.24936848371073064,0.20073790045984616,0.24936848371073064,400360
case_158,158,fluence_rate,sigma_max_principal,-0.22444012514022046,0.10956966596177241,0.22444012514022046,0.10956966596177241,400360
case_158,158,rho,sigma_max_principal,0.2189753450284854,0.077470401896407,0.2189753450284854,0.077470401896407,400360
case_158,158,rho_normalized,sigma_max_principal,0.218975345028484,0.077470401896407,0.218975345028484,0.077470401896407,400360
case_158,158,distance_to_inner_proxy,sigma_max_principal,0.21897534502848515,0.077470401896407,0.21897534502848515,0.077470401896407,400360
case_158,158,distance_to_outer_proxy,sigma_max_principal,-0.21897534502848515,-0.077470401896407,0.21897534502848515,0.077470401896407,400360
case_158,158,theta,sigma_max_principal,0.06866081141845162,0.052934396031900324,0.06866081141845162,0.052934396031900324,400360
case_158,158,theta_sin,sigma_max_principal,0.06883908911665361,0.052934396031900324,0.06883908911665361,0.052934396031900324,400360
case_158,158,theta_cos,sigma_max_principal,-0.06380114590607974,-0.052934396031900324,0.06380114590607974,0.052934396031900324,400360
case_158,158,weight_loss_rate,sigma_max_principal,-0.2319654169652951,-0.050243455219460026,0.2319654169652951,0.050243455219460026,400360
case_158,158,temperature,sigma_max_principal,-0.22636375907817446,-0.009632393258658419,0.22636375907817446,0.009632393258658419,400360
case_159,159,param_field_magnitude_scaled,sigma_max_principal,-0.4842316641888506,-0.4023920525395066,0.4842316641888506,0.4023920525395066,400360
case_159,159,z,sigma_max_principal,0.2392672142476983,0.308129128795225,0.2392672142476983,0.308129128795225,400360
case_159,159,fluence_rate,sigma_max_principal,-0.1368755194188501,0.24743519226572783,0.1368755194188501,0.24743519226572783,400360
case_159,159,weight_loss_rate,sigma_max_principal,-0.284282050766057,-0.08440462923232588,0.284282050766057,0.08440462923232588,400360
case_159,159,rho,sigma_max_principal,0.13016164135374383,-0.0497003622400575,0.13016164135374383,0.0497003622400575,400360
case_159,159,rho_normalized,sigma_max_principal,0.13016164135374392,-0.0497003622400575,0.13016164135374392,0.0497003622400575,400360
case_159,159,distance_to_inner_proxy,sigma_max_principal,0.13016164135374397,-0.0497003622400575,0.13016164135374397,0.0497003622400575,400360
case_159,159,distance_to_outer_proxy,sigma_max_principal,-0.13016164135374383,0.0497003622400575,0.13016164135374383,0.0497003622400575,400360
case_159,159,theta,sigma_max_principal,0.06868340214699357,0.045302988133390856,0.06868340214699357,0.045302988133390856,400360
case_159,159,theta_sin,sigma_max_principal,0.0679160158793252,0.045302988133390856,0.0679160158793252,0.045302988133390856,400360
case_159,159,theta_cos,sigma_max_principal,-0.06971109421152002,-0.045302988133390856,0.06971109421152002,0.045302988133390856,400360
case_159,159,temperature,sigma_max_principal,-0.3131770126377493,0.029008117474873644,0.3131770126377493,0.029008117474873644,400360
case_160,160,weight_loss_rate,sigma_max_principal,-0.434404797025283,-0.28558553711730233,0.434404797025283,0.28558553711730233,400360
case_160,160,temperature,sigma_max_principal,-0.2944459928910035,-0.2035516647485983,0.2944459928910035,0.2035516647485983,400360
case_160,160,param_field_magnitude_scaled,sigma_max_principal,-0.3126973776624466,-0.18807208144695173,0.3126973776624466,0.18807208144695173,400360
case_160,160,fluence_rate,sigma_max_principal,-0.359828816019724,-0.12807355550108904,0.359828816019724,0.12807355550108904,400360
case_160,160,rho,sigma_max_principal,0.2736899161908844,0.10342286965151978,0.2736899161908844,0.10342286965151978,400360
case_160,160,rho_normalized,sigma_max_principal,0.2736899161908852,0.10342286965151978,0.2736899161908852,0.10342286965151978,400360
case_160,160,distance_to_inner_proxy,sigma_max_principal,0.2736899161908846,0.10342286965151978,0.2736899161908846,0.10342286965151978,400360
case_160,160,distance_to_outer_proxy,sigma_max_principal,-0.27368991619088456,-0.10342286965151978,0.27368991619088456,0.10342286965151978,400360
case_160,160,z,sigma_max_principal,0.0970778071411191,0.08942914336927586,0.0970778071411191,0.08942914336927586,400360
case_160,160,theta,sigma_max_principal,0.012588824716832822,0.00982396700898698,0.012588824716832822,0.00982396700898698,400360
case_160,160,theta_sin,sigma_max_principal,0.011606140974098688,0.00982396700898698,0.011606140974098688,0.00982396700898698,400360
case_160,160,theta_cos,sigma_max_principal,-0.01750092336548504,-0.00982396700898698,0.01750092336548504,0.00982396700898698,400360
case_161,161,param_field_magnitude_scaled,sigma_max_principal,-0.40361739982803707,-0.3499737372456749,0.40361739982803707,0.3499737372456749,400360
case_161,161,z,sigma_max_principal,0.19515921393300753,0.24472189699619182,0.19515921393300753,0.24472189699619182,400360
case_161,161,temperature,sigma_max_principal,-0.08782979213461098,-0.1135358404879256,0.08782979213461098,0.1135358404879256,400360
case_161,161,fluence_rate,sigma_max_principal,-0.2207420000331777,0.1022971483986947,0.2207420000331777,0.1022971483986947,400360
case_161,161,rho,sigma_max_principal,0.2249575688083796,0.07868323233129768,0.2249575688083796,0.07868323233129768,400360
case_161,161,rho_normalized,sigma_max_principal,0.22495756880838033,0.07868323233129768,0.22495756880838033,0.07868323233129768,400360
case_161,161,distance_to_inner_proxy,sigma_max_principal,0.22495756880837944,0.07868323233129768,0.22495756880837944,0.07868323233129768,400360
case_161,161,distance_to_outer_proxy,sigma_max_principal,-0.22495756880837958,-0.07868323233129768,0.22495756880837958,0.07868323233129768,400360
case_161,161,weight_loss_rate,sigma_max_principal,-0.3678636128161559,-0.06549668123741259,0.3678636128161559,0.06549668123741259,400360
case_161,161,theta,sigma_max_principal,0.059298798916209906,0.03854901092209555,0.059298798916209906,0.03854901092209555,400360
case_161,161,theta_sin,sigma_max_principal,0.05896498896607265,0.03854901092209555,0.05896498896607265,0.03854901092209555,400360
case_161,161,theta_cos,sigma_max_principal,-0.05814417070064349,-0.03854901092209555,0.05814417070064349,0.03854901092209555,400360
case_162,162,param_field_magnitude_scaled,sigma_max_principal,-0.3097584780110247,-0.28342106039446563,0.3097584780110247,0.28342106039446563,400360
case_162,162,z,sigma_max_principal,0.21465811176327654,0.2738503854154601,0.21465811176327654,0.2738503854154601,400360
case_162,162,fluence_rate,sigma_max_principal,-0.18870430836053323,0.1507116988832431,0.18870430836053323,0.1507116988832431,400360
case_162,162,weight_loss_rate,sigma_max_principal,-0.2109426544452373,-0.08660422236553673,0.2109426544452373,0.08660422236553673,400360
case_162,162,temperature,sigma_max_principal,-0.3657726467095987,-0.07363010411023085,0.3657726467095987,0.07363010411023085,400360
case_162,162,theta,sigma_max_principal,0.050361337218371466,0.03529059178800234,0.050361337218371466,0.03529059178800234,400360
case_162,162,theta_sin,sigma_max_principal,0.04914670371235843,0.03529059178800234,0.04914670371235843,0.03529059178800234,400360
case_162,162,theta_cos,sigma_max_principal,-0.05497694032241477,-0.03529059178800234,0.05497694032241477,0.03529059178800234,400360
case_162,162,rho,sigma_max_principal,0.19836979047870076,0.018313984384057628,0.19836979047870076,0.018313984384057628,400360
case_162,162,rho_normalized,sigma_max_principal,0.19836979047870118,0.018313984384057628,0.19836979047870118,0.018313984384057628,400360
case_162,162,distance_to_inner_proxy,sigma_max_principal,0.19836979047870099,0.018313984384057628,0.19836979047870099,0.018313984384057628,400360
case_162,162,distance_to_outer_proxy,sigma_max_principal,-0.19836979047870096,-0.018313984384057628,0.19836979047870096,0.018313984384057628,400360
case_163,163,z,sigma_max_principal,0.19227265401541688,0.24145538223578294,0.19227265401541688,0.24145538223578294,400360
case_163,163,param_field_magnitude_scaled,sigma_max_principal,-0.18695142225391884,-0.23533563259513743,0.18695142225391884,0.23533563259513743,400360
case_163,163,temperature,sigma_max_principal,-0.25203825194346774,-0.17430478931250362,0.25203825194346774,0.17430478931250362,400360
case_163,163,rho,sigma_max_principal,0.2779474831804451,0.13393640139281698,0.2779474831804451,0.13393640139281698,400360
case_163,163,rho_normalized,sigma_max_principal,0.27794748318044477,0.13393640139281698,0.27794748318044477,0.13393640139281698,400360
case_163,163,distance_to_inner_proxy,sigma_max_principal,0.2779474831804451,0.13393640139281698,0.2779474831804451,0.13393640139281698,400360
case_163,163,distance_to_outer_proxy,sigma_max_principal,-0.2779474831804451,-0.13393640139281698,0.2779474831804451,0.13393640139281698,400360
case_163,163,weight_loss_rate,sigma_max_principal,-0.26804076592265,-0.11799106574878222,0.26804076592265,0.11799106574878222,400360
case_163,163,fluence_rate,sigma_max_principal,-0.24715434403946163,0.05615791014727384,0.24715434403946163,0.05615791014727384,400360
case_163,163,theta,sigma_max_principal,0.04500750664441584,0.03006009490833673,0.04500750664441584,0.03006009490833673,400360
case_163,163,theta_sin,sigma_max_principal,0.04392305266576658,0.03006009490833673,0.04392305266576658,0.03006009490833673,400360
case_163,163,theta_cos,sigma_max_principal,-0.04921902936050801,-0.03006009490833673,0.04921902936050801,0.03006009490833673,400360
case_164,164,param_field_magnitude_scaled,sigma_max_principal,-0.5525361378454038,-0.45238761410270806,0.5525361378454038,0.45238761410270806,400360
case_164,164,z,sigma_max_principal,0.17391272707640854,0.214504172578095,0.17391272707640854,0.214504172578095,400360
case_164,164,rho,sigma_max_principal,0.2327461305079843,0.09314840772917783,0.2327461305079843,0.09314840772917783,400360
case_164,164,rho_normalized,sigma_max_principal,0.2327461305079849,0.09314840772917783,0.2327461305079849,0.09314840772917783,400360
case_164,164,distance_to_inner_proxy,sigma_max_principal,0.23274613050798457,0.09314840772917783,0.23274613050798457,0.09314840772917783,400360
case_164,164,distance_to_outer_proxy,sigma_max_principal,-0.23274613050798407,-0.09314840772917783,0.23274613050798407,0.09314840772917783,400360
case_164,164,temperature,sigma_max_principal,-0.30154396593004246,-0.08133971439444201,0.30154396593004246,0.08133971439444201,400360
case_164,164,fluence_rate,sigma_max_principal,-0.24984710478098462,0.058952459599134296,0.24984710478098462,0.058952459599134296,400360
case_164,164,theta,sigma_max_principal,0.06026839322973444,0.04565502354489163,0.06026839322973444,0.04565502354489163,400360
case_164,164,theta_sin,sigma_max_principal,0.060891272918639376,0.04565502354489163,0.060891272918639376,0.04565502354489163,400360
case_164,164,theta_cos,sigma_max_principal,-0.05281169877753107,-0.04565502354489163,0.05281169877753107,0.04565502354489163,400360
case_164,164,weight_loss_rate,sigma_max_principal,-0.29080908444610504,-0.03316378962400835,0.29080908444610504,0.03316378962400835,400360
case_165,165,fluence_rate,sigma_max_principal,-0.5149951301638505,-0.2573833161929386,0.5149951301638505,0.2573833161929386,400360
case_165,165,rho,sigma_max_principal,0.3581466480414411,0.21949180885255534,0.3581466480414411,0.21949180885255534,400360
case_165,165,rho_normalized,sigma_max_principal,0.3581466480414411,0.21949180885255534,0.3581466480414411,0.21949180885255534,400360
case_165,165,distance_to_inner_proxy,sigma_max_principal,0.358146648041441,0.21949180885255534,0.358146648041441,0.21949180885255534,400360
case_165,165,distance_to_outer_proxy,sigma_max_principal,-0.3581466480414411,-0.21949180885255534,0.3581466480414411,0.21949180885255534,400360
case_165,165,weight_loss_rate,sigma_max_principal,-0.3158421215920869,-0.1675288709730608,0.3158421215920869,0.1675288709730608,400360
case_165,165,temperature,sigma_max_principal,-0.30591938118775275,-0.16294265382604212,0.30591938118775275,0.16294265382604212,400360
case_165,165,param_field_magnitude_scaled,sigma_max_principal,-0.12712960696703485,-0.11444993628215261,0.12712960696703485,0.11444993628215261,400360
case_165,165,z,sigma_max_principal,0.11324112274447612,0.10397775863769276,0.11324112274447612,0.10397775863769276,400360
case_165,165,theta,sigma_max_principal,0.013233841284776724,0.039020345760618455,0.013233841284776724,0.039020345760618455,400360
case_165,165,theta_sin,sigma_max_principal,0.012357693829496539,0.039020345760618455,0.012357693829496539,0.039020345760618455,400360
case_165,165,theta_cos,sigma_max_principal,-0.018138268924755764,-0.039020345760618455,0.018138268924755764,0.039020345760618455,400360
case_166,166,param_field_magnitude_scaled,sigma_max_principal,-0.5401993347181085,-0.4726632653723536,0.5401993347181085,0.4726632653723536,400360
case_166,166,z,sigma_max_principal,0.22169652813092425,0.27442771940369337,0.22169652813092425,0.27442771940369337,400360
case_166,166,fluence_rate,sigma_max_principal,-0.18355464156783977,0.1834069737708091,0.18355464156783977,0.1834069737708091,400360
case_166,166,theta,sigma_max_principal,0.0701650063626583,0.053035233622957825,0.0701650063626583,0.053035233622957825,400360
case_166,166,theta_sin,sigma_max_principal,0.07048277507673982,0.053035233622957825,0.07048277507673982,0.053035233622957825,400360
case_166,166,theta_cos,sigma_max_principal,-0.06387866963797331,-0.053035233622957825,0.06387866963797331,0.053035233622957825,400360
case_166,166,weight_loss_rate,sigma_max_principal,-0.1875692962773301,0.003372669191509944,0.1875692962773301,0.003372669191509944,400360
case_166,166,temperature,sigma_max_principal,-0.38112733848841396,-0.0028232972533859635,0.38112733848841396,0.0028232972533859635,400360
case_166,166,rho,sigma_max_principal,0.1684115286755315,0.0027781233122289102,0.1684115286755315,0.0027781233122289102,400360
case_166,166,rho_normalized,sigma_max_principal,0.16841152867553222,0.0027781233122289102,0.16841152867553222,0.0027781233122289102,400360
case_166,166,distance_to_inner_proxy,sigma_max_principal,0.1684115286755313,0.0027781233122289102,0.1684115286755313,0.0027781233122289102,400360
case_166,166,distance_to_outer_proxy,sigma_max_principal,-0.1684115286755313,-0.0027781233122289102,0.1684115286755313,0.0027781233122289102,400360
case_167,167,param_field_magnitude_scaled,sigma_max_principal,-0.32863691096518083,-0.3000873978043068,0.32863691096518083,0.3000873978043068,400360
case_167,167,z,sigma_max_principal,0.2164206221294211,0.2727985310462871,0.2164206221294211,0.2727985310462871,400360
case_167,167,fluence_rate,sigma_max_principal,-0.19574889332218023,0.14573838366757075,0.19574889332218023,0.14573838366757075,400360
case_167,167,weight_loss_rate,sigma_max_principal,-0.18057495980123858,-0.09165461947599056,0.18057495980123858,0.09165461947599056,400360
case_167,167,temperature,sigma_max_principal,-0.3689893017473893,-0.059007293869658584,0.3689893017473893,0.059007293869658584,400360
case_167,167,rho,sigma_max_principal,0.21442660469563646,0.045945007041346006,0.21442660469563646,0.045945007041346006,400360
case_167,167,rho_normalized,sigma_max_principal,0.21442660469563618,0.045945007041346006,0.21442660469563618,0.045945007041346006,400360
case_167,167,distance_to_inner_proxy,sigma_max_principal,0.2144266046956364,0.045945007041346006,0.2144266046956364,0.045945007041346006,400360
case_167,167,distance_to_outer_proxy,sigma_max_principal,-0.2144266046956364,-0.045945007041346006,0.2144266046956364,0.045945007041346006,400360
case_167,167,theta,sigma_max_principal,0.052999228886378105,0.03328907354969301,0.052999228886378105,0.03328907354969301,400360
case_167,167,theta_sin,sigma_max_principal,0.05188223605222297,0.03328907354969301,0.05188223605222297,0.03328907354969301,400360
case_167,167,theta_cos,sigma_max_principal,-0.056677938015662184,-0.03328907354969301,0.056677938015662184,0.03328907354969301,400360
case_168,168,param_field_magnitude_scaled,sigma_max_principal,-0.5264800109716173,-0.3975583254451211,0.5264800109716173,0.3975583254451211,400360
case_168,168,z,sigma_max_principal,0.2102621178939596,0.26184424695188,0.2102621178939596,0.26184424695188,400360
case_168,168,fluence_rate,sigma_max_principal,-0.16110576795535286,0.19756488206472822,0.16110576795535286,0.19756488206472822,400360
case_168,168,temperature,sigma_max_principal,-0.36918576740930437,-0.07876761057686818,0.36918576740930437,0.07876761057686818,400360
case_168,168,theta,sigma_max_principal,0.06188044072055572,0.036361404905127744,0.06188044072055572,0.036361404905127744,400360
case_168,168,theta_sin,sigma_max_principal,0.06161281453450549,0.036361404905127744,0.06161281453450549,0.036361404905127744,400360
case_168,168,theta_cos,sigma_max_principal,-0.05964855531764202,-0.036361404905127744,0.05964855531764202,0.036361404905127744,400360
case_168,168,rho,sigma_max_principal,0.14655196746713386,-0.028387499720622236,0.14655196746713386,0.028387499720622236,400360
case_168,168,rho_normalized,sigma_max_principal,0.14655196746713414,-0.028387499720622236,0.14655196746713414,0.028387499720622236,400360
case_168,168,distance_to_inner_proxy,sigma_max_principal,0.14655196746713384,-0.028387499720622236,0.14655196746713384,0.028387499720622236,400360
case_168,168,distance_to_outer_proxy,sigma_max_principal,-0.14655196746713384,0.028387499720622236,0.14655196746713384,0.028387499720622236,400360
case_168,168,weight_loss_rate,sigma_max_principal,-0.35395701370704513,-0.01748663050549542,0.35395701370704513,0.01748663050549542,400360
case_169,169,param_field_magnitude_scaled,sigma_max_principal,-0.4733812001563984,-0.3663348509025979,0.4733812001563984,0.3663348509025979,400360
case_169,169,z,sigma_max_principal,0.22499753636959316,0.28760231206773695,0.22499753636959316,0.28760231206773695,400360
case_169,169,fluence_rate,sigma_max_principal,-0.15314685792254895,0.21165202520478468,0.15314685792254895,0.21165202520478468,400360
case_169,169,weight_loss_rate,sigma_max_principal,-0.3060976991638988,-0.09040650123618456,0.3060976991638988,0.09040650123618456,400360
case_169,169,temperature,sigma_max_principal,-0.3374110256421882,-0.02788004792903576,0.3374110256421882,0.02788004792903576,400360
case_169,169,theta,sigma_max_principal,0.05665693059911741,0.02465208357977909,0.05665693059911741,0.02465208357977909,400360
case_169,169,theta_sin,sigma_max_principal,0.05557999454225274,0.02465208357977909,0.05557999454225274,0.02465208357977909,400360
case_169,169,theta_cos,sigma_max_principal,-0.05980657482828929,-0.02465208357977909,0.05980657482828929,0.02465208357977909,400360
case_169,169,rho,sigma_max_principal,0.154078694605263,-0.013375365946145159,0.154078694605263,0.013375365946145159,400360
case_169,169,rho_normalized,sigma_max_principal,0.15407869460526222,-0.013375365946145159,0.15407869460526222,0.013375365946145159,400360
case_169,169,distance_to_inner_proxy,sigma_max_principal,0.15407869460526308,-0.013375365946145159,0.15407869460526308,0.013375365946145159,400360
case_169,169,distance_to_outer_proxy,sigma_max_principal,-0.15407869460526308,0.013375365946145159,0.15407869460526308,0.013375365946145159,400360
case_170,170,param_field_magnitude_scaled,sigma_max_principal,-0.3287755620925682,-0.27154481629559835,0.3287755620925682,0.27154481629559835,400360
case_170,170,z,sigma_max_principal,0.1618726142851885,0.20520991672445035,0.1618726142851885,0.20520991672445035,400360
case_170,170,weight_loss_rate,sigma_max_principal,-0.28207701215068165,-0.09477964676070313,0.28207701215068165,0.09477964676070313,400360
case_170,170,rho,sigma_max_principal,0.25090120911380015,0.08840406249349342,0.25090120911380015,0.08840406249349342,400360
case_170,170,rho_normalized,sigma_max_principal,0.2509012091138005,0.08840406249349342,0.2509012091138005,0.08840406249349342,400360
case_170,170,distance_to_inner_proxy,sigma_max_principal,0.25090120911380037,0.08840406249349342,0.25090120911380037,0.08840406249349342,400360
case_170,170,distance_to_outer_proxy,sigma_max_principal,-0.25090120911380037,-0.08840406249349342,0.25090120911380037,0.08840406249349342,400360
case_170,170,temperature,sigma_max_principal,-0.29119288702620977,-0.06947754691279742,0.29119288702620977,0.06947754691279742,400360
case_170,170,fluence_rate,sigma_max_principal,-0.25415693749242557,0.047473880026843676,0.25415693749242557,0.047473880026843676,400360
case_170,170,theta,sigma_max_principal,0.042103206895483185,0.031197715868368083,0.042103206895483185,0.031197715868368083,400360
case_170,170,theta_sin,sigma_max_principal,0.04145325908083911,0.031197715868368083,0.04145325908083911,0.031197715868368083,400360
case_170,170,theta_cos,sigma_max_principal,-0.04345272804185358,-0.031197715868368083,0.04345272804185358,0.031197715868368083,400360
case_171,171,param_field_magnitude_scaled,sigma_max_principal,-0.494313480047315,-0.38068451377281426,0.494313480047315,0.38068451377281426,400360
case_171,171,z,sigma_max_principal,0.21298042251176189,0.2654910658902184,0.21298042251176189,0.2654910658902184,400360
case_171,171,fluence_rate,sigma_max_principal,-0.20954370616108212,0.1390412955443469,0.20954370616108212,0.1390412955443469,400360
case_171,171,rho,sigma_max_principal,0.20586754019984138,0.053963121261804664,0.20586754019984138,0.053963121261804664,400360
case_171,171,rho_normalized,sigma_max_principal,0.20586754019984116,0.053963121261804664,0.20586754019984116,0.053963121261804664,400360
case_171,171,distance_to_inner_proxy,sigma_max_principal,0.20586754019984127,0.053963121261804664,0.20586754019984127,0.053963121261804664,400360
case_171,171,distance_to_outer_proxy,sigma_max_principal,-0.20586754019984116,-0.053963121261804664,0.20586754019984116,0.053963121261804664,400360
case_171,171,theta,sigma_max_principal,0.05701527893086134,0.03507202212972173,0.05701527893086134,0.03507202212972173,400360
case_171,171,theta_sin,sigma_max_principal,0.05723904373855818,0.03507202212972173,0.05723904373855818,0.03507202212972173,400360
case_171,171,theta_cos,sigma_max_principal,-0.05178745215093233,-0.03507202212972173,0.05178745215093233,0.03507202212972173,400360
case_171,171,weight_loss_rate,sigma_max_principal,-0.2668327113037113,-0.023130218459129097,0.2668327113037113,0.023130218459129097,400360
case_171,171,temperature,sigma_max_principal,-0.23815081605121732,-0.008924812311751514,0.23815081605121732,0.008924812311751514,400360
case_172,172,weight_loss_rate,sigma_max_principal,-0.3703011378314062,-0.44292676360031613,0.3703011378314062,0.44292676360031613,400360
case_172,172,fluence_rate,sigma_max_principal,-0.6212211551292354,-0.3397574162504673,0.6212211551292354,0.3397574162504673,400360
case_172,172,temperature,sigma_max_principal,-0.17933967832915224,-0.14091741479697398,0.17933967832915224,0.14091741479697398,400360
case_172,172,rho,sigma_max_principal,0.31431025109578037,0.13798093273886758,0.31431025109578037,0.13798093273886758,400360
case_172,172,rho_normalized,sigma_max_principal,0.3143102510957797,0.13798093273886758,0.3143102510957797,0.13798093273886758,400360
case_172,172,distance_to_inner_proxy,sigma_max_principal,0.3143102510957804,0.13798093273886758,0.3143102510957804,0.13798093273886758,400360
case_172,172,distance_to_outer_proxy,sigma_max_principal,-0.3143102510957806,-0.13798093273886758,0.3143102510957806,0.13798093273886758,400360
case_172,172,theta,sigma_max_principal,-0.004145154214103022,0.05231959365711901,0.004145154214103022,0.05231959365711901,400360
case_172,172,theta_sin,sigma_max_principal,-0.006416755179663792,0.05231959365711901,0.006416755179663792,0.05231959365711901,400360
case_172,172,theta_cos,sigma_max_principal,-0.011722866053865421,-0.05231959365711901,0.011722866053865421,0.05231959365711901,400360
case_172,172,param_field_magnitude_scaled,sigma_max_principal,0.09106965927673062,-0.015461927992670087,0.09106965927673062,0.015461927992670087,400360
case_172,172,z,sigma_max_principal,0.0336902008704239,-0.014917696331446588,0.0336902008704239,0.014917696331446588,400360
case_173,173,temperature,sigma_max_principal,-0.629736331677843,-0.5306928176560693,0.629736331677843,0.5306928176560693,400360
case_173,173,weight_loss_rate,sigma_max_principal,-0.2767792512271228,-0.3391322618102333,0.2767792512271228,0.3391322618102333,400360
case_173,173,fluence_rate,sigma_max_principal,-0.7104497046153969,-0.2973251525326541,0.7104497046153969,0.2973251525326541,400360
case_173,173,param_field_magnitude_scaled,sigma_max_principal,0.40025499692466543,0.16128806157941705,0.40025499692466543,0.16128806157941705,400360
case_173,173,theta,sigma_max_principal,-0.032382576910879576,0.0393163860153136,0.032382576910879576,0.0393163860153136,400360
case_173,173,theta_sin,sigma_max_principal,-0.037190418420042295,0.0393163860153136,0.037190418420042295,0.0393163860153136,400360
case_173,173,theta_cos,sigma_max_principal,-0.0024040548193375905,-0.0393163860153136,0.0024040548193375905,0.0393163860153136,400360
case_173,173,z,sigma_max_principal,0.04597975875659012,0.017536753431264505,0.04597975875659012,0.017536753431264505,400360
case_173,173,rho,sigma_max_principal,0.24670493015342257,0.002780485179044518,0.24670493015342257,0.002780485179044518,400360
case_173,173,rho_normalized,sigma_max_principal,0.24670493015342235,0.002780485179044518,0.24670493015342235,0.002780485179044518,400360
case_173,173,distance_to_inner_proxy,sigma_max_principal,0.24670493015342254,0.002780485179044518,0.24670493015342254,0.002780485179044518,400360
case_173,173,distance_to_outer_proxy,sigma_max_principal,-0.24670493015342254,-0.002780485179044518,0.24670493015342254,0.002780485179044518,400360
case_174,174,temperature,sigma_max_principal,-0.8287428911326947,-0.4536484133805756,0.8287428911326947,0.4536484133805756,400360
case_174,174,weight_loss_rate,sigma_max_principal,-0.6616089476620136,-0.39665447555600736,0.6616089476620136,0.39665447555600736,400360
case_174,174,fluence_rate,sigma_max_principal,-0.8395750777291352,-0.347747084009292,0.8395750777291352,0.347747084009292,400360
case_174,174,param_field_magnitude_scaled,sigma_max_principal,0.74166857548105,0.14890405504959855,0.74166857548105,0.14890405504959855,400360
case_174,174,rho,sigma_max_principal,0.3105482803293551,0.08054400292491397,0.3105482803293551,0.08054400292491397,400360
case_174,174,rho_normalized,sigma_max_principal,0.31054828032935433,0.08054400292491397,0.31054828032935433,0.08054400292491397,400360
case_174,174,distance_to_inner_proxy,sigma_max_principal,0.3105482803293549,0.08054400292491397,0.3105482803293549,0.08054400292491397,400360
case_174,174,distance_to_outer_proxy,sigma_max_principal,-0.31054828032935505,-0.08054400292491397,0.31054828032935505,0.08054400292491397,400360
case_174,174,theta,sigma_max_principal,-0.052445062351944835,0.07002733843540304,0.052445062351944835,0.07002733843540304,400360
case_174,174,theta_sin,sigma_max_principal,-0.05792247128104248,0.07002733843540304,0.05792247128104248,0.07002733843540304,400360
case_174,174,theta_cos,sigma_max_principal,0.011350552900752969,-0.07002733843540304,0.011350552900752969,0.07002733843540304,400360
case_174,174,z,sigma_max_principal,0.042611465931667314,0.004830810832065639,0.042611465931667314,0.004830810832065639,400360
case_175,175,param_field_magnitude_scaled,sigma_max_principal,-0.5384905477125229,-0.4595166628207611,0.5384905477125229,0.4595166628207611,400360
case_175,175,z,sigma_max_principal,0.20098367048565285,0.2631130898024466,0.20098367048565285,0.2631130898024466,400360
case_175,175,fluence_rate,sigma_max_principal,-0.18396149491171299,0.19777469814625268,0.18396149491171299,0.19777469814625268,400360
case_175,175,temperature,sigma_max_principal,-0.22233512143297576,0.04354983518123686,0.22233512143297576,0.04354983518123686,400360
case_175,175,theta,sigma_max_principal,0.06289944612505713,0.04048944834094114,0.06289944612505713,0.04048944834094114,400360
case_175,175,theta_sin,sigma_max_principal,0.0633879619890833,0.04048944834094114,0.0633879619890833,0.04048944834094114,400360
case_175,175,theta_cos,sigma_max_principal,-0.055734425859993865,-0.04048944834094114,0.055734425859993865,0.04048944834094114,400360
case_175,175,rho,sigma_max_principal,0.1549217100167208,-0.016991407424976845,0.1549217100167208,0.016991407424976845,400360
case_175,175,rho_normalized,sigma_max_principal,0.15492171001671973,-0.016991407424976845,0.15492171001671973,0.016991407424976845,400360
case_175,175,distance_to_inner_proxy,sigma_max_principal,0.15492171001672073,-0.016991407424976845,0.15492171001672073,0.016991407424976845,400360
case_175,175,distance_to_outer_proxy,sigma_max_principal,-0.15492171001672073,0.016991407424976845,0.15492171001672073,0.016991407424976845,400360
case_175,175,weight_loss_rate,sigma_max_principal,-0.3582709815477432,-0.0067717607669007295,0.3582709815477432,0.0067717607669007295,400360
case_176,176,param_field_magnitude_scaled,sigma_max_principal,-0.42237555070692817,-0.29119074157751623,0.42237555070692817,0.29119074157751623,400360
case_176,176,z,sigma_max_principal,0.18511068813786877,0.23108013641500125,0.18511068813786877,0.23108013641500125,400360
case_176,176,fluence_rate,sigma_max_principal,-0.19024864665130403,0.11825432054838562,0.19024864665130403,0.11825432054838562,400360
case_176,176,weight_loss_rate,sigma_max_principal,-0.3607052544159651,-0.0773584703306097,0.3607052544159651,0.0773584703306097,400360
case_176,176,temperature,sigma_max_principal,-0.3495117389024296,-0.07060298850488055,0.3495117389024296,0.07060298850488055,400360
case_176,176,theta,sigma_max_principal,0.046623811352551926,0.021992033845820793,0.046623811352551926,0.021992033845820793,400360
case_176,176,theta_sin,sigma_max_principal,0.04502779882825848,0.021992033845820793,0.04502779882825848,0.021992033845820793,400360
case_176,176,theta_cos,sigma_max_principal,-0.05387557989360117,-0.021992033845820793,0.05387557989360117,0.021992033845820793,400360
case_176,176,rho,sigma_max_principal,0.17166439017109134,-0.004162017987120639,0.17166439017109134,0.004162017987120639,400360
case_176,176,rho_normalized,sigma_max_principal,0.17166439017109064,-0.004162017987120639,0.17166439017109064,0.004162017987120639,400360
case_176,176,distance_to_inner_proxy,sigma_max_principal,0.17166439017109134,-0.004162017987120639,0.17166439017109134,0.004162017987120639,400360
case_176,176,distance_to_outer_proxy,sigma_max_principal,-0.1716643901710912,0.004162017987120639,0.1716643901710912,0.004162017987120639,400360
case_177,177,temperature,sigma_max_principal,-0.7810776502339942,-0.423729418791013,0.7810776502339942,0.423729418791013,400360
case_177,177,fluence_rate,sigma_max_principal,-0.7943338518536768,-0.35721228572446145,0.7943338518536768,0.35721228572446145,400360
case_177,177,weight_loss_rate,sigma_max_principal,-0.227605015923738,-0.3096094248452901,0.227605015923738,0.3096094248452901,400360
case_177,177,param_field_magnitude_scaled,sigma_max_principal,0.5956087784263371,0.23529542175724774,0.5956087784263371,0.23529542175724774,400360
case_177,177,rho,sigma_max_principal,0.30255720397519076,0.06601303261870833,0.30255720397519076,0.06601303261870833,400360
case_177,177,rho_normalized,sigma_max_principal,0.3025572039751891,0.06601303261870833,0.3025572039751891,0.06601303261870833,400360
case_177,177,distance_to_inner_proxy,sigma_max_principal,0.30255720397519087,0.06601303261870833,0.30255720397519087,0.06601303261870833,400360
case_177,177,distance_to_outer_proxy,sigma_max_principal,-0.30255720397519087,-0.06601303261870833,0.30255720397519087,0.06601303261870833,400360
case_177,177,theta,sigma_max_principal,-0.05255268438111806,0.03449925629155737,0.05255268438111806,0.03449925629155737,400360
case_177,177,theta_sin,sigma_max_principal,-0.05780038369040686,0.03449925629155737,0.05780038369040686,0.03449925629155737,400360
case_177,177,theta_cos,sigma_max_principal,0.013914373129657496,-0.03449925629155737,0.013914373129657496,0.03449925629155737,400360
case_177,177,z,sigma_max_principal,0.04310903725335669,0.009760794280589891,0.04310903725335669,0.009760794280589891,400360
case_178,178,param_field_magnitude_scaled,sigma_max_principal,-0.39229703948302885,-0.3255109508278081,0.39229703948302885,0.3255109508278081,400360
case_178,178,z,sigma_max_principal,0.21066521308328798,0.2712452075142876,0.21066521308328798,0.2712452075142876,400360
case_178,178,fluence_rate,sigma_max_principal,-0.19117055159805357,0.1527996994591809,0.19117055159805357,0.1527996994591809,400360
case_178,178,weight_loss_rate,sigma_max_principal,-0.32810808927815993,-0.1354164067535314,0.32810808927815993,0.1354164067535314,400360
case_178,178,rho,sigma_max_principal,0.19987353677907618,0.04439082429450185,0.19987353677907618,0.04439082429450185,400360
case_178,178,rho_normalized,sigma_max_principal,0.19987353677907538,0.04439082429450185,0.19987353677907538,0.04439082429450185,400360
case_178,178,distance_to_inner_proxy,sigma_max_principal,0.19987353677907618,0.04439082429450185,0.19987353677907618,0.04439082429450185,400360
case_178,178,distance_to_outer_proxy,sigma_max_principal,-0.1998735367790763,-0.04439082429450185,0.1998735367790763,0.04439082429450185,400360
case_178,178,temperature,sigma_max_principal,-0.2610094680679824,-0.035104032096526384,0.2610094680679824,0.035104032096526384,400360
case_178,178,theta,sigma_max_principal,0.05390714871906829,0.029403765495970385,0.05390714871906829,0.029403765495970385,400360
case_178,178,theta_sin,sigma_max_principal,0.05311179903203715,0.029403765495970385,0.05311179903203715,0.029403765495970385,400360
case_178,178,theta_cos,sigma_max_principal,-0.05562039689657009,-0.029403765495970385,0.05562039689657009,0.029403765495970385,400360
case_179,179,param_field_magnitude_scaled,sigma_max_principal,-0.5208663937385185,-0.42751203831065115,0.5208663937385185,0.42751203831065115,400360
case_179,179,z,sigma_max_principal,0.23285529206586747,0.29025890307729185,0.23285529206586747,0.29025890307729185,400360
case_179,179,fluence_rate,sigma_max_principal,-0.1443252803813799,0.2290220852218694,0.1443252803813799,0.2290220852218694,400360
case_179,179,weight_loss_rate,sigma_max_principal,-0.35965501590870863,-0.06888325419896596,0.35965501590870863,0.06888325419896596,400360
case_179,179,temperature,sigma_max_principal,-0.32637958920853355,0.065043035098135,0.32637958920853355,0.065043035098135,400360
case_179,179,rho,sigma_max_principal,0.1303705938886414,-0.04953279894902821,0.1303705938886414,0.04953279894902821,400360
case_179,179,rho_normalized,sigma_max_principal,0.1303705938886408,-0.04953279894902821,0.1303705938886408,0.04953279894902821,400360
case_179,179,distance_to_inner_proxy,sigma_max_principal,0.13037059388864153,-0.04953279894902821,0.13037059388864153,0.04953279894902821,400360
case_179,179,distance_to_outer_proxy,sigma_max_principal,-0.13037059388864136,0.04953279894902821,0.13037059388864136,0.04953279894902821,400360
case_179,179,theta,sigma_max_principal,0.06831572751308282,0.04734993140817338,0.06831572751308282,0.04734993140817338,400360
case_179,179,theta_sin,sigma_max_principal,0.06810300702261605,0.04734993140817338,0.06810300702261605,0.04734993140817338,400360
case_179,179,theta_cos,sigma_max_principal,-0.06561419871043929,-0.04734993140817338,0.06561419871043929,0.04734993140817338,400360
case_180,180,param_field_magnitude_scaled,sigma_max_principal,-0.557335113360929,-0.4606047507291497,0.557335113360929,0.4606047507291497,400360
case_180,180,z,sigma_max_principal,0.17286756481300325,0.2154204301445289,0.17286756481300325,0.2154204301445289,400360
case_180,180,rho,sigma_max_principal,0.2626685916386945,0.14094609451288598,0.2626685916386945,0.14094609451288598,400360
case_180,180,rho_normalized,sigma_max_principal,0.26266859163869577,0.14094609451288598,0.26266859163869577,0.14094609451288598,400360
case_180,180,distance_to_inner_proxy,sigma_max_principal,0.26266859163869427,0.14094609451288598,0.26266859163869427,0.14094609451288598,400360
case_180,180,distance_to_outer_proxy,sigma_max_principal,-0.26266859163869427,-0.14094609451288598,0.26266859163869427,0.14094609451288598,400360
case_180,180,temperature,sigma_max_principal,-0.2949967251914779,-0.11445283356773374,0.2949967251914779,0.11445283356773374,400360
case_180,180,weight_loss_rate,sigma_max_principal,-0.27510203758826607,-0.05798290329470419,0.27510203758826607,0.05798290329470419,400360
case_180,180,theta,sigma_max_principal,0.05723837875175673,0.04188882748812303,0.05723837875175673,0.04188882748812303,400360
case_180,180,theta_sin,sigma_max_principal,0.05784559950898607,0.04188882748812303,0.05784559950898607,0.04188882748812303,400360
case_180,180,theta_cos,sigma_max_principal,-0.04996254477458485,-0.04188882748812303,0.04996254477458485,0.04188882748812303,400360
case_180,180,fluence_rate,sigma_max_principal,-0.2664160799862161,0.02654140573535917,0.2664160799862161,0.02654140573535917,400360
case_181,181,param_field_magnitude_scaled,sigma_max_principal,-0.45550216818690337,-0.3295573073730178,0.45550216818690337,0.3295573073730178,400360
case_181,181,z,sigma_max_principal,0.18878142432287515,0.22650059887523052,0.18878142432287515,0.22650059887523052,400360
case_181,181,fluence_rate,sigma_max_principal,-0.2056527028658063,0.09135067844263045,0.2056527028658063,0.09135067844263045,400360
case_181,181,weight_loss_rate,sigma_max_principal,-0.30810528262938686,-0.05358991997687611,0.30810528262938686,0.05358991997687611,400360
case_181,181,theta,sigma_max_principal,0.05426139752192771,0.03762625853301097,0.05426139752192771,0.03762625853301097,400360
case_181,181,theta_sin,sigma_max_principal,0.05357584911331197,0.03762625853301097,0.05357584911331197,0.03762625853301097,400360
case_181,181,theta_cos,sigma_max_principal,-0.05529867508655325,-0.03762625853301097,0.05529867508655325,0.03762625853301097,400360
case_181,181,temperature,sigma_max_principal,-0.3679631105386866,-0.01660588290264494,0.3679631105386866,0.01660588290264494,400360
case_181,181,rho,sigma_max_principal,0.18461278612280313,0.010366687838979644,0.18461278612280313,0.010366687838979644,400360
case_181,181,rho_normalized,sigma_max_principal,0.18461278612280313,0.010366687838979644,0.18461278612280313,0.010366687838979644,400360
case_181,181,distance_to_inner_proxy,sigma_max_principal,0.18461278612280294,0.010366687838979644,0.18461278612280294,0.010366687838979644,400360
case_181,181,distance_to_outer_proxy,sigma_max_principal,-0.18461278612280307,-0.010366687838979644,0.18461278612280307,0.010366687838979644,400360
case_182,182,param_field_magnitude_scaled,sigma_max_principal,-0.5443892790125476,-0.4618480488753907,0.5443892790125476,0.4618480488753907,400360
case_182,182,z,sigma_max_principal,0.2057601096994637,0.2690154316018175,0.2057601096994637,0.2690154316018175,400360
case_182,182,fluence_rate,sigma_max_principal,-0.17305326126893103,0.220944948725098,0.17305326126893103,0.220944948725098,400360
case_182,182,temperature,sigma_max_principal,-0.29357672739058516,0.04651421491889074,0.29357672739058516,0.04651421491889074,400360
case_182,182,theta,sigma_max_principal,0.06603902532729353,0.04437214623278897,0.06603902532729353,0.04437214623278897,400360
case_182,182,theta_sin,sigma_max_principal,0.06609703656382318,0.04437214623278897,0.06609703656382318,0.04437214623278897,400360
case_182,182,theta_cos,sigma_max_principal,-0.061687945218613066,-0.04437214623278897,0.061687945218613066,0.04437214623278897,400360
case_182,182,weight_loss_rate,sigma_max_principal,-0.3399442124191422,0.03898867493559481,0.3399442124191422,0.03898867493559481,400360
case_182,182,rho,sigma_max_principal,0.1409992448758424,-0.0380155656047265,0.1409992448758424,0.0380155656047265,400360
case_182,182,rho_normalized,sigma_max_principal,0.1409992448758423,-0.0380155656047265,0.1409992448758423,0.0380155656047265,400360
case_182,182,distance_to_inner_proxy,sigma_max_principal,0.14099924487584237,-0.0380155656047265,0.14099924487584237,0.0380155656047265,400360
case_182,182,distance_to_outer_proxy,sigma_max_principal,-0.14099924487584242,0.0380155656047265,0.14099924487584242,0.0380155656047265,400360
case_183,183,param_field_magnitude_scaled,sigma_max_principal,-0.514636885576997,-0.4304057830211712,0.514636885576997,0.4304057830211712,400360
case_183,183,z,sigma_max_principal,0.22827923344417123,0.28958232805750905,0.22827923344417123,0.28958232805750905,400360
case_183,183,fluence_rate,sigma_max_principal,-0.13704462936845277,0.24897080792244775,0.13704462936845277,0.24897080792244775,400360
case_183,183,rho,sigma_max_principal,0.1214641400381164,-0.059390347421226286,0.1214641400381164,0.059390347421226286,400360
case_183,183,rho_normalized,sigma_max_principal,0.12146414003811579,-0.059390347421226286,0.12146414003811579,0.059390347421226286,400360
case_183,183,distance_to_inner_proxy,sigma_max_principal,0.12146414003811645,-0.059390347421226286,0.12146414003811645,0.059390347421226286,400360
case_183,183,distance_to_outer_proxy,sigma_max_principal,-0.12146414003811645,0.059390347421226286,0.12146414003811645,0.059390347421226286,400360
case_183,183,weight_loss_rate,sigma_max_principal,-0.32756575972113355,0.042509781116212245,0.32756575972113355,0.042509781116212245,400360
case_183,183,theta,sigma_max_principal,0.0641162653824577,0.037036597935186336,0.0641162653824577,0.037036597935186336,400360
case_183,183,theta_sin,sigma_max_principal,0.06391697359035413,0.037036597935186336,0.06391697359035413,0.037036597935186336,400360
case_183,183,theta_cos,sigma_max_principal,-0.061257918934177535,-0.037036597935186336,0.061257918934177535,0.037036597935186336,400360
case_183,183,temperature,sigma_max_principal,-0.3514708247136227,-0.029165519436190217,0.3514708247136227,0.029165519436190217,400360
case_184,184,param_field_magnitude_scaled,sigma_max_principal,-0.5225975552669184,-0.4280259043710198,0.5225975552669184,0.4280259043710198,400360
case_184,184,z,sigma_max_principal,0.23372837609772795,0.3047003469265976,0.23372837609772795,0.3047003469265976,400360
case_184,184,fluence_rate,sigma_max_principal,-0.14103634283180524,0.2420761353913137,0.14103634283180524,0.2420761353913137,400360
case_184,184,weight_loss_rate,sigma_max_principal,-0.32119132598238437,0.05386387325056162,0.32119132598238437,0.05386387325056162,400360
case_184,184,rho,sigma_max_principal,0.13001857659925528,-0.03916293290468014,0.13001857659925528,0.03916293290468014,400360
case_184,184,rho_normalized,sigma_max_principal,0.13001857659925545,-0.03916293290468014,0.13001857659925545,0.03916293290468014,400360
case_184,184,distance_to_inner_proxy,sigma_max_principal,0.13001857659925523,-0.03916293290468014,0.13001857659925523,0.03916293290468014,400360
case_184,184,distance_to_outer_proxy,sigma_max_principal,-0.1300185765992552,0.03916293290468014,0.1300185765992552,0.03916293290468014,400360
case_184,184,theta,sigma_max_principal,0.06511379226454582,0.035316682896376926,0.06511379226454582,0.035316682896376926,400360
case_184,184,theta_sin,sigma_max_principal,0.06468286045314764,0.035316682896376926,0.06468286045314764,0.035316682896376926,400360
case_184,184,theta_cos,sigma_max_principal,-0.06363307318935948,-0.035316682896376926,0.06363307318935948,0.035316682896376926,400360
case_184,184,temperature,sigma_max_principal,-0.32233879921006775,0.028138067847057562,0.32233879921006775,0.028138067847057562,400360
case_185,185,param_field_magnitude_scaled,sigma_max_principal,-0.5403945076265569,-0.4388891947923278,0.5403945076265569,0.4388891947923278,400360
case_185,185,z,sigma_max_principal,0.19946880445442314,0.2530808276600357,0.19946880445442314,0.2530808276600357,400360
case_185,185,fluence_rate,sigma_max_principal,-0.18015485047363214,0.18468172794157714,0.18015485047363214,0.18468172794157714,400360
case_185,185,theta,sigma_max_principal,0.06165754406682628,0.04021270730130103,0.06165754406682628,0.04021270730130103,400360
case_185,185,theta_sin,sigma_max_principal,0.061669487313787866,0.04021270730130103,0.061669487313787866,0.04021270730130103,400360
case_185,185,theta_cos,sigma_max_principal,-0.05771059255222883,-0.04021270730130103,0.05771059255222883,0.04021270730130103,400360
case_185,185,weight_loss_rate,sigma_max_principal,-0.278005523993229,0.028575982992273822,0.278005523993229,0.028575982992273822,400360
case_185,185,temperature,sigma_max_principal,-0.35484534202611095,0.007669735637455802,0.35484534202611095,0.007669735637455802,400360
case_185,185,rho,sigma_max_principal,0.16711553670724244,-0.002429821220190177,0.16711553670724244,0.002429821220190177,400360
case_185,185,rho_normalized,sigma_max_principal,0.16711553670724325,-0.002429821220190177,0.16711553670724325,0.002429821220190177,400360
case_185,185,distance_to_inner_proxy,sigma_max_principal,0.16711553670724247,-0.002429821220190177,0.16711553670724247,0.002429821220190177,400360
case_185,185,distance_to_outer_proxy,sigma_max_principal,-0.1671155367072426,0.002429821220190177,0.1671155367072426,0.002429821220190177,400360
case_186,186,param_field_magnitude_scaled,sigma_max_principal,-0.49353271774524443,-0.34401875614137645,0.49353271774524443,0.34401875614137645,400360
case_186,186,z,sigma_max_principal,0.16532906341325665,0.20178096369737633,0.16532906341325665,0.20178096369737633,400360
case_186,186,weight_loss_rate,sigma_max_principal,-0.40823206595917744,-0.15918757070791284,0.40823206595917744,0.15918757070791284,400360
case_186,186,fluence_rate,sigma_max_principal,-0.20432071034754637,0.10772043322100577,0.20432071034754637,0.10772043322100577,400360
case_186,186,temperature,sigma_max_principal,-0.3156173252396456,-0.05645570997685863,0.3156173252396456,0.05645570997685863,400360
case_186,186,theta,sigma_max_principal,0.06438050704854728,0.054030588234692825,0.06438050704854728,0.054030588234692825,400360
case_186,186,theta_sin,sigma_max_principal,0.06423493064565812,0.054030588234692825,0.06423493064565812,0.054030588234692825,400360
case_186,186,theta_cos,sigma_max_principal,-0.061856752092574095,-0.054030588234692825,0.061856752092574095,0.054030588234692825,400360
case_186,186,rho,sigma_max_principal,0.18319114605261358,0.006944506808867157,0.18319114605261358,0.006944506808867157,400360
case_186,186,rho_normalized,sigma_max_principal,0.18319114605261355,0.006944506808867157,0.18319114605261355,0.006944506808867157,400360
case_186,186,distance_to_inner_proxy,sigma_max_principal,0.18319114605261363,0.006944506808867157,0.18319114605261363,0.006944506808867157,400360
case_186,186,distance_to_outer_proxy,sigma_max_principal,-0.18319114605261355,-0.006944506808867157,0.18319114605261355,0.006944506808867157,400360
case_187,187,param_field_magnitude_scaled,sigma_max_principal,-0.5270283792626939,-0.4465512613477027,0.5270283792626939,0.4465512613477027,400360
case_187,187,z,sigma_max_principal,0.23094940224454982,0.2995081585431034,0.23094940224454982,0.2995081585431034,400360
case_187,187,fluence_rate,sigma_max_principal,-0.13785629873106997,0.2508231471481742,0.13785629873106997,0.2508231471481742,400360
case_187,187,weight_loss_rate,sigma_max_principal,-0.3260480835430565,0.06706433825447869,0.3260480835430565,0.06706433825447869,400360
case_187,187,rho,sigma_max_principal,0.1296516568396924,-0.03930372229742712,0.1296516568396924,0.03930372229742712,400360
case_187,187,rho_normalized,sigma_max_principal,0.12965165683969276,-0.03930372229742712,0.12965165683969276,0.03930372229742712,400360
case_187,187,distance_to_inner_proxy,sigma_max_principal,0.1296516568396926,-0.03930372229742712,0.1296516568396926,0.03930372229742712,400360
case_187,187,distance_to_outer_proxy,sigma_max_principal,-0.12965165683969246,0.03930372229742712,0.12965165683969246,0.03930372229742712,400360
case_187,187,theta,sigma_max_principal,0.06502415814978776,0.03550352484061769,0.06502415814978776,0.03550352484061769,400360
case_187,187,theta_sin,sigma_max_principal,0.06463043224999582,0.03550352484061769,0.06463043224999582,0.03550352484061769,400360
case_187,187,theta_cos,sigma_max_principal,-0.06328132754713318,-0.03550352484061769,0.06328132754713318,0.03550352484061769,400360
case_187,187,temperature,sigma_max_principal,-0.3327230076282642,0.010938266005851483,0.3327230076282642,0.010938266005851483,400360
case_188,188,param_field_magnitude_scaled,sigma_max_principal,-0.5388516995658958,-0.4513198283964072,0.5388516995658958,0.4513198283964072,400360
case_188,188,z,sigma_max_principal,0.19751613943171392,0.2545531690714758,0.19751613943171392,0.2545531690714758,400360
case_188,188,fluence_rate,sigma_max_principal,-0.16344628569241562,0.21787372035210184,0.16344628569241562,0.21787372035210184,400360
case_188,188,temperature,sigma_max_principal,-0.28606433502813616,0.0568520886682651,0.28606433502813616,0.0568520886682651,400360
case_188,188,theta,sigma_max_principal,0.06516054453773112,0.04414742189788822,0.06516054453773112,0.04414742189788822,400360
case_188,188,theta_sin,sigma_max_principal,0.0651235842352902,0.04414742189788822,0.0651235842352902,0.04414742189788822,400360
case_188,188,theta_cos,sigma_max_principal,-0.06147842811179283,-0.04414742189788822,0.06147842811179283,0.04414742189788822,400360
case_188,188,rho,sigma_max_principal,0.14061999466279515,-0.03994531961768291,0.14061999466279515,0.03994531961768291,400360
case_188,188,rho_normalized,sigma_max_principal,0.14061999466279432,-0.03994531961768291,0.14061999466279432,0.03994531961768291,400360
case_188,188,distance_to_inner_proxy,sigma_max_principal,0.14061999466279512,-0.03994531961768291,0.14061999466279512,0.03994531961768291,400360
case_188,188,distance_to_outer_proxy,sigma_max_principal,-0.14061999466279512,0.03994531961768291,0.14061999466279512,0.03994531961768291,400360
case_188,188,weight_loss_rate,sigma_max_principal,-0.3652092551639881,-0.03367160857086456,0.3652092551639881,0.03367160857086456,400360
case_189,189,param_field_magnitude_scaled,sigma_max_principal,-0.5243212832987624,-0.44802008336276766,0.5243212832987624,0.44802008336276766,400360
case_189,189,z,sigma_max_principal,0.24017994844573717,0.3056390640992377,0.24017994844573717,0.3056390640992377,400360
case_189,189,fluence_rate,sigma_max_principal,-0.1413373096504295,0.2532329617580504,0.1413373096504295,0.2532329617580504,400360
case_189,189,rho,sigma_max_principal,0.12876417836266812,-0.04844030712768769,0.12876417836266812,0.04844030712768769,400360
case_189,189,rho_normalized,sigma_max_principal,0.12876417836266776,-0.04844030712768769,0.12876417836266776,0.04844030712768769,400360
case_189,189,distance_to_inner_proxy,sigma_max_principal,0.12876417836266818,-0.04844030712768769,0.12876417836266818,0.04844030712768769,400360
case_189,189,distance_to_outer_proxy,sigma_max_principal,-0.12876417836266849,0.04844030712768769,0.12876417836266849,0.04844030712768769,400360
case_189,189,theta,sigma_max_principal,0.0595378262704986,0.030051024049461486,0.0595378262704986,0.030051024049461486,400360
case_189,189,theta_sin,sigma_max_principal,0.05936122904973454,0.030051024049461486,0.05936122904973454,0.030051024049461486,400360
case_189,189,theta_cos,sigma_max_principal,-0.056598445847081784,-0.030051024049461486,0.056598445847081784,0.030051024049461486,400360
case_189,189,weight_loss_rate,sigma_max_principal,-0.3369495799570224,0.018164364638476697,0.3369495799570224,0.018164364638476697,400360
case_189,189,temperature,sigma_max_principal,-0.34485072006668294,-0.0010585985505737188,0.34485072006668294,0.0010585985505737188,400360
case_190,190,param_field_magnitude_scaled,sigma_max_principal,-0.5216932324449718,-0.45903433735142224,0.5216932324449718,0.45903433735142224,400360
case_190,190,z,sigma_max_principal,0.2418295662344368,0.30644692743428426,0.2418295662344368,0.30644692743428426,400360
case_190,190,fluence_rate,sigma_max_principal,-0.12710560769163676,0.27153704811395735,0.12710560769163676,0.27153704811395735,400360
case_190,190,rho,sigma_max_principal,0.11630985804890169,-0.06474068480183427,0.11630985804890169,0.06474068480183427,400360
case_190,190,rho_normalized,sigma_max_principal,0.11630985804890152,-0.06474068480183427,0.11630985804890152,0.06474068480183427,400360
case_190,190,distance_to_inner_proxy,sigma_max_principal,0.11630985804890183,-0.06474068480183427,0.11630985804890183,0.06474068480183427,400360
case_190,190,distance_to_outer_proxy,sigma_max_principal,-0.11630985804890187,0.06474068480183427,0.11630985804890187,0.06474068480183427,400360
case_190,190,theta,sigma_max_principal,0.0729364875033223,0.05041059107956778,0.0729364875033223,0.05041059107956778,400360
case_190,190,theta_sin,sigma_max_principal,0.07277875217554372,0.05041059107956778,0.07277875217554372,0.05041059107956778,400360
case_190,190,theta_cos,sigma_max_principal,-0.06963385504512257,-0.05041059107956778,0.06963385504512257,0.05041059107956778,400360
case_190,190,temperature,sigma_max_principal,-0.31493506721488423,0.03689952836586906,0.31493506721488423,0.03689952836586906,400360
case_190,190,weight_loss_rate,sigma_max_principal,-0.345351354323071,0.02869202421285324,0.345351354323071,0.02869202421285324,400360
case_191,191,param_field_magnitude_scaled,sigma_max_principal,-0.5396134370942093,-0.44581943612609903,0.5396134370942093,0.44581943612609903,400360
case_191,191,z,sigma_max_principal,0.22128278660523057,0.282010991975102,0.22128278660523057,0.282010991975102,400360
case_191,191,fluence_rate,sigma_max_principal,-0.15337391679686443,0.24389695169025252,0.15337391679686443,0.24389695169025252,400360
case_191,191,weight_loss_rate,sigma_max_principal,-0.3219642957308414,0.06028883751033134,0.3219642957308414,0.06028883751033134,400360
case_191,191,rho,sigma_max_principal,0.13310541173546706,-0.04251483518025824,0.13310541173546706,0.04251483518025824,400360
case_191,191,rho_normalized,sigma_max_principal,0.13310541173546755,-0.04251483518025824,0.13310541173546755,0.04251483518025824,400360
case_191,191,distance_to_inner_proxy,sigma_max_principal,0.133105411735467,-0.04251483518025824,0.133105411735467,0.04251483518025824,400360
case_191,191,distance_to_outer_proxy,sigma_max_principal,-0.13310541173546708,0.04251483518025824,0.13310541173546708,0.04251483518025824,400360
case_191,191,theta,sigma_max_principal,0.0662809690760582,0.040197072474317565,0.0662809690760582,0.040197072474317565,400360
case_191,191,theta_sin,sigma_max_principal,0.06620865569306232,0.040197072474317565,0.06620865569306232,0.040197072474317565,400360
case_191,191,theta_cos,sigma_max_principal,-0.06255465602181626,-0.040197072474317565,0.06255465602181626,0.040197072474317565,400360
case_191,191,temperature,sigma_max_principal,-0.34611805767961723,-0.0009274699452038393,0.34611805767961723,0.0009274699452038393,400360
case_192,192,param_field_magnitude_scaled,sigma_max_principal,-0.5280910056837695,-0.44124461585757,0.5280910056837695,0.44124461585757,400360
case_192,192,z,sigma_max_principal,0.23638809452038437,0.29502915954187825,0.23638809452038437,0.29502915954187825,400360
case_192,192,fluence_rate,sigma_max_principal,-0.1451894775037104,0.23051463928686788,0.1451894775037104,0.23051463928686788,400360
case_192,192,temperature,sigma_max_principal,-0.32583981198019846,0.07023453253350839,0.32583981198019846,0.07023453253350839,400360
case_192,192,weight_loss_rate,sigma_max_principal,-0.3226952617880195,0.04689067419467163,0.3226952617880195,0.04689067419467163,400360
case_192,192,rho,sigma_max_principal,0.132265352344862,-0.04562495673490239,0.132265352344862,0.04562495673490239,400360
case_192,192,rho_normalized,sigma_max_principal,0.13226535234486209,-0.04562495673490239,0.13226535234486209,0.04562495673490239,400360
case_192,192,distance_to_inner_proxy,sigma_max_principal,0.13226535234486209,-0.04562495673490239,0.13226535234486209,0.04562495673490239,400360
case_192,192,distance_to_outer_proxy,sigma_max_principal,-0.13226535234486209,0.04562495673490239,0.13226535234486209,0.04562495673490239,400360
case_192,192,theta,sigma_max_principal,0.06433430599980136,0.03808171968078969,0.06433430599980136,0.03808171968078969,400360
case_192,192,theta_sin,sigma_max_principal,0.06401649432500556,0.03808171968078969,0.06401649432500556,0.03808171968078969,400360
case_192,192,theta_cos,sigma_max_principal,-0.062324148540750614,-0.03808171968078969,0.062324148540750614,0.03808171968078969,400360
case_193,193,param_field_magnitude_scaled,sigma_max_principal,-0.5397621705855858,-0.44046293799239994,0.5397621705855858,0.44046293799239994,400360
case_193,193,z,sigma_max_principal,0.19253811727443115,0.2438016706321681,0.19253811727443115,0.2438016706321681,400360
case_193,193,fluence_rate,sigma_max_principal,-0.185042176347914,0.18447818263558344,0.185042176347914,0.18447818263558344,400360
case_193,193,theta,sigma_max_principal,0.05774538717503518,0.03323279436643397,0.05774538717503518,0.03323279436643397,400360
case_193,193,theta_sin,sigma_max_principal,0.05780763596368446,0.03323279436643397,0.05780763596368446,0.03323279436643397,400360
case_193,193,theta_cos,sigma_max_principal,-0.05352539409340303,-0.03323279436643397,0.05352539409340303,0.03323279436643397,400360
case_193,193,temperature,sigma_max_principal,-0.2767824016510097,0.032490823084306744,0.2767824016510097,0.032490823084306744,400360
case_193,193,weight_loss_rate,sigma_max_principal,-0.36809891378785786,-0.02512120783961325,0.36809891378785786,0.02512120783961325,400360
case_193,193,rho,sigma_max_principal,0.16193343598318324,-0.012468972847228168,0.16193343598318324,0.012468972847228168,400360
case_193,193,rho_normalized,sigma_max_principal,0.1619334359831822,-0.012468972847228168,0.1619334359831822,0.012468972847228168,400360
case_193,193,distance_to_inner_proxy,sigma_max_principal,0.16193343598318324,-0.012468972847228168,0.16193343598318324,0.012468972847228168,400360
case_193,193,distance_to_outer_proxy,sigma_max_principal,-0.16193343598318308,0.012468972847228168,0.16193343598318308,0.012468972847228168,400360
case_194,194,param_field_magnitude_scaled,sigma_max_principal,-0.48384960343247324,-0.3802567332101205,0.48384960343247324,0.3802567332101205,400360
case_194,194,z,sigma_max_principal,0.21186211213170444,0.26727197352783444,0.21186211213170444,0.26727197352783444,400360
case_194,194,fluence_rate,sigma_max_principal,-0.14728897295241639,0.19061363076168716,0.14728897295241639,0.19061363076168716,400360
case_194,194,theta,sigma_max_principal,0.0644299415899468,0.043261558342001946,0.0644299415899468,0.043261558342001946,400360
case_194,194,theta_sin,sigma_max_principal,0.06367087771467747,0.043261558342001946,0.06367087771467747,0.043261558342001946,400360
case_194,194,theta_cos,sigma_max_principal,-0.06558673074712441,-0.043261558342001946,0.06558673074712441,0.043261558342001946,400360
case_194,194,rho,sigma_max_principal,0.1413744399352619,-0.03707523098189537,0.1413744399352619,0.03707523098189537,400360
case_194,194,rho_normalized,sigma_max_principal,0.14137443993526194,-0.03707523098189537,0.14137443993526194,0.03707523098189537,400360
case_194,194,distance_to_inner_proxy,sigma_max_principal,0.14137443993526191,-0.03707523098189537,0.14137443993526191,0.03707523098189537,400360
case_194,194,distance_to_outer_proxy,sigma_max_principal,-0.14137443993526191,0.03707523098189537,0.14137443993526191,0.03707523098189537,400360
case_194,194,temperature,sigma_max_principal,-0.33248250544032815,0.02615632929582292,0.33248250544032815,0.02615632929582292,400360
case_194,194,weight_loss_rate,sigma_max_principal,-0.3547235602882625,0.008962541434125325,0.3547235602882625,0.008962541434125325,400360
case_195,195,param_field_magnitude_scaled,sigma_max_principal,-0.5319592800816324,-0.4555491387311779,0.5319592800816324,0.4555491387311779,400360
case_195,195,z,sigma_max_principal,0.23381418773258825,0.29815924467400695,0.23381418773258825,0.29815924467400695,400360
case_195,195,fluence_rate,sigma_max_principal,-0.13081107517311807,0.2711216048431808,0.13081107517311807,0.2711216048431808,400360
case_195,195,temperature,sigma_max_principal,-0.3383395900652421,0.061981789639273886,0.3383395900652421,0.061981789639273886,400360
case_195,195,rho,sigma_max_principal,0.1204511290368742,-0.05853260206952077,0.1204511290368742,0.05853260206952077,400360
case_195,195,rho_normalized,sigma_max_principal,0.12045112903687502,-0.05853260206952077,0.12045112903687502,0.05853260206952077,400360
case_195,195,distance_to_inner_proxy,sigma_max_principal,0.12045112903687435,-0.05853260206952077,0.12045112903687435,0.05853260206952077,400360
case_195,195,distance_to_outer_proxy,sigma_max_principal,-0.1204511290368742,0.05853260206952077,0.1204511290368742,0.05853260206952077,400360
case_195,195,weight_loss_rate,sigma_max_principal,-0.32100709150167744,0.05353851592572893,0.32100709150167744,0.05353851592572893,400360
case_195,195,theta,sigma_max_principal,0.06109787863075989,0.028957804021555393,0.06109787863075989,0.028957804021555393,400360
case_195,195,theta_sin,sigma_max_principal,0.060782975052319985,0.028957804021555393,0.060782975052319985,0.028957804021555393,400360
case_195,195,theta_cos,sigma_max_principal,-0.058929987541512616,-0.028957804021555393,0.058929987541512616,0.028957804021555393,400360
case_196,196,param_field_magnitude_scaled,sigma_max_principal,-0.5139328643816343,-0.39152526467017584,0.5139328643816343,0.39152526467017584,400360
case_196,196,z,sigma_max_principal,0.2231586478259322,0.27741274308553593,0.2231586478259322,0.27741274308553593,400360
case_196,196,fluence_rate,sigma_max_principal,-0.14898006446828388,0.22713016958659146,0.14898006446828388,0.22713016958659146,400360
case_196,196,weight_loss_rate,sigma_max_principal,-0.35696400815491275,-0.06335797386369757,0.35696400815491275,0.06335797386369757,400360
case_196,196,temperature,sigma_max_principal,-0.3603822022953751,-0.053934119434555006,0.3603822022953751,0.053934119434555006,400360
case_196,196,rho,sigma_max_principal,0.1335096847425036,-0.045473233890660276,0.1335096847425036,0.045473233890660276,400360
case_196,196,rho_normalized,sigma_max_principal,0.1335096847425034,-0.045473233890660276,0.1335096847425034,0.045473233890660276,400360
case_196,196,distance_to_inner_proxy,sigma_max_principal,0.13350968474250352,-0.045473233890660276,0.13350968474250352,0.045473233890660276,400360
case_196,196,distance_to_outer_proxy,sigma_max_principal,-0.1335096847425037,0.045473233890660276,0.1335096847425037,0.045473233890660276,400360
case_196,196,theta,sigma_max_principal,0.06304517388657939,0.03774090332227457,0.06304517388657939,0.03774090332227457,400360
case_196,196,theta_sin,sigma_max_principal,0.06260690916267979,0.03774090332227457,0.06260690916267979,0.03774090332227457,400360
case_196,196,theta_cos,sigma_max_principal,-0.0619359684930735,-0.03774090332227457,0.0619359684930735,0.03774090332227457,400360
case_197,197,param_field_magnitude_scaled,sigma_max_principal,-0.4909265195662512,-0.3893748264865373,0.4909265195662512,0.3893748264865373,400360
case_197,197,z,sigma_max_principal,0.21538300204959307,0.26589189519678075,0.21538300204959307,0.26589189519678075,400360
case_197,197,fluence_rate,sigma_max_principal,-0.1481967387822863,0.19193416400927985,0.1481967387822863,0.19193416400927985,400360
case_197,197,weight_loss_rate,sigma_max_principal,-0.37233903098780957,-0.09163037760570607,0.37233903098780957,0.09163037760570607,400360
case_197,197,theta,sigma_max_principal,0.07364391359739308,0.05911556987782319,0.07364391359739308,0.05911556987782319,400360
case_197,197,theta_sin,sigma_max_principal,0.07324911655106503,0.05911556987782319,0.07324911655106503,0.05911556987782319,400360
case_197,197,theta_cos,sigma_max_principal,-0.07235874203112369,-0.05911556987782319,0.07235874203112369,0.05911556987782319,400360
case_197,197,rho,sigma_max_principal,0.14233414484352885,-0.03563073367970348,0.14233414484352885,0.03563073367970348,400360
case_197,197,rho_normalized,sigma_max_principal,0.1423341448435298,-0.03563073367970348,0.1423341448435298,0.03563073367970348,400360
case_197,197,distance_to_inner_proxy,sigma_max_principal,0.14233414484352885,-0.03563073367970348,0.14233414484352885,0.03563073367970348,400360
case_197,197,distance_to_outer_proxy,sigma_max_principal,-0.1423341448435287,0.03563073367970348,0.1423341448435287,0.03563073367970348,400360
case_197,197,temperature,sigma_max_principal,-0.3499982434816417,0.023271457666032013,0.3499982434816417,0.023271457666032013,400360
case_198,198,param_field_magnitude_scaled,sigma_max_principal,-0.472049249475198,-0.3036120783008856,0.472049249475198,0.3036120783008856,400360
case_198,198,z,sigma_max_principal,0.14957177169699518,0.1763307124052157,0.14957177169699518,0.1763307124052157,400360
case_198,198,temperature,sigma_max_principal,-0.3818332427360102,-0.10466264076611768,0.3818332427360102,0.10466264076611768,400360
case_198,198,weight_loss_rate,sigma_max_principal,-0.35827506865858993,-0.09836567341573844,0.35827506865858993,0.09836567341573844,400360
case_198,198,fluence_rate,sigma_max_principal,-0.2283972542043929,0.06078811541827498,0.2283972542043929,0.06078811541827498,400360
case_198,198,theta,sigma_max_principal,0.04684569314379453,0.027135612792846434,0.04684569314379453,0.027135612792846434,400360
case_198,198,theta_sin,sigma_max_principal,0.0463609732584153,0.027135612792846434,0.0463609732584153,0.027135612792846434,400360
case_198,198,theta_cos,sigma_max_principal,-0.04665772694404626,-0.027135612792846434,0.04665772694404626,0.027135612792846434,400360
case_198,198,rho,sigma_max_principal,0.19940482118766786,0.025185434168978955,0.19940482118766786,0.025185434168978955,400360
case_198,198,rho_normalized,sigma_max_principal,0.19940482118766756,0.025185434168978955,0.19940482118766756,0.025185434168978955,400360
case_198,198,distance_to_inner_proxy,sigma_max_principal,0.1994048211876676,0.025185434168978955,0.1994048211876676,0.025185434168978955,400360
case_198,198,distance_to_outer_proxy,sigma_max_principal,-0.19940482118766753,-0.025185434168978955,0.19940482118766753,0.025185434168978955,400360
case_199,199,param_field_magnitude_scaled,sigma_max_principal,-0.4822486526899629,-0.3641501495767386,0.4822486526899629,0.3641501495767386,400360
case_199,199,z,sigma_max_principal,0.2028330631268247,0.25424133639375046,0.2028330631268247,0.25424133639375046,400360
case_199,199,fluence_rate,sigma_max_principal,-0.15394584232766118,0.1801267533196404,0.15394584232766118,0.1801267533196404,400360
case_199,199,temperature,sigma_max_principal,-0.36865049469898814,-0.07870768287626552,0.36865049469898814,0.07870768287626552,400360
case_199,199,rho,sigma_max_principal,0.14424535267636343,-0.03732593190455837,0.14424535267636343,0.03732593190455837,400360
case_199,199,rho_normalized,sigma_max_principal,0.1442453526763632,-0.03732593190455837,0.1442453526763632,0.03732593190455837,400360
case_199,199,distance_to_inner_proxy,sigma_max_principal,0.1442453526763635,-0.03732593190455837,0.1442453526763635,0.03732593190455837,400360
case_199,199,distance_to_outer_proxy,sigma_max_principal,-0.14424535267636343,0.03732593190455837,0.14424535267636343,0.03732593190455837,400360
case_199,199,theta,sigma_max_principal,0.0587494728412911,0.03454712724202927,0.0587494728412911,0.03454712724202927,400360
case_199,199,theta_sin,sigma_max_principal,0.058268401722089434,0.03454712724202927,0.058268401722089434,0.03454712724202927,400360
case_199,199,theta_cos,sigma_max_principal,-0.058059345561217016,-0.03454712724202927,0.058059345561217016,0.03454712724202927,400360
case_199,199,weight_loss_rate,sigma_max_principal,-0.3437755656854932,0.00028533927661732536,0.3437755656854932,0.00028533927661732536,400360
case_200,200,param_field_magnitude_scaled,sigma_max_principal,-0.5390890346387502,-0.4459917362414862,0.5390890346387502,0.4459917362414862,400360
case_200,200,z,sigma_max_principal,0.22794124310321812,0.28284161815532455,0.22794124310321812,0.28284161815532455,400360
case_200,200,fluence_rate,sigma_max_principal,-0.16251534123491435,0.2037886535486066,0.16251534123491435,0.2037886535486066,400360
case_200,200,temperature,sigma_max_principal,-0.33751826254922856,0.06537619146840205,0.33751826254922856,0.06537619146840205,400360
case_200,200,theta,sigma_max_principal,0.06323778270395741,0.03975650889480706,0.06323778270395741,0.03975650889480706,400360
case_200,200,theta_sin,sigma_max_principal,0.06316924186951367,0.03975650889480706,0.06316924186951367,0.03975650889480706,400360
case_200,200,theta_cos,sigma_max_principal,-0.059632536686257745,-0.03975650889480706,0.059632536686257745,0.03975650889480706,400360
case_200,200,weight_loss_rate,sigma_max_principal,-0.2912050821289964,0.03306496711364919,0.2912050821289964,0.03306496711364919,400360
case_200,200,rho,sigma_max_principal,0.16238367283576355,-0.004155890331221614,0.16238367283576355,0.004155890331221614,400360
case_200,200,rho_normalized,sigma_max_principal,0.16238367283576358,-0.004155890331221614,0.16238367283576358,0.004155890331221614,400360
case_200,200,distance_to_inner_proxy,sigma_max_principal,0.16238367283576338,-0.004155890331221614,0.16238367283576338,0.004155890331221614,400360
case_200,200,distance_to_outer_proxy,sigma_max_principal,-0.16238367283576338,0.004155890331221614,0.16238367283576338,0.004155890331221614,400360
