case_id,case_number,feature,target,high_stress_quantile,threshold,high_n,rest_n,high_mean,rest_mean,difference_high_minus_rest,standardized_difference,abs_standardized_difference,high_median,rest_median
case_00,0,rho,sigma_max_principal,0.95,10.018842249999999,20018,380342,176.0612854339123,187.954146989123,-11.892861555210686,-0.8998269339708963,0.8998269339708963,176.2568856514217,189.16491614737328
case_00,0,distance_to_outer_proxy,sigma_max_principal,0.95,10.018842249999999,20018,380342,46.89894712994262,35.006085574731976,11.892861555210644,0.8998269339708932,0.8998269339708932,46.703346912433204,33.795316416481626
case_00,0,distance_to_inner_proxy,sigma_max_principal,0.95,10.018842249999999,20018,380342,45.98051709684083,57.87337865205145,-11.892861555210622,-0.8998269339708914,0.8998269339708914,46.17611731435025,59.08414781030183
case_00,0,rho_normalized,sigma_max_principal,0.95,10.018842249999999,20018,380342,0.4950557960215013,0.6231019863631236,-0.12804619034162235,-0.8998269339708912,0.8998269339708912,0.49716175366389054,0.636137905210524
case_00,0,temperature,sigma_max_principal,0.95,10.018842249999999,20018,380342,401.9560840521031,391.30572500649686,10.650359045606251,0.7394934544479566,0.7394934544479566,399.976532,390.772766
case_00,0,fluence_rate,sigma_max_principal,0.95,10.018842249999999,20018,380342,3.5633163021280847,3.3641497815755312,0.19916652055255346,0.6441106993021412,0.6441106993021412,3.544942,3.279095
case_00,0,weight_loss_rate,sigma_max_principal,0.95,10.018842249999999,20018,380342,0.33515383265061444,0.36296796142945037,-0.027814128778835934,-0.6052032903958279,0.6052032903958279,0.330903,0.352373
case_00,0,theta_cos,sigma_max_principal,0.95,10.018842249999999,20018,380342,0.906359487597872,0.9333835460849109,-0.027024058487038927,-0.4139769456875655,0.4139769456875655,0.9049472256932579,0.9432036106197585
case_00,0,z,sigma_max_principal,0.95,10.018842249999999,20018,380342,531.5683635923668,438.73705600424097,92.83130758812587,0.3341150210494544,0.3341150210494544,567.962952,436.330078
case_00,0,param_field_magnitude_scaled,sigma_max_principal,0.95,10.018842249999999,20018,380342,1.0811668253353832,1.3314475086347242,-0.25028068329934094,-0.29008179253028643,0.29008179253028643,1.0670515387031079,1.093377821881287
case_00,0,theta,sigma_max_principal,0.95,10.018842249999999,20018,380342,0.3887150522113211,0.3418364057593538,0.046878646451967265,0.2702672442435983,0.2702672442435983,0.4395406437973537,0.3386512138572386
case_00,0,theta_sin,sigma_max_principal,0.95,10.018842249999999,20018,380342,0.3711672558386552,0.33205258240295704,0.03911467343569813,0.24551686522567862,0.24551686522567862,0.4255238168538801,0.3322152147536407
case_01,1,rho,sigma_max_principal,0.95,10.32623455,20018,380342,177.10988157481503,187.92628746104745,-10.816405886232417,-0.8190530241251687,0.8190530241251687,178.01443482075854,189.19092179678137
case_01,1,distance_to_inner_proxy,sigma_max_principal,0.95,10.32623455,20018,380342,47.00850297843125,57.824908864663655,-10.816405886232403,-0.8190530241251677,0.8190530241251677,47.913056224374756,59.089543200397586
case_01,1,rho_normalized,sigma_max_principal,0.95,10.32623455,20018,380342,0.5054183649171312,0.6217124357963492,-0.11629407087921795,-0.8190530241251676,0.8190530241251676,0.5151437931605068,0.6353093252458594
case_01,1,distance_to_outer_proxy,sigma_max_principal,0.95,10.32623455,20018,380342,46.000588581070765,35.18418269483837,10.816405886232396,0.8190530241251671,0.8190530241251671,45.09603533512727,33.91954835910444
case_01,1,fluence_rate,sigma_max_principal,0.95,10.32623455,20018,380342,3.583301632131082,3.3897463036109605,0.1935553285201217,0.619125630432754,0.619125630432754,3.566527,3.311093
case_01,1,temperature,sigma_max_principal,0.95,10.32623455,20018,380342,406.27123701258864,398.37901700665725,7.892220005931392,0.6177898169351653,0.6177898169351653,405.37912,397.598389
case_01,1,theta_cos,sigma_max_principal,0.95,10.32623455,20018,380342,0.9101092053017434,0.9331987464358924,-0.02308954113414896,-0.3629522170906753,0.3629522170906753,0.9066666145172495,0.9431098877379132
case_01,1,z,sigma_max_principal,0.95,10.32623455,20018,380342,528.816552129933,438.8810831109922,89.93546901894081,0.31550681462400043,0.31550681462400043,573.606812,436.334747
case_01,1,param_field_magnitude_scaled,sigma_max_principal,0.95,10.32623455,20018,380342,1.0234081777554358,1.257867418890858,-0.23445924113542227,-0.25405147346837975,0.25405147346837975,0.9782302662298993,0.910220398385015
case_01,1,theta,sigma_max_principal,0.95,10.32623455,20018,380342,0.3812644422358346,0.34220562660041365,0.03905881563542096,0.2290971840934788,0.2290971840934788,0.4354824803455347,0.3389332159289313
case_01,1,theta_sin,sigma_max_principal,0.95,10.32623455,20018,380342,0.3647778037251157,0.332369311086622,0.03240849263849371,0.2065930267923351,0.2065930267923351,0.421847899271542,0.3324811869125794
case_01,1,weight_loss_rate,sigma_max_principal,0.95,10.32623455,20018,380342,0.35491784254171244,0.3570110649152604,-0.002093222373547976,-0.047353566332093595,0.047353566332093595,0.35276450000000004,0.34749
case_02,2,rho,sigma_max_principal,0.95,9.260634249999999,20018,380342,176.48360250672414,187.90597787426765,-11.42237536754351,-0.8695343061033766,0.8695343061033766,177.31039678186028,189.13049619809158
case_02,2,distance_to_inner_proxy,sigma_max_principal,0.95,9.260634249999999,20018,380342,46.40090748236051,57.82328284990398,-11.422375367543474,-0.8695343061033739,0.8695343061033739,47.22770175749666,59.04780117372793
case_02,2,distance_to_outer_proxy,sigma_max_principal,0.95,9.260634249999999,20018,380342,46.39365783264594,34.97128246510247,11.422375367543474,0.8695343061033739,0.8695343061033739,45.56686355750979,33.74676414127852
case_02,2,rho_normalized,sigma_max_principal,0.95,9.260634249999999,20018,380342,0.5000390629003432,0.6231322131162889,-0.12309315021594569,-0.8695343061033737,0.8695343061033737,0.5089490057653101,0.636328226478355
case_02,2,temperature,sigma_max_principal,0.95,9.260634249999999,20018,380342,397.28955439499447,384.84182200676497,12.447732388229497,0.8304113072242715,0.8304113072242715,394.249573,383.550629
case_02,2,fluence_rate,sigma_max_principal,0.95,9.260634249999999,20018,380342,3.679284644669797,3.5048814326658633,0.17440321200393383,0.6467933730030564,0.6467933730030564,3.676955,3.447586
case_02,2,theta_cos,sigma_max_principal,0.95,9.260634249999999,20018,380342,0.9093152784643947,0.9332159506995047,-0.023900672235109943,-0.3747564360985075,0.3747564360985075,0.9061005434680589,0.9431050802713357
case_02,2,param_field_magnitude_scaled,sigma_max_principal,0.95,9.260634249999999,20018,380342,1.0011565119475678,1.2494448656252974,-0.2482883536777296,-0.26607299822678,0.26607299822678,0.9360032936181233,0.8923994738610266
case_02,2,z,sigma_max_principal,0.95,9.260634249999999,20018,380342,512.4940507926866,439.6130400454276,72.88101074725898,0.25863906178537455,0.25863906178537455,544.089417,440.348602
case_02,2,theta,sigma_max_principal,0.95,9.260634249999999,20018,380342,0.38295300492120093,0.34217006413880063,0.0407829407824003,0.2384899296545788,0.2384899296545788,0.43682243550094435,0.33894767499688244
case_02,2,theta_sin,sigma_max_principal,0.95,9.260634249999999,20018,380342,0.3662705436779956,0.3323381758202628,0.03393236785773279,0.21564899631932197,0.21564899631932197,0.42306241280260326,0.3324948233678049
case_02,2,weight_loss_rate,sigma_max_principal,0.95,9.260634249999999,20018,380342,0.34752455824757716,0.34877706407654163,-0.0012525058289644675,-0.025294967072876748,0.025294967072876748,0.346156,0.336894
case_03,3,rho,sigma_max_principal,0.95,10.295457449999997,20018,380342,176.83633831887158,187.94510311677772,-11.108764797906133,-0.8441499601776647,0.8441499601776647,177.58895655431888,189.19114506573942
case_03,3,rho_normalized,sigma_max_principal,0.95,10.295457449999997,20018,380342,0.5029096592032095,0.6224488018382213,-0.11953914263501175,-0.8441499601776647,0.8441499601776647,0.5110084298796578,0.6358572040301749
case_03,3,distance_to_inner_proxy,sigma_max_principal,0.95,10.295457449999997,20018,380342,46.73536212102041,57.84412691892652,-11.108764797906112,-0.8441499601776632,0.8441499601776632,47.48798035646769,59.09016886788824
case_03,3,distance_to_outer_proxy,sigma_max_principal,0.95,10.295457449999997,20018,380342,46.19457323768019,35.08580843977408,11.108764797906112,0.8441499601776632,0.8441499601776632,45.4419550022329,33.83976649081235
case_03,3,temperature,sigma_max_principal,0.95,10.295457449999997,20018,380342,400.51421825606957,389.01895381736966,11.495264438699905,0.7975496529623982,0.7975496529623982,398.236511,387.49939
case_03,3,fluence_rate,sigma_max_principal,0.95,10.295457449999997,20018,380342,3.585591183085223,3.3929514638746165,0.1926397192106064,0.6163611208370591,0.6163611208370591,3.570045,3.314475
case_03,3,theta_cos,sigma_max_principal,0.95,10.295457449999997,20018,380342,0.9100004631517767,0.9331878140887684,-0.023187350936991646,-0.3655140131768208,0.3655140131768208,0.9062398804655272,0.9431121449239708
case_03,3,z,sigma_max_principal,0.95,10.295457449999997,20018,380342,524.9950729914077,439.1351696485058,85.85990334290193,0.3033005941436281,0.3033005941436281,563.8791195,436.3914185
case_03,3,param_field_magnitude_scaled,sigma_max_principal,0.95,10.295457449999997,20018,380342,0.984538867475366,1.2582388781757299,-0.27370001070036387,-0.2948288960455753,0.2948288960455753,0.8523901489050855,0.92861275601427
case_03,3,theta,sigma_max_principal,0.95,10.295457449999997,20018,380342,0.3821027007479337,0.34219434738972204,0.039908353358211635,0.2348937722649438,0.2348937722649438,0.4364929659611713,0.3389264269498811
case_03,3,theta_sin,sigma_max_principal,0.95,10.295457449999997,20018,380342,0.3656254496878538,0.3323533752985912,0.03327207438926261,0.21284520844833038,0.21284520844833038,0.42276385731731986,0.3324747841516401
case_03,3,weight_loss_rate,sigma_max_principal,0.95,10.295457449999997,20018,380342,0.3431655811269857,0.3460452445141478,-0.0028796633871621125,-0.05926785160467893,0.05926785160467893,0.341145,0.333985
case_04,4,distance_to_inner_proxy,sigma_max_principal,0.95,9.61881295,20018,380342,45.957730473139655,57.86259444994144,-11.904863976801785,-0.9033308394038692,0.9033308394038692,46.308102963924355,59.05920512661632
case_04,4,rho,sigma_max_principal,0.95,9.61881295,20018,380342,176.08869097084656,187.99355494764833,-11.904863976801778,-0.9033308394038686,0.9033308394038686,176.43906346163124,189.1901656243232
case_04,4,distance_to_outer_proxy,sigma_max_principal,0.95,9.61881295,20018,380342,46.87955032250719,34.97468634570543,11.904863976801764,0.9033308394038675,0.9033308394038675,46.52917783172249,33.77807566903053
case_04,4,rho_normalized,sigma_max_principal,0.95,9.61881295,20018,380342,0.4950352927107126,0.6232689492199625,-0.12823365650924984,-0.9033308394038667,0.9033308394038667,0.498809342185039,0.6361582827551495
case_04,4,temperature,sigma_max_principal,0.95,9.61881295,20018,380342,395.88544391842345,383.43561803734804,12.449825881075412,0.8393179199811784,0.8393179199811784,392.333221,383.364105
case_04,4,fluence_rate,sigma_max_principal,0.95,9.61881295,20018,380342,3.608701348086722,3.4095470850077034,0.19915426307901862,0.6397885453475629,0.6397885453475629,3.590665,3.33596
case_04,4,theta_cos,sigma_max_principal,0.95,9.61881295,20018,380342,0.9061882192344389,0.9333685106780193,-0.027180291443580362,-0.4170076850218357,0.4170076850218357,0.9038607186315228,0.9432149666855099
case_04,4,weight_loss_rate,sigma_max_principal,0.95,9.61881295,20018,380342,0.3149568423918473,0.3055551112446167,0.009401731147230585,0.3029919809987452,0.3029919809987452,0.3097415,0.297026
case_04,4,theta,sigma_max_principal,0.95,9.61881295,20018,380342,0.3891116072796147,0.3418761759724849,0.047235431307129816,0.2722364448829345,0.2722364448829345,0.44208709166492155,0.33861702933804305
case_04,4,z,sigma_max_principal,0.95,9.61881295,20018,380342,514.616969654511,439.5459990103118,75.07097064419918,0.2689920918447934,0.2689920918447934,548.299805,436.2787935
case_04,4,theta_sin,sigma_max_principal,0.95,9.61881295,20018,380342,0.3715391138942385,0.3320884542553044,0.03945065963893407,0.24746855462677644,0.24746855462677644,0.42782683566472174,0.3321829715974185
case_04,4,param_field_magnitude_scaled,sigma_max_principal,0.95,9.61881295,20018,380342,1.1242089487906282,1.2480898950390782,-0.12388094624845003,-0.12459603791912116,0.12459603791912116,0.9787549539405491,0.8848805792797726
case_05,5,distance_to_inner_proxy,sigma_max_principal,0.95,9.737412299999995,20018,380342,46.09261003846485,57.836707990124694,-11.744097951659846,-0.8911794041589038,0.8911794041589038,46.88396603483655,59.04585665442637
case_05,5,rho_normalized,sigma_max_principal,0.95,9.737412299999995,20018,380342,0.49638318276039983,0.6228583967921058,-0.12647521403170592,-0.8911794041589024,0.8911794041589024,0.504905499197844,0.6358800300195513
case_05,5,rho,sigma_max_principal,0.95,9.737412299999995,20018,380342,176.2350381382597,187.97913608991954,-11.744097951659825,-0.8911794041589023,0.8911794041589023,177.0263941346314,189.18828475422123
case_05,5,distance_to_outer_proxy,sigma_max_principal,0.95,9.737412299999995,20018,380342,46.764303006297546,35.02020505463772,11.744097951659825,0.8911794041589023,0.8911794041589023,45.972947009925846,33.81105639033602
case_05,5,temperature,sigma_max_principal,0.95,9.737412299999995,20018,380342,404.7449727830452,395.19640372855235,9.548569054492873,0.7415007581264554,0.7415007581264554,402.502609,394.569916
case_05,5,fluence_rate,sigma_max_principal,0.95,9.737412299999995,20018,380342,3.606318791887302,3.413254663097949,0.19306412878935308,0.6203009997010533,0.6203009997010533,3.588728,3.339228
case_05,5,theta_cos,sigma_max_principal,0.95,9.737412299999995,20018,380342,0.9061827991052173,0.933389850782827,-0.027207051677609728,-0.4171149372007143,0.4171149372007143,0.9038692825336927,0.9432088288141871
case_05,5,weight_loss_rate,sigma_max_principal,0.95,9.737412299999995,20018,380342,0.3151540217304426,0.30600217137471014,0.00915185035573246,0.3010722300211813,0.3010722300211813,0.309736,0.29827
case_05,5,theta,sigma_max_principal,0.95,9.737412299999995,20018,380342,0.38884086640370014,0.34184463433179857,0.04699623207190157,0.2704002646377422,0.2704002646377422,0.4420670740256797,0.33863550623599015
case_05,5,z,sigma_max_principal,0.95,9.737412299999995,20018,380342,513.9980112611149,439.5369957712401,74.46101548987485,0.26627301513613594,0.26627301513613594,548.239136,436.24557500000003
case_05,5,theta_sin,sigma_max_principal,0.95,9.737412299999995,20018,380342,0.3712550306479731,0.3320626533781375,0.0391923772698356,0.24540029449558495,0.24540029449558495,0.4278087424212196,0.33220039922758904
case_05,5,param_field_magnitude_scaled,sigma_max_principal,0.95,9.737412299999995,20018,380342,1.1292502676269962,1.2456574016589876,-0.11640713403199143,-0.11718803697713828,0.11718803697713828,1.0421049414958687,0.8958242387423498
case_06,6,rho_normalized,sigma_max_principal,0.95,10.1345703,20018,380342,0.5541652907833382,0.6194032394944511,-0.06523794871111288,-0.37660008864078526,0.37660008864078526,0.5375803930646764,0.6336054594167266
case_06,6,distance_to_inner_proxy,sigma_max_principal,0.95,10.1345703,20018,380342,51.554746163712764,57.62392072585198,-6.069174562139217,-0.3766000886407833,0.3766000886407833,50.01183070823896,58.945172444845724
case_06,6,distance_to_outer_proxy,sigma_max_principal,0.95,10.1345703,20018,380342,41.47660571117234,35.40743114903312,6.069174562139217,0.3766000886407833,0.3766000886407833,43.01952116664614,34.08617943003938
case_06,6,rho,sigma_max_principal,0.95,10.1345703,20018,380342,181.65219724452152,187.7213718066607,-6.069174562139182,-0.37660008864078115,0.37660008864078115,180.1092817890477,189.04262352565448
case_06,6,fluence_rate,sigma_max_principal,0.95,10.1345703,20018,380342,3.5875597723049255,3.473712153582829,0.11384761872209648,0.36186758117514023,0.36186758117514023,3.6252125,3.407806
case_06,6,theta_cos,sigma_max_principal,0.95,10.1345703,20018,380342,0.9135898900340027,0.9330497646649135,-0.01945987463091081,-0.30544883822121005,0.30544883822121005,0.91274219395863,0.9429514262801499
case_06,6,z,sigma_max_principal,0.95,10.1345703,20018,380342,504.10408455150366,440.06245449779925,64.04163005370441,0.233454319746779,0.233454319746779,528.588013,436.21286
case_06,6,temperature,sigma_max_principal,0.95,10.1345703,20018,380342,423.5670441205915,426.4502541862271,-2.8832100656355806,-0.20122924858995664,0.20122924858995664,430.030487,427.4098815
case_06,6,param_field_magnitude_scaled,sigma_max_principal,0.95,10.1345703,20018,380342,1.4150405005520688,1.1960293905260146,0.2190111100260541,0.1762822105359565,0.1762822105359565,1.031325787043444,0.8328244192318819
case_06,6,theta,sigma_max_principal,0.95,10.1345703,20018,380342,0.3703348916635375,0.3427112459608566,0.027623645702680888,0.1606430396072577,0.1606430396072577,0.4208495597854786,0.33940949699632617
case_06,6,theta_sin,sigma_max_principal,0.95,10.1345703,20018,380342,0.35454136810698456,0.3328468617449996,0.021694506361984944,0.13697631566805984,0.13697631566805984,0.4085360294593545,0.33293033456900667
case_06,6,weight_loss_rate,sigma_max_principal,0.95,10.1345703,20018,380342,0.3445839498950944,0.3402091340188568,0.004374815876237614,0.11980486413582805,0.11980486413582805,0.343488,0.330333
case_07,7,rho_normalized,sigma_max_principal,0.95,10.397610949999999,20018,380342,0.5055611981929035,0.6222794490019311,-0.11671825080902765,-0.8235565134107798,0.8235565134107798,0.5173519873235528,0.6358521836066623
case_07,7,distance_to_outer_proxy,sigma_max_principal,0.95,10.397610949999999,20018,380342,45.95947581025487,35.11018646429931,10.849289345955562,0.8235565134107795,0.8235565134107795,44.8634888329923,33.84856264864149
case_07,7,distance_to_inner_proxy,sigma_max_principal,0.95,10.397610949999999,20018,380342,46.99333380395862,57.842623149914175,-10.849289345955555,-0.823556513410779,0.823556513410779,48.08932078122119,59.104246965572
case_07,7,rho,sigma_max_principal,0.95,10.397610949999999,20018,380342,177.10805247139203,187.95734181734755,-10.849289345955526,-0.823556513410777,0.823556513410777,178.2040394486546,189.2189656330054
case_07,7,temperature,sigma_max_principal,0.95,10.397610949999999,20018,380342,396.3138558681687,385.55224062818985,10.761615239978823,0.7205802862462426,0.7205802862462426,392.73172,384.059814
case_07,7,fluence_rate,sigma_max_principal,0.95,10.397610949999999,20018,380342,3.611719151014088,3.4288563869438557,0.18286276407023205,0.5875562324409053,0.5875562324409053,3.597372,3.354322
case_07,7,theta_cos,sigma_max_principal,0.95,10.397610949999999,20018,380342,0.9104610727981289,0.9331653229988831,-0.022704250200754172,-0.35789337270423616,0.35789337270423616,0.906675951075112,0.9430930648979032
case_07,7,param_field_magnitude_scaled,sigma_max_principal,0.95,10.397610949999999,20018,380342,0.9610143343755629,1.2463221993974256,-0.28530786502186267,-0.3027132252974443,0.3027132252974443,0.8054760389560347,0.892852109088398
case_07,7,z,sigma_max_principal,0.95,10.397610949999999,20018,380342,525.1404254715256,439.18421933162267,85.95620613990297,0.30206051689384394,0.30206051689384394,568.087524,436.44139099999995
case_07,7,theta,sigma_max_principal,0.95,10.397610949999999,20018,380342,0.38099026934496955,0.3422484093184908,0.038741860026478725,0.22820990031568247,0.22820990031568247,0.4354603472972186,0.3389838101691131
case_07,7,theta_sin,sigma_max_principal,0.95,10.397610949999999,20018,380342,0.3646122177831595,0.3324025811955459,0.03220963658761361,0.20623780979612888,0.20623780979612888,0.42182783187223305,0.33252890241522826
case_07,7,weight_loss_rate,sigma_max_principal,0.95,10.397610949999999,20018,380342,0.342452538215606,0.3460263455363857,-0.0035738073207797205,-0.0733000206813316,0.0733000206813316,0.33978600000000003,0.33416
case_08,8,distance_to_inner_proxy,sigma_max_principal,0.95,10.236218699999998,20018,380342,46.85032350488479,57.8493163259752,-10.998992821090411,-0.8346860689002469,0.8346860689002469,47.535817265836016,59.101484449873865
case_08,8,rho_normalized,sigma_max_principal,0.95,10.236218699999998,20018,380342,0.5038153570603263,0.6220954687202565,-0.11828011165993013,-0.8346860689002455,0.8346860689002455,0.511186966434598,0.6355609366881734
case_08,8,distance_to_outer_proxy,sigma_max_principal,0.95,10.236218699999998,20018,380342,46.14073531922124,35.14174249813087,10.998992821090376,0.8346860689002442,0.8346860689002442,45.45524155827002,33.88957437423217
case_08,8,rho,sigma_max_principal,0.95,10.236218699999998,20018,380342,176.94475635955862,187.94374918064895,-10.998992821090326,-0.8346860689002404,0.8346860689002404,177.63025012050986,189.19591730454772
case_08,8,temperature,sigma_max_principal,0.95,10.236218699999998,20018,380342,395.4794257870417,384.0058800420541,11.473545744987575,0.7642454887472383,0.7642454887472383,392.156189,383.899597
case_08,8,fluence_rate,sigma_max_principal,0.95,10.236218699999998,20018,380342,3.6075518265561,3.41123144950597,0.19632037705012984,0.6366117673718188,0.6366117673718188,3.597844,3.337434
case_08,8,theta_cos,sigma_max_principal,0.95,10.236218699999998,20018,380342,0.9108013815687264,0.9331413530620339,-0.022339971493307575,-0.3531483031020272,0.3531483031020272,0.9066878797131861,0.9430907663739239
case_08,8,z,sigma_max_principal,0.95,10.236218699999998,20018,380342,531.2168525753822,438.8460022732699,92.37085030211227,0.32538115650624855,0.32538115650624855,577.8670345,436.41925
case_08,8,param_field_magnitude_scaled,sigma_max_principal,0.95,10.236218699999998,20018,380342,0.9648473994543538,1.2324817145910274,-0.2676343151366736,-0.28282010370294847,0.28282010370294847,0.7710388161046455,0.8658559943748494
case_08,8,theta,sigma_max_principal,0.95,10.236218699999998,20018,380342,0.3804028843309107,0.3422927669772509,0.03811011735365977,0.2249822929112588,0.2249822929112588,0.4354320679842612,0.33899072235459066
case_08,8,theta_sin,sigma_max_principal,0.95,10.236218699999998,20018,380342,0.36412572495473394,0.3324402184937305,0.03168550646100343,0.20329935511153086,0.20329935511153086,0.42180219153028947,0.3325354212414716
case_08,8,weight_loss_rate,sigma_max_principal,0.95,10.236218699999998,20018,380342,0.35190356319312616,0.3525782970274122,-0.0006747338342860676,-0.013268772250124747,0.013268772250124747,0.349539,0.337776
case_09,9,distance_to_inner_proxy,sigma_max_principal,0.95,10.316566449999996,20018,380342,46.83191203098639,57.85138776448985,-11.019475733503462,-0.8364137054195028,0.8364137054195028,47.67167613550747,59.103484134007346
case_09,9,rho_normalized,sigma_max_principal,0.95,10.316566449999996,20018,380342,0.503766864062061,0.6223024201205458,-0.11853555605848487,-0.8364137054195027,0.8364137054195027,0.5128001345637343,0.6357711134584982
case_09,9,distance_to_outer_proxy,sigma_max_principal,0.95,10.316566449999996,20018,380342,46.13155057821171,35.112074844708246,11.019475733503462,0.8364137054195027,0.8364137054195027,45.291786473690635,33.85997847519076
case_09,9,rho,sigma_max_principal,0.95,10.316566449999996,20018,380342,176.93575869814904,187.95523443165249,-11.019475733503441,-0.8364137054195011,0.8364137054195011,177.77552280267014,189.20733080117
case_09,9,temperature,sigma_max_principal,0.95,10.316566449999996,20018,380342,396.1181626727445,385.12504833471206,10.993114338032456,0.7303996584137712,0.7303996584137712,392.431305,383.836029
case_09,9,fluence_rate,sigma_max_principal,0.95,10.316566449999996,20018,380342,3.6009193969427518,3.414096356941909,0.1868230400008426,0.6024718734461112,0.6024718734461112,3.584602,3.339874
case_09,9,theta_cos,sigma_max_principal,0.95,10.316566449999996,20018,380342,0.9099996333603645,0.9331879426780048,-0.023188309317640265,-0.36447937868444424,0.36447937868444424,0.9063415487330329,0.9431037358298812
case_09,9,z,sigma_max_principal,0.95,10.316566449999996,20018,380342,526.246029608902,439.1271053260146,87.11892428288735,0.3075026928064917,0.3075026928064917,568.0813905,436.442734
case_09,9,param_field_magnitude_scaled,sigma_max_principal,0.95,10.316566449999996,20018,380342,0.960554127406966,1.2257379921136784,-0.2651838647067124,-0.2767122799577005,0.2767122799577005,0.736079301814976,0.8613768887129162
case_09,9,theta,sigma_max_principal,0.95,10.316566449999996,20018,380342,0.3819210154801272,0.342202596377644,0.03971841910248319,0.23346853028717407,0.23346853028717407,0.43625241916307916,0.3389517184681513
case_09,9,theta_sin,sigma_max_principal,0.95,10.316566449999996,20018,380342,0.36541686996533435,0.3323629912458528,0.033053878719481566,0.21123136648032728,0.21123136648032728,0.42254585198441386,0.33249863678321345
case_09,9,weight_loss_rate,sigma_max_principal,0.95,10.316566449999996,20018,380342,0.35171098081726443,0.3521457698650162,-0.0004347890477517935,-0.008491085370735365,0.008491085370735365,0.350036,0.337038
case_10,10,rho,sigma_max_principal,0.95,10.1461349,20018,380342,177.0128786001291,187.95181952237883,-10.938940922249714,-0.8255755112197212,0.8255755112197212,178.16346111404084,189.20524281329836
case_10,10,rho_normalized,sigma_max_principal,0.95,10.1461349,20018,380342,0.5046469500037838,0.6223535251273015,-0.11770657512351768,-0.8255755112197202,0.8255755112197202,0.5170275934382949,0.6358407688927471
case_10,10,distance_to_inner_proxy,sigma_max_principal,0.95,10.1461349,20018,380342,46.89885137590702,57.83779229815671,-10.938940922249685,-0.8255755112197191,0.8255755112197191,48.04943388981873,59.09121558907627
case_10,10,distance_to_outer_proxy,sigma_max_principal,0.95,10.1461349,20018,380342,46.035132225015104,35.09619130276542,10.938940922249685,0.8255755112197191,0.8255755112197191,44.88454971110339,33.84276801184585
case_10,10,temperature,sigma_max_principal,0.95,10.1461349,20018,380342,397.21761130907186,386.41327638377845,10.804334925293404,0.7428078676441836,0.7428078676441836,394.033173,385.452637
case_10,10,fluence_rate,sigma_max_principal,0.95,10.1461349,20018,380342,3.610260960535518,3.425547722554962,0.18471323798055606,0.5934054628859029,0.5934054628859029,3.591295,3.351769
case_10,10,theta_cos,sigma_max_principal,0.95,10.1461349,20018,380342,0.9086849259213586,0.9332607254848552,-0.024575799563496536,-0.3816482506879646,0.3816482506879646,0.9062442376505458,0.9431086104430959
case_10,10,z,sigma_max_principal,0.95,10.1461349,20018,380342,525.3900773441403,439.152984782693,86.2370925614473,0.302346631081925,0.302346631081925,568.06781,436.426117
case_10,10,param_field_magnitude_scaled,sigma_max_principal,0.95,10.1461349,20018,380342,0.9791600100848636,1.2493740244812466,-0.27021401439638293,-0.2892953063594146,0.2892953063594146,0.8417749021504187,0.893686547189267
case_10,10,theta,sigma_max_principal,0.95,10.1461349,20018,380342,0.38433359456174865,0.3420687421209327,0.04226485244081596,0.2465677928397105,0.2465677928397105,0.4364826594186305,0.33893705761367976
case_10,10,theta_sin,sigma_max_principal,0.95,10.1461349,20018,380342,0.3674308769410589,0.33225104155756857,0.03517983538349034,0.22332735960237363,0.22332735960237363,0.4227545170947391,0.3324848100410144
case_10,10,weight_loss_rate,sigma_max_principal,0.95,10.1461349,20018,380342,0.35029571960235784,0.35444976389933275,-0.0041540442969749125,-0.09000659557915026,0.09000659557915026,0.34954050000000003,0.344548
case_11,11,rho,sigma_max_principal,0.95,10.622379299999999,20018,380342,179.2399215494935,187.88063424253468,-8.640712693041195,-0.5906245286758546,0.5906245286758546,179.95552941425777,189.18352819072254
case_11,11,distance_to_outer_proxy,sigma_max_principal,0.95,10.622379299999999,20018,380342,43.98129693329373,35.34058424025254,8.640712693041188,0.5906245286758539,0.5906245286758539,43.26568906852944,34.03769029206468
case_11,11,rho_normalized,sigma_max_principal,0.95,10.622379299999999,20018,380342,0.5278090638209133,0.62057727440756,-0.09276821058664675,-0.5906245286758534,0.5906245286758534,0.5354919556672509,0.6345653728956511
case_11,11,distance_to_inner_proxy,sigma_max_principal,0.95,10.622379299999999,20018,380342,49.16173814735643,57.802450840397604,-8.640712693041174,-0.5906245286758529,0.5906245286758529,49.87734601212071,59.10534478858547
case_11,11,fluence_rate,sigma_max_principal,0.95,10.622379299999999,20018,380342,3.5660775666400237,3.4158525953773182,0.1502249712627055,0.4753396922513986,0.4753396922513986,3.563402,3.342869
case_11,11,temperature,sigma_max_principal,0.95,10.622379299999999,20018,380342,432.18293702292937,439.9510815896721,-7.768144566742762,-0.437132943835626,0.437132943835626,442.513123,441.391693
case_11,11,theta_cos,sigma_max_principal,0.95,10.622379299999999,20018,380342,0.9113878906343423,0.9331774480269097,-0.021789557392567382,-0.3420284461764465,0.3420284461764465,0.9073367774579757,0.9430965363929376
case_11,11,param_field_magnitude_scaled,sigma_max_principal,0.95,10.622379299999999,20018,380342,1.5768386027320673,1.1253785574745823,0.45146004525748507,0.2941322418680883,0.2941322418680883,0.8540987188683956,0.7338104800926754
case_11,11,z,sigma_max_principal,0.95,10.622379299999999,20018,380342,504.72688385553,440.1697680028317,64.5571158526983,0.22929782010606906,0.22929782010606906,538.524841,436.3594055
case_11,11,theta,sigma_max_principal,0.95,10.622379299999999,20018,380342,0.3765393469937989,0.34235674720315806,0.03418259979064081,0.19897734125363703,0.19897734125363703,0.4338911218052397,0.3389733703349558
case_11,11,theta_sin,sigma_max_principal,0.95,10.622379299999999,20018,380342,0.3602890811758531,0.3325190969610703,0.027769984214782828,0.17552806071939595,0.17552806071939595,0.4204045340709739,0.3325190566618564
case_11,11,weight_loss_rate,sigma_max_principal,0.95,10.622379299999999,20018,380342,0.35349269107802983,0.3564678128579017,-0.0029751217798718588,-0.06872005820484066,0.06872005820484066,0.348147,0.345996
case_12,12,rho,sigma_max_principal,0.95,10.08211455,20018,380342,176.88389798801393,187.94917432441406,-11.065276336400132,-0.8389940672355124,0.8389940672355124,177.67140051163858,189.19377224724585
case_12,12,distance_to_outer_proxy,sigma_max_principal,0.95,10.08211455,20018,380342,46.20080341605604,35.135527079655915,11.065276336400125,0.8389940672355118,0.8389940672355118,45.41330089243142,33.89092915682414
case_12,12,rho_normalized,sigma_max_principal,0.95,10.08211455,20018,380342,0.5031126276813938,0.622119131383499,-0.11900650370210519,-0.8389940672355114,0.8389940672355114,0.5115821786572567,0.6355047209348306
case_12,12,distance_to_inner_proxy,sigma_max_principal,0.95,10.08211455,20018,380342,46.77963036005509,57.844906696455205,-11.065276336400117,-0.8389940672355114,0.8389940672355114,47.56713288367972,59.089504619287
case_12,12,temperature,sigma_max_principal,0.95,10.08211455,20018,380342,394.5832434690279,382.67251426761436,11.910729201413517,0.7871466170834198,0.7871466170834198,390.9736175,382.428375
case_12,12,fluence_rate,sigma_max_principal,0.95,10.08211455,20018,380342,3.5935442574682783,3.4041659363572783,0.18937832111100006,0.6117552311726278,0.6117552311726278,3.576384,3.3261260000000004
case_12,12,theta_cos,sigma_max_principal,0.95,10.08211455,20018,380342,0.9104010139397264,0.9331586279881386,-0.022757614048412256,-0.35789630671525136,0.35789630671525136,0.9066679565112012,0.9430851936869367
case_12,12,z,sigma_max_principal,0.95,10.08211455,20018,380342,527.0610282751524,439.0132019275547,88.04782634759766,0.30926460970925307,0.30926460970925307,573.674469,436.3717805
case_12,12,param_field_magnitude_scaled,sigma_max_principal,0.95,10.08211455,20018,380342,0.9795704659865324,1.2555611777198314,-0.27599071173329903,-0.29453643939087437,0.29453643939087437,0.8048739941395103,0.9140719200660731
case_12,12,theta,sigma_max_principal,0.95,10.08211455,20018,380342,0.3807523051849906,0.3422864669505162,0.038465838234474414,0.22598344347788052,0.22598344347788052,0.4354792991071279,0.3390074801319209
case_12,12,theta_sin,sigma_max_principal,0.95,10.08211455,20018,380342,0.3643368964375491,0.3324404790720371,0.031896417365511964,0.2036909706900606,0.2036909706900606,0.4218450149466583,0.33255122529983605
case_12,12,weight_loss_rate,sigma_max_principal,0.95,10.08211455,20018,380342,0.359959266610051,0.35698751767882586,0.002971748931225149,0.07011055668232946,0.07011055668232946,0.35775,0.345965
case_13,13,rho,sigma_max_principal,0.95,9.118360299999999,20018,380342,176.33356463751429,187.86345137049358,-11.529886732979293,-0.8733068097063469,0.8733068097063469,177.29587720441302,189.07271017850857
case_13,13,rho_normalized,sigma_max_principal,0.95,9.118360299999999,20018,380342,0.49904933668369755,0.6233459288691935,-0.12429659218549594,-0.8733068097063457,0.8733068097063457,0.5094234344916717,0.6363822016780698
case_13,13,distance_to_inner_proxy,sigma_max_principal,0.95,9.118360299999999,20018,380342,46.292357859211684,57.82224459219096,-11.529886732979278,-0.8733068097063457,0.8733068097063457,47.25467042611044,59.03150340020599
case_13,13,distance_to_outer_proxy,sigma_max_principal,0.95,9.118360299999999,20018,380342,46.468726980286355,34.93884024730708,11.529886732979278,0.8733068097063457,0.8733068097063457,45.5064144133876,33.72958143929205
case_13,13,temperature,sigma_max_principal,0.95,9.118360299999999,20018,380342,396.56544293196123,384.81497547608194,11.750467455879289,0.7905099255542788,0.7905099255542788,393.3994295,383.958313
case_13,13,fluence_rate,sigma_max_principal,0.95,9.118360299999999,20018,380342,3.5435243472874416,3.3476124166776215,0.19591193060982004,0.6726808487529324,0.6726808487529324,3.52977,3.278303
case_13,13,theta_cos,sigma_max_principal,0.95,9.118360299999999,20018,380342,0.9076983306460646,0.9332788202157973,-0.02558048956973269,-0.39589950332676044,0.39589950332676044,0.9049492039879932,0.9430933174845193
case_13,13,z,sigma_max_principal,0.95,9.118360299999999,20018,380342,523.2573913893496,438.9163168146669,84.34107457468264,0.3012553717826962,0.3012553717826962,557.908447,436.115204
case_13,13,theta,sigma_max_principal,0.95,9.118360299999999,20018,380342,0.38619161996342966,0.3420524691319736,0.04413915083145603,0.2561986183274853,0.2561986183274853,0.4395359946934475,0.33898305057532974
case_13,13,param_field_magnitude_scaled,sigma_max_principal,0.95,9.118360299999999,20018,380342,1.0181608032905158,1.2488624361977607,-0.23070163290724488,-0.24554834916436705,0.24554834916436705,0.9328971709834829,0.8967543753682555
case_13,13,theta_sin,sigma_max_principal,0.95,9.118360299999999,20018,380342,0.3690373715854349,0.33224033416482646,0.03679703742060847,0.23236646632436117,0.23236646632436117,0.4255196096556353,0.3325281860475034
case_13,13,weight_loss_rate,sigma_max_principal,0.95,9.118360299999999,20018,380342,0.35794375776800874,0.3565645909654995,0.0013791668025092685,0.0312658547501407,0.0312658547501407,0.356811,0.346602
case_14,14,rho,sigma_max_principal,0.95,9.18697725,20018,380342,176.44545540979513,187.9181447676038,-11.472689357808662,-0.8713331306224444,0.8713331306224444,177.2927091236654,189.1395849611387
case_14,14,rho_normalized,sigma_max_principal,0.95,9.18697725,20018,380342,0.4994699073420594,0.6230824579429594,-0.12361255060089993,-0.8713331306224401,0.8713331306224401,0.5085986468477883,0.6362428716019018
case_14,14,distance_to_outer_proxy,sigma_max_principal,0.95,9.18697725,20018,380342,46.45504230262121,34.982352944812604,11.472689357808605,0.87133313062244,0.87133313062244,45.60778858875099,33.76091275127769
case_14,14,distance_to_inner_proxy,sigma_max_principal,0.95,9.18697725,20018,380342,46.356644714903084,57.829334072711674,-11.47268935780859,-0.8713331306224389,0.8713331306224389,47.2038984287733,59.050774266246606
case_14,14,temperature,sigma_max_principal,0.95,9.18697725,20018,380342,396.58443491242883,384.4116325521425,12.172802360286312,0.8075186281430314,0.8075186281430314,393.694489,383.66452
case_14,14,fluence_rate,sigma_max_principal,0.95,9.18697725,20018,380342,3.6688789261664505,3.4901807008849937,0.17869822528145685,0.6482251080648698,0.6482251080648698,3.664589,3.430939
case_14,14,theta_cos,sigma_max_principal,0.95,9.18697725,20018,380342,0.908836698910952,0.9332420748531309,-0.024405375942178953,-0.38051429829957745,0.38051429829957745,0.9055704641374668,0.94311161172719
case_14,14,z,sigma_max_principal,0.95,9.18697725,20018,380342,514.8344905362674,439.4816780277882,75.35281250847919,0.2674853412706697,0.2674853412706697,548.22821,440.336121
case_14,14,param_field_magnitude_scaled,sigma_max_principal,0.95,9.18697725,20018,380342,1.0093716102252421,1.253634009234454,-0.24426239900921187,-0.2609875056236746,0.2609875056236746,0.8889528947369433,0.8934142512092711
case_14,14,theta,sigma_max_principal,0.95,9.18697725,20018,380342,0.3833687753612334,0.3421476569197512,0.04122111844148224,0.23969347328379834,0.23969347328379834,0.43807371689532293,0.33892803066746907
case_14,14,theta_sin,sigma_max_principal,0.95,9.18697725,20018,380342,0.3665237521636692,0.3323246391924556,0.03419911297121364,0.21614194943448928,0.21614194943448928,0.42419586806281884,0.3324762966367789
case_14,14,weight_loss_rate,sigma_max_principal,0.95,9.18697725,20018,380342,0.36098506434209215,0.3575682788595527,0.0034167854825394306,0.08056049778180434,0.08056049778180434,0.35931,0.346909
case_15,15,distance_to_inner_proxy,sigma_max_principal,0.95,5.832143149999999,20018,380342,46.1166787647747,57.75048789181769,-11.633809127042994,-0.8816952670031925,0.8816952670031925,47.22828245448929,58.92679963824554
case_15,15,distance_to_outer_proxy,sigma_max_principal,0.95,5.832143149999999,20018,380342,46.38286277667313,34.74905364963014,11.633809127042987,0.8816952670031918,0.8816952670031918,45.27125908695854,33.572741903202285
case_15,15,rho_normalized,sigma_max_principal,0.95,5.832143149999999,20018,380342,0.4985611603719185,0.624332693216003,-0.12577153284408454,-0.8816952670031901,0.8816952670031901,0.5105785571199498,0.6370496399902827
case_15,15,rho,sigma_max_principal,0.95,5.832143149999999,20018,380342,175.90934266261397,187.5431517896569,-11.633809127042923,-0.8816952670031867,0.8816952670031867,177.02094635232854,188.7194635360848
case_15,15,temperature,sigma_max_principal,0.95,5.832143149999999,20018,380342,400.3389286000099,388.5583678445321,11.780560755477836,0.8180076022327712,0.8180076022327712,398.005493,387.330231
case_15,15,fluence_rate,sigma_max_principal,0.95,5.832143149999999,20018,380342,3.334547855330203,3.1683801245195107,0.16616773081069214,0.7315492781121765,0.7315492781121765,3.300516,3.11381
case_15,15,theta_cos,sigma_max_principal,0.95,5.832143149999999,20018,380342,0.907463712258645,0.9332136852289293,-0.025749972970284363,-0.3996952150429454,0.3996952150429454,0.904648962640231,0.943162648176578
case_15,15,z,sigma_max_principal,0.95,5.832143149999999,20018,380342,536.2265574920073,437.32832532676906,98.8982321652382,0.35787645584695277,0.35787645584695277,582.1861875,435.30719
case_15,15,theta,sigma_max_principal,0.95,5.832143149999999,20018,380342,0.38718567297736484,0.3421861321261741,0.044999540851190734,0.2617688956667682,0.2617688956667682,0.4402410474969801,0.3387744932078772
case_15,15,theta_sin,sigma_max_principal,0.95,5.832143149999999,20018,380342,0.3700122703579604,0.3323573122030407,0.037654958154919704,0.23826410681019358,0.23826410681019358,0.4261575395630868,0.33233148975750354
case_15,15,param_field_magnitude_scaled,sigma_max_principal,0.95,5.832143149999999,20018,380342,1.0884479960353957,1.23809499179553,-0.1496469957601343,-0.15380217192854048,0.15380217192854048,1.0772916894527127,0.9080425410031249
case_15,15,weight_loss_rate,sigma_max_principal,0.95,5.832143149999999,20018,380342,0.354442316065541,0.3519768008923548,0.002465515173186217,0.04972677818325696,0.04972677818325696,0.352905,0.338407
case_16,16,rho_normalized,sigma_max_principal,0.95,9.801409399999999,20018,380342,0.5015482032492332,0.6228275085816495,-0.12127930533241627,-0.8533221314834406,0.8533221314834406,0.510457731104667,0.6361503031997567
case_16,16,distance_to_outer_proxy,sigma_max_principal,0.95,9.801409399999999,20018,380342,46.286520860655514,35.024454733443676,11.262066127211838,0.8533221314834402,0.8533221314834402,45.45917697378951,33.78729235378513
case_16,16,distance_to_inner_proxy,sigma_max_principal,0.95,9.801409399999999,20018,380342,46.574054951050215,57.836121078262046,-11.262066127211831,-0.8533221314834395,0.8533221314834395,47.40139883791622,59.073283457920596
case_16,16,rho,sigma_max_principal,0.95,9.801409399999999,20018,380342,176.6823844473401,187.9444505745519,-11.262066127211796,-0.8533221314834367,0.8533221314834367,177.5097283342061,189.1816129542105
case_16,16,temperature,sigma_max_principal,0.95,9.801409399999999,20018,380342,400.5354261967729,388.8714809722433,11.663945224529584,0.8128575272313898,0.8128575272313898,398.298538,387.563919
case_16,16,fluence_rate,sigma_max_principal,0.95,9.801409399999999,20018,380342,3.638771666949745,3.4535504848872858,0.1852211820624592,0.6261310326498891,0.6261310326498891,3.628382,3.386547
case_16,16,theta_cos,sigma_max_principal,0.95,9.801409399999999,20018,380342,0.9088115336631631,0.9332561066303974,-0.024444572967234235,-0.380386889648067,0.380386889648067,0.9061906339101877,0.9431183889973282
case_16,16,z,sigma_max_principal,0.95,9.801409399999999,20018,380342,517.8241386348286,439.44883501302263,78.37530362180598,0.27679714614969264,0.27679714614969264,554.012634,440.44195549999995
case_16,16,param_field_magnitude_scaled,sigma_max_principal,0.95,9.801409399999999,20018,380342,1.017071143102464,1.2584570879296384,-0.24138594482717446,-0.26004036195415325,0.26004036195415325,0.8857101205530709,0.9108212186941017
case_16,16,theta,sigma_max_principal,0.95,9.801409399999999,20018,380342,0.3836640159484961,0.34210174425170137,0.04156227169679472,0.24200314220128932,0.24200314220128932,0.4366094385678693,0.33890764585749533
case_16,16,theta_sin,sigma_max_principal,0.95,9.801409399999999,20018,380342,0.36680048939561344,0.33228259412780836,0.03451789526780508,0.21856615241747784,0.21856615241747784,0.4228694065706706,0.3324570714166989
case_16,16,weight_loss_rate,sigma_max_principal,0.95,9.801409399999999,20018,380342,0.3561540914177241,0.3562520499708156,-9.795855309152612e-05,-0.0022326482622160642,0.0022326482622160642,0.354448,0.346235
case_17,17,fluence_rate,sigma_max_principal,0.95,8.88230505,20018,380342,3.4516293847037667,3.333258814248755,0.11837057045501176,0.41709383622820145,0.41709383622820145,3.469202,3.2706015
case_17,17,distance_to_inner_proxy,sigma_max_principal,0.95,8.88230505,20018,380342,51.30105978079028,57.514841042712185,-6.213781261921902,-0.3915818131502293,0.3915818131502293,50.14034467105077,58.83160947415632
case_17,17,rho,sigma_max_principal,0.95,8.88230505,20018,380342,181.32154830150867,187.53532956343057,-6.213781261921895,-0.39158181315022883,0.39158181315022883,180.16083319176914,188.8520979948747
case_17,17,distance_to_outer_proxy,sigma_max_principal,0.95,8.88230505,20018,380342,41.47668436218071,35.26290310025882,6.213781261921895,0.3915818131502288,0.3915818131502288,42.63739947192022,33.946134668814665
case_17,17,rho_normalized,sigma_max_principal,0.95,8.88230505,20018,380342,0.5529457549833836,0.6199206671169056,-0.06697491213352202,-0.3915818131502272,0.3915818131502272,0.540435048666243,0.6341133858945364
case_17,17,temperature,sigma_max_principal,0.95,8.88230505,20018,380342,435.2265379084824,440.8543901750424,-5.627852266560012,-0.3530926341349495,0.3530926341349495,443.525269,442.503754
case_17,17,theta_cos,sigma_max_principal,0.95,8.88230505,20018,380342,0.91253081802547,0.9330706142047096,-0.020539796179239622,-0.32284959148427483,0.32284959148427483,0.91024219674204,0.9430227520367158
case_17,17,z,sigma_max_principal,0.95,8.88230505,20018,380342,498.6885690943651,439.9082983411824,58.78027075318272,0.21427095553165806,0.21427095553165806,528.1349185,435.8227995
case_17,17,param_field_magnitude_scaled,sigma_max_principal,0.95,8.88230505,20018,380342,1.4171272493839997,1.1535324690906354,0.26359478029336425,0.18758730743244922,0.18758730743244922,0.9003097881370372,0.7540656923998826
case_17,17,theta,sigma_max_principal,0.95,8.88230505,20018,380342,0.37345102148797704,0.3426307421509503,0.030820279337026746,0.1794319793164648,0.1794319793164648,0.42692772382261635,0.339195195677774
case_17,17,theta_sin,sigma_max_principal,0.95,8.88230505,20018,380342,0.3574528431462395,0.33276915578407057,0.024683687362168916,0.15601069323737227,0.15601069323737227,0.4140762440856069,0.3327282511916405
case_17,17,weight_loss_rate,sigma_max_principal,0.95,8.88230505,20018,380342,0.36127511934259166,0.35916978817222406,0.002105331170367597,0.04785434771416377,0.04785434771416377,0.355989,0.347122
case_18,18,rho_normalized,sigma_max_principal,0.95,9.9150277,20018,380342,0.5061331757831425,0.6219356677691483,-0.11580249198600578,-0.8145976104583718,0.8145976104583718,0.5135619702594492,0.6355039243008208
case_18,18,distance_to_outer_proxy,sigma_max_principal,0.95,9.9150277,20018,380342,45.926319486433236,35.15746038619305,10.768859100240185,0.8145976104583716,0.8145976104583716,45.23549116635135,33.8957030585256
case_18,18,distance_to_inner_proxy,sigma_max_principal,0.95,9.9150277,20018,380342,47.06700833885706,57.835867439097235,-10.768859100240178,-0.8145976104583711,0.8145976104583711,47.75783665893894,59.097624766764696
case_18,18,rho,sigma_max_principal,0.95,9.9150277,20018,380342,177.19902485378174,187.9678839540219,-10.76885910024015,-0.8145976104583689,0.8145976104583689,177.8898531738636,189.22964128168934
case_18,18,temperature,sigma_max_principal,0.95,9.9150277,20018,380342,396.2033978202617,385.23631480184144,10.967083018420283,0.7316765449485445,0.7316765449485445,392.574524,384.073303
case_18,18,fluence_rate,sigma_max_principal,0.95,9.9150277,20018,380342,3.6897796440703368,3.508903066726789,0.18087657734354767,0.6153284631174208,0.6153284631174208,3.6858855000000004,3.442677
case_18,18,theta_cos,sigma_max_principal,0.95,9.9150277,20018,380342,0.910464298354918,0.9331769598666997,-0.02271266151178164,-0.3573780102982661,0.3573780102982661,0.9067027825325883,0.9431000354385999
case_18,18,param_field_magnitude_scaled,sigma_max_principal,0.95,9.9150277,20018,380342,0.9978094443805686,1.2754033937209481,-0.2775939493403795,-0.2968772512903851,0.2968772512903851,0.7689262376095893,0.929041691069284
case_18,18,z,sigma_max_principal,0.95,9.9150277,20018,380342,524.0661601356279,439.2222169824737,84.84394315315421,0.29560697910391687,0.29560697910391687,568.063965,436.4237825
case_18,18,theta,sigma_max_principal,0.95,9.9150277,20018,380342,0.38018385430579116,0.34226586018025973,0.03791799412553143,0.22223859483982633,0.22223859483982633,0.4353967353439395,0.33896284733590887
case_18,18,theta_sin,sigma_max_principal,0.95,9.9150277,20018,380342,0.3637792079074272,0.3324243236470023,0.031354884260424876,0.19967185314433744,0.19967185314433744,0.4217701555903807,0.3325091324395497
case_18,18,weight_loss_rate,sigma_max_principal,0.95,9.9150277,20018,380342,0.3677947611649516,0.3592887292778605,0.008506031887091092,0.19409573258186408,0.19409573258186408,0.364329,0.34728899999999996
case_19,19,rho,sigma_max_principal,0.95,10.34379705,20018,380342,177.03075681279154,187.94695296396083,-10.916196151169288,-0.8285345403729975,0.8285345403729975,177.93467976546995,189.20752679254156
case_19,19,rho_normalized,sigma_max_principal,0.95,10.34379705,20018,380342,0.5047996678721193,0.622237719067607,-0.11743805119548778,-0.8285345403729922,0.8285345403729922,0.5145242045626817,0.6357991585806471
case_19,19,distance_to_outer_proxy,sigma_max_principal,0.95,10.34379705,20018,380342,46.03025939721817,35.11406324604896,10.91619615116921,0.8285345403729913,0.8285345403729913,45.12633644453979,33.85348941746818
case_19,19,distance_to_inner_proxy,sigma_max_principal,0.95,10.34379705,20018,380342,46.92254457087632,57.838740722045515,-10.916196151169196,-0.8285345403729902,0.8285345403729902,47.8264675235547,59.0993145506263
case_19,19,temperature,sigma_max_principal,0.95,10.34379705,20018,380342,400.38852632730544,390.28734892797536,10.101177399330084,0.7217229161963736,0.7217229161963736,397.593231,388.896545
case_19,19,fluence_rate,sigma_max_principal,0.95,10.34379705,20018,380342,3.5938175071435707,3.4147932303400617,0.17902427680350907,0.5798148813313333,0.5798148813313333,3.579097,3.341816
case_19,19,theta_cos,sigma_max_principal,0.95,10.34379705,20018,380342,0.9099995036449434,0.9332027180935062,-0.02320321444856277,-0.3644314865744259,0.3644314865744259,0.9063389208265491,0.9431079380000202
case_19,19,z,sigma_max_principal,0.95,10.34379705,20018,380342,527.3543980047956,439.0353236607344,88.31907434406122,0.312754638444547,0.312754638444547,563.897644,436.409943
case_19,19,param_field_magnitude_scaled,sigma_max_principal,0.95,10.34379705,20018,380342,1.0074834325935202,1.2669779445133857,-0.2594945119198655,-0.281204387195915,0.281204387195915,0.8716800236687843,0.9359902148557432
case_19,19,theta,sigma_max_principal,0.95,10.34379705,20018,380342,0.3817912186558192,0.3421769673822396,0.03961425127357959,0.23267291278398528,0.23267291278398528,0.4362586383551408,0.338939080085513
case_19,19,theta_sin,sigma_max_principal,0.95,10.34379705,20018,380342,0.3652775707020562,0.3323413587371185,0.03293621196493768,0.21031566874696936,0.21031566874696936,0.4225514886906694,0.3324867174509405
case_19,19,weight_loss_rate,sigma_max_principal,0.95,10.34379705,20018,380342,0.3573398786592067,0.3602397877620668,-0.0028999091028600876,-0.055165469224843305,0.055165469224843305,0.355424,0.34745
case_20,20,rho,sigma_max_principal,0.95,10.1491031,20018,380342,176.81499779473816,187.9673139440833,-11.152316149345125,-0.8454245714906806,0.8454245714906806,177.58284428541853,189.21322492917437
case_20,20,rho_normalized,sigma_max_principal,0.95,10.1491031,20018,380342,0.5025720657369571,0.62258036320124,-0.12000829746428288,-0.8454245714906736,0.8454245714906736,0.5108347395014459,0.6359874128320577
case_20,20,distance_to_inner_proxy,sigma_max_principal,0.95,10.1491031,20018,380342,46.70379201568198,57.85610816502701,-11.152316149345033,-0.8454245714906734,0.8454245714906734,47.47163850636235,59.10201915011818
case_20,20,distance_to_outer_proxy,sigma_max_principal,0.95,10.1491031,20018,380342,46.22575023254641,35.073434083201384,11.152316149345026,0.8454245714906728,0.8454245714906728,45.45790374186603,33.827523098110206
case_20,20,temperature,sigma_max_principal,0.95,10.1491031,20018,380342,396.9244530288241,385.68813695614205,11.23631607268203,0.7539172101110689,0.7539172101110689,393.452698,384.196014
case_20,20,fluence_rate,sigma_max_principal,0.95,10.1491031,20018,380342,3.6150819071835345,3.42836230381604,0.1867196033674947,0.6070126048815456,0.6070126048815456,3.6002840000000003,3.356299
case_20,20,theta_cos,sigma_max_principal,0.95,10.1491031,20018,380342,0.9096907638856909,0.9332067635478344,-0.02351599966214346,-0.3686429359820557,0.3686429359820557,0.9062455445375011,0.943110512917039
case_20,20,z,sigma_max_principal,0.95,10.1491031,20018,380342,524.7001803154161,439.1583146591542,85.5418656562619,0.3026130960811173,0.3026130960811173,563.897461,436.39414999999997
case_20,20,param_field_magnitude_scaled,sigma_max_principal,0.95,10.1491031,20018,380342,0.979163688619206,1.254388805642532,-0.2752251170233261,-0.2930705277849323,0.2930705277849323,0.8048892087490767,0.9041191694697143
case_20,20,theta,sigma_max_principal,0.95,10.1491031,20018,380342,0.38225938311072877,0.34218236845664224,0.04007701465408653,0.2348271755755015,0.2348271755755015,0.43647956804824484,0.33893133557978833
case_20,20,theta_sin,sigma_max_principal,0.95,10.1491031,20018,380342,0.36566028474636575,0.332348548633605,0.033311736112760726,0.21219749457580375,0.21219749457580375,0.42275171555634966,0.33247941353615007
case_20,20,weight_loss_rate,sigma_max_principal,0.95,10.1491031,20018,380342,0.35789135093415925,0.3568899779277597,0.0010013730063995196,0.023055582847631543,0.023055582847631543,0.35502,0.346752
case_21,21,temperature,sigma_max_principal,0.95,8.02169455,20018,380342,394.1601530790789,379.3103874524271,14.849765626651788,0.987077658073234,0.987077658073234,392.013245,377.381744
case_21,21,theta_cos,sigma_max_principal,0.95,8.02169455,20018,380342,0.9120254385392861,0.9330894910003402,-0.02106405246105414,-0.3193325803307466,0.3193325803307466,0.9287832014620239,0.9428011185235419
case_21,21,param_field_magnitude_scaled,sigma_max_principal,0.95,8.02169455,20018,380342,1.644425698850927,1.2675370948963478,0.3768886039545791,0.31367195438346784,0.31367195438346784,1.1623553228092205,0.8434340288446043
case_21,21,rho_normalized,sigma_max_principal,0.95,8.02169455,20018,380342,0.5780512957779896,0.6185206067961885,-0.04046931101819884,-0.21073593926285486,0.21073593926285486,0.5119667233235872,0.6325027030718875
case_21,21,distance_to_outer_proxy,sigma_max_principal,0.95,8.02169455,20018,380342,39.194870423351674,35.43567082015527,3.7591996031964,0.21073593926285414,0.21073593926285414,45.33347501773875,34.13687206502388
case_21,21,rho,sigma_max_principal,0.95,8.02169455,20018,380342,183.8955551716706,187.65475477486697,-3.759199603196379,-0.21073593926285294,0.21073593926285294,177.7569505772835,188.95355352999837
case_21,21,distance_to_inner_proxy,sigma_max_principal,0.95,8.02169455,20018,380342,53.69526060719443,57.4544602103908,-3.7591996031963717,-0.21073593926285256,0.21073593926285256,47.55665601280734,58.75325896552221
case_21,21,weight_loss_rate,sigma_max_principal,0.95,8.02169455,20018,380342,0.31207634568888004,0.30362388402017126,0.008452461668708777,0.19754076212646055,0.19754076212646055,0.294563,0.295012
case_21,21,z,sigma_max_principal,0.95,8.02169455,20018,380342,487.3201975032471,440.9218874783143,46.398310024932755,0.17592842701046665,0.17592842701046665,504.851807,436.2320405
case_21,21,theta,sigma_max_principal,0.95,8.02169455,20018,380342,0.37156143925362645,0.3427517010293319,0.028809738224294557,0.16420877979306986,0.16420877979306986,0.3796802188610222,0.3398606778304103
case_21,21,theta_sin,sigma_max_principal,0.95,8.02169455,20018,380342,0.3550999690074781,0.3329128616729576,0.022187107334520506,0.13769578004301813,0.13769578004301813,0.37062348101797893,0.3333557422792037
case_21,21,fluence_rate,sigma_max_principal,0.95,8.02169455,20018,380342,3.810636262513737,3.7912935030498867,0.019342759463850445,0.05770500775478244,0.05770500775478244,3.9293075,3.743474
case_22,22,temperature,sigma_max_principal,0.95,9.714675249999997,20018,380342,440.3889229371066,446.890815961164,-6.501893024057381,-0.3568011132121658,0.3568011132121658,450.29541,449.770142
case_22,22,weight_loss_rate,sigma_max_principal,0.95,9.714675249999997,20018,380342,0.2883755089919073,0.2722223492672383,0.016153159724668964,0.34910795249541876,0.34910795249541876,0.263063,0.262546
case_22,22,theta_cos,sigma_max_principal,0.95,9.714675249999997,20018,380342,0.9128617007331141,0.9330750263531237,-0.020213325620009548,-0.3123509346738097,0.3123509346738097,0.919775607359286,0.9428673255415873
case_22,22,fluence_rate,sigma_max_principal,0.95,9.714675249999997,20018,380342,3.5337926008092713,3.434310518483365,0.09948208232590616,0.2904069205431043,0.2904069205431043,3.570712,3.359819
case_22,22,param_field_magnitude_scaled,sigma_max_principal,0.95,9.714675249999997,20018,380342,1.5473181923347799,1.098753509949669,0.4485646823851108,0.2719709476043241,0.2719709476043241,0.8158373794962417,0.6892572733382064
case_22,22,distance_to_inner_proxy,sigma_max_principal,0.95,9.714675249999997,20018,380342,53.82279206946309,57.478399384343426,-3.655607314880335,-0.21696243574200255,0.21696243574200255,50.478379012239145,58.82542678410799
case_22,22,distance_to_outer_proxy,sigma_max_principal,0.95,9.714675249999997,20018,380342,39.18523453043305,35.52962721555272,3.655607314880328,0.21696243574200214,0.21696243574200214,42.529647587656996,34.18259981578815
case_22,22,rho_normalized,sigma_max_principal,0.95,9.714675249999997,20018,380342,0.5786897543907592,0.6179939676777058,-0.039304213286946554,-0.21696243574200147,0.21696243574200147,0.5427314271421765,0.6324768832819605
case_22,22,rho,sigma_max_principal,0.95,9.714675249999997,20018,380342,183.96969150541554,187.62529882029585,-3.6556073148803137,-0.2169624357420013,0.2169624357420013,180.6252784481916,188.97232622006044
case_22,22,theta,sigma_max_principal,0.95,9.714675249999997,20018,380342,0.3708815430864153,0.3427183356358295,0.028163207450585814,0.1622315560629581,0.1622315560629581,0.40328800681743576,0.339662014314631
case_22,22,z,sigma_max_principal,0.95,9.714675249999997,20018,380342,482.48430440968133,441.12677663384005,41.35752777584128,0.15070697870775135,0.15070697870775135,534.1666565,436.14131150000003
case_22,22,theta_sin,sigma_max_principal,0.95,9.714675249999997,20018,380342,0.3547811489752567,0.3328673586681851,0.02191379030707158,0.13721524710770128,0.13721524710770128,0.39244468668234056,0.33316843551709013
case_23,23,distance_to_outer_proxy,sigma_max_principal,0.95,2.32110575,20018,380342,45.89939356264201,34.80619075087332,11.093202811768691,0.8229106365476129,0.8229106365476129,45.029237293594946,33.62220488330145
case_23,23,distance_to_inner_proxy,sigma_max_principal,0.95,2.32110575,20018,380342,46.73222980171608,57.825432613484764,-11.093202811768684,-0.8229106365476123,0.8229106365476123,47.602386070763146,59.00941848105664
case_23,23,rho_normalized,sigma_max_principal,0.95,2.32110575,20018,380342,0.5044954207258043,0.6242515300205165,-0.11975610929471214,-0.822910636547612,0.822910636547612,0.5138891486714368,0.6370331895075232
case_23,23,rho,sigma_max_principal,0.95,2.32110575,20018,380342,176.39434660627686,187.48754941804552,-11.093202811768663,-0.8229106365476108,0.8229106365476108,177.26450287532393,188.67153528561744
case_23,23,fluence_rate,sigma_max_principal,0.95,2.32110575,20018,380342,3.2091603524328107,3.0687815941678807,0.14037875826493007,0.7136961075168757,0.7136961075168757,3.183363,3.014803
case_23,23,z,sigma_max_principal,0.95,2.32110575,20018,380342,610.095788857728,432.9776517889846,177.11813706874347,0.661625885008492,0.661625885008492,781.5301815,429.254059
case_23,23,param_field_magnitude_scaled,sigma_max_principal,0.95,2.32110575,20018,380342,0.9009912104239549,1.2732205336765872,-0.37222932325263225,-0.38595254436220205,0.38595254436220205,0.7765641362417677,0.8533757480984475
case_23,23,temperature,sigma_max_principal,0.95,2.32110575,20018,380342,369.40681430462587,365.75391493321797,3.652899371407898,0.3649941401823589,0.3649941401823589,369.039825,362.873566
case_23,23,theta_cos,sigma_max_principal,0.95,2.32110575,20018,380342,0.910807784247989,0.9330067638065795,-0.022198979558590515,-0.34799055559514247,0.34799055559514247,0.9084737629598425,0.9429421193611804
case_23,23,theta,sigma_max_principal,0.95,2.32110575,20018,380342,0.37991660579918674,0.3426605014349918,0.03725610436419491,0.21911889578814778,0.21911889578814778,0.4311786755491045,0.33943745044361573
case_23,23,theta_sin,sigma_max_principal,0.95,2.32110575,20018,380342,0.3635702460154037,0.3327819206056569,0.030788325409746797,0.19697379307786775,0.19697379307786775,0.41794188830878837,0.3329566931819182
case_23,23,weight_loss_rate,sigma_max_principal,0.95,2.32110575,20018,380342,0.44705565306224404,0.4423470548742973,0.004708598187946722,0.12518814893931648,0.12518814893931648,0.447603,0.440043
case_24,24,rho,sigma_max_principal,0.95,9.102337549999998,20018,380342,175.7440264636116,188.00924326683804,-12.265216803226451,-0.9285468841382736,0.9285468841382736,175.02414340644415,189.1851305366043
case_24,24,rho_normalized,sigma_max_principal,0.95,9.102337549999998,20018,380342,0.49114291751703393,0.6232653987304037,-0.13212248121336972,-0.9285468841382736,0.9285468841382736,0.4833882453231101,0.6359322065171087
case_24,24,distance_to_inner_proxy,sigma_max_principal,0.95,9.102337549999998,20018,380342,45.59386343182005,57.8590802350465,-12.265216803226451,-0.9285468841382736,0.9285468841382736,44.873980374652604,59.034967504812755
case_24,24,distance_to_outer_proxy,sigma_max_principal,0.95,9.102337549999998,20018,380342,47.23830782765605,34.97309102442961,12.265216803226444,0.928546884138273,0.928546884138273,47.958190884823495,33.79720375466334
case_24,24,temperature,sigma_max_principal,0.95,9.102337549999998,20018,380342,398.2462247478769,385.50681765942505,12.739407088451856,0.8491375575009248,0.8491375575009248,399.395142,384.068878
case_24,24,fluence_rate,sigma_max_principal,0.95,9.102337549999998,20018,380342,3.619962507543211,3.403122985155466,0.2168395223877453,0.690926009505224,0.690926009505224,3.602972,3.330089
case_24,24,theta_cos,sigma_max_principal,0.95,9.102337549999998,20018,380342,0.9038969002143935,0.9334875731152742,-0.029590672900880688,-0.44754875721325493,0.44754875721325493,0.9032309631066826,0.9433476483164935
case_24,24,weight_loss_rate,sigma_max_principal,0.95,9.102337549999998,20018,380342,0.31546842486761917,0.2959172342970274,0.019551190570591792,0.43948473608003447,0.43948473608003447,0.289207,0.288773
case_24,24,theta,sigma_max_principal,0.95,9.102337549999998,20018,380342,0.3933498856507552,0.3416586330949393,0.05169125255581586,0.29447595892203393,0.29447595892203393,0.4435567974279975,0.33821737923286754
case_24,24,theta_sin,sigma_max_principal,0.95,9.102337549999998,20018,380342,0.37512348895455555,0.3319050649093988,0.043218424045156745,0.26815325922237915,0.26815325922237915,0.42915478243328553,0.33180598911872716
case_24,24,z,sigma_max_principal,0.95,9.102337549999998,20018,380342,507.1822635140374,439.8496856533804,67.33257786065701,0.2406905427400783,0.2406905427400783,544.0672,440.31471250000004
case_24,24,param_field_magnitude_scaled,sigma_max_principal,0.95,9.102337549999998,20018,380342,1.5187101126118296,1.244401479658663,0.27430863295316654,0.21869372378677962,0.21869372378677962,1.1916388012150738,0.8329771756498172
case_26,26,param_field_magnitude_scaled,sigma_max_principal,0.95,3.9574745999999994,20018,380342,2.1653934045777232,1.249623396109086,0.9157700084686373,0.793974875746646,0.793974875746646,2.102224925072614,0.8802515868149638
case_26,26,fluence_rate,sigma_max_principal,0.95,3.9574745999999994,20018,380342,3.4713702763512844,3.6708916777636964,-0.19952140141241204,-0.7858929398394682,0.7858929398394682,3.5709,3.645266
case_26,26,rho,sigma_max_principal,0.95,3.9574745999999994,20018,380342,195.7330414611187,186.58635635115564,9.146685109963045,0.48114531390763576,0.48114531390763576,191.76634382024042,187.97809888176852
case_26,26,rho_normalized,sigma_max_principal,0.95,3.9574745999999994,20018,380342,0.7113970699982061,0.6124344021063814,0.09896266789182462,0.48114531390763365,0.48114531390763365,0.668479337886282,0.6274923769018561
case_26,26,distance_to_inner_proxy,sigma_max_principal,0.95,3.9574745999999994,20018,380342,65.75130931733344,56.60462420737045,9.146685109962988,0.48114531390763265,0.48114531390763265,61.784611676455185,57.996366737983266
case_26,26,distance_to_outer_proxy,sigma_max_principal,0.95,3.9574745999999994,20018,380342,26.674302328071903,35.820987438034884,-9.14668510996298,-0.48114531390763227,0.48114531390763227,30.64099996895014,34.42924490742206
case_26,26,temperature,sigma_max_principal,0.95,3.9574745999999994,20018,380342,382.5966115869218,392.5659380828334,-9.96932649591156,-0.4693522273099761,0.4693522273099761,384.99534600000004,392.482666
case_26,26,z,sigma_max_principal,0.95,3.9574745999999994,20018,380342,478.85160756988705,440.3211422352646,38.53046533462248,0.15480042531403432,0.15480042531403432,478.585815,439.413513
case_26,26,theta_cos,sigma_max_principal,0.95,3.9574745999999994,20018,380342,0.9258314984534244,0.9322889889402235,-0.006457490486799111,-0.10139396984144514,0.10139396984144514,0.9558754053174633,0.9412869907596433
case_26,26,theta_sin,sigma_max_principal,0.95,3.9574745999999994,20018,380342,0.3221031276787691,0.33479596692985264,-0.012692839251083554,-0.08049871273103254,0.08049871273103254,0.2937723770356435,0.3376074658929427
case_26,26,theta,sigma_max_principal,0.95,3.9574745999999994,20018,380342,0.3354451868005454,0.3448164271979059,-0.00937124039736048,-0.05469888572981667,0.05469888572981667,0.29817097293762096,0.34437396611616283
case_26,26,weight_loss_rate,sigma_max_principal,0.95,3.9574745999999994,20018,380342,0.27266970011989206,0.27373758816801724,-0.0010678880481251873,-0.03394907340807135,0.03394907340807135,0.2622235,0.263535
case_27,27,rho_normalized,sigma_max_principal,0.95,8.1130173,20018,380342,0.4981968239817795,0.6218329235769274,-0.12363609959514793,-0.8705934432209185,0.8705934432209185,0.5058284677767707,0.6351469581021798
case_27,27,distance_to_outer_proxy,sigma_max_principal,0.95,8.1130173,20018,380342,46.752840682818906,35.2337050071866,11.519135675632306,0.8705934432209179,0.8705934432209179,46.04180288244777,33.99324068820016
case_27,27,rho,sigma_max_principal,0.95,8.1130173,20018,380342,176.5173918574684,188.0365275331007,-11.519135675632299,-0.8705934432209175,0.8705934432209175,177.2284296578395,189.27699185208712
case_27,27,distance_to_inner_proxy,sigma_max_principal,0.95,8.1130173,20018,380342,46.4168380222862,57.935973697918485,-11.519135675632285,-0.8705934432209164,0.8705934432209164,47.12787582265733,59.17643801690494
case_27,27,temperature,sigma_max_principal,0.95,8.1130173,20018,380342,397.1608273446398,384.5323764176846,12.628450926955225,0.8301007660883132,0.8301007660883132,394.191772,383.658447
case_27,27,fluence_rate,sigma_max_principal,0.95,8.1130173,20018,380342,3.6764353439404536,3.454590921804586,0.22184442213586753,0.6980431219252952,0.6980431219252952,3.657617,3.374786
case_27,27,weight_loss_rate,sigma_max_principal,0.95,8.1130173,20018,380342,0.5941398159656309,0.5832666240278486,0.010873191937782356,0.5980277006022096,0.5980277006022096,0.581227,0.580809
case_27,27,theta_cos,sigma_max_principal,0.95,8.1130173,20018,380342,0.9053564018184683,0.9335045961461336,-0.028148194327665244,-0.4265012323225638,0.4265012323225638,0.9039151361522617,0.9432368961161992
case_27,27,param_field_magnitude_scaled,sigma_max_principal,0.95,8.1130173,20018,380342,1.635097733564022,1.2585974883367825,0.37650024522723946,0.29956596191823465,0.29956596191823465,1.2335720632470866,0.8766135288799254
case_27,27,theta,sigma_max_principal,0.95,8.1130173,20018,380342,0.3891093867158364,0.3416625610792484,0.047446825636587975,0.26974692355288143,0.26974692355288143,0.4419598793679934,0.3385510070316062
case_27,27,z,sigma_max_principal,0.95,8.1130173,20018,380342,510.08025268977923,440.082406057393,69.99784663238626,0.24924649547356256,0.24924649547356256,544.422241,440.608459
case_27,27,theta_sin,sigma_max_principal,0.95,8.1130173,20018,380342,0.37120758862927106,0.33191364463612777,0.03929394399314329,0.24315835094133273,0.24315835094133273,0.4277118500051613,0.33212069764608
case_28,28,rho,sigma_max_principal,0.95,9.724851749999997,20018,380342,176.65848664273508,187.9676465300284,-11.309159887293305,-0.8561301808112272,0.8561301808112272,177.4910465189614,189.2087438847959
case_28,28,distance_to_inner_proxy,sigma_max_principal,0.95,9.724851749999997,20018,380342,46.55846134220108,57.867621229494354,-11.309159887293276,-0.8561301808112252,0.8561301808112252,47.3910212184274,59.10871858426188
case_28,28,rho_normalized,sigma_max_principal,0.95,9.724851749999997,20018,380342,0.5001990954172323,0.6216986334705985,-0.12149953805336622,-0.8561301808112244,0.8561301808112244,0.5091436714397998,0.635032316678397
case_28,28,distance_to_outer_proxy,sigma_max_principal,0.95,9.724851749999997,20018,380342,46.521397795419226,35.212237908125964,11.309159887293262,0.8561301808112239,0.8561301808112239,45.688837919192906,33.971140553358424
case_28,28,temperature,sigma_max_principal,0.95,9.724851749999997,20018,380342,398.97895737231494,387.61030598678303,11.368651385531905,0.7904676876987539,0.7904676876987539,396.549866,386.653625
case_28,28,fluence_rate,sigma_max_principal,0.95,9.724851749999997,20018,380342,3.652948383804576,3.4338541137318512,0.21909427007272475,0.6976849317407419,0.6976849317407419,3.640305,3.358908
case_28,28,theta_cos,sigma_max_principal,0.95,9.724851749999997,20018,380342,0.9083580530606108,0.9332916724298769,-0.02493361936926608,-0.38762534513901004,0.38762534513901004,0.9062459612258951,0.9431542142987179
case_28,28,param_field_magnitude_scaled,sigma_max_principal,0.95,9.724851749999997,20018,380342,0.9564689672521924,1.2221713558909526,-0.26570238863876017,-0.27657285690792927,0.27657285690792927,0.8499777108313135,0.8118489621788669
case_28,28,z,sigma_max_principal,0.95,9.724851749999997,20018,380342,518.4481228150165,439.5872315406056,78.8608912744109,0.2746514810258434,0.2746514810258434,563.962708,436.4994965
case_28,28,theta,sigma_max_principal,0.95,9.724851749999997,20018,380342,0.3849076242550699,0.3420049460720939,0.042902678182975995,0.2498504642638173,0.2498504642638173,0.4364785823898134,0.33879987020163826
case_28,28,theta_sin,sigma_max_principal,0.95,9.724851749999997,20018,380342,0.36793999054167625,0.33219377101098846,0.035746219530687795,0.2264264852592008,0.2264264852592008,0.42275082230760175,0.3323554242831215
case_28,28,weight_loss_rate,sigma_max_principal,0.95,9.724851749999997,20018,380342,0.39977308777100606,0.4004108130708678,-0.0006377252998617244,-0.01646486749645258,0.01646486749645258,0.399958,0.39351400000000003
case_29,29,temperature,sigma_max_principal,0.95,3.5024187999999996,20018,380342,404.3916501952243,391.9746779363205,12.416972258903797,0.9022132212751357,0.9022132212751357,403.819275,390.99408
case_29,29,rho_normalized,sigma_max_principal,0.95,3.5024187999999996,20018,380342,0.517236836559667,0.6232419571394832,-0.10600512057981615,-0.7306801029555505,0.7306801029555505,0.5400119575732569,0.6366260658453161
case_29,29,distance_to_outer_proxy,sigma_max_principal,0.95,3.5024187999999996,20018,380342,44.65486166368001,34.84954851302481,9.805313150655202,0.7306801029555497,0.7306801029555497,42.548197453867886,33.61153872269311
case_29,29,rho,sigma_max_principal,0.95,3.5024187999999996,20018,380342,177.62979827520667,187.43511142586186,-9.805313150655195,-0.7306801029555493,0.7306801029555493,179.7364624850188,188.67312121619358
case_29,29,distance_to_inner_proxy,sigma_max_principal,0.95,3.5024187999999996,20018,380342,47.84362423042678,57.64893738108197,-9.805313150655195,-0.7306801029555492,0.7306801029555492,49.95028844023889,58.88694717141367
case_29,29,fluence_rate,sigma_max_principal,0.95,3.5024187999999996,20018,380342,3.2358468926965727,3.1177860239205777,0.11806086877599498,0.6119025825223925,0.6119025825223925,3.205203,3.064107
case_29,29,z,sigma_max_principal,0.95,3.5024187999999996,20018,380342,574.4703809882604,435.03178014156464,139.4386008466958,0.4951222058781342,0.4951222058781342,771.9953,435.052673
case_29,29,weight_loss_rate,sigma_max_principal,0.95,3.5024187999999996,20018,380342,0.3234921836846838,0.3141523515020692,0.009339832182614582,0.39307460494951624,0.39307460494951624,0.319856,0.306202
case_29,29,theta_cos,sigma_max_principal,0.95,3.5024187999999996,20018,380342,0.913081707334733,0.9329088808836508,-0.01982717354891772,-0.31286662727916387,0.31286662727916387,0.9102950117073991,0.9429331450852687
case_29,29,param_field_magnitude_scaled,sigma_max_principal,0.95,3.5024187999999996,20018,380342,1.1167104044050844,1.3500308093992186,-0.2333204049941342,-0.24872896722904603,0.24872896722904603,0.9535069930903439,1.0477355188171156
case_29,29,theta,sigma_max_principal,0.95,3.5024187999999996,20018,380342,0.37258684338044007,0.3429797975483289,0.029607045832111156,0.17298904015669764,0.17298904015669764,0.4268001651284533,0.3394644026977566
case_29,29,theta_sin,sigma_max_principal,0.95,3.5024187999999996,20018,380342,0.3567505724538991,0.3330786831778592,0.02367188927603986,0.15013475035334964,0.15013475035334964,0.4139601329327305,0.3329821074766179
case_31,31,fluence_rate,sigma_max_principal,0.95,6.1077444,20018,380342,3.8897220203816563,4.247636554500951,-0.35791453411929464,-1.254405218090218,1.254405218090218,3.811249,4.235293
case_31,31,param_field_magnitude_scaled,sigma_max_principal,0.95,6.1077444,20018,380342,2.8837401389442734,1.0741066365987124,1.809633502345561,1.2106654528970568,1.2106654528970568,2.8861922769696866,0.6415373703603743
case_31,31,rho,sigma_max_principal,0.95,6.1077444,20018,380342,202.6040412057906,186.87902685291854,15.725014352872051,0.8408995187431575,0.8408995187431575,214.2653561304734,188.31631737680607
case_31,31,distance_to_outer_proxy,sigma_max_principal,0.95,6.1077444,20018,380342,20.54854641968116,36.2735607725532,-15.725014352872044,-0.8408995187431572,0.8408995187431572,8.887231494998332,34.836270248665656
case_31,31,distance_to_inner_proxy,sigma_max_principal,0.95,6.1077444,20018,380342,72.257611352188,56.53259699931596,15.72501435287203,0.8408995187431564,0.8408995187431564,83.91892627687082,57.9698875232035
case_31,31,rho_normalized,sigma_max_principal,0.95,6.1077444,20018,380342,0.7785863900303637,0.6091470475297684,0.16943934250059522,0.8408995187431555,0.8408995187431555,0.9042387734998747,0.6246340643225614
case_31,31,weight_loss_rate,sigma_max_principal,0.95,6.1077444,20018,380342,0.33752874343091216,0.3604225237654532,-0.022893780334541036,-0.4524828475822287,0.4524828475822287,0.33055049999999997,0.347634
case_31,31,theta_sin,sigma_max_principal,0.95,6.1077444,20018,380342,0.31093045776118006,0.33525731632639305,-0.024326858565212994,-0.1622307218984289,0.1622307218984289,0.2816473839941573,0.3388019851136099
case_31,31,temperature,sigma_max_principal,0.95,6.1077444,20018,380342,444.54539531716455,446.83244325150787,-2.2870479343433203,-0.1431870826633186,0.1431870826633186,450.10672,450.576172
case_31,31,theta,sigma_max_principal,0.95,6.1077444,20018,380342,0.3225389305588777,0.34535109259689567,-0.022812162038017947,-0.13992278987868934,0.13992278987868934,0.2855105648614711,0.3456432830449494
case_31,31,z,sigma_max_principal,0.95,6.1077444,20018,380342,474.43912885642925,442.05948715798934,32.37964169843991,0.12797496696010308,0.12797496696010308,495.57104449999997,440.810883
case_31,31,theta_cos,sigma_max_principal,0.95,6.1077444,20018,380342,0.9326722087349452,0.9320015410716097,0.0006706676633354558,0.010988028621420367,0.010988028621420367,0.9595179779465104,0.9408577017185072
case_32,32,weight_loss_rate,sigma_max_principal,0.95,10.015991249999997,20018,380342,0.33284564626835844,0.3447133177114281,-0.01186767144306966,-0.25291191662332935,0.25291191662332935,0.325414,0.333357
case_32,32,z,sigma_max_principal,0.95,10.015991249999997,20018,380342,507.8322646748925,440.60796713064826,67.22429754424422,0.24113374587403674,0.24113374587403674,535.0530705,436.89282249999997
case_32,32,theta_cos,sigma_max_principal,0.95,10.015991249999997,20018,380342,0.9181192246034722,0.9328290762866925,-0.014709851683220365,-0.23332612300589603,0.23332612300589603,0.939420429765973,0.9427765751575343
case_32,32,rho,sigma_max_principal,0.95,10.015991249999997,20018,380342,185.18227058124307,187.81378259912535,-2.6315120178822724,-0.1523824320983161,0.1523824320983161,180.93292286776645,189.1974298244579
case_32,32,distance_to_outer_proxy,sigma_max_principal,0.95,10.015991249999997,20018,380342,38.29048264341001,35.65897062552774,2.6315120178822653,0.15238243209831567,0.15238243209831567,42.539830356886625,34.27532340019516
case_32,32,rho_normalized,sigma_max_principal,0.95,10.015991249999997,20018,380342,0.5893837828682716,0.6176033673582954,-0.028219584490023708,-0.15238243209831542,0.15238243209831542,0.5438149897132074,0.6324412056483453
case_32,32,distance_to_inner_proxy,sigma_max_principal,0.95,10.015991249999997,20018,380342,54.96078471003252,57.592296727914764,-2.631512017882244,-0.15238243209831445,0.15238243209831445,50.7114369965559,58.975943953247366
case_32,32,param_field_magnitude_scaled,sigma_max_principal,0.95,10.015991249999997,20018,380342,1.3789431284858333,1.2254830343867773,0.15346009409905603,0.1387753404069557,0.1387753404069557,1.0455217373173955,0.8406399784630638
case_32,32,temperature,sigma_max_principal,0.95,10.015991249999997,20018,380342,387.6479556857329,385.6917936338848,1.9561620518480822,0.10253313824452556,0.10253313824452556,390.752441,384.210632
case_32,32,theta,sigma_max_principal,0.95,10.015991249999997,20018,380342,0.3596230625451687,0.343224132631347,0.01639892991382169,0.09657144563966914,0.09657144563966914,0.34986081562314764,0.33993429531545166
case_32,32,fluence_rate,sigma_max_principal,0.95,10.015991249999997,20018,380342,3.975225306124488,4.00649336569193,-0.03126805956744194,-0.09239795485542594,0.09239795485542594,4.117069,3.970295
case_32,32,theta_sin,sigma_max_principal,0.95,10.015991249999997,20018,380342,0.3448737011778485,0.33330841467935607,0.011565286498492422,0.07395778012615127,0.07395778012615127,0.34276705812884356,0.33342514802310425
case_33,33,rho_normalized,sigma_max_principal,0.95,4.628666549999999,20018,380342,0.5175543383682562,0.6229822984232112,-0.10542796005495503,-0.6706083349795376,0.6706083349795376,0.5112061956550114,0.6360952389725951
case_33,33,distance_to_outer_proxy,sigma_max_principal,0.95,4.628666549999999,20018,380342,44.66603885388958,34.905251816912546,9.760787036977035,0.6706083349795366,0.6706083349795366,45.253765952773236,33.691222634669415
case_33,33,distance_to_inner_proxy,sigma_max_principal,0.95,4.628666549999999,20018,380342,47.9164888919681,57.677275928945114,-9.760787036977014,-0.6706083349795351,0.6706083349795351,47.32876179308444,58.89130511118826
case_33,33,rho,sigma_max_principal,0.95,4.628666549999999,20018,380342,178.08780915213214,187.8485961891091,-9.76078703697695,-0.6706083349795309,0.6706083349795309,177.50008205324843,189.06262537135228
case_33,33,fluence_rate,sigma_max_principal,0.95,4.628666549999999,20018,380342,3.591996201568589,3.4052611180174686,0.18673508355112034,0.5803078970455418,0.5803078970455418,3.591066,3.332587
case_33,33,weight_loss_rate,sigma_max_principal,0.95,4.628666549999999,20018,380342,0.36953268478369466,0.3499160137665575,0.019616671017137155,0.47386822786803545,0.47386822786803545,0.34422549999999996,0.343504
case_33,33,theta_cos,sigma_max_principal,0.95,4.628666549999999,20018,380342,0.9064323220328322,0.9333133597586112,-0.02688103772577899,-0.4094753505907376,0.4094753505907376,0.9049043824738221,0.9430465054157384
case_33,33,z,sigma_max_principal,0.95,4.628666549999999,20018,380342,522.1788060907684,438.53644433262957,83.6423617581388,0.3033716713246866,0.3033716713246866,553.329163,435.738525
case_33,33,theta,sigma_max_principal,0.95,4.628666549999999,20018,380342,0.38751440930381653,0.3420848913388931,0.04542951796492345,0.26020956389446465,0.26020956389446465,0.43964131650255966,0.3391237987266834
case_33,33,theta_sin,sigma_max_principal,0.95,4.628666549999999,20018,380342,0.36991712111389746,0.3322899141753924,0.037627206938505076,0.23463382349929499,0.23463382349929499,0.4256149181827029,0.33266092139431513
case_33,33,param_field_magnitude_scaled,sigma_max_principal,0.95,4.628666549999999,20018,380342,1.4188797781448172,1.2079805731801347,0.2108992049646825,0.15595899652096487,0.15595899652096487,0.7817614509493049,0.7349242960392127
case_33,33,temperature,sigma_max_principal,0.95,4.628666549999999,20018,380342,358.3539666934259,357.2437645621966,1.1102021312293004,0.12478376157639237,0.12478376157639237,357.400879,354.54422
case_34,34,temperature,sigma_max_principal,0.95,8.22631895,20018,380342,398.11079013367964,388.70860404004804,9.402186093631599,0.52091960103451,0.52091960103451,401.596558,385.591553
case_34,34,fluence_rate,sigma_max_principal,0.95,8.22631895,20018,380342,3.544193361474673,3.3988077442985514,0.14538561717612142,0.44587430753519985,0.44587430753519985,3.569434,3.326463
case_34,34,rho_normalized,sigma_max_principal,0.95,8.22631895,20018,380342,0.5484291031869701,0.6188671387717347,-0.07043803558476458,-0.40685145736410055,0.40685145736410055,0.5175792971302938,0.6327492388884955
case_34,34,distance_to_inner_proxy,sigma_max_principal,0.95,8.22631895,20018,380342,51.06800916058953,57.62697954635762,-6.5589703857680846,-0.40685145736410033,0.40685145736410033,48.195371349886656,58.91963745202182
case_34,34,distance_to_outer_proxy,sigma_max_principal,0.95,8.22631895,20018,380342,42.04887479729818,35.489904411530105,6.5589703857680774,0.4068514573640999,0.4068514573640999,44.921512608001066,34.197246505865905
case_34,34,rho,sigma_max_principal,0.95,8.22631895,20018,380342,181.08450644839036,187.64347683415838,-6.558970385768021,-0.4068514573640963,0.4068514573640963,178.21186863768747,188.93613473982265
case_34,34,theta_cos,sigma_max_principal,0.95,8.22631895,20018,380342,0.9128883759378351,0.9330833199888078,-0.020194944050972663,-0.3147723023606417,0.3147723023606417,0.9146676384244992,0.942953552556243
case_34,34,z,sigma_max_principal,0.95,8.22631895,20018,380342,514.690603848886,439.60334341092226,75.08726043796372,0.2688204428218284,0.2688204428218284,548.2736515,436.289368
case_34,34,weight_loss_rate,sigma_max_principal,0.95,8.22631895,20018,380342,0.5690981393745628,0.5829006331301828,-0.013802493755620038,-0.23384696516732514,0.23384696516732514,0.593238,0.5875565
case_34,34,param_field_magnitude_scaled,sigma_max_principal,0.95,8.22631895,20018,380342,1.5302886931389317,1.2858103541177341,0.24447833902119753,0.1892824003268173,0.1892824003268173,1.0637564341078278,0.9035127004401895
case_34,34,theta,sigma_max_principal,0.95,8.22631895,20018,380342,0.3720999647990476,0.34260852831700805,0.029491436482039557,0.17124361349969922,0.17124361349969922,0.4161114289291726,0.33940311038856996
case_34,34,theta_sin,sigma_max_principal,0.95,8.22631895,20018,380342,0.35610225234164267,0.33275327412156064,0.02334897822008203,0.14733856946992774,0.14733856946992774,0.404206767903318,0.33292431230127706
case_35,35,temperature,sigma_max_principal,0.95,6.875816249999999,20018,380342,385.29988045943645,370.8766834073833,14.423197052053126,0.9597207201700795,0.9597207201700795,381.342133,368.156525
case_35,35,weight_loss_rate,sigma_max_principal,0.95,6.875816249999999,20018,380342,0.579173075432111,0.6243039532420821,-0.04513087780997105,-0.5996457794671933,0.5996457794671933,0.630128,0.630663
case_35,35,param_field_magnitude_scaled,sigma_max_principal,0.95,6.875816249999999,20018,380342,1.9916471452241753,1.2133008641072045,0.7783462811169708,0.45818306071625114,0.45818306071625114,1.0579542833163584,0.8074036873179576
case_35,35,z,sigma_max_principal,0.95,6.875816249999999,20018,380342,520.2116976650016,438.99869286673055,81.21300479827102,0.31116882749669184,0.31116882749669184,534.0089720000001,436.015869
case_35,35,theta_cos,sigma_max_principal,0.95,6.875816249999999,20018,380342,0.9158918478205985,0.9329031596340752,-0.017011311813476704,-0.2632790552170139,0.2632790552170139,0.9380515164993566,0.9427480963669194
case_35,35,fluence_rate,sigma_max_principal,0.95,6.875816249999999,20018,380342,3.514974815865721,3.436936463645877,0.07803835221984379,0.22365849856371828,0.22365849856371828,3.573904,3.362557
case_35,35,theta,sigma_max_principal,0.95,6.875816249999999,20018,380342,0.36374330698324864,0.3431147376834891,0.020628569299759536,0.11975122826102974,0.11975122826102974,0.3538329183203021,0.34001969784931335
case_35,35,theta_sin,sigma_max_principal,0.95,6.875816249999999,20018,380342,0.3483057783746011,0.333225573876605,0.015080204497996075,0.09525191895882294,0.09525191895882294,0.3464958187219676,0.3335056623154422
case_35,35,rho,sigma_max_principal,0.95,6.875816249999999,20018,380342,186.28107029997344,187.3280862330535,-1.0470159330800755,-0.057518120923317394,0.057518120923317394,180.4028292156069,188.66703349851198
case_35,35,distance_to_inner_proxy,sigma_max_principal,0.95,6.875816249999999,20018,380342,56.245993205648276,57.293009138728344,-1.0470159330800684,-0.05751812092331701,0.05751812092331701,50.367752121281725,58.63195640418681
case_35,35,rho_normalized,sigma_max_principal,0.95,6.875816249999999,20018,380342,0.6055219127711636,0.616793668399738,-0.01127175562857441,-0.05751812092331668,0.05751812092331668,0.54223911550378,0.6312082402309404
case_35,35,distance_to_outer_proxy,sigma_max_principal,0.95,6.875816249999999,20018,380342,36.642458920285826,35.59544298720578,1.047015933080047,0.05751812092331584,0.05751812092331584,42.52070000465237,34.256495721747285
case_36,36,param_field_magnitude_scaled,sigma_max_principal,0.95,9.813024499999997,20018,380342,3.887692830981333,1.0866438576701056,2.8010489733112274,1.8747315972943643,1.8747315972943643,3.895364024216486,0.7466613554083565
case_36,36,fluence_rate,sigma_max_principal,0.95,9.813024499999997,20018,380342,4.120949800379658,4.890608593760352,-0.7696587933806942,-1.7314822537353238,1.7314822537353238,4.054518,4.891019
case_36,36,rho,sigma_max_principal,0.95,9.813024499999997,20018,380342,207.35724190642014,188.20162574817212,19.155616158248023,1.0667359703355226,1.0667359703355226,216.3024992365398,189.71596278395123
case_36,36,distance_to_inner_proxy,sigma_max_principal,0.95,9.813024499999997,20018,380342,76.16292510753661,57.00730894928859,19.155616158248016,1.0667359703355221,1.0667359703355221,85.10818243765628,58.52164598506771
case_36,36,rho_normalized,sigma_max_principal,0.95,9.813024499999997,20018,380342,0.8113581713623822,0.6072947681313282,0.20406340323105399,1.066735970335522,1.066735970335522,0.9066513552767912,0.6234268918180338
case_36,36,distance_to_outer_proxy,sigma_max_principal,0.95,9.813024499999997,20018,380342,17.707979008272765,36.86359516652077,-19.155616158248,-1.0667359703355215,1.0667359703355215,8.762721678153085,35.34925813074166
case_36,36,temperature,sigma_max_principal,0.95,9.813024499999997,20018,380342,420.2919361981717,434.407822863636,-14.115886665464302,-0.8848492627723986,0.8848492627723986,425.835785,434.723267
case_36,36,z,sigma_max_principal,0.95,9.813024499999997,20018,380342,536.763952773404,441.600651568546,95.16330120485793,0.37784143941667764,0.37784143941667764,542.108337,439.25769
case_36,36,theta_sin,sigma_max_principal,0.95,9.813024499999997,20018,380342,0.3018739512901215,0.33549116053653755,-0.033617209246416035,-0.23613631705337396,0.23613631705337396,0.28464056958525724,0.3401024754857095
case_36,36,theta,sigma_max_principal,0.95,9.813024499999997,20018,380342,0.311824514717134,0.34564129449225867,-0.03381677977512465,-0.21908632042748682,0.21908632042748682,0.28863146722343425,0.34702586683048176
case_36,36,theta_cos,sigma_max_principal,0.95,9.813024499999997,20018,380342,0.9386099771120239,0.9318173983282323,0.006792578783791581,0.1190388152490129,0.1190388152490129,0.9586343130444321,0.9403883804941894
case_36,36,weight_loss_rate,sigma_max_principal,0.95,9.813024499999997,20018,380342,0.4120788324507943,0.40896975523081874,0.0031090772199755534,0.0739574979090831,0.0739574979090831,0.40547,0.396949
case_37,37,weight_loss_rate,sigma_max_principal,0.95,3.3213985499999996,20018,380342,0.4959946804376061,0.5305002689973758,-0.034505588559769707,-0.5965258910113876,0.5965258910113876,0.530883,0.531778
case_37,37,param_field_magnitude_scaled,sigma_max_principal,0.95,3.3213985499999996,20018,380342,1.8659875953509364,1.2758792494600288,0.5901083458909075,0.46105911559280927,0.46105911559280927,1.2127942422105977,0.9045696907727736
case_37,37,z,sigma_max_principal,0.95,3.3213985499999996,20018,380342,526.358919528974,437.09618301976366,89.2627365092103,0.3413203174250754,0.3413203174250754,516.963684,434.609253
case_37,37,theta_cos,sigma_max_principal,0.95,3.3213985499999996,20018,380342,0.9186720176847011,0.9326523321622779,-0.01398031447757686,-0.220181986750171,0.220181986750171,0.9444466520394594,0.9425023537276617
case_37,37,fluence_rate,sigma_max_principal,0.95,3.3213985499999996,20018,380342,3.1117678000799285,3.074913853053305,0.03685394702662359,0.17403302665739168,0.17403302665739168,3.110381,3.020389
case_37,37,temperature,sigma_max_principal,0.95,3.3213985499999996,20018,380342,415.99361973039265,414.5369838140121,1.4566359163805487,0.11334432166780979,0.11334432166780979,422.202698,414.791473
case_37,37,theta,sigma_max_principal,0.95,3.3213985499999996,20018,380342,0.3567691559229601,0.34372644038712646,0.013042715535833638,0.07617208940939282,0.07617208940939282,0.33488944164460793,0.34075577909591004
case_37,37,theta_sin,sigma_max_principal,0.95,3.3213985499999996,20018,380342,0.34205781948559505,0.33377495368408344,0.008282865801511607,0.052526924877835696,0.052526924877835696,0.32866475541417006,0.3341995110975109
case_37,37,distance_to_inner_proxy,sigma_max_principal,0.95,3.3213985499999996,20018,380342,56.9454195929968,56.98210691309371,-0.03668732009690956,-0.0020365753009471063,0.0020365753009471063,50.37281482808625,58.379746860704444
case_37,37,rho_normalized,sigma_max_principal,0.95,3.3213985499999996,20018,380342,0.6166567564311025,0.6170540400752444,-0.0003972836441419325,-0.002036575300945965,0.002036575300945965,0.5454826187286946,0.6321889556296849
case_37,37,rho,sigma_max_principal,0.95,3.3213985499999996,20018,380342,186.61892424514656,186.65561156524345,-0.03668732009688824,-0.0020365753009459232,0.0020365753009459232,180.04631948023598,188.0532515128542
case_37,37,distance_to_outer_proxy,sigma_max_principal,0.95,3.3213985499999996,20018,380342,35.39998812225811,35.36330080216122,0.03668732009688824,0.002036575300945923,0.002036575300945923,41.97259288716866,33.965660854550464
case_38,38,param_field_magnitude_scaled,sigma_max_principal,0.95,8.282201349999998,20018,380342,4.020462935440542,1.0461241804393306,2.9743387550012113,2.0284622555853327,2.0284622555853327,3.9168617979973024,0.7272707082874633
case_38,38,fluence_rate,sigma_max_principal,0.95,8.282201349999998,20018,380342,4.107094581027076,4.843463501872,-0.7363689208449236,-1.9114767495151,1.9114767495151,4.0495339999999995,4.846991
case_38,38,rho,sigma_max_principal,0.95,8.282201349999998,20018,380342,209.73534099679696,187.89415609179508,21.84118490500188,1.2733967489588174,1.2733967489588174,216.9615374923432,189.45477997506356
case_38,38,rho_normalized,sigma_max_principal,0.95,8.282201349999998,20018,380342,0.8389609271384953,0.6057707777949402,0.2331901493435552,1.2733967489588165,1.2733967489588165,0.9161123201289185,0.62243297437408
case_38,38,distance_to_inner_proxy,sigma_max_principal,0.95,8.282201349999998,20018,380342,78.57922296154702,56.73803805654516,21.84118490500186,1.2733967489588158,1.2733967489588158,85.80541945709325,58.298661939813584
case_38,38,distance_to_outer_proxy,sigma_max_principal,0.95,8.282201349999998,20018,380342,15.083330823362683,36.92451572836453,-21.84118490500185,-1.2733967489588156,1.2733967489588156,7.857134327816453,35.36389184509612
case_38,38,temperature,sigma_max_principal,0.95,8.282201349999998,20018,380342,432.6965589202718,443.33538265486857,-10.63882373459677,-0.5957231231025925,0.5957231231025925,441.20163,444.824524
case_38,38,weight_loss_rate,sigma_max_principal,0.95,8.282201349999998,20018,380342,0.3863490266759916,0.4059807241061992,-0.019631697430207595,-0.4805597120837923,0.4805597120837923,0.380436,0.395331
case_38,38,theta_sin,sigma_max_principal,0.95,8.282201349999998,20018,380342,0.286299680145916,0.3364100332162999,-0.05011035307038392,-0.3766223365762033,0.3766223365762033,0.2797594683970645,0.3406319523994391
case_38,38,theta,sigma_max_principal,0.95,8.282201349999998,20018,380342,0.29393443880696596,0.3466930159175679,-0.052758577110601945,-0.3687758678821299,0.3687758678821299,0.2835435646407588,0.34758896487852325
case_38,38,z,sigma_max_principal,0.95,8.282201349999998,20018,380342,534.1405735148367,441.3741031388225,92.76647037601418,0.366866008060692,0.366866008060692,547.4562075,438.941895
case_38,38,theta_cos,sigma_max_principal,0.95,8.282201349999998,20018,380342,0.9471002440216055,0.9313231808495375,0.015777063172068062,0.31260166349939456,0.31260166349939456,0.960070122236074,0.9401967203753403
case_39,39,weight_loss_rate,sigma_max_principal,0.95,6.6460771,20018,380342,0.44172841797382356,0.5062931819283699,-0.06456476395454636,-1.1006930332723786,1.1006930332723786,0.487085,0.505256
case_39,39,param_field_magnitude_scaled,sigma_max_principal,0.95,6.6460771,20018,380342,3.0417959587815284,1.0413409866916135,2.0004549720899147,1.080053439574098,1.080053439574098,3.028665335766767,0.6593117635695332
case_39,39,temperature,sigma_max_principal,0.95,6.6460771,20018,380342,407.4589683441902,398.84001867327294,8.618949670917289,0.5630534865831973,0.5630534865831973,400.633545,398.70047
case_39,39,fluence_rate,sigma_max_principal,0.95,6.6460771,20018,380342,3.7510504465980614,3.959465315952485,-0.20841486935442344,-0.5583743571924774,0.5583743571924774,3.944819,3.915807
case_39,39,distance_to_outer_proxy,sigma_max_principal,0.95,6.6460771,20018,380342,28.936534373848435,36.16040338446523,-7.223869010616799,-0.3742873233984412,0.3742873233984412,39.864333135251,34.761863694605864
case_39,39,rho,sigma_max_principal,0.95,6.6460771,20018,380342,194.28672063104833,187.06285162043153,7.223869010616795,0.37428732339844106,0.37428732339844106,183.35892186964577,188.4613913102909
case_39,39,rho_normalized,sigma_max_principal,0.95,6.6460771,20018,380342,0.6894042656494308,0.6118655088924156,0.07753875675701516,0.3742873233984409,0.3742873233984409,0.5721086822432669,0.6268769977036972
case_39,39,distance_to_inner_proxy,sigma_max_principal,0.95,6.6460771,20018,380342,64.22808823229397,57.0042192216772,7.223869010616774,0.3742873233984399,0.3742873233984399,53.300289470891414,58.40275891153655
case_39,39,z,sigma_max_principal,0.95,6.6460771,20018,380342,523.1242457906884,439.03847988657054,84.08576590411786,0.3296983400726888,0.3296983400726888,538.3279725,436.16438300000004
case_39,39,theta_cos,sigma_max_principal,0.95,6.6460771,20018,380342,0.925606972032058,0.9324250460962734,-0.006818074064215418,-0.10897291302737265,0.10897291302737265,0.9543899330944818,0.9418578734211434
case_39,39,theta_sin,sigma_max_principal,0.95,6.6460771,20018,380342,0.326286526416247,0.3343290208281624,-0.008042494411915402,-0.052039349947321095,0.052039349947321095,0.29856298432308637,0.33601152699661396
case_39,39,theta,sigma_max_principal,0.95,6.6460771,20018,380342,0.3394770371935718,0.34432808287692895,-0.004851045683357147,-0.028887765927965586,0.028887765927965586,0.3031866083555492,0.3426789945347414
case_40,40,rho_normalized,sigma_max_principal,0.95,8.887292349999997,20018,380342,0.5075287659872726,0.6218181021461306,-0.11428933615885806,-0.800618548901005,0.800618548901005,0.5254608354956765,0.6353133808574112
case_40,40,distance_to_outer_proxy,sigma_max_principal,0.95,8.887292349999997,20018,380342,45.77889027862906,35.15484034701725,10.624049931611815,0.8006185489010029,0.8006185489010029,44.111970089595744,33.900353098352326
case_40,40,distance_to_inner_proxy,sigma_max_principal,0.95,8.887292349999997,20018,380342,47.17860067087472,57.80265060248651,-10.624049931611786,-0.8006185489010008,0.8006185489010008,48.845520859908035,59.05713785115145
case_40,40,rho,sigma_max_principal,0.95,8.887292349999997,20018,380342,177.27928330068303,187.90333323229476,-10.624049931611722,-0.8006185489009959,0.8006185489009959,178.9462034897163,189.15782048095974
case_40,40,fluence_rate,sigma_max_principal,0.95,8.887292349999997,20018,380342,3.672717654760715,3.4661391684825764,0.20657848627813857,0.6615991099047508,0.6615991099047508,3.661826,3.39081
case_40,40,temperature,sigma_max_principal,0.95,8.887292349999997,20018,380342,382.32665359436515,375.3153060962082,7.011347498156965,0.5653929461753175,0.5653929461753175,381.130432,372.624573
case_40,40,param_field_magnitude_scaled,sigma_max_principal,0.95,8.887292349999997,20018,380342,0.9254034561344671,1.2778992592909364,-0.35249580315646933,-0.3882375256862953,0.3882375256862953,0.8132908324877057,0.9110951164672739
case_40,40,theta_cos,sigma_max_principal,0.95,8.887292349999997,20018,380342,0.9101132471622813,0.9331606436428008,-0.023047396480519566,-0.3615340253098367,0.3615340253098367,0.9066948965956638,0.9430745784449164
case_40,40,z,sigma_max_principal,0.95,8.887292349999997,20018,380342,531.25296075552,438.60189412405936,92.65106663146065,0.32228095710953153,0.32228095710953153,587.4060365,436.212585
case_40,40,theta,sigma_max_principal,0.95,8.887292349999997,20018,380342,0.3813401686830402,0.34229941049498397,0.039040758188056246,0.2290685209611474,0.2290685209611474,0.43541543220705603,0.33903939930952387
case_40,40,theta_sin,sigma_max_principal,0.95,8.887292349999997,20018,380342,0.3648402973805839,0.33245542790036703,0.03238486948021685,0.20659564044629883,0.20659564044629883,0.4217871080146678,0.3325813276342242
case_40,40,weight_loss_rate,sigma_max_principal,0.95,8.887292349999997,20018,380342,0.3522166494654811,0.3560237633261643,-0.00380711386068322,-0.08409243680459395,0.08409243680459395,0.34996700000000003,0.3465945
case_41,41,rho_normalized,sigma_max_principal,0.95,11.034744149999996,20018,380342,0.5522722500480551,0.6192083092830699,-0.06693605923501478,-0.3945302813229922,0.3945302813229922,0.5406754756223959,0.6336238571168196
case_41,41,distance_to_outer_proxy,sigma_max_principal,0.95,11.034744149999996,20018,380342,41.72549259016954,35.48746056306037,6.2380320271091705,0.3945302813229921,0.3945302813229921,42.80624115985199,34.144019522417
case_41,41,distance_to_inner_proxy,sigma_max_principal,0.95,11.034744149999996,20018,380342,51.46840167849706,57.70643370560621,-6.238032027109149,-0.3945302813229908,0.3945302813229908,50.38765310881459,59.049874746249586
case_41,41,rho,sigma_max_principal,0.95,11.034744149999996,20018,380342,181.5527056944735,187.79073772158262,-6.238032027109114,-0.39453028132298856,0.39453028132298856,180.47195712479103,189.13417876222604
case_41,41,fluence_rate,sigma_max_principal,0.95,11.034744149999996,20018,380342,3.5794624999999995,3.454416994859889,0.1250455051401107,0.3759335427285343,0.3759335427285343,3.598983,3.38022
case_41,41,temperature,sigma_max_principal,0.95,11.034744149999996,20018,380342,427.5719180296233,433.6494864795657,-6.077568449942419,-0.36621251199489213,0.36621251199489213,436.63266,433.914703
case_41,41,theta_cos,sigma_max_principal,0.95,11.034744149999996,20018,380342,0.9138418124051971,0.9330568333259934,-0.0192150209207963,-0.30373575171678396,0.30373575171678396,0.9130180230925967,0.942969348793373
case_41,41,param_field_magnitude_scaled,sigma_max_principal,0.95,11.034744149999996,20018,380342,1.5480629320487613,1.1164458352585214,0.43161709679023996,0.29489743536085933,0.29489743536085933,0.9814233636827863,0.7600070154219053
case_41,41,z,sigma_max_principal,0.95,11.034744149999996,20018,380342,509.17762080282745,440.04291783852165,69.1347029643058,0.2474720400433561,0.2474720400433561,544.292114,436.436646
case_41,41,weight_loss_rate,sigma_max_principal,0.95,11.034744149999996,20018,380342,0.34771241357778004,0.3590955619337333,-0.011383148355953276,-0.24614177022113862,0.24614177022113862,0.345908,0.347672
case_41,41,theta,sigma_max_principal,0.95,11.034744149999996,20018,380342,0.3707976282633883,0.34263504132906347,0.02816258693432483,0.1649893144729839,0.1649893144729839,0.42017387237919307,0.3393556602685315
case_41,41,theta_sin,sigma_max_principal,0.95,11.034744149999996,20018,380342,0.35513197985028166,0.33276837454540203,0.02236360530487963,0.14223529588123732,0.14223529588123732,0.40791920554610195,0.3328795686672743
case_42,42,fluence_rate,sigma_max_principal,0.95,8.9122837,20018,380342,4.088422006693976,4.50167617234489,-0.41325416565091455,-0.9639528185672555,0.9639528185672555,4.425997,4.491352
case_42,42,param_field_magnitude_scaled,sigma_max_principal,0.95,8.9122837,20018,380342,2.4035424916341004,1.1954984173574457,1.2080440742766547,0.8746244591267633,0.8746244591267633,2.308294824642931,0.7925606233837106
case_42,42,rho_normalized,sigma_max_principal,0.95,8.9122837,20018,380342,0.7085688408165876,0.6114234252090598,0.09714541560752776,0.47250695326205544,0.47250695326205544,0.5897907031567495,0.6266128450414644
case_42,42,rho,sigma_max_principal,0.95,8.9122837,20018,380342,196.58744976481603,187.52143360917572,9.066016155640312,0.4725069532620554,0.4725069532620554,185.5025775840076,188.9389737445922
case_42,42,distance_to_inner_proxy,sigma_max_principal,0.95,8.9122837,20018,380342,66.12660533750113,57.06058918186083,9.066016155640305,0.47250695326205505,0.47250695326205505,55.04173315669267,58.47812931727728
case_42,42,distance_to_outer_proxy,sigma_max_principal,0.95,8.9122837,20018,380342,27.197573667172243,36.26358982281254,-9.066016155640298,-0.47250695326205466,0.47250695326205466,38.282445847980696,34.84604968739609
case_42,42,temperature,sigma_max_principal,0.95,8.9122837,20018,380342,377.5012558603757,383.65497506074803,-6.153719200372336,-0.34052313535361595,0.34052313535361595,384.853546,383.075684
case_42,42,weight_loss_rate,sigma_max_principal,0.95,8.9122837,20018,380342,0.29422503197122596,0.30019944802835336,-0.005974416057127396,-0.20390952360586162,0.20390952360586162,0.282586,0.291812
case_42,42,z,sigma_max_principal,0.95,8.9122837,20018,380342,480.71396925836746,442.42550178385505,38.2884674745124,0.15053127229612623,0.15053127229612623,500.377625,441.407959
case_42,42,theta_cos,sigma_max_principal,0.95,8.9122837,20018,380342,0.9257820715595604,0.932428215148752,-0.006646143589191578,-0.10567074587997403,0.10567074587997403,0.955013528236792,0.9416475118247911
case_42,42,theta_sin,sigma_max_principal,0.95,8.9122837,20018,380342,0.32461776525674546,0.33438786487937255,-0.009770099622627093,-0.06280221240758382,0.06280221240758382,0.2965622377910567,0.33660059933664943
case_42,42,theta,sigma_max_principal,0.95,8.9122837,20018,380342,0.33783494685967846,0.3443827895192644,-0.006547842659585912,-0.03873932394622477,0.03873932394622477,0.30109093204602233,0.3433045009182194
case_43,43,fluence_rate,sigma_max_principal,0.95,9.005365349999996,20018,380342,4.070013361374762,4.476306511581684,-0.40629315020692136,-0.9710353578871695,0.9710353578871695,4.374669,4.465422
case_43,43,param_field_magnitude_scaled,sigma_max_principal,0.95,9.005365349999996,20018,380342,2.4567569323173926,1.1784340644005102,1.2783228679168823,0.9153677376927919,0.9153677376927919,2.395357136868033,0.7597569394027243
case_43,43,temperature,sigma_max_principal,0.95,9.005365349999996,20018,380342,373.8466637764512,384.28883749670285,-10.442173720251674,-0.4904034345133901,0.4904034345133901,381.443115,383.63385
case_43,43,distance_to_inner_proxy,sigma_max_principal,0.95,9.005365349999996,20018,380342,66.3890724302286,57.03275466660198,9.356317763626613,0.4903033073185749,0.4903033073185749,58.761169088199665,58.44485091400577
case_43,43,rho,sigma_max_principal,0.95,9.005365349999996,20018,380342,196.84767375342915,187.49135598980254,9.356317763626606,0.4903033073185745,0.4903033073185745,189.21977041140025,188.90345223720635
case_43,43,distance_to_outer_proxy,sigma_max_principal,0.95,9.005365349999996,20018,380342,26.851700921237416,36.20801868486402,-9.356317763626606,-0.4903033073185745,0.4903033073185745,34.47960426326634,34.795922437460234
case_43,43,rho_normalized,sigma_max_principal,0.95,9.005365349999996,20018,380342,0.7120176082192992,0.6116718321460091,0.1003457760732901,0.49030330731857424,0.49030330731857424,0.6302089416043628,0.6268164539315981
case_43,43,weight_loss_rate,sigma_max_principal,0.95,9.005365349999996,20018,380342,0.2900523256569088,0.2955863164020801,-0.005533990745171302,-0.19966396021133767,0.19966396021133767,0.279814,0.287923
case_43,43,z,sigma_max_principal,0.95,9.005365349999996,20018,380342,475.83840133095214,442.64885788167766,33.18954344927448,0.13230150798902773,0.13230150798902773,496.20108,441.38343799999996
case_43,43,theta_cos,sigma_max_principal,0.95,9.005365349999996,20018,380342,0.9260687898088902,0.932411426371428,-0.006342636562537862,-0.1009489978355013,0.1009489978355013,0.9550195668420677,0.9416225306502001
case_43,43,theta_sin,sigma_max_principal,0.95,9.005365349999996,20018,380342,0.3239163369310937,0.33442550719759,-0.010509170266496337,-0.06759043242429483,0.06759043242429483,0.2965427910922618,0.3366704765372294
case_43,43,theta,sigma_max_principal,0.95,9.005365349999996,20018,380342,0.33706828458458593,0.3444243677812223,-0.007356083196636387,-0.043548214935348085,0.043548214935348085,0.3010705693632985,0.3433787092886864
case_44,44,temperature,sigma_max_principal,0.95,9.196964099999999,20018,380342,402.5972836836347,389.41507928823273,13.182204395401982,0.8540639693856509,0.8540639693856509,404.94632,386.026489
case_44,44,distance_to_inner_proxy,sigma_max_principal,0.95,9.196964099999999,20018,380342,46.63583298339594,57.854267486373004,-11.218434502977061,-0.80787607735754,0.80787607735754,46.07794417706434,59.06905329591281
case_44,44,rho_normalized,sigma_max_principal,0.95,9.196964099999999,20018,380342,0.5017849295636205,0.6224912836003254,-0.12070635403670482,-0.8078760773575387,0.8078760773575387,0.4957822449865249,0.6355619456402175
case_44,44,distance_to_outer_proxy,sigma_max_principal,0.95,9.196964099999999,20018,380342,46.30405069137484,35.08561618839781,11.218434502977033,0.8078760773575377,0.8078760773575377,46.861939497706445,33.870830378857974
case_44,44,rho,sigma_max_principal,0.95,9.196964099999999,20018,380342,176.71619805690483,187.93463255988183,-11.218434502977004,-0.8078760773575357,0.8078760773575357,176.15830925057327,189.1494183694217
case_44,44,fluence_rate,sigma_max_principal,0.95,9.196964099999999,20018,380342,3.6006096087521233,3.4119441502963124,0.18866545845581095,0.604056829960429,0.604056829960429,3.589424,3.339975
case_44,44,theta_cos,sigma_max_principal,0.95,9.196964099999999,20018,380342,0.9068252984174634,0.933384576682456,-0.026559278264992603,-0.4071473842696011,0.4071473842696011,0.9050091309259811,0.9431621814883229
case_44,44,theta,sigma_max_principal,0.95,9.196964099999999,20018,380342,0.3871661074019484,0.34186000295301855,0.04530610444892985,0.26073221299150257,0.26073221299150257,0.43939514121969914,0.3387758974906082
case_44,44,z,sigma_max_principal,0.95,9.196964099999999,20018,380342,507.0835786661005,440.09539915991934,66.98817950618115,0.23971458419546662,0.23971458419546662,534.462891,440.513199
case_44,44,theta_sin,sigma_max_principal,0.95,9.196964099999999,20018,380342,0.36972094090267876,0.33207693401681526,0.0376440068858635,0.23577299449469533,0.23577299449469533,0.42539214019600835,0.3323328142242117
case_44,44,param_field_magnitude_scaled,sigma_max_principal,0.95,9.196964099999999,20018,380342,1.058482691245312,1.2606053306248397,-0.20212263937952768,-0.20665517386827534,0.20665517386827534,1.2048790003497776,0.8661109844345186
case_44,44,weight_loss_rate,sigma_max_principal,0.95,9.196964099999999,20018,380342,0.4666121793885503,0.47191788258199213,-0.005305703193441813,-0.13993677332514945,0.13993677332514945,0.4693485,0.47232399999999997
case_45,45,param_field_magnitude_scaled,sigma_max_principal,0.95,10.86213065,20018,380342,1.9449727020021466,1.175555541757551,0.7694171602445956,0.6338045980810917,0.6338045980810917,1.5158405413013898,0.7905922790236977
case_45,45,fluence_rate,sigma_max_principal,0.95,10.86213065,20018,380342,3.90398196323309,4.09971346614363,-0.19573150291053976,-0.5249609518365103,0.5249609518365103,4.137167,4.068013
case_45,45,temperature,sigma_max_principal,0.95,10.86213065,20018,380342,409.0385007632131,416.26184115103246,-7.2233403878193485,-0.5194791632513471,0.5194791632513471,407.740372,416.700958
case_45,45,weight_loss_rate,sigma_max_principal,0.95,10.86213065,20018,380342,0.33476288825057443,0.3542537310709834,-0.01949084282040897,-0.3919093271309094,0.3919093271309094,0.323629,0.340467
case_45,45,z,sigma_max_principal,0.95,10.86213065,20018,380342,508.9538004557898,440.78792897929503,68.16587147649477,0.25791068855422217,0.25791068855422217,525.459595,437.099945
case_45,45,rho_normalized,sigma_max_principal,0.95,10.86213065,20018,380342,0.662738321150605,0.6136242817061579,0.049114039444447144,0.24472297076876637,0.24472297076876637,0.5656630109610417,0.6287648728591625
case_45,45,rho,sigma_max_principal,0.95,10.86213065,20018,380342,192.21154325016832,187.6206681388581,4.5908751113102255,0.2447229707687663,0.2447229707687663,183.13754667987865,189.03591648497456
case_45,45,distance_to_inner_proxy,sigma_max_principal,0.95,10.86213065,20018,380342,61.948658638091885,57.35778352678166,4.5908751113102255,0.2447229707687663,0.2447229707687663,52.87466206780219,58.77303187289813
case_45,45,distance_to_outer_proxy,sigma_max_principal,0.95,10.86213065,20018,380342,31.52512529904409,36.11600041035432,-4.5908751113102255,-0.2447229707687663,0.2447229707687663,40.599121869333786,34.70075206423785
case_45,45,theta_cos,sigma_max_principal,0.95,10.86213065,20018,380342,0.9236873027711237,0.9325818793107928,-0.008894576539669186,-0.14269779540639851,0.14269779540639851,0.9517150270997381,0.9423103306735929
case_45,45,theta_sin,sigma_max_principal,0.95,10.86213065,20018,380342,0.33192081236843285,0.33390867343901826,-0.001987861070585406,-0.012877572076159485,0.012877572076159485,0.3069829102552032,0.33474055730638874
case_45,45,theta,sigma_max_principal,0.95,10.86213065,20018,380342,0.345448061290072,0.3438774420756785,0.0015706192143934983,0.009368173378672639,0.009368173378672639,0.3120212437437395,0.3413298904635802
case_46,46,rho_normalized,sigma_max_principal,0.95,9.59244885,20018,380342,0.4981061109371865,0.6231308439261399,-0.12502473298895345,-0.878572886556524,0.878572886556524,0.5087570841247271,0.636198030067702
case_46,46,distance_to_inner_proxy,sigma_max_principal,0.95,9.59244885,20018,380342,46.233197067095155,57.83773873325464,-11.604541666159484,-0.878572886556524,0.878572886556524,47.221798755617726,59.050608398432146
case_46,46,distance_to_outer_proxy,sigma_max_principal,0.95,9.59244885,20018,380342,46.58477093596229,34.980229269802805,11.604541666159484,0.878572886556524,0.878572886556524,45.59616924743972,33.7673596046253
case_46,46,rho,sigma_max_principal,0.95,9.59244885,20018,380342,176.36825549164254,187.972797157802,-11.604541666159463,-0.8785728865565223,0.8785728865565223,177.3568571801651,189.1856668229795
case_46,46,temperature,sigma_max_principal,0.95,9.59244885,20018,380342,400.9757313215606,388.79518106753653,12.18055025402407,0.838901311219787,0.838901311219787,398.57431,387.183746
case_46,46,fluence_rate,sigma_max_principal,0.95,9.59244885,20018,380342,3.589324398091717,3.3888599047988395,0.2004644932928774,0.635036161148424,0.635036161148424,3.570367,3.311296
case_46,46,weight_loss_rate,sigma_max_principal,0.95,9.59244885,20018,380342,0.3318998472874413,0.3137047424291821,0.018195104858259203,0.5965146000193388,0.5965146000193388,0.327543,0.306691
case_46,46,theta_cos,sigma_max_principal,0.95,9.59244885,20018,380342,0.9066026842611352,0.9333567230883012,-0.026754038827165982,-0.4106129398282244,0.4106129398282244,0.9038965172697995,0.943198390286438
case_46,46,z,sigma_max_principal,0.95,9.59244885,20018,380342,514.6845476697472,439.5064372442275,75.17811042551966,0.26782032295624086,0.26782032295624086,548.260193,436.2539675
case_46,46,theta,sigma_max_principal,0.95,9.59244885,20018,380342,0.3876923791586978,0.34192720466884036,0.04576517448985745,0.2632546249110253,0.2632546249110253,0.44200340872903904,0.33866692721608926
case_46,46,theta_sin,sigma_max_principal,0.95,9.59244885,20018,380342,0.3702063735773827,0.3321372456210858,0.038069127956296855,0.2382573384837414,0.2382573384837414,0.42775119644704096,0.332230035609432
case_46,46,param_field_magnitude_scaled,sigma_max_principal,0.95,9.59244885,20018,380342,1.2282321766484017,1.3137756878413824,-0.08554351119298076,-0.08618520502898545,0.08618520502898545,1.1210362571428996,1.0125496180909588
case_47,47,rho_normalized,sigma_max_principal,0.95,9.033231749999999,20018,380342,0.5055838753282939,0.6222055310905447,-0.11662165576225081,-0.7703107684051921,0.7703107684051921,0.5018075725556219,0.6353369053860733
case_47,47,distance_to_inner_proxy,sigma_max_principal,0.95,9.033231749999999,20018,380342,46.985049248981404,57.82296261385896,-10.837913364877558,-0.7703107684051912,0.7703107684051912,46.63410891956951,59.04329082860197
case_47,47,distance_to_outer_proxy,sigma_max_principal,0.95,9.033231749999999,20018,380342,45.9472050055126,35.10929164063506,10.837913364877544,0.7703107684051902,0.7703107684051902,46.2981453349245,33.888963425892044
case_47,47,rho,sigma_max_principal,0.95,9.033231749999999,20018,380342,177.10288525833894,187.94079862321647,-10.837913364877522,-0.7703107684051885,0.7703107684051885,176.75194492892706,189.1611268379595
case_47,47,temperature,sigma_max_principal,0.95,9.033231749999999,20018,380342,395.95250089599364,384.6733164805359,11.279184415457735,0.7102723694434693,0.7102723694434693,393.472076,383.69108600000004
case_47,47,fluence_rate,sigma_max_principal,0.95,9.033231749999999,20018,380342,3.6150083306524126,3.4220498024120403,0.1929585282403723,0.6013079646460482,0.6013079646460482,3.606194,3.347902
case_47,47,theta_cos,sigma_max_principal,0.95,9.033231749999999,20018,380342,0.9063602204400032,0.9334023229487796,-0.027042102508776367,-0.4112188501728251,0.4112188501728251,0.904985353821932,0.9431521244416865
case_47,47,z,sigma_max_principal,0.95,9.033231749999999,20018,380342,513.9451146848336,439.7177323445346,74.22738234029896,0.2662923014440086,0.2662923014440086,544.2684635,436.378113
case_47,47,theta,sigma_max_principal,0.95,9.033231749999999,20018,380342,0.38729554583280057,0.34186775998358615,0.04542778584921442,0.259570045669352,0.259570045669352,0.4394510324510942,0.33880615816417514
case_47,47,theta_sin,sigma_max_principal,0.95,9.033231749999999,20018,380342,0.3696602715944916,0.3320930834700702,0.03756718812442139,0.23367966253993927,0.23367966253993927,0.4254427216063197,0.33236135479494194
case_47,47,weight_loss_rate,sigma_max_principal,0.95,9.033231749999999,20018,380342,0.4532187556698971,0.4490761057495622,0.004142649920334918,0.1388658506947936,0.1388658506947936,0.452665,0.450222
case_47,47,param_field_magnitude_scaled,sigma_max_principal,0.95,9.033231749999999,20018,380342,1.126751063105116,1.2338370872703563,-0.10708602416524027,-0.10328940065133807,0.10328940065133807,1.1182714868073014,0.7964894351812355
case_48,48,rho,sigma_max_principal,0.95,10.652024799999998,20018,380342,177.69270758334457,187.91683110981452,-10.224123526469953,-0.7750130686988345,0.7750130686988345,180.0449280929701,189.22090350639792
case_48,48,distance_to_inner_proxy,sigma_max_principal,0.95,10.652024799999998,20018,380342,47.61457010356372,57.83869363003365,-10.224123526469931,-0.7750130686988327,0.7750130686988327,49.96679061318922,59.14276602661704
case_48,48,rho_normalized,sigma_max_principal,0.95,10.652024799999998,20018,380342,0.5112887852349403,0.6210761819618411,-0.10978739672690085,-0.7750130686988325,0.7750130686988325,0.5365471035260704,0.6350794080763964
case_48,48,distance_to_outer_proxy,sigma_max_principal,0.95,10.652024799999998,20018,380342,45.511998439660886,35.28787491319097,10.224123526469917,0.7750130686988317,0.7750130686988317,43.15977793003539,33.98380251660757
case_48,48,fluence_rate,sigma_max_principal,0.95,10.652024799999998,20018,380342,3.5954338041262863,3.4177670703025167,0.17766673382376963,0.567895366011874,0.567895366011874,3.578188,3.341194
case_48,48,theta_cos,sigma_max_principal,0.95,10.652024799999998,20018,380342,0.9116033841775626,0.9331421909705222,-0.02153880679295961,-0.34066182193312794,0.34066182193312794,0.9075795038297709,0.9430827944955216
case_48,48,temperature,sigma_max_principal,0.95,10.652024799999998,20018,380342,409.10134797527223,405.0801284158968,4.0212195593754245,0.3122365443495527,0.3122365443495527,410.194382,405.23941
case_48,48,z,sigma_max_principal,0.95,10.652024799999998,20018,380342,526.8215893765612,439.04923669540045,87.77235268116073,0.30557174491243977,0.30557174491243977,573.652039,436.3889005
case_48,48,theta,sigma_max_principal,0.95,10.652024799999998,20018,380342,0.37802190306781064,0.34232387472313597,0.03569802834467467,0.21051283361200762,0.21051283361200762,0.43331339776909816,0.33901469455959327
case_48,48,theta_sin,sigma_max_principal,0.95,10.652024799999998,20018,380342,0.3619114533565238,0.3324727786175453,0.029438674738978488,0.18862871428825415,0.18862871428825415,0.4198802736766221,0.3325580291110616
case_48,48,param_field_magnitude_scaled,sigma_max_principal,0.95,10.652024799999998,20018,380342,1.1066914602324993,1.2609494548016007,-0.1542579945691014,-0.16321211583998596,0.16321211583998596,0.9684290109879613,0.9326524353739203
case_48,48,weight_loss_rate,sigma_max_principal,0.95,10.652024799999998,20018,380342,0.35465067594165256,0.36074268560663825,-0.006092009664985687,-0.11593729637333583,0.11593729637333583,0.350422,0.347661
case_49,49,rho_normalized,sigma_max_principal,0.95,10.265373299999997,20018,380342,0.5058446789961788,0.6224755129151879,-0.11663083391900908,-0.8214417913039519,0.8214417913039519,0.5174323741032576,0.6360639290641693
case_49,49,distance_to_outer_proxy,sigma_max_principal,0.95,10.265373299999997,20018,380342,45.914133267454524,35.077452118754884,10.83668114869964,0.8214417913039505,0.8214417913039505,44.83746980802184,33.814892912288
case_49,49,distance_to_inner_proxy,sigma_max_principal,0.95,10.265373299999997,20018,380342,47.00024267042895,57.836923819128586,-10.836681148699633,-0.8214417913039499,0.8214417913039499,48.07690612986164,59.099483025595475
case_49,49,rho,sigma_max_principal,0.95,10.265373299999997,20018,380342,177.1368257200361,187.97350686873568,-10.836681148699597,-0.821441791303947,0.821441791303947,178.21348917946878,189.23606607520261
case_49,49,temperature,sigma_max_principal,0.95,10.265373299999997,20018,380342,395.88762794549905,385.0629903039553,10.824637641543745,0.7308564893155328,0.7308564893155328,392.686188,384.162842
case_49,49,fluence_rate,sigma_max_principal,0.95,10.265373299999997,20018,380342,3.6509685604455986,3.4642628378380502,0.18670572260754836,0.6029440868679606,0.6029440868679606,3.637887,3.390472
case_49,49,theta_cos,sigma_max_principal,0.95,10.265373299999997,20018,380342,0.9099378564113688,0.9331992628982851,-0.023261406486916325,-0.36469675237765703,0.36469675237765703,0.9063507879250177,0.9430958826194082
case_49,49,param_field_magnitude_scaled,sigma_max_principal,0.95,10.265373299999997,20018,380342,0.9535219463520851,1.2440412575166149,-0.2905193111645298,-0.3084857193755898,0.3084857193755898,0.7986568914048717,0.8922221120695017
case_49,49,z,sigma_max_principal,0.95,10.265373299999997,20018,380342,520.4129453026776,439.45967302868723,80.95327227399036,0.28445027276166135,0.28445027276166135,558.319946,436.48613
case_49,49,theta,sigma_max_principal,0.95,10.265373299999997,20018,380342,0.38169720766856297,0.34219527702820757,0.0395019306403554,0.23160589264604448,0.23160589264604448,0.43623055311887926,0.3389753364534447
case_49,49,theta_sin,sigma_max_principal,0.95,10.265373299999997,20018,380342,0.365152118287435,0.332359702373034,0.03279241591440096,0.20903716307390974,0.20903716307390974,0.4225260337801462,0.3325209109008067
case_49,49,weight_loss_rate,sigma_max_principal,0.95,10.265373299999997,20018,380342,0.3418541229893096,0.3458548029247362,-0.0040006799354265765,-0.08222546401647787,0.08222546401647787,0.338981,0.333816
case_50,50,fluence_rate,sigma_max_principal,0.95,9.380171199999998,20018,380342,3.9310687590668403,4.074764215208944,-0.14369545614210377,-0.3961717829587626,0.3961717829587626,4.130154,4.042779
case_50,50,param_field_magnitude_scaled,sigma_max_principal,0.95,9.380171199999998,20018,380342,1.697787720139697,1.2897556650275375,0.40803205511215945,0.3592873486309117,0.3592873486309117,1.4629046025870824,0.9524314441366626
case_50,50,z,sigma_max_principal,0.95,9.380171199999998,20018,380342,499.9059609292137,440.9928545312983,58.913106397915385,0.2190366239194208,0.2190366239194208,519.5488889999999,436.859955
case_50,50,theta_cos,sigma_max_principal,0.95,9.380171199999998,20018,380342,0.9213273723822206,0.932668863213032,-0.011341490830811374,-0.1790537590425624,0.1790537590425624,0.9513564326621062,0.9424474464642776
case_50,50,temperature,sigma_max_principal,0.95,9.380171199999998,20018,380342,382.61454380237785,385.17133591183716,-2.556792109459309,-0.12361948161554419,0.12361948161554419,390.041672,383.963013
case_50,50,rho,sigma_max_principal,0.95,9.380171199999998,20018,380342,189.69105162512568,187.63198177209,2.0590698530356804,0.11191638206684568,0.11191638206684568,182.11384932020405,189.0307860995529
case_50,50,distance_to_inner_proxy,sigma_max_principal,0.95,9.380171199999998,20018,380342,59.41298222008642,57.353912367050754,2.059069853035666,0.11191638206684491,0.11191638206684491,51.83577991516479,58.75271669451365
case_50,50,distance_to_outer_proxy,sigma_max_principal,0.95,9.380171199999998,20018,380342,33.779600313546055,35.838670166581714,-2.059069853035659,-0.11191638206684452,0.11191638206684452,41.35680261846768,34.43986583911882
case_50,50,rho_normalized,sigma_max_principal,0.95,9.380171199999998,20018,380342,0.6375290887409922,0.6154343061192901,0.02209478262170217,0.11191638206684393,0.11191638206684393,0.5562221638879646,0.6304441308224317
case_50,50,weight_loss_rate,sigma_max_principal,0.95,9.380171199999998,20018,380342,0.36121306429213706,0.35766008499455754,0.0035529792975795282,0.09064659293937662,0.09064659293937662,0.356516,0.34767
case_50,50,theta,sigma_max_principal,0.95,9.380171199999998,20018,380342,0.3492667521587089,0.34375200024805114,0.005514751910657756,0.03226983632243839,0.03226983632243839,0.3131872615671347,0.3409200359164709
case_50,50,theta_sin,sigma_max_principal,0.95,9.380171199999998,20018,380342,0.3350991677533231,0.33380784482163856,0.0012913229316845465,0.008204600084979191,0.008204600084979191,0.3080924180017866,0.3343543190284053
case_51,51,theta_cos,sigma_max_principal,0.95,6.196873599999998,20018,380342,0.9101368915045953,0.9331296262918813,-0.02299273478728603,-0.34697554343456605,0.34697554343456605,0.9159906011707974,0.9428817205742975
case_51,51,rho,sigma_max_principal,0.95,6.196873599999998,20018,380342,181.9351594791478,187.40870456194875,-5.473545082800939,-0.3179510752386604,0.3179510752386604,177.33679783124904,188.67113050251317
case_51,51,distance_to_inner_proxy,sigma_max_principal,0.95,6.196873599999998,20018,380342,51.925604639831036,57.39914972263196,-5.473545082800925,-0.3179510752386596,0.3179510752386596,47.32724299193225,58.66157566319639
case_51,51,distance_to_outer_proxy,sigma_max_principal,0.95,6.196873599999998,20018,380342,40.57576942753634,35.102224344735426,5.473545082800918,0.31795107523865923,0.31795107523865923,45.17413107543513,33.83979840417099
case_51,51,rho_normalized,sigma_max_principal,0.95,6.196873599999998,20018,380342,0.5613495492727966,0.6205221306315839,-0.059172581358787335,-0.3179510752386591,0.3179510752386591,0.51163826990791,0.6341697759048859
case_51,51,temperature,sigma_max_principal,0.95,6.196873599999998,20018,380342,390.948704835548,385.5616443358924,5.387060499655604,0.28251953063777313,0.28251953063777313,392.640625,384.309509
case_51,51,z,sigma_max_principal,0.95,6.196873599999998,20018,380342,498.0538244304626,439.67945478338436,58.374369647078254,0.21988892371083973,0.21988892371083973,513.9815365,435.600098
case_51,51,weight_loss_rate,sigma_max_principal,0.95,6.196873599999998,20018,380342,0.3228376522130083,0.32805461799643476,-0.005216965783426453,-0.19568327266905525,0.19568327266905525,0.323503,0.323767
case_51,51,theta,sigma_max_principal,0.95,6.196873599999998,20018,380342,0.3759552116050747,0.34264640453093187,0.033308807074142854,0.18888932168228187,0.18888932168228187,0.4128262268114713,0.33961880520203375
case_51,51,param_field_magnitude_scaled,sigma_max_principal,0.95,6.196873599999998,20018,380342,1.4303473351499425,1.2225770190421945,0.207770316107748,0.18502581146421615,0.18502581146421615,1.2051959814981452,0.8079831565704949
case_51,51,fluence_rate,sigma_max_principal,0.95,6.196873599999998,20018,380342,3.5744047816964732,3.5280878933170663,0.04631688837940695,0.18359325091905504,0.18359325091905504,3.63241,3.490308
case_51,51,theta_sin,sigma_max_principal,0.95,6.196873599999998,20018,380342,0.35904517509139305,0.3328169149356886,0.026228260155704453,0.1619473073984779,0.1619473073984779,0.40119972403608584,0.33312769474581094
case_52,52,rho,sigma_max_principal,0.95,9.567922799999998,20018,380342,177.90375047807277,187.94683483412254,-10.043084356049775,-0.7567978115092304,0.7567978115092304,180.32827758607345,189.2452022186101
case_52,52,distance_to_outer_proxy,sigma_max_principal,0.95,9.567922799999998,20018,380342,45.23054456831566,35.187460212265975,10.043084356049683,0.7567978115092235,0.7567978115092235,42.80601746031499,33.88909282777834
case_52,52,distance_to_inner_proxy,sigma_max_principal,0.95,9.567922799999998,20018,380342,47.76516188541413,57.808246241463806,-10.043084356049675,-0.756797811509223,0.756797811509223,50.18968899341479,59.10661362595144
case_52,52,rho_normalized,sigma_max_principal,0.95,9.567922799999998,20018,380342,0.5136276039709402,0.6216227441664354,-0.10799514019549517,-0.7567978115092221,0.7567978115092221,0.5396989915699687,0.6355843283513316
case_52,52,temperature,sigma_max_principal,0.95,9.567922799999998,20018,380342,399.5258452272455,389.2337147917847,10.29213043546082,0.700831193618533,0.700831193618533,397.305969,387.075745
case_52,52,fluence_rate,sigma_max_principal,0.95,9.567922799999998,20018,380342,3.619909791437706,3.4526252215821547,0.16728456985555118,0.5319398013113427,0.5319398013113427,3.604006,3.377185
case_52,52,weight_loss_rate,sigma_max_principal,0.95,9.567922799999998,20018,380342,0.4323022578179639,0.41622842941089855,0.016073828407065338,0.3614102023790365,0.3614102023790365,0.432605,0.40796
case_52,52,theta_cos,sigma_max_principal,0.95,9.567922799999998,20018,380342,0.9103452335443061,0.9332112872793398,-0.022866053735033698,-0.355796573104524,0.355796573104524,0.906786755002875,0.9430833779258236
case_52,52,param_field_magnitude_scaled,sigma_max_principal,0.95,9.567922799999998,20018,380342,1.0691368179920286,1.366334410626909,-0.29719759263488044,-0.33227536201860386,0.33227536201860386,0.8031637812430915,1.1088358793960975
case_52,52,z,sigma_max_principal,0.95,9.567922799999998,20018,380342,520.0406164312119,439.4211970086317,80.61941942258022,0.27829771776764317,0.27829771776764317,563.913391,440.507172
case_52,52,theta,sigma_max_principal,0.95,9.567922799999998,20018,380342,0.3791709036590016,0.34225135258991285,0.03691955106908873,0.21451208693683735,0.21451208693683735,0.43519759737973035,0.3390129401842104
case_52,52,theta_sin,sigma_max_principal,0.95,9.567922799999998,20018,380342,0.3626243780385349,0.3324236549068653,0.030200723131669605,0.19076248598399417,0.19076248598399417,0.4215895882818994,0.3325563745893584
case_53,53,temperature,sigma_max_principal,0.95,11.004085149999996,20018,380342,433.52846630042956,441.48319045006326,-7.954724149633705,-0.45084177921852986,0.45084177921852986,444.003601,442.830536
case_53,53,rho_normalized,sigma_max_principal,0.95,11.004085149999996,20018,380342,0.552592840170463,0.6195670676185333,-0.06697422744807036,-0.39992886933732535,0.39992886933732535,0.5422626263108443,0.6341200294697296
case_53,53,distance_to_inner_proxy,sigma_max_principal,0.95,11.004085149999996,20018,380342,51.47088117211707,57.70914966200661,-6.238268489889542,-0.39992886933732497,0.39992886933732497,50.508680485827014,59.064675314337194
case_53,53,distance_to_outer_proxy,sigma_max_principal,0.95,11.004085149999996,20018,380342,41.67343310499048,35.43516461510094,6.238268489889542,0.39992886933732497,0.39992886933732497,42.63563379128054,34.07963896277036
case_53,53,rho,sigma_max_principal,0.95,11.004085149999996,20018,380342,181.55697982478728,187.7952483146768,-6.238268489889521,-0.3999288693373236,0.3999288693373236,180.59477913849724,189.1507739670074
case_53,53,fluence_rate,sigma_max_principal,0.95,11.004085149999996,20018,380342,3.5592380853232095,3.4427246475645594,0.11651343775865008,0.35889471981890264,0.35889471981890264,3.562782,3.368114
case_53,53,theta_cos,sigma_max_principal,0.95,11.004085149999996,20018,380342,0.9138004767302907,0.9330613507745485,-0.019260874044257803,-0.30375843836118743,0.30375843836118743,0.9128203494325803,0.9429298120598507
case_53,53,param_field_magnitude_scaled,sigma_max_principal,0.95,11.004085149999996,20018,380342,1.5662340079774724,1.1310701056382058,0.4351639023392666,0.28933879403129614,0.28933879403129614,0.9483209831289245,0.7477259983552038
case_53,53,z,sigma_max_principal,0.95,11.004085149999996,20018,380342,502.9404363086722,440.3572670168795,62.58316929179267,0.2237136384893037,0.2237136384893037,536.5494385,436.424835
case_53,53,weight_loss_rate,sigma_max_principal,0.95,11.004085149999996,20018,380342,0.3460567098111699,0.35630934571254286,-0.01025263590137293,-0.2137098251811642,0.2137098251811642,0.340943,0.345142
case_53,53,theta,sigma_max_principal,0.95,11.004085149999996,20018,380342,0.3708517481193563,0.3426284573338676,0.028223290785488686,0.165268495366912,0.165268495366912,0.42065821268828674,0.33947441217903807
case_53,53,theta_sin,sigma_max_principal,0.95,11.004085149999996,20018,380342,0.3551553573433139,0.3327640357564327,0.022391321586881174,0.14238802376860724,0.14238802376860724,0.4083613714123494,0.33299154573159895
case_54,54,distance_to_inner_proxy,sigma_max_principal,0.95,9.40645185,20018,380342,49.23771635982212,57.76352321894014,-8.52580685911802,-0.5613879982260457,0.5613879982260457,47.72001079247083,59.03089600281547
case_54,54,rho_normalized,sigma_max_principal,0.95,9.40645185,20018,380342,0.5292079626347678,0.6208435056960844,-0.0916355430613166,-0.5613879982260455,0.5613879982260455,0.5128956327673977,0.6344652537875679
case_54,54,distance_to_outer_proxy,sigma_max_principal,0.95,9.40645185,20018,380342,43.802675766332406,35.27686890721439,8.525806859118013,0.5613879982260452,0.5613879982260452,45.3203813336837,34.00949612333906
case_54,54,rho,sigma_max_principal,0.95,9.40645185,20018,380342,179.33275037039985,187.85855722951786,-8.525806859118006,-0.5613879982260447,0.5613879982260447,177.81504480304852,189.12593001339317
case_54,54,temperature,sigma_max_principal,0.95,9.40645185,20018,380342,397.7227184785692,388.39989887741024,9.322819601158983,0.5462004412692718,0.5462004412692718,397.599243,385.19548
case_54,54,fluence_rate,sigma_max_principal,0.95,9.40645185,20018,380342,3.6335668519332596,3.4720897391663295,0.1614771127669301,0.4972134836985781,0.4972134836985781,3.645075,3.3985125
case_54,54,theta_cos,sigma_max_principal,0.95,9.40645185,20018,380342,0.91018660900269,0.9332227827556354,-0.02303617375294542,-0.35453379357537623,0.35453379357537623,0.9086448618040004,0.9430749409975666
case_54,54,weight_loss_rate,sigma_max_principal,0.95,9.40645185,20018,380342,0.46374305799780197,0.475779450286847,-0.012036392289045017,-0.2817324574239035,0.2817324574239035,0.472093,0.475939
case_54,54,z,sigma_max_principal,0.95,9.40645185,20018,380342,516.2504649634329,439.7421308480553,76.50833411537764,0.273657548209232,0.273657548209232,544.401917,436.502777
case_54,54,theta,sigma_max_principal,0.95,9.40645185,20018,380342,0.3783983895776227,0.3422857157560377,0.03611267382158495,0.2081893713421581,0.2081893713421581,0.43076910867834883,0.33903830918958466
case_54,54,theta_sin,sigma_max_principal,0.95,9.40645185,20018,380342,0.36170761498960663,0.3324664136081964,0.02924120138141023,0.18338973091521393,0.18338973091521393,0.4175697724601845,0.33258029956950946
case_54,54,param_field_magnitude_scaled,sigma_max_principal,0.95,9.40645185,20018,380342,1.1490685339397517,1.2630204420030333,-0.11395190806328159,-0.10590476587484692,0.10590476587484692,1.1597032284223152,0.8972314600419646
case_55,55,rho,sigma_max_principal,0.95,10.440355849999998,20018,380342,177.84505437646484,187.9092099585181,-10.064155582053246,-0.7610595012423551,0.7610595012423551,180.0375496329623,189.2089427190938
case_55,55,distance_to_inner_proxy,sigma_max_principal,0.95,10.440355849999998,20018,380342,47.77112403101331,57.83527961306655,-10.064155582053239,-0.7610595012423544,0.7610595012423544,49.963619287510795,59.1350123736423
case_55,55,distance_to_outer_proxy,sigma_max_principal,0.95,10.440355849999998,20018,380342,45.42423435083017,35.36007876877693,10.064155582053239,0.7610595012423544,0.7610595012423544,43.23173909433268,34.06034600820118
case_55,55,rho_normalized,sigma_max_principal,0.95,10.440355849999998,20018,380342,0.512591236950704,0.6205811170992195,-0.10798988014851552,-0.7610595012423537,0.7610595012423537,0.5361170358162903,0.6345274421431176
case_55,55,fluence_rate,sigma_max_principal,0.95,10.440355849999998,20018,380342,3.56198656838845,3.380595752796168,0.1813908155922821,0.5785783700880401,0.5785783700880401,3.5597395,3.303202
case_55,55,theta_cos,sigma_max_principal,0.95,10.440355849999998,20018,380342,0.9116657460182965,0.9331514503550769,-0.02148570433678032,-0.34030196872864343,0.34030196872864343,0.9067577723478161,0.9430963033780578
case_55,55,z,sigma_max_principal,0.95,10.440355849999998,20018,380342,518.5914729610851,439.35207329288374,79.23939966820132,0.27370997114475487,0.27370997114475487,563.6980590000001,440.360367
case_55,55,weight_loss_rate,sigma_max_principal,0.95,10.440355849999998,20018,380342,0.37287432126086517,0.3613615919698588,0.011512729291006385,0.24008556991489943,0.24008556991489943,0.368991,0.350285
case_55,55,theta,sigma_max_principal,0.95,10.440355849999998,20018,380342,0.37715805663025365,0.34234624609370873,0.03481181053654492,0.20443553975655873,0.20443553975655873,0.43526633843753026,0.3389740710912077
case_55,55,param_field_magnitude_scaled,sigma_max_principal,0.95,10.440355849999998,20018,380342,1.5000610287124174,1.2425246521083342,0.25753637660408324,0.20356228860254064,0.20356228860254064,1.0156833864235717,0.9188712991198552
case_55,55,temperature,sigma_max_principal,0.95,10.440355849999998,20018,380342,419.77265773039267,422.79940605550007,-3.0267483251074054,-0.19597065544951986,0.19597065544951986,426.449493,423.1174165
case_55,55,theta_sin,sigma_max_principal,0.95,10.440355849999998,20018,380342,0.36106087883399984,0.3324976894431911,0.028563189390808763,0.18210551934340624,0.18210551934340624,0.42165192076726077,0.3325197175426251
case_56,56,fluence_rate,sigma_max_principal,0.95,9.012357399999999,20018,380342,3.853960004146268,3.9620744955986984,-0.10811449145243035,-0.323652115581619,0.323652115581619,4.027324,3.933177
case_56,56,param_field_magnitude_scaled,sigma_max_principal,0.95,9.012357399999999,20018,380342,1.6649955254148836,1.3101021534599533,0.3548933719549303,0.323323383134292,0.323323383134292,1.3541281765146798,1.0110170387434827
case_56,56,z,sigma_max_principal,0.95,9.012357399999999,20018,380342,495.37597279163754,440.83788900522416,54.53808378641338,0.1991961437803561,0.1991961437803561,515.0021664999999,436.5579375
case_56,56,theta_cos,sigma_max_principal,0.95,9.012357399999999,20018,380342,0.9212430961025477,0.9326491295575016,-0.011406033454953834,-0.18040692148878534,0.18040692148878534,0.9513425303760676,0.9424399978814088
case_56,56,distance_to_inner_proxy,sigma_max_principal,0.95,9.012357399999999,20018,380342,58.74759130213282,57.29264809988923,1.4549432022435909,0.08024728390463344,0.08024728390463344,51.98672398165657,58.720978211538295
case_56,56,distance_to_outer_proxy,sigma_max_principal,0.95,9.012357399999999,20018,380342,34.26241762102286,35.71736082326645,-1.4549432022435909,-0.08024728390463344,0.08024728390463344,41.023284941499114,34.289030711617386
case_56,56,rho_normalized,sigma_max_principal,0.95,9.012357399999999,20018,380342,0.6316265526935895,0.615983685661444,0.015642867032145458,0.08024728390463322,0.08024728390463322,0.5589368776924609,0.6313404212234107
case_56,56,rho,sigma_max_principal,0.95,9.012357399999999,20018,380342,188.92809406624744,187.47315086400386,1.4549432022435838,0.08024728390463305,0.08024728390463305,182.1672267457712,188.9014809756529
case_56,56,temperature,sigma_max_principal,0.95,9.012357399999999,20018,380342,390.0584445447597,391.6478160494267,-1.5893715046669854,-0.0779520099361212,0.0779520099361212,399.37323000000004,388.595947
case_56,56,weight_loss_rate,sigma_max_principal,0.95,9.012357399999999,20018,380342,0.3591973482865421,0.36222032270430293,-0.0030229744177608375,-0.06406152190460111,0.06406152190460111,0.343968,0.35087
case_56,56,theta,sigma_max_principal,0.95,9.012357399999999,20018,380342,0.34978277547380343,0.34378161193130086,0.0060011635425025744,0.03516998743626696,0.03516998743626696,0.3132323821798424,0.34094231273039377
case_56,56,theta_sin,sigma_max_principal,0.95,9.012357399999999,20018,380342,0.33561720775597714,0.333831749000424,0.0017854587555531376,0.01136041063863763,0.01136041063863763,0.30813534347363813,0.33437531367181206
case_57,57,weight_loss_rate,sigma_max_principal,0.95,9.728503449999995,20018,380342,0.49630464601858326,0.5308495658433725,-0.034544919824789244,-0.5828038417820786,0.5828038417820786,0.530491,0.532149
case_57,57,param_field_magnitude_scaled,sigma_max_principal,0.95,9.728503449999995,20018,380342,1.9897468380067314,1.183096412991221,0.8066504250155104,0.5804208871756891,0.5804208871756891,1.310008567683985,0.7794044988394055
case_57,57,z,sigma_max_principal,0.95,9.728503449999995,20018,380342,515.1085996692476,439.76645656403724,75.34214310521037,0.2834798479367755,0.2834798479367755,534.5027775,436.4429475
case_57,57,theta_cos,sigma_max_principal,0.95,9.728503449999995,20018,380342,0.917027594001297,0.9329186498325907,-0.015891055831293688,-0.2488957819298664,0.2488957819298664,0.9409486250631351,0.9427991424620538
case_57,57,temperature,sigma_max_principal,0.95,9.728503449999995,20018,380342,417.6430334820662,421.11936150720146,-3.476328025135274,-0.24560109566882074,0.24560109566882074,425.47879,420.220276
case_57,57,fluence_rate,sigma_max_principal,0.95,9.728503449999995,20018,380342,3.512591328903986,3.448502660263658,0.06408866864032792,0.1867506396734722,0.1867506396734722,3.547658,3.376077
case_57,57,theta,sigma_max_principal,0.95,9.728503449999995,20018,380342,0.36125215177167125,0.34306822477298027,0.01818392699869098,0.10610270916525805,0.10610270916525805,0.3453748157398513,0.3398666055659877
case_57,57,theta_sin,sigma_max_principal,0.95,9.728503449999995,20018,380342,0.3461531089323406,0.3331785882543064,0.012974520678034174,0.08227013772935117,0.08227013772935117,0.3385493833739581,0.3333613309489981
case_57,57,distance_to_inner_proxy,sigma_max_principal,0.95,9.728503449999995,20018,380342,56.40311055356107,57.471988057427716,-1.068877503866645,-0.05950043273102604,0.05950043273102604,50.663258852301695,58.83155124134376
case_57,57,rho_normalized,sigma_max_principal,0.95,9.728503449999995,20018,380342,0.6047929491142041,0.6162541889547171,-0.011461239840512949,-0.0595004327310254,0.0595004327310254,0.5432463109268237,0.6308323606093968
case_57,57,rho,sigma_max_principal,0.95,9.728503449999995,20018,380342,186.44531258736413,187.51419009123074,-1.0688775038666165,-0.059500432731024455,0.059500432731024455,180.70546088610473,188.8737532751468
case_57,57,distance_to_outer_proxy,sigma_max_principal,0.95,9.728503449999995,20018,380342,36.857088058493794,35.78821055462718,1.0688775038666165,0.05950043273102444,0.05950043273102444,42.59693975975317,34.428647370711104
case_58,58,fluence_rate,sigma_max_principal,0.95,6.500666799999999,20018,380342,3.4215025454590875,3.288636505999864,0.13286603945922337,0.5032169512103467,0.5032169512103467,3.425241,3.230925
case_58,58,distance_to_inner_proxy,sigma_max_principal,0.95,6.500666799999999,20018,380342,49.68281546135667,57.497582082551126,-7.814766621194458,-0.4920208767448783,0.4920208767448783,47.42175492090762,58.73899098857406
case_58,58,rho_normalized,sigma_max_principal,0.95,6.500666799999999,20018,380342,0.5369608378296417,0.6214211002643162,-0.08446026243467453,-0.49202087674487777,0.49202087674487777,0.5125237975590999,0.6348379720755711
case_58,58,distance_to_outer_proxy,sigma_max_principal,0.95,6.500666799999999,20018,380342,42.84314166834976,35.028375047155315,7.814766621194444,0.4920208767448774,0.4920208767448774,45.10420220879881,33.78696614113237
case_58,58,rho,sigma_max_principal,0.95,6.500666799999999,20018,380342,179.6284595504707,187.44322617166503,-7.814766621194337,-0.49202087674487077,0.49202087674487077,177.36739901002164,188.68463507768809
case_58,58,temperature,sigma_max_principal,0.95,6.500666799999999,20018,380342,403.79201190908185,396.85665300178266,6.9353589072991895,0.4489183511507163,0.4489183511507163,404.697266,395.246094
case_58,58,theta_cos,sigma_max_principal,0.95,6.500666799999999,20018,380342,0.9075053344284425,0.9332839818153916,-0.025778647386949127,-0.3886603116561017,0.3886603116561017,0.9066651207886565,0.9430430764907831
case_58,58,z,sigma_max_principal,0.95,6.500666799999999,20018,380342,507.3634824243181,439.1027243088931,68.260758115425,0.2514491466054948,0.2514491466054948,525.7382205,435.516052
case_58,58,theta,sigma_max_principal,0.95,6.500666799999999,20018,380342,0.38298085391007963,0.3422393327460661,0.04074152116401353,0.23091310744326418,0.23091310744326418,0.4354860212495171,0.33913410614406303
case_58,58,theta_sin,sigma_max_principal,0.95,6.500666799999999,20018,380342,0.3654975996562227,0.3324436603312419,0.0330539393249808,0.20399108187171108,0.20399108187171108,0.42185110968832223,0.3326706417506197
case_58,58,param_field_magnitude_scaled,sigma_max_principal,0.95,6.500666799999999,20018,380342,1.4264286764026242,1.2355618240457966,0.19086685235682754,0.15882052460483947,0.15882052460483947,1.209188689692754,0.8348829399732235
case_58,58,weight_loss_rate,sigma_max_principal,0.95,6.500666799999999,20018,380342,0.4353071210910181,0.43730895602904757,-0.0020018349380294675,-0.067494461352215,0.067494461352215,0.439507,0.436942
case_59,59,weight_loss_rate,sigma_max_principal,0.95,9.450207149999997,20018,380342,0.49429819032870415,0.5171167465964843,-0.022818556267780177,-0.42882475535995257,0.42882475535995257,0.516721,0.518659
case_59,59,fluence_rate,sigma_max_principal,0.95,9.450207149999997,20018,380342,3.535379072834449,3.407731031671495,0.12764804116295414,0.3798757374490067,0.3798757374490067,3.567073,3.335414
case_59,59,param_field_magnitude_scaled,sigma_max_principal,0.95,9.450207149999997,20018,380342,1.6190832942813371,1.225344588526026,0.3937387057553112,0.3093749885980897,0.3093749885980897,1.1053075472490383,0.7985265942786641
case_59,59,theta_cos,sigma_max_principal,0.95,9.450207149999997,20018,380342,0.9135594657951048,0.9330800138190625,-0.01952054802395764,-0.30436969935874775,0.30436969935874775,0.9209621581222032,0.9429215144677032
case_59,59,z,sigma_max_principal,0.95,9.450207149999997,20018,380342,518.2539566048556,439.48586421042376,78.76809239443185,0.29051765120648465,0.29051765120648465,548.306885,436.341858
case_59,59,rho,sigma_max_principal,0.95,9.450207149999997,20018,380342,182.73968211341503,187.6378748895546,-4.898192776139581,-0.288302915291432,0.288302915291432,179.73633224519503,188.9398541115494
case_59,59,distance_to_inner_proxy,sigma_max_principal,0.95,9.450207149999997,20018,380342,52.72244543191283,57.62063820805237,-4.898192776139538,-0.2883029152914295,0.2883029152914295,49.719095563692804,58.92261743004718
case_59,59,distance_to_outer_proxy,sigma_max_principal,0.95,9.450207149999997,20018,380342,40.5661975229915,35.66800474685197,4.898192776139531,0.28830291529142904,0.28830291529142904,43.56954739121153,34.36602552485715
case_59,59,rho_normalized,sigma_max_principal,0.95,9.450207149999997,20018,380342,0.5651539540284537,0.6176597320201788,-0.05250577799172507,-0.28830291529142804,0.28830291529142804,0.5329597900542618,0.6316161921074395
case_59,59,theta,sigma_max_principal,0.95,9.450207149999997,20018,380342,0.37069300242163983,0.3426213844872335,0.028071617934406323,0.16347045453418033,0.16347045453418033,0.4002537277220697,0.3394993296264607
case_59,59,theta_sin,sigma_max_principal,0.95,9.450207149999997,20018,380342,0.3548431688010671,0.33276638884461157,0.022076779956455517,0.13976671231342905,0.13976671231342905,0.38965202847702757,0.33301504103220525
case_59,59,temperature,sigma_max_principal,0.95,9.450207149999997,20018,380342,416.83217223498855,415.20065228473317,1.631519950255381,0.12547678316975364,0.12547678316975364,420.402817,414.985077
case_60,60,temperature,sigma_max_principal,0.95,9.9643318,20018,380342,401.85043665221303,389.437138302391,12.413298349822014,0.8324028891562294,0.8324028891562294,399.878067,386.32428
case_60,60,distance_to_inner_proxy,sigma_max_principal,0.95,9.9643318,20018,380342,47.291705041914135,57.84825713221043,-10.556552090296293,-0.7969508754853236,0.7969508754853236,48.297031281813545,59.12659776227841
case_60,60,distance_to_outer_proxy,sigma_max_principal,0.95,9.9643318,20018,380342,45.753896790449176,35.19734470015289,10.556552090296286,0.7969508754853232,0.7969508754853232,44.74857055054976,33.919004070084895
case_60,60,rho_normalized,sigma_max_principal,0.95,9.9643318,20018,380342,0.5082637342398815,0.6217194149212276,-0.11345568068134615,-0.7969508754853231,0.7969508754853231,0.5190683958262579,0.6354582763493166
case_60,60,rho,sigma_max_principal,0.95,9.9643318,20018,380342,177.40633926652052,187.96289135681673,-10.556552090296208,-0.7969508754853173,0.7969508754853173,178.41166550641992,189.2412319868848
case_60,60,fluence_rate,sigma_max_principal,0.95,9.9643318,20018,380342,3.7520059482965333,3.5772511167501877,0.17475483154634563,0.6159399770484105,0.6159399770484105,3.750737,3.515125
case_60,60,theta_cos,sigma_max_principal,0.95,9.9643318,20018,380342,0.9108870981199026,0.9331643916342619,-0.022277293514359253,-0.3508314068970881,0.3508314068970881,0.9074985408512652,0.9430860186271366
case_60,60,z,sigma_max_principal,0.95,9.9643318,20018,380342,519.8506642673593,439.4915824887969,80.35908177856243,0.27652923462459206,0.27652923462459206,568.0983585,440.5638275
case_60,60,param_field_magnitude_scaled,sigma_max_principal,0.95,9.9643318,20018,380342,1.0659434629739244,1.2832449895794238,-0.2173015266054994,-0.24168440766773228,0.24168440766773228,0.9018012224345965,0.9543203806438837
case_60,60,theta,sigma_max_principal,0.95,9.9643318,20018,380342,0.37912245706792885,0.34230124462618594,0.03682121244174291,0.21593979294535937,0.21593979294535937,0.4335061613331715,0.3390049994813093
case_60,60,theta_sin,sigma_max_principal,0.95,9.9643318,20018,380342,0.36281540000653734,0.33245693413731775,0.030358465869219586,0.19343248916815176,0.19343248916815176,0.42005521020045355,0.332548885833845
case_60,60,weight_loss_rate,sigma_max_principal,0.95,9.9643318,20018,380342,0.3528015373164152,0.3578668635333463,-0.005065326216931065,-0.11119949912954415,0.11119949912954415,0.351232,0.348515
case_61,61,temperature,sigma_max_principal,0.95,9.683256149999997,20018,380342,405.98903092931357,394.71505936562625,11.273971563687326,0.8471591530324406,0.8471591530324406,405.772797,392.304565
case_61,61,rho_normalized,sigma_max_principal,0.95,9.683256149999997,20018,380342,0.5198406848285159,0.6217303424080185,-0.10188965757950263,-0.7129221259098881,0.7129221259098881,0.5416496289315319,0.6358459650687008
case_61,61,distance_to_inner_proxy,sigma_max_principal,0.95,9.683256149999997,20018,380342,48.27697173308742,57.739340228701124,-9.462368495613703,-0.7129221259098875,0.7129221259098875,50.30234182957594,59.05024092592049
case_61,61,rho,sigma_max_principal,0.95,9.683256149999997,20018,380342,178.39370307537533,187.85607157098903,-9.462368495613703,-0.7129221259098873,0.7129221259098873,180.41907317186383,189.16697226820838
case_61,61,distance_to_outer_proxy,sigma_max_principal,0.95,9.683256149999997,20018,380342,44.591811226855285,35.12944273124159,9.462368495613696,0.7129221259098869,0.7129221259098869,42.56644113036677,33.818542034022215
case_61,61,fluence_rate,sigma_max_principal,0.95,9.683256149999997,20018,380342,3.645155048006794,3.493557104966058,0.15159794304073593,0.48910057848653604,0.48910057848653604,3.635451,3.41757
case_61,61,param_field_magnitude_scaled,sigma_max_principal,0.95,9.683256149999997,20018,380342,1.0481313282506668,1.3556339020166979,-0.3075025737660311,-0.35476476032001686,0.35476476032001686,0.8670785431821642,1.0818530687578631
case_61,61,theta_cos,sigma_max_principal,0.95,9.683256149999997,20018,380342,0.9129348732717597,0.9330517482870954,-0.020116875015335656,-0.319557351300946,0.319557351300946,0.9087578280230866,0.9430538569655214
case_61,61,z,sigma_max_principal,0.95,9.683256149999997,20018,380342,511.51137336622037,439.65820433727276,71.8531690289476,0.24313067981792902,0.24313067981792902,558.0330505,440.345428
case_61,61,theta,sigma_max_principal,0.95,9.683256149999997,20018,380342,0.3736857543213105,0.3425976906956518,0.03108806362565869,0.182559702800356,0.182559702800356,0.43049849670296336,0.33910169880595675
case_61,61,theta_sin,sigma_max_principal,0.95,9.683256149999997,20018,380342,0.35787877596607065,0.3327258643161234,0.025152911649947263,0.1602769153513923,0.1602769153513923,0.4173238670431815,0.3326400800600994
case_61,61,weight_loss_rate,sigma_max_principal,0.95,9.683256149999997,20018,380342,0.35862739504446,0.35264345263473407,0.00598394240972594,0.13986010759858417,0.13986010759858417,0.352851,0.342219
case_62,62,temperature,sigma_max_principal,0.95,4.507473349999999,20018,380342,369.3140642797982,352.6921271107976,16.621937169000546,0.8749936953680992,0.8749936953680992,354.293121,350.652802
case_62,62,param_field_magnitude_scaled,sigma_max_principal,0.95,4.507473349999999,20018,380342,2.1198350715076484,1.2274923212948048,0.8923427502128436,0.534769056698504,0.534769056698504,1.1627719104282117,0.8820529550096899
case_62,62,weight_loss_rate,sigma_max_principal,0.95,4.507473349999999,20018,380342,0.4158910792286942,0.40235073749415,0.013540341734544215,0.35125483028797816,0.35125483028797816,0.411989,0.391053
case_62,62,z,sigma_max_principal,0.95,4.507473349999999,20018,380342,519.3834263134678,438.78098042185184,80.60244589161596,0.31084642935616064,0.31084642935616064,528.141907,435.803802
case_62,62,fluence_rate,sigma_max_principal,0.95,4.507473349999999,20018,380342,3.7219289547906884,3.8029494415841536,-0.08102048679346519,-0.23862567219139819,0.23862567219139819,3.868334,3.754533
case_62,62,theta_cos,sigma_max_principal,0.95,4.507473349999999,20018,380342,0.9224559602300696,0.9325073428073738,-0.010051382577304202,-0.15919802918487555,0.15919802918487555,0.9531542335252996,0.9422086871705767
case_62,62,rho,sigma_max_principal,0.95,4.507473349999999,20018,380342,189.95643315839564,187.25197231259358,2.7044608458020605,0.1450761390914899,0.1450761390914899,181.53419266785448,188.6394964295656
case_62,62,rho_normalized,sigma_max_principal,0.95,4.507473349999999,20018,380342,0.6448698384891458,0.6156920225665584,0.02917781592258739,0.14507613909148895,0.14507613909148895,0.5540041921736434,0.6306617062046123
case_62,62,distance_to_inner_proxy,sigma_max_principal,0.95,4.507473349999999,20018,380342,59.77230213048544,57.067841284683404,2.704460845802039,0.1450761390914887,0.1450761390914887,51.35006163994426,58.45536540165541
case_62,62,distance_to_outer_proxy,sigma_max_principal,0.95,4.507473349999999,20018,380342,32.91663843234955,35.62109927815159,-2.704460845802039,-0.1450761390914887,0.1450761390914887,41.33887892289074,34.23357516117959
case_62,62,theta,sigma_max_principal,0.95,4.507473349999999,20018,380342,0.3468448718916629,0.34413949455005294,0.0027053773416099713,0.01591081244374865,0.01591081244374865,0.30729842115896033,0.3416334094059247
case_62,62,theta_sin,sigma_max_principal,0.95,4.507473349999999,20018,380342,0.3329416125645481,0.3341587932980954,-0.0012171807335473184,-0.007774530635445344,0.007774530635445344,0.30248472211193084,0.33502655091811673
case_63,63,weight_loss_rate,sigma_max_principal,0.95,8.285945099999998,20018,380342,0.4223864659806174,0.49887679750329944,-0.07649033152268203,-1.396056694904953,1.396056694904953,0.421461,0.496627
case_63,63,param_field_magnitude_scaled,sigma_max_principal,0.95,8.285945099999998,20018,380342,2.9070260900763905,1.228509664115705,1.6785164259606855,1.131802116605031,1.131802116605031,2.738676322111749,0.9403945638756505
case_63,63,fluence_rate,sigma_max_principal,0.95,8.285945099999998,20018,380342,3.8705948199120788,4.277944079378559,-0.4073492594664798,-1.0485372719746116,1.0485372719746116,3.79537,4.254436
case_63,63,rho,sigma_max_principal,0.95,8.285945099999998,20018,380342,199.45961530059932,187.2842640725301,12.175351228069218,0.6405443862293885,0.6405443862293885,212.04433112546084,188.67994063036824
case_63,63,rho_normalized,sigma_max_principal,0.95,8.285945099999998,20018,380342,0.7408459128136048,0.6103263417385906,0.13051957107501422,0.6405443862293867,0.6405443862293867,0.875753865840464,0.6252879721898355
case_63,63,distance_to_inner_proxy,sigma_max_principal,0.95,8.285945099999998,20018,380342,69.10886329224152,56.93351206417234,12.175351228069182,0.6405443862293866,0.6405443862293866,81.69357911710304,58.329188622010435
case_63,63,distance_to_outer_proxy,sigma_max_principal,0.95,8.285945099999998,20018,380342,24.174857515204113,36.35020874327328,-12.175351228069164,-0.6405443862293857,0.6405443862293857,11.590141690342591,34.9545321854352
case_63,63,temperature,sigma_max_principal,0.95,8.285945099999998,20018,380342,381.47610353821557,393.4838031793806,-12.007699641165004,-0.5655738750399865,0.5655738750399865,366.247589,393.808472
case_63,63,z,sigma_max_principal,0.95,8.285945099999998,20018,380342,485.3946663552802,441.99778617259733,43.39688018268288,0.1744903068104851,0.1744903068104851,500.184616,437.15716599999996
case_63,63,theta_sin,sigma_max_principal,0.95,8.285945099999998,20018,380342,0.3164406166439109,0.3347655450330163,-0.018324928389105433,-0.11858099657803775,0.11858099657803775,0.2895878963588791,0.33805897203235286
case_63,63,theta,sigma_max_principal,0.95,8.285945099999998,20018,380342,0.3289767410941567,0.3447905707951697,-0.015813829701013027,-0.09418645555620198,0.09418645555620198,0.29379625750033417,0.3448536763497027
case_63,63,theta_cos,sigma_max_principal,0.95,8.285945099999998,20018,380342,0.9290217506420215,0.9322826219825116,-0.0032608713404900236,-0.05219984991889838,0.05219984991889838,0.9571514249492432,0.9411249287041681
case_64,64,rho,sigma_max_principal,0.95,6.892904549999998,20018,380342,178.55333764640486,187.75780973376786,-9.204472087363001,-0.6366780493878741,0.6366780493878741,179.51387893645295,189.02028462965126
case_64,64,distance_to_outer_proxy,sigma_max_principal,0.95,6.892904549999998,20018,380342,44.239212380071244,35.034740292708264,9.20447208736298,0.6366780493878726,0.6366780493878726,43.27867109002317,33.772265396824835
case_64,64,distance_to_inner_proxy,sigma_max_principal,0.95,6.892904549999998,20018,380342,48.48538677386757,57.68985886123054,-9.204472087362973,-0.6366780493878722,0.6366780493878722,49.445928063915645,58.952333757113976
case_64,64,rho_normalized,sigma_max_principal,0.95,6.892904549999998,20018,380342,0.5228966985704999,0.6221634753627289,-0.09926677679222895,-0.6366780493878703,0.6366780493878703,0.5332557758683527,0.6357787932762367
case_64,64,fluence_rate,sigma_max_principal,0.95,6.892904549999998,20018,380342,3.635263582875412,3.456532355148787,0.17873122772662509,0.5729797739658714,0.5729797739658714,3.634392,3.382205
case_64,64,temperature,sigma_max_principal,0.95,6.892904549999998,20018,380342,371.26438585193324,365.49452365136636,5.769862200566877,0.4929520536770432,0.4929520536770432,369.172638,362.705688
case_64,64,theta_cos,sigma_max_principal,0.95,6.892904549999998,20018,380342,0.9105882417018201,0.933100688761596,-0.022512447059775953,-0.35086814100170916,0.35086814100170916,0.9066709406071383,0.9430221605895575
case_64,64,z,sigma_max_principal,0.95,6.892904549999998,20018,380342,531.9144578508842,438.19377195121746,93.72068589966676,0.3346102596937979,0.3346102596937979,563.285583,435.883667
case_64,64,param_field_magnitude_scaled,sigma_max_principal,0.95,6.892904549999998,20018,380342,0.9997819734221297,1.270421746860574,-0.27063977343844436,-0.2679719558544243,0.2679719558544243,0.779702782872862,0.8685929468632269
case_64,64,theta,sigma_max_principal,0.95,6.892904549999998,20018,380342,0.37864987882235296,0.3425302185951192,0.036119660227233785,0.21000831672272227,0.21000831672272227,0.4354722251383736,0.33919697324156706
case_64,64,theta_sin,sigma_max_principal,0.95,6.892904549999998,20018,380342,0.36217424083368394,0.33267726038714723,0.029496980446536702,0.18641312238519184,0.18641312238519184,0.4218386011953866,0.33272992747422325
case_64,64,weight_loss_rate,sigma_max_principal,0.95,6.892904549999998,20018,380342,0.3522461248376461,0.35683944799417355,-0.00459332315652744,-0.10090170815952108,0.10090170815952108,0.349834,0.347141
case_65,65,temperature,sigma_max_principal,0.95,4.7974058999999984,20018,380342,378.7230268846038,352.1738028931855,26.54922399141833,1.3066020926750046,1.3066020926750046,365.65271,350.591705
case_65,65,fluence_rate,sigma_max_principal,0.95,4.7974058999999984,20018,380342,4.092375434458987,4.562336033887922,-0.4699605994289353,-1.0543649193682938,1.0543649193682938,4.223291,4.552885
case_65,65,param_field_magnitude_scaled,sigma_max_principal,0.95,4.7974058999999984,20018,380342,3.3250127042922886,1.029457832442172,2.2955548718501166,1.034906818867183,1.034906818867183,1.8965244029019623,0.705685463479469
case_65,65,weight_loss_rate,sigma_max_principal,0.95,4.7974058999999984,20018,380342,0.3186681809871115,0.3504451374420916,-0.031776956454980076,-0.6379044904533934,0.6379044904533934,0.308545,0.33762
case_65,65,rho,sigma_max_principal,0.95,4.7974058999999984,20018,380342,197.55588790607538,187.2102939623298,10.34559394374557,0.5387234028520318,0.5387234028520318,210.49508002653718,188.66210719515345
case_65,65,rho_normalized,sigma_max_principal,0.95,4.7974058999999984,20018,380342,0.7226122439385388,0.6113341561919432,0.11127808774659564,0.5387234028520311,0.5387234028520311,0.861787294107724,0.6269499827159953
case_65,65,distance_to_inner_proxy,sigma_max_principal,0.95,4.7974058999999984,20018,380342,67.18171569942027,56.83612175567472,10.345593943745548,0.5387234028520307,0.5387234028520307,80.12090781988206,58.287934988498336
case_65,65,distance_to_outer_proxy,sigma_max_principal,0.95,4.7974058999999984,20018,380342,25.78891448704299,36.134508430788536,-10.345593943745545,-0.5387234028520306,0.5387234028520306,12.849722366581204,34.68269519796493
case_65,65,z,sigma_max_principal,0.95,4.7974058999999984,20018,380342,506.0438349991008,440.2194087802109,65.82442621888987,0.25326245237786216,0.25326245237786216,519.131348,436.492493
case_65,65,theta_sin,sigma_max_principal,0.95,4.7974058999999984,20018,380342,0.31921603568201706,0.33483830971092426,-0.015622274028907202,-0.10265267661417264,0.10265267661417264,0.28487330421088125,0.33796833674573673
case_65,65,theta,sigma_max_principal,0.95,4.7974058999999984,20018,380342,0.33163764167017973,0.3448909376699659,-0.013253295999786197,-0.08011333738918368,0.08011333738918368,0.28887425325124805,0.344757372749261
case_65,65,theta_cos,sigma_max_principal,0.95,4.7974058999999984,20018,380342,0.9290006776384162,0.9321873906914143,-0.0031867130529981136,-0.05152731552871894,0.05152731552871894,0.9585651780384823,0.9411574806360754
case_66,66,fluence_rate,sigma_max_principal,0.95,8.64085675,20018,380342,4.26681436442202,4.993917514649974,-0.7271031502279541,-1.5952055077928677,1.5952055077928677,4.24694,5.005854
case_66,66,param_field_magnitude_scaled,sigma_max_principal,0.95,8.64085675,20018,380342,3.295872733461973,1.1874502001678318,2.1084225332941413,1.37715847243767,1.37715847243767,3.1572709308998954,0.8849663905648008
case_66,66,temperature,sigma_max_principal,0.95,8.64085675,20018,380342,366.84963232560693,386.61373611327167,-19.764103787664737,-0.9939264747562528,0.9939264747562528,356.063934,384.623474
case_66,66,distance_to_outer_proxy,sigma_max_principal,0.95,8.64085675,20018,380342,19.488312558771266,36.799984887932496,-17.31167232916123,-0.9583308392987523,0.9583308392987523,9.910227728528767,35.34628610985682
case_66,66,rho_normalized,sigma_max_principal,0.95,8.64085675,20018,380342,0.7918772292393448,0.6069995903580868,0.18487763888125797,0.9583308392987521,0.9583308392987521,0.8941650772733438,0.6225241678006996
case_66,66,distance_to_inner_proxy,sigma_max_principal,0.95,8.64085675,20018,380342,74.15022822917146,56.83855590001025,17.311672329161212,0.9583308392987514,0.9583308392987514,83.72831305941396,58.29225467808591
case_66,66,rho,sigma_max_principal,0.95,8.64085675,20018,380342,205.0686285436572,187.75695621449603,17.311672329161183,0.9583308392987497,0.9583308392987497,214.64671337389973,189.21065499257168
case_66,66,theta_sin,sigma_max_principal,0.95,8.64085675,20018,380342,0.3121341225541797,0.3350027529777694,-0.022868630423589664,-0.14965387335526212,0.14965387335526212,0.2896560940946771,0.3385867453974756
case_66,66,z,sigma_max_principal,0.95,8.64085675,20018,380342,475.5083603401938,443.8978671064173,31.61049323377648,0.1314158361730669,0.1314158361730669,497.52899149999996,442.5818025
case_66,66,theta,sigma_max_principal,0.95,8.64085675,20018,380342,0.32420287625197675,0.34505045512119176,-0.02084757886921501,-0.12549946207475812,0.12549946207475812,0.29386750899637903,0.34541452278433493
case_66,66,weight_loss_rate,sigma_max_principal,0.95,8.64085675,20018,380342,0.3417340501049056,0.3399139096944329,0.0018201404104726815,0.06931549693905345,0.06931549693905345,0.3353875,0.331757
case_66,66,theta_cos,sigma_max_principal,0.95,8.64085675,20018,380342,0.9311254785842591,0.9321762578779335,-0.0010507792936743643,-0.016936868674125114,0.016936868674125114,0.9571307889486975,0.9409351815301139
case_67,67,rho,sigma_max_principal,0.95,9.483993649999995,20018,380342,177.6016295000556,187.98826353537189,-10.386634035316291,-0.7837597149973203,0.7837597149973203,179.884957979251,189.26240274724927
case_67,67,rho_normalized,sigma_max_principal,0.95,9.483993649999995,20018,380342,0.5100788013525576,0.6217566238159195,-0.11167782246336189,-0.7837597149973189,0.7837597149973189,0.534629310368095,0.6354562585786183
case_67,67,distance_to_inner_proxy,sigma_max_principal,0.95,9.483993649999995,20018,380342,47.44005319910242,57.82668723441868,-10.386634035316256,-0.7837597149973177,0.7837597149973177,49.7233816782978,59.10082644629607
case_67,67,distance_to_outer_proxy,sigma_max_principal,0.95,9.483993649999995,20018,380342,45.56528847223804,35.17865443692178,10.386634035316256,0.7837597149973177,0.7837597149973177,43.28195999304266,33.90451522504439
case_67,67,temperature,sigma_max_principal,0.95,9.483993649999995,20018,380342,393.13461164761713,382.0511320872426,11.083479560374542,0.7281304409251629,0.7281304409251629,389.647339,381.895874
case_67,67,fluence_rate,sigma_max_principal,0.95,9.483993649999995,20018,380342,3.6591760341192927,3.4723332919872116,0.18684274213208107,0.5986231568279424,0.5986231568279424,3.646664,3.394271
case_67,67,weight_loss_rate,sigma_max_principal,0.95,9.483993649999995,20018,380342,0.43417172279948046,0.41496327798928345,0.019208444810197012,0.43748015985871536,0.43748015985871536,0.436566,0.405353
case_67,67,theta_cos,sigma_max_principal,0.95,9.483993649999995,20018,380342,0.9105207579826229,0.9331936414415051,-0.022672883458882187,-0.35437653244528966,0.35437653244528966,0.90674758719689,0.9430847580873978
case_67,67,param_field_magnitude_scaled,sigma_max_principal,0.95,9.483993649999995,20018,380342,1.0589252661514328,1.3522585550475077,-0.2933332888960749,-0.3261281439942477,0.3261281439942477,0.8191254858390811,1.084079595014401
case_67,67,z,sigma_max_principal,0.95,9.483993649999995,20018,380342,521.3166981097013,439.40225487471275,81.91444323498854,0.2851227904335898,0.2851227904335898,563.977417,440.5489195
case_67,67,theta,sigma_max_principal,0.95,9.483993649999995,20018,380342,0.37902169865756535,0.3422780001030813,0.03674369855448406,0.21395800723055636,0.21395800723055636,0.43529049316190904,0.33900879000147255
case_67,67,theta_sin,sigma_max_principal,0.95,9.483993649999995,20018,380342,0.3625559381465391,0.33244407503952006,0.03011186310701902,0.1905376464772677,0.1905376464772677,0.4216738231281015,0.3325524606181287
case_68,68,fluence_rate,sigma_max_principal,0.95,9.6732148,20018,380342,4.036282754670796,4.4464299122605455,-0.4101471575897495,-0.9870715959596695,0.9870715959596695,4.351219,4.433267
case_68,68,param_field_magnitude_scaled,sigma_max_principal,0.95,9.6732148,20018,380342,2.455101765248489,1.2806687043867495,1.1744330608617395,0.8739493798435443,0.8739493798435443,2.137110711540372,0.9722760032484012
case_68,68,distance_to_inner_proxy,sigma_max_principal,0.95,9.6732148,20018,380342,67.2091344270869,57.09351476183541,10.115619665251486,0.5400531887961203,0.5400531887961203,58.4780036298789,58.55536427071128
case_68,68,distance_to_outer_proxy,sigma_max_principal,0.95,9.6732148,20018,380342,26.19400793250336,36.30962759775483,-10.115619665251472,-0.5400531887961195,0.5400531887961195,34.92513872971135,34.84777808887897
case_68,68,rho_normalized,sigma_max_principal,0.95,9.6732148,20018,380342,0.7195596714331115,0.6112590360400578,0.10830063539305368,0.5400531887961194,0.5400531887961194,0.6260817586280556,0.626910003148294
case_68,68,rho,sigma_max_principal,0.95,9.6732148,20018,380342,197.6714764942051,187.5558568289537,10.115619665251415,0.5400531887961165,0.5400531887961165,188.94034569699716,189.0177063378295
case_68,68,temperature,sigma_max_principal,0.95,9.6732148,20018,380342,382.7566427943351,393.3538958253966,-10.597253031061484,-0.5155297788444111,0.5155297788444111,387.2388455,390.261353
case_68,68,weight_loss_rate,sigma_max_principal,0.95,9.6732148,20018,380342,0.34874050329703266,0.3611369615056976,-0.012396458208664918,-0.25964742770400534,0.25964742770400534,0.334733,0.348646
case_68,68,z,sigma_max_principal,0.95,9.6732148,20018,380342,488.6247860888701,442.1249801013246,46.49980598754553,0.17823925872150245,0.17823925872150245,506.1658175,441.507599
case_68,68,theta_sin,sigma_max_principal,0.95,9.6732148,20018,380342,0.3178232167829168,0.334668177408678,-0.016844960625761185,-0.10858563304788435,0.10858563304788435,0.28451318771941725,0.33764279529754904
case_68,68,theta,sigma_max_principal,0.95,9.6732148,20018,380342,0.33053210809921113,0.3446816433540189,-0.014149535254807777,-0.0839556707529491,0.0839556707529491,0.28849859136902656,0.3444114994537832
case_68,68,theta_cos,sigma_max_principal,0.95,9.6732148,20018,380342,0.9283094651188076,0.9323310688749755,-0.004021603756167891,-0.06416401394404087,0.06416401394404087,0.958672126440388,0.9412743185616128
case_69,69,rho_normalized,sigma_max_principal,0.95,9.673070349999998,20018,380342,0.5041667143833369,0.6219151818091379,-0.11774846742580092,-0.8280601984194123,0.8280601984194123,0.5139363687269866,0.6352977373890661
case_69,69,distance_to_inner_proxy,sigma_max_principal,0.95,9.673070349999998,20018,380342,46.87440512253874,57.821953239486504,-10.947548116947765,-0.8280601984194115,0.8280601984194115,47.782729140262774,59.06618320138655
case_69,69,distance_to_outer_proxy,sigma_max_principal,0.95,9.673070349999998,20018,380342,46.09961276730227,35.15206465035451,10.947548116947758,0.8280601984194109,0.8280601984194109,45.191288749578234,33.90783468845446
case_69,69,rho,sigma_max_principal,0.95,9.673070349999998,20018,380342,176.99969306009868,187.9472411770464,-10.94754811694773,-0.8280601984194087,0.8280601984194087,177.9080170778227,189.1914711389465
case_69,69,temperature,sigma_max_principal,0.95,9.673070349999998,20018,380342,392.8424218965431,381.95555631132765,10.886865585215446,0.7429462131504598,0.7429462131504598,390.068085,380.551941
case_69,69,fluence_rate,sigma_max_principal,0.95,9.673070349999998,20018,380342,3.5904257439804175,3.405603485539332,0.18482225844108546,0.5963431825080732,0.5963431825080732,3.571781,3.328118
case_69,69,weight_loss_rate,sigma_max_principal,0.95,9.673070349999998,20018,380342,0.3637401756918773,0.34310253900699905,0.020637636684878224,0.4907872161624813,0.4907872161624813,0.364378,0.332261
case_69,69,theta_cos,sigma_max_principal,0.95,9.673070349999998,20018,380342,0.9097257020589022,0.9331908945046091,-0.023465192445706884,-0.3661840018577209,0.3661840018577209,0.9062548898280355,0.9430787995127726
case_69,69,z,sigma_max_principal,0.95,9.673070349999998,20018,380342,525.8682440492557,438.95561215280196,86.91263189645377,0.30518624851186343,0.30518624851186343,567.8917240000001,436.26944
case_69,69,param_field_magnitude_scaled,sigma_max_principal,0.95,9.673070349999998,20018,380342,1.0540325443158993,1.3230501955838838,-0.2690176512679845,-0.29090378991075844,0.29090378991075844,0.8138247300122418,1.0054712157279557
case_69,69,theta,sigma_max_principal,0.95,9.673070349999998,20018,380342,0.3815924817019772,0.3422560231343732,0.03933645856760398,0.22960939345054038,0.22960939345054038,0.4364574616525638,0.3390267072436419
case_69,69,theta_sin,sigma_max_principal,0.95,9.673070349999998,20018,380342,0.36495313933433926,0.33242134134695067,0.03253179798738859,0.20647601443250024,0.20647601443250024,0.4227316816282573,0.332569358042648
case_70,70,distance_to_outer_proxy,sigma_max_principal,0.95,7.438937949999999,20018,380342,46.773302628340254,34.91063434582952,11.862668282510732,0.8971145179807096,0.8971145179807096,46.32894578727887,33.72917887673964
case_70,70,rho_normalized,sigma_max_principal,0.95,7.438937949999999,20018,380342,0.49565337825863315,0.6235660193792042,-0.12791264112057105,-0.8971145179807095,0.8971145179807095,0.5004447840188325,0.6363054036238461
case_70,70,distance_to_inner_proxy,sigma_max_principal,0.95,7.438937949999999,20018,380342,45.967087833372794,57.82975611588352,-11.862668282510725,-0.8971145179807093,0.8971145179807093,46.41144467443418,59.01121158497341
case_70,70,rho,sigma_max_principal,0.95,7.438937949999999,20018,380342,176.05869869401826,187.921366976529,-11.862668282510725,-0.8971145179807091,0.8971145179807091,176.50305553507962,189.10282244561887
case_70,70,fluence_rate,sigma_max_principal,0.95,7.438937949999999,20018,380342,3.6045227959836144,3.3966346781528207,0.20788811783079364,0.6608838257169294,0.6608838257169294,3.582193,3.318594
case_70,70,temperature,sigma_max_principal,0.95,7.438937949999999,20018,380342,375.1333685949146,369.2396436978378,5.893724897076822,0.5379179360102085,0.5379179360102085,374.750595,366.037231
case_70,70,theta_cos,sigma_max_principal,0.95,7.438937949999999,20018,380342,0.9059415014739483,0.9333431161104384,-0.027401614636490157,-0.42042581306812987,0.42042581306812987,0.9038243933819889,0.9432008893977802
case_70,70,param_field_magnitude_scaled,sigma_max_principal,0.95,7.438937949999999,20018,380342,0.9710932944197083,1.280038154001906,-0.30894485958219764,-0.3312233602789252,0.3312233602789252,0.851121364839855,0.8820518858473614
case_70,70,z,sigma_max_principal,0.95,7.438937949999999,20018,380342,526.2336972200519,438.54929372632,87.6844034937319,0.31510189356245394,0.31510189356245394,563.35553,435.933228
case_70,70,theta,sigma_max_principal,0.95,7.438937949999999,20018,380342,0.38996937894065276,0.34193840438065204,0.048030974560000717,0.2771652496945873,0.2771652496945873,0.4421719904817354,0.3386594049039887
case_70,70,theta_sin,sigma_max_principal,0.95,7.438937949999999,20018,380342,0.37234788155774035,0.3321452012888263,0.04020268026891405,0.25254370697027245,0.25254370697027245,0.4279035708283586,0.33222294056737167
case_70,70,weight_loss_rate,sigma_max_principal,0.95,7.438937949999999,20018,380342,0.328123854381057,0.3217992016947904,0.006324652686266585,0.2020338531331083,0.2020338531331083,0.325704,0.315185
case_71,71,temperature,sigma_max_principal,0.95,7.770561699999999,20018,380342,399.60758775876707,391.15102094398475,8.45656681478232,0.47160481052219744,0.47160481052219744,403.458435,388.0141145
case_71,71,fluence_rate,sigma_max_principal,0.95,7.770561699999999,20018,380342,3.541352003047258,3.418161463091113,0.12319053995614482,0.37770951939069075,0.37770951939069075,3.559452,3.34669
case_71,71,rho,sigma_max_principal,0.95,7.770561699999999,20018,380342,181.6755340670072,187.6181583924386,-5.94262432543141,-0.36095090420388276,0.36095090420388276,179.55101839379873,188.91778434963828
case_71,71,distance_to_outer_proxy,sigma_max_principal,0.95,7.770561699999999,20018,380342,41.32687728582817,35.38425296039677,5.942624325431396,0.36095090420388193,0.36095090420388193,43.45139295903667,34.0846270031971
case_71,71,rho_normalized,sigma_max_principal,0.95,7.770561699999999,20018,380342,0.5554995734709253,0.6194167920182392,-0.06391721854731391,-0.3609509042038808,0.3609509042038808,0.5326488723067044,0.633395208251048
case_71,71,distance_to_inner_proxy,sigma_max_principal,0.95,7.770561699999999,20018,380342,51.64688566088743,57.589509986318795,-5.9426243254313675,-0.36095090420388015,0.36095090420388015,49.52236998767893,58.8891359435185
case_71,71,theta_cos,sigma_max_principal,0.95,7.770561699999999,20018,380342,0.9116327742078214,0.9331635336814821,-0.021530759473660677,-0.33101715354484,0.33101715354484,0.9128459086766672,0.9429631476352416
case_71,71,param_field_magnitude_scaled,sigma_max_principal,0.95,7.770561699999999,20018,380342,1.700359166359874,1.2743533613528306,0.42600580500704344,0.309231576906262,0.309231576906262,1.2390103978576321,0.9272051397338593
case_71,71,weight_loss_rate,sigma_max_principal,0.95,7.770561699999999,20018,380342,0.6014469447497252,0.6101114869354421,-0.008664542185716995,-0.22235304319986168,0.22235304319986168,0.616405,0.614336
case_71,71,z,sigma_max_principal,0.95,7.770561699999999,20018,380342,500.64009846613044,440.2665356384229,60.37356282770753,0.22025435689352138,0.22025435689352138,518.8081975,436.2299345
case_71,71,theta,sigma_max_principal,0.95,7.770561699999999,20018,380342,0.3737515885928028,0.34249438109049474,0.03125720750230804,0.17945848343910728,0.17945848343910728,0.42059561827643976,0.3393742886108534
case_71,71,theta_sin,sigma_max_principal,0.95,7.770561699999999,20018,380342,0.35734448187955375,0.33266422879431623,0.024680253085237525,0.1540838382793262,0.1540838382793262,0.4083042331114082,0.33289713456535786
case_72,72,rho_normalized,sigma_max_principal,0.95,4.7943273999999985,20018,380342,0.5426709931846948,0.6213977080679546,-0.07872671488325977,-0.48794402828993055,0.48794402828993055,0.5430617526658167,0.6357215490005027
case_72,72,distance_to_outer_proxy,sigma_max_principal,0.95,4.7943273999999985,20018,380342,42.37841040272131,35.08319627184027,7.295214130881035,0.48794402828992955,0.48794402828992955,42.34220066003506,33.75587698848683
case_72,72,rho,sigma_max_principal,0.95,4.7943273999999985,20018,380342,180.44714750254875,187.74236163342977,-7.295214130881021,-0.4879440282899286,0.4879440282899286,180.48335724523497,189.06968091678323
case_72,72,distance_to_inner_proxy,sigma_max_principal,0.95,4.7943273999999985,20018,380342,50.28662892603497,57.58184305691599,-7.295214130881021,-0.4879440282899286,0.4879440282899286,50.32283866872122,58.90916234026945
case_72,72,fluence_rate,sigma_max_principal,0.95,4.7943273999999985,20018,380342,3.596986946598062,3.4568841434892805,0.14010280310878143,0.43282810759803897,0.43282810759803897,3.600583,3.382323
case_72,72,z,sigma_max_principal,0.95,4.7943273999999985,20018,380342,551.4343553415925,437.0589279900667,114.37542735152584,0.4088900086666236,0.4088900086666236,586.923889,435.802002
case_72,72,theta_cos,sigma_max_principal,0.95,4.7943273999999985,20018,380342,0.9131637023486403,0.9329574870225981,-0.01979378467395776,-0.3151437950618264,0.3151437950618264,0.9111661001810453,0.9429975924078788
case_72,72,theta,sigma_max_principal,0.95,4.7943273999999985,20018,380342,0.37429176518613627,0.3427851030215909,0.031506662164545396,0.18642428373439723,0.18642428373439723,0.4246909912518705,0.33927080372534474
case_72,72,weight_loss_rate,sigma_max_principal,0.95,4.7943273999999985,20018,380342,0.35074081926266365,0.3598823514415973,-0.009141532178933653,-0.17497550898254635,0.17497550898254635,0.342372,0.347443
case_72,72,theta_sin,sigma_max_principal,0.95,4.7943273999999985,20018,380342,0.35857509406466187,0.3328907703118263,0.02568432375283558,0.16503338226052547,0.16503338226052547,0.41203924312237294,0.3327995503496406
case_72,72,param_field_magnitude_scaled,sigma_max_principal,0.95,4.7943273999999985,20018,380342,1.0696670690697438,1.228117615302593,-0.15845054623284915,-0.13370068205503963,0.13370068205503963,0.7522585464046683,0.8091762969956955
case_72,72,temperature,sigma_max_principal,0.95,4.7943273999999985,20018,380342,353.9890146026077,352.35067071300307,1.6383438896046414,0.12514484294932818,0.12514484294932818,350.85788,349.384735
case_73,73,weight_loss_rate,sigma_max_principal,0.95,8.226418399999995,20018,380342,0.4219990306224398,0.5092300381156959,-0.08723100749325607,-1.6285841570585025,1.6285841570585025,0.419942,0.5080914999999999
case_73,73,fluence_rate,sigma_max_principal,0.95,8.226418399999995,20018,380342,4.120340046957738,4.728613675344822,-0.6082736283870842,-1.5138194885707996,1.5138194885707996,4.092497,4.730367
case_73,73,param_field_magnitude_scaled,sigma_max_principal,0.95,8.226418399999995,20018,380342,3.7819669494024644,1.0287276931919196,2.753239256210545,1.4959427779726846,1.4959427779726846,3.6109235900220074,0.6592882617759628
case_73,73,temperature,sigma_max_principal,0.95,8.226418399999995,20018,380342,370.96316444025376,390.1508088173355,-19.18764437708171,-0.9232234371957558,0.9232234371957558,359.086823,385.926666
case_73,73,rho,sigma_max_principal,0.95,8.226418399999995,20018,380342,204.41242272823644,187.6509761628568,16.76144656537963,0.9137679567848952,0.9137679567848952,214.39283813141128,189.09839319771595
case_73,73,distance_to_outer_proxy,sigma_max_principal,0.95,8.226418399999995,20018,380342,20.016152175261276,36.777598740640904,-16.76144656537963,-0.9137679567848952,0.9137679567848952,10.035736772086452,35.33018170578178
case_73,73,rho_normalized,sigma_max_principal,0.95,8.226418399999995,20018,380342,0.7862708257647039,0.6072948616513184,0.17897596411338546,0.9137679567848945,0.9137679567848945,0.8928400566522554,0.6227501422130282
case_73,73,distance_to_inner_proxy,sigma_max_principal,0.95,8.226418399999995,20018,380342,73.63578957240739,56.87434300702778,16.761446565379607,0.9137679567848941,0.9137679567848941,83.61620497558222,58.32176004188689
case_73,73,z,sigma_max_principal,0.95,8.226418399999995,20018,380342,486.2937785348686,443.2262001404946,43.06757839437398,0.1776180447193455,0.1776180447193455,501.561783,438.3349915
case_73,73,theta_sin,sigma_max_principal,0.95,8.226418399999995,20018,380342,0.3125162402421946,0.33495100925539584,-0.02243476901320124,-0.1479888234904172,0.1479888234904172,0.28755177858861714,0.3398414038220693
case_73,73,theta,sigma_max_principal,0.95,8.226418399999995,20018,380342,0.32448754329889135,0.3450005525668408,-0.020513009267949467,-0.12439052371966083,0.12439052371966083,0.2916696718417453,0.34674825965538625
case_73,73,theta_cos,sigma_max_principal,0.95,8.226418399999995,20018,380342,0.9314376616004421,0.9321742686987129,-0.0007366070982708361,-0.01190674367082142,0.01190674367082142,0.9577650936584203,0.9404827591443901
case_74,74,weight_loss_rate,sigma_max_principal,0.95,9.183551549999999,20018,380342,0.3654771206913778,0.3534837737352173,0.0119933469561605,0.3613725237288232,0.3613725237288232,0.364766,0.345258
case_74,74,theta_cos,sigma_max_principal,0.95,9.183551549999999,20018,380342,0.9171338458990436,0.9328690263269019,-0.015735180427858375,-0.24548361377474714,0.24548361377474714,0.9409202352393555,0.9427526973520153
case_74,74,z,sigma_max_principal,0.95,9.183551549999999,20018,380342,499.2927533537317,440.67035152778817,58.62240182594354,0.21320947126532655,0.21320947126532655,519.179871,436.5441435
case_74,74,param_field_magnitude_scaled,sigma_max_principal,0.95,9.183551549999999,20018,380342,1.5349275642167852,1.3239730452411855,0.2109545189755997,0.2065214786642979,0.2065214786642979,1.4509373764238205,1.0208045077183423
case_74,74,distance_to_inner_proxy,sigma_max_principal,0.95,9.183551549999999,20018,380342,55.462206252683615,57.46689724354324,-2.004690990859622,-0.1145486737478118,0.1145486737478118,50.691560966217395,58.85281306134736
case_74,74,rho,sigma_max_principal,0.95,9.183551549999999,20018,380342,185.66273547795447,187.66742646881409,-2.004690990859615,-0.11454867374781139,0.11454867374781139,180.89209019148825,189.0533422866182
case_74,74,rho_normalized,sigma_max_principal,0.95,9.183551549999999,20018,380342,0.5962535387770942,0.6178052255601414,-0.021551686783047197,-0.11454867374781086,0.11454867374781086,0.544966106731094,0.6327046907391503
case_74,74,distance_to_outer_proxy,sigma_max_principal,0.95,9.183551549999999,20018,380342,37.55561694788917,35.55092595702957,2.0046909908596007,0.11454867374781058,0.11454867374781058,42.3262622343554,34.16501013922543
case_74,74,temperature,sigma_max_principal,0.95,9.183551549999999,20018,380342,392.44500756094516,390.21557811850647,2.2294294424386862,0.11232043286959349,0.11232043286959349,397.82746899999995,386.754089
case_74,74,theta,sigma_max_principal,0.95,9.183551549999999,20018,380342,0.359807412782186,0.34324452709657377,0.016562885685612205,0.0959714120882508,0.0959714120882508,0.3454586632426627,0.3400059017572442
case_74,74,theta_sin,sigma_max_principal,0.95,9.183551549999999,20018,380342,0.344678535775649,0.3333461808617414,0.011332354913907605,0.07132864132422008,0.07132864132422008,0.3386282783777881,0.33349265604416545
case_74,74,fluence_rate,sigma_max_principal,0.95,9.183551549999999,20018,380342,3.8207662026676,3.8382516734386427,-0.017485470771042788,-0.05351308854298216,0.05351308854298216,3.931184,3.792438
case_75,75,rho,sigma_max_principal,0.95,9.665987299999996,20018,380342,177.44390511770405,187.93509816691758,-10.491193049213535,-0.7923264569385805,0.7923264569385805,179.13876635704082,189.20846161899476
case_75,75,distance_to_inner_proxy,sigma_max_principal,0.95,9.665987299999996,20018,380342,47.3247003381833,57.81589338739682,-10.491193049213521,-0.7923264569385794,0.7923264569385794,49.019561577520065,59.089256839474004
case_75,75,distance_to_outer_proxy,sigma_max_principal,0.95,9.665987299999996,20018,380342,45.707074671187016,35.215881621973494,10.491193049213521,0.7923264569385794,0.7923264569385794,44.01221343185024,33.9425181698963
case_75,75,rho_normalized,sigma_max_principal,0.95,9.665987299999996,20018,380342,0.5086939417571757,0.6214639394075143,-0.11276999765033857,-0.7923264569385792,0.7923264569385792,0.5269120316427665,0.6351513430064346
case_75,75,temperature,sigma_max_principal,0.95,9.665987299999996,20018,380342,400.0678617789989,388.92168136537117,11.146180413627746,0.7540953099146046,0.7540953099146046,397.847565,386.1768955
case_75,75,weight_loss_rate,sigma_max_principal,0.95,9.665987299999996,20018,380342,0.4363114071335798,0.4108336013272265,0.025477805806353282,0.6024359281687881,0.6024359281687881,0.434669,0.398934
case_75,75,fluence_rate,sigma_max_principal,0.95,9.665987299999996,20018,380342,3.6065313087221496,3.4259153013603547,0.18061600736179484,0.58058770768328,0.58058770768328,3.589051,3.351048
case_75,75,theta_cos,sigma_max_principal,0.95,9.665987299999996,20018,380342,0.9101971523610963,0.933205715177014,-0.023008562815917677,-0.3609385627120789,0.3609385627120789,0.9066767232565927,0.9431076643325627
case_75,75,param_field_magnitude_scaled,sigma_max_principal,0.95,9.665987299999996,20018,380342,1.006973665450059,1.3258532293472043,-0.31887956389714534,-0.34575776662374524,0.34575776662374524,0.7869929732171379,1.0443952813014865
case_75,75,z,sigma_max_principal,0.95,9.665987299999996,20018,380342,524.5755406783395,439.1771407225865,85.398399955753,0.29732651163334395,0.29732651163334395,573.6898495,436.39894100000004
case_75,75,theta,sigma_max_principal,0.95,9.665987299999996,20018,380342,0.38041947695082373,0.34221805135352773,0.038201425597296,0.22320386416126556,0.22320386416126556,0.43545851673285985,0.3389399031774633
case_75,75,theta_sin,sigma_max_principal,0.95,9.665987299999996,20018,380342,0.36392428238815394,0.33238461402520636,0.03153966836294758,0.20023148830335236,0.20023148830335236,0.42182617214284773,0.3324874937153808
case_76,76,rho,sigma_max_principal,0.95,6.121758099999995,20018,380342,178.02293093741102,187.80990609573124,-9.786975158320217,-0.7134551082440974,0.7134551082440974,179.97019913417125,189.07347350335397
case_76,76,distance_to_outer_proxy,sigma_max_principal,0.95,6.121758099999995,20018,380342,44.78142707001357,34.994451911693375,9.786975158320196,0.713455108244096,0.713455108244096,42.83415887325333,33.730884504070616
case_76,76,distance_to_inner_proxy,sigma_max_principal,0.95,6.121758099999995,20018,380342,47.933861443955124,57.72083660227531,-9.786975158320189,-0.7134551082440955,0.7134551082440955,49.88112964071536,58.98440400989807
case_76,76,rho_normalized,sigma_max_principal,0.95,6.121758099999995,20018,380342,0.5170006178294241,0.6225600710240896,-0.10555945319466553,-0.7134551082440954,0.7134551082440954,0.5380032833872934,0.6361885397251539
case_76,76,fluence_rate,sigma_max_principal,0.95,6.121758099999995,20018,380342,3.6304674475971623,3.455194804470714,0.1752726431264482,0.5532248361297144,0.5532248361297144,3.62011,3.379339
case_76,76,param_field_magnitude_scaled,sigma_max_principal,0.95,6.121758099999995,20018,380342,0.8582751339950799,1.2645900568414736,-0.4063149228463937,-0.42192031533931695,0.42192031533931695,0.6958429490915355,0.8497529826095328
case_76,76,z,sigma_max_principal,0.95,6.121758099999995,20018,380342,543.1612355426616,437.55522865554155,105.60600688712009,0.37228407849650824,0.37228407849650824,592.641174,435.845306
case_76,76,theta_cos,sigma_max_principal,0.95,6.121758099999995,20018,380342,0.9104679338098858,0.9331021921698068,-0.022634258359921056,-0.35591072337715385,0.35591072337715385,0.9066663401971987,0.9430430801254821
case_76,76,temperature,sigma_max_principal,0.95,6.121758099999995,20018,380342,363.0155167045159,360.25834619941276,2.757170505103147,0.2912899021372477,0.2912899021372477,362.336395,357.745026
case_76,76,theta,sigma_max_principal,0.95,6.121758099999995,20018,380342,0.3804461954145907,0.3424492339598626,0.037996961454728084,0.22303708132357547,0.22303708132357547,0.4354831306269795,0.3391340952182857
case_76,76,theta_sin,sigma_max_principal,0.95,6.121758099999995,20018,380342,0.3640437075357873,0.33259141665854475,0.03145229087724255,0.20066137996477218,0.20066137996477218,0.42184848885993,0.3326706314471458
case_76,76,weight_loss_rate,sigma_max_principal,0.95,6.121758099999995,20018,380342,0.35220500149865125,0.35761203952232457,-0.005407038023673316,-0.11913229976621598,0.11913229976621598,0.348171,0.34791
case_77,77,distance_to_inner_proxy,sigma_max_principal,0.95,7.303654349999999,20018,380342,46.39113191163819,57.74135457358849,-11.350222661950298,-0.8361057044871762,0.8361057044871762,46.313864934706785,58.927173713237096
case_77,77,distance_to_outer_proxy,sigma_max_principal,0.95,7.303654349999999,20018,380342,46.23179271556978,34.88157005361949,11.35022266195029,0.8361057044871759,0.8361057044871759,46.30905969250118,33.69575091397087
case_77,77,rho_normalized,sigma_max_principal,0.95,7.303654349999999,20018,380342,0.5008601498857315,0.6234024115086834,-0.1225422616229519,-0.8361057044871746,0.8361057044871746,0.5000259398103922,0.6362050642474234
case_77,77,rho,sigma_max_principal,0.95,7.303654349999999,20018,380342,176.3494907162546,187.69971337820482,-11.350222661950227,-0.836105704487171,0.836105704487171,176.27222373932318,188.88553251785348
case_77,77,temperature,sigma_max_principal,0.95,7.303654349999999,20018,380342,393.7620399174243,382.17068466991543,11.591355247508886,0.7941340397192289,0.7941340397192289,391.510406,380.854126
case_77,77,fluence_rate,sigma_max_principal,0.95,7.303654349999999,20018,380342,3.5329250469077826,3.365382690954456,0.16754235595332645,0.6827983528269961,0.6827983528269961,3.516081,3.313991
case_77,77,theta_cos,sigma_max_principal,0.95,7.303654349999999,20018,380342,0.9079328744421781,0.9332328189820582,-0.02529994453988016,-0.3917385392791971,0.3917385392791971,0.9049100533528529,0.9430520191122518
case_77,77,z,sigma_max_principal,0.95,7.303654349999999,20018,380342,513.4108903141672,438.9567252889006,74.4541650252666,0.2676771289054208,0.2676771289054208,543.456604,435.6921845
case_77,77,theta,sigma_max_principal,0.95,7.303654349999999,20018,380342,0.3852493370267349,0.3421914765559657,0.043057860470769205,0.24942272525260564,0.24942272525260564,0.43962799234657,0.3391072238132864
case_77,77,param_field_magnitude_scaled,sigma_max_principal,0.95,7.303654349999999,20018,380342,1.0539885742732167,1.2679971424192482,-0.21400856814603153,-0.22925123149754686,0.22925123149754686,0.9848034941933773,0.953296218162519
case_77,77,theta_sin,sigma_max_principal,0.95,7.303654349999999,20018,380342,0.36814447545279794,0.33236945057080847,0.03577502488198947,0.22537371261687525,0.22537371261687525,0.42560286105767875,0.33264529043449587
case_77,77,weight_loss_rate,sigma_max_principal,0.95,7.303654349999999,20018,380342,0.3613357504745729,0.3573071009223278,0.004028649552245078,0.09435068710198609,0.09435068710198609,0.36053,0.346551
case_78,78,rho_normalized,sigma_max_principal,0.95,5.6478906,20018,380342,0.5274154559333716,0.6216437193996521,-0.09422826346628055,-0.6151132452239817,0.6151132452239817,0.5401014100083502,0.6355870911741385
case_78,78,distance_to_inner_proxy,sigma_max_principal,0.95,5.6478906,20018,380342,48.90506216584744,57.64246079676745,-8.737398630920012,-0.6151132452239807,0.6151132452239807,50.0813784184153,58.935372211784696
case_78,78,distance_to_outer_proxy,sigma_max_principal,0.95,5.6478906,20018,380342,43.82081762335922,35.08341899243922,8.737398630919998,0.6151132452239798,0.6151132452239798,42.64450137079136,33.79050757742196
case_78,78,rho,sigma_max_principal,0.95,5.6478906,20018,380342,178.99781415125946,187.73521278217942,-8.737398630919955,-0.6151132452239768,0.6151132452239768,180.1741304038273,189.0281241971967
case_78,78,fluence_rate,sigma_max_principal,0.95,5.6478906,20018,380342,3.630522471026077,3.4652471266360285,0.16527534439004832,0.5225087471951633,0.5225087471951633,3.629753,3.38941
case_78,78,z,sigma_max_principal,0.95,5.6478906,20018,380342,547.6043860342692,437.241593769497,110.36279226477217,0.3887239966633503,0.3887239966633503,596.6725155,435.773224
case_78,78,theta_cos,sigma_max_principal,0.95,5.6478906,20018,380342,0.9122767211596825,0.9330109988458053,-0.020734277686122793,-0.3298099094936724,0.3298099094936724,0.9095578320799775,0.9430204963675739
case_78,78,param_field_magnitude_scaled,sigma_max_principal,0.95,5.6478906,20018,380342,0.9059218332231428,1.2113621066889986,-0.3054402734658558,-0.28098603109531156,0.28098603109531156,0.6746231126740799,0.7675808785092081
case_78,78,theta,sigma_max_principal,0.95,5.6478906,20018,380342,0.3767547780357997,0.34263463305706443,0.03412014497873528,0.20192829345148983,0.20192829345148983,0.42857749147425905,0.3392019749260117
case_78,78,theta_sin,sigma_max_principal,0.95,5.6478906,20018,380342,0.3608456910775888,0.3327517900083623,0.02809390106922649,0.18058397258932513,0.18058397258932513,0.41557736955884217,0.33273464416930276
case_78,78,weight_loss_rate,sigma_max_principal,0.95,5.6478906,20018,380342,0.34728430972125085,0.35217850961503083,-0.0048941998937799824,-0.09754825564392636,0.09754825564392636,0.341792,0.337716
case_78,78,temperature,sigma_max_principal,0.95,5.6478906,20018,380342,362.7837691319313,362.4576300063127,0.32613912561862435,0.03276743263813048,0.03276743263813048,362.189117,359.972443
case_79,79,distance_to_inner_proxy,sigma_max_principal,0.95,10.056427749999996,20018,380342,47.429428991792975,57.79730825560053,-10.367879263807552,-0.7822872457713584,0.7822872457713584,49.85054322197817,59.07519848047312
case_79,79,rho_normalized,sigma_max_principal,0.95,10.056427749999996,20018,380342,0.5101983023025461,0.6217255652554206,-0.1115272629528744,-0.7822872457713577,0.7822872457713577,0.5362422247401275,0.6354718286433235
case_79,79,rho,sigma_max_principal,0.95,10.056427749999996,20018,380342,177.56002836946197,187.9279076332695,-10.367879263807538,-0.7822872457713573,0.7822872457713573,179.98114259964717,189.20579785814212
case_79,79,distance_to_outer_proxy,sigma_max_principal,0.95,10.056427749999996,20018,380342,45.53330486628138,35.16542560247385,10.367879263807524,0.7822872457713563,0.7822872457713563,43.11219063609619,33.88753537760124
case_79,79,temperature,sigma_max_principal,0.95,10.056427749999996,20018,380342,399.51081036921767,389.0307679945864,10.480042374631239,0.7205655324067763,0.7205655324067763,397.163483,387.417267
case_79,79,fluence_rate,sigma_max_principal,0.95,10.056427749999996,20018,380342,3.5963035299230692,3.421620779619395,0.17468275030367408,0.5628671345089556,0.5628671345089556,3.575879,3.347034
case_79,79,theta_cos,sigma_max_principal,0.95,10.056427749999996,20018,380342,0.9102484679735582,0.9331880329230902,-0.022939564949531976,-0.3588077465160955,0.3588077465160955,0.906738471961158,0.9430863601844364
case_79,79,weight_loss_rate,sigma_max_principal,0.95,10.056427749999996,20018,380342,0.3742682285942652,0.3587432363714762,0.01552499222278897,0.31869896774551204,0.31869896774551204,0.3716345,0.345949
case_79,79,z,sigma_max_principal,0.95,10.056427749999996,20018,380342,525.3291805680387,439.09200391262334,86.2371766554154,0.2988965992965579,0.2988965992965579,573.663513,436.367859
case_79,79,param_field_magnitude_scaled,sigma_max_principal,0.95,10.056427749999996,20018,380342,1.0411888157792657,1.3127627150779084,-0.27157389929864273,-0.29348739542303387,0.29348739542303387,0.8094548794049159,0.9806018905772135
case_79,79,theta,sigma_max_principal,0.95,10.056427749999996,20018,380342,0.3804251669569667,0.3422507079869211,0.03817445897004562,0.22319471805646401,0.22319471805646401,0.43531210945369986,0.33900397239168123
case_79,79,theta_sin,sigma_max_principal,0.95,10.056427749999996,20018,380342,0.36391966133487474,0.33241426377626127,0.03150539755861348,0.20026496324346185,0.20026496324346185,0.42169342355024786,0.3325479171999023
case_80,80,weight_loss_rate,sigma_max_principal,0.95,3.6969922499999996,20018,380342,0.42614917724048357,0.4069747815860461,0.01917439565443746,0.4663895854051932,0.4663895854051932,0.423931,0.396172
case_80,80,fluence_rate,sigma_max_principal,0.95,3.6969922499999996,20018,380342,3.4719856139474468,3.3604648980233573,0.11152071592408941,0.38216854348241985,0.38216854348241985,3.489871,3.294892
case_80,80,distance_to_outer_proxy,sigma_max_principal,0.95,3.6969922499999996,20018,380342,40.77158362612138,35.07614050482685,5.695443121294524,0.36315896165051575,0.36315896165051575,42.23721008267697,33.799248025532606
case_80,80,distance_to_inner_proxy,sigma_max_principal,0.95,3.6969922499999996,20018,380342,51.77117279169773,57.466615912992246,-5.695443121294517,-0.3631589616505153,0.3631589616505153,50.30554633514214,58.7435083922865
case_80,80,rho_normalized,sigma_max_principal,0.95,3.6969922499999996,20018,380342,0.5594297684192298,0.6209736789504905,-0.06154391053126074,-0.3631589616505152,0.3631589616505152,0.5435924785730264,0.6347715441613477
case_80,80,rho,sigma_max_principal,0.95,3.6969922499999996,20018,380342,181.8705344367605,187.56597755805498,-5.695443121294488,-0.36315896165051353,0.36315896165051353,180.40490798020488,188.84287003734926
case_80,80,z,sigma_max_principal,0.95,3.6969922499999996,20018,380342,530.0864360229793,437.9052561384044,92.18117988457493,0.33960514541975484,0.33960514541975484,543.297485,435.5503385
case_80,80,theta_cos,sigma_max_principal,0.95,3.6969922499999996,20018,380342,0.9138445835723761,0.9329050743639514,-0.019060490791575346,-0.29941834220899033,0.29941834220899033,0.9144456984828014,0.9427544282656513
case_80,80,param_field_magnitude_scaled,sigma_max_principal,0.95,3.6969922499999996,20018,380342,1.0437566731889683,1.28923465676364,-0.24547798357467165,-0.2425442011842814,0.2425442011842814,0.8065300070868443,0.9061202101732774
case_80,80,temperature,sigma_max_principal,0.95,3.6969922499999996,20018,380342,353.07811831082034,351.3228838371518,1.7552344736685654,0.16409961932873285,0.16409961932873285,350.275696,348.351715
case_80,80,theta,sigma_max_principal,0.95,3.6969922499999996,20018,380342,0.3709962312564207,0.34299920441873333,0.0279970268376874,0.16409611025411627,0.16409611025411627,0.41666016349868346,0.34000071145770727
case_80,80,theta_sin,sigma_max_principal,0.95,3.6969922499999996,20018,380342,0.3552843762409134,0.3331009002799303,0.022183475960983134,0.14130720465781385,0.14130720465781385,0.4047086167675129,0.333487762870628
case_81,81,fluence_rate,sigma_max_principal,0.95,10.314813999999997,20018,380342,3.579603873064242,3.4653933727986908,0.11421050026555113,0.3474598102072179,0.3474598102072179,3.620315,3.397262
case_81,81,rho,sigma_max_principal,0.95,10.314813999999997,20018,380342,182.26751966970525,187.71032165475395,-5.442801985048703,-0.3252465312585889,0.3252465312585889,179.1225463754904,189.01797747329147
case_81,81,distance_to_outer_proxy,sigma_max_principal,0.95,10.314813999999997,20018,380342,40.97010266041986,35.527300675371194,5.442801985048668,0.32524653125858677,0.32524653125858677,44.11507595463473,34.21964485683365
case_81,81,distance_to_inner_proxy,sigma_max_principal,0.95,10.314813999999997,20018,380342,52.204955049592705,57.647757034641366,-5.442801985048661,-0.3252465312585863,0.3252465312585863,49.059981755377834,58.95541285317891
case_81,81,rho_normalized,sigma_max_principal,0.95,10.314813999999997,20018,380342,0.5602889478434182,0.6187037438072501,-0.05841479596383192,-0.3252465312585856,0.3252465312585856,0.5265355660746305,0.632738141538533
case_81,81,weight_loss_rate,sigma_max_principal,0.95,10.314813999999997,20018,380342,0.38054575342192026,0.3943915364698086,-0.01384578304788836,-0.31812781728225054,0.31812781728225054,0.3873625,0.386467
case_81,81,theta_cos,sigma_max_principal,0.95,10.314813999999997,20018,380342,0.9139664483964911,0.9330466297647159,-0.019080181368224758,-0.3000968848922873,0.3000968848922873,0.9198235098045922,0.942935325325388
case_81,81,param_field_magnitude_scaled,sigma_max_principal,0.95,10.314813999999997,20018,380342,1.52652282736611,1.1485402704448415,0.3779825569212685,0.28870929612760815,0.28870929612760815,1.0971704864624123,0.778378247986012
case_81,81,z,sigma_max_principal,0.95,10.314813999999997,20018,380342,511.29566342082126,439.8588735672631,71.43678985355814,0.2635636365948847,0.2635636365948847,534.41449,436.360321
case_81,81,temperature,sigma_max_principal,0.95,10.314813999999997,20018,380342,423.81112878304526,427.54943067976984,-3.738301896724579,-0.24949018096295486,0.24949018096295486,431.253174,427.761871
case_81,81,theta,sigma_max_principal,0.95,10.314813999999997,20018,380342,0.37015668038004623,0.3426790804128424,0.027477599967203836,0.16064670238673812,0.16064670238673812,0.4031659276933404,0.33945785501706416
case_81,81,theta_sin,sigma_max_principal,0.95,10.314813999999997,20018,380342,0.35447265411349377,0.33281265130904364,0.02166000280445013,0.13755316172211704,0.13755316172211704,0.3923323983558994,0.3329759334442669
case_82,82,rho_normalized,sigma_max_principal,0.95,9.606270849999998,20018,380342,0.49773979456596645,0.6223528536205589,-0.12461305905459247,-0.8785653419814486,0.8785653419814486,0.506843900465303,0.6355482361533542
case_82,82,rho,sigma_max_principal,0.95,9.606270849999998,20018,380342,176.40530220598617,187.99313651736375,-11.587834311377577,-0.8785653419814479,0.8785653419814479,177.2518978317988,189.2201821225783
case_82,82,distance_to_outer_proxy,sigma_max_principal,0.95,9.606270849999998,20018,380342,46.70544231819461,35.11760800681704,11.58783431137757,0.8785653419814473,0.8785653419814473,45.858846692382,33.890562401602494
case_82,82,distance_to_inner_proxy,sigma_max_principal,0.95,9.606270849999998,20018,380342,46.285086919202584,57.87292123058013,-11.587834311377549,-0.8785653419814456,0.8785653419814456,47.131682545015195,59.0999668357947
case_82,82,temperature,sigma_max_principal,0.95,9.606270849999998,20018,380342,393.4376599847137,382.6162786097407,10.821381374973043,0.7596184542613478,0.7596184542613478,390.376923,382.106842
case_82,82,fluence_rate,sigma_max_principal,0.95,9.606270849999998,20018,380342,3.6496192544709762,3.441866627182904,0.2077526272880723,0.6595796349007297,0.6595796349007297,3.634575,3.367712
case_82,82,theta_cos,sigma_max_principal,0.95,9.606270849999998,20018,380342,0.9075132014183334,0.9333295938877376,-0.02581639246940426,-0.4002177821838731,0.4002177821838731,0.9052808670695884,0.9432067751553044
case_82,82,param_field_magnitude_scaled,sigma_max_principal,0.95,9.606270849999998,20018,380342,0.8963368770881369,1.2322647919812661,-0.33592791489312923,-0.3532918418638318,0.3532918418638318,0.8620842898974247,0.8557174642530464
case_82,82,z,sigma_max_principal,0.95,9.606270849999998,20018,380342,519.8222377142073,439.476020569293,80.3462171449143,0.2841978441670073,0.2841978441670073,558.283203,436.45883200000003
case_82,82,theta,sigma_max_principal,0.95,9.606270849999998,20018,380342,0.3868498365015207,0.34192037322402224,0.04492946327749847,0.261116446124071,0.261116446124071,0.43875591675335845,0.33864168816806584
case_82,82,theta_sin,sigma_max_principal,0.95,9.606270849999998,20018,380342,0.3696724367785937,0.33211882473403426,0.037553612044559426,0.2374266759057612,0.2374266759057612,0.4248135493451385,0.3322062300739583
case_82,82,weight_loss_rate,sigma_max_principal,0.95,9.606270849999998,20018,380342,0.39617840073933464,0.3968632905700658,-0.0006848898307311724,-0.017541906737010466,0.017541906737010466,0.396605,0.389618
case_83,83,rho_normalized,sigma_max_principal,0.95,10.300168649999998,20018,380342,0.509600173760566,0.6216182949031295,-0.11201812114256349,-0.784314409033622,0.784314409033622,0.5358436419602397,0.6353806589371175
case_83,83,rho,sigma_max_principal,0.95,10.300168649999998,20018,380342,177.5243290223402,187.9434549909478,-10.419125968607602,-0.7843144090336219,0.7843144090336219,179.9653090908914,189.22353184845434
case_83,83,distance_to_inner_proxy,sigma_max_principal,0.95,10.300168649999998,20018,380342,47.399370297223975,57.81849626583158,-10.419125968607602,-0.7843144090336219,0.7843144090336219,49.84035036577515,59.098573123338085
case_83,83,distance_to_outer_proxy,sigma_max_principal,0.95,10.300168649999998,20018,380342,45.61349103569703,35.19436506708944,10.419125968607588,0.7843144090336208,0.7843144090336208,43.172510967145854,33.91428820958292
case_83,83,temperature,sigma_max_principal,0.95,10.300168649999998,20018,380342,396.4592663569287,386.21655153196605,10.242714824962661,0.6999425225226888,0.6999425225226888,393.334015,385.271362
case_83,83,fluence_rate,sigma_max_principal,0.95,10.300168649999998,20018,380342,3.6396002383854538,3.4450069530370047,0.1945932853484491,0.6183164958665671,0.6183164958665671,3.622034,3.369771
case_83,83,theta_cos,sigma_max_principal,0.95,10.300168649999998,20018,380342,0.9098037254114132,0.933205211045676,-0.02340148563426281,-0.36542039417430383,0.36542039417430383,0.9069655028937722,0.9430884117502206
case_83,83,z,sigma_max_principal,0.95,10.300168649999998,20018,380342,526.92723950005,439.12973030715784,87.79750919289211,0.3029704154258264,0.3029704154258264,577.930237,436.475525
case_83,83,param_field_magnitude_scaled,sigma_max_principal,0.95,10.300168649999998,20018,380342,0.9845777309493419,1.2536997564609438,-0.2691220255116019,-0.2896754123751965,0.2896754123751965,0.8477022599052885,0.8990813948384144
case_83,83,theta,sigma_max_principal,0.95,10.300168649999998,20018,380342,0.3819091584800427,0.3421882930070614,0.039720865472981315,0.23262464946570738,0.23262464946570738,0.4347733849158505,0.33899780310422434
case_83,83,theta_sin,sigma_max_principal,0.95,10.300168649999998,20018,380342,0.36530098647296855,0.33235587053944493,0.03294511593352362,0.20988035436304864,0.20988035436304864,0.42120487358142605,0.3325420990227342
case_83,83,weight_loss_rate,sigma_max_principal,0.95,10.300168649999998,20018,380342,0.34761774577879906,0.3539602764801152,-0.006342530701316129,-0.13847533883209337,0.13847533883209337,0.3452325,0.344419
case_84,84,temperature,sigma_max_principal,0.95,10.052420999999997,20018,380342,402.0415445535518,389.603329577588,12.438214975963774,0.8438131581890501,0.8438131581890501,400.01702850000004,386.201904
case_84,84,rho_normalized,sigma_max_principal,0.95,10.052420999999997,20018,380342,0.506224643335934,0.6224269331079532,-0.11620228977201918,-0.8176270282861231,0.8176270282861231,0.5153024345529356,0.6359882681272394
case_84,84,distance_to_outer_proxy,sigma_max_principal,0.95,10.052420999999997,20018,380342,45.868043652709005,35.07371860615976,10.794325046549247,0.8176270282861228,0.8176270282861228,45.02478463179581,33.81397184427989
case_84,84,distance_to_inner_proxy,sigma_max_principal,0.95,10.052420999999997,20018,380342,47.024489426690444,57.818814473239684,-10.79432504654924,-0.8176270282861222,0.8176270282861222,47.86774844760363,59.07856123511955
case_84,84,rho,sigma_max_principal,0.95,10.052420999999997,20018,380342,177.14950341639553,187.94382846294474,-10.794325046549204,-0.8176270282861197,0.8176270282861197,177.99276243730873,189.20357522482465
case_84,84,fluence_rate,sigma_max_principal,0.95,10.052420999999997,20018,380342,3.617413931461684,3.4398508448291265,0.1775630866325577,0.5821860759619352,0.5821860759619352,3.605485,3.368349
case_84,84,theta_cos,sigma_max_principal,0.95,10.052420999999997,20018,380342,0.9103371702055675,0.933180088133604,-0.0228429179280365,-0.35914122167816054,0.35914122167816054,0.9063347675892115,0.9430998287257956
case_84,84,z,sigma_max_principal,0.95,10.052420999999997,20018,380342,519.394845773404,439.393262136393,80.00158363701098,0.28036016121428864,0.28036016121428864,558.189209,440.46374549999996
case_84,84,param_field_magnitude_scaled,sigma_max_principal,0.95,10.052420999999997,20018,380342,1.049435965197255,1.293285908778364,-0.243849943581109,-0.26556484791463475,0.26556484791463475,0.8442493636226442,0.9738224081137709
case_84,84,theta,sigma_max_principal,0.95,10.052420999999997,20018,380342,0.38015661547285556,0.34227583324392336,0.03788078222893221,0.22149996502096375,0.22149996502096375,0.4362684672013518,0.3389634690109191
case_84,84,theta_sin,sigma_max_principal,0.95,10.052420999999997,20018,380342,0.3637121879720203,0.3324355834251857,0.03127660454683462,0.19866236687534627,0.19866236687534627,0.4225603969361452,0.33250971874120827
case_84,84,weight_loss_rate,sigma_max_principal,0.95,10.052420999999997,20018,380342,0.36843716669997,0.36006873263799427,0.008368434061975738,0.18984097114690793,0.18984097114690793,0.365736,0.348131
case_85,85,rho,sigma_max_principal,0.95,9.9049989,20018,380342,177.17135212555002,187.95476390185223,-10.783411776302216,-0.8164859298542456,0.8164859298542456,178.54482888815954,189.21126548510682
case_85,85,rho_normalized,sigma_max_principal,0.95,9.9049989,20018,380342,0.5062811805358634,0.6223247269205485,-0.11604354638468517,-0.816485929854245,0.816485929854245,0.5210615782167187,0.6358463194168369
case_85,85,distance_to_outer_proxy,sigma_max_principal,0.95,9.9049989,20018,380342,45.87909881987394,35.09568704357173,10.78341177630221,0.8164859298542448,0.8164859298542448,44.505622057264404,33.839185460317125
case_85,85,distance_to_inner_proxy,sigma_max_principal,0.95,9.9049989,20018,380342,47.046463283813615,57.82987506011582,-10.783411776302202,-0.8164859298542444,0.8164859298542444,48.41994004642315,59.08637664337043
case_85,85,temperature,sigma_max_principal,0.95,9.9049989,20018,380342,393.4316741819362,381.8688914533394,11.562782728596801,0.7561182583482678,0.7561182583482678,389.868896,381.648407
case_85,85,fluence_rate,sigma_max_principal,0.95,9.9049989,20018,380342,3.586283152712559,3.4159269447418374,0.17035620797072148,0.5511263262610326,0.5511263262610326,3.56913,3.339123
case_85,85,weight_loss_rate,sigma_max_principal,0.95,9.9049989,20018,380342,0.37827545329203716,0.35852558152399683,0.019749871768040328,0.4027405692922079,0.4027405692922079,0.377363,0.345846
case_85,85,theta_cos,sigma_max_principal,0.95,9.9049989,20018,380342,0.9101654475600777,0.9331787336643944,-0.023013286104316744,-0.3607394183979247,0.3607394183979247,0.9063421963842169,0.9430890069479247
case_85,85,z,sigma_max_principal,0.95,9.9049989,20018,380342,526.4877877538215,439.018325125416,87.4694626284055,0.3082867818592602,0.3082867818592602,563.863831,436.3517
case_85,85,param_field_magnitude_scaled,sigma_max_principal,0.95,9.9049989,20018,380342,1.032916862414232,1.300904926639453,-0.26798806422522103,-0.28712861198947265,0.28712861198947265,0.8052024255144314,0.9663772342301596
case_85,85,theta,sigma_max_principal,0.95,9.9049989,20018,380342,0.38083683565686943,0.342260925825512,0.03857590983135745,0.22581879258741316,0.22581879258741316,0.4362508864325686,0.3389960132576282
case_85,85,theta_sin,sigma_max_principal,0.95,9.9049989,20018,380342,0.3643348253042096,0.3324211336869309,0.031913691617278694,0.2030720685937728,0.2030720685937728,0.42254446280812485,0.33254041103857235
case_86,86,rho_normalized,sigma_max_principal,0.95,7.600986799999998,20018,380342,0.489599522518469,0.624370095334954,-0.13477057281648502,-0.9467620036159573,0.9467620036159573,0.4796696016454758,0.6367221416520088
case_86,86,distance_to_outer_proxy,sigma_max_principal,0.95,7.600986799999998,20018,380342,47.25698744912555,34.77884224925053,12.478145199875023,0.9467620036159559,0.9467620036159559,48.1763795084381,33.63519030625797
case_86,86,distance_to_inner_proxy,sigma_max_principal,0.95,7.600986799999998,20018,380342,45.33106748825559,57.80921268813061,-12.478145199875016,-0.9467620036159553,0.9467620036159553,44.41167542894304,58.95286463112318
case_86,86,rho,sigma_max_principal,0.95,7.600986799999998,20018,380342,175.32621402631915,187.8043592261941,-12.478145199874945,-0.9467620036159499,0.9467620036159499,174.40682196700658,188.9480111691867
case_86,86,temperature,sigma_max_principal,0.95,7.600986799999998,20018,380342,397.6886309675292,384.7381693039739,12.950461663555302,0.8728013904078193,0.8728013904078193,400.231842,383.890656
case_86,86,fluence_rate,sigma_max_principal,0.95,7.600986799999998,20018,380342,3.483600975072435,3.2940345369404382,0.18956643813199658,0.7080478300422499,0.7080478300422499,3.4626255,3.229064
case_86,86,theta_cos,sigma_max_principal,0.95,7.600986799999998,20018,380342,0.9040282045732679,0.9334432227711867,-0.029415018197918807,-0.4468718464278835,0.4468718464278835,0.9032045575375259,0.9433623053575866
case_86,86,theta,sigma_max_principal,0.95,7.600986799999998,20018,380342,0.39362448762937213,0.3417301054541434,0.05189438217522874,0.29677703535579886,0.29677703535579886,0.443618322687495,0.3381732029309682
case_86,86,theta_sin,sigma_max_principal,0.95,7.600986799999998,20018,380342,0.3754785494764573,0.3319635785905796,0.04351497088587769,0.2709931109005635,0.2709931109005635,0.4292103531402503,0.3317643151844806
case_86,86,z,sigma_max_principal,0.95,7.600986799999998,20018,380342,512.660802668948,439.10740477109283,73.55339789785518,0.267825634844721,0.267825634844721,543.589294,435.7907255
case_86,86,param_field_magnitude_scaled,sigma_max_principal,0.95,7.600986799999998,20018,380342,1.0327089371113456,1.2166868994175435,-0.1839779623061979,-0.18782666070493675,0.18782666070493675,1.0507827359777908,0.8528311911307319
case_86,86,weight_loss_rate,sigma_max_principal,0.95,7.600986799999998,20018,380342,0.34483303621740435,0.34289359671295827,0.0019394395044460833,0.06830570969453031,0.06830570969453031,0.34298799999999996,0.336655
case_87,87,param_field_magnitude_scaled,sigma_max_principal,0.95,10.772640149999999,20018,380342,2.3204882928531005,1.156257473464064,1.1642308193890365,0.7957474073325951,0.7957474073325951,1.9498302245851633,0.783948807902231
case_87,87,fluence_rate,sigma_max_principal,0.95,10.772640149999999,20018,380342,3.8380375980117893,4.091542429989323,-0.2535048319775335,-0.6769120043611511,0.6769120043611511,4.079194,4.057192
case_87,87,temperature,sigma_max_principal,0.95,10.772640149999999,20018,380342,424.99707004855634,435.44155483107306,-10.444484782516724,-0.6154537871264824,0.6154537871264824,430.194519,436.668915
case_87,87,rho,sigma_max_principal,0.95,10.772640149999999,20018,380342,195.44833316075986,187.558618684702,7.889714476057861,0.42043425656100714,0.42043425656100714,185.78210678965377,189.0086851640856
case_87,87,distance_to_outer_proxy,sigma_max_principal,0.95,10.772640149999999,20018,380342,28.368911403519103,36.25862587957695,-7.8897144760578435,-0.4204342565610062,0.4204342565610062,38.035137774625184,34.808559400193374
case_87,87,rho_normalized,sigma_max_principal,0.95,10.772640149999999,20018,380342,0.6965819879621775,0.6121980139766778,0.08438397398549968,0.42043425656100614,0.42043425656100614,0.593197436200182,0.6277071141405519
case_87,87,distance_to_inner_proxy,sigma_max_principal,0.95,10.772640149999999,20018,380342,65.1288714505284,57.23915697447055,7.88971447605784,0.4204342565610059,0.4204342565610059,55.462645079422316,58.689223453854126
case_87,87,z,sigma_max_principal,0.95,10.772640149999999,20018,380342,518.580038312319,440.3419501241278,78.23808818819117,0.2987598450147857,0.2987598450147857,535.344482,437.133606
case_87,87,weight_loss_rate,sigma_max_principal,0.95,10.772640149999999,20018,380342,0.35532617414327106,0.3627953330371087,-0.007469158893837646,-0.15530269332462876,0.15530269332462876,0.339668,0.350408
case_87,87,theta_cos,sigma_max_principal,0.95,10.772640149999999,20018,380342,0.9266879750631448,0.9324361594274909,-0.005748184364346098,-0.09230156904867326,0.09230156904867326,0.9559109517332898,0.9416612463024658
case_87,87,theta_sin,sigma_max_principal,0.95,10.772640149999999,20018,380342,0.3238032774530744,0.33431695520984767,-0.010513677756773254,-0.06826412126706667,0.06826412126706667,0.29365669131869643,0.33656217436319824
case_87,87,theta,sigma_max_principal,0.95,10.772640149999999,20018,380342,0.336745956778118,0.3443133430741672,-0.0075673862960491944,-0.045228161814487675,0.045228161814487675,0.29804994925067685,0.3432636951041489
case_88,88,rho_normalized,sigma_max_principal,0.95,10.5249315,20018,380342,0.5157474359697509,0.620845674263155,-0.10509823829340403,-0.7395250157483123,0.7395250157483123,0.5398935173459752,0.6349680944255298
case_88,88,distance_to_inner_proxy,sigma_max_principal,0.95,10.5249315,20018,380342,48.02359999356671,57.80977711016417,-9.786177116597457,-0.7395250157483119,0.7395250157483119,50.27195194367107,59.12478017080713
case_88,88,distance_to_outer_proxy,sigma_max_principal,0.95,10.5249315,20018,380342,45.09096858062073,35.30479146402329,9.786177116597443,0.7395250157483109,0.7395250157483109,42.842616630516375,33.98978840338032
case_88,88,rho,sigma_max_principal,0.95,10.5249315,20018,380342,178.12547955489495,187.91165667149232,-9.786177116597372,-0.7395250157483054,0.7395250157483054,180.3738315049993,189.22665973213535
case_88,88,fluence_rate,sigma_max_principal,0.95,10.5249315,20018,380342,3.587525730592467,3.422977586059389,0.16454814453307787,0.5240264292490352,0.5240264292490352,3.569336,3.345633
case_88,88,theta_cos,sigma_max_principal,0.95,10.5249315,20018,380342,0.9119494683174456,0.9331279814392196,-0.02117851312177399,-0.33540204827978026,0.33540204827978026,0.9079823653861079,0.9430794725903636
case_88,88,z,sigma_max_principal,0.95,10.5249315,20018,380342,526.0787808144669,439.0450749181711,87.03370589629577,0.2996847116253935,0.2996847116253935,577.764038,436.352875
case_88,88,temperature,sigma_max_principal,0.95,10.5249315,20018,380342,409.07389369807174,405.54960405264734,3.5242896454244033,0.27793253860483075,0.27793253860483075,410.205078,405.102478
case_88,88,param_field_magnitude_scaled,sigma_max_principal,0.95,10.5249315,20018,380342,1.0917832092112014,1.2931536307372415,-0.20137042152604012,-0.2130230270744806,0.2130230270744806,0.9158438179743755,0.9705151561375006
case_88,88,theta,sigma_max_principal,0.95,10.5249315,20018,380342,0.3766688639625027,0.3423870206577923,0.0342818433047104,0.20166257726688383,0.20166257726688383,0.4323529319372512,0.3390246833673965
case_88,88,theta_sin,sigma_max_principal,0.95,10.5249315,20018,380342,0.36063573328133,0.33253288090116845,0.028102852380161525,0.179520911100614,0.179520911100614,0.41900838084534986,0.3325674493672922
case_88,88,weight_loss_rate,sigma_max_principal,0.95,10.5249315,20018,380342,0.37307187686082527,0.3648356865163459,0.008236190344479366,0.17070901797414018,0.17070901797414018,0.367105,0.353107
case_89,89,temperature,sigma_max_principal,0.95,9.501103399999998,20018,380342,389.9608017630632,382.8415538195283,7.119247943534901,0.4598891756047983,0.4598891756047983,389.976746,382.44670099999996
case_89,89,rho,sigma_max_principal,0.95,9.501103399999998,20018,380342,181.58448228344537,187.84194700711586,-6.257464723670495,-0.3823618457347222,0.3823618457347222,178.39858344603658,189.1441676956107
case_89,89,distance_to_inner_proxy,sigma_max_principal,0.95,9.501103399999998,20018,380342,51.40649865894793,57.66396338261842,-6.257464723670488,-0.3823618457347218,0.3823618457347218,48.22059982153914,58.96618407111326
case_89,89,distance_to_outer_proxy,sigma_max_principal,0.95,9.501103399999998,20018,380342,41.61367973124799,35.356215007577504,6.257464723670488,0.3823618457347218,0.3823618457347218,44.799578568656784,34.05399431908266
case_89,89,rho_normalized,sigma_max_principal,0.95,9.501103399999998,20018,380342,0.5526381431275135,0.6199081143527031,-0.06726997122518963,-0.38236184573472165,0.38236184573472165,0.5183885975714433,0.633907449884316
case_89,89,theta_cos,sigma_max_principal,0.95,9.501103399999998,20018,380342,0.9132009873221535,0.9330532522300654,-0.01985226490791192,-0.3086287013360256,0.3086287013360256,0.9151515233574077,0.94289428902062
case_89,89,z,sigma_max_principal,0.95,9.501103399999998,20018,380342,505.2566056321811,440.3598242832029,64.89678134897821,0.23505413184981905,0.23505413184981905,528.993469,436.556366
case_89,89,fluence_rate,sigma_max_principal,0.95,9.501103399999998,20018,380342,3.863621723998402,3.7987153242739424,0.06490639972445944,0.2082058631399034,0.2082058631399034,3.9396845000000003,3.751155
case_89,89,theta,sigma_max_principal,0.95,9.501103399999998,20018,380342,0.37086690190500377,0.3427148031742215,0.028152098730782282,0.16308758348439273,0.16308758348439273,0.4149126804683687,0.3395810745699167
case_89,89,param_field_magnitude_scaled,sigma_max_principal,0.95,9.501103399999998,20018,380342,1.1004143264354473,1.240837157369292,-0.14042283093384467,-0.143527302446962,0.143527302446962,0.9164456993628474,0.8738527405975828
case_89,89,theta_sin,sigma_max_principal,0.95,9.501103399999998,20018,380342,0.3549049548436661,0.33285494883471295,0.022050006008953127,0.13882967549454256,0.13882967549454256,0.4031100213182325,0.3330921189850065
case_89,89,weight_loss_rate,sigma_max_principal,0.95,9.501103399999998,20018,380342,0.32793397287441306,0.3287983412060725,-0.0008643683316594264,-0.022641175163819263,0.022641175163819263,0.328079,0.318511
case_90,90,temperature,sigma_max_principal,0.95,8.592505999999998,20018,380342,394.13158215625936,382.23304501654826,11.898537139711095,0.8131490708493126,0.8131490708493126,393.082153,381.046814
case_90,90,rho,sigma_max_principal,0.95,8.592505999999998,20018,380342,178.6427562110649,187.74694353121086,-9.104187320145968,-0.5877392009564273,0.5877392009564273,174.91173697873433,188.95250595972334
case_90,90,distance_to_inner_proxy,sigma_max_principal,0.95,8.592505999999998,20018,380342,48.59554658103121,57.699733901177154,-9.104187320145947,-0.587739200956426,0.587739200956426,44.86452734870065,58.90529632968966
case_90,90,distance_to_outer_proxy,sigma_max_principal,0.95,8.592505999999998,20018,380342,44.2456842884341,35.14149696828815,9.104187320145947,0.587739200956426,0.587739200956426,47.97670352076466,33.935934539775644
case_90,90,rho_normalized,sigma_max_principal,0.95,8.592505999999998,20018,380342,0.5234263497578624,0.6214882478486624,-0.09806189809080001,-0.5877392009564256,0.5877392009564256,0.48323925618543484,0.6344734529910581
case_90,90,fluence_rate,sigma_max_principal,0.95,8.592505999999998,20018,380342,3.5570902070136876,3.3918093341992215,0.16528087281446613,0.5416187911585635,0.5416187911585635,3.573222,3.32595
case_90,90,theta_cos,sigma_max_principal,0.95,8.592505999999998,20018,380342,0.9092079446611101,0.9332267889494743,-0.024018844288364205,-0.36913386904112555,0.36913386904112555,0.9067125073047071,0.9430659934866505
case_90,90,weight_loss_rate,sigma_max_principal,0.95,8.592505999999998,20018,380342,0.4492321632031172,0.4629740576980717,-0.013741894494954499,-0.3104796847833567,0.3104796847833567,0.458289,0.462737
case_90,90,z,sigma_max_principal,0.95,8.592505999999998,20018,380342,509.05620235687877,439.7271467858848,69.32905557099394,0.25532183675514686,0.25532183675514686,528.537598,436.163025
case_90,90,theta,sigma_max_principal,0.95,8.592505999999998,20018,380342,0.381015360458435,0.34226570343009455,0.038749657028340434,0.22330492613261957,0.22330492613261957,0.4353736777316327,0.3390652114739464
case_90,90,theta_sin,sigma_max_principal,0.95,8.592505999999998,20018,380342,0.364107689855375,0.33244714394864905,0.031660545906725956,0.1985240305103792,0.1985240305103792,0.4217492490772208,0.33260567031944405
case_90,90,param_field_magnitude_scaled,sigma_max_principal,0.95,8.592505999999998,20018,380342,1.1256349075276812,1.2683753088227112,-0.14274040129502996,-0.14204951109049357,0.14204951109049357,1.0079387042985544,0.8702362635958685
case_91,91,distance_to_outer_proxy,sigma_max_principal,0.95,10.791361599999998,20018,380342,42.704713891450865,35.45802364622251,7.246690245228358,0.4800136153617521,0.4800136153617521,42.79064188665848,34.11901607326955
case_91,91,distance_to_inner_proxy,sigma_max_principal,0.95,10.791361599999998,20018,380342,50.488022931578826,57.73471317680717,-7.2466902452283435,-0.48001361536175113,0.48001361536175113,50.40209493637121,59.07372074976014
case_91,91,rho_normalized,sigma_max_principal,0.95,10.791361599999998,20018,380342,0.5417592041261126,0.6195194512469755,-0.07776024712086294,-0.4800136153617503,0.4800136153617503,0.540837158072558,0.6338876050173248
case_91,91,rho,sigma_max_principal,0.95,10.791361599999998,20018,380342,180.58290488783402,187.82959513306233,-7.246690245228308,-0.48001361536174875,0.48001361536174875,180.4969768926264,189.16860270601535
case_91,91,fluence_rate,sigma_max_principal,0.95,10.791361599999998,20018,380342,3.587952094764712,3.448242764582928,0.139709330181784,0.42755555825017555,0.42755555825017555,3.594424,3.3731275
case_91,91,temperature,sigma_max_principal,0.95,10.791361599999998,20018,380342,427.06823651153957,433.3797059238685,-6.311469412328961,-0.38041206808650246,0.38041206808650246,436.076843,434.393799
case_91,91,theta_cos,sigma_max_principal,0.95,10.791361599999998,20018,380342,0.9129912823922958,0.9330941858171753,-0.020102903424879526,-0.3162632064202772,0.3162632064202772,0.9106194608733392,0.9430134686305995
case_91,91,param_field_magnitude_scaled,sigma_max_principal,0.95,10.791361599999998,20018,380342,1.5600456462038215,1.141327724669261,0.41871792153456044,0.2888933046601191,0.2888933046601191,0.9516530432294943,0.7717158241618194
case_91,91,z,sigma_max_principal,0.95,10.791361599999998,20018,380342,505.4708039048856,440.1576286270909,65.3131752777947,0.22968791890052712,0.22968791890052712,544.21698,436.367157
case_91,91,theta,sigma_max_principal,0.95,10.791361599999998,20018,380342,0.37249973424901733,0.34256581841488015,0.02993391583413718,0.17463922642495808,0.17463922642495808,0.4260157193449594,0.339223095437603
case_91,91,theta_sin,sigma_max_principal,0.95,10.791361599999998,20018,380342,0.3566076498077876,0.33270953895484956,0.023898110852938026,0.15138917031822022,0.15138917031822022,0.4132459285541368,0.3327545611701533
case_91,91,weight_loss_rate,sigma_max_principal,0.95,10.791361599999998,20018,380342,0.3409542490758317,0.3452926241593092,-0.004338375083477508,-0.11223805931217222,0.11223805931217222,0.33702449999999995,0.336516
case_92,92,rho,sigma_max_principal,0.95,8.626925249999998,20018,380342,178.67634315593412,187.64398203752498,-8.967638881590858,-0.6147299793494526,0.6147299793494526,179.2324235211708,188.91675738632944
case_92,92,distance_to_inner_proxy,sigma_max_principal,0.95,8.626925249999998,20018,380342,48.665548766023,57.63318764761382,-8.967638881590823,-0.6147299793494501,0.6147299793494501,49.22162913125969,58.90596299641834
case_92,92,distance_to_outer_proxy,sigma_max_principal,0.95,8.626925249999998,20018,380342,44.072875129418655,35.10523624782783,8.967638881590823,0.6147299793494501,0.6147299793494501,43.51679476418197,33.83246089902332
case_92,92,rho_normalized,sigma_max_principal,0.95,8.626925249999998,20018,380342,0.5247614389143727,0.621459641287333,-0.09669820237296034,-0.6147299793494485,0.6147299793494485,0.530757662937585,0.6351839994912154
case_92,92,fluence_rate,sigma_max_principal,0.95,8.626925249999998,20018,380342,3.4520063367968827,3.307934174290507,0.1440721625063759,0.5250776747007152,0.5250776747007152,3.450134,3.24225
case_92,92,theta_cos,sigma_max_principal,0.95,8.626925249999998,20018,380342,0.9107348359315321,0.9331568844171402,-0.022422048485608026,-0.35134802078084904,0.35134802078084904,0.9062270334903773,0.9430870646156134
case_92,92,temperature,sigma_max_principal,0.95,8.626925249999998,20018,380342,435.8052399089319,440.9513362209143,-5.146096311982376,-0.32422635516464776,0.32422635516464776,443.689911,442.654388
case_92,92,z,sigma_max_principal,0.95,8.626925249999998,20018,380342,498.59772378549303,439.84738194574345,58.75034183974958,0.2127733985188399,0.2127733985188399,523.933411,435.78672800000004
case_92,92,theta,sigma_max_principal,0.95,8.626925249999998,20018,380342,0.37782923503679966,0.3424209767147372,0.03540825832206246,0.20544888727947463,0.20544888727947463,0.43652335303550105,0.3390018541006599
case_92,92,theta_sin,sigma_max_principal,0.95,8.626925249999998,20018,380342,0.3614201535836515,0.33257917233221257,0.028840981251438913,0.18167456713901295,0.18167456713901295,0.42279139510074093,0.3325459194677961
case_92,92,param_field_magnitude_scaled,sigma_max_principal,0.95,8.626925249999998,20018,380342,1.3650624852280628,1.1344258083732959,0.23063667685476696,0.16282477453190894,0.16282477453190894,0.8124580721088317,0.7301244226943113
case_92,92,weight_loss_rate,sigma_max_principal,0.95,8.626925249999998,20018,380342,0.35665958447397345,0.3573453707820856,-0.0006857863081121685,-0.016030172604119555,0.016030172604119555,0.352813,0.346615
case_93,93,rho,sigma_max_principal,0.95,9.250488349999994,20018,380342,177.04981623063873,187.9188047295775,-10.868988498938762,-0.821504093098925,0.821504093098925,179.04485162060996,189.17235643759707
case_93,93,distance_to_outer_proxy,sigma_max_principal,0.95,9.250488349999994,20018,380342,45.91262432696504,35.043635828026325,10.868988498938712,0.8215040930989211,0.8215040930989211,43.917588936993795,33.790084120006696
case_93,93,distance_to_inner_proxy,sigma_max_principal,0.95,9.250488349999994,20018,380342,46.92998675779936,57.79897525673806,-10.868988498938698,-0.8215040930989203,0.8215040930989203,48.925022147770605,59.0525269647577
case_93,93,rho_normalized,sigma_max_principal,0.95,9.250488349999994,20018,380342,0.5054789628326238,0.6225479290319417,-0.11706896619931784,-0.8215040930989198,0.8215040930989198,0.526967322182511,0.6360498296503458
case_93,93,temperature,sigma_max_principal,0.95,9.250488349999994,20018,380342,396.42342035997603,385.56897794244645,10.854442417529583,0.7256455200950435,0.7256455200950435,392.713745,384.436554
case_93,93,weight_loss_rate,sigma_max_principal,0.95,9.250488349999994,20018,380342,0.40445370601458686,0.3808455691798434,0.023608136834743443,0.5818441131076112,0.5818441131076112,0.402794,0.370109
case_93,93,fluence_rate,sigma_max_principal,0.95,9.250488349999994,20018,380342,3.5848543461884304,3.409070264304232,0.17578408188419825,0.576344772115201,0.576344772115201,3.56692,3.3360905
case_93,93,theta_cos,sigma_max_principal,0.95,9.250488349999994,20018,380342,0.9079207575302245,0.9333028882735999,-0.025382130743375364,-0.3909968446278091,0.3909968446278091,0.9055847332958393,0.9431187496601954
case_93,93,z,sigma_max_principal,0.95,9.250488349999994,20018,380342,514.9101137112099,439.5076809774546,75.40243273375529,0.26517135633915945,0.26517135633915945,548.266296,440.36276250000003
case_93,93,param_field_magnitude_scaled,sigma_max_principal,0.95,9.250488349999994,20018,380342,1.0634107313455916,1.3117643061088602,-0.24835357476326858,-0.2575246332289914,0.2575246332289914,0.7946279531740282,0.9972631314237834
case_93,93,theta,sigma_max_principal,0.95,9.250488349999994,20018,380342,0.38469359338444464,0.3420454146122639,0.042648178772180745,0.24613935337997625,0.24613935337997625,0.43804007754753715,0.338906561015206
case_93,93,theta_sin,sigma_max_principal,0.95,9.250488349999994,20018,380342,0.36753042077087955,0.3322418895099252,0.035288531260954326,0.22155929105729794,0.22155929105729794,0.42416540502228306,0.33245604828176695
case_94,94,distance_to_inner_proxy,sigma_max_principal,0.95,7.718307899999998,20018,380342,45.527875172666704,57.81273157126844,-12.28485639860174,-0.9280923105316911,0.9280923105316911,45.942969875567144,58.96299725240824
case_94,94,distance_to_outer_proxy,sigma_max_principal,0.95,7.718307899999998,20018,380342,47.06679275739072,34.78193635878898,12.28485639860174,0.9280923105316911,0.9280923105316911,46.65169805449028,33.63167067764918
case_94,94,rho_normalized,sigma_max_principal,0.95,7.718307899999998,20018,380342,0.49169003129917555,0.6243635067079459,-0.1326734754087704,-0.9280923105316906,0.9280923105316906,0.49617295361187275,0.6367860976287176
case_94,94,rho,sigma_max_principal,0.95,7.718307899999998,20018,380342,175.57968761936982,187.86454401797155,-12.284856398601733,-0.9280923105316905,0.9280923105316905,175.99478232227025,189.01480969911137
case_94,94,temperature,sigma_max_principal,0.95,7.718307899999998,20018,380342,394.29419206404236,382.0089315959584,12.285260468083948,0.8338200895369546,0.8338200895369546,391.680267,380.884827
case_94,94,fluence_rate,sigma_max_principal,0.95,7.718307899999998,20018,380342,3.52342918583275,3.3360231897765695,0.1874059960561807,0.6850924143039243,0.6850924143039243,3.503687,3.273265
case_94,94,theta_cos,sigma_max_principal,0.95,7.718307899999998,20018,380342,0.9036959164660496,0.9334561576135812,-0.02976024114753162,-0.44892654572558655,0.44892654572558655,0.903196233314162,0.9432956793285605
case_94,94,theta,sigma_max_principal,0.95,7.718307899999998,20018,380342,0.39380258814445157,0.3417393990284756,0.05206318911597596,0.29638901555490554,0.29638901555490554,0.44363771656684514,0.338373968925611
case_94,94,weight_loss_rate,sigma_max_principal,0.95,7.718307899999998,20018,380342,0.2994052979318613,0.2917720443653343,0.0076332535665269985,0.27262180186082347,0.27262180186082347,0.29132,0.285659
case_94,94,theta_sin,sigma_max_principal,0.95,7.718307899999998,20018,380342,0.37550780623537544,0.3319800176552997,0.04352778858007572,0.269975531199728,0.269975531199728,0.4292278696998903,0.331953703559849
case_94,94,z,sigma_max_principal,0.95,7.718307899999998,20018,380342,510.2525230326207,439.2824623136809,70.97006071893975,0.25699028678745706,0.25699028678745706,543.655518,435.843475
case_94,94,param_field_magnitude_scaled,sigma_max_principal,0.95,7.718307899999998,20018,380342,1.2008629842148746,1.2687947327177205,-0.06793174850284589,-0.0632958729578695,0.0632958729578695,1.0007095563022461,0.9244771168233793
case_95,95,param_field_magnitude_scaled,sigma_max_principal,0.95,10.77805555,20018,380342,2.3988168222076,1.1263846034971208,1.272432218710479,0.858327015157376,0.858327015157376,2.0431369825748926,0.7404346059686129
case_95,95,fluence_rate,sigma_max_principal,0.95,10.77805555,20018,380342,3.83623630912179,4.131760250479831,-0.2955239413580415,-0.7754604583119453,0.7754604583119453,4.065878,4.099432
case_95,95,temperature,sigma_max_principal,0.95,10.77805555,20018,380342,431.63892690873206,441.6049241966363,-9.965997287904258,-0.5683727253707652,0.5683727253707652,438.946777,442.85611
case_95,95,rho_normalized,sigma_max_principal,0.95,10.77805555,20018,380342,0.7117440993815722,0.6119278428165408,0.09981625656503146,0.49430707394586115,0.49430707394586115,0.6086236412012467,0.6274502600449301
case_95,95,distance_to_inner_proxy,sigma_max_principal,0.95,10.77805555,20018,380342,66.51533466883099,57.187106002682874,9.328228666148114,0.4943070739458604,0.4943070739458604,56.87831513747507,58.6377380173531
case_95,95,distance_to_outer_proxy,sigma_max_principal,0.95,10.77805555,20018,380342,26.93866758650985,36.266896252657965,-9.328228666148114,-0.4943070739458604,0.4943070739458604,36.57568711786577,34.81626423798774
case_95,95,rho,sigma_max_principal,0.95,10.77805555,20018,380342,196.87410383796933,187.54587517182128,9.32822866614805,0.494307073945857,0.494307073945857,187.23708430661344,188.99650718649144
case_95,95,weight_loss_rate,sigma_max_principal,0.95,10.77805555,20018,380342,0.3428142717054651,0.35920277772373277,-0.01638850601826769,-0.37417545306722816,0.37417545306722816,0.332369,0.347424
case_95,95,z,sigma_max_principal,0.95,10.77805555,20018,380342,521.6662155575981,440.31415982467877,81.35205573291933,0.3148586503738373,0.3148586503738373,535.500122,437.255905
case_95,95,theta_cos,sigma_max_principal,0.95,10.77805555,20018,380342,0.9270261589261908,0.932411589984866,-0.005385431058675172,-0.08665898698496499,0.08665898698496499,0.9552879553643076,0.9414763755284672
case_95,95,theta_sin,sigma_max_principal,0.95,10.77805555,20018,380342,0.32338812027547037,0.33435663616815947,-0.010968515892689101,-0.0714483860509108,0.0714483860509108,0.29567705750644935,0.3370789734198225
case_95,95,theta,sigma_max_principal,0.95,10.77805555,20018,380342,0.33624161417531256,0.34435913140033414,-0.008117517225021575,-0.04866715928004495,0.04866715928004495,0.30016418804359024,0.3438125652851295
case_96,96,distance_to_inner_proxy,sigma_max_principal,0.95,7.780730149999999,20018,380342,49.71857212809345,57.57574527180674,-7.85717314371329,-0.5036075140032428,0.5036075140032428,47.675569866023494,58.8309841919575
case_96,96,distance_to_outer_proxy,sigma_max_principal,0.95,7.780730149999999,20018,380342,42.92606437677554,35.06889123306227,7.8571731437132755,0.5036075140032419,0.5036075140032419,44.969066638845504,33.8136523129115
case_96,96,rho_normalized,sigma_max_principal,0.95,7.780730149999999,20018,380342,0.5366589368126072,0.6214687373594563,-0.08480980054684906,-0.5036075140032417,0.5036075140032417,0.5146069072602802,0.6350177021728138
case_96,96,rho,sigma_max_principal,0.95,7.780730149999999,20018,380342,179.7848265871811,187.64199973089433,-7.857173143713226,-0.5036075140032387,0.5036075140032387,177.74182432511117,188.89723865104517
case_96,96,temperature,sigma_max_principal,0.95,7.780730149999999,20018,380342,393.7899531701469,385.68328548988023,8.10666768026664,0.4666787810621118,0.4666787810621118,393.3598325,384.0855255
case_96,96,fluence_rate,sigma_max_principal,0.95,7.780730149999999,20018,380342,3.6984544116794886,3.6026009485016117,0.09585346317787691,0.3716278188239225,0.3716278188239225,3.734768,3.562064
case_96,96,theta_cos,sigma_max_principal,0.95,7.780730149999999,20018,380342,0.91126372023408,0.9330987080829891,-0.021834987848909138,-0.3360759136820745,0.3360759136820745,0.9093766954006006,0.9429743440181517
case_96,96,z,sigma_max_principal,0.95,7.780730149999999,20018,380342,504.3812771035069,439.7134214930063,64.66785561050057,0.23529295930031383,0.23529295930031383,528.2915955,435.938736
case_96,96,theta,sigma_max_principal,0.95,7.780730149999999,20018,380342,0.37503250524895676,0.3426267003953691,0.03240580485358768,0.1863044522929727,0.1863044522929727,0.42901314350221864,0.3393406538476481
case_96,96,theta_sin,sigma_max_principal,0.95,7.780730149999999,20018,380342,0.3585622237329337,0.3327805009263969,0.025781722806536844,0.16117465717969348,0.16117465717969348,0.4159735793381011,0.3328654180348808
case_96,96,param_field_magnitude_scaled,sigma_max_principal,0.95,7.780730149999999,20018,380342,1.2066382227080554,1.2669746276720117,-0.060336404963956314,-0.06195745639180063,0.06195745639180063,1.042694382053048,0.9280738985526596
case_96,96,weight_loss_rate,sigma_max_principal,0.95,7.780730149999999,20018,380342,0.3270421464681786,0.3272074072913325,-0.0001652608231539343,-0.00449849749874515,0.00449849749874515,0.324331,0.317903
case_97,97,rho_normalized,sigma_max_principal,0.95,9.876257950000001,20018,380342,0.5064371961195809,0.6219832822263537,-0.11554608610677275,-0.8120859367350173,0.8120859367350173,0.5165770464788738,0.635452734633881
case_97,97,rho,sigma_max_principal,0.95,9.876257950000001,20018,380342,177.19113918319988,187.93206662258345,-10.740927439383569,-0.812085936735017,0.812085936735017,178.13371889857623,189.1841593228398
case_97,97,distance_to_outer_proxy,sigma_max_principal,0.95,9.876257950000001,20018,380342,45.88058706168109,35.139659622297536,10.740927439383555,0.8120859367350158,0.8120859367350158,44.938007346304744,33.887566922041174
case_97,97,distance_to_inner_proxy,sigma_max_principal,0.95,9.876257950000001,20018,380342,47.077364187815995,57.81829162719954,-10.740927439383547,-0.8120859367350154,0.8120859367350154,48.01994390319234,59.07038432745591
case_97,97,temperature,sigma_max_principal,0.95,9.876257950000001,20018,380342,394.2611594204216,384.5735666045033,9.687592815918322,0.7038199650128345,0.7038199650128345,391.83078,384.178833
case_97,97,fluence_rate,sigma_max_principal,0.95,9.876257950000001,20018,380342,3.5747017580177842,3.3862039212708557,0.18849783674692855,0.6014025598763351,0.6014025598763351,3.5601945,3.308323
case_97,97,theta_cos,sigma_max_principal,0.95,9.876257950000001,20018,380342,0.9104887317259526,0.9331629868132822,-0.022674255087329676,-0.3566570638527769,0.3566570638527769,0.9066768215755363,0.9430946987020499
case_97,97,param_field_magnitude_scaled,sigma_max_principal,0.95,9.876257950000001,20018,380342,0.9993128891132322,1.3108910354286196,-0.3115781463153874,-0.34133083935137853,0.34133083935137853,0.8214624620306927,1.007611485879938
case_97,97,weight_loss_rate,sigma_max_principal,0.95,9.876257950000001,20018,380342,0.37930800384653807,0.36268746705596544,0.016620536790572626,0.33991981602476723,0.33991981602476723,0.377674,0.350748
case_97,97,z,sigma_max_principal,0.95,9.876257950000001,20018,380342,532.3292046590069,438.66110081033116,93.66810384867574,0.32927600236902865,0.32927600236902865,577.744141,436.305252
case_97,97,theta,sigma_max_principal,0.95,9.876257950000001,20018,380342,0.3804529320777099,0.34228209760157524,0.038170834476134674,0.2241735896677816,0.2241735896677816,0.435458283652263,0.3389788968652774
case_97,97,theta_sin,sigma_max_principal,0.95,9.876257950000001,20018,380342,0.3640561095922387,0.3324372300685101,0.031618879523728605,0.20183204504676897,0.20183204504676897,0.42182596081383894,0.33252426870844065
case_98,98,rho,sigma_max_principal,0.95,10.4567118,20018,380342,179.27600721279384,187.85992401996447,-8.583916807170624,-0.5987182528563442,0.5987182528563442,180.20331526808457,189.1738436007062
case_98,98,rho_normalized,sigma_max_principal,0.95,10.4567118,20018,380342,0.5281473162084636,0.6203217973876756,-0.09217448117921201,-0.5987182528563397,0.5987182528563397,0.5381047914275064,0.6344307243946237
case_98,98,distance_to_inner_proxy,sigma_max_principal,0.95,10.4567118,20018,380342,49.184682856520446,57.768599663691006,-8.58391680717056,-0.5987182528563397,0.5987182528563397,50.11199091181116,59.0825192444328
case_98,98,distance_to_outer_proxy,sigma_max_principal,0.95,10.4567118,20018,380342,43.94214245732227,35.35822565015173,8.583916807170539,0.5987182528563382,0.5987182528563382,43.01483440203155,34.04430606940991
case_98,98,fluence_rate,sigma_max_principal,0.95,10.4567118,20018,380342,3.543754528574283,3.3927037821092587,0.15105074646502414,0.47506938202460774,0.47506938202460774,3.542404,3.315834
case_98,98,theta_cos,sigma_max_principal,0.95,10.4567118,20018,380342,0.912457006933621,0.9331172787817508,-0.020660271848129796,-0.3263204051439107,0.3263204051439107,0.9076071906253027,0.9430691543084615
case_98,98,weight_loss_rate,sigma_max_principal,0.95,10.4567118,20018,380342,0.37332218303526826,0.359342502894763,0.013979680140505268,0.2893466297192385,0.2893466297192385,0.369962,0.346458
case_98,98,z,sigma_max_principal,0.95,10.4567118,20018,380342,512.2539875792286,439.68467067977775,72.56931689945083,0.2562906893916093,0.2562906893916093,544.106079,436.2700195
case_98,98,temperature,sigma_max_principal,0.95,10.4567118,20018,380342,423.0824746232391,427.1188771825357,-4.036402559296619,-0.2556619700700304,0.2556619700700304,430.427734,427.55423
case_98,98,param_field_magnitude_scaled,sigma_max_principal,0.95,10.4567118,20018,380342,1.5287852785267289,1.2202478566739725,0.30853742185275634,0.23313076878109626,0.23313076878109626,1.0239094809560392,0.8818943111599433
case_98,98,theta,sigma_max_principal,0.95,10.4567118,20018,380342,0.37431248975087655,0.34247894540980717,0.031833544341069386,0.18614125476189455,0.18614125476189455,0.4332474533356019,0.33905570813549923
case_98,98,theta_sin,sigma_max_principal,0.95,10.4567118,20018,380342,0.3583461806742953,0.33262525439589796,0.025720926278397338,0.16324944148240075,0.16324944148240075,0.4198204229484666,0.33259670802916086
case_99,99,distance_to_inner_proxy,sigma_max_principal,0.95,5.9631000499999995,20018,380342,46.55596537566484,57.70896053334286,-11.15299515767802,-0.8439429642479453,0.8439429642479453,47.698478342275166,58.90692116198497
case_99,99,distance_to_outer_proxy,sigma_max_principal,0.95,5.9631000499999995,20018,380342,45.93815214015439,34.78515698247637,11.15299515767802,0.8439429642479453,0.8439429642479453,44.79563917354406,33.58719635383426
case_99,99,rho_normalized,sigma_max_principal,0.95,5.9631000499999995,20018,380342,0.5033397433918151,0.6239203322684052,-0.12058058887659007,-0.8439429642479439,0.8439429642479439,0.5156920204586775,0.6368720816424909
case_99,99,rho,sigma_max_principal,0.95,5.9631000499999995,20018,380342,176.38052108866165,187.53351624633962,-11.152995157677964,-0.8439429642479408,0.8439429642479408,177.52303405527195,188.73147687498175
case_99,99,temperature,sigma_max_principal,0.95,5.9631000499999995,20018,380342,398.5012156364771,387.5578279812091,10.943387655268054,0.7621596673457709,0.7621596673457709,395.885162,386.584412
case_99,99,fluence_rate,sigma_max_principal,0.95,5.9631000499999995,20018,380342,3.350706748676191,3.1956845750429874,0.15502217363320359,0.6782729445274803,0.6782729445274803,3.317272,3.139487
case_99,99,theta_cos,sigma_max_principal,0.95,5.9631000499999995,20018,380342,0.90874587139415,0.9331572923282222,-0.024411420934072225,-0.37879392189618866,0.37879392189618866,0.9052057855512597,0.9430141892663219
case_99,99,weight_loss_rate,sigma_max_principal,0.95,5.9631000499999995,20018,380342,0.3809510335697872,0.3631064336465602,0.01784459992322701,0.367636905174762,0.367636905174762,0.377715,0.351631
case_99,99,z,sigma_max_principal,0.95,5.9631000499999995,20018,380342,531.5631126937257,437.597050769686,93.96606192403965,0.3361664830131358,0.3361664830131358,576.556641,435.322754
case_99,99,theta,sigma_max_principal,0.95,5.9631000499999995,20018,380342,0.3834778180602088,0.3423550637785593,0.04112275428164952,0.23878932467770736,0.23878932467770736,0.4389326234272545,0.33922092976597706
case_99,99,theta_sin,sigma_max_principal,0.95,5.9631000499999995,20018,380342,0.3665707793793196,0.3325147512268561,0.0340560281524635,0.21505850723534445,0.21505850723534445,0.42497351188488885,0.3327525189121512
case_99,99,param_field_magnitude_scaled,sigma_max_principal,0.95,5.9631000499999995,20018,380342,1.1285642658036878,1.3007767942447326,-0.17221252844104473,-0.18095420256292283,0.18095420256292283,1.0324393239108698,0.9973524326301655
case_100,100,rho_normalized,sigma_max_principal,0.95,10.016252149999998,20018,380342,0.5024418607827635,0.6222674432727804,-0.11982558249001685,-0.8438631031629109,0.8438631031629109,0.5111987095155995,0.635614956289203
case_100,100,distance_to_inner_proxy,sigma_max_principal,0.95,10.016252149999998,20018,380342,46.704639603934375,57.84306393189342,-11.138424327959044,-0.8438631031629107,0.8438631031629107,47.51863520433301,59.083786160072506
case_100,100,distance_to_outer_proxy,sigma_max_principal,0.95,10.016252149999998,20018,380342,46.25067174526799,35.11224741730896,11.13842432795903,0.8438631031629097,0.8438631031629097,45.43667614486935,33.871525189129855
case_100,100,rho,sigma_max_principal,0.95,10.016252149999998,20018,380342,176.81548712689008,187.95391145484908,-11.138424327959001,-0.8438631031629074,0.8438631031629074,177.62948272728872,189.1946336830282
case_100,100,temperature,sigma_max_principal,0.95,10.016252149999998,20018,380342,396.5229025580977,385.3964083558271,11.126494202270635,0.7652151008092329,0.7652151008092329,393.281952,385.252441
case_100,100,fluence_rate,sigma_max_principal,0.95,10.016252149999998,20018,380342,3.5966141287840943,3.4089268309521423,0.18768729783195193,0.6067518100597235,0.6067518100597235,3.579039,3.335326
case_100,100,theta_cos,sigma_max_principal,0.95,10.016252149999998,20018,380342,0.9089352206565804,0.9332426415517912,-0.024307420895210763,-0.37971389462816424,0.37971389462816424,0.9062241126497685,0.9431262967349214
case_100,100,param_field_magnitude_scaled,sigma_max_principal,0.95,10.016252149999998,20018,380342,0.9791087267142601,1.261154218207276,-0.28204549149301583,-0.2998326062086476,0.2998326062086476,0.7918775991474559,0.9174353099731635
case_100,100,z,sigma_max_principal,0.95,10.016252149999998,20018,380342,524.2664852048656,439.1461252745346,85.120359930331,0.2996007136996357,0.2996007136996357,563.8559875,436.363281
case_100,100,theta,sigma_max_principal,0.95,10.016252149999998,20018,380342,0.38381545605896367,0.34210986495978635,0.04170559109917732,0.24360871780961366,0.24360871780961366,0.43653026145165236,0.33888385931459564
case_100,100,theta_sin,sigma_max_principal,0.95,10.016252149999998,20018,380342,0.36701959898903824,0.33228553014414286,0.03473406884489538,0.22059710429466461,0.22059710429466461,0.422797655684089,0.3324346377966332
case_100,100,weight_loss_rate,sigma_max_principal,0.95,10.016252149999998,20018,380342,0.364251196273354,0.35755376662319704,0.006697429650156961,0.1576660660927832,0.1576660660927832,0.3614,0.346045
case_101,101,distance_to_inner_proxy,sigma_max_principal,0.95,10.39778605,20018,380342,47.41113911694149,57.82721081246723,-10.416071695525737,-0.785134208083372,0.785134208083372,49.78509238432338,59.10873492668212
case_101,101,rho_normalized,sigma_max_principal,0.95,10.39778605,20018,380342,0.5098662369107609,0.6218821761543021,-0.11201593924354114,-0.7851342080833718,0.7851342080833718,0.5353960731810204,0.6356638715489961
case_101,101,rho,sigma_max_principal,0.95,10.39778605,20018,380342,177.54128992146875,187.95736161699446,-10.416071695525716,-0.7851342080833703,0.7851342080833703,179.91524318885064,189.2388857312094
case_101,101,distance_to_outer_proxy,sigma_max_principal,0.95,10.39778605,20018,380342,45.5762675491712,35.16019585364549,10.416071695525709,0.7851342080833698,0.7851342080833698,43.20231428178931,33.87867173943057
case_101,101,temperature,sigma_max_principal,0.95,10.39778605,20018,380342,395.59385941637527,385.5147473243423,10.079112092032972,0.6675986017341181,0.6675986017341181,392.255219,384.225739
case_101,101,fluence_rate,sigma_max_principal,0.95,10.39778605,20018,380342,3.6362507000199815,3.4486174080353993,0.18763329198458223,0.596723138331695,0.596723138331695,3.622898,3.371445
case_101,101,theta_cos,sigma_max_principal,0.95,10.39778605,20018,380342,0.9105195554514048,0.9331686351955601,-0.02264907974415531,-0.3552313840689794,0.3552313840689794,0.9068872328458888,0.9430702624314826
case_101,101,z,sigma_max_principal,0.95,10.39778605,20018,380342,528.5744427147067,439.04994959399426,89.52449312071246,0.31131080354991847,0.31131080354991847,577.947632,436.480133
case_101,101,param_field_magnitude_scaled,sigma_max_principal,0.95,10.39778605,20018,380342,0.9817017087293862,1.2511692494444455,-0.2694675407150593,-0.2887438583113013,0.2887438583113013,0.8405428028782773,0.8942383343703113
case_101,101,theta,sigma_max_principal,0.95,10.39778605,20018,380342,0.3802249971545361,0.3422754867009698,0.037949510453566315,0.2226426210243006,0.2226426210243006,0.4349592053228757,0.3390523763880363
case_101,101,theta_sin,sigma_max_principal,0.95,10.39778605,20018,380342,0.3638085090593524,0.332433263101596,0.031375245957756426,0.20013571057375365,0.20013571057375365,0.42137340554538827,0.33259356595905865
case_101,101,weight_loss_rate,sigma_max_principal,0.95,10.39778605,20018,380342,0.3492322097612149,0.35558512892344246,-0.006352919162227577,-0.1386687208132109,0.1386687208132109,0.347686,0.346144
case_102,102,weight_loss_rate,sigma_max_principal,0.95,8.406160349999999,20018,380342,0.49961026795883706,0.6044567769218229,-0.10484650896298581,-1.4449581232529862,1.4449581232529862,0.494357,0.608363
case_102,102,param_field_magnitude_scaled,sigma_max_principal,0.95,8.406160349999999,20018,380342,3.5364735949567594,1.0672068798309888,2.4692667151257703,1.3225799696408078,1.3225799696408078,3.3953770209351704,0.6736024536824359
case_102,102,fluence_rate,sigma_max_principal,0.95,8.406160349999999,20018,380342,3.9215238926965728,4.399618264099153,-0.4780943714025798,-1.185628062061104,1.185628062061104,3.857114,4.381746
case_102,102,temperature,sigma_max_principal,0.95,8.406160349999999,20018,380342,373.1703479774203,389.20996759727825,-16.039619619857945,-0.7709675092434783,0.7709675092434783,359.884125,387.735382
case_102,102,distance_to_inner_proxy,sigma_max_principal,0.95,8.406160349999999,20018,380342,70.72587141719313,57.03955793819638,13.686313478996752,0.7261784175714536,0.7261784175714536,82.58853649407776,58.45595362242946
case_102,102,distance_to_outer_proxy,sigma_max_principal,0.95,8.406160349999999,20018,380342,22.934821083542886,36.62113456253964,-13.686313478996752,-0.7261784175714536,0.7261784175714536,11.072156006658261,35.20473887830656
case_102,102,rho,sigma_max_principal,0.95,8.406160349999999,20018,380342,201.27798910881828,187.59167562982154,13.686313478996738,0.7261784175714527,0.7261784175714527,213.14065418570294,189.00807131405463
case_102,102,rho_normalized,sigma_max_principal,0.95,8.406160349999999,20018,380342,0.7551286407223323,0.609002094851564,0.14612654587076834,0.7261784175714525,0.7261784175714525,0.8817843888291639,0.624124721499044
case_102,102,z,sigma_max_principal,0.95,8.406160349999999,20018,380342,496.62928090468574,442.36883202309514,54.260448881590605,0.2214239002423172,0.2214239002423172,510.9962765,437.979858
case_102,102,theta_sin,sigma_max_principal,0.95,8.406160349999999,20018,380342,0.316689811231634,0.3346420634900126,-0.017952252258378598,-0.11735390047830362,0.11735390047830362,0.2894926176235175,0.3380052010201068
case_102,102,theta,sigma_max_principal,0.95,8.406160349999999,20018,380342,0.3290873769660111,0.3446614909445869,-0.015574113978575832,-0.09362802425421217,0.09362802425421217,0.2936967149428523,0.3447965421067955
case_102,102,theta_cos,sigma_max_principal,0.95,8.406160349999999,20018,380342,0.9294989669869637,0.9323121966086819,-0.0028132296217182606,-0.045202083458956495,0.045202083458956495,0.9571802465267456,0.941144241910886
case_103,103,fluence_rate,sigma_max_principal,0.95,9.343619499999997,20018,380342,3.9948097864422025,4.357648930317977,-0.3628391438757741,-0.9092052267724563,0.9092052267724563,4.254928,4.340592
case_103,103,param_field_magnitude_scaled,sigma_max_principal,0.95,9.343619499999997,20018,380342,2.261275745493332,1.2763310978692812,0.9849446476240507,0.7707847794960704,0.7707847794960704,2.142466005354879,0.966931084487642
case_103,103,temperature,sigma_max_principal,0.95,9.343619499999997,20018,380342,379.89573281351784,390.8516859978099,-10.95595318429207,-0.5118001507046914,0.5118001507046914,384.993378,387.011139
case_103,103,distance_to_inner_proxy,sigma_max_principal,0.95,9.343619499999997,20018,380342,66.5512317820757,57.13789488725273,9.413336894822976,0.5003468281634771,0.5003468281634771,57.678217028889776,58.573196340530345
case_103,103,distance_to_outer_proxy,sigma_max_principal,0.95,9.343619499999997,20018,380342,26.90090285196964,36.31423974679261,-9.413336894822969,-0.5003468281634768,0.5003468281634768,35.77391760515556,34.87893829351499
case_103,103,rho_normalized,sigma_max_principal,0.95,9.343619499999997,20018,380342,0.7121424464265856,0.6114134803983061,0.10072896602827952,0.5003468281634761,0.5003468281634761,0.6171952867075243,0.6267721606349661
case_103,103,rho,sigma_max_principal,0.95,9.343619499999997,20018,380342,197.0039429686288,187.59060607380587,9.413336894822919,0.5003468281634741,0.5003468281634741,188.13092821544288,189.02590752708346
case_103,103,z,sigma_max_principal,0.95,9.343619499999997,20018,380342,492.17873127440305,442.01112412198495,50.1676071524181,0.19567983432909758,0.19567983432909758,506.23599249999995,437.4380645
case_103,103,theta_sin,sigma_max_principal,0.95,9.343619499999997,20018,380342,0.32039418999467467,0.33449487046919335,-0.014100680474518679,-0.09041847304941832,0.09041847304941832,0.28950075993112967,0.3373054171968871
case_103,103,theta_cos,sigma_max_principal,0.95,9.343619499999997,20018,380342,0.9270861241056851,0.9324118753311397,-0.005325751225454534,-0.08451525100198952,0.08451525100198952,0.9571777839039604,0.9413952706114631
case_103,103,weight_loss_rate,sigma_max_principal,0.95,9.343619499999997,20018,380342,0.40840785018483367,0.40550427968249636,0.002903570502337305,0.06918560129044488,0.06918560129044488,0.399015,0.393754
case_103,103,theta,sigma_max_principal,0.95,9.343619499999997,20018,380342,0.33339067800296596,0.3444895496032307,-0.011098871600264737,-0.06550505297842531,0.06550505297842531,0.2937052215099763,0.34405309551610364
case_104,104,rho,sigma_max_principal,0.95,9.494130149999998,20018,380342,177.0975242642737,187.96091499274957,-10.863390728475878,-0.820633065888101,0.820633065888101,178.43149451605464,189.21772501711212
case_104,104,distance_to_inner_proxy,sigma_max_principal,0.95,9.494130149999998,20018,380342,46.95581864197462,57.819209370450494,-10.86339072847587,-0.8206330658881006,0.8206330658881006,48.28978889375554,59.076019394813
case_104,104,rho_normalized,sigma_max_principal,0.95,9.494130149999998,20018,380342,0.505367120710655,0.6222855485516097,-0.11691842784095463,-0.8206330658880983,0.8206330658880983,0.519724121072982,0.6358121035486641
case_104,104,distance_to_outer_proxy,sigma_max_principal,0.95,9.494130149999998,20018,380342,45.95845440361771,35.095063675141866,10.863390728475842,0.8206330658880983,0.8206330658880983,44.62448415183678,33.83825365077932
case_104,104,temperature,sigma_max_principal,0.95,9.494130149999998,20018,380342,392.8020065815766,382.800099925483,10.001906656093638,0.705675421770084,0.705675421770084,390.053772,382.363098
case_104,104,fluence_rate,sigma_max_principal,0.95,9.494130149999998,20018,380342,3.60284145024478,3.42499498430623,0.1778464659385497,0.5659979280899112,0.5659979280899112,3.5870365,3.349914
case_104,104,weight_loss_rate,sigma_max_principal,0.95,9.494130149999998,20018,380342,0.40253511874313114,0.3789077619221648,0.02362735682096634,0.5536172608025995,0.5536172608025995,0.401591,0.367554
case_104,104,theta_cos,sigma_max_principal,0.95,9.494130149999998,20018,380342,0.908406662033655,0.9332826008186982,-0.024875938785043128,-0.3847690973015212,0.3847690973015212,0.9062100546127623,0.9431196031574769
case_104,104,param_field_magnitude_scaled,sigma_max_principal,0.95,9.494130149999998,20018,380342,1.0230642173063405,1.32342190850574,-0.3003576911993995,-0.3205804716341253,0.3205804716341253,0.796510092824152,1.0253475762886093
case_104,104,z,sigma_max_principal,0.95,9.494130149999998,20018,380342,519.7418991353782,439.34577272301243,80.39612641236573,0.28220300056308484,0.28220300056308484,558.1676944999999,436.35040300000003
case_104,104,theta,sigma_max_principal,0.95,9.494130149999998,20018,380342,0.3840476445262916,0.34206818437855635,0.04197946014773524,0.24330648938258503,0.24330648938258503,0.43656351029711593,0.3389039937575442
case_104,104,theta_sin,sigma_max_principal,0.95,9.494130149999998,20018,380342,0.3670350049857218,0.33225799651455423,0.03477700847116755,0.219263356781918,0.219263356781918,0.422827786354843,0.3324536270518538
case_105,105,distance_to_inner_proxy,sigma_max_principal,0.95,6.8997643,20018,380342,46.691145804514775,57.77097870275341,-11.079832898238635,-0.8370622665721343,0.8370622665721343,47.59255863425058,58.99857695401053
case_105,105,rho_normalized,sigma_max_principal,0.95,6.8997643,20018,380342,0.5031921822021133,0.6225999456749118,-0.11940776347279858,-0.8370622665721328,0.8370622665721328,0.5129067411627948,0.635829816826582
case_105,105,distance_to_outer_proxy,sigma_max_principal,0.95,6.8997643,20018,380342,46.0987413518813,35.01890845364269,11.079832898238614,0.8370622665721327,0.8370622665721327,45.1973285221455,33.791310202385546
case_105,105,rho,sigma_max_principal,0.95,6.8997643,20018,380342,176.7657120072711,187.84554490550968,-11.079832898238578,-0.8370622665721302,0.8370622665721302,177.6671248370069,189.07314315676686
case_105,105,fluence_rate,sigma_max_principal,0.95,6.8997643,20018,380342,3.5961508969927065,3.4145484006289077,0.18160249636379877,0.586413105955664,0.586413105955664,3.580769,3.341797
case_105,105,weight_loss_rate,sigma_max_principal,0.95,6.8997643,20018,380342,0.4376880905684884,0.41456763997402346,0.023120450594464936,0.526697792466749,0.526697792466749,0.440488,0.405118
case_105,105,temperature,sigma_max_principal,0.95,6.8997643,20018,380342,372.92065978409425,368.0572752886666,4.863384495427681,0.4591461631330067,0.4591461631330067,372.306595,364.880829
case_105,105,param_field_magnitude_scaled,sigma_max_principal,0.95,6.8997643,20018,380342,1.0013296409229118,1.3617341623665158,-0.360404521443604,-0.4061064478994073,0.4061064478994073,0.82179505130838,1.0446053633114332
case_105,105,theta_cos,sigma_max_principal,0.95,6.8997643,20018,380342,0.9079044137211773,0.9332642502546683,-0.025359836533491054,-0.39282496026138936,0.39282496026138936,0.9059642539425716,0.9430904279167145
case_105,105,z,sigma_max_principal,0.95,6.8997643,20018,380342,528.683508579029,438.3783798352746,90.30512874375438,0.31937236055600204,0.31937236055600204,573.0862125,435.883194
case_105,105,theta,sigma_max_principal,0.95,6.8997643,20018,380342,0.3856766601179696,0.3421042473415994,0.043572412776370195,0.25299205420229154,0.25299205420229154,0.43714447436535564,0.33899174016106676
case_105,105,theta_sin,sigma_max_principal,0.95,6.8997643,20018,380342,0.36857491145310833,0.33228918329383506,0.03628572815927328,0.2291921461227304,0.2291921461227304,0.4233541904483149,0.33253638112518347
case_106,106,temperature,sigma_max_principal,0.95,5.135105649999999,20018,380342,372.2358692224998,357.13399612716967,15.10187309533012,0.8887326258163812,0.8887326258163812,361.089905,355.037079
case_106,106,weight_loss_rate,sigma_max_principal,0.95,5.135105649999999,20018,380342,0.5492799107303428,0.6000324475419491,-0.0507525368116063,-0.7019533546251439,0.7019533546251439,0.601886,0.605774
case_106,106,param_field_magnitude_scaled,sigma_max_principal,0.95,5.135105649999999,20018,380342,2.2590513550645293,1.146506972491028,1.1125443825735013,0.5566969429275693,0.5566969429275693,0.9162215391578966,0.764630062296007
case_106,106,z,sigma_max_principal,0.95,5.135105649999999,20018,380342,527.9752759991009,438.24350599392125,89.73177000517961,0.3482146904170012,0.3482146904170012,537.808289,435.713623
case_106,106,theta_cos,sigma_max_principal,0.95,5.135105649999999,20018,380342,0.9195573683145546,0.9326705195679683,-0.013113151253413724,-0.20668181128262603,0.20668181128262603,0.9469523083498654,0.9424355200272871
case_106,106,rho_normalized,sigma_max_principal,0.95,5.135105649999999,20018,380342,0.6339243870402282,0.6158884098291822,0.018035977211045995,0.09032132716512777,0.09032132716512777,0.5479441036433292,0.630712105147762
case_106,106,rho,sigma_max_principal,0.95,5.135105649999999,20018,380342,188.8196251781045,187.14739782079997,1.6722273573045356,0.09032132716512763,0.09032132716512763,180.847859611832,188.5217945922094
case_106,106,distance_to_outer_proxy,sigma_max_principal,0.95,5.135105649999999,20018,380342,33.94114151233483,35.61336886963935,-1.6722273573045214,-0.09032132716512685,0.09032132716512685,41.91290707860732,34.23897209822991
case_106,106,distance_to_inner_proxy,sigma_max_principal,0.95,5.135105649999999,20018,380342,58.77506331189813,57.102835954593615,1.6722273573045143,0.09032132716512647,0.09032132716512647,50.80329774562564,58.47723272600305
case_106,106,fluence_rate,sigma_max_principal,0.95,5.135105649999999,20018,380342,3.4848076919272652,3.4582679228247195,0.02653976910254574,0.07494403141407356,0.07494403141407356,3.531404,3.3864365
case_106,106,theta,sigma_max_principal,0.95,5.135105649999999,20018,380342,0.3555089763083155,0.34364843125186845,0.01186054505644707,0.06981115829917757,0.06981115829917757,0.3271802291919909,0.34095570417788623
case_106,106,theta_sin,sigma_max_principal,0.95,5.135105649999999,20018,380342,0.3409991351438337,0.3337016323038191,0.007297502840014569,0.04669169504382023,0.04669169504382023,0.3213741210969221,0.3343879342775188
case_107,107,temperature,sigma_max_principal,0.95,9.823782799999998,20018,380342,400.5484422301428,388.4232632550206,12.125178975122253,0.8320638885329295,0.8320638885329295,399.774292,385.167328
case_107,107,rho,sigma_max_principal,0.95,9.823782799999998,20018,380342,178.28570293933677,187.87057443977375,-9.584871500436975,-0.7220010571961241,0.7220010571961241,180.40072967688178,189.17400073948028
case_107,107,distance_to_outer_proxy,sigma_max_principal,0.95,9.823782799999998,20018,380342,44.73607267802875,35.15120117759185,9.584871500436897,0.7220010571961181,0.7220010571961181,42.62104594048377,33.84777487788524
case_107,107,rho_normalized,sigma_max_principal,0.95,9.823782799999998,20018,380342,0.5184199367927727,0.6216002730783168,-0.10318033628554413,-0.7220010571961174,0.7220010571961174,0.5411880218967682,0.6356315476677592
case_107,107,distance_to_inner_proxy,sigma_max_principal,0.95,9.823782799999998,20018,380342,48.158289227435965,57.74316072787283,-9.584871500436861,-0.7220010571961156,0.7220010571961156,50.27331596498094,59.04658702757946
case_107,107,fluence_rate,sigma_max_principal,0.95,9.823782799999998,20018,380342,3.606523891098012,3.4520878745655232,0.15443601653248873,0.49152510295766666,0.49152510295766666,3.5983145,3.372881
case_107,107,theta_cos,sigma_max_principal,0.95,9.823782799999998,20018,380342,0.9125742652909059,0.9330621954466671,-0.020487930155761225,-0.32522681078073207,0.32522681078073207,0.9085913661958043,0.943050885578695
case_107,107,param_field_magnitude_scaled,sigma_max_principal,0.95,9.823782799999998,20018,380342,1.0907164119272743,1.3528651197025763,-0.26214870777530197,-0.2991579348661265,0.2991579348661265,0.8880931016997432,1.0654277936479932
case_107,107,z,sigma_max_principal,0.95,9.823782799999998,20018,380342,515.0536642539714,439.5318258192259,75.52183843474552,0.25677545123963336,0.25677545123963336,563.761292,440.4014585
case_107,107,weight_loss_rate,sigma_max_principal,0.95,9.823782799999998,20018,380342,0.3707102911379758,0.3599211207597373,0.01078917037823851,0.21929036789531733,0.21929036789531733,0.367707,0.347178
case_107,107,theta,sigma_max_principal,0.95,9.823782799999998,20018,380342,0.3751703923078937,0.34253642829140296,0.03263396401649071,0.19220673137075103,0.19220673137075103,0.4308972028747013,0.33911063143125286
case_107,107,theta_sin,sigma_max_principal,0.95,9.823782799999998,20018,380342,0.35929217145156855,0.33266621677944913,0.026625954672119423,0.17026258552142226,0.17026258552142226,0.41768616121831204,0.3326485039935635
case_108,108,temperature,sigma_max_principal,0.95,9.929823999999998,20018,380342,402.3859222909382,390.6288714538073,11.757050837130919,0.7601759579272209,0.7601759579272209,401.98449700000003,387.907181
case_108,108,rho_normalized,sigma_max_principal,0.95,9.929823999999998,20018,380342,0.5185386358764936,0.6216057091543923,-0.10306707327789866,-0.6834932542085125,0.6834932542085125,0.5187727164557594,0.6354533670723364
case_108,108,rho,sigma_max_principal,0.95,9.929823999999998,20018,380342,178.35734498718688,187.94529941083275,-9.587954423645868,-0.6834932542085117,0.6834932542085117,178.37912065087932,189.23349658931966
case_108,108,distance_to_outer_proxy,sigma_max_principal,0.95,9.929823999999998,20018,380342,44.78859706742484,35.20064264377897,9.587954423645868,0.6834932542085117,0.6834932542085117,44.76682140373242,33.912445465292095
case_108,108,distance_to_inner_proxy,sigma_max_principal,0.95,9.929823999999998,20018,380342,48.23776061126832,57.82571503491418,-9.587954423645861,-0.6834932542085113,0.6834932542085113,48.25953627496074,59.113912213401065
case_108,108,fluence_rate,sigma_max_principal,0.95,9.929823999999998,20018,380342,3.7952684318613255,3.653955982676117,0.14131244918520824,0.49980439142939576,0.49980439142939576,3.807003,3.596989
case_108,108,theta_cos,sigma_max_principal,0.95,9.929823999999998,20018,380342,0.9123325420579383,0.9331010113886197,-0.020768469330681327,-0.3277469085325268,0.3277469085325268,0.9095315302964887,0.9430715958279943
case_108,108,z,sigma_max_principal,0.95,9.929823999999998,20018,380342,512.1994083925467,439.95187662616024,72.24753176638649,0.25198224895662946,0.25198224895662946,548.550476,440.62095650000003
case_108,108,param_field_magnitude_scaled,sigma_max_principal,0.95,9.929823999999998,20018,380342,1.063949985247651,1.2693862934559625,-0.2054363082083115,-0.22126705746177328,0.22126705746177328,0.9077273004331394,0.9485649396238621
case_108,108,theta,sigma_max_principal,0.95,9.929823999999998,20018,380342,0.37500295373090897,0.3424865791252322,0.032516374605676746,0.19050361465425825,0.19050361465425825,0.42864077684090035,0.3390483672783706
case_108,108,theta_sin,sigma_max_principal,0.95,9.929823999999998,20018,380342,0.3590123977631386,0.33262842870360715,0.026383969059531442,0.16785782032276303,0.16785782032276303,0.4156349304293607,0.33258978508428505
case_108,108,weight_loss_rate,sigma_max_principal,0.95,9.929823999999998,20018,380342,0.3480108570786292,0.35142719901299363,-0.0034163419343644086,-0.06789683584736016,0.06789683584736016,0.345568,0.33698649999999997
case_109,109,temperature,sigma_max_principal,0.95,9.180979099999997,20018,380342,394.4512918117694,382.03731889339605,12.41397291837336,0.8495784650105405,0.8495784650105405,393.752518,380.731537
case_109,109,rho,sigma_max_principal,0.95,9.180979099999997,20018,380342,177.04958940942717,187.92201705316504,-10.872427643737865,-0.7615048678305021,0.7615048678305021,174.84314591083222,189.1208960189403
case_109,109,distance_to_inner_proxy,sigma_max_principal,0.95,9.180979099999997,20018,380342,46.95911959724361,57.83154724098142,-10.872427643737815,-0.7615048678304989,0.7615048678304989,44.752676098648664,59.03042620675673
case_109,109,rho_normalized,sigma_max_principal,0.95,9.180979099999997,20018,380342,0.5048608292181811,0.6217510708349412,-0.1168902416167601,-0.7615048678304976,0.7615048678304976,0.48113919849175885,0.6346403037248416
case_109,109,distance_to_outer_proxy,sigma_max_principal,0.95,9.180979099999997,20018,380342,46.054869366732284,35.18244172299449,10.872427643737794,0.7615048678304975,0.7615048678304975,48.26131286532723,33.98356275721916
case_109,109,fluence_rate,sigma_max_principal,0.95,9.180979099999997,20018,380342,3.6000842433809574,3.406954932476561,0.19312931090439633,0.610712394160483,0.610712394160483,3.594096,3.334635
case_109,109,theta_cos,sigma_max_principal,0.95,9.180979099999997,20018,380342,0.9074175213730941,0.9333359857837779,-0.025918464410683795,-0.3983850115696874,0.3983850115696874,0.9061894270209594,0.9431453782534998
case_109,109,param_field_magnitude_scaled,sigma_max_principal,0.95,9.180979099999997,20018,380342,1.0079272742847178,1.2768127644434877,-0.26888549015876984,-0.2814879862458912,0.2814879862458912,0.9609813277338342,0.8738173165093739
case_109,109,z,sigma_max_principal,0.95,9.180979099999997,20018,380342,513.8680389163253,439.72003758637754,74.14800132994776,0.266909618388865,0.266909618388865,544.241882,436.3849335
case_109,109,theta,sigma_max_principal,0.95,9.180979099999997,20018,380342,0.3861508169520978,0.34196037454251177,0.04419044240958603,0.25520791050852315,0.25520791050852315,0.43661229260631235,0.3388264553311412
case_109,109,theta_sin,sigma_max_principal,0.95,9.180979099999997,20018,380342,0.3688662696555015,0.3321651022767454,0.03670116737875612,0.23069684717238548,0.23069684717238548,0.42287199287185656,0.3323804980426231
case_109,109,weight_loss_rate,sigma_max_principal,0.95,9.180979099999997,20018,380342,0.4504983521330802,0.4569674586635186,-0.006469106530438418,-0.16125235974320543,0.16125235974320543,0.453869,0.456407
case_110,110,rho_normalized,sigma_max_principal,0.95,6.862424099999998,20018,380342,0.51659816361612,0.6221677481812337,-0.10556958456511367,-0.6508636876200894,0.6508636876200894,0.49668976525107245,0.6350236386028577
case_110,110,rho,sigma_max_principal,0.95,6.862424099999998,20018,380342,177.97177108373546,187.76459004364574,-9.792818959910278,-0.6508636876200878,0.6508636876200878,176.12503329676957,188.9571248820277
case_110,110,distance_to_inner_proxy,sigma_max_principal,0.95,6.862424099999998,20018,380342,47.92054749627723,57.71336645618751,-9.792818959910278,-0.6508636876200878,0.6508636876200878,46.07380970931135,58.90590129456949
case_110,110,distance_to_outer_proxy,sigma_max_principal,0.95,6.862424099999998,20018,380342,44.84119823049736,35.04837927058709,9.79281895991027,0.6508636876200875,0.6508636876200875,46.687936017463244,33.8558444322051
case_110,110,temperature,sigma_max_principal,0.95,6.862424099999998,20018,380342,374.8398338635728,366.84844167223974,7.991392191333034,0.64477091672982,0.64477091672982,373.160675,363.928528
case_110,110,fluence_rate,sigma_max_principal,0.95,6.862424099999998,20018,380342,3.596468853681687,3.4155998564002927,0.18086899728139416,0.5641739338155899,0.5641739338155899,3.596827,3.343616
case_110,110,theta_cos,sigma_max_principal,0.95,6.862424099999998,20018,380342,0.9073487145829858,0.9332884150299213,-0.0259397004469355,-0.3973847058958452,0.3973847058958452,0.906181978151021,0.9430773478097199
case_110,110,z,sigma_max_principal,0.95,6.862424099999998,20018,380342,519.418931227695,438.90134875212306,80.51758247557194,0.29476382233064624,0.29476382233064624,543.715576,435.920227
case_110,110,theta,sigma_max_principal,0.95,6.862424099999998,20018,380342,0.3859073748757169,0.34210412259142636,0.04380325228429055,0.25223665821401725,0.25223665821401725,0.43662990722602324,0.33903107233122065
case_110,110,theta_sin,sigma_max_principal,0.95,6.862424099999998,20018,380342,0.36857437290810247,0.33230008591466,0.036274286993442484,0.22737964980498418,0.22737964980498418,0.4228879549883888,0.3325734746611409
case_110,110,weight_loss_rate,sigma_max_principal,0.95,6.862424099999998,20018,380342,0.4243272379858128,0.43320732296196585,-0.008880084976153058,-0.21344539712913405,0.21344539712913405,0.429949,0.429732
case_110,110,param_field_magnitude_scaled,sigma_max_principal,0.95,6.862424099999998,20018,380342,1.0160197712161667,1.248232656677864,-0.23221288546169738,-0.21287470818293297,0.21287470818293297,0.873556206252653,0.8373337930015041
case_111,111,weight_loss_rate,sigma_max_principal,0.95,5.3272014500000004,20018,380342,0.4718134504445999,0.5941138991460316,-0.12230044870143175,-1.7600422129464397,1.7600422129464397,0.461586,0.595109
case_111,111,fluence_rate,sigma_max_principal,0.95,5.3272014500000004,20018,380342,4.119137136527126,4.86738376263731,-0.7482466261101841,-1.679616460022024,1.679616460022024,4.054399,4.867423
case_111,111,temperature,sigma_max_principal,0.95,5.3272014500000004,20018,380342,390.8168881083525,364.5837915537462,26.233096554606277,1.6296202949439624,1.6296202949439624,386.56131,362.798172
case_111,111,param_field_magnitude_scaled,sigma_max_principal,0.95,5.3272014500000004,20018,380342,4.5395237617853645,0.9602142965884543,3.57930946519691,1.5667615130608354,1.5667615130608354,4.440939667388198,0.7383876060271634
case_111,111,rho_normalized,sigma_max_principal,0.95,5.3272014500000004,20018,380342,0.8004463248189511,0.6064229406543901,0.194023384164561,0.9879795066429315,0.9879795066429315,0.9047260203548163,0.6221595433109118
case_111,111,distance_to_outer_proxy,sigma_max_principal,0.95,5.3272014500000004,20018,380342,18.657772380457885,36.7984763035711,-18.140703923113215,-0.9879795066429315,0.9879795066429315,8.907880170021684,35.32714308888232
case_111,111,distance_to_inner_proxy,sigma_max_principal,0.95,5.3272014500000004,20018,380342,74.83974082510073,56.699036901987526,18.140703923113207,0.987979506642931,0.987979506642931,84.58963303553693,58.170370116676295
case_111,111,rho,sigma_max_principal,0.95,5.3272014500000004,20018,380342,205.57379939613435,187.4330954730212,18.140703923113136,0.9879795066429271,0.9879795066429271,215.32369160657055,188.90442868770992
case_111,111,z,sigma_max_principal,0.95,5.3272014500000004,20018,380342,493.52427113512846,442.2862511510273,51.238019984101186,0.2054266794022097,0.2054266794022097,510.82768250000004,437.8189545
case_111,111,theta_sin,sigma_max_principal,0.95,5.3272014500000004,20018,380342,0.31121666448716456,0.33514708850705355,-0.023930424019888985,-0.15999539694119083,0.15999539694119083,0.28773445921744534,0.3400332150632174
case_111,111,theta,sigma_max_principal,0.95,5.3272014500000004,20018,380342,0.322841994999498,0.3452264714492398,-0.022384476449741786,-0.1375570071872728,0.1375570071872728,0.2918604136656807,0.34695221694115663
case_111,111,theta_cos,sigma_max_principal,0.95,5.3272014500000004,20018,380342,0.9326672246617062,0.9320563316570465,0.0006108930046596628,0.009987080070468606,0.009987080070468606,0.9577102280850719,0.9404134264533719
case_112,112,temperature,sigma_max_principal,0.95,8.805350449999999,20018,380342,395.701751565591,382.94574186324945,12.756009702341544,0.8647009660281407,0.8647009660281407,395.133942,381.352692
case_112,112,fluence_rate,sigma_max_principal,0.95,8.805350449999999,20018,380342,3.563940434508942,3.4098205873818834,0.1541198471270584,0.4730668294921929,0.4730668294921929,3.575319,3.332527
case_112,112,rho,sigma_max_principal,0.95,8.805350449999999,20018,380342,180.23098672490457,187.7669230680256,-7.535936343121023,-0.46754870106195867,0.46754870106195867,177.31332816874163,189.02175978634034
case_112,112,distance_to_inner_proxy,sigma_max_principal,0.95,8.805350449999999,20018,380342,50.156127074646626,57.69206341776764,-7.535936343121016,-0.4675487010619582,0.4675487010619582,47.23846851848367,58.94690013608238
case_112,112,distance_to_outer_proxy,sigma_max_principal,0.95,8.805350449999999,20018,380342,42.898332969239824,35.362396626118816,7.5359363431210085,0.4675487010619578,0.4675487010619578,45.81599152540278,34.107559907804074
case_112,112,rho_normalized,sigma_max_principal,0.95,8.805350449999999,20018,380342,0.5389975617610584,0.6199817116832318,-0.0809841499221734,-0.467548701061957,0.467548701061957,0.5076432499442263,0.6334666829325727
case_112,112,theta_cos,sigma_max_principal,0.95,8.805350449999999,20018,380342,0.910513400883861,0.9332013422327182,-0.02268794134885721,-0.34962983852471735,0.34962983852471735,0.9093462479604719,0.9430678535280197
case_112,112,z,sigma_max_principal,0.95,8.805350449999999,20018,380342,515.6094409316115,439.635927622871,75.97351330874051,0.28131746927399026,0.28131746927399026,534.436523,436.378784
case_112,112,weight_loss_rate,sigma_max_principal,0.95,8.805350449999999,20018,380342,0.5227328466879807,0.5371666151700312,-0.014433768482050469,-0.2738681563906022,0.2738681563906022,0.541392,0.5395415
case_112,112,theta,sigma_max_principal,0.95,8.805350449999999,20018,380342,0.3778116963049745,0.3423352818903942,0.035476414414580326,0.2049100163971437,0.2049100163971437,0.4290863410476458,0.3390596190980274
case_112,112,theta_sin,sigma_max_principal,0.95,8.805350449999999,20018,380342,0.3612075182030008,0.33251081843644475,0.028696699766556033,0.1803316020692907,0.1803316020692907,0.4160401438484444,0.3326003963347527
case_112,112,param_field_magnitude_scaled,sigma_max_principal,0.95,8.805350449999999,20018,380342,1.2915907231442771,1.2582122796483117,0.033378443495965415,0.02711862911100629,0.02711862911100629,0.8797639198290036,0.822307921337561
case_113,113,temperature,sigma_max_principal,0.95,10.323030399999999,20018,380342,402.9216764334598,391.07947229885457,11.842204134605254,0.8220650250062365,0.8220650250062365,401.66095,388.243027
case_113,113,distance_to_inner_proxy,sigma_max_principal,0.95,10.323030399999999,20018,380342,47.723853969707285,57.79263657982097,-10.068782610113686,-0.7590321837729601,0.7590321837729601,50.046291585612806,59.08840995018603
case_113,113,distance_to_outer_proxy,sigma_max_principal,0.95,10.323030399999999,20018,380342,45.23956281540022,35.17078020528655,10.068782610113672,0.759032183772959,0.759032183772959,42.917125199494706,33.87500683492148
case_113,113,rho_normalized,sigma_max_principal,0.95,10.323030399999999,20018,380342,0.5133616601036175,0.6216707450997991,-0.10830908499618164,-0.7590321837729587,0.7590321837729587,0.5383439348114633,0.6356092750632616
case_113,113,rho,sigma_max_principal,0.95,10.323030399999999,20018,380342,177.84203562030524,187.9108182304189,-10.068782610113658,-0.759032183772958,0.759032183772958,180.16447323621074,189.20659160078395
case_113,113,fluence_rate,sigma_max_principal,0.95,10.323030399999999,20018,380342,3.6263338984913576,3.449908415026476,0.17642548346488152,0.5619800449018509,0.5619800449018509,3.615923,3.372976
case_113,113,theta_cos,sigma_max_principal,0.95,10.323030399999999,20018,380342,0.9114500479155799,0.9331243276694597,-0.02167427975387981,-0.3420451319202078,0.3420451319202078,0.9080386481837899,0.9430638906143042
case_113,113,z,sigma_max_principal,0.95,10.323030399999999,20018,380342,522.6366212108602,439.27329467224746,83.36332653861274,0.2863538694120286,0.2863538694120286,573.698669,436.42160049999995
case_113,113,param_field_magnitude_scaled,sigma_max_principal,0.95,10.323030399999999,20018,380342,1.0459196171330922,1.2973945064726429,-0.25147488933955064,-0.28204996255108006,0.28204996255108006,0.8750884827475968,0.9960284795971155
case_113,113,theta,sigma_max_principal,0.95,10.323030399999999,20018,380342,0.37791205039237946,0.3423870860840819,0.035524964308297546,0.2087576894232222,0.2087576894232222,0.4322185895865961,0.3390715338366409
case_113,113,theta_sin,sigma_max_principal,0.95,10.323030399999999,20018,380342,0.3617461478837029,0.33253280087604553,0.029213347007657375,0.1865026444989041,0.1865026444989041,0.41888639677331874,0.33261163271811706
case_113,113,weight_loss_rate,sigma_max_principal,0.95,10.323030399999999,20018,380342,0.35099344744729744,0.3581132504141009,-0.007119802966803479,-0.15593271369427236,0.15593271369427236,0.347021,0.348754
case_114,114,distance_to_inner_proxy,sigma_max_principal,0.95,6.512721399999996,20018,380342,47.156710728502084,57.756497337818466,-10.599786609316382,-0.7903199495906869,0.7903199495906869,48.83390655105936,58.98857474908323
case_114,114,distance_to_outer_proxy,sigma_max_principal,0.95,6.512721399999996,20018,380342,45.57365593110949,34.97386932179312,10.599786609316375,0.7903199495906863,0.7903199495906863,43.89646010855222,33.74179191052835
case_114,114,rho,sigma_max_principal,0.95,6.512721399999996,20018,380342,177.22842984529848,187.82821645461485,-10.599786609316368,-0.7903199495906857,0.7903199495906857,178.90562566785576,189.06029386587963
case_114,114,rho_normalized,sigma_max_principal,0.95,6.512721399999996,20018,380342,0.5085357949850644,0.6228434052226616,-0.11430761023759717,-0.7903199495906849,0.7903199495906849,0.5266225974314929,0.6361300712377698
case_114,114,fluence_rate,sigma_max_principal,0.95,6.512721399999996,20018,380342,3.5875752647117594,3.4142915957506665,0.17328366896109282,0.5584762204815544,0.5584762204815544,3.571783,3.34003
case_114,114,param_field_magnitude_scaled,sigma_max_principal,0.95,6.512721399999996,20018,380342,0.9246428583377314,1.3275619000963803,-0.4029190417586489,-0.4467404853228774,0.4467404853228774,0.752560213561768,0.9491765693567065
case_114,114,weight_loss_rate,sigma_max_principal,0.95,6.512721399999996,20018,380342,0.3771873457887901,0.3567330458166596,0.020454299972130496,0.4189570813536366,0.4189570813536366,0.377218,0.343995
case_114,114,theta_cos,sigma_max_principal,0.95,6.512721399999996,20018,380342,0.909129809150198,0.9331742786404302,-0.0240444694902322,-0.3751794640390267,0.3751794640390267,0.9061759802328575,0.9430520343035657
case_114,114,temperature,sigma_max_principal,0.95,6.512721399999996,20018,380342,367.60647407728044,364.23084204693913,3.3756320303413077,0.3612240738282497,0.3612240738282497,367.192261,361.614777
case_114,114,z,sigma_max_principal,0.95,6.512721399999996,20018,380342,536.443780371016,437.8920693752387,98.55171099577734,0.3495867648312533,0.3495867648312533,577.166016,435.8255
case_114,114,theta,sigma_max_principal,0.95,6.512721399999996,20018,380342,0.38330359179257545,0.34229083017961753,0.041012761612957915,0.2395332496867094,0.2395332496867094,0.4366440902429647,0.33910717814514557
case_114,114,theta_sin,sigma_max_principal,0.95,6.512721399999996,20018,380342,0.3665400500163177,0.3324521979611484,0.03408785205516929,0.21650136861826527,0.21650136861826527,0.4229008073402073,0.33264524736707124
case_115,115,distance_to_inner_proxy,sigma_max_principal,0.95,10.394952349999997,20018,380342,47.30723003515595,57.836703151463794,-10.529473116307841,-0.7964483660467144,0.7964483660467144,49.688788446067136,59.11642561360446
case_115,115,rho_normalized,sigma_max_principal,0.95,10.394952349999997,20018,380342,0.5088797139640302,0.62214433046423,-0.11326461650019981,-0.7964483660467135,0.7964483660467135,0.5344979283898692,0.6359101924689077
case_115,115,distance_to_outer_proxy,sigma_max_principal,0.95,10.394952349999997,20018,380342,45.65625177991955,35.126778663611724,10.529473116307827,0.7964483660467134,0.7964483660467134,43.274693369008375,33.84705620147105
case_115,115,rho,sigma_max_principal,0.95,10.394952349999997,20018,380342,177.44172679135085,187.97119990765864,-10.529473116307798,-0.7964483660467112,0.7964483660467112,179.823285202262,189.25092236979935
case_115,115,temperature,sigma_max_principal,0.95,10.394952349999997,20018,380342,395.3306325705365,384.8175056956818,10.51312687485472,0.7007038925082041,0.7007038925082041,392.079193,383.804504
case_115,115,fluence_rate,sigma_max_principal,0.95,10.394952349999997,20018,380342,3.642825450194825,3.4609226402185405,0.18190280997628472,0.5797970907318807,0.5797970907318807,3.6315895,3.386719
case_115,115,theta_cos,sigma_max_principal,0.95,10.394952349999997,20018,380342,0.9105893952733258,0.9331729290495538,-0.022583533776228015,-0.3544964057870401,0.3544964057870401,0.9067335382524673,0.9430863335168553
case_115,115,z,sigma_max_principal,0.95,10.394952349999997,20018,380342,526.0529983529823,439.217105506978,86.8358928460043,0.3042240825816188,0.3042240825816188,568.1748964999999,436.515503
case_115,115,param_field_magnitude_scaled,sigma_max_principal,0.95,10.394952349999997,20018,380342,0.9863599347681996,1.2518098636137858,-0.26544992884558616,-0.2838764565756216,0.2838764565756216,0.7694421359889139,0.9048307823092002
case_115,115,theta,sigma_max_principal,0.95,10.394952349999997,20018,380342,0.3801794039177068,0.3422555955300179,0.03792380838768894,0.22270183257568016,0.22270183257568016,0.43532380905875684,0.339004052583471
case_115,115,theta_sin,sigma_max_principal,0.95,10.394952349999997,20018,380342,0.36378576759550657,0.3324138193832411,0.031371948212265466,0.2003028159126379,0.2003028159126379,0.42170403200334167,0.3325479928276965
case_115,115,weight_loss_rate,sigma_max_principal,0.95,10.394952349999997,20018,380342,0.35283778874013394,0.35690497438883945,-0.004067185648705507,-0.07876015501783375,0.07876015501783375,0.348695,0.3438135
case_116,116,temperature,sigma_max_principal,0.95,9.626658349999998,20018,380342,402.27259008002795,387.92313944890117,14.349450631126786,1.0116079010048997,1.0116079010048997,401.565765,384.524567
case_116,116,distance_to_inner_proxy,sigma_max_principal,0.95,9.626658349999998,20018,380342,47.20830040567235,57.777188146813835,-10.568887741141488,-0.8007918217766685,0.8007918217766685,49.42324283081963,59.04114071249734
case_116,116,distance_to_outer_proxy,sigma_max_principal,0.95,9.626658349999998,20018,380342,45.638445058572486,35.06955731743101,10.568887741141474,0.8007918217766675,0.8007918217766675,43.4235026334252,33.805604751747495
case_116,116,rho_normalized,sigma_max_principal,0.95,9.626658349999998,20018,380342,0.5084540138658087,0.6222855508604094,-0.11383153699460069,-0.8007918217766666,0.8007918217766666,0.5323099111734881,0.6358988720313736
case_116,116,rho,sigma_max_principal,0.95,9.626658349999998,20018,380342,177.2971779273063,187.86606566844776,-10.568887741141452,-0.800791821776666,0.800791821776666,179.51212035245356,189.13001823413128
case_116,116,fluence_rate,sigma_max_principal,0.95,9.626658349999998,20018,380342,3.5932996705964624,3.4260346116337397,0.1672650589627227,0.540193261080056,0.540193261080056,3.575034,3.35149
case_116,116,theta_cos,sigma_max_principal,0.95,9.626658349999998,20018,380342,0.911372532525467,0.9331077832668978,-0.02173525074143079,-0.34382900412992445,0.34382900412992445,0.9067252253953035,0.9430672155781603
case_116,116,param_field_magnitude_scaled,sigma_max_principal,0.95,9.626658349999998,20018,380342,1.0736883244466109,1.3095002266155094,-0.23581190216889847,-0.26496466257848617,0.26496466257848617,0.981045106948091,1.0339355908241632
case_116,116,z,sigma_max_principal,0.95,9.626658349999998,20018,380342,511.1112369939055,439.6710253747705,71.44021161913497,0.2466031580967614,0.2466031580967614,553.8716735,440.34375
case_116,116,theta,sigma_max_principal,0.95,9.626658349999998,20018,380342,0.3780981289940988,0.34242615496462414,0.03567197402947464,0.20960073041130733,0.20960073041130733,0.43534352117659825,0.3390615371587611
case_116,116,theta_sin,sigma_max_principal,0.95,9.626658349999998,20018,380342,0.36193550917082706,0.33256695015449333,0.02936855901633373,0.18739664334496414,0.18739664334496414,0.42172190555910305,0.3326022051954314
case_116,116,weight_loss_rate,sigma_max_principal,0.95,9.626658349999998,20018,380342,0.3573170278749126,0.3576698609987853,-0.0003528331238726867,-0.008394386102583503,0.008394386102583503,0.352532,0.346747
case_117,117,temperature,sigma_max_principal,0.95,8.875784099999999,20018,380342,394.4849662165551,381.9357720312482,12.54919418530693,0.8227129636569592,0.8227129636569592,391.810638,380.012085
case_117,117,weight_loss_rate,sigma_max_principal,0.95,8.875784099999999,20018,380342,0.42081727854930556,0.4033749524953858,0.017442326053919766,0.4176561761165073,0.4176561761165073,0.420223,0.394999
case_117,117,distance_to_inner_proxy,sigma_max_principal,0.95,8.875784099999999,20018,380342,51.69481076825037,57.63738197960072,-5.942571211350348,-0.3657571539807243,0.3657571539807243,50.07131802947215,58.956746565934296
case_117,117,distance_to_outer_proxy,sigma_max_principal,0.95,8.875784099999999,20018,380342,41.37952418012664,35.4369529687763,5.942571211350334,0.3657571539807234,0.3657571539807234,43.00301691890486,34.11758838244272
case_117,117,rho_normalized,sigma_max_principal,0.95,8.875784099999999,20018,380342,0.5554142374148848,0.6192618191853733,-0.06384758177048844,-0.3657571539807232,0.3657571539807232,0.537971268419418,0.6334372047743797
case_117,117,rho,sigma_max_principal,0.95,8.875784099999999,20018,380342,181.85566633342634,187.79823754477667,-5.942571211350327,-0.36575715398072295,0.36575715398072295,180.2321735946481,189.11760213111023
case_117,117,theta_cos,sigma_max_principal,0.95,8.875784099999999,20018,380342,0.9141274939719722,0.9330179776356436,-0.01889048366367141,-0.29442574291901097,0.29442574291901097,0.9184045459444159,0.9428730698484598
case_117,117,z,sigma_max_principal,0.95,8.875784099999999,20018,380342,509.0241707806973,440.0057974495848,69.01837333111251,0.24837472120159498,0.24837472120159498,534.464386,436.42056249999996
case_117,117,fluence_rate,sigma_max_principal,0.95,8.875784099999999,20018,380342,3.773155188530323,3.699577361185459,0.07357782734486396,0.23722366358992486,0.23722366358992486,3.837455,3.64518
case_117,117,theta,sigma_max_principal,0.95,8.875784099999999,20018,380342,0.36827578573910147,0.34282665816166014,0.025449127577441333,0.14744645180014168,0.14744645180014168,0.4067674690101958,0.33964477244575186
case_117,117,param_field_magnitude_scaled,sigma_max_principal,0.95,8.875784099999999,20018,380342,1.2215931686555883,1.3548375353156348,-0.13324436666004646,-0.1411388718612644,0.1411388718612644,1.0181166507738542,1.05487386279081
case_117,117,theta_sin,sigma_max_principal,0.95,8.875784099999999,20018,380342,0.3525261489540053,0.33295905926725955,0.019567089686745753,0.1231622874995122,0.1231622874995122,0.39564262907283754,0.33315217867296243
case_118,118,fluence_rate,sigma_max_principal,0.95,9.72842485,20018,380342,4.24322525302228,4.823870165916465,-0.5806449128941846,-1.2755955409721371,1.2755955409721371,4.197847,4.827882
case_118,118,param_field_magnitude_scaled,sigma_max_principal,0.95,9.72842485,20018,380342,2.8913986898852175,1.1736010985851728,1.7177975913000447,1.0778066160287922,1.0778066160287922,2.7553936605848084,0.7944444764182811
case_118,118,temperature,sigma_max_principal,0.95,9.72842485,20018,380342,371.94263189594363,386.54660151340374,-14.603969617460109,-0.7059318245715789,0.7059318245715789,358.350494,384.6186065
case_118,118,distance_to_inner_proxy,sigma_max_principal,0.95,9.72842485,20018,380342,70.19794937290541,57.06639518189327,13.131554191012142,0.7014203585223326,0.7014203585223326,82.39794732739796,58.51401424438173
case_118,118,distance_to_outer_proxy,sigma_max_principal,0.95,9.72842485,20018,380342,23.39431830981311,36.52587250082525,-13.131554191012142,-0.7014203585223326,0.7014203585223326,11.19432035532057,35.0782534383368
case_118,118,rho_normalized,sigma_max_principal,0.95,9.72842485,20018,380342,0.7500400525701464,0.6097340794792003,0.14030597309094606,0.7014203585223319,0.7014203585223319,0.8803926795184646,0.6252013728606998
case_118,118,rho,sigma_max_principal,0.95,9.72842485,20018,380342,200.96910855490668,187.8375543638946,13.131554191012071,0.701420358522329,0.701420358522329,213.16910650939923,189.28517342638298
case_118,118,weight_loss_rate,sigma_max_principal,0.95,9.72842485,20018,380342,0.33167232785493056,0.3490221877284127,-0.017349859873482143,-0.4344053010742532,0.4344053010742532,0.323631,0.3384455
case_118,118,z,sigma_max_principal,0.95,9.72842485,20018,380342,481.21121088440407,443.4352881208124,37.775922763591666,0.1499198192266419,0.1499198192266419,497.324585,442.406677
case_118,118,theta_sin,sigma_max_principal,0.95,9.72842485,20018,380342,0.3175859865029682,0.3346717170859288,-0.01708573058296059,-0.11098115004952988,0.11098115004952988,0.2895904206565099,0.33765735968243227
case_118,118,theta,sigma_max_principal,0.95,9.72842485,20018,380342,0.3301245552910914,0.3446913649103553,-0.014566809619263876,-0.08708145835105043,0.08708145835105043,0.2937988948036545,0.34442697254704935
case_118,118,theta_cos,sigma_max_principal,0.95,9.72842485,20018,380342,0.9288518763524349,0.932312304315114,-0.0034604279626790913,-0.05554812994535226,0.05554812994535226,0.9571506612148164,0.9412690940704231
case_119,119,rho_normalized,sigma_max_principal,0.95,8.035663549999999,20018,380342,0.5021537450624667,0.6228548108944509,-0.12070106583198426,-0.8488539697492575,0.8488539697492575,0.5116900787307025,0.6360674786991103
case_119,119,distance_to_outer_proxy,sigma_max_principal,0.95,8.035663549999999,20018,380342,46.20864677813572,35.00552360213737,11.20312317599835,0.8488539697492568,0.8488539697492568,45.32351192040893,33.779162062752164
case_119,119,rho,sigma_max_principal,0.95,8.035663549999999,20018,380342,176.68365809052833,187.88678126652667,-11.203123175998343,-0.8488539697492562,0.8488539697492562,177.56879294825512,189.1131428059119
case_119,119,distance_to_inner_proxy,sigma_max_principal,0.95,8.035663549999999,20018,380342,46.60845552975189,57.811578705750236,-11.203123175998343,-0.8488539697492562,0.8488539697492562,47.493590387478676,59.037940245135445
case_119,119,fluence_rate,sigma_max_principal,0.95,8.035663549999999,20018,380342,3.6296867248975926,3.441631393190867,0.1880553317067255,0.6031793092692158,0.6031793092692158,3.612834,3.367551
case_119,119,temperature,sigma_max_principal,0.95,8.035663549999999,20018,380342,376.3177262935358,370.50088398822123,5.816842305314594,0.5173676768036494,0.5173676768036494,375.539154,367.314484
case_119,119,param_field_magnitude_scaled,sigma_max_principal,0.95,8.035663549999999,20018,380342,0.8383628725187882,1.24904531646317,-0.4106824439443819,-0.44153561252129253,0.44153561252129253,0.7392765877022934,0.854882259916016
case_119,119,theta_cos,sigma_max_principal,0.95,8.035663549999999,20018,380342,0.908806824433681,0.933210681678352,-0.02440385724467098,-0.38200137592307754,0.38200137592307754,0.9061513705753556,0.9430827607080307
case_119,119,z,sigma_max_principal,0.95,8.035663549999999,20018,380342,531.4140578714656,438.41689740954195,92.99716046192367,0.3301628829440659,0.3301628829440659,573.281372,436.058899
case_119,119,theta,sigma_max_principal,0.95,8.035663549999999,20018,380342,0.38488925513761224,0.34215757828582744,0.042731676851784806,0.25075924716297127,0.25075924716297127,0.4367022791202475,0.3390147961575064
case_119,119,theta_sin,sigma_max_principal,0.95,8.035663549999999,20018,380342,0.3680945542201575,0.3323248146514574,0.03576973956870011,0.22830516621327956,0.22830516621327956,0.4229535359870334,0.3325581249262035
case_119,119,weight_loss_rate,sigma_max_principal,0.95,8.035663549999999,20018,380342,0.35169530272754523,0.35575519814798257,-0.004059895420437332,-0.08687746994090233,0.08687746994090233,0.34998,0.343961
case_120,120,rho_normalized,sigma_max_principal,0.95,10.294800249999993,20018,380342,0.5089856978239238,0.6221616876392976,-0.1131759898153738,-0.7932514047474051,0.7932514047474051,0.5350340594477097,0.635896738501876
case_120,120,distance_to_inner_proxy,sigma_max_principal,0.95,10.294800249999993,20018,380342,47.30935204888723,57.8288671719016,-10.519515123014372,-0.7932514047474046,0.7932514047474046,49.73050281132518,59.105516711260336
case_120,120,distance_to_outer_proxy,sigma_max_principal,0.95,10.294800249999993,20018,380342,45.63894149089158,35.119426367877224,10.519515123014358,0.7932514047474036,0.7932514047474036,43.21779072845362,33.84277682851847
case_120,120,rho,sigma_max_principal,0.95,10.294800249999993,20018,380342,177.44837746293643,187.96789258595075,-10.519515123014315,-0.7932514047474003,0.7932514047474003,179.86952822537438,189.24454212530952
case_120,120,temperature,sigma_max_principal,0.95,10.294800249999993,20018,380342,396.22667753846537,385.51534194295397,10.7113355955114,0.7275745800982591,0.7275745800982591,392.936096,384.655792
case_120,120,fluence_rate,sigma_max_principal,0.95,10.294800249999993,20018,380342,3.6437198370966133,3.4621278155055193,0.181592021591094,0.577912153678333,0.577912153678333,3.631087,3.387912
case_120,120,theta_cos,sigma_max_principal,0.95,10.294800249999993,20018,380342,0.9097721056091378,0.9332123317852679,-0.023440226176130063,-0.36605278911790184,0.36605278911790184,0.9067166210378557,0.94309787852183
case_120,120,z,sigma_max_principal,0.95,10.294800249999993,20018,380342,525.9742350868718,439.1907815200424,86.7834535668294,0.3023891065448249,0.3023891065448249,568.149719,436.4877775
case_120,120,param_field_magnitude_scaled,sigma_max_principal,0.95,10.294800249999993,20018,380342,0.9797108453727531,1.2531316377124648,-0.2734207923397117,-0.29388175911897935,0.29388175911897935,0.825290926292418,0.8909533541574086
case_120,120,theta,sigma_max_principal,0.95,10.294800249999993,20018,380342,0.3817405907588114,0.3421846745888475,0.0395559161699639,0.23130002415423587,0.23130002415423587,0.4353639236487128,0.33896933406547475
case_120,120,theta_sin,sigma_max_principal,0.95,10.294800249999993,20018,380342,0.36512162258329284,0.3323541015419917,0.03276752104130115,0.20837367423795683,0.20837367423795683,0.42174040490777476,0.33251525006739946
case_120,120,weight_loss_rate,sigma_max_principal,0.95,10.294800249999993,20018,380342,0.3531594994504945,0.35805964725431316,-0.004900147803818644,-0.10746197155511417,0.10746197155511417,0.3504165,0.34864249999999997
case_121,121,rho,sigma_max_principal,0.95,7.992828449999998,20018,380342,176.44351703553556,187.90772121364193,-11.464204178106371,-0.8690896707129168,0.8690896707129168,177.37207274224747,189.10399574026195
case_121,121,distance_to_inner_proxy,sigma_max_principal,0.95,7.992828449999998,20018,380342,46.34563915926046,57.809843337366814,-11.464204178106357,-0.8690896707129158,0.8690896707129158,47.27419486597236,59.00611786398683
case_121,121,rho_normalized,sigma_max_principal,0.95,7.992828449999998,20018,380342,0.4995817342937896,0.6231598553315719,-0.12357812103778232,-0.8690896707129143,0.8690896707129143,0.509591078835429,0.6360550686362503
case_121,121,distance_to_outer_proxy,sigma_max_principal,0.95,7.992828449999998,20018,380342,46.42324324348552,34.95903906537919,11.464204178106336,0.8690896707129141,0.8690896707129141,45.494687536773625,33.76276453875916
case_121,121,fluence_rate,sigma_max_principal,0.95,7.992828449999998,20018,380342,3.6018172644120297,3.396308133040789,0.20550913137124072,0.6605618345625051,0.6605618345625051,3.581514,3.320932
case_121,121,z,sigma_max_principal,0.95,7.992828449999998,20018,380342,549.4027063949446,437.45131402568217,111.95139236926246,0.40226489510011587,0.40226489510011587,602.693909,436.054321
case_121,121,theta_cos,sigma_max_principal,0.95,7.992828449999998,20018,380342,0.9091584496538531,0.9331851223669736,-0.024026672713120534,-0.3771826424938261,0.3771826424938261,0.906186653123807,0.9430764888422487
case_121,121,param_field_magnitude_scaled,sigma_max_principal,0.95,7.992828449999998,20018,380342,0.9119200839594294,1.1627245543196245,-0.25080447036019515,-0.25145975823297073,0.25145975823297073,0.7762388261925047,0.7931252028788355
case_121,121,theta,sigma_max_principal,0.95,7.992828449999998,20018,380342,0.38451055318643557,0.34219178774503833,0.04231876544139723,0.2492444625108501,0.2492444625108501,0.43661885222176133,0.33903365511175776
case_121,121,temperature,sigma_max_principal,0.95,7.992828449999998,20018,380342,371.2909646168948,368.77551666791203,2.5154479489827963,0.24461612939324603,0.24461612939324603,370.967529,365.963806
case_121,121,theta_sin,sigma_max_principal,0.95,7.992828449999998,20018,380342,0.3678230400943533,0.3323517424316303,0.035471297662723,0.22724136934710054,0.22724136934710054,0.42287793711692434,0.33257591042184065
case_121,121,weight_loss_rate,sigma_max_principal,0.95,7.992828449999998,20018,380342,0.3510829236686982,0.34882912591825255,0.002253797750445652,0.046776216822542904,0.046776216822542904,0.349775,0.336489
case_122,122,distance_to_outer_proxy,sigma_max_principal,0.95,5.73152475,20018,380342,45.214870025523275,34.838564502333654,10.376305523189622,0.7790464902475639,0.7790464902475639,42.79717826946873,33.60181296811078
case_122,122,distance_to_inner_proxy,sigma_max_principal,0.95,5.73152475,20018,380342,47.37465679323559,57.75096231642521,-10.376305523189622,-0.7790464902475638,0.7790464902475638,49.792348549290125,58.98771385064808
case_122,122,rho_normalized,sigma_max_principal,0.95,5.73152475,20018,380342,0.5116632347195166,0.6237310449752154,-0.11206781025569879,-0.7790464902475622,0.7790464902475622,0.5377751702604239,0.6370884038117476
case_122,122,rho,sigma_max_principal,0.95,5.73152475,20018,380342,177.48344491977863,187.85975044296816,-10.37630552318953,-0.7790464902475568,0.7790464902475568,179.90113667583313,189.09650197719108
case_122,122,fluence_rate,sigma_max_principal,0.95,5.73152475,20018,380342,3.613898196423219,3.4236746604477015,0.19022353597551733,0.6110286758065595,0.6110286758065595,3.5882505,3.3482265
case_122,122,temperature,sigma_max_principal,0.95,5.73152475,20018,380342,359.45441901178935,355.46018045486954,3.994238556919811,0.5308328735391814,0.5308328735391814,356.714661,354.126862
case_122,122,z,sigma_max_principal,0.95,5.73152475,20018,380342,580.6980588902487,435.60583218592734,145.09222670432138,0.5163179591318393,0.5163179591318393,685.0645139999999,435.876587
case_122,122,theta_cos,sigma_max_principal,0.95,5.73152475,20018,380342,0.9103296047545391,0.9330988190486917,-0.022769214294152684,-0.358710236947234,0.358710236947234,0.9080398468059129,0.9430303362547359
case_122,122,theta,sigma_max_principal,0.95,5.73152475,20018,380342,0.3819933373424198,0.3423881825748654,0.039605154767554385,0.23420971760849765,0.23420971760849765,0.43221572813081766,0.33917240091067025
case_122,122,theta_sin,sigma_max_principal,0.95,5.73152475,20018,380342,0.3655953067604605,0.3325275157730962,0.03306779098736429,0.2127088261394466,0.2127088261394466,0.41888379845960055,0.3327067551212015
case_122,122,param_field_magnitude_scaled,sigma_max_principal,0.95,5.73152475,20018,380342,1.2699072815624262,1.1627840530090985,0.10712322855332768,0.09295390116668571,0.09295390116668571,0.9950052767286309,0.796457673588635
case_122,122,weight_loss_rate,sigma_max_principal,0.95,5.73152475,20018,380342,0.3523939127285443,0.35644288788248474,-0.004048975153940426,-0.08938683201179191,0.08938683201179191,0.34819449999999996,0.346903
case_123,123,distance_to_outer_proxy,sigma_max_principal,0.95,7.509530899999993,20018,380342,46.612697565973825,34.868720236411065,11.74397732956276,0.8879143756754904,0.8879143756754904,45.556643100124404,33.685911197351984
case_123,123,distance_to_inner_proxy,sigma_max_principal,0.95,7.509530899999993,20018,380342,46.08019685348218,57.82417418304494,-11.74397732956276,-0.8879143756754903,0.8879143756754903,47.13625131933159,59.00698322210401
case_123,123,rho_normalized,sigma_max_principal,0.95,7.509530899999993,20018,380342,0.4971276076994534,0.6238253163330691,-0.12669770863361574,-0.8879143756754887,0.8879143756754887,0.5085206543020391,0.6365858310032295
case_123,123,rho,sigma_max_principal,0.95,7.509530899999993,20018,380342,176.115663629411,187.85964095897373,-11.743977329562739,-0.8879143756754885,0.8879143756754885,177.17171809526042,189.04244999803285
case_123,123,fluence_rate,sigma_max_principal,0.95,7.509530899999993,20018,380342,3.5638854410030967,3.357994141278113,0.20589129972498377,0.7440921142622616,0.7440921142622616,3.537487,3.293078
case_123,123,z,sigma_max_principal,0.95,7.509530899999993,20018,380342,560.1964459896593,436.725232589175,123.47121340048432,0.45225729992691893,0.45225729992691893,612.3246765,435.90451
case_123,123,theta_cos,sigma_max_principal,0.95,7.509530899999993,20018,380342,0.9067733597183147,0.9332865595876847,-0.026513199869369952,-0.4105831059905832,0.4105831059905832,0.9048985660740536,0.943186657734763
case_123,123,theta,sigma_max_principal,0.95,7.509530899999993,20018,380342,0.389901741402185,0.34197040527558037,0.04793133612660461,0.2804181599371077,0.2804181599371077,0.43965498217735455,0.3387022399878412
case_123,123,theta_sin,sigma_max_principal,0.95,7.509530899999993,20018,380342,0.372571648204365,0.3321588707571781,0.04041277744718691,0.2575018690499449,0.2575018690499449,0.42562728427187174,0.3322633423516904
case_123,123,param_field_magnitude_scaled,sigma_max_principal,0.95,7.509530899999993,20018,380342,0.966046692241284,1.1487011489874241,-0.18265445674614011,-0.18056768827140604,0.18056768827140604,0.8823064807409864,0.7923598771582586
case_123,123,weight_loss_rate,sigma_max_principal,0.95,7.509530899999993,20018,380342,0.3516048143171146,0.347708448888106,0.003896365429008619,0.07883829550598187,0.07883829550598187,0.350207,0.335612
case_123,123,temperature,sigma_max_principal,0.95,7.509530899999993,20018,380342,368.91968266595063,368.20204974729313,0.7176329186575003,0.057863040487397245,0.057863040487397245,368.472412,365.186157
case_124,124,rho,sigma_max_principal,0.95,8.326841400000001,20018,380342,176.15617271409909,187.99805917948854,-11.84188646538945,-0.8958060124464531,0.8958060124464531,176.57048754394035,189.18964370371958
case_124,124,rho_normalized,sigma_max_principal,0.95,8.326841400000001,20018,380342,0.4958353432151793,0.6233611385617603,-0.12752579534658104,-0.8958060124464472,0.8958060124464472,0.5002971178111283,0.6361933646280529
case_124,124,distance_to_outer_proxy,sigma_max_principal,0.95,8.326841400000001,20018,380342,46.816101866154,34.974215400764635,11.841886465389365,0.8958060124464468,0.8958060124464468,46.40178703631278,33.78263087653356
case_124,124,distance_to_inner_proxy,sigma_max_principal,0.95,8.326841400000001,20018,380342,46.04265218596769,57.88453865135705,-11.841886465389358,-0.8958060124464462,0.8958060124464462,46.456967015808914,59.07612317558814
case_124,124,fluence_rate,sigma_max_principal,0.95,8.326841400000001,20018,380342,3.631488517434309,3.4148673194598542,0.21662119797445456,0.6978176267191056,0.6978176267191056,3.6031364999999997,3.34197
case_124,124,z,sigma_max_principal,0.95,8.326841400000001,20018,380342,560.2775074316615,437.0753180826623,123.20218934899924,0.4516963905784578,0.4516963905784578,607.0700375,436.217194
case_124,124,theta_cos,sigma_max_principal,0.95,8.326841400000001,20018,380342,0.906587248856349,0.9333238668335736,-0.026736617977224597,-0.4142350571475013,0.4142350571475013,0.9049124138067073,0.943216515616937
case_124,124,theta,sigma_max_principal,0.95,8.326841400000001,20018,380342,0.3904281213448327,0.3418740252411627,0.04855409610366995,0.28415744788104075,0.28415744788104075,0.4396224461718315,0.33861236642252324
case_124,124,theta_sin,sigma_max_principal,0.95,8.326841400000001,20018,380342,0.37306286828290114,0.3320705209201672,0.04099234736273394,0.26127966231850164,0.26127966231850164,0.42559784226182396,0.33217857346229335
case_124,124,param_field_magnitude_scaled,sigma_max_principal,0.95,8.326841400000001,20018,380342,0.8816556204267785,1.130813399793386,-0.24915777936660755,-0.24457410308078711,0.24457410308078711,0.7693769753617423,0.7597549444309353
case_124,124,weight_loss_rate,sigma_max_principal,0.95,8.326841400000001,20018,380342,0.35434283095214303,0.34959484954593495,0.004747981406208079,0.09916520025598904,0.09916520025598904,0.353154,0.336969
case_124,124,temperature,sigma_max_principal,0.95,8.326841400000001,20018,380342,366.254572518883,365.54747504687094,0.7070974720120375,0.06051976288827603,0.06051976288827603,365.943024,362.770264
case_125,125,rho,sigma_max_principal,0.95,7.719361149999996,20018,380342,176.00450411665855,187.9677845769865,-11.963280460327951,-0.9022285403854079,0.9022285403854079,176.43838242400494,189.14072715120383
case_125,125,distance_to_inner_proxy,sigma_max_principal,0.95,7.719361149999996,20018,380342,45.865536922373735,57.82881738270163,-11.963280460327894,-0.9022285403854038,0.9022285403854038,46.29941522972011,59.00175995691902
case_125,125,distance_to_outer_proxy,sigma_max_principal,0.95,7.719361149999996,20018,380342,46.913911878680125,34.95063141835224,11.963280460327887,0.9022285403854032,0.9022285403854032,46.48003357133375,33.77768884413484
case_125,125,rho_normalized,sigma_max_principal,0.95,7.719361149999996,20018,380342,0.4943501768449044,0.6232933923406188,-0.12894321549571436,-0.9022285403854028,0.9022285403854028,0.4990266252712875,0.6359356594522992
case_125,125,fluence_rate,sigma_max_principal,0.95,7.719361149999996,20018,380342,3.6518085688380455,3.432460125500208,0.21934844333783765,0.6990679173597191,0.6990679173597191,3.627009,3.358283
case_125,125,theta_cos,sigma_max_principal,0.95,7.719361149999996,20018,380342,0.9055856585974369,0.9333802361255243,-0.02779457752808745,-0.42589017471782464,0.42589017471782464,0.9047869584173655,0.9432148057432879
case_125,125,z,sigma_max_principal,0.95,7.719361149999996,20018,380342,545.8834413848537,437.6706858251601,108.21275555969356,0.38882554506106776,0.38882554506106776,597.0796205,436.077026
case_125,125,theta,sigma_max_principal,0.95,7.719361149999996,20018,380342,0.3913931945462843,0.34181608737300373,0.049577107173280566,0.286949332370516,0.286949332370516,0.4399171283506047,0.3386175138380696
case_125,125,theta_sin,sigma_max_principal,0.95,7.719361149999996,20018,380342,0.37368948785488104,0.3320313230205952,0.04165816483428586,0.26265367978610815,0.26265367978610815,0.42586448534000715,0.33218342858524863
case_125,125,param_field_magnitude_scaled,sigma_max_principal,0.95,7.719361149999996,20018,380342,0.933700064894915,1.141857652182608,-0.20815758728769307,-0.2054741517851944,0.2054741517851944,0.790322744297115,0.7711708392567995
case_125,125,weight_loss_rate,sigma_max_principal,0.95,7.719361149999996,20018,380342,0.3539981571086023,0.34933184593602595,0.004666311172576321,0.1494455430078316,0.1494455430078316,0.351009,0.342703
case_125,125,temperature,sigma_max_principal,0.95,7.719361149999996,20018,380342,369.4746238806574,367.97050698648326,1.5041168941741603,0.14707882355152066,0.14707882355152066,369.26910399999997,365.483063
case_126,126,rho,sigma_max_principal,0.95,8.291734599999996,20018,380342,175.6167155622152,187.99783491264748,-12.381119350432272,-0.936152198114546,0.936152198114546,174.72166276610898,189.16640625835973
case_126,126,distance_to_inner_proxy,sigma_max_principal,0.95,8.291734599999996,20018,380342,45.48073874970146,57.86185810013372,-12.381119350432265,-0.9361521981145453,0.9361521981145453,44.58568595359519,59.030429445845954
case_126,126,rho_normalized,sigma_max_principal,0.95,8.291734599999996,20018,380342,0.4902941870238662,0.6237658722524947,-0.1334716852286285,-0.9361521981145449,0.9361521981145449,0.4806452852013723,0.6363633751444003
case_126,126,distance_to_outer_proxy,sigma_max_principal,0.95,8.291734599999996,20018,380342,47.28140274288691,34.900283392454675,12.381119350432236,0.9361521981145433,0.9361521981145433,48.17645553899318,33.731712046742416
case_126,126,fluence_rate,sigma_max_principal,0.95,8.291734599999996,20018,380342,3.6346416546608054,3.413112979405378,0.2215286752554273,0.7122336715548592,0.7122336715548592,3.60504,3.339382
case_126,126,theta_cos,sigma_max_principal,0.95,8.291734599999996,20018,380342,0.9045050955127163,0.9334593757534985,-0.02895428024078217,-0.44196177416331733,0.44196177416331733,0.9032738321474639,0.9433575687506615
case_126,126,z,sigma_max_principal,0.95,8.291734599999996,20018,380342,549.7811110872715,437.4978719914288,112.2832390958427,0.4144534200675196,0.4144534200675196,587.3063045,436.087006
case_126,126,theta,sigma_max_principal,0.95,8.291734599999996,20018,380342,0.39360602800598493,0.34163998173850035,0.05196604626748458,0.2995782173242891,0.2995782173242891,0.44345689513181297,0.33818747965447854
case_126,126,theta_sin,sigma_max_principal,0.95,8.291734599999996,20018,380342,0.3756223789558506,0.33187470627036364,0.04374767268548696,0.2747427146599013,0.2747427146599013,0.42906454544465494,0.3317777832722819
case_126,126,param_field_magnitude_scaled,sigma_max_principal,0.95,8.291734599999996,20018,380342,0.8490987511717506,1.1201615149729043,-0.2710627638011537,-0.26473583335594264,0.26473583335594264,0.7025638742437804,0.7192364437513358
case_126,126,weight_loss_rate,sigma_max_principal,0.95,8.291734599999996,20018,380342,0.33379962024178234,0.32840499479415897,0.005394625447623369,0.16796238523161447,0.16796238523161447,0.3309265,0.320523
case_126,126,temperature,sigma_max_principal,0.95,8.291734599999996,20018,380342,377.90735126666,377.52899776453836,0.37835350212162666,0.040707189855679594,0.040707189855679594,377.92749,375.807343
case_127,127,rho,sigma_max_principal,0.95,7.859949449999994,20018,380342,176.6749267488158,187.8815141408728,-11.206587392057003,-0.8483724926890898,0.8483724926890898,177.51487501022802,189.09005018978382
case_127,127,distance_to_inner_proxy,sigma_max_principal,0.95,7.859949449999994,20018,380342,46.5835346306084,57.7901220226654,-11.206587392057003,-0.8483724926890898,0.8483724926890898,47.4234828920206,58.99865807157643
case_127,127,rho_normalized,sigma_max_principal,0.95,7.859949449999994,20018,380342,0.5020818597189234,0.6228675468404318,-0.12078568712150839,-0.8483724926890893,0.8483724926890893,0.5111349036431689,0.6358932657298677
case_127,127,distance_to_outer_proxy,sigma_max_principal,0.95,7.859949449999994,20018,380342,46.19722159246427,34.99063420040728,11.206587392056989,0.8483724926890887,0.8483724926890887,45.35727333105207,33.78209815149624
case_127,127,fluence_rate,sigma_max_principal,0.95,7.859949449999994,20018,380342,3.6048761437706065,3.4102347533588175,0.19464139041178896,0.6315066124716319,0.6315066124716319,3.5844959999999997,3.336263
case_127,127,z,sigma_max_principal,0.95,7.859949449999994,20018,380342,550.6870040375163,437.36550599198097,113.32149804553535,0.4038722000600122,0.4038722000600122,612.462524,436.036713
case_127,127,theta_cos,sigma_max_principal,0.95,7.859949449999994,20018,380342,0.909836514900418,0.9331493783338766,-0.02331286343345862,-0.36651973241429375,0.36651973241429375,0.9066276525286284,0.9430647318464018
case_127,127,temperature,sigma_max_principal,0.95,7.859949449999994,20018,380342,370.4877054920072,367.8982365844346,2.589468907572609,0.2594005066281841,0.2594005066281841,369.983459,365.188538
case_127,127,theta,sigma_max_principal,0.95,7.859949449999994,20018,380342,0.38298708422957795,0.3422717465051489,0.040715337724429035,0.24025999070101955,0.24025999070101955,0.4355748314562123,0.33906900465536327
case_127,127,param_field_magnitude_scaled,sigma_max_principal,0.95,7.859949449999994,20018,380342,0.9268935973637868,1.1604852084802884,-0.2335916111165015,-0.23409728952135983,0.23409728952135983,0.7721876796903554,0.783064537627195
case_127,127,theta_sin,sigma_max_principal,0.95,7.859949449999994,20018,380342,0.3664603704507944,0.33242318140910176,0.03403718904169262,0.21847937115126598,0.21847937115126598,0.42193162914124216,0.3326092475375173
case_127,127,weight_loss_rate,sigma_max_principal,0.95,7.859949449999994,20018,380342,0.35357926436207415,0.3531306041772931,0.00044866018478106895,0.00878519504758395,0.00878519504758395,0.351094,0.339008
case_128,128,rho,sigma_max_principal,0.95,5.5861817,20018,380342,177.27135746936557,187.86020302141048,-10.588845552044916,-0.7967196736232873,0.7967196736232873,179.55972290911433,189.0908086350704
case_128,128,distance_to_outer_proxy,sigma_max_principal,0.95,5.5861817,20018,380342,45.391054595539835,34.80220904349495,10.588845552044887,0.7967196736232851,0.7967196736232851,43.10268915579108,33.571603429834994
case_128,128,rho_normalized,sigma_max_principal,0.95,5.5861817,20018,380342,0.5096158153774004,0.6240128576669707,-0.11439704228957026,-0.7967196736232836,0.7967196736232836,0.5343382685190816,0.6373077576384274
case_128,128,distance_to_inner_proxy,sigma_max_principal,0.95,5.5861817,20018,380342,47.17117726043418,57.760022812479036,-10.588845552044859,-0.796719673623283,0.796719673623283,49.45954270018292,58.99062842613901
case_128,128,temperature,sigma_max_principal,0.95,5.5861817,20018,380342,359.9106501294835,355.29926561708146,4.611384512402026,0.6187805855023806,0.6187805855023806,357.202225,353.833069
case_128,128,fluence_rate,sigma_max_principal,0.95,5.5861817,20018,380342,3.6037263264561896,3.4183512364477227,0.18537509000846697,0.6009370873375958,0.6009370873375958,3.578154,3.344185
case_128,128,z,sigma_max_principal,0.95,5.5861817,20018,380342,579.3053419338595,435.64935878283757,143.65598315102193,0.515480516533248,0.515480516533248,665.4237364999999,435.851501
case_128,128,theta_cos,sigma_max_principal,0.95,5.5861817,20018,380342,0.9102993784583568,0.9331013524446076,-0.022801973986250723,-0.3590328292999371,0.3590328292999371,0.9078150735074977,0.94303195768214
case_128,128,theta,sigma_max_principal,0.95,5.5861817,20018,380342,0.38197010203438336,0.34238431999886565,0.039585782035517714,0.2339302262079182,0.2339302262079182,0.43275201355886495,0.33916752743398104
case_128,128,theta_sin,sigma_max_principal,0.95,5.5861817,20018,380342,0.36555940660405456,0.3325243723919227,0.033035034212131886,0.21234450813281924,0.21234450813281924,0.4193707060661378,0.3327021592808852
case_128,128,param_field_magnitude_scaled,sigma_max_principal,0.95,5.5861817,20018,380342,1.3247966435908018,1.1674754416232422,0.1573212019675596,0.13193293776465065,0.13193293776465065,0.9630118585321998,0.8043358763905708
case_128,128,weight_loss_rate,sigma_max_principal,0.95,5.5861817,20018,380342,0.3512150978619243,0.35516379530790715,-0.003948697445982863,-0.08314053408559903,0.08314053408559903,0.350727,0.344376
case_129,129,z,sigma_max_principal,0.95,8.36048535,20018,380342,543.6007872593666,438.17191629050956,105.42887096885704,0.3977598225301858,0.3977598225301858,558.24292,436.375977
case_129,129,temperature,sigma_max_principal,0.95,8.36048535,20018,380342,372.8781213526826,376.8172174184761,-3.9390960657934784,-0.3716185318002324,0.3716185318002324,375.162628,374.892303
case_129,129,theta_cos,sigma_max_principal,0.95,8.36048535,20018,380342,0.915940109375099,0.9329093982310871,-0.01696928885598814,-0.2644560311992655,0.2644560311992655,0.9354953769908472,0.9427518788344096
case_129,129,weight_loss_rate,sigma_max_principal,0.95,8.36048535,20018,380342,0.3464288563792587,0.35712519164593975,-0.010696335266681067,-0.22130873298062484,0.22130873298062484,0.343225,0.346364
case_129,129,distance_to_outer_proxy,sigma_max_principal,0.95,8.36048535,20018,380342,38.152226344375684,35.49557382257199,2.656652521803693,0.15010842709301128,0.15010842709301128,42.58193493334096,34.13518476761139
case_129,129,distance_to_inner_proxy,sigma_max_principal,0.95,8.36048535,20018,380342,54.80088593093716,57.45753845274082,-2.6566525218036574,-0.15010842709300926,0.15010842709300926,50.37117734197187,58.81792750770144
case_129,129,rho_normalized,sigma_max_principal,0.95,8.36048535,20018,380342,0.589554072903179,0.6181346384891386,-0.028580565585959672,-0.15010842709300895,0.15010842709300895,0.5418987714233837,0.6327698564141864
case_129,129,rho,sigma_max_principal,0.95,8.36048535,20018,380342,184.9783223533785,187.63497487518214,-2.656652521803636,-0.1501084270930081,0.1501084270930081,180.5486137644132,188.9953639301428
case_129,129,theta,sigma_max_principal,0.95,8.36048535,20018,380342,0.3652019455413948,0.34301667979805384,0.022185265743340954,0.13005464909114134,0.13005464909114134,0.36113786608399556,0.3400083561277356
case_129,129,theta_sin,sigma_max_principal,0.95,8.36048535,20018,380342,0.34985356160977055,0.33312485085313487,0.01672871075663568,0.10673288413614127,0.10673288413614127,0.353338930247396,0.33349496990747995
case_129,129,param_field_magnitude_scaled,sigma_max_principal,0.95,8.36048535,20018,380342,1.2289534916888745,1.1302323551500377,0.09872113653883674,0.0879073704366116,0.0879073704366116,0.8921000703960852,0.7430805607720131
case_129,129,fluence_rate,sigma_max_principal,0.95,8.36048535,20018,380342,3.891570596263363,3.898777802556646,-0.007207206293283086,-0.021713678922518454,0.021713678922518454,4.016731,3.859586
case_130,130,rho,sigma_max_principal,0.95,7.7413323,20018,380342,175.84374083692333,188.0100565996713,-12.166315762747956,-0.9192742060062121,0.9192742060062121,175.01337569803087,189.17396862512345
case_130,130,rho_normalized,sigma_max_principal,0.95,7.7413323,20018,380342,0.49272573281494664,0.6238766715038527,-0.1311509386889061,-0.9192742060062077,0.9192742060062077,0.4837745293821257,0.6364234570440369
case_130,130,distance_to_inner_proxy,sigma_max_principal,0.95,7.7413323,20018,380342,45.70807429809937,57.87439006084726,-12.166315762747892,-0.9192742060062075,0.9192742060062075,44.87770915920689,59.03830208629945
case_130,130,distance_to_outer_proxy,sigma_max_principal,0.95,7.7413323,20018,380342,47.05768006380237,34.89136430105448,12.166315762747892,0.9192742060062075,0.9192742060062075,47.888045202694855,33.72745227560229
case_130,130,fluence_rate,sigma_max_principal,0.95,7.7413323,20018,380342,3.6235428882006193,3.399981073959752,0.2235618142408673,0.7174252516757613,0.7174252516757613,3.591984,3.322365
case_130,130,z,sigma_max_principal,0.95,7.7413323,20018,380342,560.3627500814267,436.91412591365406,123.44862416777266,0.4553060507322751,0.4553060507322751,606.921143,436.077515
case_130,130,theta_cos,sigma_max_principal,0.95,7.7413323,20018,380342,0.9057517219749174,0.9333528047013916,-0.027601082726474213,-0.42407546627225484,0.42407546627225484,0.9038386565567905,0.9432077472587286
case_130,130,theta,sigma_max_principal,0.95,7.7413323,20018,380342,0.39149865001649664,0.3418559971064987,0.04964265290999792,0.2883301252009803,0.2883301252009803,0.4421386566235741,0.33863876195270803
case_130,130,theta_sin,sigma_max_principal,0.95,7.7413323,20018,380342,0.3738624111229204,0.3320634177591586,0.041798993363761805,0.2644738243137838,0.2644738243137838,0.4278734426365045,0.3322034700465576
case_130,130,weight_loss_rate,sigma_max_principal,0.95,7.7413323,20018,380342,0.3224643904485962,0.31512131654142855,0.007343073907167652,0.22055179069050554,0.22055179069050554,0.320253,0.307014
case_130,130,param_field_magnitude_scaled,sigma_max_principal,0.95,7.7413323,20018,380342,0.9318560579124372,1.1517204812725619,-0.21986442336012468,-0.21548517882991847,0.21548517882991847,0.803999808686134,0.8049554034369679
case_130,130,temperature,sigma_max_principal,0.95,7.7413323,20018,380342,364.9166884832651,364.0014743534135,0.915214129851563,0.08529320205590468,0.08529320205590468,364.63063050000005,361.4634245
case_131,131,rho_normalized,sigma_max_principal,0.95,7.43220005,20018,380342,0.4948865315508351,0.6239427129417617,-0.12905618139092662,-0.903079897660946,0.903079897660946,0.49883087624958933,0.6365855968316833
case_131,131,distance_to_outer_proxy,sigma_max_principal,0.95,7.43220005,20018,380342,46.82270289632494,34.85953102376632,11.963171872558618,0.9030798976609455,0.9030798976609455,46.45707241627163,33.6875686170856
case_131,131,distance_to_inner_proxy,sigma_max_principal,0.95,7.43220005,20018,380342,45.87469248313964,57.83786435569825,-11.963171872558611,-0.9030798976609449,0.9030798976609449,46.24032296319295,59.00982676237898
case_131,131,rho,sigma_max_principal,0.95,7.43220005,20018,380342,175.907521458602,187.87069333116057,-11.963171872558576,-0.9030798976609423,0.9030798976609423,176.2731519386553,189.04265573784136
case_131,131,fluence_rate,sigma_max_principal,0.95,7.43220005,20018,380342,3.549555339594365,3.3416057479952257,0.20794959159913917,0.7511866607717421,0.7511866607717421,3.528136,3.277557
case_131,131,z,sigma_max_principal,0.95,7.43220005,20018,380342,563.3023745172844,436.56357833367343,126.73879618361099,0.46804310373000363,0.46804310373000363,612.3274845,435.905334
case_131,131,theta_cos,sigma_max_principal,0.95,7.43220005,20018,380342,0.9059775909651782,0.933329264220548,-0.0273516732553698,-0.42084436552326526,0.42084436552326526,0.9046283209933965,0.9431993466549526
case_131,131,theta,sigma_max_principal,0.95,7.43220005,20018,380342,0.3914304566005283,0.3418876552436556,0.04954280135687267,0.2887144176499331,0.2887144176499331,0.4402894674902474,0.338664048570656
case_131,131,theta_sin,sigma_max_principal,0.95,7.43220005,20018,380342,0.37386286984550804,0.3320887843998639,0.04177408544564415,0.26526922370647354,0.26526922370647354,0.4262013393139843,0.33222732047429815
case_131,131,param_field_magnitude_scaled,sigma_max_principal,0.95,7.43220005,20018,380342,0.9794091604351994,1.1422771796807027,-0.16286801924550331,-0.1600396069651851,0.1600396069651851,0.9230507484258061,0.7842495647080076
case_131,131,temperature,sigma_max_principal,0.95,7.43220005,20018,380342,368.45504392007194,367.23709500830313,1.217948911768815,0.09941525211076893,0.09941525211076893,368.09375,364.026215
case_131,131,weight_loss_rate,sigma_max_principal,0.95,7.43220005,20018,380342,0.361741787641123,0.3577687247556147,0.003973062885508305,0.07812925919623606,0.07812925919623606,0.362403,0.345929
case_132,132,z,sigma_max_principal,0.95,7.170244099999997,20018,380342,551.7592049313118,437.50552310779244,114.2536818235194,0.42553439040786034,0.42553439040786034,573.48291,436.173584
case_132,132,theta_cos,sigma_max_principal,0.95,7.170244099999997,20018,380342,0.917483843999514,0.9327847095732802,-0.015300865573766198,-0.24237206522587343,0.24237206522587343,0.9378879042518589,0.9427072647197122
case_132,132,distance_to_outer_proxy,sigma_max_principal,0.95,7.170244099999997,20018,380342,38.01523390686648,35.40004459829147,2.6151893085750046,0.150007774905505,0.150007774905505,42.33661325035057,34.02670562522522
case_132,132,rho_normalized,sigma_max_principal,0.95,7.170244099999997,20018,380342,0.590305574558499,0.6184897620824342,-0.028184187523935256,-0.15000777490550407,0.15000777490550407,0.5437335862976638,0.6332903897172724
case_132,132,distance_to_inner_proxy,sigma_max_principal,0.95,7.170244099999997,20018,380342,54.774004965251244,57.38919427382623,-2.6151893085749833,-0.15000777490550377,0.15000777490550377,50.452625621767154,58.7625332468925
case_132,132,rho,sigma_max_principal,0.95,7.170244099999997,20018,380342,184.97886063268828,187.59404994126325,-2.615189308574969,-0.15000777490550296,0.15000777490550296,180.65748128920416,188.96738891432952
case_132,132,theta,sigma_max_principal,0.95,7.170244099999997,20018,380342,0.3621861267389556,0.3432853893904005,0.01890073734855513,0.11177545407587797,0.11177545407587797,0.35430480802946884,0.3401421083170886
case_132,132,theta_sin,sigma_max_principal,0.95,7.170244099999997,20018,380342,0.34731036117249614,0.3333590588535769,0.013951302318919223,0.08966888826007659,0.08966888826007659,0.3469384369840781,0.3336210620519609
case_132,132,temperature,sigma_max_principal,0.95,7.170244099999997,20018,380342,360.857966034469,361.2219236563777,-0.363957621908753,-0.040181146205881396,0.040181146205881396,360.165436,358.685364
case_132,132,weight_loss_rate,sigma_max_principal,0.95,7.170244099999997,20018,380342,0.3594282721051054,0.3607752903676165,-0.0013470182625111016,-0.029656649004762607,0.029656649004762607,0.35166149999999996,0.348654
case_132,132,param_field_magnitude_scaled,sigma_max_principal,0.95,7.170244099999997,20018,380342,1.186359673879105,1.1714119414776754,0.014947732401429548,0.014358539693060177,0.014358539693060177,0.9229798342376504,0.7876869969508163
case_132,132,fluence_rate,sigma_max_principal,0.95,7.170244099999997,20018,380342,3.8644438968927965,3.8677912747159144,-0.003347377823117892,-0.010164032985018953,0.010164032985018953,3.977948,3.823854
case_133,133,rho,sigma_max_principal,0.95,8.053081149999999,20018,380342,176.50720042498156,187.93467635170012,-11.427475926718557,-0.86178853469864,0.86178853469864,177.47749233220594,189.1348430904084
case_133,133,distance_to_inner_proxy,sigma_max_principal,0.95,8.053081149999999,20018,380342,46.39020104320292,57.81767696992147,-11.42747592671855,-0.8617885346986396,0.8617885346986396,47.3604929504273,59.017843708629755
case_133,133,rho_normalized,sigma_max_principal,0.95,8.053081149999999,20018,380342,0.4998379007126511,0.6229648854898006,-0.12312698477714945,-0.8617885346986384,0.8617885346986384,0.5102924505761846,0.6358962548240794
case_133,133,distance_to_outer_proxy,sigma_max_principal,0.95,8.053081149999999,20018,380342,46.42029007213952,34.992814145420994,11.427475926718529,0.861788534698638,0.861788534698638,45.449998164915144,33.79264740671269
case_133,133,fluence_rate,sigma_max_principal,0.95,8.053081149999999,20018,380342,3.618929083325008,3.4160133006662434,0.20291578265876442,0.653503751673396,0.653503751673396,3.595544,3.342549
case_133,133,z,sigma_max_principal,0.95,8.053081149999999,20018,380342,554.0378254481967,437.2674356155777,116.770389832619,0.41746820433640747,0.41746820433640747,612.5661315,436.103302
case_133,133,theta_cos,sigma_max_principal,0.95,8.053081149999999,20018,380342,0.9081385185665739,0.9332445189763374,-0.025106000409763518,-0.39026119426249156,0.39026119426249156,0.9061902773105888,0.943080407539436
case_133,133,theta,sigma_max_principal,0.95,8.053081149999999,20018,380342,0.3864525772855348,0.34207988428179176,0.044372693003743024,0.2599395262772995,0.2599395262772995,0.4366102818525139,0.33902187204957474
case_133,133,theta_sin,sigma_max_principal,0.95,8.053081149999999,20018,380342,0.3694528335028844,0.33225779439599995,0.03719503910688443,0.23721098839955404,0.23721098839955404,0.42287017074716704,0.33256479806985006
case_133,133,param_field_magnitude_scaled,sigma_max_principal,0.95,8.053081149999999,20018,380342,0.9107129325066063,1.1472076552934796,-0.23649472278687322,-0.23552503872450145,0.23552503872450145,0.8185224870564161,0.769287208335651
case_133,133,temperature,sigma_max_principal,0.95,8.053081149999999,20018,380342,368.8639889857628,368.01269302096284,0.851295964799931,0.08381030239750141,0.08381030239750141,368.41455099999996,365.549561
case_133,133,weight_loss_rate,sigma_max_principal,0.95,8.053081149999999,20018,380342,0.35845672274952545,0.35680161876416483,0.0016551039853606175,0.037650802609288284,0.037650802609288284,0.3572685,0.34709049999999997
case_134,134,distance_to_outer_proxy,sigma_max_principal,0.95,7.640415399999999,20018,380342,45.12616759892939,35.060952600281496,10.065214998647896,0.720306171115053,0.720306171115053,45.09984448385795,33.8145373188911
case_134,134,distance_to_inner_proxy,sigma_max_principal,0.95,7.640415399999999,20018,380342,47.66271731739814,57.727932316046015,-10.065214998647875,-0.7203061711150514,0.7203061711150514,47.68904043246958,58.974347597436434
case_134,134,rho_normalized,sigma_max_principal,0.95,7.640415399999999,20018,380342,0.5136683920749565,0.6221427530689936,-0.10847436099403707,-0.7203061711150511,0.7203061711150511,0.5139520803108392,0.6355755611312348
case_134,134,rho,sigma_max_principal,0.95,7.640415399999999,20018,380342,177.787933669121,187.85314866776886,-10.06521499864786,-0.7203061711150502,0.7203061711150502,177.81425678419248,189.09956394915932
case_134,134,fluence_rate,sigma_max_principal,0.95,7.640415399999999,20018,380342,3.7356590163352985,3.5650483568656632,0.17061065946963527,0.5843560908629328,0.5843560908629328,3.733338,3.502868
case_134,134,z,sigma_max_principal,0.95,7.640415399999999,20018,380342,550.2780087025177,437.4375791230603,112.8404295794574,0.40210238077302685,0.40210238077302685,597.0550539999999,436.067505
case_134,134,theta_cos,sigma_max_principal,0.95,7.640415399999999,20018,380342,0.9110916551453011,0.933104312222647,-0.0220126570773459,-0.34560834168914767,0.34560834168914767,0.9080209526691987,0.9430299447833749
case_134,134,param_field_magnitude_scaled,sigma_max_principal,0.95,7.640415399999999,20018,380342,0.9624125181934383,1.1815530882380396,-0.2191405700446013,-0.223751127741043,0.223751127741043,0.8751827256867304,0.8186177879368
case_134,134,theta,sigma_max_principal,0.95,7.640415399999999,20018,380342,0.3791864192574921,0.3424237475469249,0.036762671710567185,0.21636385249116058,0.21636385249116058,0.43226083184093034,0.339173577534029
case_134,134,theta_sin,sigma_max_principal,0.95,7.640415399999999,20018,380342,0.36290675905131514,0.33256709320790656,0.03033966584340858,0.19420067607631686,0.19420067607631686,0.41892475399968254,0.33270786471243347
case_134,134,temperature,sigma_max_principal,0.95,7.640415399999999,20018,380342,369.05624517244485,367.31687983798264,1.7393653344622066,0.17895455242759756,0.17895455242759756,368.391357,364.667847
case_134,134,weight_loss_rate,sigma_max_principal,0.95,7.640415399999999,20018,380342,0.3565377808971925,0.35928111173102084,-0.002743330833828328,-0.05429888585612606,0.05429888585612606,0.356132,0.346985
case_135,135,distance_to_inner_proxy,sigma_max_principal,0.95,5.143723049999999,20018,380342,46.43116100774637,57.7841443040946,-11.352983296348235,-0.8536286831153951,0.8536286831153951,47.48938838113429,58.985543693110955
case_135,135,distance_to_outer_proxy,sigma_max_principal,0.95,5.143723049999999,20018,380342,46.16643584734956,34.81345255100133,11.352983296348228,0.8536286831153945,0.8536286831153945,45.10820847396164,33.612053161984974
case_135,135,rho_normalized,sigma_max_principal,0.95,5.143723049999999,20018,380342,0.5014294386106536,0.6240350318650257,-0.12260559325437215,-0.8536286831153942,0.8536286831153942,0.5128576765922928,0.6370094440508669
case_135,135,rho,sigma_max_principal,0.95,5.143723049999999,20018,380342,176.37149603177804,187.72447932812625,-11.352983296348214,-0.8536286831153935,0.8536286831153935,177.42972340516596,188.9258787171426
case_135,135,fluence_rate,sigma_max_principal,0.95,5.143723049999999,20018,380342,3.471287882705565,3.278938216836427,0.1923496658691377,0.757611654307808,0.757611654307808,3.443579,3.218707
case_135,135,z,sigma_max_principal,0.95,5.143723049999999,20018,380342,570.4705179139274,435.7246391655458,134.74587874838164,0.49341674306092187,0.49341674306092187,635.560791,435.5026095
case_135,135,theta_cos,sigma_max_principal,0.95,5.143723049999999,20018,380342,0.9071439020433343,0.9332276895314875,-0.02608378748815321,-0.40258869691255833,0.40258869691255833,0.9051958426920702,0.9430298390271251
case_135,135,theta,sigma_max_principal,0.95,5.143723049999999,20018,380342,0.3884257411333813,0.34214447181267926,0.046281269320702034,0.26983035978675707,0.26983035978675707,0.4389560192660286,0.3391738953995841
case_135,135,theta_sin,sigma_max_principal,0.95,5.143723049999999,20018,380342,0.3711396823448713,0.33232176589429313,0.038817916450578194,0.24649380565225085,0.24649380565225085,0.4249946898173437,0.3327081644692128
case_135,135,param_field_magnitude_scaled,sigma_max_principal,0.95,5.143723049999999,20018,380342,1.0067028171484331,1.1674777514418915,-0.16077493429345835,-0.16043278740186323,0.16043278740186323,0.9584370172624735,0.8141279030314961
case_135,135,temperature,sigma_max_principal,0.95,5.143723049999999,20018,380342,363.4912993216605,363.0500410084476,0.4412583132129271,0.05213328444029886,0.05213328444029886,363.299347,361.304688
case_135,135,weight_loss_rate,sigma_max_principal,0.95,5.143723049999999,20018,380342,0.3498904490958138,0.3487193181031809,0.001171130992632885,0.024791677445665936,0.024791677445665936,0.347248,0.337486
case_136,136,rho_normalized,sigma_max_principal,0.95,5.9358173999999995,20018,380342,0.501385973345614,0.6241132233008262,-0.12272724995521223,-0.8565309857813629,0.8565309857813629,0.5109345867089433,0.6370981925775828
case_136,136,distance_to_outer_proxy,sigma_max_principal,0.95,5.9358173999999995,20018,380342,46.17585787041834,34.810280995688174,11.365576874730166,0.8565309857813622,0.8565309857813622,45.291575860778266,33.60776348971582
case_136,136,rho,sigma_max_principal,0.95,5.9358173999999995,20018,380342,176.55405185926807,187.91962873399822,-11.365576874730152,-0.8565309857813611,0.8565309857813611,177.43833386890813,189.12214623997056
case_136,136,distance_to_inner_proxy,sigma_max_principal,0.95,5.9358173999999995,20018,380342,46.4325634775537,57.79814035228385,-11.365576874730152,-0.8565309857813611,0.8565309857813611,47.316845487193774,59.00065785825622
case_136,136,fluence_rate,sigma_max_principal,0.95,5.9358173999999995,20018,380342,3.6472230063442908,3.4320764503604657,0.21514655598382504,0.7048138159841061,0.7048138159841061,3.623423,3.36086
case_136,136,z,sigma_max_principal,0.95,5.9358173999999995,20018,380342,576.0767296946248,435.86576810242616,140.2109615921986,0.5101245574026134,0.5101245574026134,645.879395,435.882874
case_136,136,theta_cos,sigma_max_principal,0.95,5.9358173999999995,20018,380342,0.9083852565942766,0.9332074119658237,-0.024822155371547083,-0.3869363639167359,0.3869363639167359,0.9061729267486356,0.9430538030585661
case_136,136,temperature,sigma_max_principal,0.95,5.9358173999999995,20018,380342,360.4557204514437,357.6959797351726,2.7597407162710965,0.3848125536544572,0.3848125536544572,358.314545,356.127167
case_136,136,theta,sigma_max_principal,0.95,5.9358173999999995,20018,380342,0.38601960296147075,0.34215699082540607,0.04386261213606468,0.2573255575357367,0.2573255575357367,0.436651310519107,0.3391018608638218
case_136,136,theta_sin,sigma_max_principal,0.95,5.9358173999999995,20018,380342,0.36909982247871653,0.3323249794138363,0.036774843064880214,0.23480934718325586,0.23480934718325586,0.4229073501699985,0.3326402328893891
case_136,136,weight_loss_rate,sigma_max_principal,0.95,5.9358173999999995,20018,380342,0.3385305212308922,0.3326087914193016,0.005921729811590615,0.15151737642544236,0.15151737642544236,0.338173,0.322086
case_136,136,param_field_magnitude_scaled,sigma_max_principal,0.95,5.9358173999999995,20018,380342,1.0755989203964098,1.1341934607777142,-0.058594540381304405,-0.053958351112012894,0.053958351112012894,0.8511521266774129,0.7627919114548266
case_137,137,rho_normalized,sigma_max_principal,0.95,5.4260912,20018,380342,0.5102078246074178,0.6239177692200817,-0.11370994461266393,-0.7930597479222731,0.7930597479222731,0.5339898081493983,0.6372634041473955
case_137,137,distance_to_inner_proxy,sigma_max_principal,0.95,5.4260912,20018,380342,47.226317654973066,57.75164028980156,-10.525322634828491,-0.7930597479222727,0.7930597479222727,49.42764710358182,58.986951008271205
case_137,137,distance_to_outer_proxy,sigma_max_principal,0.95,5.4260912,20018,380342,45.336585885974436,34.81126325114597,10.52532263482847,0.7930597479222712,0.7930597479222712,43.13525643736568,33.5759525326763
case_137,137,rho,sigma_max_principal,0.95,5.4260912,20018,380342,177.33863658987474,187.8639592247032,-10.525322634828456,-0.7930597479222701,0.7930597479222701,179.53996603848347,189.09926994317286
case_137,137,temperature,sigma_max_principal,0.95,5.4260912,20018,380342,359.101869912229,354.0379878324691,5.063882079759878,0.6414344402502214,0.6414344402502214,355.338959,352.655365
case_137,137,fluence_rate,sigma_max_principal,0.95,5.4260912,20018,380342,3.620397361574583,3.425733163500219,0.19466419807436397,0.6290676560298966,0.6290676560298966,3.5970525,3.350806
case_137,137,z,sigma_max_principal,0.95,5.4260912,20018,380342,581.2484247930862,435.55947241388543,145.68895237920077,0.5189622236081439,0.5189622236081439,690.695984,435.862762
case_137,137,theta_cos,sigma_max_principal,0.95,5.4260912,20018,380342,0.911096341299236,0.9330590686136883,-0.021962727314452257,-0.34830457199212755,0.34830457199212755,0.9085336276564115,0.9430269114199884
case_137,137,theta,sigma_max_principal,0.95,5.4260912,20018,380342,0.3805223856649277,0.34246040718721743,0.03806197847771026,0.22600949787356026,0.22600949787356026,0.43103540683144737,0.3391826946144457
case_137,137,theta_sin,sigma_max_principal,0.95,5.4260912,20018,380342,0.36435005637505063,0.3325877802045924,0.03176227617045824,0.20504939233917446,0.20504939233917446,0.41781172631949115,0.3327164623785057
case_137,137,param_field_magnitude_scaled,sigma_max_principal,0.95,5.4260912,20018,380342,1.3915251132557283,1.1453486398398594,0.2461764734158689,0.19311191411660728,0.19311191411660728,0.8837473780654461,0.7782714263036726
case_137,137,weight_loss_rate,sigma_max_principal,0.95,5.4260912,20018,380342,0.35308851988210616,0.3574132116489896,-0.004324691766883437,-0.09502472006691717,0.09502472006691717,0.35034,0.346044
case_138,138,distance_to_outer_proxy,sigma_max_principal,0.95,7.3140503,20018,380342,43.15904297469431,35.13295906096642,8.026083913727888,0.522595900558232,0.522595900558232,44.816812492442295,33.86685086603943
case_138,138,rho_normalized,sigma_max_principal,0.95,7.3140503,20018,380342,0.5347040538384951,0.6212329490876164,-0.08652889524912133,-0.5225959005582318,0.5225959005582318,0.5168317058179303,0.6348828117791225
case_138,138,distance_to_inner_proxy,sigma_max_principal,0.95,7.3140503,20018,380342,49.59706919593213,57.62315310966001,-8.02608391372788,-0.5225959005582315,0.5225959005582315,47.93929967818414,58.88926130458701
case_138,138,rho,sigma_max_principal,0.95,7.3140503,20018,380342,179.73420690891325,187.76029082264108,-8.026083913727831,-0.5225959005582284,0.5225959005582284,178.07643739116526,189.0263990175681
case_138,138,fluence_rate,sigma_max_principal,0.95,7.3140503,20018,380342,3.767140115745829,3.6398232116016622,0.12731690414416663,0.4237382981869233,0.4237382981869233,3.799323,3.582077
case_138,138,z,sigma_max_principal,0.95,7.3140503,20018,380342,543.3408473581277,437.79024773330855,105.55059962481914,0.38118270147534977,0.38118270147534977,577.4334415000001,436.054016
case_138,138,theta_cos,sigma_max_principal,0.95,7.3140503,20018,380342,0.91312324247747,0.9329959166235039,-0.019872674146033886,-0.31353428625906526,0.31353428625906526,0.9124802100601246,0.9429666816524604
case_138,138,param_field_magnitude_scaled,sigma_max_principal,0.95,7.3140503,20018,380342,0.9533830663904582,1.1584959217225728,-0.20511285533211454,-0.20399546400407637,0.20399546400407637,0.8010905104574629,0.7767371972157237
case_138,138,theta,sigma_max_principal,0.95,7.3140503,20018,380342,0.37371005752273817,0.34271696933215573,0.03099308819058244,0.18252390230768997,0.18252390230768997,0.42149037599596806,0.33936367250760735
case_138,138,theta_sin,sigma_max_principal,0.95,7.3140503,20018,380342,0.3578975259743419,0.3328354852569429,0.02506204071739898,0.16040767276232404,0.16040767276232404,0.4091208455317201,0.3328871239524681
case_138,138,temperature,sigma_max_principal,0.95,7.3140503,20018,380342,366.3273401197422,365.21404169479825,1.1132984249439346,0.1256179504004114,0.1256179504004114,365.965942,362.842682
case_138,138,weight_loss_rate,sigma_max_principal,0.95,7.3140503,20018,380342,0.35006492351883306,0.3526762143150113,-0.002611290796178223,-0.05245970239114765,0.05245970239114765,0.347578,0.339204
case_139,139,rho,sigma_max_principal,0.95,8.312557299999998,20018,380342,176.24606401299312,187.9986543252969,-11.752590312303795,-0.8863874013395199,0.8863874013395199,176.81332519339009,189.19506248280052
case_139,139,rho_normalized,sigma_max_principal,0.95,8.312557299999998,20018,380342,0.4966727802681485,0.6232286080703792,-0.12655582780223068,-0.8863874013395158,0.8863874013395158,0.5027812386043551,0.6361119317240342
case_139,139,distance_to_inner_proxy,sigma_max_principal,0.95,8.312557299999998,20018,380342,46.12345244887663,57.876042761180365,-11.752590312303738,-0.8863874013395157,0.8863874013395157,46.69071362927362,59.07245091868404
case_139,139,distance_to_outer_proxy,sigma_max_principal,0.95,8.312557299999998,20018,380342,46.741416094905965,34.98882578260223,11.752590312303738,0.8863874013395157,0.8863874013395157,46.174154914508975,33.79241762509855
case_139,139,fluence_rate,sigma_max_principal,0.95,8.312557299999998,20018,380342,3.6346640310720355,3.420637472911222,0.21402655816081362,0.6893037072991025,0.6893037072991025,3.6072604999999998,3.347921
case_139,139,z,sigma_max_principal,0.95,8.312557299999998,20018,380342,562.2855798473875,436.95550651425293,125.33007333313452,0.45736465423694606,0.45736465423694606,616.861572,436.20047
case_139,139,theta_cos,sigma_max_principal,0.95,8.312557299999998,20018,380342,0.9065474149890338,0.9333292134742555,-0.026781798485221664,-0.4134555570952763,0.4134555570952763,0.9049438569442223,0.9432025174414833
case_139,139,theta,sigma_max_principal,0.95,8.312557299999998,20018,380342,0.3901711815276956,0.3418815112087308,0.048289670318964806,0.2819126964953428,0.2819126964953428,0.43954856044179424,0.3386545044135597
case_139,139,theta_sin,sigma_max_principal,0.95,8.312557299999998,20018,380342,0.3727618394453832,0.3320811650016953,0.04068067444368789,0.2587157460731536,0.2587157460731536,0.42553098098600706,0.3322183184163416
case_139,139,param_field_magnitude_scaled,sigma_max_principal,0.95,8.312557299999998,20018,380342,0.919657253345314,1.1508306737066538,-0.2311734203613398,-0.22959849455571493,0.22959849455571493,0.8101947876315062,0.7788918313485282
case_139,139,weight_loss_rate,sigma_max_principal,0.95,8.312557299999998,20018,380342,0.36170518313517835,0.35695783160418776,0.004747351530990596,0.10928357393222343,0.10928357393222343,0.36140700000000003,0.347044
case_139,139,temperature,sigma_max_principal,0.95,8.312557299999998,20018,380342,366.1124975371666,365.48211711378974,0.6303804233768346,0.05383074860284819,0.05383074860284819,365.687775,362.701904
case_140,140,z,sigma_max_principal,0.95,7.941321349999998,20018,380342,535.4863905117394,438.3724854025772,97.1139051091622,0.3475378424639137,0.3475378424639137,567.8144225,436.198456
case_140,140,rho_normalized,sigma_max_principal,0.95,7.941321349999998,20018,380342,0.564737952421964,0.6191399117353895,-0.05440195931342551,-0.3064961631630681,0.3064961631630681,0.5412577230917983,0.6335913443824244
case_140,140,distance_to_inner_proxy,sigma_max_principal,0.95,7.941321349999998,20018,380342,52.44478286747379,57.49685866921829,-5.0520758017445,-0.30649616316306777,0.30649616316306777,50.26427503438427,58.83890101655352
case_140,140,distance_to_outer_proxy,sigma_max_principal,0.95,7.941321349999998,20018,380342,40.42091288142428,35.36883707967979,5.052075801744486,0.30649616316306694,0.30649616316306694,42.60142071451381,34.026794732344555
case_140,140,rho,sigma_max_principal,0.95,7.941321349999998,20018,380342,182.63355704806295,187.68563284980743,-5.052075801744479,-0.3064961631630665,0.3064961631630665,180.45304921497342,189.02767519714268
case_140,140,theta_cos,sigma_max_principal,0.95,7.941321349999998,20018,380342,0.9161748444483452,0.9328637865632412,-0.01668894211489602,-0.2645175991042679,0.2645175991042679,0.9287336338113426,0.9427762662781491
case_140,140,fluence_rate,sigma_max_principal,0.95,7.941321349999998,20018,380342,3.844432812019183,3.7950126023657664,0.049420209653416425,0.15848792336668205,0.15848792336668205,3.921062,3.746581
case_140,140,theta,sigma_max_principal,0.95,7.941321349999998,20018,380342,0.3651729609438573,0.3431009060886706,0.022072054855186707,0.1299838871409795,0.1299838871409795,0.37981393770678373,0.33993522169715973
case_140,140,theta_sin,sigma_max_principal,0.95,7.941321349999998,20018,380342,0.35002584922647273,0.3331910381212335,0.01683481110523921,0.10766886290043813,0.10766886290043813,0.37074767352053456,0.3334260213939273
case_140,140,param_field_magnitude_scaled,sigma_max_principal,0.95,7.941321349999998,20018,380342,1.0981462028453772,1.1943129239574632,-0.09616672111208602,-0.09497362946120035,0.09497362946120035,0.8792652018190859,0.8153557022090597
case_140,140,temperature,sigma_max_principal,0.95,7.941321349999998,20018,380342,369.97325945623936,369.3056810636243,0.6675783926150416,0.06047282969512442,0.06047282969512442,368.418427,366.401367
case_140,140,weight_loss_rate,sigma_max_principal,0.95,7.941321349999998,20018,380342,0.3574474991507643,0.3597592030383181,-0.0023117038875538065,-0.05257071996871495,0.05257071996871495,0.349987,0.347808
case_141,141,z,sigma_max_principal,0.95,7.261079349999999,20018,380342,542.5321086386252,437.9311403895573,104.60096824906793,0.3898681638200773,0.3898681638200773,563.5646664999999,436.1225435
case_141,141,fluence_rate,sigma_max_principal,0.95,7.261079349999999,20018,380342,3.6050681525127386,3.4749940507306567,0.1300741017820819,0.3821030122905764,0.3821030122905764,3.642138,3.402421
case_141,141,weight_loss_rate,sigma_max_principal,0.95,7.261079349999999,20018,380342,0.5227128914476971,0.5437974620394277,-0.021084570591730634,-0.3690787909383175,0.3690787909383175,0.5483025,0.546176
case_141,141,theta_cos,sigma_max_principal,0.95,7.261079349999999,20018,380342,0.9118761207627994,0.9331025733484217,-0.02122645258562228,-0.32678803657619093,0.32678803657619093,0.9185590695666863,0.9429203043063539
case_141,141,rho,sigma_max_principal,0.95,7.261079349999999,20018,380342,182.28693322695722,187.6066504432343,-5.31971721627707,-0.3138045847880364,0.3138045847880364,179.07005308135817,188.9084568600113
case_141,141,distance_to_outer_proxy,sigma_max_principal,0.95,7.261079349999999,20018,380342,40.69799269828794,35.37827548201094,5.319717216276999,0.3138045847880322,0.3138045847880322,43.914872843887,34.076469065233866
case_141,141,rho_normalized,sigma_max_principal,0.95,7.261079349999999,20018,380342,0.5617838815931181,0.6190639997262474,-0.057280118133129276,-0.3138045847880317,0.3138045847880317,0.5271460865245694,0.633081215737523
case_141,141,distance_to_inner_proxy,sigma_max_principal,0.95,7.261079349999999,20018,380342,52.173973869815356,57.493691086092326,-5.31971721627697,-0.3138045847880305,0.3138045847880305,48.95709372421629,58.795497502869424
case_141,141,param_field_magnitude_scaled,sigma_max_principal,0.95,7.261079349999999,20018,380342,1.4154834880113742,1.1622097041513602,0.2532737838600141,0.19063595909676975,0.19063595909676975,0.869981140022286,0.7368434269975677
case_141,141,theta,sigma_max_principal,0.95,7.261079349999999,20018,380342,0.3747701877687622,0.3425617751656653,0.03220841260309687,0.18676296281073285,0.18676296281073285,0.4063767277386572,0.33950296356079096
case_141,141,theta_sin,sigma_max_principal,0.95,7.261079349999999,20018,380342,0.35845494013660284,0.33271608970606564,0.025738850430537197,0.1625020344218841,0.1625020344218841,0.3952837402467837,0.33301846754475095
case_141,141,temperature,sigma_max_principal,0.95,7.261079349999999,20018,380342,368.65152160545506,368.4871199713469,0.16440163410817377,0.01579021264110412,0.01579021264110412,368.10083,365.882721
case_142,142,rho_normalized,sigma_max_principal,0.95,7.779161299999997,20018,380342,0.521648798935298,0.6213130002428069,-0.09966420130750886,-0.605968032623095,0.605968032623095,0.5019250172730849,0.6343873684057904
case_142,142,rho,sigma_max_principal,0.95,7.779161299999997,20018,380342,178.58259374629554,187.8403634643033,-9.25776971800775,-0.6059680326230938,0.6059680326230938,176.7504591763948,189.05483654564463
case_142,142,distance_to_inner_proxy,sigma_max_principal,0.95,7.779161299999997,20018,380342,48.4557583451429,57.71352806315064,-9.257769718007744,-0.6059680326230934,0.6059680326230934,46.62362377524215,58.92800114449199
case_142,142,distance_to_outer_proxy,sigma_max_principal,0.95,7.779161299999997,20018,380342,44.43386096202823,35.17609124402048,9.257769718007744,0.6059680326230934,0.6059680326230934,46.26599553192898,33.961618162679144
case_142,142,fluence_rate,sigma_max_principal,0.95,7.779161299999997,20018,380342,3.6481707147067644,3.4529277791698005,0.1952429355369638,0.5929086779069824,0.5929086779069824,3.649791,3.380933
case_142,142,theta_cos,sigma_max_principal,0.95,7.779161299999997,20018,380342,0.9078402969049182,0.9332923958222714,-0.025452098917353227,-0.38931479568303107,0.38931479568303107,0.9067159649447871,0.9430849503156871
case_142,142,z,sigma_max_principal,0.95,7.779161299999997,20018,380342,544.2237476728445,437.9217835149156,106.30196415792892,0.3886185983781146,0.3886185983781146,573.470215,436.206482
case_142,142,theta,sigma_max_principal,0.95,7.779161299999997,20018,380342,0.3851206603210603,0.3420742989991729,0.04304636132188738,0.2486741413175437,0.2486741413175437,0.43536547932806513,0.33900821196209496
case_142,142,theta_sin,sigma_max_principal,0.95,7.779161299999997,20018,380342,0.36788548324527726,0.3322720506981955,0.03561343254708177,0.2241197249311516,0.2241197249311516,0.4217418154679943,0.3325519154779569
case_142,142,weight_loss_rate,sigma_max_principal,0.95,7.779161299999997,20018,380342,0.4526491027075632,0.46230565530496226,-0.00965655259739906,-0.22260709911957344,0.22260709911957344,0.459793,0.461852
case_142,142,param_field_magnitude_scaled,sigma_max_principal,0.95,7.779161299999997,20018,380342,1.0368149079756497,1.1820194827669777,-0.14520457479132798,-0.13854453353334617,0.13854453353334617,0.7929951436312379,0.7975808621287881
case_142,142,temperature,sigma_max_principal,0.95,7.779161299999997,20018,380342,368.4386198572784,368.3226318726855,0.11598798459289128,0.01064678637993682,0.01064678637993682,368.486694,366.08493
case_143,143,rho,sigma_max_principal,0.95,7.9215908,20018,380342,177.20028517520862,187.85444554639685,-10.654160371188226,-0.8015954437397079,0.8015954437397079,179.07589487932705,189.1073113049477
case_143,143,distance_to_inner_proxy,sigma_max_principal,0.95,7.9215908,20018,380342,47.09955293846377,57.75371330965197,-10.654160371188198,-0.8015954437397058,0.8015954437397058,48.97516264258222,59.00657906820285
case_143,143,distance_to_outer_proxy,sigma_max_principal,0.95,7.9215908,20018,380342,45.673011467015954,35.018851095827756,10.654160371188198,0.8015954437397058,0.8015954437397058,43.79740176289751,33.765985337276874
case_143,143,rho_normalized,sigma_max_principal,0.95,7.9215908,20018,380342,0.5076883800754545,0.6225300947511662,-0.11484171467571169,-0.8015954437397053,0.8015954437397053,0.5279056686255559,0.6360347959155643
case_143,143,fluence_rate,sigma_max_principal,0.95,7.9215908,20018,380342,3.661196628434409,3.4606204076857146,0.2005762207486943,0.6417808177708954,0.6417808177708954,3.642997,3.3860574999999997
case_143,143,z,sigma_max_principal,0.95,7.9215908,20018,380342,563.4255367844939,436.68381975551745,126.7417170289765,0.4509209595516305,0.4509209595516305,632.0381775000001,435.991699
case_143,143,theta_cos,sigma_max_principal,0.95,7.9215908,20018,380342,0.9091461867812337,0.9332242610203549,-0.024078074239121228,-0.3755616945712929,0.3755616945712929,0.9067053153436238,0.9430899938630386
case_143,143,param_field_magnitude_scaled,sigma_max_principal,0.95,7.9215908,20018,380342,0.9461068155248408,1.1964332183433586,-0.2503264028185178,-0.2579472539644774,0.2579472539644774,0.809170407597323,0.8051079758513946
case_143,143,theta,sigma_max_principal,0.95,7.9215908,20018,380342,0.38372300424846506,0.3421391273121876,0.041583876936277464,0.24359891599597172,0.24359891599597172,0.43539073011276347,0.3389930454403425
case_143,143,temperature,sigma_max_principal,0.95,7.9215908,20018,380342,382.9615633673693,381.22003773363974,1.741525633729566,0.23429164862405158,0.23429164862405158,382.067871,381.07605
case_143,143,theta_sin,sigma_max_principal,0.95,7.9215908,20018,380342,0.3669649720733283,0.3323115149196964,0.034653457153631884,0.22086898019284823,0.22086898019284823,0.4217647106230037,0.33253761212128186
case_143,143,weight_loss_rate,sigma_max_principal,0.95,7.9215908,20018,380342,0.3591232897891897,0.35757809058426365,0.0015451992049260732,0.03610833645939642,0.03610833645939642,0.354773,0.346902
case_144,144,rho,sigma_max_principal,0.95,9.571136699999997,20018,380342,177.32017905871317,187.91179733074193,-10.591618272028768,-0.7889614163725305,0.7889614163725305,178.91909352853042,189.18568369653372
case_144,144,rho_normalized,sigma_max_principal,0.95,9.571136699999997,20018,380342,0.5082960472882149,0.6223233522309289,-0.11402730494271407,-0.7889614163725275,0.7889614163725275,0.5255096498883628,0.6360377653983784
case_144,144,distance_to_inner_proxy,sigma_max_principal,0.95,9.571136699999997,20018,380342,47.213934458615235,57.80555273064396,-10.591618272028725,-0.7889614163725271,0.7889614163725271,48.81284892843247,59.07943909643579
case_144,144,distance_to_outer_proxy,sigma_max_principal,0.95,9.571136699999997,20018,380342,45.672749808366504,35.081131536337786,10.591618272028718,0.7889614163725266,0.7889614163725266,44.07383533854927,33.807245170545954
case_144,144,fluence_rate,sigma_max_principal,0.95,9.571136699999997,20018,380342,3.6541085788790086,3.4646213183398094,0.1894872605391993,0.6030611740245667,0.6030611740245667,3.639095,3.39031
case_144,144,theta_cos,sigma_max_principal,0.95,9.571136699999997,20018,380342,0.9084585228196262,0.9333024103250672,-0.024843887505440976,-0.3836039280213724,0.3836039280213724,0.9062610121506491,0.9431100169125928
case_144,144,z,sigma_max_principal,0.95,9.571136699999997,20018,380342,544.2194839605854,437.90115257698596,106.31833138359946,0.3781656710361753,0.3781656710361753,593.0433654999999,436.1640165
case_144,144,param_field_magnitude_scaled,sigma_max_principal,0.95,9.571136699999997,20018,380342,0.8634381180581567,1.1977527070949792,-0.33431458903682243,-0.3440570017988717,0.3440570017988717,0.7425740234851395,0.7904207460693229
case_144,144,theta,sigma_max_principal,0.95,9.571136699999997,20018,380342,0.38401568841649325,0.34202306353380196,0.04199262488269129,0.24354888956918866,0.24354888956918866,0.4364429786763425,0.33893282741171493
case_144,144,temperature,sigma_max_principal,0.95,9.571136699999997,20018,380342,409.44814432675594,407.7120473471428,1.7360969796131371,0.22414230101382987,0.22414230101382987,409.603607,408.407135
case_144,144,theta_sin,sigma_max_principal,0.95,9.571136699999997,20018,380342,0.3669976959243397,0.332218662680379,0.0347790332439607,0.21950940390253512,0.21950940390253512,0.4227185563181262,0.3324808204981562
case_144,144,weight_loss_rate,sigma_max_principal,0.95,9.571136699999997,20018,380342,0.33151431736437204,0.32853534310436394,0.0029789742600080937,0.08275058375355494,0.08275058375355494,0.330509,0.319879
case_145,145,weight_loss_rate,sigma_max_principal,0.95,7.399078399999999,20018,380342,0.3990020133879508,0.3846129936530807,0.014389019734870112,0.39383861343134047,0.39383861343134047,0.39875,0.375601
case_145,145,distance_to_outer_proxy,sigma_max_principal,0.95,7.399078399999999,20018,380342,41.22005057280472,35.27836287765552,5.941687695149206,0.3726393133810398,0.3726393133810398,42.570775067857724,33.95952318393158
case_145,145,rho_normalized,sigma_max_principal,0.95,7.399078399999999,20018,380342,0.5556635799090647,0.6197127065615873,-0.0640491266525226,-0.37263931338103956,0.37263931338103956,0.5411032851418147,0.633929295334279
case_145,145,distance_to_inner_proxy,sigma_max_principal,0.95,7.399078399999999,20018,380342,51.54761084097015,57.489298536119335,-5.941687695149184,-0.37263931338103845,0.37263931338103845,50.19688634591715,58.808138229843294
case_145,145,rho,sigma_max_principal,0.95,7.399078399999999,20018,380342,181.64121668427694,187.5829043794261,-5.94168769514917,-0.37263931338103756,0.37263931338103756,180.29049218922393,188.9017440731501
case_145,145,temperature,sigma_max_principal,0.95,7.399078399999999,20018,380342,384.63245686367264,381.06417696986136,3.5682798938112796,0.34568127491082984,0.34568127491082984,384.188843,378.96579
case_145,145,z,sigma_max_principal,0.95,7.399078399999999,20018,380342,530.8735595731341,438.235235397637,92.63832417549713,0.3296388211798759,0.3296388211798759,563.2485655,435.84684749999997
case_145,145,fluence_rate,sigma_max_principal,0.95,7.399078399999999,20018,380342,3.654466916325307,3.5544403739502863,0.10002654237502062,0.3210749281798791,0.3210749281798791,3.693806,3.490736
case_145,145,theta_cos,sigma_max_principal,0.95,7.399078399999999,20018,380342,0.915631758229803,0.9328837974072027,-0.017252039177399703,-0.2725510757393302,0.2725510757393302,0.919678136419428,0.9427791219942315
case_145,145,param_field_magnitude_scaled,sigma_max_principal,0.95,7.399078399999999,20018,380342,1.1567982103261834,1.305012844682718,-0.1482146343565347,-0.15688638906404156,0.15688638906404156,0.9898236902176405,0.9999637117921848
case_145,145,theta,sigma_max_principal,0.95,7.399078399999999,20018,380342,0.3655070228403045,0.343103522844046,0.022403499996258514,0.1309751004461371,0.1309751004461371,0.4035363031797786,0.3399266568267234
case_145,145,theta_sin,sigma_max_principal,0.95,7.399078399999999,20018,380342,0.3502023450691262,0.3331999485432237,0.017002396525902463,0.10788808696058261,0.10788808696058261,0.39267305152008725,0.33341794662512275
case_146,146,distance_to_inner_proxy,sigma_max_principal,0.95,7.589036499999998,20018,380342,46.89736832802507,57.76225248068672,-10.864884152661652,-0.8217804927309268,0.8217804927309268,47.84622985701128,58.98809869291193
case_146,146,rho,sigma_max_principal,0.95,7.589036499999998,20018,380342,176.98504088928811,187.84992504194975,-10.86488415266163,-0.821780492730925,0.821780492730925,177.9339024182743,189.07577125417495
case_146,146,distance_to_outer_proxy,sigma_max_principal,0.95,7.589036499999998,20018,380342,45.89144597987015,35.026561827208525,10.864884152661624,0.8217804927309246,0.8217804927309246,44.94258445088394,33.80071561498329
case_146,146,rho_normalized,sigma_max_principal,0.95,7.589036499999998,20018,380342,0.5054204935996759,0.6225131004370622,-0.11709260683738631,-0.8217804927309244,0.8217804927309244,0.5156465271583941,0.6357242425490585
case_146,146,fluence_rate,sigma_max_principal,0.95,7.589036499999998,20018,380342,3.6621674190228792,3.4725394270998207,0.18962799192305857,0.6142619132308256,0.6142619132308256,3.65072,3.397853
case_146,146,temperature,sigma_max_principal,0.95,7.589036499999998,20018,380342,373.4125507191527,368.34168891824737,5.070861800905334,0.4433682775781345,0.4433682775781345,373.751007,365.32824700000003
case_146,146,z,sigma_max_principal,0.95,7.589036499999998,20018,380342,538.8078393057749,437.98409349114485,100.82374581463006,0.35200917385235303,0.35200917385235303,596.996948,436.026031
case_146,146,theta_cos,sigma_max_principal,0.95,7.589036499999998,20018,380342,0.911257153617627,0.9330787757913284,-0.021821622173701316,-0.3451070140483114,0.3451070140483114,0.9073382790178,0.9430369887920815
case_146,146,param_field_magnitude_scaled,sigma_max_principal,0.95,7.589036499999998,20018,380342,0.9460993677307935,1.2047561741372763,-0.2586568064064828,-0.2650683161842734,0.2650683161842734,0.7697468345999401,0.8457102136631632
case_146,146,theta,sigma_max_principal,0.95,7.589036499999998,20018,380342,0.3787995294512651,0.3424819218864517,0.03631760756481339,0.2138932125108026,0.2138932125108026,0.43388755009426777,0.33915240514596134
case_146,146,theta_sin,sigma_max_principal,0.95,7.589036499999998,20018,380342,0.36261658396733304,0.33261621774330075,0.030000366224032293,0.19194838704002518,0.19194838704002518,0.4204012933245535,0.33268789844193014
case_146,146,weight_loss_rate,sigma_max_principal,0.95,7.589036499999998,20018,380342,0.37523307183534815,0.3773817650009728,-0.00214869316562466,-0.05312298857340877,0.05312298857340877,0.374635,0.368471
case_147,147,rho,sigma_max_principal,0.95,8.369614449999997,20018,380342,177.16268845047117,187.97893493338395,-10.816246482912788,-0.8130650082363456,0.8130650082363456,178.9520124053488,189.2205827349415
case_147,147,distance_to_inner_proxy,sigma_max_principal,0.95,8.369614449999997,20018,380342,47.01123411850168,57.827480601414415,-10.816246482912732,-0.8130650082363414,0.8130650082363414,48.80055807337931,59.06912840297201
case_147,147,distance_to_outer_proxy,sigma_max_principal,0.95,8.369614449999997,20018,380342,45.87966230817363,35.0634158252609,10.816246482912732,0.8130650082363414,0.8130650082363414,44.090338353296005,33.8217680237033
case_147,147,rho_normalized,sigma_max_principal,0.95,8.369614449999997,20018,380342,0.5060908649494049,0.622531193323786,-0.11644032837438112,-0.8130650082363388,0.8130650082363388,0.525353505570922,0.6358979262257312
case_147,147,fluence_rate,sigma_max_principal,0.95,8.369614449999997,20018,380342,3.6577606555100406,3.4559910901819944,0.20176956532804624,0.6423309729694391,0.6423309729694391,3.637653,3.382973
case_147,147,z,sigma_max_principal,0.95,8.369614449999997,20018,380342,565.583266398891,436.8054198189472,128.77784657994385,0.4635871159092046,0.4635871159092046,626.710938,436.21464549999996
case_147,147,weight_loss_rate,sigma_max_principal,0.95,8.369614449999997,20018,380342,0.3780336314816665,0.35773772042267227,0.020295911058994254,0.412691428392109,0.412691428392109,0.377719,0.344937
case_147,147,theta_cos,sigma_max_principal,0.95,8.369614449999997,20018,380342,0.9083064354916734,0.9332493866097119,-0.02494295111803846,-0.3879677607493353,0.3879677607493353,0.9062155780123637,0.9430964873353609
case_147,147,theta,sigma_max_principal,0.95,8.369614449999997,20018,380342,0.3860617523057424,0.3420650785440237,0.04399667376171873,0.25784426795599724,0.25784426795599724,0.43655044711544955,0.3389735178684977
case_147,147,theta_sin,sigma_max_principal,0.95,8.369614449999997,20018,380342,0.3691022761332714,0.3322438645794302,0.036858411553841175,0.23514941294158936,0.23514941294158936,0.4228159483325382,0.33251919580027733
case_147,147,param_field_magnitude_scaled,sigma_max_principal,0.95,8.369614449999997,20018,380342,1.0290722150742337,1.2159541058511056,-0.1868818907768719,-0.1907200046531516,0.1907200046531516,0.8468376831174416,0.8713498080737094
case_147,147,temperature,sigma_max_principal,0.95,8.369614449999997,20018,380342,365.78744752562693,366.0512441398531,-0.2637966142261803,-0.022445500404453048,0.022445500404453048,365.213104,363.266083
case_148,148,fluence_rate,sigma_max_principal,0.95,7.3332768999999995,20018,380342,3.6071373777100613,3.4316439164672845,0.17549346124277676,0.5337062504678751,0.5337062504678751,3.612945,3.359526
case_148,148,rho,sigma_max_principal,0.95,7.3332768999999995,20018,380342,179.48768598698706,187.70767414626602,-8.219988159278955,-0.5192573418627262,0.5192573418627262,177.33705463226102,188.9429766675575
case_148,148,distance_to_outer_proxy,sigma_max_principal,0.95,7.3332768999999995,20018,380342,43.36788391074815,35.14789575146925,8.219988159278898,0.5192573418627227,0.5192573418627227,45.51851526547419,33.912593230177706
case_148,148,distance_to_inner_proxy,sigma_max_principal,0.95,7.3332768999999995,20018,380342,49.40871552374499,57.62870368302388,-8.219988159278891,-0.5192573418627222,0.5192573418627222,47.25808416901894,58.86400620431543
case_148,148,rho_normalized,sigma_max_principal,0.95,7.3332768999999995,20018,380342,0.5325557934318454,0.6211555934825335,-0.08859980005068802,-0.5192573418627205,0.5192573418627205,0.5093750413043162,0.6344704005440251
case_148,148,z,sigma_max_principal,0.95,7.3332768999999995,20018,380342,549.0318032222999,437.4629548675902,111.5688483547097,0.41497487930550175,0.41497487930550175,573.228333,435.996872
case_148,148,theta_cos,sigma_max_principal,0.95,7.3332768999999995,20018,380342,0.908466662723415,0.9332763789001299,-0.024809716176714902,-0.37924238722274023,0.37924238722274023,0.9080343413812213,0.9430652830706434
case_148,148,weight_loss_rate,sigma_max_principal,0.95,7.3332768999999995,20018,380342,0.46068035348186637,0.47522460950407797,-0.014544256022211599,-0.32091150871248947,0.32091150871248947,0.471343,0.475331
case_148,148,theta,sigma_max_principal,0.95,7.3332768999999995,20018,380342,0.3833507127669596,0.34211797740030625,0.04123273536665334,0.23804996335518946,0.23804996335518946,0.4322288710268746,0.3390673473782708
case_148,148,theta_sin,sigma_max_principal,0.95,7.3332768999999995,20018,380342,0.3662419854792145,0.33231248331636865,0.03392950216284585,0.21339417537112296,0.21339417537112296,0.4188957326967242,0.33260768461743084
case_148,148,temperature,sigma_max_principal,0.95,7.3332768999999995,20018,380342,375.339457403437,376.77679252864516,-1.4373351252081648,-0.16468357655557495,0.16468357655557495,376.526733,375.757507
case_148,148,param_field_magnitude_scaled,sigma_max_principal,0.95,7.3332768999999995,20018,380342,1.072576010055483,1.1591760318677506,-0.08660002181226756,-0.07487702481969574,0.07487702481969574,0.7972710592261334,0.7613978242178026
case_149,149,rho,sigma_max_principal,0.95,7.3274191,20018,380342,177.3314719168755,187.74254113176292,-10.41106921488742,-0.7853041179798994,0.7853041179798994,179.82893522849616,188.9870825017153
case_149,149,distance_to_outer_proxy,sigma_max_principal,0.95,7.3274191,20018,380342,45.36558404992592,34.95451483503853,10.411069214887391,0.7853041179798973,0.7853041179798973,42.86812073830528,33.70997346508618
case_149,149,rho_normalized,sigma_max_principal,0.95,7.3274191,20018,380342,0.5103821527971714,0.6227458620456392,-0.11236370924846784,-0.7853041179798972,0.7853041179798972,0.5373365640697789,0.6361778431183469
case_149,149,distance_to_inner_proxy,sigma_max_principal,0.95,7.3274191,20018,380342,47.28950258365592,57.700571798543294,-10.411069214887377,-0.7853041179798962,0.7853041179798962,49.786965895276566,58.945113168495666
case_149,149,fluence_rate,sigma_max_principal,0.95,7.3274191,20018,380342,3.5639313085722852,3.397627164417814,0.16630414415447126,0.561038194556929,0.561038194556929,3.550111,3.326873
case_149,149,temperature,sigma_max_principal,0.95,7.3274191,20018,380342,384.92105372724546,380.0901635002392,4.83089022700625,0.4711788455096558,0.4711788455096558,384.649658,377.875122
case_149,149,weight_loss_rate,sigma_max_principal,0.95,7.3274191,20018,380342,0.3576451511639524,0.3421907976820861,0.015454353481866301,0.3756305005800387,0.3756305005800387,0.355289,0.331432
case_149,149,theta_cos,sigma_max_principal,0.95,7.3274191,20018,380342,0.9111205288316676,0.9330809563698764,-0.021960427538208815,-0.34521938947132874,0.34521938947132874,0.9066604049760041,0.9430250544402157
case_149,149,z,sigma_max_principal,0.95,7.3274191,20018,380342,532.2511264938056,438.0205551656772,94.2305713281284,0.32847963100224176,0.32847963100224176,586.858032,435.742889
case_149,149,theta,sigma_max_principal,0.95,7.3274191,20018,380342,0.37798759020595785,0.3425392754319274,0.03544831477403043,0.20718522100490133,0.20718522100490133,0.43549719997022207,0.3391882758382221
case_149,149,param_field_magnitude_scaled,sigma_max_principal,0.95,7.3274191,20018,380342,1.0800593475569975,1.266783744985718,-0.1867243974287205,-0.19042136403783994,0.19042136403783994,0.8522330701185239,0.9457719273188522
case_149,149,theta_sin,sigma_max_principal,0.95,7.3274191,20018,380342,0.3617058749274814,0.3326777459838936,0.029028128943587805,0.18428706560948388,0.18428706560948388,0.4218612450179974,0.3327217256175241
case_150,150,z,sigma_max_principal,0.95,7.40575685,20018,380342,542.1181094993506,438.1688965867667,103.94921291258385,0.3939560003199232,0.3939560003199232,558.187073,436.318268
case_150,150,theta_cos,sigma_max_principal,0.95,7.40575685,20018,380342,0.9180696074328117,0.932766466219925,-0.014696858787113243,-0.23064164427291797,0.23064164427291797,0.9436442069935446,0.9425693160728879
case_150,150,weight_loss_rate,sigma_max_principal,0.95,7.40575685,20018,380342,0.33886375257268464,0.3484607755572616,-0.009597022984576986,-0.2122709062331855,0.2122709062331855,0.330357,0.337773
case_150,150,fluence_rate,sigma_max_principal,0.95,7.40575685,20018,380342,3.934490898491358,3.9925931844340092,-0.05810228594265121,-0.16676810858945698,0.16676810858945698,4.095142,3.958196
case_150,150,param_field_magnitude_scaled,sigma_max_principal,0.95,7.40575685,20018,380342,1.2932940357808067,1.1452756218361801,0.14801841394462656,0.133476755929891,0.133476755929891,0.9435212532895285,0.7628487691479957
case_150,150,temperature,sigma_max_principal,0.95,7.40575685,20018,380342,361.00929179128786,362.2674260920804,-1.2581343007925625,-0.12921215608824593,0.12921215608824593,360.156464,359.516663
case_150,150,theta,sigma_max_principal,0.95,7.40575685,20018,380342,0.3599808347977169,0.3433708393856007,0.01660999541211622,0.09786748727568946,0.09786748727568946,0.3373224693381218,0.3405553560751645
case_150,150,theta_sin,sigma_max_principal,0.95,7.40575685,20018,380342,0.3451358700793463,0.3334457411707577,0.011690128908588615,0.0749373825687723,0.0749373825687723,0.33096164522117666,0.3340106052176869
case_150,150,rho,sigma_max_principal,0.95,7.40575685,20018,380342,186.44293265089055,187.57546045624846,-1.1325278053579098,-0.06274253339263686,0.06274253339263686,180.78263506387714,188.9569217681739
case_150,150,distance_to_inner_proxy,sigma_max_principal,0.95,7.40575685,20018,380342,56.20556153236781,57.33808933772569,-1.1325278053578813,-0.06274253339263527,0.06274253339263527,50.54526394535439,58.71955064965117
case_150,150,distance_to_outer_proxy,sigma_max_principal,0.95,7.40575685,20018,380342,36.63014543328829,35.49761762793041,1.1325278053578813,0.06274253339263527,0.06274253339263527,42.29044302030171,34.11615631600493
case_150,150,rho_normalized,sigma_max_principal,0.95,7.40575685,20018,380342,0.6054304250966781,0.6176296945628635,-0.012199269466185436,-0.0627425333926345,0.0627425333926345,0.5444592990933246,0.6325104054130168
case_151,151,distance_to_outer_proxy,sigma_max_principal,0.95,6.654343,20018,380342,44.8927127947742,35.04214093919659,9.850571855577606,0.7227054627086219,0.7227054627086219,42.783750093587116,33.786754922458314
case_151,151,rho_normalized,sigma_max_principal,0.95,6.654343,20018,380342,0.5159619392029496,0.6221718650880883,-0.10620992588513867,-0.7227054627086215,0.7227054627086215,0.5387010020179448,0.6357075722277217
case_151,151,distance_to_inner_proxy,sigma_max_principal,0.95,6.654343,20018,380342,47.85353265718628,57.70410451276388,-9.850571855577599,-0.7227054627086213,0.7227054627086213,49.96249535837336,58.95949052950216
case_151,151,rho,sigma_max_principal,0.95,6.654343,20018,380342,177.98718602234567,187.83775787792322,-9.850571855577556,-0.7227054627086182,0.7227054627086182,180.09614872353274,189.09314389466152
case_151,151,fluence_rate,sigma_max_principal,0.95,6.654343,20018,380342,3.6520990187830953,3.470577608809966,0.18152140997312927,0.581689722704488,0.581689722704488,3.635355,3.395115
case_151,151,z,sigma_max_principal,0.95,6.654343,20018,380342,563.316406409981,436.62300953642506,126.69339687355597,0.44726105130741434,0.44726105130741434,636.1487735000001,435.943756
case_151,151,weight_loss_rate,sigma_max_principal,0.95,6.654343,20018,380342,0.42950184938555297,0.41154429548932286,0.017957553896230105,0.41114885809927626,0.41114885809927626,0.430695,0.40239
case_151,151,theta_cos,sigma_max_principal,0.95,6.654343,20018,380342,0.9102139587511415,0.9331445756470229,-0.022930616895881384,-0.3576563900930669,0.3576563900930669,0.9080381467993017,0.943038638924094
case_151,151,theta,sigma_max_principal,0.95,6.654343,20018,380342,0.3807863194653997,0.34235715974446224,0.03842915972093747,0.22501014456799856,0.22501014456799856,0.4322197865165418,0.3391474451113254
case_151,151,param_field_magnitude_scaled,sigma_max_principal,0.95,6.654343,20018,380342,1.0649583454595752,1.2691524639581044,-0.2041941184985292,-0.2153493013860311,0.2153493013860311,0.8711875842996474,0.9552223314367678
case_151,151,theta_sin,sigma_max_principal,0.95,6.654343,20018,380342,0.36425570666851526,0.33251255354945014,0.031743153119065115,0.2022106512097925,0.2022106512097925,0.4188874836288244,0.3326832209417504
case_151,151,temperature,sigma_max_principal,0.95,6.654343,20018,380342,363.09400116665006,362.62826905763234,0.465732109017722,0.05656057455905438,0.05656057455905438,362.729919,360.885956
case_152,152,rho,sigma_max_principal,0.95,9.847444699999999,20018,380342,177.30312772095658,187.9092280142411,-10.606100293284527,-0.8032834066475629,0.8032834066475629,179.25298468677664,189.19240734764264
case_152,152,distance_to_inner_proxy,sigma_max_principal,0.95,9.847444699999999,20018,380342,47.22200629279361,57.82810658607813,-10.60610029328452,-0.8032834066475625,0.8032834066475625,49.17186325861364,59.11128591947967
case_152,152,distance_to_outer_proxy,sigma_max_principal,0.95,9.847444699999999,20018,380342,45.73891124806409,35.132810954779586,10.606100293284506,0.8032834066475614,0.8032834066475614,43.78905428224407,33.84963162137804
case_152,152,rho_normalized,sigma_max_principal,0.95,9.847444699999999,20018,380342,0.5079769815313929,0.6220690169141435,-0.11409203538275059,-0.8032834066475606,0.8032834066475606,0.5289520000381007,0.6358724449282611
case_152,152,fluence_rate,sigma_max_principal,0.95,9.847444699999999,20018,380342,3.6463518103706667,3.4543691010196094,0.19198270935105732,0.612401837243396,0.612401837243396,3.631838,3.380873
case_152,152,param_field_magnitude_scaled,sigma_max_principal,0.95,9.847444699999999,20018,380342,0.7840164172155601,1.1737145569381742,-0.389698139722614,-0.40236082477035945,0.40236082477035945,0.6772695852378418,0.7282745163101625
case_152,152,z,sigma_max_principal,0.95,9.847444699999999,20018,380342,548.4482396253873,437.75762898299683,110.69061064239042,0.3922336408858171,0.3922336408858171,602.914001,436.238007
case_152,152,theta_cos,sigma_max_principal,0.95,9.847444699999999,20018,380342,0.9101472697851223,0.9332169302903086,-0.02306966050518633,-0.36316324774907416,0.36316324774907416,0.9067391027191334,0.943124651839927
case_152,152,theta,sigma_max_principal,0.95,9.847444699999999,20018,380342,0.3817491718570526,0.3421315424119194,0.039617629445133196,0.2332652861109429,0.2332652861109429,0.43531061367749757,0.33888880730201126
case_152,152,theta_sin,sigma_max_principal,0.95,9.847444699999999,20018,380342,0.3652906257970451,0.33229834370669303,0.03299228209035204,0.21118984249368672,0.21118984249368672,0.4216920672719491,0.33243930436924307
case_152,152,temperature,sigma_max_principal,0.95,9.847444699999999,20018,380342,407.32900406609053,405.97485987936386,1.3541441867266713,0.1771598087609757,0.1771598087609757,407.3996425,406.606506
case_152,152,weight_loss_rate,sigma_max_principal,0.95,9.847444699999999,20018,380342,0.3501846096513138,0.3512169229903612,-0.0010323133390474082,-0.02094403071047048,0.02094403071047048,0.3466205,0.338287
case_153,153,fluence_rate,sigma_max_principal,0.95,8.088742599999998,20018,380342,3.638463935308222,3.455511331630479,0.18295260367774313,0.5475423789585635,0.5475423789585635,3.6471530000000003,3.3842
case_153,153,rho,sigma_max_principal,0.95,8.088742599999998,20018,380342,179.59682714281405,187.82705551166555,-8.230228368851499,-0.5198627162593863,0.5198627162593863,177.40924405475732,189.06183374832983
case_153,153,rho_normalized,sigma_max_principal,0.95,8.088742599999998,20018,380342,0.5322158435123036,0.6207638477659287,-0.08854800425362519,-0.5198627162593812,0.5198627162593812,0.5086799089178865,0.6340486733688542
case_153,153,distance_to_inner_proxy,sigma_max_principal,0.95,8.088742599999998,20018,380342,49.46760766149983,57.69783603035124,-8.230228368851414,-0.5198627162593809,0.5198627162593809,47.28002457344313,58.93261426701561
case_153,153,distance_to_outer_proxy,sigma_max_principal,0.95,8.088742599999998,20018,380342,43.47890692371705,35.248678554865634,8.230228368851414,0.5198627162593809,0.5198627162593809,45.666490011773746,34.013900318201266
case_153,153,z,sigma_max_principal,0.95,8.088742599999998,20018,380342,551.8329638493356,437.6398503557377,114.19311349359788,0.4258101286884457,0.4258101286884457,577.740295,436.2927095
case_153,153,theta_cos,sigma_max_principal,0.95,8.088742599999998,20018,380342,0.9090798772326668,0.9332408448164417,-0.02416096758377484,-0.36966774872921726,0.36966774872921726,0.9081779911844013,0.9430396401955712
case_153,153,weight_loss_rate,sigma_max_principal,0.95,8.088742599999998,20018,380342,0.48026249665301235,0.49511420586209265,-0.0148517092090803,-0.3155405204215227,0.3155405204215227,0.492591,0.494994
case_153,153,theta,sigma_max_principal,0.95,8.088742599999998,20018,380342,0.3819948165292356,0.34220476592702,0.03979005060221563,0.23014391870704645,0.23014391870704645,0.4318858185028672,0.3391444354141525
case_153,153,theta_sin,sigma_max_principal,0.95,8.088742599999998,20018,380342,0.36502808993189567,0.33239139339796725,0.03263669653392842,0.20566466051509757,0.20566466051509757,0.41858420458062606,0.3326803826795178
case_153,153,temperature,sigma_max_principal,0.95,8.088742599999998,20018,380342,368.0264878717654,367.43764648809486,0.5888413836705695,0.04767981080923621,0.04767981080923621,367.68724050000003,364.335846
case_153,153,param_field_magnitude_scaled,sigma_max_principal,0.95,8.088742599999998,20018,380342,1.1435896447869434,1.176879424176023,-0.03328977938907962,-0.029378606314574108,0.029378606314574108,0.7894648867183055,0.8001433681777931
case_154,154,weight_loss_rate,sigma_max_principal,0.95,6.93859925,20018,380342,0.3807707805475072,0.4008869377849409,-0.020116157237433707,-0.44417132190417874,0.44417132190417874,0.3923805,0.393262
case_154,154,z,sigma_max_principal,0.95,6.93859925,20018,380342,541.3571578214107,438.044236513104,103.31292130830673,0.3951691739679543,0.3951691739679543,557.985962,436.157867
case_154,154,theta_cos,sigma_max_principal,0.95,6.93859925,20018,380342,0.9152160094869599,0.9329159394629704,-0.017699929976010442,-0.27544691003288063,0.27544691003288063,0.9341345925633744,0.9427536912017743
case_154,154,temperature,sigma_max_principal,0.95,6.93859925,20018,380342,361.9790912733041,363.67153979560237,-1.692448522298264,-0.1956492690546327,0.1956492690546327,362.511658,361.624359
case_154,154,rho,sigma_max_principal,0.95,6.93859925,20018,380342,185.01542405894543,187.5572304314045,-2.541806372459064,-0.14082879708865653,0.14082879708865653,180.02453469801642,188.88505380561833
case_154,154,distance_to_outer_proxy,sigma_max_principal,0.95,6.93859925,20018,380342,37.96107223051796,35.419265858058935,2.5418063724590283,0.14082879708865453,0.14082879708865453,42.951961591446974,34.09144248384507
case_154,154,rho_normalized,sigma_max_principal,0.95,6.93859925,20018,380342,0.5909379379991897,0.6183280114304928,-0.027390073431303064,-0.14082879708865412,0.14082879708865412,0.5371569625619825,0.6326364104169717
case_154,154,distance_to_inner_proxy,sigma_max_principal,0.95,6.93859925,20018,380342,54.83920371011122,57.38101008257023,-2.541806372459007,-0.1408287970886534,0.1408287970886534,49.8483143491822,58.708833456784106
case_154,154,theta,sigma_max_principal,0.95,6.93859925,20018,380342,0.3669683000810195,0.34299999621272204,0.023968303868297458,0.14026076723757233,0.14026076723757233,0.364969654428017,0.34000292161996726
case_154,154,theta_sin,sigma_max_principal,0.95,6.93859925,20018,380342,0.35145933314387967,0.3331094359232479,0.018349897220631795,0.11686942348205995,0.11686942348205995,0.3569209477920774,0.3334898465102457
case_154,154,param_field_magnitude_scaled,sigma_max_principal,0.95,6.93859925,20018,380342,1.2321959847866857,1.1049826420417557,0.12721334274493,0.11185591392404118,0.11185591392404118,0.8824249350915243,0.7054539891173293
case_154,154,fluence_rate,sigma_max_principal,0.95,6.93859925,20018,380342,3.8283862921870315,3.8215660905895215,0.006820201597510067,0.020144025984998842,0.020144025984998842,3.96014,3.775034
case_155,155,distance_to_inner_proxy,sigma_max_principal,0.95,7.589083799999999,20018,380342,47.962106727778476,57.69737841100468,-9.735271683226202,-0.7323888584533842,0.7323888584533842,50.21402206200371,58.973207832385455
case_155,155,rho_normalized,sigma_max_principal,0.95,7.589083799999999,20018,380342,0.5168197644204315,0.6217230132800108,-0.10490324885957925,-0.7323888584533819,0.7323888584533819,0.5410854698268825,0.6354708218310641
case_155,155,distance_to_outer_proxy,sigma_max_principal,0.95,7.589083799999999,20018,380342,44.84027822273482,35.10500653950865,9.735271683226166,0.7323888584533815,0.7323888584533815,42.58836288850959,33.829177118127845
case_155,155,rho,sigma_max_principal,0.95,7.589083799999999,20018,380342,178.0463835993403,187.78165528256633,-9.735271683226046,-0.7323888584533725,0.7323888584533725,180.2982989335655,189.05748470394724
case_155,155,fluence_rate,sigma_max_principal,0.95,7.589083799999999,20018,380342,3.61380098106704,3.4479817421610033,0.16581923890603667,0.5299670418381582,0.5299670418381582,3.594499,3.372211
case_155,155,weight_loss_rate,sigma_max_principal,0.95,7.589083799999999,20018,380342,0.3954218147167549,0.3790438663965588,0.016377948320196123,0.36381169987381407,0.36381169987381407,0.391411,0.36687800000000004
case_155,155,z,sigma_max_principal,0.95,7.589083799999999,20018,380342,541.8756431626036,437.7285785660774,104.14706459652626,0.355474756062089,0.355474756062089,631.958801,435.933197
case_155,155,temperature,sigma_max_principal,0.95,7.589083799999999,20018,380342,376.30481972289937,372.5714539580562,3.7333657648431426,0.3471079315981162,0.3471079315981162,375.449066,369.687805
case_155,155,theta_cos,sigma_max_principal,0.95,7.589083799999999,20018,380342,0.9125163203104363,0.9330202957894883,-0.020503975479052028,-0.3253943453421755,0.3253943453421755,0.9096040871275162,0.9430087830510046
case_155,155,param_field_magnitude_scaled,sigma_max_principal,0.95,7.589083799999999,20018,380342,1.0343461223628392,1.2587208581508722,-0.22437473578803302,-0.22733817823840696,0.22733817823840696,0.8599530326943016,0.9455822689605082
case_155,155,theta,sigma_max_principal,0.95,7.589083799999999,20018,380342,0.37567939153093494,0.3426284441263375,0.033050947404597464,0.19506533619394906,0.19506533619394906,0.4284661748322059,0.3392371763473047
case_155,155,theta_sin,sigma_max_principal,0.95,7.589083799999999,20018,380342,0.3597943886930552,0.33274891070967205,0.027045477983383137,0.17336489783004444,0.17336489783004444,0.4154761180632368,0.3327678396249536
case_156,156,distance_to_inner_proxy,sigma_max_principal,0.95,8.350664399999998,20018,380342,46.00339805528806,57.87818371927651,-11.874785663988447,-0.8950731202440739,0.8950731202440739,46.31388220561368,59.06822315385614
case_156,156,rho,sigma_max_principal,0.95,8.350664399999998,20018,380342,176.131841341873,188.00662700586145,-11.874785663988433,-0.8950731202440732,0.8950731202440732,176.44232549219865,189.1966664404411
case_156,156,distance_to_outer_proxy,sigma_max_principal,0.95,8.350664399999998,20018,380342,46.85087125681752,34.97608559282909,11.874785663988433,0.8950731202440732,0.8950731202440732,46.54038710649189,33.786046158249434
case_156,156,rho_normalized,sigma_max_principal,0.95,8.350664399999998,20018,380342,0.4954365415408047,0.6233228062431245,-0.12788626470231984,-0.8950731202440726,0.8950731202440726,0.49878032048199705,0.6361390121472348
case_156,156,fluence_rate,sigma_max_principal,0.95,8.350664399999998,20018,380342,3.615736993605755,3.38735980591678,0.22837718768897508,0.7256754638549594,0.7256754638549594,3.584551,3.31049
case_156,156,z,sigma_max_principal,0.95,8.350664399999998,20018,380342,568.5133785856729,436.6153215780166,131.89805700765623,0.4867565228350598,0.4867565228350598,622.511169,436.187088
case_156,156,theta_cos,sigma_max_principal,0.95,8.350664399999998,20018,380342,0.905855045683767,0.9333662245255142,-0.027511178841747252,-0.42348849113433196,0.42348849113433196,0.9048840266177045,0.9432205906999749
case_156,156,theta,sigma_max_principal,0.95,8.350664399999998,20018,380342,0.3918244532743587,0.3417904332034389,0.05003402007091984,0.2917434044542246,0.2917434044542246,0.43968914099547923,0.3386000984608121
case_156,156,theta_sin,sigma_max_principal,0.95,8.350664399999998,20018,380342,0.3742356169994562,0.3319994875400078,0.04223612945944838,0.26836274667371574,0.26836274667371574,0.42565819428747553,0.3321670020931964
case_156,156,param_field_magnitude_scaled,sigma_max_principal,0.95,8.350664399999998,20018,380342,0.9149598768184264,1.1579973008835958,-0.24303742406516937,-0.24211213051368694,0.24211213051368694,0.8184540350702365,0.8069736936679089
case_156,156,weight_loss_rate,sigma_max_principal,0.95,8.350664399999998,20018,380342,0.3494564739234688,0.3441775698739556,0.0052789040495132,0.12027085450678025,0.12027085450678025,0.348957,0.333556
case_156,156,temperature,sigma_max_principal,0.95,8.350664399999998,20018,380342,366.9250857201519,366.6277416670629,0.29734405308903433,0.02589067254561584,0.02589067254561584,366.48468,363.772278
case_157,157,rho_normalized,sigma_max_principal,0.95,7.2733848499999985,20018,380342,0.5051940177255165,0.6230409304437418,-0.11784691271822523,-0.8285253639223419,0.8285253639223419,0.5160462427564151,0.6362206686864766
case_157,157,distance_to_inner_proxy,sigma_max_principal,0.95,7.2733848499999985,20018,380342,46.822008177130286,57.74420621855734,-10.922198041427052,-0.8285253639223418,0.8285253639223418,47.827805853485316,58.96572070630222
case_157,157,distance_to_outer_proxy,sigma_max_principal,0.95,7.2733848499999985,20018,380342,45.859232166791905,34.93703412536485,10.922198041427052,0.8285253639223418,0.8285253639223418,44.85343449043687,33.71551963761996
case_157,157,rho,sigma_max_principal,0.95,7.2733848499999985,20018,380342,176.86706504955143,187.7892630909784,-10.92219804142698,-0.8285253639223364,0.8285253639223364,177.87286272590643,189.01077757872335
case_157,157,temperature,sigma_max_principal,0.95,7.2733848499999985,20018,380342,378.98135021975224,373.2361990247857,5.745151194966525,0.659685018389479,0.659685018389479,378.800385,370.955719
case_157,157,fluence_rate,sigma_max_principal,0.95,7.2733848499999985,20018,380342,3.5996724007892897,3.415616186802931,0.18405621398635885,0.5979348094172349,0.5979348094172349,3.582986,3.341546
case_157,157,z,sigma_max_principal,0.95,7.2733848499999985,20018,380342,541.2130570232291,437.6563738905801,103.55668313264903,0.36396232726549055,0.36396232726549055,602.420654,435.843903
case_157,157,theta_cos,sigma_max_principal,0.95,7.2733848499999985,20018,380342,0.9113386793571882,0.9330634060177028,-0.021724726660514615,-0.3454341734780422,0.3454341734780422,0.9066765940065515,0.9430421721938391
case_157,157,param_field_magnitude_scaled,sigma_max_principal,0.95,7.2733848499999985,20018,380342,0.9917808124156784,1.2200056906887422,-0.2282248782730638,-0.2338257843724426,0.2338257843724426,0.7578425917983336,0.8688637785175515
case_157,157,theta,sigma_max_principal,0.95,7.2733848499999985,20018,380342,0.3793190784585919,0.3424825229735051,0.0368365554850868,0.2180159631675187,0.2180159631675187,0.43545882313853057,0.33913682442856985
case_157,157,theta_sin,sigma_max_principal,0.95,7.2733848499999985,20018,380342,0.3632089030789825,0.3326105064338558,0.030598396645126702,0.19670332014429862,0.19670332014429862,0.4218264499536861,0.33267320520877175
case_157,157,weight_loss_rate,sigma_max_principal,0.95,7.2733848499999985,20018,380342,0.3468007681087022,0.35117046283607917,-0.0043696947273769715,-0.10104953620734188,0.10104953620734188,0.345371,0.340266
case_158,158,distance_to_outer_proxy,sigma_max_principal,0.95,9.03145045,20018,380342,45.65345559023779,35.189101628575614,10.464353961662177,0.786390355778276,0.786390355778276,43.474930414523286,33.915275571489886
case_158,158,rho,sigma_max_principal,0.95,9.03145045,20018,380342,177.41946361019663,187.8838175718588,-10.46435396166217,-0.7863903557782754,0.7863903557782754,179.59798878591113,189.15764362894453
case_158,158,distance_to_inner_proxy,sigma_max_principal,0.95,9.03145045,20018,380342,47.349623088086915,57.81397704974907,-10.464353961662155,-0.7863903557782743,0.7863903557782743,49.52814826380141,59.08780310683481
case_158,158,rho_normalized,sigma_max_principal,0.95,9.03145045,20018,380342,0.5091188782239983,0.6216350885513555,-0.11251621032735726,-0.7863903557782731,0.7863903557782731,0.5325431046762159,0.6353316895154119
case_158,158,fluence_rate,sigma_max_principal,0.95,9.03145045,20018,380342,3.597310729393546,3.4152636138080985,0.18204711558544728,0.5870348751919069,0.5870348751919069,3.575676,3.3412
case_158,158,weight_loss_rate,sigma_max_principal,0.95,9.03145045,20018,380342,0.43680953212109097,0.4168328643431436,0.019976667777947377,0.45132961480278305,0.45132961480278305,0.438883,0.408554
case_158,158,z,sigma_max_principal,0.95,9.03145045,20018,380342,545.3580345058448,437.79823639762634,107.55979810821844,0.3793627638473735,0.3793627638473735,602.777405,436.108185
case_158,158,theta_cos,sigma_max_principal,0.95,9.03145045,20018,380342,0.9090001416757001,0.9332975412162738,-0.02429739954057375,-0.37676105966653023,0.37676105966653023,0.9066323580034025,0.9431346778418981
case_158,158,param_field_magnitude_scaled,sigma_max_principal,0.95,9.03145045,20018,380342,0.9614453492043066,1.2912436904923532,-0.32979834128804664,-0.3574830800738032,0.3574830800738032,0.8422893308556507,0.9191789426047917
case_158,158,temperature,sigma_max_principal,0.95,9.03145045,20018,380342,412.6820017154561,410.62026022498685,2.0617414904692737,0.2722192089261646,0.2722192089261646,412.800598,411.40274
case_158,158,theta,sigma_max_principal,0.95,9.03145045,20018,380342,0.38263595828874414,0.3420397894037143,0.040596168885029815,0.23562456630916118,0.23562456630916118,0.43556367909415294,0.33885864711430985
case_158,158,theta_sin,sigma_max_principal,0.95,9.03145045,20018,380342,0.3657715868765985,0.33223274772764494,0.03353883914895356,0.21171413024687694,0.21171413024687694,0.42192151807370937,0.33241085940120674
case_159,159,rho_normalized,sigma_max_principal,0.95,7.7352063,20018,380342,0.5010489336536175,0.6223735337829686,-0.12132460012935109,-0.7926426362713279,0.7926426362713279,0.47738080514196646,0.635106390347542
case_159,159,distance_to_outer_proxy,sigma_max_principal,0.95,7.7352063,20018,380342,46.36701091516044,35.0924402449982,11.274570670162241,0.7926426362713279,0.7926426362713279,48.566465825793486,33.90918894215223
case_159,159,distance_to_inner_proxy,sigma_max_principal,0.95,7.7352063,20018,380342,46.56196357263327,57.836534242795494,-11.274570670162227,-0.7926426362713269,0.7926426362713269,44.362508662000224,59.01978554564148
case_159,159,rho,sigma_max_principal,0.95,7.7352063,20018,380342,176.65686688804144,187.9314375582036,-11.274570670162177,-0.7926426362713234,0.7926426362713234,174.45741197740836,189.11468886104961
case_159,159,fluence_rate,sigma_max_principal,0.95,7.7352063,20018,380342,3.624802258367469,3.4063619151184983,0.21844034324897077,0.6921480621361135,0.6921480621361135,3.60371,3.332627
case_159,159,z,sigma_max_principal,0.95,7.7352063,20018,380342,553.7164809667299,437.4237351931421,116.29274577358785,0.42947883494079114,0.42947883494079114,587.418091,436.194885
case_159,159,theta_cos,sigma_max_principal,0.95,7.7352063,20018,380342,0.9060874343741158,0.9333798179334413,-0.027292383559325506,-0.4172225634781772,0.4172225634781772,0.9055902361385619,0.9431881732087158
case_159,159,theta,sigma_max_principal,0.95,7.7352063,20018,380342,0.3901679121385755,0.34181767685977454,0.048350235278800946,0.2799977760814746,0.2799977760814746,0.43802710402857437,0.3386976788961493
case_159,159,theta_sin,sigma_max_principal,0.95,7.7352063,20018,380342,0.37255507770483776,0.332034041695701,0.04052103600913676,0.2557467871939129,0.2557467871939129,0.4241536563663495,0.3322590403874739
case_159,159,param_field_magnitude_scaled,sigma_max_principal,0.95,7.7352063,20018,380342,0.9404201306540413,1.1812770670791746,-0.24085693642513328,-0.23424859613588236,0.23424859613588236,0.7472384907296982,0.7901757437364045
case_159,159,weight_loss_rate,sigma_max_principal,0.95,7.7352063,20018,380342,0.4746048251573584,0.47999813345357606,-0.005393308296217647,-0.13750143927742556,0.13750143927742556,0.4780475,0.480238
case_159,159,temperature,sigma_max_principal,0.95,7.7352063,20018,380342,367.85361159251676,366.3959473093715,1.4576642831452773,0.12124279261127746,0.12124279261127746,367.752533,363.637726
case_160,160,fluence_rate,sigma_max_principal,0.95,8.2076078,20018,380342,3.9755406792386854,4.195335754712866,-0.2197950754741802,-0.5697040076962712,0.5697040076962712,4.236569,4.16965
case_160,160,param_field_magnitude_scaled,sigma_max_principal,0.95,8.2076078,20018,380342,1.7194903828093124,1.2332903949130631,0.4861999878962493,0.4223295149490891,0.4223295149490891,1.3634537333226082,0.8828695723039658
case_160,160,weight_loss_rate,sigma_max_principal,0.95,8.2076078,20018,380342,0.33979853896493156,0.3579082852353935,-0.018109746270461913,-0.41762192455137814,0.41762192455137814,0.330399,0.347256
case_160,160,z,sigma_max_principal,0.95,8.2076078,20018,380342,518.2868687679588,439.6183905938469,78.6684781741119,0.2927149663016035,0.2927149663016035,534.6094055,436.496887
case_160,160,distance_to_inner_proxy,sigma_max_principal,0.95,8.2076078,20018,380342,61.525854778954454,57.166124617333985,4.359730161620469,0.23389386962771336,0.23389386962771336,52.97752191555183,58.59270932465108
case_160,160,distance_to_outer_proxy,sigma_max_principal,0.95,8.2076078,20018,380342,31.58013011807469,35.939860279695154,-4.359730161620465,-0.23389386962771316,0.23389386962771316,40.12846298147731,34.51327557237806
case_160,160,rho_normalized,sigma_max_principal,0.95,8.2076078,20018,380342,0.6608152509959393,0.6139897953988355,0.04682545559710383,0.2338938696277128,0.2338938696277128,0.5690023254052088,0.629311954429695
case_160,160,rho,sigma_max_principal,0.95,8.2076078,20018,380342,191.76285030601386,187.40312014439348,4.3597301616203765,0.23389386962770845,0.23389386962770845,183.21451744261122,188.8297048517105
case_160,160,theta_cos,sigma_max_principal,0.95,8.2076078,20018,380342,0.9241631464519082,0.9324850877431573,-0.00832194129124908,-0.1332995434131375,0.1332995434131375,0.9532391324765361,0.9420942136364401
case_160,160,temperature,sigma_max_principal,0.95,8.2076078,20018,380342,381.2556795369168,380.2386177709062,1.0170617660105563,0.09859766132039893,0.09859766132039893,377.650848,378.03231800000003
case_160,160,theta_sin,sigma_max_principal,0.95,8.2076078,20018,380342,0.3302755175491674,0.33414929294094137,-0.0038737753917739703,-0.02504083241033665,0.02504083241033665,0.30221706820604144,0.33534831537469867
case_160,160,theta,sigma_max_principal,0.95,8.2076078,20018,380342,0.3437262812661823,0.3441385101001626,-0.0004122288339802882,-0.0024536255594608354,0.0024536255594608354,0.30701762506607966,0.3419749303520925
case_161,161,rho,sigma_max_principal,0.95,10.55459645,20018,380342,178.55397804704992,187.88686903649526,-9.332890989445332,-0.6659354868481462,0.6659354868481462,179.78288739123462,189.17629862046874
case_161,161,distance_to_inner_proxy,sigma_max_principal,0.95,10.55459645,20018,380342,48.477422026032876,57.8103130154782,-9.332890989445325,-0.6659354868481459,0.6659354868481459,49.70633137021758,59.09974259945169
case_161,161,rho_normalized,sigma_max_principal,0.95,10.55459645,20018,380342,0.5209811639141478,0.6212806478213984,-0.10029948390725052,-0.6659354868481441,0.6659354868481441,0.5341881083786142,0.6351379961986101
case_161,161,distance_to_outer_proxy,sigma_max_principal,0.95,10.55459645,20018,380342,44.572817375753715,35.23992638630842,9.332890989445296,0.6659354868481436,0.6659354868481436,43.343908031569015,33.95049680233491
case_161,161,fluence_rate,sigma_max_principal,0.95,10.55459645,20018,380342,3.575152537915875,3.4120641058415853,0.1630884320742898,0.5220051427343603,0.5220051427343603,3.566131,3.338412
case_161,161,param_field_magnitude_scaled,sigma_max_principal,0.95,10.55459645,20018,380342,0.8491284551091955,1.200951671653773,-0.3518232165445774,-0.350801024408024,0.350801024408024,0.6920018927242689,0.7547983541467072
case_161,161,z,sigma_max_principal,0.95,10.55459645,20018,380342,536.3413658227595,438.4396074797262,97.9017583430333,0.3479538289309501,0.3479538289309501,567.884216,436.264252
case_161,161,theta_cos,sigma_max_principal,0.95,10.55459645,20018,380342,0.9111836999675326,0.9331769792480118,-0.021993279280479228,-0.3475946790454317,0.3475946790454317,0.907877848509987,0.9431072780618097
case_161,161,temperature,sigma_max_principal,0.95,10.55459645,20018,380342,440.82788479868117,438.55832964410985,2.2695551545713215,0.23802589694215562,0.23802589694215562,441.834198,441.131439
case_161,161,theta,sigma_max_principal,0.95,10.55459645,20018,380342,0.37863976984023495,0.3422666497612031,0.03637312007903187,0.21380800019784904,0.21380800019784904,0.4326023041821764,0.3389410649358301
case_161,161,theta_sin,sigma_max_principal,0.95,10.55459645,20018,380342,0.36242673849187707,0.33242418002699176,0.03000255846488531,0.19155993317549047,0.19155993317549047,0.4192347936073435,0.3324885893783802
case_161,161,weight_loss_rate,sigma_max_principal,0.95,10.55459645,20018,380342,0.3331154664801679,0.33352994679525266,-0.00041448031508478644,-0.010231223851930782,0.010231223851930782,0.331963,0.323255
case_162,162,weight_loss_rate,sigma_max_principal,0.95,7.05977075,20018,380342,0.5905234266160455,0.6369719539519694,-0.04644852733592386,-0.5967838999161016,0.5967838999161016,0.64285,0.64342
case_162,162,param_field_magnitude_scaled,sigma_max_principal,0.95,7.05977075,20018,380342,1.8910617457991392,1.1516187207642345,0.7394430250349047,0.45889567552556826,0.45889567552556826,0.9237509046742829,0.7613100098071384
case_162,162,z,sigma_max_principal,0.95,7.05977075,20018,380342,546.0561538693177,437.9410657589224,108.11508811039528,0.4170241636627781,0.4170241636627781,563.7422185,436.2532195
case_162,162,theta_cos,sigma_max_principal,0.95,7.05977075,20018,380342,0.9146435833031936,0.9329944265289147,-0.018350843225721114,-0.2819210691429575,0.2819210691429575,0.9355116519355355,0.9427855252131312
case_162,162,fluence_rate,sigma_max_principal,0.95,7.05977075,20018,380342,3.6259456540113897,3.5658042781338914,0.06014137587749824,0.1761340186535874,0.1761340186535874,3.719777,3.504344
case_162,162,theta,sigma_max_principal,0.95,7.05977075,20018,380342,0.36745565621033704,0.3428594738666326,0.02459618234370442,0.14291402781013018,0.14291402781013018,0.3610918028342913,0.33990745152358515
case_162,162,temperature,sigma_max_principal,0.95,7.05977075,20018,380342,366.8546228519333,368.2528069133516,-1.3981840614183056,-0.11845205454194337,0.11845205454194337,366.229919,365.580261
case_162,162,theta_sin,sigma_max_principal,0.95,7.05977075,20018,380342,0.3516998330827415,0.3329930300832965,0.018706802999444994,0.11843135564080545,0.11843135564080545,0.35329583791457075,0.3333998402048154
case_162,162,distance_to_inner_proxy,sigma_max_principal,0.95,7.05977075,20018,380342,55.6153871191827,57.38560793919938,-1.7702208200166822,-0.09673659357006627,0.09673659357006627,50.14768593385635,58.70381302870864
case_162,162,rho,sigma_max_principal,0.95,7.05977075,20018,380342,185.71716010055715,187.48738092057383,-1.7702208200166751,-0.09673659357006588,0.09673659357006588,180.24945891523078,188.80558601008306
case_162,162,distance_to_outer_proxy,sigma_max_principal,0.95,7.05977075,20018,380342,37.44810139907842,35.67788057906175,1.770220820016668,0.09673659357006549,0.09673659357006549,42.91580258440477,34.35967548955249
case_162,162,rho_normalized,sigma_max_principal,0.95,7.05977075,20018,380342,0.5976069455882232,0.6166285925112194,-0.019021646922996127,-0.09673659357006544,0.09673659357006544,0.5388545683414421,0.6307931710209815
case_163,163,temperature,sigma_max_principal,0.95,9.154281799999998,20018,380342,416.4210324257168,428.6878527875598,-12.266820361842974,-0.7165685862898756,0.7165685862898756,428.592133,430.3227235
case_163,163,weight_loss_rate,sigma_max_principal,0.95,9.154281799999998,20018,380342,0.5313030906683984,0.5728718513837545,-0.04156876071535609,-0.66091086293831,0.66091086293831,0.576386,0.576514
case_163,163,param_field_magnitude_scaled,sigma_max_principal,0.95,9.154281799999998,20018,380342,2.2770438567693194,1.0798679635812056,1.1971758931881138,0.6025815297069054,0.6025815297069054,0.9107403375761909,0.6884851173453973
case_163,163,z,sigma_max_principal,0.95,9.154281799999998,20018,380342,531.3132496493655,438.7782034949151,92.53504615445041,0.3600325779441012,0.3600325779441012,544.1717835,436.27053850000004
case_163,163,theta_cos,sigma_max_principal,0.95,9.154281799999998,20018,380342,0.9189662060203215,0.9328208762402788,-0.013854670219957232,-0.2177200492729178,0.2177200492729178,0.9465861705792443,0.9425795151143721
case_163,163,fluence_rate,sigma_max_principal,0.95,9.154281799999998,20018,380342,3.4701389506444196,3.424754563371912,0.04538438727250771,0.13289964180133304,0.13289964180133304,3.518388,3.354089
case_163,163,theta,sigma_max_principal,0.95,9.154281799999998,20018,380342,0.35673228202971236,0.3432934702125468,0.013438811817165552,0.07889749678448031,0.07889749678448031,0.3283176118050124,0.34052481967666437
case_163,163,distance_to_inner_proxy,sigma_max_principal,0.95,9.154281799999998,20018,380342,58.661136198396534,57.34276796968949,1.318368228707044,0.07146727441971443,0.07146727441971443,50.84349124456793,58.67781602504762
case_163,163,rho_normalized,sigma_max_principal,0.95,9.154281799999998,20018,380342,0.6294033485162304,0.6152579460998976,0.014145402416332775,0.07146727441971439,0.07146727441971439,0.5455241018748188,0.629582314343134
case_163,163,distance_to_outer_proxy,sigma_max_principal,0.95,9.154281799999998,20018,380342,34.5400460588724,35.85841428757942,-1.3183682287070226,-0.07146727441971328,0.07146727441971328,42.357691012701,34.523366232221306
case_163,163,rho,sigma_max_principal,0.95,9.154281799999998,20018,380342,188.66337172663484,187.34500349792782,1.3183682287070155,0.07146727441971289,0.07146727441971289,180.84572677280624,188.68005155328592
case_163,163,theta_sin,sigma_max_principal,0.95,9.154281799999998,20018,380342,0.34206697443161704,0.3333818938748563,0.00868508055676076,0.05543261058974611,0.05543261058974611,0.3224509600829657,0.3339818223897145
case_164,164,rho_normalized,sigma_max_principal,0.95,7.52304965,20018,380342,0.518627123818411,0.621618813084707,-0.10299168926629598,-0.7124927709920535,0.7124927709920535,0.5406789145062489,0.6354418892013025
case_164,164,distance_to_outer_proxy,sigma_max_principal,0.95,7.52304965,20018,380342,44.672161228263356,35.114370218992654,9.557791009270701,0.7124927709920529,0.7124927709920529,42.62572031370006,33.83156697953848
case_164,164,rho,sigma_max_principal,0.95,7.52304965,20018,380342,178.21855893399368,187.77634994326436,-9.557791009270687,-0.7124927709920519,0.7124927709920519,180.26499984855695,189.05915318271852
case_164,164,distance_to_inner_proxy,sigma_max_principal,0.95,7.52304965,20018,380342,48.12941409649927,57.68720510576995,-9.55779100927068,-0.7124927709920512,0.7124927709920512,50.17585501106255,58.97000834522413
case_164,164,fluence_rate,sigma_max_principal,0.95,7.52304965,20018,380342,3.625585144619842,3.4683972536059637,0.1571878910138782,0.5042297077619936,0.5042297077619936,3.612445,3.393412
case_164,164,weight_loss_rate,sigma_max_principal,0.95,7.52304965,20018,380342,0.43513612154061343,0.41230938738030504,0.022826734160308393,0.482262264740818,0.482262264740818,0.43688150000000003,0.39403
case_164,164,z,sigma_max_principal,0.95,7.52304965,20018,380342,542.4307484301629,437.72585743263176,104.70489099753115,0.36052407793543717,0.36052407793543717,616.519928,435.955078
case_164,164,temperature,sigma_max_principal,0.95,7.52304965,20018,380342,376.19730250499555,372.3745782413275,3.8227242636680216,0.35457680953901266,0.35457680953901266,375.736084,369.5000765
case_164,164,theta_cos,sigma_max_principal,0.95,7.52304965,20018,380342,0.9127260861106268,0.9330215654501962,-0.020295479339569433,-0.32321172760853467,0.32321172760853467,0.9092227835366276,0.9430242592350797
case_164,164,param_field_magnitude_scaled,sigma_max_principal,0.95,7.52304965,20018,380342,1.016073164793153,1.2915014999423542,-0.2754283351492013,-0.2903898884791543,0.2903898884791543,0.8397321397803885,0.9731434245495618
case_164,164,theta,sigma_max_principal,0.95,7.52304965,20018,380342,0.3750595351806916,0.34263142319196965,0.03242811198872192,0.19137751698364924,0.19137751698364924,0.4293830057418557,0.3391906658306574
case_164,164,theta_sin,sigma_max_principal,0.95,7.52304965,20018,380342,0.3592450922977902,0.33275096032390467,0.02649413197388556,0.1697198496488649,0.1697198496488649,0.4163098964688001,0.33272397943930776
case_165,165,fluence_rate,sigma_max_principal,0.95,8.250581299999999,20018,380342,4.184849513437905,4.658719650693325,-0.47387013725541927,-1.0626363749777057,1.0626363749777057,4.254721,4.655472
case_165,165,param_field_magnitude_scaled,sigma_max_principal,0.95,8.250581299999999,20018,380342,2.3583573065118597,1.186642557513348,1.1717147489985118,0.8014359557418502,0.8014359557418502,1.8889663861350556,0.8310520091195512
case_165,165,rho,sigma_max_principal,0.95,8.250581299999999,20018,380342,198.07639218069505,187.72111810956872,10.355274071126331,0.5473898818697381,0.5473898818697381,209.32684748720922,189.15656719099934
case_165,165,distance_to_inner_proxy,sigma_max_principal,0.95,8.250581299999999,20018,380342,67.51299685449054,57.15772278336422,10.355274071126317,0.5473898818697375,0.5473898818697375,78.76345216100472,58.59317186479484
case_165,165,distance_to_outer_proxy,sigma_max_principal,0.95,8.250581299999999,20018,380342,26.129922040409834,36.48519611153615,-10.355274071126313,-0.5473898818697372,0.5473898818697372,14.87946673389564,35.04974703010552
case_165,165,rho_normalized,sigma_max_principal,0.95,8.250581299999999,20018,380342,0.7209621149279145,0.6103795509355586,0.11058256399235589,0.5473898818697371,0.5473898818697371,0.8411041976319049,0.6257085165249556
case_165,165,z,sigma_max_principal,0.95,8.250581299999999,20018,380342,532.9842593248077,440.0297709359182,92.9544883888895,0.3694146347552192,0.3694146347552192,540.071777,437.5667115
case_165,165,temperature,sigma_max_principal,0.95,8.250581299999999,20018,380342,384.41921090378656,381.7465787114333,2.6726321923532623,0.2652618035382166,0.2652618035382166,382.847198,378.835052
case_165,165,weight_loss_rate,sigma_max_principal,0.95,8.250581299999999,20018,380342,0.4226545616944749,0.4147485161670287,0.007906045527446226,0.1681198552392824,0.1681198552392824,0.412604,0.399755
case_165,165,theta_sin,sigma_max_principal,0.95,8.250581299999999,20018,380342,0.31941135286543,0.33459237437573736,-0.015181021510307369,-0.09862674963418154,0.09862674963418154,0.2906119882725613,0.33728492594921156
case_165,165,theta,sigma_max_principal,0.95,8.250581299999999,20018,380342,0.33204263049974503,0.34460870714184605,-0.01256607664210102,-0.07515571244346084,0.07515571244346084,0.2948663681341558,0.3440313287106305
case_165,165,theta_cos,sigma_max_principal,0.95,8.250581299999999,20018,380342,0.9282554114356205,0.9323366701817214,-0.00408125874610088,-0.06564242400505163,0.06564242400505163,0.9568409858865101,0.9414026124497332
case_166,166,distance_to_inner_proxy,sigma_max_principal,0.95,8.191421649999997,20018,380342,46.80805368340539,57.82398635654524,-11.01593267313985,-0.8285824518293161,0.8285824518293161,47.82971670976234,59.06221893813466
case_166,166,distance_to_outer_proxy,sigma_max_principal,0.95,8.191421649999997,20018,380342,46.10848572081674,35.0925530476769,11.015932673139837,0.828582451829315,0.828582451829315,45.0868226944598,33.85432046608747
case_166,166,rho_normalized,sigma_max_principal,0.95,8.191421649999997,20018,380342,0.5037644964345113,0.6223217817550111,-0.1185572853204998,-0.8285824518293142,0.8285824518293142,0.5147599880112297,0.6356480699436259
case_166,166,rho,sigma_max_principal,0.95,8.191421649999997,20018,380342,176.9654691751148,187.98140184825462,-11.015932673139815,-0.8285824518293133,0.8285824518293133,177.98713220147175,189.2196344298441
case_166,166,fluence_rate,sigma_max_principal,0.95,8.191421649999997,20018,380342,3.623870349235688,3.4257235718511243,0.19814677738456377,0.6257851417995552,0.6257851417995552,3.600951,3.350011
case_166,166,weight_loss_rate,sigma_max_principal,0.95,8.191421649999997,20018,380342,0.4394524437506244,0.4160252265934345,0.023427217157189928,0.5266192587530379,0.5266192587530379,0.442255,0.407111
case_166,166,z,sigma_max_principal,0.95,8.191421649999997,20018,380342,557.9814085150365,437.207281448762,120.7741270662745,0.4344381963826592,0.4344381963826592,616.8837585,436.20576500000004
case_166,166,theta_cos,sigma_max_principal,0.95,8.191421649999997,20018,380342,0.9074420977106121,0.9333111606995991,-0.025869062988986946,-0.3990419049886841,0.3990419049886841,0.9061569440969788,0.943121505411042
case_166,166,theta,sigma_max_principal,0.95,8.191421649999997,20018,380342,0.38743059895433046,0.3419567830647001,0.04547381588963034,0.26485747844323004,0.26485747844323004,0.4366891013125797,0.3388982718497239
case_166,166,theta_sin,sigma_max_principal,0.95,8.191421649999997,20018,380342,0.3701997526821757,0.33215368405185497,0.03804606863032073,0.24134501581227905,0.24134501581227905,0.42294159486180827,0.33244823060297707
case_166,166,param_field_magnitude_scaled,sigma_max_principal,0.95,8.191421649999997,20018,380342,1.0777535782473666,1.247196525566549,-0.1694429473191823,-0.17424489775387578,0.17424489775387578,0.879575792335633,0.9074643182755948
case_166,166,temperature,sigma_max_principal,0.95,8.191421649999997,20018,380342,367.53448420666393,367.17630363022494,0.3581805764389969,0.02938070953995374,0.02938070953995374,366.689117,363.76889
case_167,167,weight_loss_rate,sigma_max_principal,0.95,7.441063949999999,20018,380342,0.5996423155659906,0.6411990943072285,-0.041556778741237976,-0.5421784268612921,0.5421784268612921,0.648333,0.648213
case_167,167,temperature,sigma_max_principal,0.95,7.441063949999999,20018,380342,376.60027149890095,381.6252078114512,-5.024936312550267,-0.4588653933699923,0.4588653933699923,380.109009,380.160522
case_167,167,z,sigma_max_principal,0.95,7.441063949999999,20018,380342,544.2315115505045,437.9558436385226,106.27566791198188,0.410800459605325,0.410800459605325,557.987854,436.1707
case_167,167,param_field_magnitude_scaled,sigma_max_principal,0.95,7.441063949999999,20018,380342,1.792379271777526,1.1179337333250168,0.6744455384525092,0.40722594511757826,0.40722594511757826,0.8763831587409905,0.6886871924452177
case_167,167,theta_cos,sigma_max_principal,0.95,7.441063949999999,20018,380342,0.9125661948981199,0.9331243491062978,-0.02055815420817797,-0.3136510337718588,0.3136510337718588,0.9290522202921245,0.9428717111190504
case_167,167,fluence_rate,sigma_max_principal,0.95,7.441063949999999,20018,380342,3.528223395294235,3.427021188091245,0.10120220720298967,0.2890091186374305,0.2890091186374305,3.565868,3.355341
case_167,167,theta,sigma_max_principal,0.95,7.441063949999999,20018,380342,0.3723368715471748,0.3425445441119438,0.029792327435231025,0.1721455162500423,0.1721455162500423,0.37895370261339556,0.3396488508268968
case_167,167,theta_sin,sigma_max_principal,0.95,7.441063949999999,20018,380342,0.3560756172825184,0.3327090038322229,0.023366613450295504,0.14715696706701722,0.14715696706701722,0.3699486071750314,0.33315602406594047
case_167,167,rho,sigma_max_principal,0.95,7.441063949999999,20018,380342,185.14381265999765,187.4623098053972,-2.3184971453995615,-0.1284731496092316,0.1284731496092316,180.30059840243297,188.78342268092035
case_167,167,distance_to_inner_proxy,sigma_max_principal,0.95,7.441063949999999,20018,380342,55.09705716816192,57.415554313561415,-2.3184971453994976,-0.12847314960922804,0.12847314960922804,50.253842910597214,58.73666718908461
case_167,167,rho_normalized,sigma_max_principal,0.95,7.441063949999999,20018,380342,0.5924468929837386,0.6173771978091173,-0.024930304825378613,-0.12847314960922698,0.12847314960922698,0.54036884405653,0.6315828425134378
case_167,167,distance_to_outer_proxy,sigma_max_principal,0.95,7.441063949999999,20018,380342,37.90209232636367,35.583595180964195,2.3184971453994763,0.1284731496092269,0.1284731496092269,42.74530658392838,34.26248230544098
case_168,168,rho_normalized,sigma_max_principal,0.95,8.285568549999999,20018,380342,0.5016152749099603,0.6228833377093492,-0.12126806279938895,-0.8464497101542932,0.8464497101542932,0.5111385241820623,0.6359788243794282
case_168,168,distance_to_inner_proxy,sigma_max_principal,0.95,8.285568549999999,20018,380342,46.5696342733583,57.82808196440975,-11.258447691051451,-0.8464497101542919,0.8464497101542919,47.45376651150718,59.04385838781849
case_168,168,distance_to_outer_proxy,sigma_max_principal,0.95,8.285568549999999,20018,380342,46.2697121395226,35.01126444847116,11.258447691051444,0.8464497101542914,0.8464497101542914,45.38557990137372,33.79548802506241
case_168,168,rho,sigma_max_principal,0.95,8.285568549999999,20018,380342,176.717521206137,187.97596889718844,-11.25844769105143,-0.8464497101542903,0.8464497101542903,177.6016534442859,189.1917453205972
case_168,168,fluence_rate,sigma_max_principal,0.95,8.285568549999999,20018,380342,3.6702402358877015,3.4542749195986753,0.21596531628902627,0.6910323001856976,0.6910323001856976,3.647986,3.379615
case_168,168,z,sigma_max_principal,0.95,8.285568549999999,20018,380342,558.5949330180338,437.1423832396764,121.45254977835737,0.4365605044665007,0.4365605044665007,616.849976,436.200012
case_168,168,theta_cos,sigma_max_principal,0.95,8.285568549999999,20018,380342,0.9073027028403959,0.9332991386807079,-0.02599643584031197,-0.4013005037491889,0.4013005037491889,0.9061544220027213,0.9430928286634589
case_168,168,theta,sigma_max_principal,0.95,8.285568549999999,20018,380342,0.3878631684191536,0.3419816687634949,0.045881499655658686,0.26733299853803827,0.26733299853803827,0.43669506449552364,0.3389845205858748
case_168,168,theta_sin,sigma_max_principal,0.95,8.285568549999999,20018,380342,0.37061064019215423,0.3321753933984854,0.03843524679366883,0.24389009262332834,0.24389009262332834,0.42294699843390265,0.33252957240423003
case_168,168,param_field_magnitude_scaled,sigma_max_principal,0.95,8.285568549999999,20018,380342,0.9292336943884151,1.1567852246196961,-0.22755153023128105,-0.2291397934031445,0.2291397934031445,0.8561557979361889,0.7922876651902557
case_168,168,weight_loss_rate,sigma_max_principal,0.95,8.285568549999999,20018,380342,0.3594305906184434,0.35658504076068376,0.002845549857759644,0.06595878633221817,0.06595878633221817,0.3571455,0.346373
case_168,168,temperature,sigma_max_principal,0.95,8.285568549999999,20018,380342,367.4117640803777,367.85386410215796,-0.4421000217802771,-0.040777705377466195,0.040777705377466195,367.37146,365.636841
case_169,169,rho_normalized,sigma_max_principal,0.95,8.0909292,20018,380342,0.5136578735974632,0.6219076179816336,-0.10824974438417045,-0.6685207845969066,0.6685207845969066,0.4820804559193572,0.6347702792635124
case_169,169,distance_to_inner_proxy,sigma_max_principal,0.95,8.0909292,20018,380342,47.69973732796845,57.75211779043773,-10.05238046246928,-0.6685207845969061,0.6685207845969061,44.76736812628151,58.94658125731152
case_169,169,distance_to_outer_proxy,sigma_max_principal,0.95,8.0909292,20018,380342,45.16311902016409,35.11073855769481,10.05238046246928,0.6685207845969061,0.6685207845969061,48.09548822185103,33.91627509082102
case_169,169,rho,sigma_max_principal,0.95,8.0909292,20018,380342,177.79764933746068,187.85002979992984,-10.05238046246916,-0.6685207845968982,0.6685207845968982,174.86528013577373,189.04449326680376
case_169,169,fluence_rate,sigma_max_principal,0.95,8.0909292,20018,380342,3.6226232708562294,3.4225985959688905,0.20002467488733888,0.6205304699374236,0.6205304699374236,3.614529,3.351332
case_169,169,theta_cos,sigma_max_principal,0.95,8.0909292,20018,380342,0.9062681103136467,0.9334029962861782,-0.027134885972531442,-0.41275350754808265,0.41275350754808265,0.9062143988506145,0.9431482243168008
case_169,169,z,sigma_max_principal,0.95,8.0909292,20018,380342,544.2394917681586,437.8886893931198,106.35080237503877,0.39451847354524794,0.39451847354524794,567.755493,436.1555175
case_169,169,theta,sigma_max_principal,0.95,8.0909292,20018,380342,0.3886265699244771,0.34181391429272695,0.04681265563175013,0.2692626104759448,0.2692626104759448,0.43655323593796275,0.33881789256077954
case_169,169,theta_sin,sigma_max_principal,0.95,8.0909292,20018,380342,0.3709928329655688,0.3320385315868626,0.0389543013787062,0.24415683883395634,0.24415683883395634,0.4228184756054913,0.3323724220931463
case_169,169,weight_loss_rate,sigma_max_principal,0.95,8.0909292,20018,380342,0.45314756609051854,0.4616835790052112,-0.008536012914692637,-0.2014665212269113,0.2014665212269113,0.459362,0.461357
case_169,169,param_field_magnitude_scaled,sigma_max_principal,0.95,8.0909292,20018,380342,0.937067321339126,1.1477549772347757,-0.21068765589564975,-0.19341085121875445,0.19341085121875445,0.7428211590901437,0.7373483796312316
case_169,169,temperature,sigma_max_principal,0.95,8.0909292,20018,380342,378.99214158592264,380.2734699246389,-1.2813283387162642,-0.13046923318926154,0.13046923318926154,380.054062,378.79451
case_170,170,weight_loss_rate,sigma_max_principal,0.95,6.72739645,20018,380342,0.5402007846937756,0.5868429394071651,-0.046642154713389505,-0.6524934400321477,0.6524934400321477,0.591031,0.590347
case_170,170,param_field_magnitude_scaled,sigma_max_principal,0.95,6.72739645,20018,380342,1.964419874927154,1.1945590390465297,0.7698608358806243,0.5100300593209655,0.5100300593209655,1.1841777662614534,0.808763381063261
case_170,170,z,sigma_max_principal,0.95,6.72739645,20018,380342,523.1913402725546,438.8982113943345,84.2931288782201,0.3189124237310024,0.3189124237310024,538.2402035,436.070007
case_170,170,theta_cos,sigma_max_principal,0.95,6.72739645,20018,380342,0.9194670614892729,0.9327122576134328,-0.013245196124159864,-0.2096562249009643,0.2096562249009643,0.9445926572618124,0.9425527788223134
case_170,170,temperature,sigma_max_principal,0.95,6.72739645,20018,380342,369.903460918923,368.64088157413335,1.2625793447896285,0.10313339702118608,0.10313339702118608,369.468445,365.589355
case_170,170,theta,sigma_max_principal,0.95,6.72739645,20018,380342,0.35580442643228605,0.3435387192859489,0.012265707146337124,0.07223387211236372,0.07223387211236372,0.3344449201734623,0.34060486376838617
case_170,170,theta_sin,sigma_max_principal,0.95,6.72739645,20018,380342,0.3413109108720115,0.33359929445821457,0.007711616413796918,0.04933514735157135,0.04933514735157135,0.32824489614000696,0.3340572692405639
case_170,170,distance_to_outer_proxy,sigma_max_principal,0.95,6.72739645,20018,380342,35.561147642002865,35.65559957525703,-0.09445193325416312,-0.005125695090712943,0.005125695090712943,42.46897112048522,34.297951506780876
case_170,170,rho_normalized,sigma_max_principal,0.95,6.72739645,20018,380342,0.6171376337319117,0.6161207348672201,0.0010168988646915844,0.005125695090712674,0.005125695090712674,0.5427658595316274,0.6307375958664453
case_170,170,distance_to_inner_proxy,sigma_max_principal,0.95,6.72739645,20018,380342,57.321179729662084,57.22672779640793,0.09445193325415602,0.0051256950907125585,0.0051256950907125585,50.413356251179735,58.58437586488408
case_170,170,rho,sigma_max_principal,0.95,6.72739645,20018,380342,187.40631686412917,187.31186493087503,0.0944519332541347,0.005125695090711401,0.005125695090711401,180.49849338564684,188.66951299935118
case_170,170,fluence_rate,sigma_max_principal,0.95,6.72739645,20018,380342,3.624998313817564,3.6244793082068254,0.0005190056107386987,0.001542784617112812,0.001542784617112812,3.740084,3.565739
case_171,171,rho,sigma_max_principal,0.95,9.1834586,20018,380342,177.44854663598437,187.84423497498992,-10.395688339005545,-0.7829304158674154,0.7829304158674154,179.67319621970182,189.1016290808501
case_171,171,distance_to_inner_proxy,sigma_max_principal,0.95,9.1834586,20018,380342,47.36487485618184,57.760563195187345,-10.395688339005503,-0.7829304158674124,0.7829304158674124,49.58952443989925,59.01795730104753
case_171,171,distance_to_outer_proxy,sigma_max_principal,0.95,9.1834586,20018,380342,45.52331965451836,35.12763131551287,10.395688339005488,0.7829304158674113,0.7829304158674113,43.29867007080095,33.87023720965267
case_171,171,rho_normalized,sigma_max_principal,0.95,9.1834586,20018,380342,0.5099127516223354,0.6218288933211382,-0.11191614169880282,-0.782930415867411,0.782930415867411,0.5338625075136627,0.6353655339295995
case_171,171,fluence_rate,sigma_max_principal,0.95,9.1834586,20018,380342,3.5777039850634424,3.3843831739723713,0.19332081109107113,0.6168939571295017,0.6168939571295017,3.560726,3.306997
case_171,171,z,sigma_max_principal,0.95,9.1834586,20018,380342,560.8386388612249,436.8843705720773,123.95426828914765,0.44072815555764877,0.44072815555764877,626.429932,436.031219
case_171,171,weight_loss_rate,sigma_max_principal,0.95,9.1834586,20018,380342,0.37687779638325514,0.3581122032696888,0.018765593113566348,0.3810239147975145,0.3810239147975145,0.37555649999999996,0.345446
case_171,171,theta_cos,sigma_max_principal,0.95,9.1834586,20018,380342,0.910039169631726,0.9332083741650689,-0.023169204533342813,-0.3634593169800288,0.3634593169800288,0.9067231231422775,0.9431094187281253
case_171,171,param_field_magnitude_scaled,sigma_max_principal,0.95,9.1834586,20018,380342,0.9303279583497482,1.2410939452294991,-0.3107659868797509,-0.3276266463443903,0.3276266463443903,0.8348623532725341,0.831563987844027
case_171,171,theta,sigma_max_principal,0.95,9.1834586,20018,380342,0.38134825508605213,0.34218652713941794,0.039161727946634195,0.22953022528005274,0.22953022528005274,0.4353485060789228,0.3389346265614939
case_171,171,temperature,sigma_max_principal,0.95,9.1834586,20018,380342,406.14704632166047,404.5191364500502,1.6279098716102567,0.2231438903559011,0.2231438903559011,406.150452,405.155426
case_171,171,theta_sin,sigma_max_principal,0.95,9.1834586,20018,380342,0.3648275998500801,0.33235335685095935,0.03247424299912077,0.2069059101702384,0.2069059101702384,0.42172642549089456,0.3324825172937449
case_172,172,fluence_rate,sigma_max_principal,0.95,7.573457349999998,20018,380342,4.246292939904086,4.855961029034395,-0.6096680891303095,-1.2972396716653256,1.2972396716653256,4.171461,4.861352
case_172,172,param_field_magnitude_scaled,sigma_max_principal,0.95,7.573457349999998,20018,380342,2.8078750077985055,1.1811560959971048,1.6267189118014007,1.0500577424161344,1.0500577424161344,2.578264147773127,0.8476226633065153
case_172,172,distance_to_outer_proxy,sigma_max_principal,0.95,7.573457349999998,20018,380342,23.35840044892286,36.49575661432621,-13.13735616540335,-0.6951689850229043,0.6951689850229043,10.392459678839089,35.051692445623175
case_172,172,rho_normalized,sigma_max_principal,0.95,7.573457349999998,20018,380342,0.7499614337058249,0.6093334096390113,0.14062802406681363,0.695168985022904,0.695168985022904,0.8887545521771044,0.6247913060462948
case_172,172,rho,sigma_max_principal,0.95,7.573457349999998,20018,380342,200.6743244334029,187.53696826799955,13.137356165403332,0.6951689850229031,0.6951689850229031,213.64026520348665,188.98103243670255
case_172,172,distance_to_inner_proxy,sigma_max_principal,0.95,7.573457349999998,20018,380342,70.06079001884386,56.923433853440535,13.137356165403325,0.6951689850229029,0.6951689850229029,83.02673078892764,58.36749802214355
case_172,172,weight_loss_rate,sigma_max_principal,0.95,7.573457349999998,20018,380342,0.33754129458487364,0.3585604697587961,-0.021019175173922433,-0.4164290303014844,0.4164290303014844,0.329847,0.345498
case_172,172,z,sigma_max_principal,0.95,7.573457349999998,20018,380342,500.36333740808277,441.6265798724017,58.73675753568108,0.22893899751516034,0.22893899751516034,516.17218,437.5171355
case_172,172,theta_sin,sigma_max_principal,0.95,7.573457349999998,20018,380342,0.31567049478573783,0.33488516802150964,-0.019214673235771806,-0.1268719580103853,0.1268719580103853,0.2846933972836416,0.33812355314976483
case_172,172,theta,sigma_max_principal,0.95,7.573457349999998,20018,380342,0.3277667741274544,0.3449400443507333,-0.017173270223278858,-0.10431952067783687,0.10431952067783687,0.28868657492185235,0.3449222983907124
case_172,172,temperature,sigma_max_principal,0.95,7.573457349999998,20018,380342,376.7365665741832,375.97995603981144,0.7566105343717595,0.08735154619541018,0.08735154619541018,375.308807,373.576294
case_172,172,theta_cos,sigma_max_principal,0.95,7.573457349999998,20018,380342,0.9304906228826357,0.9321739425149879,-0.0016833196323521316,-0.027359335492843313,0.027359335492843313,0.9586186257021594,0.941101728191581
case_173,173,temperature,sigma_max_principal,0.95,9.59942485,20018,380342,379.67714737701067,403.383507576589,-23.70636019957834,-1.8790126856241745,1.8790126856241745,378.847076,402.715912
case_173,173,fluence_rate,sigma_max_principal,0.95,9.59942485,20018,380342,4.232517670396643,5.115579763313018,-0.8830620929163748,-1.871835409664015,1.871835409664015,4.173915,5.131537
case_173,173,param_field_magnitude_scaled,sigma_max_principal,0.95,9.59942485,20018,380342,3.943014040967345,0.9714727515029258,2.971541289464419,1.5736753690900465,1.5736753690900465,3.918540705428211,0.6531680258455466
case_173,173,distance_to_inner_proxy,sigma_max_principal,0.95,9.59942485,20018,380342,76.57966422723818,56.83677305183345,19.742891175404736,1.1082648936334412,1.1082648936334412,85.17246008352936,58.351095646233375
case_173,173,rho_normalized,sigma_max_principal,0.95,9.59942485,20018,380342,0.8159953433954692,0.6056247779606361,0.21037056543483312,1.1082648936334407,1.1082648936334407,0.9075559616906266,0.6217606568247976
case_173,173,distance_to_outer_proxy,sigma_max_principal,0.95,9.59942485,20018,380342,17.268499058326203,37.01139023373092,-19.74289117540472,-1.1082648936334403,1.1082648936334403,8.675703202035038,35.49706763933102
case_173,173,rho,sigma_max_principal,0.95,9.59942485,20018,380342,207.59020913470692,187.84731795930225,19.74289117540468,1.1082648936334383,1.1082648936334383,216.18300499099809,189.3616405537021
case_173,173,weight_loss_rate,sigma_max_principal,0.95,9.59942485,20018,380342,0.3248710347187531,0.35903033333946804,-0.03415929862071493,-0.7778669817485918,0.7778669817485918,0.320061,0.349077
case_173,173,z,sigma_max_principal,0.95,9.59942485,20018,380342,499.6519856378759,443.09767658693477,56.55430905094113,0.22673601954024164,0.22673601954024164,517.7186585,438.847351
case_173,173,theta_sin,sigma_max_principal,0.95,9.59942485,20018,380342,0.3042485903653625,0.33546005647235605,-0.031211466106993546,-0.21852580820334858,0.21852580820334858,0.28150458317337035,0.3403144415733731
case_173,173,theta,sigma_max_principal,0.95,9.59942485,20018,380342,0.31454530409672166,0.3456044403339601,-0.03105913623723844,-0.2000148523616645,0.2000148523616645,0.28536174237083733,0.3472512787287697
case_173,173,theta_cos,sigma_max_principal,0.95,9.59942485,20018,380342,0.9375546463983383,0.9318216377546251,0.005733008643713178,0.09831145174369359,0.09831145174369359,0.9595598833071267,0.9403116934590712
case_174,174,fluence_rate,sigma_max_principal,0.95,9.461701199999998,20018,380342,4.107895648216605,5.145655572390111,-1.037759924173506,-2.648407251541227,2.648407251541227,4.107974,5.158196
case_174,174,temperature,sigma_max_principal,0.95,9.461701199999998,20018,380342,394.75718655300227,431.341018843646,-36.58383229064373,-2.6175999370007315,2.6175999370007315,394.823547,431.733582
case_174,174,weight_loss_rate,sigma_max_principal,0.95,9.461701199999998,20018,380342,0.40699888615246277,0.5263225230371612,-0.11932363688469844,-2.4917246433089537,2.4917246433089537,0.407593,0.52404
case_174,174,param_field_magnitude_scaled,sigma_max_principal,0.95,9.461701199999998,20018,380342,5.564759243079984,0.7274499811290378,4.837309261950947,2.322432940240655,2.322432940240655,5.484027483618858,0.49741765525933607
case_174,174,distance_to_inner_proxy,sigma_max_principal,0.95,9.461701199999998,20018,380342,83.47837032823014,56.756255585691115,26.722114742539027,1.829901305631196,1.829901305631196,86.62588006583889,58.376490785285455
case_174,174,rho_normalized,sigma_max_principal,0.95,9.461701199999998,20018,380342,0.8842513338468513,0.6011951899452492,0.28305614390160205,1.8299013056311955,1.8299013056311955,0.9175915832172357,0.6183576612627135
case_174,174,distance_to_outer_proxy,sigma_max_principal,0.95,9.461701199999998,20018,380342,10.927334399480511,37.649449142019535,-26.722114742539024,-1.8299013056311955,1.8299013056311955,7.779824661871771,36.0292139424252
case_174,174,rho,sigma_max_principal,0.95,9.461701199999998,20018,380342,215.08572505608882,188.36361031354986,26.722114742538963,1.829901305631191,1.829901305631191,218.2332347936976,189.98384551314416
case_174,174,theta_sin,sigma_max_principal,0.95,9.461701199999998,20018,380342,0.27547499811695697,0.3370520181384927,-0.061577020021535755,-0.4874528710765708,0.4874528710765708,0.27849546017924354,0.3418603572800525
case_174,174,theta,sigma_max_principal,0.95,9.461701199999998,20018,380342,0.2816873150821523,0.34741263045473203,-0.06572531537257975,-0.48645286519266223,0.48645286519266223,0.2822272376206244,0.3488958149015166
case_174,174,theta_cos,sigma_max_principal,0.95,9.461701199999998,20018,380342,0.9526576768763588,0.9310120851023791,0.021645591773979733,0.46930165567975674,0.46930165567975674,0.9604375454237255,0.9397507627665721
case_174,174,z,sigma_max_principal,0.95,9.461701199999998,20018,380342,505.7987662541213,444.3310830694665,61.46768318465479,0.25153879960031067,0.25153879960031067,523.6313785,440.32435599999997
case_175,175,distance_to_inner_proxy,sigma_max_principal,0.95,7.7605657,20018,380342,46.80259957495181,57.774433714417555,-10.971834139465741,-0.8327864480223579,0.8327864480223579,47.70894567228156,58.99156265444073
case_175,175,rho_normalized,sigma_max_principal,0.95,7.7605657,20018,380342,0.5045024919927337,0.6227719410267966,-0.11826944903406289,-0.8327864480223578,0.8327864480223578,0.5142723310372184,0.6358918230182831
case_175,175,distance_to_outer_proxy,sigma_max_principal,0.95,7.7605657,20018,380342,45.96720893498497,34.99537479551923,10.971834139465734,0.8327864480223574,0.8327864480223574,45.06086283765522,33.77824585549605
case_175,175,rho,sigma_max_principal,0.95,7.7605657,20018,380342,176.86160089667086,187.8334350361366,-10.971834139465727,-0.8327864480223569,0.8327864480223569,177.76794699400062,189.05056397615976
case_175,175,fluence_rate,sigma_max_principal,0.95,7.7605657,20018,380342,3.589861297682086,3.4024016924951748,0.1874596051869113,0.6069318077368114,0.6069318077368114,3.57253,3.3224505
case_175,175,temperature,sigma_max_principal,0.95,7.7605657,20018,380342,373.62218326421225,368.2971817149223,5.3250015492899365,0.4700953898141289,0.4700953898141289,374.082977,365.319244
case_175,175,z,sigma_max_principal,0.95,7.7605657,20018,380342,542.4042795439606,437.72649507289486,104.6777844710657,0.3683740536422337,0.3683740536422337,602.5856014999999,435.971893
case_175,175,theta_cos,sigma_max_principal,0.95,7.7605657,20018,380342,0.911782307481,0.9330319905384484,-0.021249683057448454,-0.3388062358824063,0.3388062358824063,0.9072589021986531,0.9430254982137691
case_175,175,param_field_magnitude_scaled,sigma_max_principal,0.95,7.7605657,20018,380342,0.9899236397086933,1.2165897035036375,-0.22666606379494414,-0.2345620058275709,0.2345620058275709,0.8166880212712533,0.8697002929425436
case_175,175,theta,sigma_max_principal,0.95,7.7605657,20018,380342,0.378677771829026,0.34253482553395104,0.036142946295074974,0.21469397186204417,0.21469397186204417,0.4340763236634314,0.33918694206788036
case_175,175,theta_sin,sigma_max_principal,0.95,7.7605657,20018,380342,0.36269155135580494,0.3326544271644711,0.030037124191333864,0.19381878601789934,0.19381878601789934,0.42057256731817505,0.33272046783838705
case_175,175,weight_loss_rate,sigma_max_principal,0.95,7.7605657,20018,380342,0.3499782439804176,0.35100895661273274,-0.0010307126323151339,-0.02109715970166709,0.02109715970166709,0.347888,0.338122
case_176,176,weight_loss_rate,sigma_max_principal,0.95,7.8278196499999995,20018,380342,0.3945801577580178,0.4172495151048267,-0.022669357346808916,-0.48896592106135994,0.48896592106135994,0.40963,0.4114285
case_176,176,z,sigma_max_principal,0.95,7.8278196499999995,20018,380342,532.0597028506844,438.76303677810506,93.29666607257934,0.35244448400475115,0.35244448400475115,548.4167175,436.37638849999996
case_176,176,theta_cos,sigma_max_principal,0.95,7.8278196499999995,20018,380342,0.9139168194523578,0.9329994894567449,-0.019082670004387126,-0.29528164197580736,0.29528164197580736,0.9290440210750195,0.9428000913544039
case_176,176,rho_normalized,sigma_max_principal,0.95,7.8278196499999995,20018,380342,0.5831611423594134,0.6181396343133856,-0.03497849195397218,-0.18116123065535314,0.18116123065535314,0.5179378617919437,0.6323356685344519
case_176,176,distance_to_outer_proxy,sigma_max_principal,0.95,7.8278196499999995,20018,380342,38.74205575993498,35.491066412757384,3.250989347177594,0.1811612306553528,0.1811612306553528,44.80407211535251,34.17165115364372
case_176,176,rho,sigma_max_principal,0.95,7.8278196499999995,20018,380342,184.4020023612809,187.65299170845847,-3.2509893471775797,-0.18116123065535206,0.18116123065535206,178.33998600586335,188.97240696757214
case_176,176,distance_to_inner_proxy,sigma_max_principal,0.95,7.8278196499999995,20018,380342,54.20046879073868,57.45145813791626,-3.2509893471775797,-0.18116123065535206,0.18116123065535206,48.13845243532114,58.77087339702993
case_176,176,theta,sigma_max_principal,0.95,7.8278196499999995,20018,380342,0.3699029467884453,0.34281623743692735,0.027086709351517968,0.15783021550378257,0.15783021550378257,0.37897586514584725,0.3398637591171385
case_176,176,temperature,sigma_max_principal,0.95,7.8278196499999995,20018,380342,366.65044200279743,368.25371933822714,-1.6032773354297092,-0.14450421903767924,0.14450421903767924,366.2219695,366.082092
case_176,176,theta_sin,sigma_max_principal,0.95,7.8278196499999995,20018,380342,0.35406846136619835,0.332946667342279,0.021121794023919338,0.13398961066621398,0.13398961066621398,0.36996919723776833,0.3333586473181817
case_176,176,param_field_magnitude_scaled,sigma_max_principal,0.95,7.8278196499999995,20018,380342,1.2727505145214417,1.1457336440690082,0.12701687045243348,0.11276675163393103,0.11276675163393103,0.8913325202522352,0.7685043088900715
case_176,176,fluence_rate,sigma_max_principal,0.95,7.8278196499999995,20018,380342,3.84734738285543,3.8355397242744695,0.011807658580960556,0.034977027360683983,0.034977027360683983,3.970004,3.790363
case_177,177,temperature,sigma_max_principal,0.95,10.248656199999992,20018,380342,393.9006558678689,429.24776338507183,-35.347107517202915,-2.4614932049945923,2.4614932049945923,393.902237,429.900208
case_177,177,fluence_rate,sigma_max_principal,0.95,10.248656199999992,20018,380342,4.131980730792287,5.1317709941973275,-0.9997902634050408,-2.4469104405758046,2.4469104405758046,4.130399,5.144227
case_177,177,param_field_magnitude_scaled,sigma_max_principal,0.95,10.248656199999992,20018,380342,4.828738076921099,0.8887301989517982,3.9400078779693013,2.086938269963931,2.086938269963931,4.712787212355411,0.6510437799330082
case_177,177,distance_to_inner_proxy,sigma_max_principal,0.95,10.248656199999992,20018,380342,81.881208122162,56.65360064034765,25.227607481814346,1.634128328112071,1.634128328112071,86.30054053424773,58.26765095322192
case_177,177,distance_to_outer_proxy,sigma_max_principal,0.95,10.248656199999992,20018,380342,12.135919864829264,37.3635273466436,-25.22760748181434,-1.6341283281120704,1.6341283281120704,7.716587452743525,35.74947703376934
case_177,177,rho_normalized,sigma_max_principal,0.95,10.248656199999992,20018,380342,0.8709179898953255,0.6025880799952383,0.2683299099000872,1.63412832811207,1.63412832811207,0.9179235994763504,0.6197556998474167
case_177,177,rho,sigma_max_principal,0.95,10.248656199999992,20018,380342,213.1331375757201,187.9055300939058,25.22760748181429,1.6341283281120673,1.6341283281120673,217.55246998780586,189.51958040678005
case_177,177,weight_loss_rate,sigma_max_principal,0.95,10.248656199999992,20018,380342,0.2990984849635328,0.3348175133748047,-0.03571902841127189,-0.924060022765207,0.924060022765207,0.295938,0.324318
case_177,177,theta_sin,sigma_max_principal,0.95,10.248656199999992,20018,380342,0.28448198229117133,0.33653636470976633,-0.052054382418595,-0.402378324339718,0.402378324339718,0.27993994403413813,0.3410095190379143
case_177,177,theta,sigma_max_principal,0.95,10.248656199999992,20018,380342,0.2915772673110171,0.3468505938584013,-0.055273326547384205,-0.39789933947115724,0.39789933947115724,0.28373155148123885,0.3479905767019389
case_177,177,theta_cos,sigma_max_principal,0.95,10.248656199999992,20018,380342,0.9489196930682796,0.9312144615062444,0.017705231562035184,0.3639255190938651,0.3639255190938651,0.9600175142850742,0.9400598427363708
case_177,177,z,sigma_max_principal,0.95,10.248656199999992,20018,380342,499.9089710538516,443.61222161943465,56.29674943441694,0.22951704659189762,0.22951704659189762,518.323303,439.348663
case_178,178,fluence_rate,sigma_max_principal,0.95,9.064975249999998,20018,380342,3.5547287081626537,3.3879105245489587,0.16681818361369505,0.5051110339592054,0.5051110339592054,3.568683,3.311917
case_178,178,rho,sigma_max_principal,0.95,9.064975249999998,20018,380342,180.42284990738602,187.6896860224501,-7.266836115064081,-0.45148312406181945,0.45148312406181945,177.44793386424055,188.95709579088907
case_178,178,rho_normalized,sigma_max_principal,0.95,9.064975249999998,20018,380342,0.5418795809334217,0.6199990068981049,-0.07811942596468324,-0.45148312406181945,0.45148312406181945,0.5098988495802146,0.633623825458034
case_178,178,distance_to_inner_proxy,sigma_max_principal,0.95,9.064975249999998,20018,380342,50.40679779857808,57.67363391364215,-7.266836115064066,-0.45148312406181845,0.45148312406181845,47.43188175543264,58.94104368208117
case_178,178,distance_to_outer_proxy,sigma_max_principal,0.95,9.064975249999998,20018,380342,42.61534138546202,35.34850527039795,7.266836115064066,0.45148312406181845,0.45148312406181845,45.59025742860746,34.08109550195893
case_178,178,weight_loss_rate,sigma_max_principal,0.95,9.064975249999998,20018,380342,0.45905707548206615,0.47693616105242126,-0.017879085570355113,-0.39016275288374264,0.39016275288374264,0.471387,0.476879
case_178,178,z,sigma_max_principal,0.95,9.064975249999998,20018,380342,539.6893946256369,438.16202135200166,101.52737327363519,0.37672813293069934,0.37672813293069934,563.6026305,436.155533
case_178,178,theta_cos,sigma_max_principal,0.95,9.064975249999998,20018,380342,0.9109869174929064,0.9331918079644145,-0.022204890471508087,-0.3442304441890482,0.3442304441890482,0.9113695272735609,0.9430719171284154
case_178,178,temperature,sigma_max_principal,0.95,9.064975249999998,20018,380342,408.0601659128285,411.19785255498755,-3.1376866421590535,-0.2592041366150332,0.2592041366150332,412.304718,411.797882
case_178,178,theta,sigma_max_principal,0.95,9.064975249999998,20018,380342,0.37755230779069526,0.34230982700160417,0.03524248078909109,0.20489687590723837,0.20489687590723837,0.42419701338627985,0.33904740121473276
case_178,178,theta_sin,sigma_max_principal,0.95,9.064975249999998,20018,380342,0.36111436555699855,0.3324800803639838,0.028634285193014752,0.1811184835555126,0.1811184835555126,0.4115890969852561,0.33258887401623505
case_178,178,param_field_magnitude_scaled,sigma_max_principal,0.95,9.064975249999998,20018,380342,1.2154111388229627,1.147146650463398,0.06826448835956467,0.04956040025576537,0.04956040025576537,0.7130275338541058,0.7131025026776717
case_179,179,distance_to_inner_proxy,sigma_max_principal,0.95,8.77827785,20018,380342,46.73894649498581,57.85844839329709,-11.119501898311277,-0.8349304139340195,0.8349304139340195,47.53790331183052,59.08982860863857
case_179,179,rho_normalized,sigma_max_principal,0.95,8.77827785,20018,380342,0.5029389261497909,0.6225913950957305,-0.11965246894593962,-0.834930413934018,0.834930413934018,0.5115361777704931,0.6358417802590417
case_179,179,distance_to_outer_proxy,sigma_max_principal,0.95,8.77827785,20018,380342,46.192707956166174,35.073206057854925,11.119501898311249,0.8349304139340173,0.8349304139340173,45.393751139321466,33.841825842513416
case_179,179,rho,sigma_max_principal,0.95,8.77827785,20018,380342,176.87576768622014,187.99526958453134,-11.1195018983112,-0.8349304139340137,0.8349304139340137,177.67472450306485,189.22664979987292
case_179,179,fluence_rate,sigma_max_principal,0.95,8.77827785,20018,380342,3.66333238245579,3.446887897902415,0.21644448455337528,0.6866903982514466,0.6866903982514466,3.64111,3.369799
case_179,179,z,sigma_max_principal,0.95,8.77827785,20018,380342,569.0602773495353,436.7185315679836,132.34174578155177,0.4793640435114678,0.4793640435114678,632.4532165,436.302155
case_179,179,theta_cos,sigma_max_principal,0.95,8.77827785,20018,380342,0.9076851915765743,0.9332831159959801,-0.025597924419405782,-0.3965408894583145,0.3965408894583145,0.9062128692176176,0.9431025604994132
case_179,179,theta,sigma_max_principal,0.95,8.77827785,20018,380342,0.38777826189204107,0.3419728669838791,0.04580539490816199,0.2685041878398767,0.2685041878398767,0.43655685363265534,0.3389552532948533
case_179,179,theta_sin,sigma_max_principal,0.95,8.77827785,20018,380342,0.37065174977985244,0.33216070129732517,0.03849104848252727,0.2457985555972121,0.2457985555972121,0.42282175401025324,0.33250197048957486
case_179,179,param_field_magnitude_scaled,sigma_max_principal,0.95,8.77827785,20018,380342,0.9071920569319545,1.1471168182465583,-0.23992476131460383,-0.2392152247305774,0.2392152247305774,0.8323733468818053,0.7875144816228242
case_179,179,temperature,sigma_max_principal,0.95,8.77827785,20018,380342,368.4177621091518,367.32917385806206,1.0885882510897318,0.0921868233128711,0.0921868233128711,367.811981,364.216614
case_179,179,weight_loss_rate,sigma_max_principal,0.95,8.77827785,20018,380342,0.35491929053851534,0.3561838327031987,-0.0012645421646833577,-0.026625209106940793,0.026625209106940793,0.355167,0.345776
case_180,180,rho,sigma_max_principal,0.95,7.69277325,20018,380342,179.0842581368689,187.72529106295576,-8.641032926086865,-0.6127429597296948,0.6127429597296948,180.2614860835336,189.00845360485204
case_180,180,rho_normalized,sigma_max_principal,0.95,7.69277325,20018,380342,0.5279018387350786,0.6209977984955658,-0.09309595976048723,-0.6127429597296918,0.6127429597296918,0.5405849480912246,0.6348222161766867
case_180,180,distance_to_outer_proxy,sigma_max_principal,0.95,7.69277325,20018,380342,43.819471503710304,35.17843857762348,8.641032926086822,0.6127429597296918,0.6127429597296918,42.64224355704562,33.89527603572719
case_180,180,distance_to_inner_proxy,sigma_max_principal,0.95,7.69277325,20018,380342,48.99908848877541,57.64012141486222,-8.641032926086808,-0.6127429597296907,0.6127429597296907,50.1763164354401,58.923283956758524
case_180,180,weight_loss_rate,sigma_max_principal,0.95,7.69277325,20018,380342,0.43327373378958944,0.41157151466048986,0.021702219129099587,0.5286306235387943,0.5286306235387943,0.432262,0.398108
case_180,180,fluence_rate,sigma_max_principal,0.95,7.69277325,20018,380342,3.624565978968928,3.461157681331539,0.1634082976373894,0.5119883685459742,0.5119883685459742,3.620707,3.379468
case_180,180,temperature,sigma_max_principal,0.95,7.69277325,20018,380342,385.1603863507343,381.1882960720588,3.9720902786755232,0.38135765822083073,0.38135765822083073,385.393829,378.425003
case_180,180,z,sigma_max_principal,0.95,7.69277325,20018,380342,542.3930354844141,437.69183738777997,104.70119809663413,0.3650615699697751,0.3650615699697751,592.7254335,435.910248
case_180,180,theta_cos,sigma_max_principal,0.95,7.69277325,20018,380342,0.9134257976646745,0.9330039175732058,-0.01957811990853131,-0.31001596186860536,0.31001596186860536,0.9103553025619373,0.9430083581188465
case_180,180,param_field_magnitude_scaled,sigma_max_principal,0.95,7.69277325,20018,380342,1.0205092218297138,1.3106427546588122,-0.2901335328290984,-0.30773677029302554,0.30773677029302554,0.8105284957881529,1.010363892704751
case_180,180,theta,sigma_max_principal,0.95,7.69277325,20018,380342,0.37180573947782675,0.34275623846247305,0.029049501015353696,0.17000675950918934,0.17000675950918934,0.4266544976912702,0.33923845330551883
case_180,180,theta_sin,sigma_max_principal,0.95,7.69277325,20018,380342,0.3560672389704565,0.33287610961754527,0.023191129352911233,0.14727530076169681,0.14727530076169681,0.41382752820024704,0.3327690438072245
case_181,181,z,sigma_max_principal,0.95,8.34870525,20018,380342,549.0305974753222,437.8915919726194,111.13900550270284,0.4100693093985668,0.4100693093985668,573.715759,436.3720245
case_181,181,temperature,sigma_max_principal,0.95,8.34870525,20018,380342,371.4468790491058,374.7970650795205,-3.3501860304147044,-0.322320961150199,0.322320961150199,373.254425,372.733215
case_181,181,theta_cos,sigma_max_principal,0.95,8.34870525,20018,380342,0.9164224812124389,0.9328876577875026,-0.016465176575063745,-0.25923821199433394,0.25923821199433394,0.9342059352437899,0.9427746603808074
case_181,181,distance_to_inner_proxy,sigma_max_principal,0.95,8.34870525,20018,380342,54.179651749212965,57.49876030279872,-3.3191085535857567,-0.19278444604079034,0.19278444604079034,50.45398238390487,58.85327591332924
case_181,181,rho_normalized,sigma_max_principal,0.95,8.34870525,20018,380342,0.5824638316551405,0.6181462442101269,-0.03568241255498639,-0.1927844460407899,0.1927844460407899,0.5424106459306854,0.6327081014217281
case_181,181,distance_to_outer_proxy,sigma_max_principal,0.95,8.34870525,20018,380342,38.8384015696601,35.519293016074364,3.3191085535857354,0.19278444604078912,0.19278444604078912,42.564070934968186,34.164777405543816
case_181,181,rho,sigma_max_principal,0.95,8.34870525,20018,380342,184.36995962972145,187.68906818330714,-3.319108553585693,-0.19278444604078662,0.19278444604078662,180.64429026441334,189.0435837938377
case_181,181,theta,sigma_max_principal,0.95,8.34870525,20018,380342,0.36457955967807637,0.3430407892524459,0.02153877042563046,0.12689105996832,0.12689105996832,0.3647697184187277,0.3399400380171653
case_181,181,theta_sin,sigma_max_principal,0.95,8.34870525,20018,380342,0.3494279766150573,0.33313943943298846,0.016288537182068852,0.10433802339333141,0.10433802339333141,0.35673417351754144,0.33343056210225575
case_181,181,weight_loss_rate,sigma_max_principal,0.95,8.34870525,20018,380342,0.3696826727944849,0.3651122673383428,0.004570405456142124,0.093914552177922,0.093914552177922,0.362652,0.353129
case_181,181,fluence_rate,sigma_max_principal,0.95,8.34870525,20018,380342,3.892196682086122,3.880372399309044,0.011824282777078032,0.036106057668976864,0.036106057668976864,4.004868,3.836666
case_181,181,param_field_magnitude_scaled,sigma_max_principal,0.95,8.34870525,20018,380342,1.191187049007568,1.1728233733594935,0.018363675648074507,0.017094537492770925,0.017094537492770925,0.8680524961157265,0.7829056154589373
case_182,182,rho,sigma_max_principal,0.95,8.00586695,20018,380342,176.5251489033226,187.90297044205582,-11.37782153873323,-0.8607470636942485,0.8607470636942485,177.44422397213066,189.10010161493045
case_182,182,distance_to_inner_proxy,sigma_max_principal,0.95,8.00586695,20018,380342,46.413953253137805,57.791774791871006,-11.377821538733201,-0.8607470636942464,0.8607470636942464,47.33302832194586,58.98890596474567
case_182,182,distance_to_outer_proxy,sigma_max_principal,0.95,8.00586695,20018,380342,46.368244576316016,34.99042303758283,11.377821538733187,0.8607470636942453,0.8607470636942453,45.44916950750796,33.79329186470815
case_182,182,rho_normalized,sigma_max_principal,0.95,8.00586695,20018,380342,0.500246322451349,0.6228756824461095,-0.12262935999476043,-0.8607470636942441,0.8607470636942441,0.5101520488763409,0.6357782779965531
case_182,182,fluence_rate,sigma_max_principal,0.95,8.00586695,20018,380342,3.599955801328804,3.4027912714372857,0.19716452989151856,0.6364297811842593,0.6364297811842593,3.577985,3.323486
case_182,182,z,sigma_max_principal,0.95,8.00586695,20018,380342,543.1465720954141,437.73592131560014,105.41065077981392,0.3736230495755464,0.3736230495755464,602.646057,436.010681
case_182,182,theta_cos,sigma_max_principal,0.95,8.00586695,20018,380342,0.9095870579285726,0.9331614300399862,-0.023574372111413555,-0.36867952861966174,0.36867952861966174,0.9063319817797784,0.94306141707506
case_182,182,temperature,sigma_max_principal,0.95,8.00586695,20018,380342,373.38456613672696,369.73202791193967,3.6525382247872926,0.331642168875949,0.331642168875949,372.882996,366.846283
case_182,182,param_field_magnitude_scaled,sigma_max_principal,0.95,8.00586695,20018,380342,0.9416407498724613,1.1877146088810164,-0.24607385900855516,-0.2476109367809556,0.2476109367809556,0.76299333699,0.8246442791095364
case_182,182,theta,sigma_max_principal,0.95,8.00586695,20018,380342,0.38275357128615306,0.34228958376985574,0.04046398751629732,0.2373592085158392,0.2373592085158392,0.4362750520459361,0.3390789704769276
case_182,182,theta_sin,sigma_max_principal,0.95,8.00586695,20018,380342,0.3661159184736688,0.33244676286793856,0.03366915560573025,0.21483258115574874,0.21483258115574874,0.42256636346420284,0.3326186459358066
case_182,182,weight_loss_rate,sigma_max_principal,0.95,8.00586695,20018,380342,0.34542994065341187,0.3408491072561011,0.004580833397310746,0.12759251176420108,0.12759251176420108,0.344537,0.332131
case_183,183,distance_to_inner_proxy,sigma_max_principal,0.95,8.6733519,20018,380342,46.26309716049933,57.863686782062494,-11.600589621563167,-0.8780104849414075,0.8780104849414075,47.27664099770995,59.072218351884715
case_183,183,rho_normalized,sigma_max_principal,0.95,8.6733519,20018,380342,0.49809543163161263,0.6229941316621693,-0.1248987000305567,-0.8780104849414067,0.8780104849414067,0.5090078345198488,0.6360058859730114
case_183,183,distance_to_outer_proxy,sigma_max_principal,0.95,8.6733519,20018,380342,46.61688973067766,35.01630010911452,11.600589621563145,0.878010484941406,0.878010484941406,45.60334589346705,33.80776853929228
case_183,183,rho,sigma_max_principal,0.95,8.6733519,20018,380342,176.38600372765947,187.98659334922257,-11.600589621563103,-0.8780104849414028,0.8780104849414028,177.3995475648701,189.19512491904484
case_183,183,fluence_rate,sigma_max_principal,0.95,8.6733519,20018,380342,3.6319732769507445,3.424086608867809,0.20788666808293543,0.6695932679772671,0.6695932679772671,3.607153,3.351237
case_183,183,z,sigma_max_principal,0.95,8.6733519,20018,380342,555.1684725491059,437.3874198670564,117.7810526820495,0.4269353563200011,0.4269353563200011,607.0939025,436.256729
case_183,183,theta_cos,sigma_max_principal,0.95,8.6733519,20018,380342,0.9074879805956463,0.9332893254158254,-0.02580134482017915,-0.40174361150490495,0.40174361150490495,0.905519468158121,0.9431861313621805
case_183,183,theta,sigma_max_principal,0.95,8.6733519,20018,380342,0.3886778355036112,0.3419342802918674,0.04674355521174378,0.27473474304332735,0.27473474304332735,0.43819391947432523,0.3387038241878446
case_183,183,theta_sin,sigma_max_principal,0.95,8.6733519,20018,380342,0.3715584431977731,0.3321206817672596,0.039437761430513474,0.25239824544195044,0.25239824544195044,0.42430471690329025,0.3322648365476465
case_183,183,param_field_magnitude_scaled,sigma_max_principal,0.95,8.6733519,20018,380342,0.9127005989593651,1.146848216041527,-0.23414761708216192,-0.23308328050838026,0.23308328050838026,0.8344259356396257,0.7851899043736501
case_183,183,weight_loss_rate,sigma_max_principal,0.95,8.6733519,20018,380342,0.35699427145568985,0.35337495635507,0.0036193151006198576,0.07222265635843121,0.07222265635843121,0.355341,0.340413
case_183,183,temperature,sigma_max_principal,0.95,8.6733519,20018,380342,369.1762372792987,368.71671057372316,0.459526705575513,0.03821271642793999,0.03821271642793999,369.307556,365.786316
case_184,184,rho_normalized,sigma_max_principal,0.95,7.8758148499999985,20018,380342,0.48974287659860105,0.6232675902995217,-0.13352471370092067,-0.9378403382207042,0.9378403382207042,0.4783043161786287,0.6357388621462803
case_184,184,distance_to_inner_proxy,sigma_max_principal,0.95,7.8758148499999985,20018,380342,45.47454227098329,57.872834369859724,-12.398292098876432,-0.937840338220703,0.937840338220703,44.412427181224544,59.03084075620514
case_184,184,distance_to_outer_proxy,sigma_max_principal,0.95,7.8758148499999985,20018,380342,47.37937035111851,34.981078252242085,12.398292098876425,0.9378403382207025,0.9378403382207025,48.44148544087726,33.823071865896665
case_184,184,rho,sigma_max_principal,0.95,7.8758148499999985,20018,380342,175.58882126676903,187.98711336564543,-12.398292098876396,-0.9378403382207003,0.9378403382207003,174.52670617701028,189.14511975199088
case_184,184,fluence_rate,sigma_max_principal,0.95,7.8758148499999985,20018,380342,3.6205586347786984,3.385779826390459,0.2347788083882394,0.745494362251238,0.745494362251238,3.589536,3.308847
case_184,184,theta_cos,sigma_max_principal,0.95,7.8758148499999985,20018,380342,0.9049529003175898,0.9334179129132862,-0.02846501259569645,-0.4370242675023908,0.4370242675023908,0.9038498159895866,0.9433851920397065
case_184,184,z,sigma_max_principal,0.95,7.8758148499999985,20018,380342,551.6123990229793,437.46050911024804,114.15188991273124,0.41604168629631944,0.41604168629631944,597.16095,436.155121
case_184,184,theta,sigma_max_principal,0.95,7.8758148499999985,20018,380342,0.3934471346097984,0.34169826640271983,0.05174886820707858,0.30030745038236356,0.30030745038236356,0.4421125747518958,0.33810421140314484
case_184,184,param_field_magnitude_scaled,sigma_max_principal,0.95,7.8758148499999985,20018,380342,0.8646128363865624,1.1447332243778512,-0.2801203879912888,-0.2801252546025844,0.2801252546025844,0.7591976030252516,0.7763394041658445
case_184,184,theta_sin,sigma_max_principal,0.95,7.8758148499999985,20018,380342,0.3756303324277081,0.3319205084809646,0.0437098239467435,0.27633711238889314,0.27633711238889314,0.4278498686871137,0.33169923038832166
case_184,184,temperature,sigma_max_principal,0.95,7.8758148499999985,20018,380342,369.13811261444704,368.04907707554787,1.089035538899168,0.10043821568520578,0.10043821568520578,369.36142,365.9190825
case_184,184,weight_loss_rate,sigma_max_principal,0.95,7.8758148499999985,20018,380342,0.39492210620441603,0.3935612734801836,0.0013608327242324303,0.0344948286354941,0.0344948286354941,0.394656,0.386026
case_185,185,rho,sigma_max_principal,0.95,7.66623645,20018,380342,176.55903804684388,187.9310473887056,-11.372009341861713,-0.8580953214335433,0.8580953214335433,177.45275794545245,189.13355813224828
case_185,185,rho_normalized,sigma_max_principal,0.95,7.66623645,20018,380342,0.5004578047306543,0.6230615145774127,-0.12260370984675839,-0.858095321433538,0.858095321433538,0.5100931621982149,0.6360260025457974
case_185,185,distance_to_inner_proxy,sigma_max_principal,0.95,7.66623645,20018,380342,46.419564609569974,57.791573951431594,-11.37200934186162,-0.8580953214335363,0.8580953214335363,47.31328450817851,58.99408469497436
case_185,185,distance_to_outer_proxy,sigma_max_principal,0.95,7.66623645,20018,380342,46.33463798409907,34.962628642237455,11.372009341861613,0.8580953214335357,0.8580953214335357,45.44091808549054,33.76011789869469
case_185,185,fluence_rate,sigma_max_principal,0.95,7.66623645,20018,380342,3.6728778146667995,3.4805729186731953,0.19230489599360423,0.6433502042390968,0.6433502042390968,3.654863,3.413007
case_185,185,weight_loss_rate,sigma_max_principal,0.95,7.66623645,20018,380342,0.36098247282445795,0.34257078697330295,0.01841168585115499,0.4679590416342607,0.4679590416342607,0.360149,0.333339
case_185,185,theta_cos,sigma_max_principal,0.95,7.66623645,20018,380342,0.9083470471401318,0.9332406585792206,-0.024893611439088748,-0.3858192301557596,0.3858192301557596,0.9061533048749832,0.943079414990645
case_185,185,z,sigma_max_principal,0.95,7.66623645,20018,380342,544.4843020063943,437.68602447490935,106.79827753148493,0.3809007992868905,0.3809007992868905,597.0202945,436.020569
case_185,185,theta,sigma_max_principal,0.95,7.66623645,20018,380342,0.38489155921011414,0.34214441354781316,0.04274714566230098,0.24881132812745202,0.24881132812745202,0.4366977057829201,0.3390248565644778
case_185,185,theta_sin,sigma_max_principal,0.95,7.66623645,20018,380342,0.3678949491663994,0.3323237472658771,0.03557120190052232,0.22529275976398552,0.22529275976398552,0.422949391846681,0.33256761270590185
case_185,185,param_field_magnitude_scaled,sigma_max_principal,0.95,7.66623645,20018,380342,1.0023748633543454,1.2032480933325296,-0.20087322997818413,-0.20237043873499044,0.20237043873499044,0.8022456776093264,0.8393960407300748
case_185,185,temperature,sigma_max_principal,0.95,7.66623645,20018,380342,369.9023138460385,368.4363727723522,1.4659410736863379,0.14530944340790755,0.14530944340790755,369.5662995,365.761719
case_186,186,rho_normalized,sigma_max_principal,0.95,7.529998299999998,20018,380342,0.5575016590528875,0.6200139061109298,-0.06251224705804226,-0.35649352953615215,0.35649352953615215,0.5398018403943309,0.6342778351652066
case_186,186,distance_to_inner_proxy,sigma_max_principal,0.95,7.529998299999998,20018,380342,51.71136045774551,57.50971690772228,-5.798356449976765,-0.3564935295361515,0.3564935295361515,50.06960444172884,58.832775171122805
case_186,186,rho,sigma_max_principal,0.95,7.529998299999998,20018,380342,181.87217713053872,187.67053358051547,-5.798356449976751,-0.3564935295361506,0.3564935295361506,180.23042111452204,188.99359184391602
case_186,186,distance_to_outer_proxy,sigma_max_principal,0.95,7.529998299999998,20018,380342,41.04416702462185,35.245810574645105,5.798356449976744,0.35649352953615016,0.35649352953615016,42.68592304063853,33.922752311244565
case_186,186,z,sigma_max_principal,0.95,7.529998299999998,20018,380342,534.9918775920172,438.2629329492983,96.72894464271889,0.3494949672425734,0.3494949672425734,563.5294495,436.08299250000005
case_186,186,theta_cos,sigma_max_principal,0.95,7.529998299999998,20018,380342,0.9158309558038282,0.9328650018032194,-0.01703404599939118,-0.2690136368808864,0.2690136368808864,0.9233889250844572,0.9427548543459188
case_186,186,fluence_rate,sigma_max_principal,0.95,7.529998299999998,20018,380342,3.804615538065741,3.7325605678652365,0.07205497020050444,0.23358785812760685,0.23358785812760685,3.866416,3.680484
case_186,186,temperature,sigma_max_principal,0.95,7.529998299999998,20018,380342,369.38390058951944,367.13446835698136,2.2494322325380836,0.21927290169782068,0.21927290169782068,368.176849,364.712097
case_186,186,weight_loss_rate,sigma_max_principal,0.95,7.529998299999998,20018,380342,0.34231627979818163,0.34897186125907736,-0.006655581460895732,-0.146072007085746,0.146072007085746,0.338777,0.337956
case_186,186,theta,sigma_max_principal,0.95,7.529998299999998,20018,380342,0.3659701941394397,0.34309808690392585,0.02287210723551386,0.1345253545605549,0.1345253545605549,0.3939791231848888,0.3399994338079999
case_186,186,param_field_magnitude_scaled,sigma_max_principal,0.95,7.529998299999998,20018,380342,1.0789294187352878,1.2083048704437238,-0.129375451708436,-0.13212082739798284,0.13212082739798284,0.9263414943877614,0.8558031916083783
case_186,186,theta_sin,sigma_max_principal,0.95,7.529998299999998,20018,380342,0.35071932222513164,0.33318973323195344,0.01752958899317819,0.11201515417231765,0.11201515417231765,0.38386572265741103,0.33348655836061125
case_187,187,rho,sigma_max_principal,0.95,8.103256349999997,20018,380342,175.5383823454148,188.00583149463475,-12.46744914921996,-0.9440244767914977,0.9440244767914977,174.41207025181558,189.16673568973533
case_187,187,distance_to_outer_proxy,sigma_max_principal,0.95,8.103256349999997,20018,380342,47.42058361289468,34.95313446367473,12.467449149219952,0.9440244767914971,0.9440244767914971,48.5468957064939,33.79223026857413
case_187,187,rho_normalized,sigma_max_principal,0.95,8.103256349999997,20018,380342,0.489241746221873,0.6235263136263032,-0.13428456740443018,-0.9440244767914961,0.9440244767914961,0.4771104489179002,0.6360301959980093
case_187,187,distance_to_inner_proxy,sigma_max_principal,0.95,8.103256349999997,20018,380342,45.422915757150044,57.890364906369975,-12.46744914921993,-0.9440244767914954,0.9440244767914954,44.296603663550826,59.051269101470595
case_187,187,fluence_rate,sigma_max_principal,0.95,8.103256349999997,20018,380342,3.619777604406034,3.386852667112757,0.23292493729327735,0.7387013370766154,0.7387013370766154,3.58944,3.309744
case_187,187,theta_cos,sigma_max_principal,0.95,8.103256349999997,20018,380342,0.9048548484627271,0.9334282448439244,-0.02857339638119727,-0.43871235359460004,0.43871235359460004,0.9038194372682617,0.9433953268868248
case_187,187,z,sigma_max_principal,0.95,8.103256349999997,20018,380342,549.9059457467779,437.5921027081073,112.3138430386706,0.41279518271303983,0.41279518271303983,587.407166,436.190369
case_187,187,theta,sigma_max_principal,0.95,8.103256349999997,20018,380342,0.3935546472542302,0.34167680390717714,0.05187784334705309,0.30077516616096994,0.30077516616096994,0.4421835726543799,0.33807365574710924
case_187,187,param_field_magnitude_scaled,sigma_max_principal,0.95,8.103256349999997,20018,380342,0.8607425745951055,1.1408196243355606,-0.2800770497404551,-0.278754614050049,0.278754614050049,0.7504189284309173,0.7722821955898955
case_187,187,theta_sin,sigma_max_principal,0.95,8.103256349999997,20018,380342,0.37571422054124387,0.3319012565533518,0.043812963987892084,0.27668838366437215,0.27668838366437215,0.42791403904978764,0.33167040448001706
case_187,187,temperature,sigma_max_principal,0.95,8.103256349999997,20018,380342,369.548083128884,368.23541416760173,1.3126689612822702,0.11493918699088311,0.11493918699088311,369.649231,365.65802
case_187,187,weight_loss_rate,sigma_max_principal,0.95,8.103256349999997,20018,380342,0.38858817913877514,0.3872772320017248,0.0013109471370503223,0.032845805441554646,0.032845805441554646,0.388112,0.379261
case_188,188,rho,sigma_max_principal,0.95,8.1106522,20018,380342,176.3724221271183,187.90573512573695,-11.53331299861864,-0.8749230455120164,0.8749230455120164,177.36820097411632,189.0984409125146
case_188,188,distance_to_inner_proxy,sigma_max_principal,0.95,8.1106522,20018,380342,46.272948306931525,57.8062613055501,-11.533312998618577,-0.8749230455120117,0.8749230455120117,47.26872715392952,58.99896709232782
case_188,188,rho_normalized,sigma_max_principal,0.95,8.1106522,20018,380342,0.49882340054026836,0.6231527683450943,-0.1243293678048259,-0.8749230455120094,0.8749230455120094,0.5095579184134509,0.6360101629605872
case_188,188,distance_to_outer_proxy,sigma_max_principal,0.95,8.1106522,20018,380342,46.491240896730474,34.957927898111926,11.533312998618548,0.8749230455120094,0.8749230455120094,45.49546204973248,33.76522211133418
case_188,188,fluence_rate,sigma_max_principal,0.95,8.1106522,20018,380342,3.6111593517334404,3.414818095148577,0.19634125658486346,0.6381570314893095,0.6381570314893095,3.590778,3.342133
case_188,188,theta_cos,sigma_max_principal,0.95,8.1106522,20018,380342,0.9091943185588496,0.9331855619473186,-0.02399124338846903,-0.37682314026367475,0.37682314026367475,0.9061864975189902,0.943075255425047
case_188,188,z,sigma_max_principal,0.95,8.1106522,20018,380342,540.2988512620642,437.93777261034796,102.36107865171624,0.36482346928149456,0.36482346928149456,587.236389,436.063843
case_188,188,temperature,sigma_max_principal,0.95,8.1106522,20018,380342,373.23890946658,369.5488137853879,3.6900956811921333,0.34090484689629325,0.34090484689629325,372.727692,366.6756895
case_188,188,param_field_magnitude_scaled,sigma_max_principal,0.95,8.1106522,20018,380342,0.9109087170256851,1.1797152728621765,-0.2688065558364914,-0.27276470410119175,0.27276470410119175,0.7733123491243756,0.8184033912411778
case_188,188,theta,sigma_max_principal,0.95,8.1106522,20018,380342,0.3843880488972749,0.34219214060315073,0.042195908294124174,0.24848689649872488,0.24848689649872488,0.43661922018752686,0.3390373637710544
case_188,188,theta_sin,sigma_max_principal,0.95,8.1106522,20018,380342,0.3677124339157971,0.33235194729726575,0.03536048661853136,0.22647653490553865,0.22647653490553865,0.4228782705624906,0.3325794079689504
case_188,188,weight_loss_rate,sigma_max_principal,0.95,8.1106522,20018,380342,0.3462217373363972,0.34907314286089886,-0.002851405524501638,-0.06008666399836364,0.06008666399836364,0.345071,0.3370825
case_189,189,rho,sigma_max_principal,0.95,7.9956127999999955,20018,380342,176.41282920593656,187.9473992875629,-11.534570081626327,-0.8701211231167421,0.8701211231167421,177.35637461590403,189.14576916714077
case_189,189,distance_to_inner_proxy,sigma_max_principal,0.95,7.9956127999999955,20018,380342,46.30896126181119,57.84353134343749,-11.534570081626299,-0.87012112311674,0.87012112311674,47.25250667177862,59.04190122301536
case_189,189,rho_normalized,sigma_max_principal,0.95,7.9956127999999955,20018,380342,0.49890868926959003,0.6231761546566409,-0.12426746538705086,-0.8701211231167392,0.8701211231167392,0.5090739573068455,0.6360867691379335
case_189,189,distance_to_outer_proxy,sigma_max_principal,0.95,7.9956127999999955,20018,380342,46.5115533089176,34.97698322729131,11.534570081626285,0.870121123116739,0.870121123116739,45.56800789895017,33.77861334771343
case_189,189,fluence_rate,sigma_max_principal,0.95,7.9956127999999955,20018,380342,3.61200569732241,3.3934460461137608,0.21855965120864917,0.6999601710001447,0.6999601710001447,3.582347,3.315264
case_189,189,z,sigma_max_principal,0.95,7.9956127999999955,20018,380342,564.8571520457089,436.70707148553663,128.15008056017223,0.46600242243359774,0.46600242243359774,622.3806455,436.100769
case_189,189,theta_cos,sigma_max_principal,0.95,7.9956127999999955,20018,380342,0.9075448241313416,0.9332690732436385,-0.02572424911229687,-0.39997790282858176,0.39997790282858176,0.9059246405596795,0.9431741431625438
case_189,189,theta,sigma_max_principal,0.95,7.9956127999999955,20018,380342,0.3881920470210255,0.3420044402001067,0.046187606820918825,0.2708550952639214,0.2708550952639214,0.43723803531624417,0.3387399025942043
case_189,189,theta_sin,sigma_max_principal,0.95,7.9956127999999955,20018,380342,0.3710689553973117,0.3321872650043354,0.03888169039297634,0.2482539737298209,0.2482539737298209,0.4234389514736778,0.3322988649839135
case_189,189,param_field_magnitude_scaled,sigma_max_principal,0.95,7.9956127999999955,20018,380342,0.9387786223618981,1.1644481878150372,-0.2256695654531391,-0.22692932494748233,0.22692932494748233,0.8638766561220781,0.8046122811480612
case_189,189,temperature,sigma_max_principal,0.95,7.9956127999999955,20018,380342,366.70393906793885,365.8922613059036,0.8116777620352309,0.07514561929472705,0.07514561929472705,366.509491,363.293823
case_189,189,weight_loss_rate,sigma_max_principal,0.95,7.9956127999999955,20018,380342,0.35948631731441705,0.35707063950865275,0.0024156778057642936,0.054344044411830134,0.054344044411830134,0.358701,0.34751
case_190,190,rho_normalized,sigma_max_principal,0.95,8.360267199999997,20018,380342,0.4958870428929256,0.6233476369348601,-0.12746059404193444,-0.8944925135997085,0.8944925135997085,0.49967736021080106,0.6361955960060811
case_190,190,distance_to_inner_proxy,sigma_max_principal,0.95,8.360267199999997,20018,380342,46.04475180409657,57.87988946614435,-11.835137662047778,-0.8944925135997064,0.8944925135997064,46.396695301434576,59.07286495340932
case_190,190,distance_to_outer_proxy,sigma_max_principal,0.95,8.360267199999997,20018,380342,46.8085551415313,34.97341747948352,11.835137662047778,0.8944925135997064,0.8944925135997064,46.4566116441933,33.780441992218556
case_190,190,rho,sigma_max_principal,0.95,8.360267199999997,20018,380342,176.1604242430266,187.99556190507437,-11.83513766204777,-0.8944925135997057,0.8944925135997057,176.5123677403646,189.18853739233933
case_190,190,fluence_rate,sigma_max_principal,0.95,8.360267199999997,20018,380342,3.6265859160755314,3.41244995134905,0.21413596472648155,0.6928752870020706,0.6928752870020706,3.597274,3.340009
case_190,190,z,sigma_max_principal,0.95,8.360267199999997,20018,380342,563.5777595702368,436.88500946110094,126.69275010913589,0.4663291427233416,0.4663291427233416,612.710938,436.19931
case_190,190,theta_cos,sigma_max_principal,0.95,8.360267199999997,20018,380342,0.9065833613923707,0.9333256771859817,-0.02674231579361097,-0.4134699692832735,0.4134699692832735,0.9049332121755255,0.9432056262026918
case_190,190,theta,sigma_max_principal,0.95,8.360267199999997,20018,380342,0.390310506774972,0.3418770057232196,0.04843350105175237,0.28319236910407436,0.28319236910407436,0.4395735750374423,0.33864514670423507
case_190,190,theta_sin,sigma_max_principal,0.95,8.360267199999997,20018,380342,0.37292416229285735,0.3320750012909965,0.04084916100186087,0.2601827757428717,0.2601827757428717,0.42555361765746713,0.33220949218682083
case_190,190,param_field_magnitude_scaled,sigma_max_principal,0.95,8.360267199999997,20018,380342,0.9162340089571935,1.1404025797287958,-0.22416857077160224,-0.22078809342163727,0.22078809342163727,0.814205027346034,0.7719020612351337
case_190,190,weight_loss_rate,sigma_max_principal,0.95,8.360267199999997,20018,380342,0.351715381456689,0.34709838191417197,0.004616999542517042,0.09659665695212465,0.09659665695212465,0.350279,0.335109
case_190,190,temperature,sigma_max_principal,0.95,8.360267199999997,20018,380342,367.13063381376764,366.1117069490827,1.0189268646849428,0.08676314412711496,0.08676314412711496,366.883057,363.299927
case_191,191,distance_to_inner_proxy,sigma_max_principal,0.95,8.2053505,20018,380342,46.2310815439797,57.83716699547576,-11.606085451496064,-0.8759433381881028,0.8759433381881028,47.24095566584053,59.029124275103115
case_191,191,rho,sigma_max_principal,0.95,8.2053505,20018,380342,176.36023994042904,187.9663253919251,-11.606085451496057,-0.8759433381881025,0.8759433381881025,177.37011406228987,189.15828267155246
case_191,191,rho_normalized,sigma_max_principal,0.95,8.2053505,20018,380342,0.4980093226556629,0.6230321116831017,-0.1250227890274388,-0.8759433381881024,0.8759433381881024,0.5088878639010577,0.6358720846544674
case_191,191,distance_to_outer_proxy,sigma_max_principal,0.95,8.2053505,20018,380342,46.6006777039192,34.994592252423146,11.606085451496057,0.8759433381881024,0.8759433381881024,45.59080358205837,33.802634972795786
case_191,191,fluence_rate,sigma_max_principal,0.95,8.2053505,20018,380342,3.611208258367469,3.4027690192195443,0.20843923914792484,0.6683419897197131,0.6683419897197131,3.584472,3.324054
case_191,191,z,sigma_max_principal,0.95,8.2053505,20018,380342,555.4005191558098,437.2365270025555,118.1639921532543,0.42749828056836436,0.42749828056836436,606.955627,436.135483
case_191,191,theta_cos,sigma_max_principal,0.95,8.2053505,20018,380342,0.9072840230595058,0.9332908317163785,-0.02600680865687266,-0.4026836938692919,0.4026836938692919,0.9052444516456148,0.9431785977841857
case_191,191,theta,sigma_max_principal,0.95,8.2053505,20018,380342,0.38813268252597133,0.34199114115683527,0.04614154136913606,0.2692576700306624,0.2692576700306624,0.43884162989294345,0.33872649687017553
case_191,191,theta_sin,sigma_max_principal,0.95,8.2053505,20018,380342,0.3709064696294911,0.3321814242241045,0.03872504540538657,0.2460339939400716,0.2460339939400716,0.424891142251965,0.332286221021609
case_191,191,param_field_magnitude_scaled,sigma_max_principal,0.95,8.2053505,20018,380342,0.9253478334699049,1.1567203144229055,-0.23137248095300056,-0.23114122892023323,0.23114122892023323,0.835183076841288,0.7894243173240103
case_191,191,weight_loss_rate,sigma_max_principal,0.95,8.2053505,20018,380342,0.3665387307423319,0.3585806587334557,0.007958072008876216,0.18590711618337746,0.18590711618337746,0.3652345,0.347557
case_191,191,temperature,sigma_max_principal,0.95,8.2053505,20018,380342,368.65832700749326,368.4153044947232,0.2430225127700396,0.022545036063070678,0.022545036063070678,368.592468,366.213074
case_192,192,rho,sigma_max_principal,0.95,8.1751115,20018,380342,176.56673109018013,187.97726071576758,-11.410529625587458,-0.859234781800327,0.859234781800327,177.54981744160312,189.191252825623
case_192,192,distance_to_outer_proxy,sigma_max_principal,0.95,8.1751115,20018,380342,46.413388393028704,35.002858767441275,11.41052962558743,0.8592347818003249,0.8592347818003249,45.43030204160574,33.78886665758586
case_192,192,rho_normalized,sigma_max_principal,0.95,8.1751115,20018,380342,0.5001417855898803,0.6230297530836862,-0.12288796749380593,-0.8592347818003244,0.8592347818003244,0.5107293295130266,0.6361040824819564
case_192,192,distance_to_inner_proxy,sigma_max_principal,0.95,8.1751115,20018,380342,46.43971885819638,57.85024848378379,-11.410529625587408,-0.8592347818003232,0.8592347818003232,47.42280520961934,59.06424059363923
case_192,192,fluence_rate,sigma_max_principal,0.95,8.1751115,20018,380342,3.6426191249875117,3.4328481774928874,0.20977094749462433,0.6709212893536981,0.6709212893536981,3.616637,3.358673
case_192,192,z,sigma_max_principal,0.95,8.1751115,20018,380342,564.5456033065241,436.80671254037696,127.73889076614711,0.4643296513811319,0.4643296513811319,622.487244,436.16954050000004
case_192,192,theta_cos,sigma_max_principal,0.95,8.1751115,20018,380342,0.9070645258131,0.9333051259694718,-0.02624060015637175,-0.40557941071735853,0.40557941071735853,0.9055524951554091,0.9431724223015338
case_192,192,theta,sigma_max_principal,0.95,8.1751115,20018,380342,0.3888444772614103,0.3419429128108858,0.04690156445052451,0.27389017282250394,0.27389017282250394,0.43811607508670936,0.33874508121063873
case_192,192,theta_sin,sigma_max_principal,0.95,8.1751115,20018,380342,0.3715570382218609,0.3321368242129121,0.03942021400894885,0.2507333222300595,0.2507333222300595,0.4242342260093368,0.3323037493165762
case_192,192,param_field_magnitude_scaled,sigma_max_principal,0.95,8.1751115,20018,380342,0.8980671771771256,1.1379739908378124,-0.23990681366068678,-0.23568684344821214,0.23568684344821214,0.744889114308807,0.7653144138031716
case_192,192,weight_loss_rate,sigma_max_principal,0.95,8.1751115,20018,380342,0.36352811769407534,0.3578341540718616,0.005693963622213749,0.13327130794468753,0.13327130794468753,0.360883,0.347301
case_192,192,temperature,sigma_max_principal,0.95,8.1751115,20018,380342,366.56145015556,365.47554722493436,1.0859029306256502,0.10055932097119094,0.10055932097119094,366.221588,362.6286625
case_193,193,rho,sigma_max_principal,0.95,7.433103449999999,20018,380342,176.721450433154,187.86396511947675,-11.142514686322755,-0.8428955550516956,0.8428955550516956,177.6183395993254,189.07548232721004
case_193,193,distance_to_outer_proxy,sigma_max_principal,0.95,7.433103449999999,20018,380342,46.06981638853878,34.927301702216035,11.142514686322748,0.8428955550516949,0.8428955550516949,45.17292722236739,33.71578449448273
case_193,193,rho_normalized,sigma_max_principal,0.95,7.433103449999999,20018,380342,0.5030420470574207,0.6232370407263158,-0.12019499366889508,-0.8428955550516948,0.8428955550516948,0.5127168458514484,0.6363057516244047
case_193,193,distance_to_inner_proxy,sigma_max_principal,0.95,7.433103449999999,20018,380342,46.6338341230406,57.77634880936334,-11.142514686322741,-0.8428955550516944,0.8428955550516944,47.53072328921199,58.98786601709665
case_193,193,fluence_rate,sigma_max_principal,0.95,7.433103449999999,20018,380342,3.6102842532720554,3.4233985557051287,0.18688569756692663,0.6044509518504201,0.6044509518504201,3.590369,3.349905
case_193,193,temperature,sigma_max_principal,0.95,7.433103449999999,20018,380342,370.504770605555,366.4531756368584,4.051594968696577,0.40316294985515916,0.40316294985515916,370.259521,364.067413
case_193,193,z,sigma_max_principal,0.95,7.433103449999999,20018,380342,540.720888726746,437.78873268434984,102.93215604239617,0.36384506708074665,0.36384506708074665,592.768494,435.946274
case_193,193,theta_cos,sigma_max_principal,0.95,7.433103449999999,20018,380342,0.9099690857354914,0.9331345063072469,-0.023165420571755524,-0.36361525316663024,0.36361525316663024,0.9066283924254104,0.9430542637823505
case_193,193,param_field_magnitude_scaled,sigma_max_principal,0.95,7.433103449999999,20018,380342,0.9632642214684658,1.199261411700791,-0.23599719023232513,-0.24000054647306177,0.24000054647306177,0.8037437753351613,0.8450676317782544
case_193,193,theta,sigma_max_principal,0.95,7.433103449999999,20018,380342,0.3819278581098599,0.3423486464100959,0.03957921169976403,0.23249866047855555,0.23249866047855555,0.43557307785958177,0.3391004758099004
case_193,193,theta_sin,sigma_max_principal,0.95,7.433103449999999,20018,380342,0.36540577170186045,0.3324981519649861,0.03290761973687434,0.21018705861962575,0.21018705861962575,0.4219300392815331,0.33263892670871253
case_193,193,weight_loss_rate,sigma_max_principal,0.95,7.433103449999999,20018,380342,0.3526773472874413,0.3519649303784489,0.0007124169089924304,0.017392502686915372,0.017392502686915372,0.350477,0.342557
case_194,194,rho,sigma_max_principal,0.95,8.246804399999997,20018,380342,180.09687257188966,187.85672329052443,-7.759850718634766,-0.4855801127628196,0.4855801127628196,177.5461305355807,189.10917967575253
case_194,194,rho_normalized,sigma_max_principal,0.95,8.246804399999997,20018,380342,0.5373406727476411,0.6208796500773087,-0.08353897732966764,-0.4855801127628194,0.4855801127628194,0.5098805592903897,0.6343630184262268
case_194,194,distance_to_inner_proxy,sigma_max_principal,0.95,8.246804399999997,20018,380342,49.91302908961597,57.67287980825073,-7.759850718634759,-0.48558011276281915,0.48558011276281915,47.362287053307,58.92533619347884
case_194,194,distance_to_outer_proxy,sigma_max_principal,0.95,8.246804399999997,20018,380342,42.975954791671796,35.21610407303704,7.759850718634759,0.48558011276281915,0.48558011276281915,45.52669682798077,33.96364768780893
case_194,194,z,sigma_max_principal,0.95,8.246804399999997,20018,380342,545.8935197098612,437.97773090831686,107.9157888015443,0.4026662198072126,0.4026662198072126,567.9812925,436.324829
case_194,194,fluence_rate,sigma_max_principal,0.95,8.246804399999997,20018,380342,3.825234855230293,3.7073065296075645,0.11792832562272837,0.38418121702881647,0.38418121702881647,3.870324,3.654885
case_194,194,theta_cos,sigma_max_principal,0.95,8.246804399999997,20018,380342,0.9107540920641962,0.9331456562738445,-0.022391564209648274,-0.34623761185239155,0.34623761185239155,0.9103639534707941,0.9430135756832514
case_194,194,theta,sigma_max_principal,0.95,8.246804399999997,20018,380342,0.3784136126623929,0.34241035192591524,0.03600326073647764,0.20954871368212863,0.20954871368212863,0.4266335925877317,0.3392227737233693
case_194,194,theta_sin,sigma_max_principal,0.95,8.246804399999997,20018,380342,0.3619076946349443,0.33257112876979833,0.02933656586514599,0.1858704675764305,0.1858704675764305,0.413808497038173,0.3327542577895707
case_194,194,param_field_magnitude_scaled,sigma_max_principal,0.95,8.246804399999997,20018,380342,0.959348006509978,1.1094390600767936,-0.15009105356681562,-0.14328847247920765,0.14328847247920765,0.7601261310909467,0.7020052606547786
case_194,194,weight_loss_rate,sigma_max_principal,0.95,8.246804399999997,20018,380342,0.3588519739734239,0.36516596057495626,-0.006313986601532373,-0.1392126789584605,0.1392126789584605,0.360222,0.354697
case_194,194,temperature,sigma_max_principal,0.95,8.246804399999997,20018,380342,366.1451501249376,365.9723765637217,0.17277356121587673,0.014875783354897053,0.014875783354897053,366.118256,362.779999
case_195,195,rho,sigma_max_principal,0.95,8.5064869,20018,380342,175.93929137854116,188.02237694615584,-12.083085567614688,-0.9122970492590599,0.9122970492590599,175.24555212752193,189.2016151627723
case_195,195,distance_to_inner_proxy,sigma_max_principal,0.95,8.5064869,20018,380342,45.810672665016895,57.89375823263157,-12.083085567614674,-0.9122970492590586,0.9122970492590586,45.11693341399767,59.07299644924805
case_195,195,distance_to_outer_proxy,sigma_max_principal,0.95,8.5064869,20018,380342,47.04301651384294,34.95993094622827,12.083085567614674,0.9122970492590586,0.9122970492590586,47.73675576486217,33.780692729611786
case_195,195,rho_normalized,sigma_max_principal,0.95,8.5064869,20018,380342,0.4933640555387506,0.6234944324195181,-0.13013037688076745,-0.9122970492590582,0.9122970492590582,0.48589273956677126,0.6361943932616229
case_195,195,fluence_rate,sigma_max_principal,0.95,8.5064869,20018,380342,3.6164615990608455,3.3873178899779677,0.22914370908287784,0.7323632946535076,0.7323632946535076,3.583878,3.310468
case_195,195,z,sigma_max_principal,0.95,8.5064869,20018,380342,557.7781982957339,437.1961437756967,120.58205452003716,0.44368882145020505,0.44368882145020505,602.92157,436.205017
case_195,195,theta_cos,sigma_max_principal,0.95,8.5064869,20018,380342,0.9057012997015973,0.9333710242072485,-0.027669724505651194,-0.4253722410859341,0.4253722410859341,0.9038497034145585,0.9432266408292314
case_195,195,theta,sigma_max_principal,0.95,8.5064869,20018,380342,0.3916396306564382,0.34181133639197775,0.04982829426446045,0.289448120658119,0.289448120658119,0.44211283786980515,0.33858188387089805
case_195,195,theta_sin,sigma_max_principal,0.95,8.5064869,20018,380342,0.3739983596472251,0.3320226138773687,0.04197574576985641,0.26561240281707493,0.26561240281707493,0.42785010650615696,0.3321498216618366
case_195,195,param_field_magnitude_scaled,sigma_max_principal,0.95,8.5064869,20018,380342,0.9245005329234723,1.1374191621658098,-0.2129186292423375,-0.2091277870847128,0.2091277870847128,0.7903586512809608,0.7630734283294193
case_195,195,weight_loss_rate,sigma_max_principal,0.95,8.5064869,20018,380342,0.35364008417424314,0.34784450805590755,0.005795576118335588,0.14457156042420924,0.14457156042420924,0.353021,0.339018
case_195,195,temperature,sigma_max_principal,0.95,8.5064869,20018,380342,368.4117500871715,366.8698593293063,1.5418907578652465,0.1264997941459029,0.1264997941459029,368.156616,363.343781
case_196,196,distance_to_inner_proxy,sigma_max_principal,0.95,8.42034205,20018,380342,46.510530187976535,57.84340721260182,-11.332877024625283,-0.8523462690293554,0.8523462690293554,47.463027647051774,59.061067083293736
case_196,196,rho,sigma_max_principal,0.95,8.42034205,20018,380342,176.6375015974584,187.97037862208367,-11.332877024625276,-0.8523462690293548,0.8523462690293548,177.58999905653363,189.1880384927756
case_196,196,distance_to_outer_proxy,sigma_max_principal,0.95,8.42034205,20018,380342,46.33674524434992,35.003868219724644,11.332877024625276,0.8523462690293548,0.8523462690293548,45.38424778527468,33.78620834903272
case_196,196,rho_normalized,sigma_max_principal,0.95,8.42034205,20018,380342,0.5009358645303129,0.622995203071544,-0.12205933854123108,-0.8523462690293537,0.8523462690293537,0.5111946196164487,0.6361098568405654
case_196,196,fluence_rate,sigma_max_principal,0.95,8.42034205,20018,380342,3.646142932061145,3.4404392776238244,0.20570365443732053,0.6588561030271771,0.6588561030271771,3.619763,3.36654
case_196,196,z,sigma_max_principal,0.95,8.42034205,20018,380342,562.5053790919673,436.9482212604025,125.55715783156478,0.45440595877763146,0.45440595877763146,616.8534245000001,436.206558
case_196,196,theta_cos,sigma_max_principal,0.95,8.42034205,20018,380342,0.9072454233502446,0.9332999960789011,-0.026054572728656522,-0.40256831945129545,0.40256831945129545,0.9061398814055361,0.9430945967014044
case_196,196,theta,sigma_max_principal,0.95,8.42034205,20018,380342,0.3884313428692429,0.34195452436248575,0.04647681850675717,0.2715202178517819,0.2715202178517819,0.43672944246991297,0.3389792036114397
case_196,196,theta_sin,sigma_max_principal,0.95,8.42034205,20018,380342,0.3711805764263965,0.33214748664856136,0.03903308977783515,0.2484010604428303,0.2484010604428303,0.42297814993718086,0.3325245579990842
case_196,196,param_field_magnitude_scaled,sigma_max_principal,0.95,8.42034205,20018,380342,0.9412228781640696,1.1586215496284498,-0.2173986714643802,-0.2189324952072044,0.2189324952072044,0.9011540669063265,0.8089188363746528
case_196,196,weight_loss_rate,sigma_max_principal,0.95,8.42034205,20018,380342,0.3550988299530422,0.3562909162753522,-0.0011920863223099931,-0.025847165796132148,0.025847165796132148,0.35476,0.346891
case_196,196,temperature,sigma_max_principal,0.95,8.42034205,20018,380342,367.7540246769408,367.59981415944856,0.15421051749223125,0.013382961595138167,0.013382961595138167,367.72464,364.912506
case_197,197,rho,sigma_max_principal,0.95,7.93691695,20018,380342,179.88619580589167,187.82240663640206,-7.93621083051039,-0.5112227020220672,0.5112227020220672,178.08489420054275,189.09002493798656
case_197,197,distance_to_outer_proxy,sigma_max_principal,0.95,7.93691695,20018,380342,43.10386533059606,35.16765450008572,7.9362108305103405,0.511222702022064,0.511222702022064,44.90516693594499,33.9000361985012
case_197,197,rho_normalized,sigma_max_principal,0.95,7.93691695,20018,380342,0.535665224958223,0.6211577589202154,-0.08549253396199241,-0.5112227020220637,0.5112227020220637,0.5162607708730255,0.6348131296019554
case_197,197,distance_to_inner_proxy,sigma_max_principal,0.95,7.93691695,20018,380342,49.725420020082076,57.66163085059239,-7.936210830510312,-0.5112227020220622,0.5112227020220622,47.924118414733144,58.929249152176936
case_197,197,z,sigma_max_principal,0.95,7.93691695,20018,380342,557.2599475628934,437.251345521946,120.00860204094744,0.4447638893455425,0.4447638893455425,583.305908,436.203217
case_197,197,fluence_rate,sigma_max_principal,0.95,7.93691695,20018,380342,3.803390560095914,3.6758199606880124,0.1275705994079015,0.4239299756077018,0.4239299756077018,3.834269,3.6211320000000002
case_197,197,theta_cos,sigma_max_principal,0.95,7.93691695,20018,380342,0.9114690075650667,0.9331133719557149,-0.021644364390648207,-0.3359164262584209,0.3359164262584209,0.9104980451707856,0.9429972201027808
case_197,197,theta,sigma_max_principal,0.95,7.93691695,20018,380342,0.3770944925651497,0.34246262434106584,0.03463186822408387,0.20237416720983595,0.20237416720983595,0.4263094340948346,0.33927192242755755
case_197,197,theta_sin,sigma_max_principal,0.95,7.93691695,20018,380342,0.36077853976102864,0.3326143653102428,0.02816417445078584,0.17915215447652885,0.17915215447652885,0.4135133730920252,0.3328006052826028
case_197,197,param_field_magnitude_scaled,sigma_max_principal,0.95,7.93691695,20018,380342,0.9673017044712929,1.1429371493358498,-0.17563544486455684,-0.17279280736112287,0.17279280736112287,0.8208891177549306,0.7713819399371487
case_197,197,temperature,sigma_max_principal,0.95,7.93691695,20018,380342,367.2995128898491,368.3812595706048,-1.081746680755714,-0.1136901342586381,0.1136901342586381,367.674103,366.223267
case_197,197,weight_loss_rate,sigma_max_principal,0.95,7.93691695,20018,380342,0.35915809001898297,0.3611463360922539,-0.001988246073270916,-0.03748239137733619,0.03748239137733619,0.356801,0.348282
case_198,198,z,sigma_max_principal,0.95,7.8906848499999995,20018,380342,531.2898151317314,438.6498163133075,92.63999881842392,0.33618045302149635,0.33618045302149635,553.934143,436.248688
case_198,198,theta_cos,sigma_max_principal,0.95,7.8906848499999995,20018,380342,0.9171000170517969,0.9328227310258196,-0.015722713974022695,-0.24890923821924227,0.24890923821924227,0.9341514754775821,0.9427493690664415
case_198,198,rho,sigma_max_principal,0.95,7.8906848499999995,20018,380342,184.27061370921652,187.63602423594853,-3.3654105267320062,-0.1963486019284741,0.1963486019284741,180.64092097644897,189.00706060479177
case_198,198,distance_to_outer_proxy,sigma_max_principal,0.95,7.8906848499999995,20018,380342,38.801265853594785,35.4358553268628,3.365410526731985,0.19634860192847284,0.19634860192847284,42.43095858636235,34.06481895801954
case_198,198,rho_normalized,sigma_max_principal,0.95,7.8906848499999995,20018,380342,0.5821476997939045,0.6183899331024469,-0.03624223330854248,-0.19634860192847256,0.19634860192847256,0.5430594014082022,0.6331546756381417
case_198,198,distance_to_inner_proxy,sigma_max_principal,0.95,7.8906848499999995,20018,380342,54.05754055828091,57.42295108501287,-3.3654105267319565,-0.1963486019284712,0.1963486019284712,50.42784782551334,58.79398745385615
case_198,198,theta,sigma_max_principal,0.95,7.8906848499999995,20018,380342,0.362534051745721,0.34322261169029966,0.019311440055421347,0.11370287820669697,0.11370287820669697,0.36492234995401773,0.3400158817030687
case_198,198,theta_sin,sigma_max_principal,0.95,7.8906848499999995,20018,380342,0.3475643299290656,0.3333052167153034,0.01425911321376222,0.0911931604152029,0.0911931604152029,0.3568767586478475,0.33350206464840826
case_198,198,temperature,sigma_max_principal,0.95,7.8906848499999995,20018,380342,367.90672335283244,368.79017237135787,-0.8834490185254253,-0.0848030867207222,0.0848030867207222,366.003876,365.956146
case_198,198,fluence_rate,sigma_max_principal,0.95,7.8906848499999995,20018,380342,3.865287069187731,3.8577495116737044,0.007537557514026627,0.023305085060283542,0.023305085060283542,3.966882,3.813244
case_198,198,param_field_magnitude_scaled,sigma_max_principal,0.95,7.8906848499999995,20018,380342,1.1641313104525053,1.1839253808811254,-0.019794070428620136,-0.019076488101224198,0.019076488101224198,0.9168036548342301,0.7991069405833435
case_198,198,weight_loss_rate,sigma_max_principal,0.95,7.8906848499999995,20018,380342,0.35782565401138977,0.35812395825336135,-0.0002983042419715809,-0.006706278526187157,0.006706278526187157,0.350658,0.346435
case_199,199,distance_to_outer_proxy,sigma_max_principal,0.95,8.7167037,20018,380342,42.98193953068563,35.25421558103077,7.727723949654859,0.4923306609466418,0.4923306609466418,45.29828504867719,33.986784917854536
case_199,199,rho_normalized,sigma_max_principal,0.95,8.7167037,20018,380342,0.5375147088054512,0.6206649505151278,-0.08315024170967666,-0.4923306609466417,0.4923306609466417,0.512590851411098,0.6343024933000336
case_199,199,distance_to_inner_proxy,sigma_max_principal,0.95,8.7167037,20018,380342,49.95493943397934,57.68266338363419,-7.727723949654852,-0.4923306609466413,0.4923306609466413,47.638593915987784,58.950094046810435
case_199,199,rho,sigma_max_principal,0.95,8.7167037,20018,380342,180.1461160947126,187.8738400443674,-7.727723949654802,-0.4923306609466381,0.4923306609466381,177.829770576721,189.14127070754364
case_199,199,z,sigma_max_principal,0.95,8.7167037,20018,380342,545.2675693901988,438.0787510872978,107.18881830290098,0.3952043992272273,0.3952043992272273,568.047607,436.388794
case_199,199,fluence_rate,sigma_max_principal,0.95,8.7167037,20018,380342,3.844176550054951,3.730409410722455,0.11376713933249594,0.3774845620132547,0.3774845620132547,3.888845,3.679652
case_199,199,theta_cos,sigma_max_principal,0.95,8.7167037,20018,380342,0.9124119302375063,0.9330657287062999,-0.02065379846879356,-0.32310673818472946,0.32310673818472946,0.9118742298495186,0.942968925850677
case_199,199,theta,sigma_max_principal,0.95,8.7167037,20018,380342,0.37511484098982995,0.342568536453143,0.03254630453668694,0.19096964322780294,0.19096964322780294,0.4229691145943378,0.33935693082395435
case_199,199,theta_sin,sigma_max_principal,0.95,8.7167037,20018,380342,0.3590726018995623,0.3327066402847256,0.02636596161483673,0.1682815756469752,0.1682815756469752,0.410469717441207,0.33288076676182754
case_199,199,param_field_magnitude_scaled,sigma_max_principal,0.95,8.7167037,20018,380342,0.9942457646805437,1.1529455284980847,-0.15869976381754103,-0.1570025578244362,0.1570025578244362,0.8850189210785695,0.7852731529576692
case_199,199,weight_loss_rate,sigma_max_principal,0.95,8.7167037,20018,380342,0.35161496787890895,0.35352246045138325,-0.0019074925724743008,-0.038166276141165585,0.038166276141165585,0.350532,0.340021
case_199,199,temperature,sigma_max_principal,0.95,8.7167037,20018,380342,368.4498171809871,368.8543320320948,-0.4045148511077059,-0.032461443673899144,0.032461443673899144,367.967819,365.83197
case_200,200,distance_to_outer_proxy,sigma_max_principal,0.95,7.528428399999999,20018,380342,46.04104081039828,34.95266214527537,11.08837866512291,0.8287732338845817,0.8287732338845817,45.343437075976794,33.73004886010973
case_200,200,rho_normalized,sigma_max_principal,0.95,7.528428399999999,20018,380342,0.5036013229543251,0.6231524104854604,-0.1195510875311353,-0.8287732338845812,0.8287732338845812,0.5111226466423582,0.6363342066962363
case_200,200,distance_to_inner_proxy,sigma_max_principal,0.95,7.528428399999999,20018,380342,46.70908714000706,57.79746580512995,-11.088378665122896,-0.8287732338845807,0.8287732338845807,47.406690874428534,59.020079090295596
case_200,200,rho,sigma_max_principal,0.95,7.528428399999999,20018,380342,176.82576747814954,187.9141461432724,-11.08837866512286,-0.8287732338845778,0.8287732338845778,177.52337121257102,189.1367594284381
case_200,200,fluence_rate,sigma_max_principal,0.95,7.528428399999999,20018,380342,3.6687193639224702,3.4705655973544873,0.1981537665679829,0.6580681999306309,0.6580681999306309,3.647733,3.402495
case_200,200,z,sigma_max_principal,0.95,7.528428399999999,20018,380342,565.0693229447996,436.617670302951,128.45165264184863,0.4678420092319342,0.4678420092319342,616.6366275,436.014618
case_200,200,theta_cos,sigma_max_principal,0.95,7.528428399999999,20018,380342,0.9081786921188116,0.9332602032200684,-0.02508151110125678,-0.39000014207118766,0.39000014207118766,0.9061650672010835,0.9431010821828442
case_200,200,weight_loss_rate,sigma_max_principal,0.95,7.528428399999999,20018,380342,0.3783677146068538,0.36352475427115605,0.014842960335697764,0.31907807867903715,0.31907807867903715,0.375772,0.351534
case_200,200,param_field_magnitude_scaled,sigma_max_principal,0.95,7.528428399999999,20018,380342,0.9096381802202679,1.1677540358843295,-0.2581158556640616,-0.258829683119306,0.258829683119306,0.7318148380514007,0.784914389618191
case_200,200,theta,sigma_max_principal,0.95,7.528428399999999,20018,380342,0.385971462236387,0.3420565535869306,0.04391490864945641,0.25666392586382075,0.25666392586382075,0.4366698947051987,0.33895969930534087
case_200,200,theta_sin,sigma_max_principal,0.95,7.528428399999999,20018,380342,0.3689762170956237,0.3322379670200151,0.0367382500756086,0.23366201521121374,0.23366201521121374,0.42292419058225467,0.3325061635301634
case_200,200,temperature,sigma_max_principal,0.95,7.528428399999999,20018,380342,369.4439520575482,368.8221373152794,0.6218147422687821,0.07493926403611725,0.07493926403611725,369.23645,367.010406
