iteration,feature_set,split,case_id,n_elements,mae,rmse,r2,bias_predicted_minus_actual,top5_actual_rmse,top5_actual_bias,actual_mean,predicted_mean,actual_p95,predicted_p95,p95_relative_error,p95_underprediction_fraction,actual_p99,predicted_p99,p99_relative_error,p99_underprediction_fraction,actual_max,predicted_max,max_relative_error,prediction_abs_max_ratio,top5pct_hotspot_overlap,top1pct_hotspot_overlap,top1_recall_in_predicted_top5,negative_prediction_fraction,sum_absolute_error,sum_squared_error,actual_sum,actual_squared_sum
1,physical_only,validation,case_18,400360,2.035123384446511,2.7295574732523713,0.2294740211157289,0.8736409798501741,5.053389175089152,-3.4986475956286998,5.653727981126508,6.527368960976682,9.915027427673339,10.728855507443074,0.0820802651032815,0.0,15.819301843643087,13.564928955035807,0.1425077358589747,0.1425077358589747,36.45985412597656,15.00772974579895,0.5883765828040879,0.41162341719591217,0.2842941352782496,0.07492507492507493,0.5307192807192808,0.05255270256768908,814781.9981970051,2982875.774155072,2263526.534523809,16668583.556267565
1,physical_only,validation,case_29,400360,3.027366217724217,4.109272441703576,-12.419503277455313,2.9886705641554974,2.572718720750296,1.5573553466545784,2.033673969191559,5.022344533347055,3.50241869688034,10.583682282196035,2.0218209752086715,0.0,5.4425946283340405,13.725344767230089,1.5218385171984359,0.0,12.888184547424316,14.792518623057806,0.14775813215788158,1.1477581321578816,0.04950544509941053,0.002997002997002997,0.051698301698301696,0.0011989209711259865,1212036.3389280676,6760527.003257839,814201.7103055326,2159604.52317288
1,physical_only,validation,case_45,400360,2.8211277023353087,3.7093364452986286,-0.3383033827893289,1.3598189942508292,8.226497638939321,-7.3018132982922435,5.207303312044021,6.567122306294852,10.862130212783812,9.659334653137757,0.11073293507662675,0.11073293507662675,15.904301156997667,10.475675404073622,0.3413306689389195,0.3413306689389195,36.334930419921875,13.065447541858312,0.6404163324145316,0.3595836675854684,0.05180337696073534,0.0,0.015984015984015984,0.05734838645219303,1129466.6869069643,5508624.049439457,2084795.9540099443,14972289.90461304
1,physical_only,validation,case_51,400360,4.095749413170818,4.523642121542216,-4.703544886164062,3.9607637866543426,2.572235626737104,0.4238401235729041,3.495074740730534,7.455838527384874,6.196873641014097,10.361587817420427,0.6720669837193564,0.0,9.536471252441398,10.84126939941255,0.13682190324194757,0.0,19.359146118164062,13.909311645929249,0.281512130698854,0.7184878693011459,0.10220801278849036,0.04295704295704296,0.10364635364635365,0.0011989209711259865,1639774.2350570688,8192702.01921215,1399288.1231988766,6327039.392613842
1,physical_only,validation,case_54,400360,1.7748439951153199,2.446220792313069,0.297814551801346,0.2516126012783998,5.374034227871344,-4.0508823865717725,5.355598113270859,5.6072107145492565,9.406452131271362,10.152371506797703,0.079298694674325,0.0,14.854768409728997,12.546134145572616,0.1554136826962824,0.1554136826962824,33.38887405395508,14.177518442710959,0.5753819544857769,0.42461804551422305,0.3129683285043461,0.1595904095904096,0.5452047952047953,0.05750824258167649,710576.5418843694,2395752.70451722,2144167.260629121,14895149.962829953
1,physical_only,validation,case_60,400360,2.5984944308031084,3.4382086050516625,-0.21239471614635597,1.557514835236133,5.74979503397362,-4.190095031438041,5.622468909648277,7.17998374488441,9.96433162689209,12.117028150603309,0.21604023273386905,0.0,15.850470104217512,14.374370198973384,0.09312656946694381,0.09312656946694381,36.91607666015625,15.220153811453411,0.5877093345653218,0.4122906654346781,0.1252872414826656,0.01048951048951049,0.17907092907092906,0.05798781097012688,1040333.2303163324,4732767.024968785,2251011.6526667844,16559895.004739292
1,physical_only,validation,case_62,400360,2.245937757877533,2.6573451505684456,-2.8117309459958877,2.1329192589411208,2.7972781936327027,0.1451213864998711,2.474723175269594,4.607642434210714,4.507473468780517,6.985349932354482,0.5497262448101213,0.0,6.4952899599075264,7.753128944619327,0.19365401582929617,0.0,14.41285228729248,16.55124509000728,0.14836707960992415,1.1483670796099241,0.176840843241083,0.0027472527472527475,0.025974025974025976,0.0,899183.640743849,2827135.433669584,990780.1704509346,3193599.9834185
1,physical_only,validation,case_81,400360,3.9600875519320793,5.043359300513024,-1.4498185341392746,2.930555786685361,6.180874435090519,-4.767181363153527,5.84957593964784,8.7801317263332,10.314814281463619,16.256428278043842,0.5760272395071314,0.0,16.286035861968987,18.989655101148625,0.1660084296813509,0.0,35.2658805847168,24.096898641900292,0.3167078705432019,0.6832921294567981,0.0007992806474173244,0.0,0.003996003996003996,0.06082525726845839,1585460.6522915273,10183345.983920751,2341936.2231974094,17856109.41474756
1,physical_only,validation,case_83,400360,2.0083268602938342,2.6993086432045597,0.28343748100490895,0.5687020954561719,5.1587766743950745,-3.6383159899009816,5.771707437600671,6.340409533056845,10.300168991088865,10.924688156968141,0.06063193394395521,0.0,16.17190748214708,13.506174937663388,0.1648372368829415,0.1648372368829415,37.063751220703125,15.287578999461108,0.5875328725247393,0.41246712747526076,0.2648616245379159,0.17032967032967034,0.4745254745254745,0.05049455490058947,804053.7417872394,2917129.916685997,2310760.7897178046,17408040.681773167
1,physical_only,validation,case_86,400360,1.9304071145988646,2.8706536154783833,-0.4328856650922095,1.2065548270144844,3.4641604096504874,-1.4999383145548242,4.475714650114444,5.682269477128932,7.60098669528961,10.181052496072207,0.3394382735048706,0.0,12.306284666061373,13.350748552076183,0.08487239766972586,0.0,24.116090774536133,14.75298112452089,0.38825155111381604,0.611748448886184,0.20671395743830553,0.024725274725274724,0.1933066933066933,0.02265960635428115,772857.7924008014,3299227.5068084663,1791897.1173198188,10322525.946124662
1,physical_only,validation,case_87,400360,2.1373403820697017,3.151830207069157,0.017372551693710547,0.2772936314591235,7.800764639814275,-6.781771099442219,5.09026258343684,5.367556214895964,10.772640562057495,8.830974526418554,0.1802404920551899,0.1802404920551899,15.996327209472646,11.406970022274242,0.2869006820816153,0.2869006820816153,34.780033111572266,13.845604200634085,0.6019094014022869,0.3980905985977131,0.15850734339094816,0.0,0.015734265734265736,0.07113597762014187,855705.5953654257,3977189.7137929513,2037937.5279047734,14421142.352911664
1,physical_only,validation,case_101,400360,1.9569386184509172,2.6316711052534947,0.33899330307116415,0.30320821836102485,5.336386254090067,-3.8998458534993032,5.892952550035133,6.196160768396161,10.397786188125611,10.83137791375774,0.0417003886969031,0.0,16.382473373413045,13.515607922140989,0.17499588651397807,0.17499588651397807,37.050594329833984,15.167449972843006,0.5906286998308735,0.40937130016912654,0.2824957538215606,0.18806193806193805,0.5222277722277723,0.05393146168448396,783479.9452830092,2772770.371900702,2359302.482932066,18098026.538970944
1,physical_only,validation,case_120,400360,1.970242967550915,2.652008994568561,0.3198399722929858,0.4935322191414909,4.9779550608820635,-3.4451879223436497,5.849380987685487,6.342913206826976,10.294800615310661,10.90805125280575,0.059568966938810676,0.0,16.261321811676016,13.501087258353902,0.16974232385833482,0.16974232385833482,36.66416549682617,15.126477850384502,0.587431552159726,0.41256844784027397,0.28769107802977323,0.16408591408591408,0.5546953046953047,0.05191327804975522,788806.4744886843,2815792.6175236385,2341858.1722297617,17838317.90270544
1,physical_only,validation,case_145,400360,2.4331463949521086,3.0792887949653873,-0.7464228046277925,2.022430906879105,3.64339563199021,-2.227428187302275,4.284758478472041,6.307189385351146,7.399078512191771,9.990532651753808,0.35024011912996866,0.0,11.438420429229723,10.84152147417178,0.052183687315132135,0.052183687315132135,25.100421905517578,13.407946079112463,0.4658278602016197,0.5341721397983803,0.12318912978319513,0.04595404595404595,0.1963036963036963,0.01682485762813468,974134.4906830261,3796221.3201335627,1715445.904441066,9523984.02051085
1,physical_only,validation,case_176,400360,2.6432678513943513,3.186361694164771,-0.7982798071904758,2.1058789744052926,4.4504942462473105,-3.6506935434315224,4.060998864911518,6.166877839316808,7.827819538116455,8.726813445977706,0.11484601854753139,0.0,11.872080402374266,10.90813992779045,0.08119389710257023,0.08119389710257023,27.17892074584961,11.152573490981627,0.589660914233149,0.41033908576685096,0.05150364671795384,0.0,0.12837162837162838,0.0386252372864422,1058258.7169842424,4064815.3827208113,1625861.5055559753,8863012.667989213
1,physical_only,internal_test,case_06,400360,3.2919911835412012,3.901615093550459,-0.48745296972352814,2.4330212924109382,5.603726070039577,-4.132086426356138,5.917631487748422,8.350652780159358,10.134570455551147,12.583871243004037,0.24167780945380873,0.0,15.962084121704066,13.681447932594953,0.14287834669459437,0.14287834669459437,32.9944953918457,15.83673989582138,0.5200187271318206,0.4799812728681794,0.08996902787491258,0.026473526473526472,0.15384615384615385,0.03470876211409731,1317981.5902425554,6094520.271410063,2369182.942434958,18117237.60923312
1,physical_only,internal_test,case_28,400360,2.033238788075612,2.7601899039847426,0.17405888695620653,0.6437614100213916,5.369399575060385,-3.8773838916938823,5.5266866433473245,6.170448053368717,9.724851751327513,10.704284262758309,0.10071438994400052,0.0,15.672686471939013,13.508964206143727,0.1380568844830335,0.1380568844830335,36.075843811035156,14.7603542657512,0.5908521407547455,0.40914785924525454,0.2555200319712259,0.016983016983016984,0.43631368631368633,0.05235288240583475,814027.4811939521,3050202.0358139025,2212664.264530535,15921703.859572133
1,physical_only,internal_test,case_57,400360,1.8936008082428537,2.604577174431023,0.2206073031606558,0.3305969362893614,6.86725164113382,-5.989462059061169,5.400399450375989,5.730996386665351,9.728502988815302,8.443566158023135,0.13207960487543027,0.13207960487543027,14.611289510726927,8.83810815569872,0.39511785395736676,0.39511785395736676,32.06071853637695,10.26990640346846,0.6796732302859666,0.3203267697140333,0.16170446598061744,0.09165834165834166,0.26823176823176825,0.07517234488959935,758122.0195881089,2715971.0790395606,2162103.923952531,15160952.23359229
1,physical_only,internal_test,case_66,400360,1.6770713654926217,2.6061347658931173,0.10463391514742604,-0.7056929034940072,8.293818799201313,-7.600916886379075,3.3097094398571456,2.604016536363138,8.640856552124024,5.424067648834515,0.3722766237218444,0.3722766237218444,14.484742507934437,6.930601739886735,0.5215239942242468,0.5215239942242468,22.389339447021484,11.51333680522977,0.4857670172685054,0.5142329827314946,0.390448596263363,0.07917082917082917,0.22627372627372627,0.02235987611149965,671432.2918886261,2719220.465029188,1325075.2713412067,7422607.059131721
1,physical_only,internal_test,case_71,400360,1.85058358716551,2.368594794599122,0.034746787953337965,0.6198751188834629,4.150866921970132,-2.9815831158305754,4.549803349447659,5.1696784683311225,7.7705615758895865,8.555855054717954,0.10106006768738149,0.0,12.114842939376807,10.768963451809373,0.11109343260183167,0.11109343260183167,25.56398582458496,11.79932674616887,0.538439473909369,0.4615605260906311,0.23503846538115697,0.07842157842157842,0.3936063936063936,0.061424717754021384,740899.6449575836,2246116.207269184,1821559.2689848647,10614707.437531048
1,physical_only,internal_test,case_82,400360,1.8473029357244788,2.5121929879053977,0.3076854874331195,0.4117344466537431,5.295438693468783,-3.861017992305386,5.501570875476665,5.91330532213041,9.606270885467529,10.256996316584084,0.06773965036744695,0.0,15.515425043106074,12.738559298634984,0.17897451966389585,0.17897451966389585,34.473167419433594,14.81490821027641,0.5702481286380204,0.42975187136197956,0.2746528124687781,0.13436563436563437,0.4303196803196803,0.04643820561494655,739586.2033466523,2526717.4442914734,2202608.9157058373,15767476.08115845
1,physical_only,internal_test,case_93,400360,1.9360704501672044,2.597621855947698,0.21415748961715897,0.34363054753026634,4.758609231470751,-3.382675616310162,5.478692639531607,5.822323187061873,9.250488615036007,10.281403619218432,0.11144438386819339,0.0,14.655003519058223,12.86944633085556,0.12183942404930986,0.12183942404930986,30.175100326538086,14.7603542657512,0.5108432414135201,0.48915675858647983,0.2568688180637426,0.08066933066933067,0.3971028971028971,0.04048356479168748,775125.165428942,2701484.872749204,2193449.385162874,15454927.461751582
1,physical_only,internal_test,case_98,400360,2.7085772700192385,3.501811166702436,-0.0889272430997472,1.1879531914360435,7.167344482696906,-5.686524279159776,6.260926460286945,7.448879651722985,10.456711626052856,12.421637886552764,0.18791053351842485,0.0,16.65958471298217,13.681447932594953,0.17876416679621493,0.17876416679621493,34.968265533447266,16.851711000348285,0.518085591513552,0.48191440848644795,0.009791187930862224,0.0027472527472527475,0.013986013986013986,0.06484164252173044,1084405.9958249023,4909487.144217757,2506624.5176404812,20202345.646022253
1,physical_only,internal_test,case_102,400360,2.6547293407076338,3.4940858742917857,-0.7790971521691981,-2.1967669264671383,9.652993842803298,-8.772051976819006,3.561208677776423,1.3644417513092855,8.40616006851196,5.057894850314264,0.3983109042545747,0.3983109042545747,14.098538675308209,6.313157914187121,0.5522118951772065,0.5522118951772065,24.8814754486084,7.139950373044807,0.7130415200741587,0.28695847992584134,0.27804975522030173,0.0,0.008741258741258742,0.28306524128284544,1062847.4388457083,4887849.547765051,1425765.5062345688,7824824.903724942
1,physical_only,internal_test,case_117,400360,2.5343443547656848,3.171992014740645,-0.33695641284298516,1.7668290375724878,5.763565822817033,-3.924101448279908,5.137139844130944,6.903968881703432,8.875784015655517,10.453879256282564,0.17779784161529047,0.0,13.745235443115213,11.18738413920244,0.18609003203316998,0.18609003203316998,30.055034637451172,14.483256242380515,0.5181088154750244,0.48189118452497554,0.10060945149365572,0.09940059940059941,0.16933066933066934,0.039504445998601256,1014650.1058739895,4028235.4886343353,2056705.307996265,13578572.17672394
1,physical_only,internal_test,case_147,400360,1.5207396995138525,2.1021531505901527,0.3672784538067534,0.47134321819863495,4.897748698782656,-3.901822194976577,4.797992291013543,5.269335509212177,8.369614458084104,8.093651364677726,0.03297201977324408,0.03297201977324408,13.121011762619016,10.13777051744148,0.2273636590797528,0.2273636590797528,29.499116897583008,11.119100141371113,0.6230700674879474,0.3769299325120526,0.2674093316015586,0.12137862137862138,0.42982017982017984,0.03215106404236187,608843.346097366,1769210.0046471152,1920924.1936301822,12012770.016969586
1,physical_only,internal_test,case_159,400360,1.334421406955629,1.8555416478952205,0.41294825111263955,0.3362385089117674,4.544741076878163,-3.533730788076428,4.308228827876949,4.644467336788717,7.735206508636474,7.194903994770114,0.06984978529831154,0.06984978529831154,12.345149745941162,9.515884473266192,0.22918031217929744,0.22918031217929744,27.970979690551758,10.129605992840046,0.637853013912784,0.3621469860872159,0.3224597861924268,0.2002997002997003,0.6146353646353646,0.05061444699770207,534248.9544887557,1378453.4153600307,1724842.4935288155,9779111.391040415
1,physical_only,internal_test,case_196,400360,1.5530180666457003,2.149668388465192,0.3398018146797389,0.6873230398885767,4.471295832972889,-3.247168744942024,4.721619437764037,5.408942477652614,8.420341682434081,8.961659048593187,0.06428686466350454,0.0,13.27775411605834,10.835049736479752,0.18396969534360785,0.18396969534360785,29.805959701538086,11.152573490981627,0.6258273981895601,0.3741726018104399,0.28214606853831553,0.03171828171828172,0.46353646353646355,0.040523528824058345,621766.3131622726,1850093.2588515463,1890347.5581032098,11727831.892893458
1,physical_only,internal_test,case_197,400360,2.425603927756315,2.8819159503887075,-0.3646638911594877,1.8765561537591855,4.5129410088206425,-3.543970345242376,4.335292672210596,6.21184882596978,7.936916875839233,8.656708775322752,0.09068910645576206,0.0,12.379508867263791,9.263613355746074,0.2516978294476084,0.2516978294476084,27.07880973815918,11.119100141371113,0.5893800263420665,0.4106199736579334,0.17609151763412928,0.03271728271728272,0.2524975024975025,0.0388050754321111,971114.7885165183,3325165.7762781763,1735677.7742462344,9961289.997120844
1,physical_only,internal_test,case_199,400360,2.145851917918961,2.751005506448779,-0.033747430370295595,1.3242581025448759,5.677298525789115,-4.852375843625349,4.738719716338008,6.062977818882884,8.71670413017273,8.306977002745608,0.04700482215621587,0.04700482215621587,13.672717103958115,9.07370063459975,0.33636448661890306,0.33636448661890306,29.847414016723633,10.86979345847538,0.6358212657088153,0.36417873429118475,0.2325906683984414,0.07392607392607392,0.469030969030969,0.03956439204715756,859113.2738580352,3029937.0098713455,1897193.8256330849,11921292.318331864
1,position_only_periodic,validation,case_18,400360,1.0736698998112586,1.2531117993012362,0.8376013412312423,-0.9244675273651572,2.599940155259991,-2.35859613245462,5.653727981126508,4.729260453761349,9.915027427673339,8.681751502728106,0.12438451975464004,0.12438451975464004,15.819301843643087,13.279205207405989,0.1605694525171365,0.1605694525171365,36.45985412597656,29.972680905517297,0.17792647216976512,0.8220735278302349,0.8330002997302428,0.8913586413586414,1.0,0.05069187731042062,429854.48108843545,628680.9767245499,2263526.534523809,16668583.556267565
1,position_only_periodic,validation,case_29,400360,2.6470824489578204,3.0583015903976385,-6.43305233532641,2.5865798724865496,5.163068590696036,4.638043851219202,2.033673969191559,4.6202538416781085,3.50241869688034,8.402589597569419,1.3990819844165798,0.0,5.4425946283340405,11.979896040844395,1.2011369317268812,0.0,12.888184547424316,26.27192988265071,1.0384507830391918,2.038450783039192,0.6108502347886902,0.6476023976023976,0.9572927072927073,0.05434109301628534,1059785.929264753,3744650.6022339077,814201.7103055326,2159604.52317288
1,position_only_periodic,validation,case_45,400360,0.8686742876160147,1.2651966587334178,0.8443037347449204,-0.48721432731158987,3.455952336072608,-2.9371309969661152,5.207303312044021,4.720088984732432,10.862130212783812,8.72178186462916,0.19704683208783882,0.19704683208783882,15.904301156997667,13.656175712588729,0.14135329947646236,0.14135329947646236,36.334930419921875,27.635462495172074,0.23942437275124154,0.7605756272487585,0.7485762813467879,0.7405094905094906,0.9992507492507493,0.04640323708662204,347782.43778994767,640865.294238779,2084795.9540099443,14972289.90461304
1,position_only_periodic,validation,case_51,400360,1.2135966758774381,1.4866190820813947,0.384018326687506,1.1312081222277086,2.6178068909496877,2.1693892719517645,3.495074740730534,4.626282862958243,6.196873641014097,8.3943728403391,0.3546141694387349,0.0,9.536471252441398,12.435617376821323,0.30400617247577033,0.0,19.359146118164062,27.054652446926696,0.3975126940925451,1.397512694092545,0.7642621640523529,0.8071928071928072,0.9977522477522478,0.05421620541512639,485875.5651542911,884810.1311496866,1399288.1231988766,6327039.392613842
1,position_only_periodic,validation,case_54,400360,0.771491252212906,0.9128512356783235,0.902217635659981,-0.6313034453916354,1.7645774630296764,-1.361621630318912,5.355598113270859,4.7242946678792235,9.406452131271362,8.6762988010833,0.07762260627050839,0.07762260627050839,14.854768409728997,13.314115571320247,0.10371436268233662,0.10371436268233662,33.38887405395508,29.638913849992537,0.11231166998631807,0.887688330013682,0.866620041962234,0.9033466533466533,1.0,0.05020981116994705,308874.23773595906,333618.93844802945,2144167.260629121,14895149.962829953
1,position_only_periodic,validation,case_60,400360,1.0340728945901339,1.2209437035021415,0.847112891122591,-0.8959568593333899,2.725645841255939,-2.4617140593627274,5.622468909648277,4.726512050314887,9.96433162689209,8.676212555607556,0.12927300289846963,0.12927300289846963,15.850470104217512,13.278587982922812,0.16225904369930147,0.16225904369930147,36.91607666015625,29.972680905517297,0.1880859609908927,0.8119140390091073,0.8302028174642822,0.8903596403596403,1.0,0.05075182335897692,414001.42407810595,596818.0641183739,2251011.6526667844,16559895.004739292
1,position_only_periodic,validation,case_62,400360,2.2298394604696155,2.54362137894585,-2.492458368582493,2.1950382411594465,5.3523383588736015,5.029098773130135,2.474723175269594,4.669761416429039,4.507473468780517,8.522483194033878,0.8907450599680646,0.0,6.4952899599075264,12.865043921310082,0.9806727645293979,0.0,14.41285228729248,27.6030661904416,0.9151702688841585,1.9151702688841585,0.7514736736936757,0.8903596403596403,1.0,0.052792486761914274,892738.5263936152,2590333.0912711504,990780.1704509346,3193599.9834185
1,position_only_periodic,validation,case_81,400360,1.2353812224932867,1.4498930216424926,0.7975275134756352,-1.1220304423638767,2.945512896183588,-2.5991500603842037,5.84957593964784,4.727545497283964,10.314814281463619,8.670808277963836,0.15938299601323572,0.15938299601323572,16.286035861968987,13.260412563116573,0.1857802183720978,0.1857802183720978,35.2658805847168,29.638913849992537,0.15955837884742408,0.8404416211525759,0.839444499950045,0.9083416583416584,1.0,0.050132380857228494,494597.2262374123,841632.6980017535,2341936.2231974094,17856109.41474756
1,position_only_periodic,validation,case_83,400360,1.1968536812858321,1.4004219637193769,0.8071290479583894,-1.0465611225313831,3.0015397135839548,-2.782189586697962,5.771707437600671,4.7251463150692885,10.300168991088865,8.669986594296061,0.1582675389309775,0.1582675389309775,16.17190748214708,13.237382258863938,0.18145820006221905,0.18145820006221905,37.063751220703125,29.972680905517297,0.19132090200370455,0.8086790979962954,0.8287541212908383,0.8948551448551448,1.0,0.05090418623239085,479172.3398395958,785178.6959905827,2310760.7897178046,17408040.681773167
1,position_only_periodic,validation,case_86,400360,0.4535257940930241,0.7454828368819555,0.9033670467472101,0.16216753766137013,1.1954312632406774,0.08688986409681324,4.475714650114444,4.637882187775815,7.60098669528961,8.395918131799299,0.1045826638536697,0.0,12.306284666061373,12.458504210529188,0.01236925267035394,0.0,24.116090774536133,27.054652446926696,0.12185066393485929,1.1218506639348593,0.7740533519832151,0.8621378621378621,1.0,0.05300979118793086,181573.58692308314,222497.9321118581,1791897.1173198188,10322525.946124662
1,position_only_periodic,validation,case_87,400360,0.9830497091749905,1.4052274780379173,0.8046755854112003,-0.37253261362993395,3.579009829676429,-2.9909720491268854,5.09026258343684,4.717729969806906,10.772640562057495,8.739212964451335,0.1887585115174204,0.1887585115174204,15.996327209472646,13.639465256844632,0.1473376933195225,0.1473376933195225,34.780033111572266,27.236142021679825,0.21690293007174805,0.783097069928252,0.6833349985013488,0.6970529470529471,0.9982517482517482,0.046063542811469675,393573.7815652992,790576.5851485339,2037937.5279047734,14421142.352911664
1,position_only_periodic,validation,case_101,400360,1.31704087237582,1.5202296676780216,0.7794225851062921,-1.1648921375928458,3.0912395075514882,-2.888716912696048,5.892952550035133,4.728060412442288,10.397786188125611,8.686912467786215,0.16454211400242424,0.16454211400242424,16.382473373413045,13.318961965930322,0.18699932163201105,0.18699932163201105,37.050594329833984,29.972680905517297,0.1910337351489498,0.8089662648510502,0.8269557398341493,0.8946053946053946,1.0,0.05068688180637426,527290.4836643833,925271.2923626669,2359302.482932066,18098026.538970944
1,position_only_periodic,validation,case_120,400360,1.2720232480451026,1.4678213507868587,0.7916432756279334,-1.1189119565578762,2.9595845141848236,-2.756283772380909,5.849380987685487,4.73046903112761,10.294800615310661,8.697912676281614,0.15511596568991526,0.15511596568991526,16.261321811676016,13.379770685974288,0.1772027611945239,0.1772027611945239,36.66416549682617,29.972680905517297,0.1825074838233567,0.8174925161766433,0.8264062343890498,0.8916083916083916,1.0,0.05054201218902987,509267.2275873373,862575.4269567208,2341858.1722297617,17838317.90270544
1,position_only_periodic,validation,case_145,400360,0.4922617981553559,0.7186712767572334,0.9048718336035564,0.36772735061265405,1.3467060921295724,1.04017434985832,4.284758478472041,4.6524858290846955,7.399078512191771,8.444671054483898,0.1413138866643002,0.0,11.438420429229723,12.649207529446167,0.10585264877328701,0.0,25.100421905517578,28.606124392148274,0.1396670741163945,1.1396670741163946,0.856079528424418,0.8906093906093906,1.0,0.052854930562493754,197081.9335094783,206781.29743980168,1715445.904441066,9523984.02051085
1,position_only_periodic,validation,case_176,400360,0.7522624034804278,0.8960865388687863,0.8577779188367124,0.676350292900642,1.5108841847463201,1.0091824296115253,4.060998864911518,4.737349157812157,7.827819538116455,8.710107220004458,0.11271180660103727,0.0,11.872080402374266,13.515316316322302,0.13841179121558256,0.0,27.17892074584961,29.972680905517297,0.1027914311164954,1.1027914311164955,0.8252073134179239,0.8389110889110889,1.0,0.050104905584973526,301175.7758574241,321477.5036473874,1625861.5055559753,8863012.667989213
1,position_only_periodic,internal_test,case_06,400360,1.3224998892560356,1.505150888247936,0.7786321861146408,-1.1989761883694467,2.6407205189980743,-2.300860666356767,5.917631487748422,4.718655299378976,10.134570455551147,8.649629972615948,0.14652229114671875,0.14652229114671875,15.962084121704066,13.245198944578839,0.17020867428151237,0.17020867428151237,32.9944953918457,29.972680905517297,0.09158541297392354,0.9084145870260765,0.8523329003896493,0.9000999000999002,1.0,0.050659406534119295,529476.0556625464,907007.2510681221,2369182.942434958,18117237.60923312
1,position_only_periodic,internal_test,case_28,400360,0.9485927124790555,1.1347797602253686,0.8603971382921498,-0.8083339043281632,2.5266591703715164,-2.243462283219687,5.5266866433473245,4.718352739019161,9.724851751327513,8.63500301930715,0.1120684160425983,0.1120684160425983,15.672686471939013,13.089053518577568,0.164849399494291,0.164849399494291,36.075843811035156,29.638913849992537,0.17842770344497505,0.821572296555025,0.8460385652912379,0.8966033966033966,1.0,0.0509816165451094,379778.57836811466,515553.62272437627,2212664.264530535,15921703.859572133
1,position_only_periodic,internal_test,case_57,400360,0.8273854112354551,1.0018269491705507,0.884689915178488,-0.678958307014675,1.8760798170880453,-1.519614883589866,5.400399450375989,4.721441143361313,9.728502988815302,8.650460175412823,0.11081281617962059,0.11081281617962059,14.611289510726927,13.317281113581132,0.08856223101977376,0.08856223101977376,32.06071853637695,29.638913849992537,0.0755380664234512,0.9244619335765488,0.8103706664002398,0.9013486513486514,1.0,0.049457987810970126,331252.0232422268,401824.21103873977,2162103.923952531,15160952.23359229
1,position_only_periodic,internal_test,case_66,400360,1.8737387599422135,2.264333661040945,0.3240917524139292,1.4027738536312933,3.4185984978745956,-1.7638840543833034,3.3097094398571456,4.712483293488439,8.640856552124024,8.765453127878983,0.014419470454503893,0.0,14.484742507934437,13.809738675892415,0.04660102391687449,0.04660102391687449,22.389339447021484,26.42826891876512,0.18039520465982062,1.1803952046598207,0.5242781496653012,0.5392107892107892,0.9737762237762237,0.04448246578079728,750170.0499304646,2052728.5659035037,1325075.2713412067,7422607.059131721
1,position_only_periodic,internal_test,case_71,400360,0.4063522799859006,0.6167628128747956,0.9345520458513464,0.1586424407712553,1.2199396286953523,0.8018333767650679,4.549803349447659,4.708445790218914,7.7705615758895865,8.582468893992447,0.10448502468882524,0.0,12.114842939376807,12.992090339628364,0.07241095940255605,0.0,25.56398582458496,29.972680905517297,0.17245726512226747,1.1724572651222676,0.8473373963432911,0.8991008991008991,1.0,0.051201418723149164,162687.19881515516,152295.48963033635,1821559.2689848647,10614707.437531048
1,position_only_periodic,internal_test,case_82,400360,0.9142278324598855,1.083387762676431,0.8712446484706022,-0.7748425988449946,2.2746467606535665,-2.0320122507472846,5.501570875476665,4.726728276631671,9.606270885467529,8.671186991497033,0.09734098747778407,0.09734098747778407,15.515425043106074,13.180528982489893,0.15048869458163114,0.15048869458163114,34.473167419433594,29.972680905517297,0.1305504208290194,0.8694495791709806,0.8392946348286542,0.8976023976023976,1.0,0.05087171545608952,366020.25500363973,469914.1601827713,2202608.9157058373,15767476.08115845
1,position_only_periodic,internal_test,case_93,400360,0.9389965430102939,1.0864822858045704,0.8625233443106649,-0.7612810480140729,1.6509897817714305,-1.3863694313332242,5.478692639531607,4.717411591517534,9.250488615036007,8.651058495034128,0.06479983327881166,0.06479983327881166,14.655003519058223,13.068265678097545,0.10827277106397086,0.10827277106397086,30.175100326538086,29.972680905517297,0.00670816066327266,0.9932918393367274,0.8299030872215006,0.8956043956043956,1.0,0.05140623438904986,375936.6559596013,472602.46269950183,2193449.385162874,15454927.461751582
1,position_only_periodic,internal_test,case_98,400360,1.672898095067727,1.880381072508333,0.6860177055732988,-1.5369911156615192,3.2123120540302743,-2.9328498066194633,6.260926460286945,4.723935344625425,10.456711626052856,8.667168323479668,0.1711382475265501,0.1711382475265501,16.65958471298217,13.259791376411304,0.20407431488502464,0.20407431488502464,34.968265533447266,29.972680905517297,0.14286052086717527,0.8571394791328247,0.8215106404236188,0.8993506493506493,1.0,0.050244779698271555,669761.4813413152,1415606.0910110604,2506624.5176404812,20202345.646022253
1,position_only_periodic,internal_test,case_102,400360,1.5018281191733673,1.8002741270767788,0.527708863113907,1.1455367933987572,2.9108717348015136,-1.163048327659503,3.561208677776423,4.706745471175181,8.40616006851196,8.745894505129849,0.04041493783713156,0.0,14.098538675308209,13.723893557262938,0.026573329809096716,0.026573329809096716,24.8814754486084,26.42826891876512,0.06216646891988203,1.062166468919882,0.5953641722449795,0.5237262737262737,0.9912587412587412,0.04490958137676092,601271.9057922494,1297561.5283445672,1425765.5062345688,7824824.903724942
1,position_only_periodic,internal_test,case_117,400360,0.6276353415747195,0.7707951334321318,0.9210538408070396,-0.40020355010210085,1.1799157275991023,-0.4182933262834805,5.137139844130944,4.736936294028844,8.875784015655517,8.706066084971678,0.019121457933686012,0.019121457933686012,13.745235443115213,13.500237776953245,0.01782418840156599,0.01782418840156599,30.055034637451172,29.638913849992537,0.01384529389096468,0.9861547061090353,0.8592766510140873,0.8793706293706294,1.0,0.04924817664102308,251280.0853528547,237863.94013864332,2056705.307996265,13578572.17672394
1,position_only_periodic,internal_test,case_147,400360,0.431844761599679,0.6519892491052214,0.9391353979366881,-0.07584055507101216,0.7582542763738613,-0.11876165389497063,4.797992291013543,4.722151735942531,8.369614458084104,8.689610717594586,0.03823309438123543,0.0,13.121011762619016,13.314823115494724,0.01477106768762029,0.0,29.499116897583008,29.32745716031595,0.0058191483447804886,0.9941808516552195,0.8228094714756718,0.8651348651348651,1.0,0.051168947946847836,172893.3687540475,170189.02477265775,1920924.1936301822,12012770.016969586
1,position_only_periodic,internal_test,case_159,400360,0.5672226694772527,0.7522579184026905,0.9035130654526267,0.39390136333539966,1.1121079068954083,0.49495646527791837,4.308228827876949,4.7021301912123485,7.735206508636474,8.59705180095231,0.11141852403727968,0.0,12.345149745941162,12.952337767159166,0.0491843382797066,0.0,27.970979690551758,29.972680905517297,0.07156350035324964,1.0715635003532495,0.8176641023079229,0.8561438561438561,1.0,0.051748426416225395,227093.26795191292,226560.51143110744,1724842.4935288155,9779111.391040415
1,position_only_periodic,internal_test,case_196,400360,0.4114047621233627,0.6382030501005134,0.9418098955155543,-0.01157044855363646,0.8508884143551858,-0.32390723345649924,4.721619437764037,4.7100489892104,8.420341682434081,8.64239963002227,0.026371607704641045,0.0,13.27775411605834,13.045693552191409,0.01747739578836399,0.01747739578836399,29.805959701538086,29.32745716031595,0.016053921632237934,0.983946078367762,0.8268558297532221,0.8846153846153846,1.0,0.05212308921970227,164710.01056370948,163067.88239097607,1890347.5581032098,11727831.892893458
1,position_only_periodic,internal_test,case_197,400360,0.5014438733353781,0.6740550353921458,0.9253458777378802,0.3851390361987456,1.1833827638563632,0.6728624864130177,4.335292672210596,4.720431708409341,7.936916875839233,8.67630532015103,0.09315814388362428,0.0,12.379508867263791,13.243821719879596,0.06981802443725235,0.0,27.07880973815918,29.972680905517297,0.10686847743090067,1.1068684774309006,0.8640723348985913,0.8696303696303697,1.0,0.05128634229193726,200758.06912855196,181903.6423636683,1735677.7742462344,9961289.997120844
1,position_only_periodic,internal_test,case_199,400360,0.3829688378629196,0.5919590768549603,0.9521353494973792,-0.0016592189694365194,1.193260240833135,-0.3136249762968799,4.738719716338008,4.737060497368572,8.71670413017273,8.718085706038147,0.00015849750602817524,0.0,13.672717103958115,13.492459995564397,0.013183707892379012,0.013183707892379012,29.847414016723633,29.972680905517297,0.0041969092774160185,1.0041969092774161,0.8611249875112399,0.8459040959040959,1.0,0.05008991907283445,153325.4039267985,140292.3690659123,1897193.8256330849,11921292.318331864
1,full_raw_coordinates,validation,case_18,400360,0.5301063693050095,0.7163922043641011,0.9469232280215895,-0.2580790163989989,1.4007144790501571,-0.8022746451919626,5.653727981126508,5.395648964727509,9.915027427673339,9.620365791761687,0.029718690952809313,0.029718690952809313,15.819301843643087,14.942002403519181,0.055457532120890954,0.055457532120890954,36.45985412597656,31.354261239751985,0.1400332779331389,0.8599667220668611,0.8695673893495853,0.8943556443556444,1.0,0.0538190628434409,212233.3860149536,205471.87459403294,2263526.534523809,16668583.556267565
1,full_raw_coordinates,validation,case_29,400360,2.150298171873095,2.508871052405823,-4.002225326067517,2.14344022192921,4.15485846563227,3.4153765337749658,2.033673969191559,4.17711419112077,3.50241869688034,7.147276185829024,1.0406686933790115,0.0,5.4425946283340405,11.089233414609025,1.0374902361602854,0.0,12.888184547424316,28.72187838078788,1.228543382126531,2.228543382126531,0.5826256369267659,0.5721778221778222,0.9455544455544456,0.0017684084324108302,860893.3760911124,2520039.579264696,814201.7103055326,2159604.52317288
1,full_raw_coordinates,validation,case_45,400360,0.7433540259164944,1.1389342104187954,0.8738290425350523,-0.13319427096455552,3.0184973648223687,-2.114142350226629,5.207303312044021,5.074109041079465,10.862130212783812,9.590487170888702,0.11707123897285762,0.11707123897285762,15.904301156997667,14.226856412867551,0.10547113812618314,0.10547113812618314,36.334930419921875,27.459012930941824,0.2442805693144667,0.7557194306855333,0.7709061844340094,0.7654845154845155,0.9555444555444556,0.053194624837646115,297609.2178159277,519335.43587375246,2084795.9540099443,14972289.90461304
1,full_raw_coordinates,validation,case_51,400360,1.9929076347434593,2.287255131721771,-0.45813456974187194,1.9582385768606207,4.096300564628312,3.523605274686268,3.495074740730534,5.453313317591156,6.196873641014097,9.531955438028747,0.538187800851927,0.0,9.536471252441398,14.405742410738167,0.5105946454827517,0.0,19.359146118164062,28.505198270864437,0.4724408864355297,1.4724408864355298,0.7095613947447298,0.8301698301698301,0.9992507492507493,0.02706314317114597,797880.5006458914,2094497.7680085618,1399288.1231988766,6327039.392613842
1,full_raw_coordinates,validation,case_54,400360,0.666440049639583,0.8338125141682228,0.9184174386237927,-0.49021760523968017,1.46865015768015,-1.0321370288021388,5.355598113270859,4.865380508031177,9.406452131271362,8.754893790564525,0.06926717232108776,0.06926717232108776,14.854768409728997,13.530919294014186,0.08911947188942831,0.08911947188942831,33.38887405395508,30.325203708021405,0.0917572225101962,0.9082427774898038,0.8428414427015686,0.8878621378621379,1.0,0.05414626835847737,266815.93827370345,278347.61110457516,2144167.260629121,14895149.962829953
1,full_raw_coordinates,validation,case_60,400360,0.5480446268615324,0.7633006717649098,0.9402454640148125,-0.14216628961837344,1.640061029523708,-0.9483793350025294,5.622468909648277,5.480302620029905,9.96433162689209,9.599353549315195,0.036628455499401406,0.036628455499401406,15.850470104217512,14.859247044806152,0.062535877667604,0.062535877667604,36.91607666015625,30.161670251568967,0.18296652893987933,0.8170334710601207,0.8398940953142172,0.8808691308691309,1.0,0.053444400039964035,219415.14681028313,233260.91225629105,2251011.6526667844,16559895.004739292
1,full_raw_coordinates,validation,case_62,400360,0.8373084708493387,1.3108584913148402,0.07244872219703524,0.7724138300030323,3.428481576291944,2.8073289252977762,2.474723175269594,3.2471370052726276,4.507473468780517,7.1455552281625545,0.585268394290907,0.0,6.4952899599075264,10.452071555190562,0.6091770528654533,0.0,14.41285228729248,22.784876294709523,0.5808721161180904,1.5808721161180903,0.7015186332300929,0.4565434565434565,0.9802697302697303,0.04384054351084024,335224.8193892412,687958.5996952185,990780.1704509346,3193599.9834185
1,full_raw_coordinates,validation,case_81,400360,0.6741693198244986,0.9590728086574538,0.9114074395595042,-0.03390504117514466,1.9396547444497558,-1.2452120901747978,5.84957593964784,5.815670898472696,10.314814281463619,9.799227576088274,0.04998506917394402,0.04998506917394402,16.286035861968987,15.146087247557036,0.06999546262046183,0.06999546262046183,35.2658805847168,30.837303721363746,0.12557681220279146,0.8744231877972085,0.7780997102607653,0.8996003996003996,1.0,0.0528249575382156,269910.42888493626,368259.396357269,2341936.2231974094,17856109.41474756
1,full_raw_coordinates,validation,case_83,400360,0.5544198311223855,0.7482756801018597,0.9449354292629742,-0.3282418487450175,1.4422773766999848,-0.9400308752256367,5.771707437600671,5.443465588855652,10.300168991088865,9.869230406081794,0.04183801114136046,0.04183801114136046,16.17190748214708,15.218858485234442,0.058932379990718695,0.058932379990718695,37.063751220703125,30.673571091949505,0.1724105067159037,0.8275894932840963,0.8772604655809771,0.8931068931068931,1.0,0.05400139874113298,221967.52358815825,224168.16731039577,2310760.7897178046,17408040.681773167
1,full_raw_coordinates,validation,case_86,400360,0.6474222440311984,0.9097702781887687,0.8560825540865801,0.5277278555522493,1.8355873549038102,1.2576510478382947,4.475714650114444,5.003442505666693,7.60098669528961,9.05060937738318,0.19071506637314772,0.0,12.306284666061373,13.943854279359131,0.13306775015646236,0.0,24.116090774536133,30.337670829831488,0.25798460096462406,1.257984600964624,0.8120691377760016,0.8511488511488512,1.0,0.04196722949345589,259201.96962033058,331370.74913553504,1791897.1173198188,10322525.946124662
1,full_raw_coordinates,validation,case_87,400360,0.747538656103182,1.1098919645233276,0.8781502398203473,0.0019803448214181754,2.761683514780538,-1.5320787798309523,5.09026258343684,5.092242928258258,10.772640562057495,10.088437717804272,0.06351301153248032,0.06351301153248032,15.996327209472646,14.8195866053257,0.07356317414225613,0.07356317414225613,34.780033111572266,27.434187523860466,0.211208700237483,0.788791299762517,0.7936856828854031,0.6693306693306693,0.9458041958041958,0.053671695474073335,299284.57635746995,493187.5388276294,2037937.5279047734,14421142.352911664
1,full_raw_coordinates,validation,case_101,400360,0.6647062711148947,0.8393554613271356,0.9327589515695285,-0.48669844183260363,1.5126233310140793,-1.1021453350902346,5.892952550035133,5.40625410820253,10.397786188125611,9.774853985756142,0.05991008000153579,0.05991008000153579,16.382473373413045,15.233458382561498,0.07013684470357649,0.07013684470357649,37.050594329833984,31.114227274970574,0.16022326125233874,0.8397767387476612,0.8721650514536917,0.9055944055944056,1.0,0.05426116495154361,266121.8027035592,282060.6625164409,2359302.482932066,18098026.538970944
1,full_raw_coordinates,validation,case_120,400360,0.6177630519983496,0.795178359206952,0.9388508781829535,-0.4253817710120675,1.335379121279149,-0.8951913635780921,5.849380987685487,5.42399921667342,10.294800615310661,9.855120838230567,0.042708916229634665,0.042708916229634665,16.261321811676016,15.26484863220794,0.061278731889592424,0.061278731889592424,36.66416549682617,31.56522737407871,0.13907143538256314,0.8609285646174368,0.8839044859626336,0.903096903096903,1.0,0.05423368967928864,247327.61549805923,253151.08028468656,2341858.1722297617,17838317.90270544
1,full_raw_coordinates,validation,case_145,400360,0.8216654980775309,1.0474530472399262,0.7979226307049653,0.7228342794922449,1.7384910100848971,1.237948658143347,4.284758478472041,5.007592757964285,7.399078512191771,8.563236835327386,0.1573382849252623,0.0,11.438420429229723,13.390561229134388,0.1706652428088906,0.0,25.100421905517578,27.640686835189552,0.10120407295279656,1.1012040729527965,0.7781496653012289,0.8356643356643356,1.0,0.04375811769407533,328961.9988103203,439258.13130790484,1715445.904441066,9523984.02051085
1,full_raw_coordinates,validation,case_176,400360,0.5017391214470199,0.6864677811125705,0.9165344152655193,0.18239836880652557,1.1459698556617508,-0.24800912358630176,4.060998864911518,4.243397233718044,7.827819538116455,8.06523818543693,0.030330112512737293,0.0,11.872080402374266,11.735856144550857,0.011474337538698446,0.011474337538698446,27.17892074584961,25.913548320602573,0.04655712554150139,0.9534428744584986,0.7941352782495754,0.8269230769230769,1.0,0.052010690378659206,200876.2746625289,188664.8514874684,1625861.5055559753,8863012.667989213
1,full_raw_coordinates,internal_test,case_06,400360,0.6084780929648816,0.830318322031819,0.9326335533610953,0.02010792907646151,1.3917665402964026,-0.6097068486138443,5.917631487748422,5.937739416824882,10.134570455551147,10.078405342710242,0.005541933236069276,0.005541933236069276,15.962084121704066,15.379147773116054,0.03652006493283531,0.03652006493283531,32.9944953918457,29.944102008589862,0.09245158463643965,0.9075484153635603,0.8117694075332201,0.9063436563436563,1.0,0.050936657008692175,243610.28929942,276019.60062641883,2369182.942434958,18117237.60923312
1,full_raw_coordinates,internal_test,case_28,400360,0.49015386030893876,0.6935839221282076,0.9478482131384607,-0.14782696572535006,1.3556721617756493,-0.6642681994178145,5.5266866433473245,5.378859677621974,9.724851751327513,9.622565371159132,0.010518040046668958,0.010518040046668958,15.672686471939013,14.874621711143476,0.05092073794906975,0.05092073794906975,36.075843811035156,30.80219119796321,0.14618237734632836,0.8538176226536717,0.8726646018583275,0.8883616383616384,1.0,0.05409131781396743,196237.99951328672,192596.64393043157,2212664.264530535,15921703.859572133
1,full_raw_coordinates,internal_test,case_57,400360,0.6675699224320005,0.9607697466231417,0.8939475978451883,-0.30009719352535874,2.3429321916627868,-1.9534122815715314,5.400399450375989,5.1003022568506315,9.728502988815302,8.539842722074754,0.12218326582282302,0.12218326582282302,14.611289510726927,12.456907239271027,0.14744641599731856,0.14744641599731856,32.06071853637695,27.966888989495153,0.12768988761860814,0.8723101123813919,0.7310420621440703,0.8776223776223776,1.0,0.05316465181336797,267268.2941448757,369563.71067268786,2162103.923952531,15160952.23359229
1,full_raw_coordinates,internal_test,case_66,400360,0.7865420367059881,1.0450615685772964,0.8560238173209097,0.0933478861739639,1.9038597701386215,-0.7662297643666515,3.3097094398571456,3.4030573260311083,8.640856552124024,8.18304501950948,0.05298219335697785,0.05298219335697785,14.484742507934437,14.183613172201996,0.020789415867592274,0.020789415867592274,22.389339447021484,24.1366490623457,0.07804203511491561,1.0780420351149156,0.8329503446897792,0.8499000999000998,1.0,0.04596363273054251,314899.9698156094,437254.6481724579,1325075.2713412067,7422607.059131721
1,full_raw_coordinates,internal_test,case_71,400360,0.5387359131349946,0.7543751666814428,0.9020883247616351,0.04336155584590385,1.1011418510797955,0.19436091142891732,4.549803349447659,4.593164905293562,7.7705615758895865,8.234989265125835,0.05976758368111635,0.0,12.114842939376807,12.067379648979097,0.003917780084745485,0.003917780084745485,25.56398582458496,27.857087847255205,0.08970048874244645,1.0897004887424464,0.8068238585273254,0.8711288711288712,1.0,0.05249525427115596,215688.31018272642,227837.62632341989,1821559.2689848647,10614707.437531048
1,full_raw_coordinates,internal_test,case_82,400360,0.5200051165589845,0.7023521666924328,0.9458862924205427,-0.2824643809152595,1.1825072350645491,-0.5581810674760361,5.501570875476665,5.219106494561404,9.606270885467529,9.549725752488115,0.005886273003705952,0.005886273003705952,15.515425043106074,14.79959828414664,0.04613645820018931,0.04613645820018931,34.473167419433594,30.0892883759706,0.1271678633449755,0.8728321366550245,0.8767109601358777,0.8918581418581418,1.0,0.05286741932260965,208189.24846555502,197497.0139068027,2202608.9157058373,15767476.08115845
1,full_raw_coordinates,internal_test,case_93,400360,0.5026023276579766,0.6748377163495957,0.946962584460262,-0.15801994266270628,0.9386060526860873,0.027282194506887687,5.478692639531607,5.3206726968689,9.250488615036007,9.596290761215982,0.03738204116244184,0.0,14.655003519058223,14.60186674174443,0.0036258454148230075,0.0036258454148230075,30.175100326538086,30.858836230300103,0.02265894384320213,1.022658943843202,0.8626236387251474,0.8838661338661339,1.0,0.051558597262463784,201221.86790114755,182326.32350280177,2193449.385162874,15454927.461751582
1,full_raw_coordinates,internal_test,case_98,400360,0.7959286762374154,1.034231236861784,0.9050163798672384,-0.5660799051277747,1.8360712229242824,-1.3662663621028288,6.260926460286945,5.6948465551591685,10.456711626052856,9.82015489077039,0.06087542222131172,0.06087542222131172,16.65958471298217,15.017944126199705,0.09854030668022583,0.09854030668022583,34.968265533447266,30.76700703870529,0.12014489225161759,0.8798551077483824,0.8447896892796484,0.903096903096903,1.0,0.051661005095414124,318658.0048184116,428238.7688507305,2506624.5176404812,20202345.646022253
1,full_raw_coordinates,internal_test,case_102,400360,0.8087940302842597,1.1554573544400621,0.8054459132172844,-0.6485867154040039,3.1314044500314817,-2.501395166513775,3.561208677776423,2.9126219623724188,8.40616006851196,6.931672408327617,0.17540561304649938,0.17540561304649938,14.098538675308209,10.996777409593529,0.22000586990955448,0.22000586990955448,24.8814754486084,20.893877273367696,0.16026373449906184,0.8397362655009382,0.8227095613947447,0.6126373626373627,0.9995004995004995,0.054161254870616446,323808.7779646062,534513.3085831057,1425765.5062345688,7824824.903724942
1,full_raw_coordinates,internal_test,case_117,400360,0.6736088603077945,0.8661410182482234,0.9003148904702756,-0.24648120169017723,1.2987432332473443,-0.18839333893100935,5.137139844130944,4.890658642440766,8.875784015655517,9.128831329379972,0.028509854822753502,0.0,13.745235443115213,13.617945262311073,0.009260676641803018,0.009260676641803018,30.055034637451172,28.96817266880474,0.03616239281561524,0.9638376071843847,0.7949845139374563,0.8364135864135864,1.0,0.05218553302028175,269686.04331282864,300350.1774916849,2056705.307996265,13578572.17672394
1,full_raw_coordinates,internal_test,case_147,400360,0.4966757422331392,0.660215537772309,0.9375898250847947,-0.3098477366108377,1.3353163403393782,-1.0207792062535253,4.797992291013543,4.488144554402707,8.369614458084104,7.912125613052491,0.054660683275527776,0.054660683275527776,13.121011762619016,12.024626542116106,0.083559502905595,0.083559502905595,29.499116897583008,27.322253722142204,0.07379418112747518,0.9262058188725248,0.8357977819962035,0.8778721278721279,1.0,0.052627635128384455,198849.1001604596,174510.7409666654,1920924.1936301822,12012770.016969586
1,full_raw_coordinates,internal_test,case_159,400360,0.3842763703839446,0.5690994999210063,0.9447780954474663,-0.01929843495440821,1.1954642546948508,-0.7360461976450825,4.308228827876949,4.2889303929225395,7.735206508636474,7.639062024248919,0.012429465752492578,0.012429465752492578,12.345149745941162,11.360626061898195,0.07974983732916315,0.07974983732916315,27.970979690551758,27.1291636383095,0.03009605174918535,0.9699039482508146,0.8303027275452093,0.8526473526473527,1.0,0.05168098711159956,153848.88764691606,129666.2910508275,1724842.4935288155,9779111.391040415
1,full_raw_coordinates,internal_test,case_196,400360,0.4295130072472704,0.5982485351675789,0.9488677770468358,-0.13877414254418347,1.1554523607444565,-0.781443332071985,4.721619437764037,4.582845295219852,8.420341682434081,8.06576749144899,0.042109240260971785,0.042109240260971785,13.27775411605834,12.576954160007547,0.05278000706484186,0.05278000706484186,29.805959701538086,27.68477403687644,0.0711664944159535,0.9288335055840465,0.8543311020081926,0.8843656343656343,1.0,0.05234039364571885,171959.82758151717,143289.3684036004,1890347.5581032098,11727831.892893458
1,full_raw_coordinates,internal_test,case_197,400360,0.4764645517539058,0.6502216131771992,0.9305318263224482,0.24803805909739643,0.9799020385386373,-0.1362329167239572,4.335292672210596,4.583330731307993,7.936916875839233,8.284333979257458,0.04377229960361518,0.0,12.379508867263791,12.294127132007558,0.006897021212369341,0.006897021212369341,27.07880973815918,26.86441937766891,0.00791727415508052,0.9920827258449195,0.8294035368168649,0.8671328671328671,1.0,0.05212308921970227,190757.34794019372,169267.4622297511,1735677.7742462344,9961289.997120844
1,full_raw_coordinates,internal_test,case_199,400360,0.5791990668135094,0.7914528987489367,0.9144378533826063,-0.20478384256064566,1.634779844977047,-1.1259293568618711,4.738719716338008,4.533935873777362,8.71670413017273,8.289832228034788,0.048971709463021845,0.048971709463021845,13.672717103958115,12.59264260222604,0.07899486938257541,0.07899486938257541,29.847414016723633,27.300668512872495,0.08532549930202281,0.9146745006979772,0.7871915276251373,0.8364135864135864,1.0,0.05117144569887102,231888.1383894566,250784.57954397553,1897193.8256330849,11921292.318331864
1,full_periodic_coordinates,validation,case_18,400360,0.5357034832516409,0.7192209902103532,0.9465032367052645,-0.26748794049088426,1.3909119644889716,-0.8073931031273371,5.653727981126508,5.3862400406356254,9.915027427673339,9.592191164501905,0.032560299558060876,0.032560299558060876,15.819301843643087,14.978861947318766,0.053127496057106226,0.053127496057106226,36.45985412597656,31.676456667735213,0.13119628624167537,0.8688037137583247,0.8699170746328304,0.8923576423576424,1.0,0.05377410330702368,214474.24655462694,207097.7534834577,2263526.534523809,16668583.556267565
1,full_periodic_coordinates,validation,case_29,400360,2.1715996699987747,2.5348843545570374,-4.106494533533213,2.1646082593683587,4.233798186379514,3.5134728699676536,2.033673969191559,4.1982822285599175,3.50241869688034,7.220478532905502,1.0615692062564925,0.0,5.4425946283340405,11.14530013217377,1.0477917047416239,0.0,12.888184547424316,28.731373845947125,1.2292801395126707,2.2292801395126705,0.5855729843141173,0.5736763236763237,0.9488011988011988,0.002105604955540014,869421.6438807094,2572568.706319971,814201.7103055326,2159604.52317288
1,full_periodic_coordinates,validation,case_45,400360,0.7525677995899259,1.145132295752647,0.872452060040982,-0.11630004056170462,3.0091733189963046,-2.1174333515480415,5.207303312044021,5.091003271482318,10.862130212783812,9.5495416190257,0.12084080820659897,0.12084080820659897,15.904301156997667,14.305993922975489,0.10049528226639153,0.10049528226639153,36.334930419921875,27.459463371208173,0.24426817242086754,0.7557318275791325,0.7627135577979818,0.7582417582417582,0.9560439560439561,0.05327954840643421,301298.04424382275,525003.2679812104,2084795.9540099443,14972289.90461304
1,full_periodic_coordinates,validation,case_51,400360,1.9975306200179346,2.2916224176396707,-0.46370821135434714,1.9628333695510092,4.085834738421848,3.512330611909595,3.495074740730534,5.457908110281544,6.196873641014097,9.518329136313135,0.5359889014544265,0.0,9.536471252441398,14.45887738666952,0.5161664103971324,0.0,19.359146118164062,28.39830750177799,0.46691942549742793,1.466919425497428,0.7078129683285044,0.8244255744255744,0.9992507492507493,0.025856728943950445,799731.3590303803,2102503.874001286,1399288.1231988766,6327039.392613842
1,full_periodic_coordinates,validation,case_54,400360,0.6616355887693238,0.8368315218353424,0.9178255927022535,-0.47247467033743046,1.467689186287069,-1.0233572927952164,5.355598113270859,4.883123442933428,9.406452131271362,8.780389614332218,0.06655671109597466,0.06655671109597466,14.854768409728997,13.548417035330923,0.08794155104717025,0.08794155104717025,33.38887405395508,30.53364365743982,0.08551442591029931,0.9144855740897007,0.8408931961234889,0.8878621378621379,1.0,0.054463482865421124,264892.4243196865,280366.90169343946,2144167.260629121,14895149.962829953
1,full_periodic_coordinates,validation,case_60,400360,0.557113877859523,0.7690363493678838,0.9393440618112743,-0.15632017513639723,1.6437570290241887,-0.9762990600139265,5.622468909648277,5.466148734511881,9.96433162689209,9.558851527280524,0.040693155827656514,0.040693155827656514,15.850470104217512,14.87075487827054,0.061809852925831396,0.061809852925831396,36.91607666015625,30.22668708439517,0.18120532247623647,0.8187946775237636,0.8400439604356079,0.8761238761238761,1.0,0.05356678988909981,223046.11213983863,236779.67274602642,2251011.6526667844,16559895.004739292
1,full_periodic_coordinates,validation,case_62,400360,0.7981751768398083,1.2888945146902537,0.10327132903791558,0.7173533613545862,3.431493991910639,2.7530005589126385,2.474723175269594,3.192076536624181,4.507473468780517,7.105553494124052,0.5763938586301737,0.0,6.4952899599075264,10.448400630551314,0.6086118856963343,0.0,14.41285228729248,23.24745306598643,0.6129668578150377,1.6129668578150376,0.6900289739234688,0.45854145854145856,0.9725274725274725,0.04606604056349286,319557.41379958566,665097.6776646494,990780.1704509346,3193599.9834185
1,full_periodic_coordinates,validation,case_81,400360,0.6789903197119304,0.9589635710601048,0.9114276196484833,-0.03526812497359013,1.9241802149051592,-1.226410806692839,5.84957593964784,5.814307814674251,10.314814281463619,9.793741048085439,0.05051697676366138,0.05051697676366138,16.286035861968987,15.188994074681519,0.06736088490688337,0.06736088490688337,35.2658805847168,31.038069254905654,0.11988390080477256,0.8801160991952275,0.7760515536017584,0.9003496503496503,1.0,0.053004795683884505,271840.5643998684,368175.51225516276,2341936.2231974094,17856109.41474756
1,full_periodic_coordinates,validation,case_83,400360,0.5573572793956,0.750557027065989,0.9445991551003409,-0.33257149725594,1.432292958055826,-0.9335470203127816,5.771707437600671,5.439135940344728,10.300168991088865,9.851483380843076,0.04356099503163172,0.04356099503163172,16.17190748214708,15.29038986789603,0.054509192265921554,0.054509192265921554,37.063751220703125,31.28206707763825,0.1559929568012893,0.8440070431987107,0.8790588470376661,0.8963536463536463,1.0,0.05400889199720252,223143.5603788224,225537.14125757047,2310760.7897178046,17408040.681773167
1,full_periodic_coordinates,validation,case_86,400360,0.64647926366963,0.910812042309759,0.8557527700184718,0.5259918715195055,1.8370671578691644,1.2762368631610772,4.475714650114444,5.00170652163395,7.60098669528961,9.03528392610512,0.18869882139174837,0.0,12.306284666061373,14.010936664936269,0.13851881742797925,0.0,24.116090774536133,29.89748793822124,0.23973193739134574,1.2397319373913458,0.8143670696373264,0.8526473526473527,1.0,0.04123788590268758,258824.4380027731,332130.0788540996,1791897.1173198188,10322525.946124662
1,full_periodic_coordinates,validation,case_87,400360,0.7620371473288768,1.1141115514986986,0.8772219818711063,0.006977669375958168,2.696442329370614,-1.501415002419311,5.09026258343684,5.0972402528127985,10.772640562057495,10.090663466135373,0.06330640031972523,0.06330640031972523,15.996327209472646,14.834459599245518,0.0726333985928406,0.0726333985928406,34.780033111572266,27.632364830898407,0.20551068073295292,0.7944893192670471,0.7985812768508342,0.6728271728271729,0.9547952047952047,0.053494355080427616,305089.19230458915,496944.6677108407,2037937.5279047734,14421142.352911664
1,full_periodic_coordinates,validation,case_101,400360,0.6671093655031987,0.8425645299525484,0.9322438095544799,-0.49151638525464814,1.5055189183575328,-1.0974776648159816,5.892952550035133,5.4014361647804865,10.397786188125611,9.74937181760239,0.06236081015627329,0.06236081015627329,16.382473373413045,15.329057186288082,0.06430141304758913,0.06430141304758913,37.050594329833984,31.588445252309928,0.14742406097183194,0.8525759390281681,0.8707163552802478,0.9040959040959041,1.0,0.054078829053851536,267083.9055728606,284221.5642490318,2359302.482932066,18098026.538970944
1,full_periodic_coordinates,validation,case_120,400360,0.6204289062412449,0.7980419814183334,0.9384096607285352,-0.43182621139732674,1.3335481657308215,-0.8972269073047199,5.849380987685487,5.417554776288159,10.294800615310661,9.827990067373793,0.04534430198119785,0.04534430198119785,16.261321811676016,15.337343294854044,0.056820627961407986,0.056820627961407986,36.66416549682617,31.758850707370062,0.13379043878363298,0.866209561216367,0.88385453092217,0.9045954045954046,1.0,0.054256169447497254,248394.9169027448,254977.675203918,2341858.1722297617,17838317.90270544
1,full_periodic_coordinates,validation,case_145,400360,0.8189562678269113,1.0433377225147311,0.7995073897310964,0.7213796702103369,1.7013921497001647,1.2128824502027624,4.284758478472041,5.006138148682378,7.399078512191771,8.547739222386001,0.15524375208365931,0.0,11.438420429229723,13.335424103522977,0.16584489843070058,0.0,25.100421905517578,27.977512521534607,0.11462319744452526,1.1146231974445253,0.7779998001798382,0.8459040959040959,1.0,0.04211709461484664,327877.33138718223,435813.32058605034,1715445.904441066,9523984.02051085
1,full_periodic_coordinates,validation,case_176,400360,0.49738914183693966,0.6869510924737227,0.916416845097689,0.14851428610831388,1.1610736848883145,-0.2838967179881375,4.060998864911518,4.209513151019831,7.827819538116455,8.052411321366879,0.0286914870937949,0.0,11.872080402374266,11.702274719178291,0.014302942486981109,0.014302942486981109,27.17892074584961,26.385626440962533,0.02918785158193663,0.9708121484180634,0.7931361774403037,0.8254245754245755,1.0,0.05208562293935458,199134.71682583715,188930.60602957872,1625861.5055559753,8863012.667989213
1,full_periodic_coordinates,internal_test,case_06,400360,0.6112244427636722,0.8327602511732629,0.9322367272657888,0.010003448579575481,1.3815791327791558,-0.6047447311069257,5.917631487748422,5.927634936327997,10.134570455551147,10.061764657035578,0.007183905705218132,0.007183905705218132,15.962084121704066,15.427506521372726,0.033490463792535806,0.033490463792535806,32.9944953918457,30.005344421403716,0.0905954443291995,0.9094045556708005,0.8124687780997103,0.9108391608391608,1.0,0.05101908282545709,244709.8179048638,277645.5106425987,2369182.942434958,18117237.60923312
1,full_periodic_coordinates,internal_test,case_28,400360,0.4928369586584558,0.6957265447348329,0.9475255003700112,-0.14730227423573808,1.3502337239638158,-0.6547182761360123,5.5266866433473245,5.3793843691115875,9.724851751327513,9.610022098533372,0.011807856379760825,0.011807856379760825,15.672686471939013,14.92884276510297,0.04746114893371017,0.04746114893371017,36.075843811035156,31.014559080458756,0.14029567144949817,0.8597043285505018,0.8704166250374663,0.8893606393606394,1.0,0.05437855929663303,197312.20476849936,193788.42277248527,2212664.264530535,15921703.859572133
1,full_periodic_coordinates,internal_test,case_57,400360,0.6785251431837243,0.9693981849797318,0.8920341828721655,-0.29835581133878514,2.3427994241112495,-1.9415566320874011,5.400399450375989,5.1020436390372055,9.728502988815302,8.54518461767799,0.12163416843246634,0.12163416843246634,14.611289510726927,12.443046609643195,0.14839504066303721,0.14839504066303721,32.06071853637695,27.844363762986756,0.13151154951833682,0.8684884504816631,0.7291937256469178,0.8736263736263736,1.0,0.053082225996603054,271654.3263250358,376231.4402395745,2162103.923952531,15160952.23359229
1,full_periodic_coordinates,internal_test,case_66,400360,0.7506359378194428,1.0100672010018228,0.8655045977497622,0.05616817312239073,1.9149306276024345,-0.789950782849563,3.3097094398571456,3.365877612979535,8.640856552124024,8.102810007620269,0.062267732516806715,0.062267732516806715,14.484742507934437,14.236450536769208,0.01714162133218586,0.01714162133218586,22.389339447021484,24.24177194172,0.08273725533894434,1.0827372553389443,0.8327505245279249,0.8396603396603397,1.0,0.04592117094614847,300524.6040653921,408461.5850860569,1325075.2713412067,7422607.059131721
1,full_periodic_coordinates,internal_test,case_71,400360,0.5264320080180199,0.7421887746826077,0.9052261599965141,0.0399850129795617,1.1100362231451486,0.15343736955618492,4.549803349447659,4.589788362427222,7.7705615758895865,8.196818837148285,0.05485539971541892,0.0,12.114842939376807,11.990756751598319,0.010242492486235323,0.010242492486235323,25.56398582458496,28.124295649052787,0.10015299812932803,1.100152998129328,0.8033769607353382,0.8671328671328671,1.0,0.05241033070236787,210762.31873009444,220535.97480976357,1821559.2689848647,10614707.437531048
1,full_periodic_coordinates,internal_test,case_82,400360,0.5202742025679632,0.7010759097412921,0.9460827757544233,-0.28692622217222413,1.1690361705901664,-0.5588863867531824,5.501570875476665,5.2146446533044415,9.606270885467529,9.536094532989615,0.00730526479157246,0.00730526479157246,15.515425043106074,14.861172165217233,0.04216789911144218,0.04216789911144218,34.473167419433594,30.306324211567702,0.12087207297107584,0.8791279270289242,0.8754121290838246,0.8936063936063936,1.0,0.05299730242781497,208296.97974010973,196779.91516307116,2202608.9157058373,15767476.08115845
1,full_periodic_coordinates,internal_test,case_93,400360,0.5044145171104599,0.6785258773054015,0.9463812741652151,-0.1540603759865821,0.9434379417080273,0.026913818450998925,5.478692639531607,5.324632263545025,9.250488615036007,9.585093872838348,0.0361716306810501,0.0,14.655003519058223,14.628535966371983,0.0018060420559995209,0.0018060420559995209,30.175100326538086,30.964246154816326,0.02615221887379146,1.0261522188737915,0.859426516135478,0.8853646353646354,1.0,0.051483664701768406,201947.39607034373,184324.68952104822,2193449.385162874,15454927.461751582
1,full_periodic_coordinates,internal_test,case_98,400360,0.8108652858018149,1.0471281139746706,0.9026327158155222,-0.5798375869360594,1.82713087173063,-1.368570181344323,6.260926460286945,5.681088873350885,10.456711626052856,9.793222975619075,0.06345098479915055,0.06345098479915055,16.65958471298217,15.037004546195838,0.09739619532784137,0.09739619532784137,34.968265533447266,30.981511817384114,0.1140106223527103,0.8859893776472897,0.843041262863423,0.9010989010989011,1.0,0.05163103207113598,324638.0258236146,438985.6466538077,2506624.5176404812,20202345.646022253
1,full_periodic_coordinates,internal_test,case_102,400360,0.8247277933859761,1.1703413034031516,0.8004013588924144,-0.6535473839099128,3.142325917500366,-2.5034775824907336,3.561208677776423,2.907661293866511,8.40616006851196,6.904362808047594,0.17865437348615837,0.17865437348615837,14.098538675308209,10.965641591314105,0.22221431285506016,0.22221431285506016,24.8814754486084,21.137687926734674,0.1504648520384715,0.8495351479615285,0.824358077730043,0.6148851148851149,1.0,0.053928963932460786,330188.0193600094,548372.5981364775,1425765.5062345688,7824824.903724942
1,full_periodic_coordinates,internal_test,case_117,400360,0.6872329966649411,0.8809158825924308,0.8968849733173933,-0.26335520571152515,1.329567562427578,-0.24812137479646543,5.137139844130944,4.873784638419419,8.875784015655517,9.088285348299431,0.023941697124343513,0.0,13.745235443115213,13.58355712840713,0.011762498749271414,0.011762498749271414,30.055034637451172,28.425723097955323,0.05421093534410988,0.9457890646558901,0.7967828953941453,0.8194305694305695,1.0,0.052362873413927466,275140.6025447758,310684.4814866339,2056705.307996265,13578572.17672394
1,full_periodic_coordinates,internal_test,case_147,400360,0.49612040284015213,0.6594544570802172,0.9377336320643124,-0.3116013787597178,1.312843139421236,-1.0071772266195036,4.797992291013543,4.486390912253826,8.369614458084104,7.9115352844454305,0.05473121562920033,0.05473121562920033,13.121011762619016,12.094560536574141,0.07822957898484427,0.07822957898484427,29.499116897583008,27.39701380509748,0.07125986516083682,0.9287401348391632,0.8358976920771306,0.8763736263736264,1.0,0.053042261964232194,198626.76448108332,174108.62925033228,1920924.1936301822,12012770.016969586
1,full_periodic_coordinates,internal_test,case_159,400360,0.3908272008168794,0.5788811173302602,0.9428634859867984,-0.027402218217423786,1.2180637421862295,-0.7672190976345172,4.308228827876949,4.280826609659527,7.735206508636474,7.640038550688377,0.012303221360908775,0.012303221360908775,12.345149745941162,11.380404581597423,0.07814770854933761,0.07814770854933761,27.970979690551758,27.042704521705804,0.03318708100737398,0.966812918992626,0.8211609551403737,0.8484015984015985,1.0,0.05184583874512939,156471.57811904582,134161.97640589272,1724842.4935288155,9779111.391040415
1,full_periodic_coordinates,internal_test,case_196,400360,0.4267975097554527,0.5933203483298116,0.9497067301874359,-0.13672610362650925,1.1307327872023216,-0.7657548953619951,4.721619437764037,4.584893334137526,8.420341682434081,8.078723541982482,0.040570579358348215,0.040570579358348215,13.27775411605834,12.54982431509468,0.05482326262415787,0.05482326262415787,29.805959701538086,27.941357478179675,0.0625580334278648,0.9374419665721352,0.8574283145169348,0.8948551448551448,1.0,0.05293985413128185,170872.65100569304,140938.3447497508,1890347.5581032098,11727831.892893458
1,full_periodic_coordinates,internal_test,case_197,400360,0.475130611626533,0.649319076199344,0.9307245424078893,0.23598648608405054,0.964037568638278,-0.12607838875957958,4.335292672210596,4.571279158294646,7.936916875839233,8.30310952401859,0.046137896352938156,0.0,12.379508867263791,12.267032864287962,0.009085659550942166,0.009085659550942166,27.07880973815918,26.891576795746808,0.0069143712084407186,0.9930856287915593,0.8287541212908383,0.8763736263736264,1.0,0.05246278349485463,190223.29167079873,168797.8865811257,1735677.7742462344,9961289.997120844
1,full_periodic_coordinates,internal_test,case_199,400360,0.5946551844106296,0.801640177724686,0.912221031125211,-0.2224695888374143,1.6124509286793836,-1.1224161302151607,4.738719716338008,4.5162501275005935,8.71670413017273,8.289455724834882,0.04901490276111747,0.04901490276111747,13.672717103958115,12.568760237490247,0.08074158618759718,0.08074158618759718,29.847414016723633,27.23447488622534,0.08754323336133084,0.9124567666386691,0.7898391447697073,0.8396603396603397,1.0,0.05109651313817564,238076.14963063964,257282.13552782178,1897193.8256330849,11921292.318331864
2,physical_only,validation,case_39,400360,5.582584589165752,6.42481490655302,-9.146927111694367,4.954698649865125,4.842224122106393,-2.3822954185957324,3.087728669230164,8.042427319095287,6.646077251434326,13.084712304686645,0.9687872725016494,0.0,10.974815073013293,14.131550104837123,0.2876344622504061,0.0,22.030895233154297,18.42057682000141,0.16387524768942285,0.8361247523105771,0.009591367769007892,0.0,0.0,0.02044160255769807,2235043.5661184005,16526158.802156402,1236203.0500129885,5445745.664773294
2,physical_only,validation,case_47,400360,1.8146826462567676,2.460498886594841,0.24061069954843117,0.42349258273692986,4.565317343483178,-3.1101477998023657,5.241447492183958,5.664940074920886,9.033231782913207,9.751856130806237,0.07955340515587596,0.0,14.435490150451656,12.942016936815712,0.10345843459906463,0.10345843459906463,29.597883224487305,14.39935243271909,0.5135005999075626,0.48649940009243736,0.3205115396143471,0.19005994005994006,0.5716783216783217,0.057488260565491056,726526.3442553595,2423801.3680913174,2098465.917970769,14190776.00859728
2,physical_only,validation,case_63,400360,2.340276128267306,3.215699101967777,-0.6194958876170877,-0.545651215617455,8.505532879788438,-7.508849087288938,3.589908255421658,3.044257039804204,8.285945415496824,7.309603053863815,0.1178311360592602,0.1178311360592602,13.304288787841797,7.633220162568096,0.42625868362510594,0.42625868362510594,25.949066162109375,11.247920283489936,0.5665385330931846,0.4334614669068154,0.04416025576980717,0.0,0.0,0.10840243780597462,936952.9507130985,4140010.9452157305,1437255.669140615,7715973.792316836
2,physical_only,validation,case_69,400360,1.8067602907101459,2.4149849576543794,0.3615774959591873,0.03485564444682852,5.349345986990489,-4.183797938850577,5.590349281239787,5.6252049256866155,9.673070669174193,9.279535606607233,0.04068357153856671,0.04068357153856671,15.407477064132683,12.371104290060712,0.19707138043647604,0.19707138043647604,32.95534896850586,14.441639133702573,0.5617816352816083,0.43821836471839165,0.2781496653012289,0.12112887112887114,0.50999000999001,0.035567988810070936,723354.549988714,2334960.5131232208,2238152.238237161,16169443.43154454
2,physical_only,validation,case_81,400360,3.317365702415337,4.461328170259857,-0.9170014370450741,2.3066466354139417,6.153409628675606,-4.6684202133412915,5.84957593964784,8.156222575061781,10.314814281463619,15.1909165671295,0.4727280736821941,0.0,16.286035861968987,18.46841392748447,0.13400302467783173,0.0,35.2658805847168,23.34381790289997,0.3380622427157965,0.6619377572842035,0.0011989209711259865,0.0,0.003996003996003996,0.05706863822559696,1328140.5326190044,7968544.858757056,2341936.2231974094,17856109.41474756
2,physical_only,validation,case_105,400360,1.661661922888166,2.236623747149182,-0.04019331599491305,1.165303751277867,3.249671426198473,-1.9214675180937155,4.1177261345419325,5.283029885819801,6.899764347076416,7.922697434440169,0.1482562354172563,0.0,10.9968593406677,10.453837588407525,0.0493797124649959,0.0493797124649959,24.234914779663086,11.450969393848139,0.527501148736974,0.472498851263026,0.24303127185533022,0.18581418581418582,0.4210789210789211,0.000359676291337796,665262.9674475061,2002795.2094077312,1648572.835225208,8713778.17665891
2,physical_only,validation,case_133,400360,1.4897954856533047,2.049498265454777,0.3435310983332901,0.7204335216947159,4.358588047715434,-3.171354225680417,4.494560615819249,5.214994137513965,8.05308094024658,7.846042255015389,0.025709251746928577,0.025709251746928577,12.81892926216123,10.443127962771005,0.18533539352643819,0.18533539352643819,28.935829162597656,10.787184492039458,0.6272032008682532,0.37279679913174674,0.31336796882805473,0.14985014985014986,0.4975024975024975,0.02583674692776501,596454.520636157,1681689.415571293,1799442.2881493943,10649422.287634764
2,physical_only,validation,case_143,400360,1.8351556253515537,2.3640438138077315,0.1105555014770182,1.1875231136849542,4.016521005733206,-2.7162409694548515,4.474318076376679,5.661841190061633,7.921590662002563,9.007649694134567,0.13710113012295572,0.0,12.536460180282564,10.21011978088483,0.18556597045285717,0.18556597045285717,29.560705184936523,12.56721400996283,0.5748675841344,0.42513241586559997,0.30497552203017286,0.12912087912087913,0.4178321678321678,0.017584174243181136,734722.906165748,2237493.194576339,1791337.9850581675,10530623.36365127
2,physical_only,validation,case_151,400360,1.8693353440204838,2.371870117139044,-0.2689719075071746,1.4413013593745418,3.317782850034159,-2.344956790402817,3.846295328628278,5.28759668800282,6.654342794418334,7.428927788315544,0.11640292930910202,0.0,10.317672529220548,8.745178782625173,0.1524077976057038,0.1524077976057038,23.825817108154297,11.056859468750996,0.5359294743781599,0.46407052562184015,0.17798980917174542,0.10739260739260739,0.2744755244755245,0.0018982915376161455,748407.098332041,2252332.4174578013,1539902.7977696173,7697847.87186607
2,physical_only,validation,case_157,400360,1.716741718310725,2.294073628648071,0.018549317072294014,1.1669592041621046,3.716802787500878,-2.4153802759986602,4.141123750788858,5.308082954950963,7.273385071754455,8.120795691639152,0.11650842235419945,0.0,11.7065015220642,11.046546686158225,0.056375069414385144,0.056375069414385144,26.843324661254883,12.902593454169455,0.5193369816521721,0.4806630183478278,0.24103307023678688,0.16808191808191808,0.45729270729270727,0.009031871315815766,687314.7143428818,2107004.1240363284,1657940.3048658273,9012562.259375302
2,physical_only,validation,case_165,400360,1.8441757937293801,2.689989413739472,-0.11628514300307224,0.6127220431882296,7.154154003706013,-5.980426178965781,3.916683115704931,4.529405158893161,8.25058135986328,7.956591446390949,0.03563263007168288,0.03563263007168288,13.54518896102898,9.491903233061802,0.2992417263154419,0.2992417263154419,26.689733505249023,10.898584256470134,0.5916563103064807,0.40834368969351936,0.19947047657108602,0.0024975024975024975,0.005994005994005994,0.05900689379558397,738334.2207774946,2897022.1939087426,1568083.252203626,8736920.126982423
2,physical_only,validation,case_171,400360,2.2686692747780506,3.0427829288342907,-0.0729584816813873,1.1843475629659312,4.313434751949701,-2.63733109785255,5.335408860563249,6.519756423529181,9.183458948135376,11.248120402049734,0.22482394330663064,0.0,14.578658542633027,12.950755227171214,0.11166345042661244,0.11166345042661244,33.82589340209961,14.395484535177467,0.5744241145665077,0.4255758854334923,0.17918873014287143,0.04220779220779221,0.30494505494505497,0.03139174742731542,908284.4308501403,3706744.2508648755,2136084.2914151023,14851578.007787077
2,physical_only,validation,case_180,400360,1.9186205764281234,2.6640652092054284,-0.14298030566512865,1.1249151441360643,3.6540504373236944,-2.4038169656931387,4.617005859716327,5.741921003852391,7.6927731275558475,9.177629097163653,0.19301959709288535,0.0,12.1202414035797,11.95029536451685,0.014021671137066366,0.014021671137066366,27.940109252929688,14.359455591604139,0.4860630120800811,0.5139369879199189,0.20246777899890098,0.11163836163836163,0.3971028971028971,0.022180037965830752,768138.9339787635,2841452.3831975088,1848464.4659960286,11020374.196065595
2,physical_only,validation,case_189,400360,1.4398560507724854,2.0115227100867177,0.36454578440318175,0.5468829513107162,4.503055053048733,-3.344919948472632,4.50395661685842,5.050839568169136,7.995612788200375,7.848537059285942,0.01839455371469235,0.01839455371469235,12.753865308761585,10.545271893023598,0.17317051437110118,0.17317051437110118,29.364471435546875,10.932833541546017,0.6276849877736473,0.37231501222635266,0.2951843340993106,0.10364635364635365,0.4458041958041958,0.022719552402837448,576460.7684872722,1619946.0857785956,1803204.071125437,10670825.610614894
2,physical_only,validation,case_194,400360,2.179401694668916,2.6646764979377067,-0.08640729397298452,1.5604252745204996,4.931154463648201,-4.00973128904854,4.4735464772618485,6.0339717517823495,8.246804285049436,8.436495210369396,0.023001749376282524,0.0,12.928755416870114,9.436136518120774,0.2701434736859504,0.2701434736859504,28.35040283203125,10.84251087151594,0.6175535516812586,0.3824464483187414,0.2599160755320212,0.04520479520479521,0.47677322677322675,0.033310020981116996,872545.2624776473,2842756.5157665424,1791029.0676365537,10628909.940717285
2,physical_only,internal_test,case_12,400360,1.7615491685546165,2.4077387862397304,0.41241388300202186,-0.028722733504590908,5.706315971061979,-4.41410118993874,5.6733454984825915,5.644622764978,10.082114791870117,9.65971543415553,0.041895908391679504,0.041895908391679504,16.142577419280983,12.674545440675777,0.21483756208986343,0.21483756208986343,36.23194885253906,15.204001573199793,0.5803703070160874,0.41962969298391267,0.32995304226196426,0.09315684315684315,0.6033966033966034,0.05471076031571585,705253.8251225263,2320969.419287863,2271380.6037724903,16836334.16889702
2,physical_only,internal_test,case_20,400360,1.8379323467478748,2.4839934747204455,0.3923111793580232,0.20319482422358282,5.41750849037385,-3.9829675286964537,5.788521283110883,5.991716107334465,10.149102687835692,10.537210371789,0.03824059090647278,0.0,16.289631748199415,12.899868793995674,0.20809328329834287,0.20809328329834287,36.26679992675781,14.257435740286704,0.6068736208024932,0.3931263791975068,0.3106204416025577,0.1550949050949051,0.5511988011988012,0.05662903386951743,735834.5943439791,2470310.7134711845,2317492.380906273,17479945.55924125
2,physical_only,internal_test,case_27,400360,1.8395565867207118,2.5279684980549497,0.039846340980887685,0.22186963078420377,4.268659587935762,-2.7617174750334623,4.916951870695414,5.138821501479618,8.11301689147949,9.789484734450712,0.2066392644556052,0.0,13.111589975357049,12.548867319704685,0.04291795706775369,0.04291795706775369,27.218610763549805,15.215267186226146,0.44099765713972844,0.5590023428602716,0.2432810470576481,0.03771228771228771,0.3886113886113886,0.05826755919672295,736484.8750595042,2558550.5157650565,1968550.850951616,12344000.055735279
2,physical_only,internal_test,case_42,400360,2.1843491120585616,3.031823199627088,-0.32045687186775074,0.6122510967575405,7.488770907896497,-6.80006720732738,4.11715438872547,4.729405485483012,8.91228380203247,8.547323528510672,0.04095025266571595,0.04095025266571595,13.76958976745605,9.640540569974958,0.29986726309304856,0.29986726309304856,24.76995849609375,12.450404678713037,0.4973586782280447,0.5026413217719553,0.02877410330702368,0.0,0.0,0.017624138275552002,874526.0105037658,3680089.8682077806,1648343.931070129,9573468.703283088
2,physical_only,internal_test,case_43,400360,2.434005595158441,3.3485388549240027,-0.5960503120386813,0.6824330107339528,7.8105861686266085,-7.1791240186942336,4.204806520399298,4.887239531133254,9.005365419387815,8.922534353315562,0.009197968346062194,0.009197968346062194,13.601225948333738,9.71586531058509,0.2856625316355867,0.2856625316355867,24.57630157470703,12.284967543528277,0.5001295249334227,0.49987047506657734,0.020981116994704764,0.003996003996003996,0.005994005994005994,0.016944749725247277,974478.4800776335,4489121.561660957,1683436.3385070632,9891168.235563483
2,physical_only,internal_test,case_68,400360,3.6684896667795166,4.657761640053645,-1.6255827102976705,2.5527208894549287,7.541835406280486,-6.716851784255027,4.470923505812859,7.023644395267789,9.673214769363403,11.893424550267406,0.22952139840167282,0.0,14.204864883422841,13.22419478744413,0.06903762225314503,0.06903762225314503,30.399791717529297,14.749564256074773,0.5148136410563038,0.4851863589436962,0.0,0.0,0.0,0.061984214207213506,1468716.5229918472,8685707.505880488,1789978.9347872362,11310965.499439059
2,physical_only,internal_test,case_84,400360,1.9993466243925901,2.702780976791842,0.2778829782178974,0.4173550051867851,5.2430419932453995,-3.6477004430518982,5.8500024248584594,6.267357430045244,10.052421236038205,11.104822362360027,0.10469130785615462,0.0,16.077098846435536,13.472761719514311,0.16199049043594294,0.16199049043594294,35.38292694091797,14.08658630154117,0.6018818249529555,0.39811817504704455,0.3031771405734839,0.07267732267732267,0.5574425574425574,0.05319212708562294,800458.4145418174,2924639.812406208,2342106.970816333,17751422.6822564
2,physical_only,internal_test,case_94,400360,1.672157081169701,2.3894713576953603,0.028427543696581736,0.6995370524931654,4.368952607245384,-3.441194557982836,4.538194797936468,5.2377318504296335,7.718307733535765,7.9108288116834995,0.024943431227966932,0.0,12.303719158172552,9.108364953716546,0.2597063671055546,0.2597063671055546,24.009641647338867,13.811049669024529,0.42477068704791393,0.5752293129520861,0.17499250674393046,0.13686313686313686,0.2937062937062937,0.0011989209711259865,669464.8090171015,2285884.794111532,1816911.6693018444,10598267.30129735
2,physical_only,internal_test,case_100,400360,1.8233346173397815,2.4635041107059568,0.3835676053879349,0.2034070754347908,5.5222826626803805,-4.080672266489968,5.697571016647155,5.900978092081946,10.016252183914181,10.193275219871527,0.017673580168203005,0.0,16.072310028076142,12.875781250176619,0.19888421591641908,0.19888421591641908,36.00269317626953,14.506471440994877,0.5970726031530181,0.4029273968469818,0.30847237486262363,0.10714285714285714,0.5504495504495505,0.05584973523828554,729990.2473981549,2429725.788287306,2281079.532224855,16938205.916138913
2,physical_only,internal_test,case_114,400360,1.7016435747467116,2.2104923800458307,-0.14422959711487326,1.2686048541607924,2.960485591388741,-1.7328064707769566,3.8466171109917005,5.115221965152492,6.512721204757687,7.446015319836786,0.14330325001434227,0.0,10.346745529174791,9.554502049732735,0.07656934030204592,0.07656934030204592,23.000751495361328,11.247920283489936,0.5109759659044898,0.4890240340955102,0.2632131082026176,0.1018981018981019,0.47952047952047955,0.0,681270.0215855935,1956269.6844586788,1540031.6265566372,7633594.826299871
2,physical_only,internal_test,case_124,400360,1.4343976419810525,2.007717103386489,0.4197430415903114,0.49044179286852674,4.809256798269453,-3.710661724783646,4.68614249334891,5.176584286217437,8.326841783523559,7.871347811197442,0.054701888683343254,0.054701888683343254,13.333128252029367,10.567821679162751,0.20740118302287555,0.20740118302287555,28.74965476989746,10.787184492039458,0.6247890773514867,0.3752109226485133,0.32255969627335396,0.1565934065934066,0.5377122877122877,0.031971225896692976,574275.4399435342,1613822.3209604567,1876144.0086371698,11573098.271248205
2,physical_only,internal_test,case_156,400360,1.4433981810883523,2.0214303822378596,0.4104477445407888,0.3901423357170071,4.867335884947249,-3.748456643105584,4.732292953646106,5.122435289363114,8.350664710998535,7.935479807257946,0.049718785043992395,0.049718785043992395,13.289695453643796,10.528047586422922,0.2078036985011331,0.2078036985011331,28.11277961730957,10.787184492039458,0.6162889390916868,0.3837110609083132,0.289989009891098,0.1660839160839161,0.4438061938061938,0.027135577979818165,577878.8957805327,1635943.341178204,1894620.8069217552,11740791.85297921
2,physical_only,internal_test,case_164,400360,1.7566236357622076,2.380535684928316,0.020804997006321546,1.0553188872455916,3.8631671386439916,-2.843741102083218,4.41744805846477,5.4727669457103625,7.523049545288086,8.201137898069081,0.09013477163734786,0.0,11.752422008514381,9.751290510572884,0.17027396535724462,0.17027396535724462,27.64034652709961,10.738643060517424,0.6114866704008626,0.3885133295991374,0.21061045059446498,0.11438561438561438,0.37162837162837165,0.012189029873114198,703281.8388137574,2268820.1609398485,1768569.5046869554,10129589.802121753
2,physical_only,internal_test,case_176,400360,2.7724137740929113,3.306236511566106,-0.9361319777876531,2.252766680024766,4.3174896659169715,-3.434442157073467,4.060998864911518,6.313765544936282,7.827819538116455,9.389673619386931,0.19952607155354685,0.0,11.872080402374266,10.469198118479468,0.11816650800429541,0.11816650800429541,27.17892074584961,11.237611601966972,0.5865320883397099,0.41346791166029007,0.0594464981516635,0.0,0.12162837162837163,0.03712658607253472,1109963.578595838,4376415.180118474,1625861.5055559753,8863012.667989213
2,physical_only,internal_test,case_190,400360,1.4450593566452974,2.0055240295426855,0.42295386778205135,0.4856701529578328,4.833489460847386,-3.71910640926745,4.71106754251522,5.196737695473052,8.360267305374144,7.876654946541126,0.05784651867795457,0.05784651867795457,13.360542898178092,10.489410802960348,0.21489636439917914,0.21489636439917914,28.387516021728516,10.771481993845388,0.6205556701191951,0.37944432988080484,0.32166050554500947,0.14435564435564435,0.504995004995005,0.032430812268957936,578543.9640265113,1610298.6188171583,1886123.0013213935,11676241.904284762
2,position_only_periodic,validation,case_39,400360,1.7972456452793069,2.043385773903273,-0.026393825169759966,1.6702882388842206,3.3832176997292343,1.680936837420961,3.087728669230164,4.758016908114385,6.646077251434326,8.677942484649378,0.30572398669855133,0.0,10.974815073013293,13.394158848486246,0.22044506074840745,0.0,22.030895233154297,30.2223148700446,0.3718151055687938,1.371815105568794,0.6259866120491557,0.48151848151848153,0.8069430569430569,0.05121640523528824,719545.2665440233,1671673.3215476677,1236203.0500129885,5445745.664773294
2,position_only_periodic,validation,case_47,400360,0.6381990140940326,0.7799890406572643,0.923687596989025,-0.4647008503582857,1.3483160637663345,-0.9390253867726392,5.241447492183958,4.77674664182567,9.033231782913207,8.74344895156997,0.03207964085360622,0.03207964085360622,14.435490150451656,13.312880809287721,0.07776731717896056,0.07776731717896056,29.597883224487305,30.2223148700446,0.021097172416731525,1.0210971724167315,0.8365970626436208,0.9108391608391608,1.0,0.05112898391447697,255509.35728268686,243572.17926345213,2098465.917970769,14190776.00859728
2,position_only_periodic,validation,case_63,400360,1.5548256227071429,1.9105020121422152,0.42835811891361253,1.2019144590726678,2.861219411482831,-0.34676418218126503,3.589908255421658,4.791822714494328,8.285945415496824,8.895384208191748,0.07355090603844897,0.0,13.304288787841797,14.066170365364071,0.05726586288614873,0.0,25.949066162109375,28.72555594551444,0.10699767637339003,1.10699767637339,0.5870716355280248,0.5077422577422578,0.9395604395604396,0.046445698871016086,622489.9863070317,1461321.1818176047,1437255.669140615,7715973.792316836
2,position_only_periodic,validation,case_69,400360,0.984222986363302,1.1476749096131356,0.8558159893587975,-0.8230337754993168,2.0834368431682,-1.8570174151655194,5.590349281239787,4.767315505740469,9.673070669174193,8.713902192289957,0.09915863428361794,0.09915863428361794,15.407477064132683,13.20302144647746,0.14307700141167254,0.14307700141167254,32.95534896850586,30.2223148700446,0.08293142643014081,0.9170685735698592,0.8455889699270657,0.8983516483516484,1.0,0.05165850734339095,394043.51482041157,527337.2560335435,2238152.238237161,16169443.43154454
2,position_only_periodic,validation,case_81,400360,1.1877333563391546,1.3955949937929795,0.8124086093221667,-1.0707024916027883,2.797034262138164,-2.459686025060305,5.84957593964784,4.778873448045052,10.314814281463619,8.744833030326209,0.15220644873449313,0.15220644873449313,16.286035861968987,13.471267086330808,0.17283326645566358,0.17283326645566358,35.2658805847168,29.950306854023406,0.150728512731283,0.849271487268717,0.8332500749325606,0.9095904095904096,1.0,0.050402138075731844,475520.9265439439,779775.3214192225,2341936.2231974094,17856109.41474756
2,position_only_periodic,validation,case_105,400360,0.6260398938175769,0.8686575332980124,0.8430991211671272,0.5709177797384475,1.698700286936149,1.497724312759014,4.1177261345419325,4.688643914280382,6.899764347076416,8.480100274938307,0.22904201482352288,0.0,10.9968593406677,12.704311308529196,0.15526723721445934,0.0,24.234914779663086,28.031047686320825,0.1566390037337079,1.156639003733708,0.842192027175542,0.9090909090909091,1.0,0.053179638325507046,250641.33188880509,302098.007789811,1648572.835225208,8713778.17665891
2,position_only_periodic,validation,case_133,400360,0.4433346936489847,0.6685172164960713,0.9301535657477445,0.22922027640818288,0.8696133458564602,0.04898755033695154,4.494560615819249,4.723780892227432,8.05308094024658,8.606712136446076,0.06874775012289187,0.0,12.81892926216123,12.879090177612193,0.004693131089235753,0.0,28.935829162597656,28.883854033496608,0.001796220485301713,0.9982037795146983,0.8266560095913678,0.8733766233766234,1.0,0.05296483165151364,177493.4779493075,178926.9969974126,1799442.2881493943,10649422.287634764
2,position_only_periodic,validation,case_143,400360,0.3978878549711961,0.6003970028237892,0.9426300010547053,0.22858497002382466,0.858107650611292,0.1670305882487821,4.474318076376679,4.702903046400505,7.921590662002563,8.546402742180423,0.07887457290300179,0.0,12.536460180282564,12.767496811144346,0.018429175982639663,0.0,29.560705184936523,29.788367484783443,0.007701517890815777,1.0077015178908157,0.8301528624238186,0.8853646353646354,1.0,0.05311469677290439,159298.38161626807,144320.3959618756,1791337.9850581675,10530623.36365127
2,position_only_periodic,validation,case_151,400360,0.8898869663565019,1.1081192176314882,0.7230233398030288,0.8556513357095069,2.240554045510848,2.0044692066914913,3.846295328628278,4.701946664337786,6.654342794418334,8.537790143199413,0.2830403252385667,0.0,10.317672529220548,12.798000312932539,0.2403960560569727,0.0,23.825817108154297,28.031047686320825,0.1764989028110731,1.176498902811073,0.8245079428514337,0.8828671328671329,1.0,0.053144669797182534,356275.1458504891,491613.334345863,1539902.7977696173,7697847.87186607
2,position_only_periodic,validation,case_157,400360,0.6125903034096063,0.7915241759432671,0.8831625297667594,0.5358668241851249,1.138464221166139,0.7460906188180608,4.141123750788858,4.676990574973983,7.273385071754455,8.4528897216964,0.1621672217689183,0.0,11.7065015220642,12.564187809957062,0.07326580757507367,0.0,26.843324661254883,27.291085484956806,0.016680527816593908,1.016680527816594,0.8373963432910381,0.8846153846153846,1.0,0.05328454391048057,245256.65387307,250829.75222866418,1657940.3048658273,9012562.259375302
2,position_only_periodic,validation,case_165,400360,1.1800881456634627,1.474933727431739,0.6644022685595862,0.859892508737856,2.3660996664213823,-0.19929130253623967,3.916683115704931,4.776575624442788,8.25058135986328,8.956288979483851,0.08553429011119604,0.0,13.54518896102898,13.946627659351076,0.029636995059801663,0.0,26.689733505249023,27.123392615475773,0.01624816186873736,1.0162481618687373,0.6738934958537316,0.5726773226773226,1.0,0.04577130582475772,472460.08999782393,870954.9547463867,1568083.252203626,8736920.126982423
2,position_only_periodic,validation,case_171,400360,0.7937295566212176,0.963184893739629,0.8924871683397307,-0.6216656072340584,1.7558455148279002,-1.47288251824732,5.335408860563249,4.713743253329191,9.183458948135376,8.563982358728627,0.06745569320942293,0.06745569320942293,14.578658542633027,12.894276931517037,0.11553748969360089,0.11553748969360089,33.82589340209961,30.2223148700446,0.10653313688475505,0.8934668631152449,0.8236587071635528,0.8956043956043956,1.0,0.05214556898791088,317777.56528887065,371424.03686151834,2136084.2914151023,14851578.007787077
2,position_only_periodic,validation,case_180,400360,0.48932729317230245,0.6934408020662345,0.9225595569103728,0.07705880229640387,1.0174442901998557,0.5090561531000938,4.617005859716327,4.694064662012731,7.6927731275558475,8.503515528484886,0.10539013532388265,0.0,12.1202414035797,12.738832651168833,0.0510378652529506,0.0,27.940109252929688,28.91848681031766,0.035016955321510904,1.035016955321511,0.8211110000999101,0.8783716283716284,1.0,0.053174642821460685,195907.075094463,192517.16804065433,1848464.4659960286,11020374.196065595
2,position_only_periodic,validation,case_189,400360,0.46368362698240156,0.7053982956337721,0.921854639875627,0.22208571483067238,0.901966708646683,0.08892685004858218,4.50395661685842,4.726042331689093,7.995612788200375,8.618446286829652,0.07789690610686296,0.0,12.753865308761585,12.890096648411655,0.010681572711645526,0.0,29.364471435546875,28.883854033496608,0.016367309832400413,0.9836326901675996,0.8197122589669298,0.8571428571428571,1.0,0.05292486761914277,185640.3768986743,199213.83342518608,1803204.071125437,10670825.610614894
2,position_only_periodic,validation,case_194,400360,0.48281324712405627,0.6657347816858853,0.932188057564237,0.3115133223841268,1.186718254703964,0.4021032266780093,4.4735464772618485,4.7850597996459765,8.246804285049436,8.78682683246576,0.06548264379152623,0.0,12.928755416870114,13.599059801379765,0.0518460101453387,0.0,28.35040283203125,30.2223148700446,0.066027705112479,1.066027705112479,0.8482365870716355,0.8501498501498501,1.0,0.05097662104106304,193299.11161858717,177440.672826378,1791029.0676365537,10628909.940717285
2,position_only_periodic,internal_test,case_12,400360,1.0784804393907446,1.2830730848394256,0.8331387172059374,-0.9018668168601552,2.7497376267188054,-2.511901378927901,5.6733454984825915,4.771478681622436,10.082114791870117,8.722346347922002,0.13486936739151065,0.13486936739151065,16.142577419280983,13.203115321965196,0.18209372772187174,0.18209372772187174,36.23194885253906,30.2223148700446,0.16586560129440348,0.8341343987055966,0.8448396443201119,0.8898601398601399,1.0,0.051603556798881005,431780.4287144785,659103.2759705181,2271380.6037724903,16836334.16889702
2,position_only_periodic,internal_test,case_20,400360,1.1626149665017995,1.3533415669431854,0.8196171735100987,-1.0106338871904519,2.7985063563338426,-2.5688161898453377,5.788521283110883,4.777887395920432,10.149102687835692,8.754900228279626,0.137371992622274,0.137371992622274,16.289631748199415,13.341161179802116,0.1810028988975279,0.1810028988975279,36.26679992675781,30.2223148700446,0.1666671740798825,0.8333328259201175,0.8402437805974623,0.8981018981018981,1.0,0.05133629733240084,465464.52798866044,733272.7107493485,2317492.380906273,17479945.55924125
2,position_only_periodic,internal_test,case_27,400360,0.49239571328220677,0.6778222910307539,0.9309713913282337,-0.1461768805243533,0.8981081573492864,0.19481264530557413,4.916951870695414,4.770774990171059,8.11301689147949,8.73849572374996,0.07709571428692147,0.0,13.111589975357049,13.510234130789732,0.030403952242399727,0.0,27.218610763549805,29.47635436949685,0.0829485246532323,1.0829485246532322,0.819912079128784,0.9113386613386614,1.0,0.049572884404036364,197135.5477696643,183942.6227882305,1968550.850951616,12344000.055735279
2,position_only_periodic,internal_test,case_42,400360,1.0283505919506155,1.292053220391921,0.7601844814491601,0.6740698752516593,2.346997892511975,-0.4709678668802758,4.11715438872547,4.79122426397713,8.91228380203247,8.921388514891488,0.0010215914417965855,0.0,13.76958976745605,14.16662860036013,0.028834470714767968,0.0,24.76995849609375,28.72555594551444,0.15969334183763337,1.1596933418376334,0.6761914277150565,0.6458541458541458,0.9857642357642358,0.04611849335597962,411710.4429933484,668361.5942788108,1648343.931070129,9573468.703283088
2,position_only_periodic,internal_test,case_43,400360,0.9738356264422184,1.250539024239894,0.7773973194216316,0.5894087329350848,2.3079771572083994,-0.49976734763118424,4.204806520399298,4.794215253334385,9.005365419387815,8.927963282952726,0.00859511333859344,0.00859511333859344,13.601225948333738,14.197562476235989,0.04384432184036373,0.0,24.57630157470703,28.72555594551444,0.16883152081262134,1.1688315208126214,0.6634029373563792,0.6628371628371629,0.987012987012987,0.046125986612049155,389884.83140240656,626102.1256851593,1683436.3385070632,9891168.235563483
2,position_only_periodic,internal_test,case_68,400360,1.1465120292342512,1.4925781632121558,0.7303841925104835,0.31421650233192877,2.59442991130327,-1.3177875827182994,4.470923505812859,4.785140008144788,9.673214769363403,8.943099016574017,0.07547808770893599,0.07547808770893599,14.204864883422841,14.00288483301315,0.014219075793209638,0.014219075793209638,30.399791717529297,28.51704683639755,0.06193282173200243,0.9380671782679976,0.6522130082925367,0.6176323676323676,0.9947552447552448,0.04594614846638026,459017.55602422485,891917.8335654964,1789978.9347872362,11310965.499439059
2,position_only_periodic,internal_test,case_84,400360,1.223784672847517,1.397119082837764,0.8070464716691832,-1.0727310344649748,2.644035312202511,-2.407910858885959,5.8500024248584594,4.777271390393485,10.052421236038205,8.743526936246447,0.13020686947531968,0.13020686947531968,16.077098846435536,13.328062392158373,0.17099082866475343,0.17099082866475343,35.38292694091797,30.2223148700446,0.14585034413604347,0.8541496558639565,0.8389449495454091,0.8981018981018981,1.0,0.05139624338095714,489954.43162123195,781479.3916751604,2342106.970816333,17751422.6822564
2,position_only_periodic,internal_test,case_94,400360,0.43445368493001923,0.7283986133536381,0.9097162152133518,0.14083582906436848,1.279075976961182,0.12031524347339857,4.538194797936468,4.679030627000836,7.718307733535765,8.457156988595873,0.09572684590559084,0.0,12.303719158172552,12.565516698928095,0.02127791909015155,0.0,24.009641647338867,27.291085484956806,0.1366719206315868,1.1366719206315867,0.778849035867719,0.8541458541458542,1.0,0.05327205515036467,173937.8772985825,212416.81920857792,1816911.6693018444,10598267.30129735
2,position_only_periodic,internal_test,case_100,400360,1.0839647820872165,1.2721534190672144,0.8356166412183649,-0.9239627066111177,2.638540271563886,-2.4029172566151233,5.697571016647155,4.773608310036036,10.016252183914181,8.729678967613715,0.12844856466040927,0.12844856466040927,16.072310028076142,13.223223029664588,0.17726680193665914,0.17726680193665914,36.00269317626953,30.2223148700446,0.16055405294054378,0.8394459470594562,0.8453391947247477,0.9005994005994006,1.0,0.05157608152662604,433976.140156438,647932.3434135533,2281079.532224855,16938205.916138913
2,position_only_periodic,internal_test,case_114,400360,0.8773468911402197,1.0935672226164408,0.7199561096037095,0.8397614911652194,2.1645064609759554,1.9903466348008545,3.8466171109917005,4.686378602156921,6.512721204757687,8.477771784963423,0.3017249654061996,0.0,10.346745529174791,12.687860244728759,0.22626580589545858,0.0,23.000751495361328,27.291085484956806,0.18653016578439754,1.1865301657843976,0.8344989509441503,0.9003496503496503,1.0,0.05325207313417924,351254.60133689834,478786.22828975157,1540031.6265566372,7633594.826299871
2,position_only_periodic,internal_test,case_124,400360,0.4660052643873956,0.7182975919132903,0.9257281672580107,0.07242570176257547,0.9774937192448832,-0.26263585711649623,4.68614249334891,4.758568195111487,8.326841783523559,8.711928377190453,0.04624641655001431,0.0,13.333128252029367,13.18934621077113,0.01078381896134176,0.01078381896134176,28.74965476989746,28.883854033496608,0.0046678565246515945,1.0046678565246516,0.8112698571285842,0.8379120879120879,1.0,0.05264012388850035,186569.8676501377,206566.3147343702,1876144.0086371698,11573098.271248205
2,position_only_periodic,internal_test,case_156,400360,0.48976961793779294,0.7410619891404974,0.9207655946231409,0.020723381371277168,0.9955191648923011,-0.24012733482627785,4.732292953646106,4.753016335017383,8.350664710998535,8.70261242503913,0.04214607174648619,0.0,13.289695453643796,13.18934621077113,0.007550906130444968,0.007550906130444968,28.11277961730957,29.788367484783443,0.05960235488212561,1.0596023548821256,0.8078729143770607,0.8336663336663337,1.0,0.05257518233589769,196084.1642375748,219866.85093337783,1894620.8069217552,11740791.85297921
2,position_only_periodic,internal_test,case_164,400360,0.4500166435326422,0.6907873263896632,0.9175466094910544,0.2764071684142668,1.1063294788514033,0.7012244827578618,4.41744805846477,4.693855226879037,7.523049545288086,8.493909170049259,0.12905134000735796,0.0,11.752422008514381,12.71270591704897,0.08170944745167277,0.0,27.64034652709961,28.031047686320825,0.014135175868296658,1.0141351758682966,0.8229093815565991,0.8848651348651349,1.0,0.05311469677290439,180168.66340472864,191046.63948713988,1768569.5046869554,10129589.802121753
2,position_only_periodic,internal_test,case_176,400360,0.7987560085453488,0.9502109529913504,0.8400783775597584,0.7266630081326436,1.64441100104794,1.1389633436610118,4.060998864911518,4.7876618730441605,7.827819538116455,8.789667207992329,0.12287555496039389,0.0,11.872080402374266,13.700658800567743,0.1540234176503542,0.0,27.17892074584961,30.2223148700446,0.11197626839762335,1.1119762683976233,0.818613248076731,0.8421578421578422,1.0,0.05043460885203317,319789.95558121585,361485.3863817586,1625861.5055559753,8863012.667989213
2,position_only_periodic,internal_test,case_190,400360,0.4781380351068948,0.7289429255202144,0.9237672045797061,0.04393426521262003,1.002802076809148,-0.2951849136798051,4.71106754251522,4.755001807727841,8.360267305374144,8.699545863156304,0.04058226195280446,0.0,13.360542898178092,13.162853256879158,0.014796527566697332,0.014796527566697332,28.387516021728516,29.788367484783443,0.04934744772958227,1.0493474477295823,0.8109701268858027,0.8371628371628371,1.0,0.052627635128384455,191427.3437353964,212734.4042703073,1886123.0013213935,11676241.904284762
2,full_raw_coordinates,validation,case_39,400360,2.017245465722524,2.2299061494476478,-0.22232436851868176,1.9464037710376318,3.2720267429990173,2.5418070045489505,3.087728669230164,5.034132440267797,6.646077251434326,9.490332276448173,0.4279599705826491,0.0,10.974815073013293,13.43895707069841,0.22452697209854225,0.0,22.030895233154297,23.956267871695104,0.08739420791413477,1.0873942079141348,0.8093216105505046,0.5896603396603397,0.9845154845154845,0.05373913477869917,807624.3946566697,1990782.667454498,1236203.0500129885,5445745.664773294
2,full_raw_coordinates,validation,case_47,400360,0.509958038225777,0.6768154096001369,0.9425409284431573,-0.27955363682641604,0.975041156729296,-0.24387903801484642,5.241447492183958,4.961893855357539,9.033231782913207,9.066131422988233,0.0036420675197615963,0.0,14.435490150451656,14.07003435213776,0.02531648004362785,0.02531648004362785,29.597883224487305,30.160465795623182,0.019007527223110134,1.01900752722311,0.8627235488060745,0.8996003996003996,1.0,0.05272254970526526,204166.80018407208,183396.54794440244,2098465.917970769,14190776.00859728
2,full_raw_coordinates,validation,case_63,400360,0.8178930725661477,1.1096517426720753,0.8071576390352299,0.35372954281963914,2.588154077114724,-1.2145053673180273,3.589908255421658,3.9436377982412973,8.285945415496824,8.259184386972121,0.0032296892126097224,0.0032296892126097224,13.304288787841797,11.903672022663839,0.10527558349890298,0.10527558349890298,25.949066162109375,23.136054336568993,0.10840512748963275,0.8915948725103673,0.7210010990108902,0.5601898101898102,0.9128371628371629,0.053257068638225595,327451.6705325829,492974.073722475,1437255.669140615,7715973.792316836
2,full_raw_coordinates,validation,case_69,400360,0.6811339789996876,0.832171632772699,0.9241937275387739,-0.46533560072471236,1.0720844934473628,-0.4891241707225055,5.590349281239787,5.1250136805150746,9.673070669174193,9.594274668247637,0.008145913911045822,0.008145913911045822,15.407477064132683,14.730411992706154,0.04394392856197594,0.04394392856197594,32.95534896850586,32.4412780318811,0.015599013596124851,0.9844009864038752,0.8736637026675992,0.8868631368631369,1.0,0.05051953242082126,272698.79983231495,277253.1540221329,2238152.238237161,16169443.43154454
2,full_raw_coordinates,validation,case_81,400360,0.5810035185948623,0.8198407847921552,0.9352629155774232,0.20521917081249802,1.654710167417018,-0.9360947103793174,5.84957593964784,6.054795110460339,10.314814281463619,9.956968393403118,0.03469242182126079,0.03469242182126079,16.286035861968987,15.198388873401166,0.0667840226919606,0.0667840226919606,35.2658805847168,31.052283596979677,0.11948083864275233,0.8805191613572477,0.7777999800179838,0.8976023976023976,1.0,0.0536642022180038,232610.56870463907,269097.53497191385,2341936.2231974094,17856109.41474756
2,full_raw_coordinates,validation,case_105,400360,0.5737084885033159,0.8401283401134806,0.8532360250906484,0.36067583951875043,1.3010825972280429,1.0148682899121797,4.1177261345419325,4.4784019740606835,6.899764347076416,8.328722481316012,0.20710245486066164,0.0,10.9968593406677,12.197022361142622,0.10913688929679903,0.0,24.234914779663086,26.388452203759144,0.08886094478463837,1.0888609447846385,0.8051253871515636,0.8601398601398601,1.0,0.05040463582775502,229689.93045718755,282580.34477076307,1648572.835225208,8713778.17665891
2,full_raw_coordinates,validation,case_133,400360,0.3886181504147753,0.5351944185893346,0.9552346279279882,0.11842156669484281,0.935749864468294,-0.3633539289717364,4.494560615819249,4.612982182514089,8.05308094024658,8.157335777195202,0.012945956674493497,0.0,12.81892926216123,12.305024484074512,0.04008952445066196,0.04008952445066196,28.935829162597656,27.781929612283164,0.03987788094235841,0.9601221190576416,0.8575282245978619,0.8766233766233766,1.0,0.053062243980417624,155587.16270005945,114676.34217931845,1799442.2881493943,10649422.287634764
2,full_raw_coordinates,validation,case_143,400360,0.7536295893768793,0.9008080820062245,0.8708565575695038,0.6714455647452161,1.0121365911576934,0.499916821536844,4.474318076376679,5.1457636411218965,7.921590662002563,8.706066353622766,0.09903007174848004,0.0,12.536460180282564,13.0503941992334,0.040995146282134375,0.0,29.560705184936523,29.003382152045898,0.018853509393768623,0.9811464906062314,0.8692177040663402,0.8633866133866134,1.0,0.05397642122090119,301723.1424029274,324874.20411531196,1791337.9850581675,10530623.36365127
2,full_raw_coordinates,validation,case_151,400360,0.6016265520674113,0.7719745935336334,0.8655761852856684,0.5001825480783967,1.1404185128475033,0.4979902582619107,3.846295328628278,4.3464778767066745,6.654342794418334,7.618635947578611,0.1449118542509001,0.0,10.317672529220548,10.90163720285371,0.05659848885291937,0.0,23.825817108154297,26.210622163897035,0.10009331662864766,1.1000933166286477,0.7864422020181836,0.7732267732267732,1.0,0.04790688380457588,240867.20638570882,238592.44934286954,1539902.7977696173,7697847.87186607
2,full_raw_coordinates,validation,case_157,400360,0.703442779005938,0.8728764292410038,0.8579113759118738,0.6342132903738263,1.3132290911264226,0.9249409632900886,4.141123750788858,4.775337041162685,7.273385071754455,8.384754565373012,0.15279948506156524,0.0,11.7065015220642,12.82072023814112,0.09517947902512655,0.0,26.843324661254883,28.904094057051648,0.07677027424144812,1.0767702742414482,0.8554301128983914,0.8556443556443556,1.0,0.052093116195424116,281630.35100281733,305039.5930636709,1657940.3048658273,9012562.259375302
2,full_raw_coordinates,validation,case_165,400360,0.8265403498390215,1.1020965154838938,0.8126243029658871,-0.13719125821542474,1.966797243969158,-0.7042638229618834,3.916683115704931,3.7794918574895053,8.25058135986328,8.26526550631464,0.00177977112289256,0.0,13.54518896102898,12.93393987688012,0.04512665610701282,0.04512665610701282,26.689733505249023,24.38231919878553,0.08645325387043289,0.9135467461295671,0.7587671096013587,0.6753246753246753,0.9812687312687313,0.05149865121390748,330913.6944615506,486283.9537992953,1568083.252203626,8736920.126982423
2,full_raw_coordinates,validation,case_171,400360,0.4950108320543643,0.6844063329608101,0.9457163534408589,0.1672638941905351,1.0328636072565105,0.1275678054120973,5.335408860563249,5.502672754753784,9.183458948135376,9.700873249977763,0.05634198451417293,0.0,14.578658542633027,14.680133675276126,0.006960526055696458,0.0,33.82589340209961,32.54625291869187,0.03783020505020307,0.9621697949497969,0.8641722449795184,0.8876123876123876,1.0,0.04985513038265561,198182.5367212853,187533.43976904018,2136084.2914151023,14851578.007787077
2,full_raw_coordinates,validation,case_180,400360,0.6267876966585549,0.8695487486480422,0.8782309510318386,0.3543040293182875,1.432231527151163,0.7799992023594224,4.617005859716327,4.9713098890346155,7.6927731275558475,8.61454251121474,0.11982276980937791,0.0,12.1202414035797,13.264308912801926,0.09439312890948919,0.0,27.940109252929688,28.58191711162446,0.022970842844054908,1.022970842844055,0.7985812768508342,0.8406593406593407,1.0,0.053501848336497154,250940.72223421905,302718.2119196096,1848464.4659960286,11020374.196065595
2,full_raw_coordinates,validation,case_189,400360,0.40384808682804646,0.5708573739684095,0.9488212569228336,-0.013255180582811806,1.0870026948400027,-0.5111865795362759,4.50395661685842,4.490701436275608,7.995612788200375,7.985746156132978,0.0012340057389919079,0.0012340057389919079,12.753865308761585,12.312254760303132,0.03462562429250977,0.03462562429250977,29.364471435546875,28.192479640453804,0.03991189821568957,0.9600881017843105,0.8303027275452093,0.8636363636363636,1.0,0.05212808472374863,161684.6200424767,130468.5726965525,1803204.071125437,10670825.610614894
2,full_raw_coordinates,validation,case_194,400360,0.4139951222270811,0.606802821411808,0.9436623311721186,-0.011385648685931976,1.2549677340824887,-0.6714391599986884,4.4735464772618485,4.462160828575916,8.246804285049436,8.162270809726962,0.010250452466263011,0.010250452466263011,12.928755416870114,12.178529682913664,0.05802768400874195,0.05802768400874195,28.35040283203125,27.465801222898413,0.031202435266047917,0.9687975647339521,0.8118193625736837,0.8566433566433567,1.0,0.05148116694974523,165747.0871348342,147416.42110839862,1791029.0676365537,10628909.940717285
2,full_raw_coordinates,internal_test,case_12,400360,0.6361422437206911,0.8179372618364125,0.9321901513622202,-0.46081597282870285,1.477022335464328,-1.0330875427624517,5.6733454984825915,5.212529525653889,10.082114791870117,9.666656222607351,0.04120748254104168,0.04120748254104168,16.142577419280983,14.848834733241913,0.08014474098131316,0.08014474098131316,36.23194885253906,32.47790297811076,0.10361148084269345,0.8963885191573066,0.8756619042861424,0.8863636363636364,1.0,0.05236786891797383,254685.90869601586,267849.3934113273,2271380.6037724903,16836334.16889702
2,full_raw_coordinates,internal_test,case_20,400360,0.5924234786853806,0.7641192922738278,0.9424953883074353,-0.43082355240351533,1.4366497241584173,-0.9870890631988726,5.788521283110883,5.357697730707367,10.149102687835692,9.743819409803647,0.0399329172733468,0.0399329172733468,16.289631748199415,15.011445165424044,0.07846626630566134,0.07846626630566134,36.26679992675781,32.47790297811076,0.10447287757119107,0.8955271224288089,0.8870516535118393,0.9035964035964036,1.0,0.05316465181336797,237182.66392647897,233761.51331543925,2317492.380906273,17479945.55924125
2,full_raw_coordinates,internal_test,case_27,400360,0.6988649079274843,0.8657616030166765,0.8873855637094459,-0.4125701809115697,0.9961514342823375,-0.22790134212843702,4.916951870695414,4.504381689783845,8.11301689147949,8.298446210853342,0.022855778787863202,0.0,13.111589975357049,12.56304772174792,0.04183644048052928,0.04183644048052928,27.218610763549805,28.026851353952367,0.02969441010137553,1.0296944101013756,0.8498851034069338,0.8901098901098901,1.0,0.053464382056149465,279797.55453784764,300087.09683837503,1968550.850951616,12344000.055735279
2,full_raw_coordinates,internal_test,case_42,400360,0.8591968911431216,1.1114073643303801,0.8225553059480287,0.5489860352539194,2.1644585821814326,-0.7555219260611651,4.11715438872547,4.666140423979389,8.91228380203247,9.016264178695009,0.011667085448830338,0.0,13.76958976745605,12.988430979537581,0.05673072336292192,0.05673072336292192,24.76995849609375,26.112367808537794,0.054195056994372576,1.0541950569943725,0.7557698071735438,0.6156343656343657,0.9293206793206793,0.04108552302927365,343988.0673380602,494535.21327373653,1648343.931070129,9573468.703283088
2,full_raw_coordinates,internal_test,case_43,400360,0.8139799825780826,1.078240522330903,0.8345117395152892,0.4460082582813568,2.100140364346308,-0.960311479060181,4.204806520399298,4.650814778680656,9.005365419387815,8.831285988446878,0.01933063488641541,0.01933063488641541,13.601225948333738,12.999644540507862,0.044229940015045065,0.044229940015045065,24.57630157470703,26.04125215623226,0.05960826030198537,1.0596082603019854,0.7454291137975821,0.6548451548451548,0.9505494505494505,0.04182985313218104,325885.02582496114,465459.58654320624,1683436.3385070632,9891168.235563483
2,full_raw_coordinates,internal_test,case_68,400360,0.7157337051524106,1.026235519289265,0.8725425374299415,-0.0338767321606183,2.4582142824364372,-1.5357944107299735,4.470923505812859,4.437046773652241,9.673214769363403,8.926457039544875,0.07719850614540551,0.07719850614540551,14.204864883422841,12.983835820319147,0.08595851302525534,0.08595851302525534,30.399791717529297,26.55549427955899,0.12645801897891254,0.8735419810210875,0.7583674692776501,0.6393606393606394,0.9303196803196803,0.052307922869417524,286551.1461948191,421642.87378314114,1789978.9347872362,11310965.499439059
2,full_raw_coordinates,internal_test,case_84,400360,0.5801981544336282,0.7431835855616027,0.9454018291469073,-0.36415319279531205,1.2739879625046653,-0.7835703652748152,5.8500024248584594,5.4858492320631465,10.052421236038205,9.820298606296996,0.02309121596586531,0.02309121596586531,16.077098846435536,15.004473884032484,0.06671756967152472,0.06671756967152472,35.38292694091797,32.65668412348937,0.07704966923682853,0.9229503307631715,0.881706464182236,0.9040959040959041,1.0,0.05356678988909981,232288.13310904737,221127.57260234538,2342106.970816333,17751422.6822564
2,full_raw_coordinates,internal_test,case_94,400360,0.5546691896234809,0.8302494420439787,0.8827025094555355,0.3011647478926357,1.7130917666505945,0.7516299917987149,4.538194797936468,4.839359545829104,7.718307733535765,8.773826460306562,0.13675520116729828,0.0,12.303719158172552,13.430505219354488,0.09158093148066429,0.0,24.009641647338867,29.62061746366511,0.23369677476832063,1.2336967747683207,0.7880907183534819,0.7899600399600399,1.0,0.042848935957638126,222067.3567576568,275973.8074947003,1816911.6693018444,10598267.30129735
2,full_raw_coordinates,internal_test,case_100,400360,0.5470257889769473,0.7211708910399357,0.9471730851021294,-0.3525689812431542,1.3429774863960113,-0.8613343805448488,5.697571016647155,5.345002035404001,10.016252183914181,9.72506941746562,0.029071029872449895,0.029071029872449895,16.072310028076142,14.90409197986301,0.07268513649701967,0.07268513649701967,36.00269317626953,32.28073801848201,0.10337990937413463,0.8966200906258653,0.8818563293036268,0.8983516483516484,1.0,0.053067239484463985,219007.24487481063,208222.2131168039,2281079.532224855,16938205.916138913
2,full_raw_coordinates,internal_test,case_114,400360,0.6991428233581175,0.960378602537842,0.7840167442280039,0.4756366841366408,1.7112673637046967,1.5052614897782968,3.8466171109917005,4.322253795128342,6.512721204757687,8.244167886262309,0.2658561033197247,0.0,10.346745529174791,12.178851296216608,0.17707072836340815,0.0,23.000751495361328,26.691093754231336,0.1604444211144256,1.1604444211144256,0.8058747127585173,0.8558941058941059,1.0,0.04782196023578779,279908.8207596559,369262.8618266919,1540031.6265566372,7633594.826299871
2,full_raw_coordinates,internal_test,case_124,400360,0.4366636627426942,0.6242019071879269,0.9439125749261545,-0.18945533852181615,1.3707732518240354,-0.979452638650332,4.68614249334891,4.496687154827095,8.326841783523559,8.00788249715794,0.038304953385417756,0.038304953385417756,13.333128252029367,12.271129907707655,0.0796511009455017,0.0796511009455017,28.74965476989746,27.455284479200394,0.045022115954322595,0.9549778840456774,0.8347487261464682,0.8701298701298701,1.0,0.05309471475671895,174822.66401566504,155991.47446235543,1876144.0086371698,11573098.271248205
2,full_raw_coordinates,internal_test,case_156,400360,0.42791116717906724,0.5962852273255796,0.9487005359911117,-0.18651290504040557,1.2883666876421667,-0.8612925015211148,4.732292953646106,4.5457800486057005,8.350664710998535,8.100769912798885,0.029925138518675894,0.029925138518675894,13.289695453643796,12.267256637570464,0.07693470626469459,0.07693470626469459,28.11277961730957,27.640903376156675,0.016785115082051574,0.9832148849179484,0.8511839344589869,0.8701298701298701,1.0,0.051571086022579676,171318.51489181136,142350.42911672487,1894620.8069217552,11740791.85297921
2,full_raw_coordinates,internal_test,case_164,400360,0.5073251219742022,0.703516605042134,0.9144798406512618,0.2551984787676639,1.0702865814858558,0.26916569455014877,4.41744805846477,4.672646537232435,7.523049545288086,8.113619318084613,0.0785013802237177,0.0,11.752422008514381,12.290795880021147,0.045809610233254465,0.0,27.64034652709961,27.072243134640768,0.02055341064200667,0.9794465893579933,0.8080727345389149,0.8341658341658341,1.0,0.05486312318912978,203112.6858335916,198152.4222488892,1768569.5046869554,10129589.802121753
2,full_raw_coordinates,internal_test,case_176,400360,0.534088234704698,0.6991094259078485,0.9134319892277545,0.2237752225260719,1.090349296800506,-0.3151372893052526,4.060998864911518,4.284774087437589,7.827819538116455,7.94954549404436,0.015550429507882395,0.0,11.872080402374266,11.580148240741003,0.024589806650473802,0.024589806650473802,27.17892074584961,27.34989653680687,0.00629074982616335,1.0062907498261633,0.816215406134479,0.8391608391608392,1.0,0.05158607253471875,213827.5656463729,195677.54719346215,1625861.5055559753,8863012.667989213
2,full_raw_coordinates,internal_test,case_190,400360,0.4266720987695518,0.6104792705837189,0.9465316677783647,-0.1766950734223618,1.2912193982405595,-0.8928450350907915,4.71106754251522,4.534372469092857,8.360267305374144,8.10684018010675,0.030313280187164234,0.030313280187164234,13.360542898178092,12.376366730714873,0.07366288742633556,0.07366288742633556,28.387516021728516,27.87406478902716,0.018087219477334625,0.9819127805226654,0.835847737036667,0.8673826173826173,1.0,0.05239784194225197,170822.44146337776,149208.14250330423,1886123.0013213935,11676241.904284762
2,full_periodic_coordinates,validation,case_39,400360,1.9862915150632259,2.197520617857122,-0.1870778913680604,1.9169278042992166,3.2256659649019843,2.455390237274135,3.087728669230164,5.004656473529383,6.646077251434326,9.42544749101781,0.4181971010017455,0.0,10.974815073013293,13.343644581699168,0.21584231651526858,0.0,22.030895233154297,23.861267697777603,0.08308207384458793,1.0830820738445879,0.8105205315216305,0.5924075924075924,0.9827672327672328,0.053879008891997204,795231.6709707131,1933377.2212345854,1236203.0500129885,5445745.664773294
2,full_periodic_coordinates,validation,case_47,400360,0.5200799095130876,0.6839231297055074,0.9413277543412422,-0.28356890497948195,0.9824792146402179,-0.22362303919236143,5.241447492183958,4.957878587204476,9.033231782913207,9.084296611191744,0.005652996569304146,0.0,14.435490150451656,14.16196242723357,0.018948280963603292,0.018948280963603292,29.597883224487305,30.08569296399457,0.016481237384695313,1.0164812373846954,0.8576281346787891,0.8976023976023976,1.0,0.05234039364571885,208219.19257265973,187268.72924351512,2098465.917970769,14190776.00859728
2,full_periodic_coordinates,validation,case_63,400360,0.8147255170271562,1.1003794554089215,0.8103669686470243,0.36722801696050167,2.5707723354798304,-1.1796692737006431,3.589908255421658,3.9571362723821606,8.285945415496824,8.212855554810405,0.008820944022841715,0.008820944022841715,13.304288787841797,11.900170863176653,0.1055387437131029,0.1055387437131029,25.949066162109375,23.384409228366046,0.09883426701066497,0.901165732989335,0.7378359476471176,0.560939060939061,0.9185814185814186,0.05232041162953342,326183.50799699227,484769.8789349329,1437255.669140615,7715973.792316836
2,full_periodic_coordinates,validation,case_69,400360,0.6837984744042058,0.8351953899373907,0.923641831285855,-0.4703301733236835,1.0792452399682118,-0.49899337839834307,5.590349281239787,5.120019107916103,9.673070669174193,9.577379159620518,0.009892568019648686,0.009892568019648686,15.407477064132683,14.710398891052085,0.04524284996038305,0.04524284996038305,32.95534896850586,32.41800742910459,0.01630513880811229,0.9836948611918878,0.8701168947946848,0.8913586413586414,1.0,0.05023229093815566,273765.55721246783,279271.6542312422,2238152.238237161,16169443.43154454
2,full_periodic_coordinates,validation,case_81,400360,0.59995525876727,0.8287262833276275,0.9338520601379233,0.2202110384083962,1.6197810397384822,-0.9198030992465307,5.84957593964784,6.069786978056236,10.314814281463619,9.933739827051394,0.0369443834870629,0.0369443834870629,16.286035861968987,15.300844662653274,0.060493001959815336,0.060493001959815336,35.2658805847168,31.25519474637608,0.11372708611957447,0.8862729138804255,0.782445798781097,0.9033466533466533,1.0,0.0530647417324408,240198.08740006422,274962.1444821734,2341936.2231974094,17856109.41474756
2,full_periodic_coordinates,validation,case_105,400360,0.5766929082654781,0.8486903597683838,0.8502293434544365,0.37398134155251284,1.3084565858228514,1.0096582029148184,4.1177261345419325,4.491707476094445,6.899764347076416,8.355440367867203,0.21097474458060148,0.0,10.9968593406677,12.156088757224644,0.1054145898065618,0.0,24.234914779663086,26.485711919158827,0.09287415119711975,1.0928741511971198,0.8005295234289139,0.8593906093906094,1.0,0.04972025177340394,230884.77275316685,288369.42982315045,1648572.835225208,8713778.17665891
2,full_periodic_coordinates,validation,case_133,400360,0.3914606118828708,0.5395393928452062,0.9545048223692247,0.12420637534729573,0.923700527213315,-0.33413440088664514,4.494560615819249,4.6187669911665425,8.05308094024658,8.160381215917699,0.013324127308204214,0.0,12.81892926216123,12.324070104118722,0.03860378257201469,0.03860378257201469,28.935829162597656,28.1128834011225,0.028440372551649357,0.9715596274483507,0.8605754820661404,0.8776223776223776,1.0,0.05326456189429513,156725.17057342615,116545.89956502496,1799442.2881493943,10649422.287634764
2,full_periodic_coordinates,validation,case_143,400360,0.7531786196802118,0.9000033636241533,0.8710871897871596,0.6665702808663525,1.0240533991967822,0.5015257331178414,4.474318076376679,5.140888357243031,7.921590662002563,8.712801806875948,0.09988033699703543,0.0,12.536460180282564,13.072921891693728,0.04279212023940496,0.0,29.560705184936523,29.529532842314662,0.001054519586959855,0.9989454804130401,0.8681186931761414,0.8636363636363636,1.0,0.05388650214806674,301542.5921751696,324294.0239935485,1791337.9850581675,10530623.36365127
2,full_periodic_coordinates,validation,case_151,400360,0.6044303702622389,0.7771413386573232,0.8637707947577539,0.5003435111748139,1.1320586715095255,0.4834237027833569,3.846295328628278,4.34663883980309,6.654342794418334,7.613918437153489,0.14420291715961003,0.0,10.317672529220548,10.85609753001267,0.0521847344221534,0.0,23.825817108154297,25.984909142998447,0.09061985261799096,1.0906198526179909,0.790588470376661,0.7734765234765235,1.0,0.047439804176241385,241989.74303818995,241796.88561772858,1539902.7977696173,7697847.87186607
2,full_periodic_coordinates,validation,case_157,400360,0.6992735998227146,0.8695162013624057,0.8590032398759118,0.6316272282028738,1.3315303431656764,0.9470725755950242,4.141123750788858,4.772750978991732,7.273385071754455,8.357388703024617,0.1490370192937802,0.0,11.7065015220642,12.88596344577186,0.10075272458510624,0.0,26.843324661254883,29.028568314019154,0.08140733982621787,1.0814073398262178,0.8595264262164052,0.8606393606393606,1.0,0.05241033070236787,279961.17842502205,302695.5508054785,1657940.3048658273,9012562.259375302
2,full_periodic_coordinates,validation,case_165,400360,0.8258960661217577,1.100254043474746,0.813250284252756,-0.12651059305137097,1.8955044324022454,-0.6177592961469368,3.916683115704931,3.7901725226535596,8.25058135986328,8.254561239773032,0.0004823756940467511,0.0,13.54518896102898,13.13883942063369,0.029999547556287542,0.029999547556287542,26.689733505249023,24.7000329605676,0.07454928481358242,0.9254507151864176,0.7735038465381157,0.6840659340659341,0.9837662337662337,0.050187331401738436,330655.7490325069,484659.3852986771,1568083.252203626,8736920.126982423
2,full_periodic_coordinates,validation,case_171,400360,0.4846208521781603,0.6724123652427919,0.9476022838822199,0.15879401009396132,1.0212685758718691,0.12663856065454604,5.335408860563249,5.494202870657213,9.183458948135376,9.695933446393648,0.05580408222572006,0.0,14.578658542633027,14.714053970601253,0.00928723500672454,0.0,33.82589340209961,32.55461243675926,0.0375830713538949,0.9624169286461051,0.8650214806673994,0.8833666333666333,1.0,0.04936806873813568,194022.80437804825,181018.1253925776,2136084.2914151023,14851578.007787077
2,full_periodic_coordinates,validation,case_180,400360,0.6227490391381842,0.8619743363097108,0.8803431084117339,0.3531159811789562,1.4288931032643097,0.7448582758792132,4.617005859716327,4.970121840895284,7.6927731275558475,8.577669778378143,0.11502960455866777,0.0,12.1202414035797,13.237089474626492,0.09214734540823029,0.0,27.940109252929688,28.060441514897153,0.00430679282167976,1.0043067928216798,0.7986811869317614,0.8426573426573427,1.0,0.053551803376960735,249323.80530936344,297467.3824949509,1848464.4659960286,11020374.196065595
2,full_periodic_coordinates,validation,case_189,400360,0.403718022502513,0.5713447493651372,0.9487338308541425,-0.00962288827911448,1.0667248182464093,-0.47688096860352996,4.50395661685842,4.4943337285793055,7.995612788200375,8.013544725084763,0.002242722022613693,0.0,12.753865308761585,12.304917297933017,0.035200937124539956,0.035200937124539956,29.364471435546875,28.44144787722074,0.03143334489613114,0.9685666551038689,0.8332500749325606,0.8593906093906094,1.0,0.05226795883704666,161632.5474891061,130691.44558699036,1803204.071125437,10670825.610614894
2,full_periodic_coordinates,validation,case_194,400360,0.4167997707220078,0.6083369635084107,0.943377100965133,-0.020726011258881245,1.2426714311697085,-0.631276585837661,4.4735464772618485,4.452820466002968,8.246804285049436,8.179663728910082,0.008141402877848333,0.008141402877848333,12.928755416870114,12.207326911891464,0.05580030573068873,0.05580030573068873,28.35040283203125,27.31040253849552,0.036683792456052945,0.9633162075439471,0.8135677889899091,0.8553946053946054,1.0,0.0515086422220002,166869.95620626304,148162.77105827478,1791029.0676365537,10628909.940717285
2,full_periodic_coordinates,internal_test,case_12,400360,0.638723022760742,0.8187783022174991,0.9320506293121875,-0.4655332408925884,1.475780105441756,-1.041385410580243,5.6733454984825915,5.207812257590003,10.082114791870117,9.65463931233595,0.04239938627547352,0.04239938627547352,16.142577419280983,14.883730028947905,0.07798304803726619,0.07798304803726619,36.23194885253906,32.58433714463535,0.10067390309997351,0.8993260969000265,0.8726646018583275,0.8876123876123876,1.0,0.05206064541912279,255719.14939249068,268400.50651981373,2271380.6037724903,16836334.16889702
2,full_periodic_coordinates,internal_test,case_20,400360,0.5989152462795524,0.7693833467277879,0.941700355141021,-0.4386274006210322,1.4321213221899431,-0.9904615734793322,5.788521283110883,5.349893882489851,10.149102687835692,9.745397649773517,0.03977741190322559,0.03977741190322559,16.289631748199415,15.063961188657457,0.07524237370666399,0.07524237370666399,36.26679992675781,32.58433714463535,0.1015381227337217,0.8984618772662784,0.8851533619742232,0.9055944055944056,1.0,0.05260765311219902,239781.7080004816,236993.39595314048,2317492.380906273,17479945.55924125
2,full_periodic_coordinates,internal_test,case_27,400360,0.7081687148823035,0.8778859626286794,0.8842093117732724,-0.41574194113791,0.9779360485208755,-0.19908901888378236,4.916951870695414,4.501209929557505,8.11301689147949,8.336805699113354,0.027583919844773604,0.0,13.111589975357049,12.642468892471602,0.035779114795928664,0.035779114795928664,27.218610763549805,28.12826128036389,0.03342016698487262,1.0334201669848726,0.8473373963432911,0.8913586413586414,1.0,0.05245029473473874,283522.42669027904,308550.9515070102,1968550.850951616,12344000.055735279
2,full_periodic_coordinates,internal_test,case_42,400360,0.8890087413985576,1.1344889456053073,0.8151084708481801,0.5953562123702334,2.1415486157413137,-0.7523638234642973,4.11715438872547,4.7125106010957,8.91228380203247,9.048620991025356,0.015297671396168324,0.0,13.76958976745605,13.018250868494865,0.054565089566934566,0.054565089566934566,24.76995849609375,26.25482121319615,0.05994611243844284,1.0599461124384428,0.7543710660405635,0.6298701298701299,0.9205794205794205,0.03988660205814767,355923.5397063265,515289.410540629,1648343.931070129,9573468.703283088
2,full_periodic_coordinates,internal_test,case_43,400360,0.8379363900420043,1.0951874373083097,0.8292688368827971,0.4928524987608729,2.0847389743174554,-0.9191780769645044,4.204806520399298,4.697659019160174,9.005365419387815,8.870271798035722,0.015001459136932665,0.015001459136932665,13.601225948333738,12.959000670920194,0.047218190467030824,0.047218190467030824,24.57630157470703,26.43128609845331,0.07547858729302687,1.0754785872930268,0.7518233589769208,0.6588411588411588,0.9445554445554446,0.04092816465181337,335476.21311721683,480206.0059233989,1683436.3385070632,9891168.235563483
2,full_periodic_coordinates,internal_test,case_68,400360,0.7097116999646814,1.015669453536483,0.8751536164783889,-0.011311777931314828,2.4217110787422254,-1.4971684387875426,4.470923505812859,4.459611727881544,9.673214769363403,8.955979322761273,0.07414654421544818,0.07414654421544818,14.204864883422841,13.001928106346673,0.0846848447309064,0.0846848447309064,30.399791717529297,27.1413533542126,0.10718620685278567,0.8928137931472143,0.7589669297632131,0.653096903096903,0.9288211788211789,0.05182835448096713,284140.17619785987,413005.1459368241,1789978.9347872362,11310965.499439059
2,full_periodic_coordinates,internal_test,case_84,400360,0.5879635782789953,0.7488461139132444,0.9445666613640479,-0.3754760941626687,1.273742906235599,-0.7894043638133894,5.8500024248584594,5.47452633069579,10.052421236038205,9.811753706465199,0.023941249965750182,0.023941249965750182,16.077098846435536,15.057721128369769,0.06340557632957355,0.06340557632957355,35.38292694091797,32.65108651745006,0.07720786999983087,0.9227921300001691,0.8812568688180638,0.9043456543456544,1.0,0.05310470576481167,235397.09819977853,224510.0783100234,2342106.970816333,17751422.6822564
2,full_periodic_coordinates,internal_test,case_94,400360,0.5466227379595553,0.8213332128561335,0.8852083479275195,0.2898438884812747,1.6858633823473015,0.7454512822039935,4.538194797936468,4.8280386864177425,7.718307733535765,8.759489724043718,0.13489770380417138,0.0,12.303719158172552,13.415914039096947,0.09039501524916045,0.0,24.009641647338867,30.3336287177359,0.263393646739328,1.263393646739328,0.7904386052552702,0.7994505494505495,1.0,0.04578379458487361,218845.87936948755,270078.1503849861,1816911.6693018444,10598267.30129735
2,full_periodic_coordinates,internal_test,case_100,400360,0.5530759909824706,0.7253836349151617,0.9465541020825087,-0.3576621685598604,1.341024282474945,-0.8661409161580049,5.697571016647155,5.339908848087295,10.016252183914181,9.730872485243118,0.028491664689650566,0.028491664689650566,16.072310028076142,14.94507571774645,0.07013517710649975,0.07013517710649975,36.00269317626953,32.167539423845234,0.10652407956391895,0.893475920436081,0.8821061045059446,0.8988511488511488,1.0,0.052627635128384455,221429.50374974194,210661.992431502,2281079.532224855,16938205.916138913
2,full_periodic_coordinates,internal_test,case_114,400360,0.7084714138430238,0.9775738879852062,0.7762132763222342,0.48957350556148516,1.732323887154942,1.5331073744487516,3.8466171109917005,4.336190616553186,6.512721204757687,8.309571507507183,0.27589854474913755,0.0,10.346745529174791,12.16153106987864,0.1753967501748917,0.0,23.000751495361328,26.71024030019296,0.16127685243587556,1.1612768524358756,0.8000799280647417,0.8516483516483516,1.0,0.04676541112998302,283643.615246193,382604.3168425343,1540031.6265566372,7633594.826299871
2,full_periodic_coordinates,internal_test,case_124,400360,0.43570226630580966,0.6228036643409388,0.944163570648503,-0.18274139254371816,1.3350667498117874,-0.9400333598303833,4.68614249334891,4.503401100805192,8.326841783523559,8.03367250799105,0.03520773939918106,0.03520773939918106,13.333128252029367,12.258331954057395,0.08061096223299152,0.08061096223299152,28.74965476989746,27.824949183110512,0.03216405881002679,0.9678359411899732,0.8391447697072635,0.8708791208791209,1.0,0.0530172844440004,174437.75933819395,155293.40011215425,1876144.0086371698,11573098.271248205
2,full_periodic_coordinates,internal_test,case_156,400360,0.42821293528261484,0.5973326318879517,0.9485201576049793,-0.18119067899522626,1.2689899985695,-0.8309495192995502,4.732292953646106,4.551102274650881,8.350664710998535,8.118460204582677,0.027806709340158865,0.027806709340158865,13.289695453643796,12.257714340236765,0.07765272853743843,0.07765272853743843,28.11277961730957,27.488173576195862,0.02221786851447184,0.9777821314855282,0.8544310120891198,0.8646353646353646,1.0,0.051413727645119395,171439.33076974767,142850.95950559742,1894620.8069217552,11740791.85297921
2,full_periodic_coordinates,internal_test,case_164,400360,0.5054495131563533,0.7051214409959775,0.9140892248063539,0.2522851552738394,1.0809118522835104,0.25784589102879146,4.41744805846477,4.66973321373861,7.523049545288086,8.104444910334012,0.07728187373298254,0.0,11.752422008514381,12.242248575186562,0.04167877619756261,0.0,27.64034652709961,26.921056839213794,0.026023179093670107,0.9739768209063299,0.8081226895793786,0.8394105894105894,1.0,0.054735737835947644,202361.76708727764,199057.48926965636,1768569.5046869554,10129589.802121753
2,full_periodic_coordinates,internal_test,case_176,400360,0.53767400487294,0.7017118332810908,0.9127862976411026,0.21755514729395956,1.109876011762439,-0.30416723879615304,4.060998864911518,4.2785540122054755,7.827819538116455,7.984267437848562,0.01998614032557927,0.0,11.872080402374266,11.597262825872889,0.02314822400010169,0.02314822400010169,27.17892074584961,27.596393801586153,0.015360177824584676,1.0153601778245847,0.8121190928164652,0.8246753246753247,1.0,0.051616045558996904,215263.16459093028,197137.06260559175,1625861.5055559753,8863012.667989213
2,full_periodic_coordinates,internal_test,case_190,400360,0.42676159150382126,0.6104069648672139,0.9465443327034743,-0.17014440430382774,1.2604684056416515,-0.856812312699797,4.71106754251522,4.540923138211393,8.360267305374144,8.13416836041928,0.027044463615358817,0.027044463615358817,13.360542898178092,12.374301763795481,0.07381744453790871,0.07381744453790871,28.387516021728516,27.85661653760386,0.018701864711174195,0.9812981352888258,0.8375961634528925,0.8728771228771228,1.0,0.05239284643820562,170858.2707744699,149172.79990195466,1886123.0013213935,11676241.904284762
3,physical_only,validation,case_15,400360,1.6559642909979773,2.2611756874931443,-0.522263944816943,1.235329217542086,2.6408066986159633,-1.0830968400540169,3.3780577288595954,4.613386946401683,5.832143068313598,7.730404610741625,0.3254826776697922,0.0,9.363036231994613,9.071092210094486,0.031180486187004107,0.031180486187004107,18.940412521362305,14.535363998638141,0.23257405390488964,0.7674259460951104,0.24542911379758217,0.07617382617382618,0.35514485514485516,0.01336796882805475,662981.8635439501,2047006.8454603336,1352439.1923262277,5913329.831794531
3,physical_only,validation,case_24,400360,1.691549248572647,2.315035882193173,0.333664736045171,0.014005599883838026,5.766442351904516,-4.607435210928583,5.304625899199469,5.318631499083308,9.102337694168089,8.538982698240487,0.061891243201023655,0.061891243201023655,14.59939882278439,10.092041978882115,0.3087357841658465,0.3087357841658465,27.87183380126953,14.382697053123705,0.4839701917112971,0.5160298082887028,0.2859426516135478,0.13111888111888112,0.4140859140859141,0.02299930062943351,677228.657158545,2145685.835145673,2123760.0250034994,14485881.92450586
3,physical_only,validation,case_36,400360,2.661006675068081,3.6091373882277793,-0.07004431516222787,-2.423531362168518,10.65358799392427,-9.733803274175562,3.0640295821179975,0.6404982199494809,9.813024330139159,5.313550132636931,0.45852064013362337,0.45852064013362337,19.2957092285156,8.103081265518831,0.5800578683294041,0.5800578683294041,31.747325897216797,13.796149180771428,0.5654390160154906,0.4345609839845094,0.5842741532620641,0.05719280719280719,0.9398101898101898,0.5312418823059246,1065360.6324302568,5215038.389008813,1226714.8834967616,8632356.497202441
3,physical_only,validation,case_39,400360,4.538093842026612,5.528564036637034,-6.513425566598743,3.7879417162929228,5.047392027037313,-3.4461048505799594,3.087728669230164,6.8756703855230885,6.646077251434326,11.860910682341382,0.784648332184465,0.0,10.974815073013293,12.443140801197073,0.13379047559483206,0.0,22.030895233154297,12.930706624438145,0.4130648578919879,0.5869351421080121,0.006893795583974423,0.0,0.0,0.009231691477670096,1816871.2505937745,12237011.53018914,1236203.0500129885,5445745.664773294
3,physical_only,validation,case_63,400360,2.2309471874387885,3.092014292268519,-0.49731103819682776,-0.6938593546068343,8.491082497875706,-7.636281802048843,3.589908255421658,2.896048900814824,8.285945415496824,6.476405127860604,0.2183867014441008,0.2183867014441008,13.304288787841797,6.9839210698224266,0.47506242677137883,0.47506242677137883,25.949066162109375,9.79935995994407,0.6223617490230527,0.37763825097694725,0.023478869017883906,0.0,0.0,0.08402437805974623,893182.0159629934,3827662.7522952096,1437255.669140615,7715973.792316836
3,physical_only,validation,case_74,400360,2.764923192091149,3.605472405551798,-0.637269312525655,2.1200280965962195,4.874343697875853,-3.5833719070690155,5.210357342896367,7.330385439492585,9.183551406860351,11.568615534806838,0.25971043469792987,0.0,13.751770725250228,14.108637067156565,0.02595057385963237,0.0,29.059873580932617,15.510025337709681,0.46627347519204454,0.5337265248079555,0.1038565291237886,0.03196803196803197,0.17382617382617382,0.0391048056748926,1106964.6491856123,5204452.302134378,2086018.6658019896,14047641.96894774
3,physical_only,validation,case_78,400360,2.1340537706717204,2.4873457850887344,-0.9646195419414005,1.9661482452366357,2.4361152617906416,-1.10696246339417,3.235144727900909,5.201292973137543,5.647890686988831,7.149997019224063,0.26595881816474737,0.0,8.848848810195921,7.644899792849666,0.13605713502066255,0.13605713502066255,20.279897689819336,10.537634689402841,0.4803901454250031,0.519609854574997,0.18838045758817065,0.007992007992007992,0.11363636363636363,0.007952842441802378,854389.76762613,2476982.901899133,1295222.5432624079,5451027.589212791
3,physical_only,validation,case_117,400360,2.3814126078559696,2.997972023051282,-0.19428569239026228,1.5250881652657189,5.7640353402963225,-4.0626468907636974,5.137139844130944,6.662228009396664,8.875784015655517,10.058021071697198,0.13319804244406985,0.0,13.745235443115213,11.202901365715942,0.18496111528396475,0.18496111528396475,30.055034637451172,13.18715071161368,0.5612332219647036,0.4387667780352963,0.16410230792286942,0.11788211788211789,0.270979020979021,0.046618043760615444,953422.351681216,3598370.1214496377,2056705.307996265,13578572.17672394
3,physical_only,validation,case_124,400360,1.423719540465008,2.0096924880145783,0.41860065498626065,0.44358852496213413,4.991631761008354,-3.943501785865358,4.68614249334891,5.129731018311044,8.326841783523559,7.646944452666759,0.08165128490877811,0.08165128490877811,13.333128252029367,10.408028460538052,0.21938585875719752,0.21938585875719752,28.74965476989746,10.55698720292089,0.6327960357292824,0.3672039642707175,0.3212608652213008,0.17957042957042957,0.5534465534465535,0.030532520731341793,570000.3552205706,1616999.5495555883,1876144.0086371698,11573098.271248205
3,physical_only,validation,case_148,400360,1.849560255268572,2.3267017944040673,-0.04644056883362202,1.3192529312254697,3.451761982197412,-2.1930324412473134,4.050931678325365,5.370184609550836,7.333276700973511,8.025520482876127,0.09439760834480974,0.0,11.485404291152937,10.363515218490033,0.09767954564099077,0.09767954564099077,26.239187240600586,10.499695309133743,0.5998467782993183,0.4001532217006816,0.2830952143071236,0.10514485514485515,0.5077422577422578,0.0179838145668898,740489.9437993255,2167365.370879673,1621831.0067343432,8641105.258012155
3,physical_only,validation,case_150,400360,4.162093595759076,4.540045024349433,-3.165495470123406,3.9119424839880126,3.0935372550178037,-1.358039259657362,3.788771955886119,7.700714439874136,7.405756855010986,10.197781157228105,0.3770072872873137,0.0,10.835816211700429,11.460491092699048,0.05764908418473356,0.0,22.92385482788086,13.676252259013287,0.4034052142757547,0.5965947857242453,0.19047856928764112,0.0919080919080919,0.3583916083916084,0.0208812069137776,1666335.7919981037,8252223.85242434,1516872.7402585666,7728175.482668079
3,physical_only,validation,case_156,400360,1.4295713866472104,2.0153397991720623,0.413995042125743,0.3798515725071476,4.993762752296642,-3.9072428233948955,4.732292953646106,5.112144526153254,8.350664710998535,7.666165438374455,0.08196943552559784,0.08196943552559784,13.289695453643796,10.408028460538052,0.21683468994134422,0.21683468994134422,28.11277961730957,10.532590208040906,0.6253451152316581,0.37465488476834186,0.27125586971725446,0.12762237762237763,0.4158341658341658,0.024118293535817764,572343.2003580772,1626099.9764729615,1894620.8069217552,11740791.85297921
3,physical_only,validation,case_165,400360,2.1387506477882585,2.925123173320117,-0.3199647082783368,0.7989966334237524,7.425726906637087,-6.09808244245627,3.916683115704931,4.715679749128684,8.25058135986328,7.466344363432564,0.09505233173577364,0.09505233173577364,13.54518896102898,9.907861226962396,0.2685328159342466,0.2685328159342466,26.689733505249023,12.145748577977715,0.5449280684803753,0.45507193151962466,0.22694574882605656,0.003996003996003996,0.016983016983016984,0.05916674992506744,856270.2093485072,3425618.516046215,1568083.252203626,8736920.126982423
3,physical_only,validation,case_181,400360,2.9300090118998887,3.5171494755756525,-0.9135117285016003,2.409159892943396,4.429918933693269,-3.4667467947124604,4.400496773867756,6.809656666811154,8.348705530166626,9.714198552126664,0.1635574541497555,0.0,12.506495037078853,10.206649848556212,0.18389206421976212,0.18389206421976212,29.049291610717773,11.181186983835534,0.6150960535054761,0.38490394649452386,0.07168548306524128,0.003996003996003996,0.1281218781218781,0.02659606354281147,1173058.4080042394,4952589.49597291,1761782.8883856947,10340940.005454497
3,physical_only,validation,case_190,400360,1.4406415558346517,2.004711077619591,0.42342159160632453,0.46881563834420326,4.949091142263085,-3.8850617007373995,4.71106754251522,5.179883180859423,8.360267305374144,7.676064795788464,0.08183978868066354,0.08183978868066354,13.360542898178092,10.408028460538052,0.2209876095710646,0.2209876095710646,28.387516021728516,10.54619484374813,0.6284918047892668,0.3715081952107331,0.2899390548506344,0.0899100899100899,0.49125874125874125,0.03213108202617644,576775.2532939612,1608993.393833984,1886123.0013213935,11676241.904284762
3,physical_only,internal_test,case_16,400360,2.0746154581806255,2.7363081244663228,0.21382024076216455,0.888022198582542,4.815706846888174,-3.181012572984939,5.625429952986378,6.513452151568917,9.801409292221068,11.630922438269128,0.18665817246302127,0.0,15.720469598770103,13.215338650207624,0.15935471474455631,0.15935471474455631,34.04954528808594,14.54879594705756,0.572716879947638,0.42728312005236196,0.2636627035667899,0.13011988011988013,0.4627872127872128,0.0543111199920072,830593.0448371952,2997648.318382889,2252197.1359776263,16482507.138438577
3,physical_only,internal_test,case_47,400360,1.8107793533560392,2.468756666753439,0.23550491153722053,0.42514823016684683,4.594792535155702,-3.1532014875295893,5.241447492183958,5.666595722350804,9.033231782913207,9.947021458975941,0.10115866591524988,0.0,14.435490150451656,12.611534017216753,0.12635221348392076,0.12635221348392076,29.597883224487305,13.461900558477614,0.5451735363514056,0.4548264636485943,0.3248076730942152,0.11963036963036963,0.564935064935065,0.05467079628334499,724963.6219096238,2440097.905268491,2098465.917970769,14190776.00859728
3,physical_only,internal_test,case_48,400360,2.2284848135128503,3.0270151042790525,0.17621758340876859,0.36067001149179717,7.182224255976424,-5.815359233941911,6.037508846064417,6.398178857556216,10.65202441215515,10.901270232790953,0.023398915641930532,0.0,16.89704576492309,12.274330484882576,0.27358127239241425,0.27358127239241425,36.57381820678711,14.382659837266857,0.6067498406661346,0.39325015933386537,0.12493755619942053,0.036213786213786216,0.1048951048951049,0.05529023878509342,892196.1799380048,3668426.791972362,2417177.04161035,19046877.92117989
3,physical_only,internal_test,case_52,400360,2.064638317601468,2.752160216157321,0.18017221709358677,0.4406458233258899,4.903779085740999,-3.547438311803414,5.676126365691693,6.116772189017583,9.567922735214232,10.99011255134781,0.14864144030963836,0.0,15.024835319519037,12.711515399620112,0.15396640766462505,0.15396640766462505,33.935302734375,13.45487739585998,0.6035138539597948,0.39648614604020516,0.22899390548506343,0.12487512487512488,0.41058941058941056,0.05183334998501349,826598.5968349238,3032481.121067588,2272493.951768326,16597887.395390868
3,physical_only,internal_test,case_67,400360,1.8253425129794627,2.4699456778067295,0.3285934327547647,0.0228839069592923,5.225462768993809,-4.011927999029226,5.645845615440947,5.668729522400239,9.483993959426876,9.669517630319147,0.01956176603295546,0.0,15.007321405410755,11.905214481999959,0.20670623621696801,0.20670623621696801,33.35513687133789,13.434091494413176,0.5972407024970986,0.40275929750290146,0.2642122090118893,0.17157842157842157,0.4682817182817183,0.05493056249375562,730794.1284964577,2442448.8879209314,2260370.7505979375,16399513.343570031
3,physical_only,internal_test,case_68,400360,3.678694748564097,4.512368470206124,-1.4642246416684999,2.8324957154015067,6.718658232713043,-5.603124489336543,4.470923505812859,7.303419221214367,9.673214769363403,11.008087864278904,0.1379968424916249,0.0,14.204864883422841,11.956835076789469,0.1582577395197075,0.1582577395197075,30.399791717529297,12.712355650547496,0.5818275411664342,0.41817245883356585,0.014636826855829753,0.0,0.011738261738261738,0.06899790188830053,1472802.229535122,8151917.81328007,1789978.9347872362,11310965.499439059
3,physical_only,internal_test,case_95,400360,2.2635045342415276,3.3051079462949904,-0.05145680950659104,0.31018851074989956,8.605317434634655,-7.086909097986216,4.895934174812619,5.2061226855625184,10.778055810928343,9.632755230270803,0.10626226109316209,0.10626226109316209,16.617831211090085,11.342247819918166,0.31746521698037244,0.31746521698037244,34.6576042175293,14.716731460603526,0.5753678942077588,0.42463210579224125,0.27160555500049954,0.0,0.04795204795204795,0.06779898091717454,906216.6753289379,4373427.9605381135,1960136.20622798,13756096.419497095
3,physical_only,internal_test,case_116,400360,2.0422154388928013,2.800687763263701,0.14484704964764283,0.6880557509643119,4.759447408041491,-3.1928442468148064,5.529623456611647,6.217679207575958,9.626658058166502,11.680510037783886,0.21335046567640964,0.0,15.341071567535392,13.233957100328396,0.13735119205532217,0.13735119205532217,35.28178024291992,14.391826070113883,0.5920890054009696,0.4079109945990303,0.24727745029473475,0.15634365634365635,0.4742757242757243,0.04987511239884104,817621.3731151219,3140364.5656190393,2213840.047089039,15913985.93365754
3,physical_only,internal_test,case_133,400360,1.4679980246600284,2.0226078366992977,0.3606444809201984,0.6959279753087412,4.4456882566674665,-3.3062759526503815,4.494560615819249,5.190488591127989,8.05308094024658,7.679012555663345,0.046450344577286966,0.046450344577286966,12.81892926216123,10.29512792254979,0.19688082272683788,0.19688082272683788,28.935829162597656,10.54619484374813,0.6355316177571264,0.3644683822428736,0.29333599760215806,0.1356143856143856,0.497002997002997,0.02725547007693076,587727.689152889,1637849.7237169528,1799442.2881493943,10649422.287634764
3,physical_only,internal_test,case_139,400360,1.4183625473265253,1.9969470820689896,0.41921479181408416,0.4228811866016572,4.983627582500328,-3.9459425239019987,4.656545949523149,5.0794271361248065,8.312557744979857,7.582747400089458,0.08779612332090547,0.08779612332090547,13.217778148651119,10.298355118761906,0.22087093587564424,0.22087093587564424,29.612136840820312,10.55698720292089,0.6434912056610488,0.3565087943389512,0.2942851433709661,0.1476023976023976,0.5064935064935064,0.029153761614546907,567855.6294476477,1596554.6665870312,1864294.736351088,11430133.00250851
3,physical_only,internal_test,case_157,400360,1.7468390523307116,2.3232382610915594,-0.006563734884438066,1.2356528534201727,3.658793557171403,-2.3274769271405873,4.141123750788858,5.376776604209031,7.273385071754455,7.927091223738089,0.08987646680804018,0.0,11.7065015220642,11.203464543842061,0.04297073530243198,0.04297073530243198,26.843324661254883,14.476689961734419,0.46069683452326665,0.5393031654767333,0.253471875312219,0.1386113886113886,0.4792707292707293,0.009271655510040963,699364.4829911237,2160917.484086301,1657940.3048658273,9012562.259375302
3,physical_only,internal_test,case_182,400360,1.5912713222215569,2.2289185892262737,0.2151156166353445,0.822529437907957,4.593588852368685,-3.4446049675557058,4.5172521324672905,5.33978157037525,8.005867195129394,7.643078451287508,0.04531535872373692,0.04531535872373692,12.821896562576253,10.4467464133525,0.18524171815238255,0.18524171815238255,27.602649688720703,12.613566756538644,0.5430305822526547,0.4569694177473454,0.23348985912678588,0.017482517482517484,0.4095904095904096,0.013347986811869317,637081.3865646225,1989019.7390672406,1808527.0637546044,10703729.078933505
3,physical_only,internal_test,case_189,400360,1.4111049773968223,1.995007100138937,0.37493774235560084,0.4827502397430276,4.6886523207429605,-3.6079529237146977,4.50395661685842,4.9867068566014465,7.995612788200375,7.609249972445948,0.04832185174407226,0.04832185174407226,12.753865308761585,10.293735631107658,0.19289286958079124,0.19289286958079124,29.364471435546875,10.543382567213666,0.6409476468747033,0.3590523531252967,0.2801478669197722,0.13686313686313686,0.47052947052947053,0.02647617144569887,564949.9887505918,1593454.1510405657,1803204.071125437,10670825.610614894
3,physical_only,internal_test,case_191,400360,1.431688361328496,2.0275182253713724,0.38612524699769046,0.4563612503110291,4.855594413509281,-3.7652810630457005,4.650895452266001,5.107256702577029,8.205350446701049,7.644109972201777,0.06839933018642948,0.06839933018642948,13.111052494049055,10.235660461059782,0.21931054233017358,0.21931054233017358,29.264482498168945,10.532590208040906,0.6400896476231923,0.3599103523768077,0.25746827854930565,0.1446053946053946,0.43456543456543456,0.02935358177640124,573190.7523414767,1645811.9605407484,1862032.503269216,11341140.896453092
3,physical_only,internal_test,case_192,400360,1.466671709586576,2.0322429289458874,0.37776648965709125,0.5655321346782427,4.717227758999918,-3.6787120271190776,4.594875131585384,5.1604072662636264,8.175111389160156,7.644109972201777,0.0649534167402861,0.0649534167402861,12.946696014404287,10.29512792254979,0.20480654592526187,0.20480654592526187,29.42413902282715,10.55698720292089,0.6412133862360148,0.35878661376398524,0.2719552402837446,0.1505994005994006,0.4677822177822178,0.026376261364771704,587196.6856500816,1653491.3329762344,1839604.2076815246,11110100.202361241
3,position_only_periodic,validation,case_15,400360,1.3663480631668494,1.6302947656377988,0.20867731657489053,1.288902167751234,2.6292234703398467,2.10320414614462,3.3780577288595954,4.6669598966108286,5.832143068313598,8.419304463823133,0.4436038974362181,0.0,9.363036231994613,11.818546381064358,0.262255756383701,0.0,18.940412521362305,26.332180328634244,0.39026435136695115,1.3902643513669513,0.7335398141672494,0.7177822177822177,0.995004995004995,0.05475072434808672,547031.1105694799,1064101.2391146338,1352439.1923262277,5913329.831794531
3,position_only_periodic,validation,case_24,400360,0.7544954936505566,0.9207561331615254,0.8945936961250425,-0.5400614711786943,1.672343404969367,-1.2453911696307816,5.304625899199469,4.7645644280207735,9.102337694168089,8.692979271008742,0.04497288904383592,0.04497288904383592,14.59939882278439,13.12324994400159,0.10111025095629732,0.10111025095629732,27.87183380126953,29.979079206124958,0.07560483532875557,1.0756048353287555,0.810220801278849,0.8701298701298701,1.0,0.052357877909881105,302069.8158379368,339421.9477702575,2123760.0250034994,14485881.92450586
3,position_only_periodic,validation,case_36,400360,2.5604174425969086,3.15818509728447,0.1806487988929265,1.6962106156627497,6.940426812336425,-5.330842053409603,3.0640295821179975,4.760240197780748,9.813024330139159,8.768597399704172,0.1064327260686794,0.1064327260686794,19.2957092285156,13.506390818060506,0.30003138738738455,0.30003138738738455,31.747325897216797,26.14295834541418,0.17653038148620692,0.8234696185137931,0.4869117793985413,0.49975024975024973,0.9228271728271729,0.04500449595364172,1025088.7273180983,3993243.9314030213,1226714.8834967616,8632356.497202441
3,position_only_periodic,validation,case_39,400360,1.8179928724467371,2.0637104232922066,-0.04691353604756077,1.683692833020305,3.4057999852947365,1.6317463248685233,3.087728669230164,4.77142150225047,6.646077251434326,8.690746806173507,0.30765058505720955,0.0,10.974815073013293,13.381854080715215,0.21932387850623117,0.0,22.030895233154297,29.077328979420354,0.3198432778919432,1.3198432778919433,0.6220901188929963,0.482017982017982,0.794955044955045,0.051236387251473677,727851.6264127757,1705093.4887379934,1236203.0500129885,5445745.664773294
3,position_only_periodic,validation,case_63,400360,1.5722893383765089,1.9301570379218504,0.4165356436635699,1.2096737357960348,2.888460681459607,-0.5042130342037775,3.589908255421658,4.799581991217693,8.285945415496824,8.845049141925701,0.06747615370277608,0.0,13.304288787841797,13.894714924377325,0.04437863202992805,0.0,25.949066162109375,28.47360406824769,0.09728819874931083,1.0972881987493108,0.5664402038165651,0.4852647352647353,0.939060939060939,0.04631082026176441,629481.7595124191,1491543.6586444746,1437255.669140615,7715973.792316836
3,position_only_periodic,validation,case_74,400360,0.7244636859409862,0.8817756998563335,0.9020708415639128,-0.4120035319190917,1.3422971265222825,-0.437576980737431,5.210357342896367,4.798353810977277,9.183551406860351,8.798423753822316,0.04193667961071516,0.04193667961071516,13.751770725250228,13.808414585288334,0.00411902300945867,0.0,29.059873580932617,29.037806780484352,0.0007593563814655973,0.9992406436185344,0.8009791187930863,0.8513986013986014,1.0,0.048508842042162055,290046.28130333323,311291.2641613993,2086018.6658019896,14047641.96894774
3,position_only_periodic,validation,case_78,400360,1.4954386616732753,1.7125499738948309,0.06869349069549957,1.4667931531284497,3.3690578372376696,3.2131823867374707,3.235144727900909,4.701937881029356,5.647890686988831,8.478745719195347,0.50122341048987,0.0,8.848848810195921,12.68075591417239,0.4330401825332608,0.0,20.279897689819336,26.946740175309166,0.3287414259903607,1.3287414259903607,0.8393945449095814,0.8881118881118881,1.0,0.05335448096712958,598713.8225875125,1174186.7831035857,1295222.5432624079,5451027.589212791
3,position_only_periodic,validation,case_117,400360,0.5802531822174549,0.7236717526134518,0.9304116851184268,-0.3327096594297479,1.0906692642089832,-0.2791060510902301,5.137139844130944,4.8044301847011965,8.875784015655517,8.785071072361463,0.010220273852321176,0.010220273852321176,13.745235443115213,13.607141398835116,0.01004668452945751,0.01004668452945751,30.055034637451172,29.037806780484352,0.03384550606038116,0.9661544939396188,0.8551303826556099,0.8878621378621379,1.0,0.04942301928264562,232310.16403258027,209668.85450224104,2056705.307996265,13578572.17672394
3,position_only_periodic,validation,case_124,400360,0.4632898519497124,0.7001656728626537,0.9294305148035911,0.08544280580419679,0.9715948656962358,-0.23906888002375754,4.68614249334891,4.771585299153107,8.326841783523559,8.71488537694109,0.04660153315094315,0.0,13.333128252029367,13.17696083476632,0.011712736449473344,0.011712736449473344,28.74965476989746,29.669113331947024,0.031981551410220375,1.0319815514102204,0.8179638325507044,0.8416583416583416,1.0,0.052560195823758614,185482.72512658685,196269.27129108895,1876144.0086371698,11573098.271248205
3,position_only_periodic,validation,case_148,400360,0.7560220122271646,0.910403519322037,0.8397858114797987,0.6678007110455535,1.4722140351630928,1.1481777674570175,4.050931678325365,4.718732389370918,7.333276700973511,8.529541445404305,0.16312827037768635,0.0,11.485404291152937,12.765201538717417,0.1114281408927234,0.0,26.239187240600586,29.669113331947024,0.13071769563194485,1.130717695631945,0.8411429713258067,0.8806193806193806,1.0,0.052917374363073234,302680.9728152676,331832.2076420581,1621831.0067343432,8641105.258012155
3,position_only_periodic,validation,case_150,400360,1.0571733125474836,1.2266631135491632,0.6959136268342567,1.0161659496031425,2.319872294338433,1.8839284411786037,3.788771955886119,4.804937905489261,7.405756855010986,8.801759507583329,0.18850236105547544,0.0,10.835816211700429,13.711278251328862,0.26536644618644706,0.0,22.92385482788086,29.979079206124958,0.30776780045139995,1.3077678004514,0.8166650014986512,0.8494005994005994,1.0,0.04982515735837746,423249.90741151053,602422.650518742,1516872.7402585666,7728175.482668079
3,position_only_periodic,validation,case_156,400360,0.48383921549852493,0.7212707296489388,0.9249412472035244,0.03275684881070576,0.9913469123022046,-0.22275753676890683,4.732292953646106,4.765049802456812,8.350664710998535,8.702015059149286,0.042074536615988506,0.0,13.289695453643796,13.178331394834927,0.008379729934167518,0.008379729934167518,28.11277961730957,29.669113331947024,0.05536036407012523,1.0553603640701252,0.8143171145968628,0.8364135864135864,1.0,0.05244779698271555,193709.86831698945,208279.8695068864,1894620.8069217552,11740791.85297921
3,position_only_periodic,validation,case_165,400360,1.2013240222864492,1.5058772034086452,0.6501731653084214,0.8623801147222843,2.449346933728515,-0.424476578571277,3.916683115704931,4.779063230427213,8.25058135986328,8.872430343810164,0.07537032323225154,0.0,13.54518896102898,13.61928940546179,0.005470609870855653,0.0,26.689733505249023,26.235345181527382,0.01702483554705698,0.982975164452943,0.6507143570786292,0.5434565434565435,0.999000999000999,0.045806274353082224,480962.0855626028,907882.8205129653,1568083.252203626,8736920.126982423
3,position_only_periodic,validation,case_181,400360,0.5185883750881607,0.6771043133317923,0.9290813209689536,0.40501180930028374,1.22942134961303,0.6200184033658073,4.400496773867756,4.80550858316804,8.348705530166626,8.786754301254263,0.052469064755586596,0.0,12.506495037078853,13.669573113417359,0.09299792410985247,0.0,29.049291610717773,29.077328979420354,0.0009651653155024391,1.0009651653155025,0.8398441402737536,0.8783716283716284,1.0,0.04953791587571186,207622.041850296,183553.1497434149,1761782.8883856947,10340940.005454497
3,position_only_periodic,validation,case_190,400360,0.47349386194199405,0.708399294588316,0.9280035579734701,0.05466291904669034,0.996012582443874,-0.2797260421781676,4.71106754251522,4.765730461561911,8.360267305374144,8.693964570548633,0.039914664565806675,0.0,13.360542898178092,13.122945088897723,0.0177835445079683,0.0177835445079683,28.387516021728516,29.669113331947024,0.0451465112071638,1.0451465112071638,0.8171145968628235,0.8431568431568431,1.0,0.05257518233589769,189568.00256709673,200912.4828710958,1886123.0013213935,11676241.904284762
3,position_only_periodic,internal_test,case_16,400360,0.9824884113161815,1.1497869028410934,0.8611881401212804,-0.8381283479927638,2.3512312282021415,-2.104537970086993,5.625429952986378,4.787301604993614,9.801409292221068,8.733015068169077,0.10900414340414563,0.10900414340414563,15.720469598770103,13.213598776518964,0.15946539042620364,0.15946539042620364,34.04954528808594,29.979079206124958,0.11954538739127453,0.8804546126087255,0.8462383854530923,0.9128371628371629,1.0,0.051690978119692275,393349.0603545464,529279.8923498658,2252197.1359776263,16482507.138438577
3,position_only_periodic,internal_test,case_47,400360,0.6197904147035619,0.7574328512068664,0.9280374734460228,-0.4494696350518047,1.3224169463087512,-0.9237760044826798,5.241447492183958,4.791977857132153,9.033231782913207,8.74282903363438,0.03214826722681228,0.03214826722681228,14.435490150451656,13.30981320934261,0.0779798212167965,0.0779798212167965,29.597883224487305,29.979079206124958,0.01287916364648256,1.0128791636464824,0.8422419822160055,0.9153346653346653,1.0,0.05104406034568888,248139.29043071804,229688.34326361667,2098465.917970769,14190776.00859728
3,position_only_periodic,internal_test,case_48,400360,1.3693969167589404,1.5933924485830926,0.7717405055588529,-1.2486474347119494,3.4108429874108204,-3.182725434112689,6.037508846064417,4.78886141135247,10.65202441215515,8.736005148514401,0.17987372066612584,0.17987372066612584,16.89704576492309,13.32087632021387,0.21164465637733312,0.21164465637733312,36.57381820678711,29.037806780484352,0.20604934884551587,0.7939506511544842,0.8390448596263363,0.8986013986013986,1.0,0.05114646817863922,548251.7495936094,1016473.8018989218,2417177.04161035,19046877.92117989
3,position_only_periodic,internal_test,case_52,400360,1.0680243567073187,1.237095347023953,0.8343537709691149,-0.8766579881591274,1.855314462628695,-1.5876682075774948,5.676126365691693,4.799468377532565,9.567922735214232,8.76915594468535,0.08348382534372516,0.08348382534372516,15.024835319519037,13.458721566016903,0.10423500292662552,0.10423500292662552,33.935302734375,29.979079206124958,0.11658135361917836,0.8834186463808217,0.8196123488860027,0.8948551448551448,1.0,0.05015985612948347,427594.23145134206,612712.904814472,2272493.951768326,16597887.395390868
3,position_only_periodic,internal_test,case_67,400360,1.0352895563584326,1.2007880302879033,0.8413122210931423,-0.84456862128633,1.753264156045343,-1.4951562889661714,5.645845615440947,4.801276994154619,9.483993959426876,8.778455713964043,0.07439252370690766,0.07439252370690766,15.007321405410755,13.535605747862306,0.09806651152402422,0.09806651152402422,33.35513687133789,29.979079206124958,0.10121552426049205,0.8987844757395079,0.8243081226895794,0.8938561438561439,1.0,0.04978769107802977,414488.5267836621,577275.8385548067,2260370.7505979375,16399513.343570031
3,position_only_periodic,internal_test,case_68,400360,1.1617472775400393,1.5152673150826865,0.722124859673545,0.31975736489793544,2.656608606091255,-1.5188932358192966,4.470923505812859,4.790680870710794,9.673214769363403,8.879201081367864,0.08208374433185396,0.08208374433185396,14.204864883422841,13.690964403432544,0.036177780232885044,0.036177780232885044,30.399791717529297,27.27151277629068,0.10290461758113857,0.8970953824188614,0.6316315316215406,0.6076423576423576,0.9975024975024975,0.04604106304326107,465117.1400359301,919240.5870761743,1789978.9347872362,11310965.499439059
3,position_only_periodic,internal_test,case_95,400360,1.0009630871429136,1.475932536976108,0.7903218601569324,-0.10877003959912825,3.9914165766597183,-3.2464884970950445,4.895934174812619,4.787164135213492,10.778055810928343,8.855048247566277,0.1784187795179391,0.1784187795179391,16.617831211090085,13.652594690103495,0.1784370344914629,0.1784370344914629,34.6576042175293,28.117649878611555,0.1887018588437204,0.8112981411562796,0.6634029373563792,0.6043956043956044,0.9952547452547452,0.04617344390048956,400745.58156853693,872134.957149226,1960136.20622798,13756096.419497095
3,position_only_periodic,internal_test,case_116,400360,0.932620363524276,1.098793999164798,0.8683723982487725,-0.7706296358855479,2.3095566114651223,-2.027266657837024,5.529623456611647,4.758993820726098,9.626658058166502,8.653587352176505,0.10108084239727619,0.10108084239727619,15.341071567535392,12.916471302945304,0.15804634336763027,0.15804634336763027,35.28178024291992,29.669113331947024,0.15908117085727852,0.8409188291427214,0.8435907683085223,0.8953546453546454,1.0,0.05261264861624538,373383.88874057913,483373.94641116424,2213840.047089039,15913985.93365754
3,position_only_periodic,internal_test,case_133,400360,0.4482380454662096,0.6549319788217218,0.9329634832039218,0.2414288725530097,0.8767336469072435,0.056215144112246,4.494560615819249,4.735989488372259,8.05308094024658,8.599121543151139,0.0678051800244092,0.0,12.81892926216123,12.821053197482795,0.0001656874203865523,0.0,28.935829162597656,28.698822453923373,0.008190769559167733,0.9918092304408322,0.8313517833949445,0.8731268731268731,1.0,0.05308971925267259,179456.58388285167,171728.77567621254,1799442.2881493943,10649422.287634764
3,position_only_periodic,internal_test,case_139,400360,0.4499359643754074,0.6825004331406718,0.9321596161333698,0.11234982186417183,0.9039698341445161,-0.1402904683369153,4.656545949523149,4.768895771387322,8.312557744979857,8.711164753221587,0.04795238968203945,0.0,13.217778148651119,13.208784905804233,0.0006803899071194297,0.0006803899071194297,29.612136840820312,29.669113331947024,0.001924092524392545,1.0019240925243926,0.8240083924467979,0.8548951048951049,1.0,0.05246777899890099,180136.3626973381,186490.4269577272,1864294.736351088,11430133.00250851
3,position_only_periodic,internal_test,case_157,400360,0.6274687550038058,0.7928739429890671,0.8827637097794422,0.5531919977468074,1.1511788526003741,0.771380475746826,4.141123750788858,4.694315748535665,7.273385071754455,8.460525740342977,0.1632170793759672,0.0,11.7065015220642,12.57083484583563,0.07383361477742532,0.0,26.843324661254883,27.156249328965895,0.011657448235638324,1.0116574482356384,0.8439404535917674,0.8851148851148851,1.0,0.053319512438805075,251213.3907533237,251685.94946062172,1657940.3048658273,9012562.259375302
3,position_only_periodic,internal_test,case_182,400360,0.42411371987948066,0.6479884992633482,0.9336636042317263,0.1992441309035517,0.8765491518560088,0.007863811688488754,4.5172521324672905,4.716496263370842,8.005867195129394,8.521044113207005,0.06434992056713529,0.0,12.821896562576253,12.742468516278747,0.0061947190035315,0.0061947190035315,27.602649688720703,28.698822453923373,0.0397125919998398,1.0397125919998398,0.8349485463083225,0.8821178821178821,1.0,0.05324957538215606,169798.16889094887,168106.79814529044,1808527.0637546044,10703729.078933505
3,position_only_periodic,internal_test,case_189,400360,0.46605837085798907,0.6901428154676467,0.9251981519921222,0.2348558745741452,0.9044387446314375,0.09951519112162838,4.50395661685842,4.738812491432565,7.995612788200375,8.613555617526522,0.0772852370037334,0.0,12.753865308761585,12.837208387972863,0.006534731016331495,0.0,29.364471435546875,28.698822453923373,0.02266851569538918,0.9773314843046108,0.8236087521230893,0.8573926073926074,1.0,0.0530647417324408,186591.1293567045,190690.30925471106,1803204.071125437,10670825.610614894
3,position_only_periodic,internal_test,case_191,400360,0.4183267446373547,0.6527040234018027,0.9363815888679163,0.09664177730669524,0.8840331416573877,-0.11106000228689146,4.650895452266001,4.747537229572695,8.205350446701049,8.634600951102323,0.052313488276890585,0.0,13.111052494049055,12.916471302945304,0.014841004655581155,0.014841004655581155,29.264482498168945,29.669113331947024,0.013826686796986622,1.0138266867969867,0.8267559196722949,0.8756243756243757,1.0,0.05303726646018583,167481.29548301132,170562.38498113977,1862032.503269216,11341140.896453092
3,position_only_periodic,internal_test,case_192,400360,0.4316230574441546,0.6523746137183306,0.9358795946064317,0.1636670273840878,0.8573145842832055,0.04469318162353132,4.594875131585384,4.7585421589694725,8.175111389160156,8.678578948464128,0.06158540664920466,0.0,12.946696014404287,13.122945088897723,0.013613440394162638,0.0,29.42413902282715,29.669113331947024,0.008325623697258406,1.0083256236972584,0.8289539414526925,0.8666333666333667,1.0,0.05250024977520232,172804.60727834172,170390.26799884113,1839604.2076815246,11110100.202361241
3,full_raw_coordinates,validation,case_15,400360,0.8176711980104806,1.1593331896817993,0.5998361203332846,0.6486315860649633,2.402899724715208,1.2291278723372083,3.3780577288595954,4.026689314924559,5.832143068313598,7.298839469277385,0.25148498309865575,0.0,9.363036231994613,11.549820511540796,0.233555037635514,0.0,18.940412521362305,29.91282126391548,0.5793120255526502,1.57931202555265,0.7053651713457888,0.5929070929070929,0.9945054945054945,0.029386052552702567,327362.840835476,538105.2371192011,1352439.1923262277,5913329.831794531
3,full_raw_coordinates,validation,case_24,400360,0.6013246169576182,0.7898419420721491,0.9224364411139025,-0.29588743575363985,1.4979530274424284,-0.6544169182466996,5.304625899199469,5.008738463445829,9.102337694168089,9.052378861014478,0.0054885717089599015,0.0054885717089599015,14.59939882278439,13.872545392292487,0.04978653157673506,0.04978653157673506,27.87183380126953,31.12628579219619,0.11676490374230133,1.1167649037423013,0.8246078529323608,0.8444055944055944,1.0,0.04508442401838345,240746.32364515204,249764.70348816595,2123760.0250034994,14485881.92450586
3,full_raw_coordinates,validation,case_36,400360,1.1498404029327103,1.9210277260996207,0.6968467691678486,0.11101126011639299,6.644807258225124,-5.13135349948614,3.0640295821179975,3.175040842234391,9.813024330139159,8.023431479295585,0.18236914437755153,0.18236914437755153,19.2957092285156,12.908523606222467,0.33101585158912006,0.33101585158912006,31.747325897216797,21.98407272341577,0.3075299382823592,0.6924700617176408,0.708462383854531,0.4592907092907093,0.9303196803196803,0.05257518233589769,460350.1037181399,1477467.5348861911,1226714.8834967616,8632356.497202441
3,full_raw_coordinates,validation,case_39,400360,1.9321539121492612,2.1399779351848056,-0.12572391034561048,1.8440541414634537,2.9266773692605885,1.9322388329950069,3.087728669230164,4.931782810693619,6.646077251434326,9.057144910554722,0.3627805648211584,0.0,10.974815073013293,12.934502518341704,0.1785622292759372,0.0,22.030895233154297,23.637928409361983,0.07294452445987132,1.0729445244598714,0.7714556898791088,0.5684315684315684,0.8976023976023976,0.05354930562493756,773557.1402680782,1833450.8472338377,1236203.0500129885,5445745.664773294
3,full_raw_coordinates,validation,case_63,400360,0.7997216693489766,1.0816589388397644,0.8167644533658094,0.34714179162007486,2.50196510748971,-1.155899305601357,3.589908255421658,3.937050047041734,8.285945415496824,8.152630614094921,0.0160892686008492,0.0160892686008492,13.304288787841797,11.946024139704114,0.10209224031418654,0.10209224031418654,25.949066162109375,22.659007238747744,0.12678910689147455,0.8732108931085254,0.7545209311619543,0.577922077922078,0.9403096903096904,0.05178089719252672,320176.56754055625,468415.6189703761,1437255.669140615,7715973.792316836
3,full_raw_coordinates,validation,case_74,400360,0.6005391143133232,0.8148355403738216,0.9163750836792928,-0.025042530353820782,1.4477642425953607,0.21042227359832252,5.210357342896367,5.185314812542547,9.183551406860351,9.40749503324256,0.024385296761655503,0.0,13.751770725250228,14.498062664063637,0.05426878863266018,0.0,29.059873580932617,28.229935408325513,0.02855959336146805,0.9714404066385319,0.7726546108502348,0.8496503496503497,1.0,0.0501923269057848,240431.83980648205,265821.80764734733,2086018.6658019896,14047641.96894774
3,full_raw_coordinates,validation,case_78,400360,1.180426712803201,1.3666149236532927,0.4069402510390171,1.149529938606945,2.130615717845893,1.8595521664208734,3.235144727900909,4.384674666507852,5.647890686988831,7.852144017657883,0.3902790356313091,0.0,8.848848810195921,10.980975191263745,0.24094957737453046,0.0,20.279897689819336,23.67410603461007,0.16736811973635607,1.1673681197363561,0.777899890098911,0.8211788211788211,0.9992507492507493,0.048264062343890496,472595.6387378896,747726.8889065968,1295222.5432624079,5451027.589212791
3,full_raw_coordinates,validation,case_117,400360,0.7140235334509565,0.8848181676456817,0.8959693910760721,-0.311880823557951,1.3454879189556261,-0.1341666129901551,5.137139844130944,4.825259020572993,8.875784015655517,9.08110913372844,0.023133180991195865,0.0,13.745235443115213,13.790981122903887,0.003328111764836072,0.0,30.055034637451172,26.766498024483393,0.10941716263637166,0.8905828373636283,0.8053751623538815,0.8319180819180819,0.9997502497502497,0.05154860625437106,285866.46185242495,313443.1210666712,2056705.307996265,13578572.17672394
3,full_raw_coordinates,validation,case_124,400360,0.432788313893989,0.6217710519469024,0.9443485714573573,-0.16210032428126708,1.3492853092143642,-0.9850308334494844,4.68614249334891,4.524042169067644,8.326841783523559,8.018191387756595,0.037066922104572124,0.037066922104572124,13.333128252029367,12.224533146925824,0.08314591175816594,0.08314591175816594,28.74965476989746,28.31189646443662,0.015226558682687122,0.9847734413173129,0.8360975122389849,0.8726273726273727,1.0,0.052767509241682484,173271.12935059742,154778.87214243715,1876144.0086371698,11573098.271248205
3,full_raw_coordinates,validation,case_148,400360,0.6998426905107827,0.8354206035003229,0.8650902050240538,0.5983393842673591,0.888938981653446,0.3558421565243666,4.050931678325365,4.649271062592723,7.333276700973511,8.019709809398009,0.09360523766045432,0.0,11.485404291152937,11.650756799453033,0.014396751225158412,0.0,26.239187240600586,27.445996056141773,0.045992614194766676,1.0459926141947666,0.8400439604356079,0.8813686313686314,1.0,0.05173094215206314,280189.019572897,279422.28783164854,1621831.0067343432,8641105.258012155
3,full_raw_coordinates,validation,case_150,400360,0.8340545864472062,1.0371929275045573,0.7825970463014169,0.7019711245692997,1.6188195768048916,0.7478241982994731,3.788771955886119,4.490743080455419,7.405756855010986,8.373115301959455,0.13062249624005975,0.0,10.835816211700429,12.31219438728137,0.13624983542880312,0.0,22.92385482788086,27.722271590180515,0.20931980237737502,1.209319802377375,0.7587671096013587,0.7252747252747253,1.0,0.04843640723348986,333922.0942300035,430694.94444698107,1516872.7402585666,7728175.482668079
3,full_raw_coordinates,validation,case_156,400360,0.4270754013757269,0.5950795225275092,0.9489077840457238,-0.16090153834824802,1.2729638477630338,-0.880066849839173,4.732292953646106,4.5713914152978585,8.350664710998535,8.102486833192222,0.029719535677134985,0.029719535677134985,13.289695453643796,12.227614052197719,0.07991766291039225,0.07991766291039225,28.11277961730957,27.857043583620563,0.009096789331053777,0.9909032106689463,0.8526326306324308,0.8671328671328671,1.0,0.05152362873413927,170983.90769478603,141775.33832235468,1894620.8069217552,11740791.85297921
3,full_raw_coordinates,validation,case_165,400360,0.8585745151292085,1.109586004094662,0.8100689614375607,-0.2743463300921854,2.0366219131985575,-0.9575661780922828,3.916683115704931,3.642336785612745,8.25058135986328,8.061714918827544,0.02289128884353729,0.02289128884353729,13.54518896102898,12.836443739678568,0.052324498638560986,0.052324498638560986,26.689733505249023,23.765636132430114,0.10955888234117558,0.8904411176588244,0.7812968328504346,0.6745754245754245,0.9775224775224776,0.05029223698671196,343738.8928771299,492915.66538927745,1568083.252203626,8736920.126982423
3,full_raw_coordinates,validation,case_181,400360,0.5216074657027687,0.6999163065538542,0.9242222509834659,0.2769385827364954,1.1644636173550424,-0.20657018315151124,4.400496773867756,4.677435356604252,8.348705530166626,8.459948637088658,0.013324593437877773,0.0,12.506495037078853,12.486217614688801,0.0016213513322424929,0.0016213513322424929,29.049291610717773,27.508191621281178,0.053051207240730265,0.9469487927592697,0.8195124388050754,0.814935064935065,1.0,0.05178839044859626,208830.7649687605,196129.4922930203,1761782.8883856947,10340940.005454497
3,full_raw_coordinates,validation,case_190,400360,0.42949958344307865,0.6136859098206663,0.9459684907662179,-0.1523991403619578,1.2807136327874784,-0.9216264731055166,4.71106754251522,4.558668402153261,8.360267305374144,8.10555496339598,0.03046700932809055,0.03046700932809055,13.360542898178092,12.326893060919263,0.07736585594884646,0.07736585594884646,28.387516021728516,27.95110864201042,0.015373214739326159,0.9846267852606738,0.840643420921171,0.8718781218781219,1.0,0.05226046558097712,171954.45322727098,150779.7381074961,1886123.0013213935,11676241.904284762
3,full_raw_coordinates,internal_test,case_16,400360,0.4702578039355703,0.6398291351762245,0.9570147078371286,-0.11196459735331553,1.0225172882850353,-0.28592921368347074,5.625429952986378,5.513465355633062,9.801409292221068,9.95330755184849,0.015497593774394842,0.0,15.720469598770103,15.234119138498185,0.030937400261247156,0.030937400261247156,34.04954528808594,32.63866704865238,0.041436037618018624,0.9585639623819814,0.8834548905984614,0.9063436563436563,1.0,0.05284244180237786,188272.41438364494,163899.90616414146,2252197.1359776263,16482507.138438577
3,full_raw_coordinates,internal_test,case_47,400360,0.5133532376027934,0.6761183520863423,0.9426592225952073,-0.295217209248873,0.9808337073145819,-0.3287231095430497,5.241447492183958,4.946230282935084,9.033231782913207,9.003404770630544,0.003301920397867147,0.003301920397867147,14.435490150451656,13.956322475550499,0.033193723933659804,0.033193723933659804,29.597883224487305,29.76550364593194,0.005663257070558247,1.0056632570705581,0.8662204016385253,0.8923576423576424,1.0,0.05227295434109302,205526.10220665435,183018.97938055053,2098465.917970769,14190776.00859728
3,full_raw_coordinates,internal_test,case_48,400360,0.6720317689094008,0.9056706814216747,0.9262564637628284,-0.46408402103431595,2.0055028656554117,-1.5429606591151337,6.037508846064417,5.573424825030103,10.65202441215515,9.7953498224045,0.08042364123509599,0.08042364123509599,16.89704576492309,15.290843158725787,0.09505819115029265,0.09505819115029265,36.57381820678711,30.918717149587064,0.1546215663135388,0.8453784336864612,0.8631731441702468,0.8841158841158842,1.0,0.053087221500649415,269054.63900056767,328391.0394526675,2417177.04161035,19046877.92117989
3,full_raw_coordinates,internal_test,case_52,400360,0.6500336268789565,0.8011564218058824,0.9305279933936286,-0.3958789628122514,1.0873564405822067,-0.5289297842846296,5.676126365691693,5.280247402879441,9.567922735214232,9.449452321790064,0.012382041191464058,0.012382041191464058,15.024835319519037,14.375633536277714,0.04320857895846168,0.04320857895846168,33.935302734375,31.14060167251952,0.08235379786444542,0.9176462021355546,0.8686681986212409,0.8921078921078921,1.0,0.05214057348386452,260247.46285725903,256971.7114607143,2272493.951768326,16597887.395390868
3,full_raw_coordinates,internal_test,case_67,400360,0.8011975826396424,0.9475498679740316,0.9011868072105886,-0.5988233234948362,1.230213902390588,-0.7010735625320481,5.645845615440947,5.04702229194611,9.483993959426876,9.215609706847129,0.02829865283844669,0.02829865283844669,15.007321405410755,14.194146838495811,0.054185190344611445,0.054185190344611445,33.35513687133789,30.871166475855457,0.07447040031836633,0.9255295996816336,0.8568788090718353,0.8921078921078921,1.0,0.05229293635727845,320767.4641856072,359463.527189869,2260370.7505979375,16399513.343570031
3,full_raw_coordinates,internal_test,case_68,400360,0.7298653386590858,1.0177887172695896,0.8746320719019943,-0.09043894051101645,2.3024737677055813,-1.3355649788116857,4.470923505812859,4.380484565301844,9.673214769363403,8.900200495597888,0.07991286166970811,0.07991286166970811,14.204864883422841,13.475922185383485,0.05131641194912289,0.05131641194912289,30.399791717529297,26.588233984777943,0.12538104761268848,0.8746189523873116,0.7870916175442102,0.6408591408591409,0.9403096903096904,0.051413727645119395,292208.88698555157,414730.47099479113,1789978.9347872362,11310965.499439059
3,full_raw_coordinates,internal_test,case_95,400360,0.8779338550703949,1.2418381678586785,0.8515602723573528,0.3222994879351998,3.1339366606445256,-1.8674369392956558,4.895934174812619,5.218233662747819,10.778055810928343,9.961966071076908,0.07571771330261307,0.07571771330261307,16.617831211090085,14.673266461472073,0.11701675898117717,0.11701675898117717,34.6576042175293,28.188079774602294,0.18666969598708774,0.8133303040129123,0.7892896393246078,0.6151348651348651,0.9213286713286714,0.05183334998501349,351489.5982159833,617419.9923928939,1960136.20622798,13756096.419497095
3,full_raw_coordinates,internal_test,case_116,400360,0.4898489824451783,0.6571808081804553,0.9529148286824736,-0.14511458723466678,1.0506378759583488,-0.17723981037354658,5.529623456611647,5.3845088693769805,9.626658058166502,9.822121389959372,0.02030438087774967,0.0,15.341071567535392,15.141025754784025,0.013039885243394767,0.013039885243394767,35.28178024291992,32.65291621806322,0.07451052658784824,0.9254894734121517,0.8773104206214407,0.8911088911088911,1.0,0.05418623239084824,196115.9386117516,172910.1250375572,2213840.047089039,15913985.93365754
3,full_raw_coordinates,internal_test,case_133,400360,0.396814647862874,0.5416886819988801,0.9541416346054223,0.12595599374282912,0.9178078318052101,-0.4254804760096538,4.494560615819249,4.620516609562077,8.05308094024658,8.152460646192726,0.012340582031093063,0.0,12.81892926216123,12.213617235527975,0.047220170597243906,0.047220170597243906,28.935829162597656,27.43288624630013,0.05194055120563906,0.948059448794361,0.859076830852233,0.8906093906093906,1.0,0.05320461584573884,158868.71241838025,117476.28486842757,1799442.2881493943,10649422.287634764
3,full_raw_coordinates,internal_test,case_139,400360,0.4354995934117593,0.6147011303700888,0.9449686131698586,-0.1432299655238172,1.31683167904794,-0.968476021375098,4.656545949523149,4.513315983999333,8.312557744979857,7.99871472854064,0.03775528857273255,0.03775528857273255,13.217778148651119,12.124928250127878,0.0826803027129614,0.0826803027129614,29.612136840820312,28.402687418417013,0.04084303098100215,0.9591569690189978,0.8367469277650115,0.8753746253746254,1.0,0.05287741033070237,174356.61721833196,151279.0205639901,1864294.736351088,11430133.00250851
3,full_raw_coordinates,internal_test,case_157,400360,0.7066237589271767,0.8761019981739901,0.8568593061056695,0.6409455760162581,1.2621556469924213,0.859474585799873,4.141123750788858,4.782069326805117,7.273385071754455,8.312217494608394,0.1428265398580576,0.0,11.7065015220642,12.781359192355467,0.09181715547257185,0.0,26.843324661254883,29.180974937670047,0.08708497572170269,1.0870849757217027,0.8512338894994504,0.8576423576423576,1.0,0.05246777899890099,282903.88812408445,307298.2041778169,1657940.3048658273,9012562.259375302
3,full_raw_coordinates,internal_test,case_182,400360,0.41801402654943226,0.598850826050178,0.9433428686665871,0.1575288492544302,0.8830833669250636,-0.24033021548318378,4.5172521324672905,4.674780981721721,8.005867195129394,8.27894704267779,0.03410996471619378,0.0,12.821896562576253,12.448686029513881,0.029107279975387954,0.029107279975387954,27.602649688720703,28.05501921253207,0.016388626777240844,1.0163886267772408,0.8434908582275952,0.8863636363636364,1.0,0.05186332300929164,167356.0956693307,143578.0287766622,1808527.0637546044,10703729.078933505
3,full_raw_coordinates,internal_test,case_189,400360,0.41216239751251255,0.580134288308172,0.9471443455542827,0.0013927603432454883,1.0821837418750468,-0.5750409449930453,4.50395661685842,4.505349377201665,7.995612788200375,7.985127285711846,0.001311406988592944,0.001311406988592944,12.753865308761585,12.118185527770871,0.04984212751204276,0.04984212751204276,29.364471435546875,28.755705786196263,0.020731367519650875,0.9792686324803491,0.8306524128284544,0.8606393606393606,1.0,0.05207812968328504,165013.33746810953,134743.47707362118,1803204.071125437,10670825.610614894
3,full_raw_coordinates,internal_test,case_191,400360,0.38880051506999497,0.5615495419198355,0.952910249057961,-0.031975756142799426,1.0916125782139339,-0.704522048155193,4.650895452266001,4.618919696123202,8.205350446701049,8.166851476947542,0.00469193485440771,0.00469193485440771,13.111052494049055,12.158070225339685,0.07268541325281984,0.07268541325281984,29.264482498168945,27.76281822864162,0.05131354260651227,0.9486864573934878,0.8421420721350784,0.8946053946053946,1.0,0.052937356379258664,155660.1742134232,126248.67685184177,1862032.503269216,11341140.896453092
3,full_raw_coordinates,internal_test,case_192,400360,0.37437788185701193,0.5362959953199564,0.9566677478153435,-0.04694219276696985,1.093546967052467,-0.7052914655596891,4.594875131585384,4.547932938818415,8.175111389160156,8.041305698403715,0.01636744557803355,0.01636744557803355,12.946696014404287,12.148680138181785,0.061638573682014496,0.061638573682014496,29.42413902282715,28.597696719437984,0.02808722126917676,0.9719127787308233,0.8501348786092516,0.8781218781218781,1.0,0.05292486761914277,149885.9287802733,115148.89866054372,1839604.2076815246,11110100.202361241
3,full_periodic_coordinates,validation,case_15,400360,0.8099441589057836,1.1611707528162802,0.598566581684526,0.6428850155358525,2.4448217472716784,1.251627249265363,3.3780577288595954,4.020942744395447,5.832143068313598,7.30309787486832,0.25221514447176596,0.0,9.363036231994613,11.553257522919736,0.23392212063015153,0.0,18.940412521362305,30.241703585873157,0.5966760782936738,1.5966760782936738,0.7063143171145969,0.5836663336663337,0.994005994005994,0.0291187930862224,324269.2434595195,539812.4011845614,1352439.1923262277,5913329.831794531
3,full_periodic_coordinates,validation,case_24,400360,0.6106088225969019,0.7993067788803518,0.9205663833694199,-0.30219511073454475,1.4965858120881665,-0.6559820075755332,5.304625899199469,5.002430788464926,9.102337694168089,9.072842789370702,0.003240365913504225,0.003240365913504225,14.59939882278439,13.861048673200067,0.050574010515558085,0.050574010515558085,27.87183380126953,31.178089473776406,0.11862354289570566,1.1186235428957056,0.8218103706664003,0.8451548451548452,1.0,0.0469352582675592,244463.34821489564,255786.53158326852,2123760.0250034994,14485881.92450586
3,full_periodic_coordinates,validation,case_36,400360,1.1365387799393079,1.8997153104605622,0.7035359885963226,0.10921344699891902,6.56944099525794,-5.105419698484226,3.0640295821179975,3.173243029116919,9.813024330139159,7.989177832654123,0.18585977534809311,0.18585977534809311,19.2957092285156,12.924841979277835,0.33017015201611594,0.33017015201611594,31.747325897216797,22.66526385443955,0.28607329235163853,0.7139267076483615,0.711209911080028,0.489010989010989,0.9343156843156843,0.05316465181336797,455024.6659365013,1444866.5148931954,1226714.8834967616,8632356.497202441
3,full_periodic_coordinates,validation,case_39,400360,1.9343198506950738,2.13963809369544,-0.12536639515166326,1.8454170388291482,2.914583640997205,1.916310421190124,3.087728669230164,4.933145708059313,6.646077251434326,9.035797434579653,0.3595685233164554,0.0,10.974815073013293,12.907483715109738,0.1761003378406633,0.0,22.030895233154297,23.759590267163325,0.07846685373944837,1.0784668537394484,0.7715056449195724,0.5681818181818182,0.8976023976023976,0.05361924268158657,774424.2954242798,1832868.56721898,1236203.0500129885,5445745.664773294
3,full_periodic_coordinates,validation,case_63,400360,0.7937880312649951,1.078155201157781,0.8179496134191988,0.3334792663013188,2.5152592115412236,-1.1686166327243155,3.589908255421658,3.923387521722976,8.285945415496824,8.120727636807045,0.01993952052601991,0.01993952052601991,13.304288787841797,11.913216939717591,0.10455815190928845,0.10455815190928845,25.949066162109375,22.524252880199395,0.1319821399550349,0.8680178600449651,0.758617244479968,0.5764235764235764,0.938061938061938,0.05243780597462284,317800.97619725345,465385.9258230323,1437255.669140615,7715973.792316836
3,full_periodic_coordinates,validation,case_74,400360,0.6018161161923816,0.8163224993708333,0.9160695980366943,-0.030256459475088905,1.4419474292597239,0.2375737801872243,5.210357342896367,5.180100883421277,9.183551406860351,9.42326631801918,0.026102637262939064,0.0,13.751770725250228,14.506762955839351,0.054901455650569295,0.0,29.059873580932617,28.621889544763402,0.015071780506870296,0.9849282194931297,0.7743530822259966,0.8558941058941059,1.0,0.05044959536417225,240943.1002787819,266792.86686389014,2086018.6658019896,14047641.96894774
3,full_periodic_coordinates,validation,case_78,400360,1.171803114493344,1.3579226915772296,0.4144604659647697,1.141895104210575,2.126599729828353,1.853494717769893,3.235144727900909,4.377039832111484,5.647890686988831,7.834221159900829,0.3871056637035656,0.0,8.848848810195921,10.988803036375282,0.24183419471622553,0.0,20.279897689819336,23.53552459205507,0.1605346807972351,1.1605346807972352,0.7812968328504346,0.8189310689310689,0.9992507492507493,0.048301528624238185,469143.09491855523,738245.4379732071,1295222.5432624079,5451027.589212791
3,full_periodic_coordinates,validation,case_117,400360,0.7173884619385626,0.8865501089446763,0.8955617338837797,-0.31810889326333686,1.3492364546059563,-0.16709507390491304,5.137139844130944,4.819030950867608,8.875784015655517,9.034495615182616,0.0178814174891092,0.0,13.745235443115213,13.801885117314058,0.004121404426522171,0.0,30.055034637451172,27.05015221909366,0.09997933639421487,0.9000206636057851,0.8005794784693776,0.8304195804195804,0.9997502497502497,0.052237985812768506,287213.6446217229,314671.38786236814,2056705.307996265,13578572.17672394
3,full_periodic_coordinates,validation,case_124,400360,0.43159097837785687,0.6189713793483751,0.9448486108294502,-0.1592955104003976,1.3380570245959638,-0.9760279830551016,4.68614249334891,4.526846982948511,8.326841783523559,8.025717931775048,0.03616303270519064,0.03616303270519064,13.333128252029367,12.232434127783796,0.0825533290792459,0.0825533290792459,28.74965476989746,28.43742797086942,0.010860192984124406,0.9891398070158756,0.8384453991407733,0.8756243756243757,1.0,0.052822459786192426,172791.7641033588,153388.1525856149,1876144.0086371698,11573098.271248205
3,full_periodic_coordinates,validation,case_148,400360,0.6975550616038976,0.8332909141148377,0.8657771637564227,0.5952996283206768,0.8888116192630605,0.3510077237564316,4.050931678325365,4.646231306646041,7.333276700973511,8.008575746352266,0.09208694461087323,0.0,11.485404291152937,11.6509979718023,0.01441774938448765,0.0,26.239187240600586,27.533659310534404,0.04933354292052335,1.0493335429205233,0.8398940953142172,0.8806193806193806,1.0,0.051923269057847936,279273.14446373645,277999.4735676534,1621831.0067343432,8641105.258012155
3,full_periodic_coordinates,validation,case_150,400360,0.844468076869879,1.0507907461908876,0.7768592821689921,0.7215421030731329,1.6416925424199689,0.7747356304826816,3.788771955886119,4.510314058959254,7.405756855010986,8.394683978967407,0.13353491659495678,0.0,10.835816211700429,12.357546635478174,0.1404352375536411,0.0,22.92385482788086,27.485312348276512,0.19898300502443575,1.1989830050244357,0.7563692676591068,0.724025974025974,1.0,0.04848886002597662,338091.23925562477,442061.9749413819,1516872.7402585666,7728175.482668079
3,full_periodic_coordinates,validation,case_156,400360,0.42620922315057486,0.5938066325986427,0.9491261253234136,-0.1591666571843793,1.2660777721572138,-0.8725471079228401,4.732292953646106,4.573126296461727,8.350664710998535,8.105994044837313,0.029299543764338833,0.029299543764338833,13.289695453643796,12.229714927435348,0.07975957988697334,0.07975957988697334,28.11277961730957,27.98820002711389,0.004431422004210983,0.995568577995789,0.8548306524128284,0.8701298701298701,1.0,0.051516135478069734,170637.12458056415,141169.46504134635,1894620.8069217552,11740791.85297921
3,full_periodic_coordinates,validation,case_165,400360,0.8538766116095214,1.108693975226926,0.8103742209959769,-0.2763868329991719,2.0806541340375917,-1.0086495064622192,3.916683115704931,3.640296282705759,8.25058135986328,8.044946914090135,0.02492363105144291,0.02492363105144291,13.54518896102898,12.765618535560955,0.05755330750356721,0.05755330750356721,26.689733505249023,23.415731158723204,0.12266897853745623,0.8773310214625437,0.7846438205614946,0.6555944055944056,0.9752747252747253,0.05116645019482466,341858.040223988,492123.4451208471,1568083.252203626,8736920.126982423
3,full_periodic_coordinates,validation,case_181,400360,0.52688744969351,0.7042858613940344,0.9232731415054075,0.28063601772454383,1.1636757270243259,-0.2130665874117437,4.400496773867756,4.681132791592301,8.348705530166626,8.448888437570416,0.011999813269469833,0.0,12.506495037078853,12.51139521090159,0.00039181032001443236,0.0,29.049291610717773,27.599702744888422,0.04990100568560935,0.9500989943143906,0.8185133379958037,0.8176823176823177,1.0,0.05178089719252672,210944.65935929367,198585.99651065626,1761782.8883856947,10340940.005454497
3,full_periodic_coordinates,validation,case_190,400360,0.4282074271655314,0.6115931801113593,0.9463363680374929,-0.14994855732266865,1.2711022111070738,-0.912938385360783,4.71106754251522,4.561118985192552,8.360267305374144,8.11241232261708,0.02964677727442249,0.02964677727442249,13.360542898178092,12.327250780811092,0.07733908159584635,0.07733908159584635,28.387516021728516,28.08633563744894,0.01060960684439754,0.9893903931556025,0.8423918473373964,0.8706293706293706,1.0,0.05217554201218903,171437.12553999215,149753.1438219554,1886123.0013213935,11676241.904284762
3,full_periodic_coordinates,internal_test,case_16,400360,0.4699849501641505,0.6404842673602057,0.9569266359939492,-0.10646288252313175,1.020827198796729,-0.26213251207966193,5.625429952986378,5.518967070463246,9.801409292221068,9.967188191648802,0.016913781935349315,0.0,15.720469598770103,15.257923228370252,0.029423190413856236,0.029423190413856236,34.04954528808594,33.20613676840641,0.024770037677262016,0.975229962322738,0.8830052952342892,0.9070929070929071,1.0,0.052747527225497054,188163.17464771928,164235.71792920073,2252197.1359776263,16482507.138438577
3,full_periodic_coordinates,internal_test,case_47,400360,0.5147538210732258,0.6807549675805452,0.941870074498834,-0.29222171250412826,0.9964014573950515,-0.3379106522828674,5.241447492183958,4.949225779679829,9.033231782913207,9.010796911681464,0.00248359300092132,0.00248359300092132,14.435490150451656,13.932305650935156,0.03485745854641151,0.03485745854641151,29.597883224487305,29.764957618863857,0.005644808890871158,1.0056448088908712,0.8634229193725647,0.8891108891108891,1.0,0.05223548806074533,206086.83980487665,185537.76419155445,2098465.917970769,14190776.00859728
3,full_periodic_coordinates,internal_test,case_48,400360,0.6705489531010485,0.908291089226824,0.9258291170613279,-0.4619261921806686,2.0186725623797086,-1.5439707484129075,6.037508846064417,5.5755826538837505,10.65202441215515,9.791098583069097,0.08082274277400646,0.08082274277400646,16.89704576492309,15.318633694734933,0.0934134932311548,0.0934134932311548,36.57381820678711,31.022537440704834,0.15178291571023633,0.8482170842897636,0.8631231891297831,0.8846153846153846,1.0,0.053289539414526924,268460.97886353574,330294.07848053693,2417177.04161035,19046877.92117989
3,full_periodic_coordinates,internal_test,case_52,400360,0.6512613985290933,0.804761258626268,0.929901402474545,-0.39417586326180837,1.1071915624744622,-0.5344048591749084,5.676126365691693,5.2819505024298845,9.567922735214232,9.453126024526174,0.011998080865092551,0.011998080865092551,15.024835319519037,14.375363498230806,0.04322655173760805,0.04322655173760805,33.935302734375,31.25263917848802,0.07905229480005659,0.9209477051999434,0.8673693675691877,0.8876123876123876,1.0,0.05237536217404336,260739.0135151078,259289.42400031287,2272493.951768326,16597887.395390868
3,full_periodic_coordinates,internal_test,case_67,400360,0.803181666678272,0.9505388079662171,0.9005624336916002,-0.5995363331263299,1.2402341846684402,-0.7119072119391726,5.645845615440947,5.046309282314617,9.483993959426876,9.213496700442885,0.028521449944105277,0.028521449944105277,15.007321405410755,14.220954000110448,0.052398918105184954,0.052398918105184954,33.35513687133789,30.92562474146379,0.07283772029614378,0.9271622797038562,0.8570786292336897,0.8913586413586414,1.0,0.052470276750924166,321561.812071313,361734.8788290968,2260370.7505979375,16399513.343570031
3,full_periodic_coordinates,internal_test,case_68,400360,0.7353715020334397,1.0274938013865045,0.872229790968067,-0.09278909829760448,2.3273322165408796,-1.3730393002601893,4.470923505812859,4.378134407515254,9.673214769363403,8.903947309340689,0.07952552262760729,0.07952552262760729,14.204864883422841,13.445510360493735,0.05345735627624853,0.05345735627624853,30.399791717529297,26.327792175824964,0.13394827107832827,0.8660517289216717,0.7791987211509641,0.6401098901098901,0.9375624375624375,0.05206314317114597,294413.3345541079,422677.47241935536,1789978.9347872362,11310965.499439059
3,full_periodic_coordinates,internal_test,case_95,400360,0.8920560077092173,1.2592313867703344,0.8473730514480504,0.35079641070080464,3.1499632412403114,-1.8826572166199314,4.895934174812619,5.246730585513424,10.778055810928343,9.96389981920349,0.07553829800169938,0.07553829800169938,16.617831211090085,14.670432874512702,0.11718727382895584,0.11718727382895584,34.6576042175293,28.52605570125716,0.17691784111178957,0.8230821588882105,0.7871915276251373,0.6116383616383616,0.9025974025974026,0.05212808472374863,357143.54324646224,634836.3130977697,1960136.20622798,13756096.419497095
3,full_periodic_coordinates,internal_test,case_116,400360,0.49146085020312535,0.6597271979306625,0.9525492383304776,-0.14188064234031797,1.0533557527459148,-0.15939380871938075,5.529623456611647,5.387742814271329,9.626658058166502,9.84196819394805,0.02236603133513152,0.0,15.341071567535392,15.145220583938517,0.012766447424137753,0.012766447424137753,35.28178024291992,33.32587342485452,0.0554367382994484,0.9445632617005516,0.8778099710260765,0.8928571428571429,1.0,0.05400389649315616,196761.26598732328,174252.67666702563,2213840.047089039,15913985.93365754
3,full_periodic_coordinates,internal_test,case_133,400360,0.39678952358256403,0.541254727953476,0.954215080673587,0.12719275637388472,0.9150148575985634,-0.42294379154729755,4.494560615819249,4.621753372193134,8.05308094024658,8.153809910554733,0.012508128386583425,0.0,12.81892926216123,12.214295667275922,0.04716724638383483,0.04716724638383483,28.935829162597656,27.053266307004563,0.06505992432477059,0.9349400756752294,0.8593266060545509,0.8933566433566433,1.0,0.05327705065441103,158858.65366151533,117288.13661778803,1799442.2881493943,10649422.287634764
3,full_periodic_coordinates,internal_test,case_139,400360,0.43422815035593243,0.6121569612913565,0.9454232061610662,-0.141070795492095,1.3047700770213715,-0.9593429490588485,4.656545949523149,4.515475154031053,8.312557744979857,8.008119447169072,0.03662390170999321,0.03662390170999321,13.217778148651119,12.117662627467976,0.08322998833925888,0.08322998833925888,29.612136840820312,28.491780115678313,0.0378343761939391,0.9621656238060609,0.839444499950045,0.8783716283716284,1.0,0.05288740133879508,173847.5822765011,150029.36311527964,1864294.736351088,11430133.00250851
3,full_periodic_coordinates,internal_test,case_157,400360,0.7057819735136294,0.874628760868226,0.8573403069582637,0.6397939902885995,1.2656919020023785,0.8646352149870421,4.141123750788858,4.780917741077458,7.273385071754455,8.31822236428818,0.14365213476614325,0.0,11.7065015220642,12.779408665083935,0.09165053632782943,0.0,26.843324661254883,28.77667364953265,0.07202345509266685,1.0720234550926668,0.8507343390948147,0.8588911088911089,1.0,0.052362873413927466,282566.87091591663,306265.5789041171,1657940.3048658273,9012562.259375302
3,full_periodic_coordinates,internal_test,case_182,400360,0.41778157896264845,0.5981401390746366,0.9434772647164942,0.1571952359584989,0.8832391524238853,-0.23872964411645392,4.5172521324672905,4.674447368425789,8.005867195129394,8.2776207261405,0.03394429664989134,0.0,12.821896562576253,12.450097725886925,0.02899717954163745,0.02899717954163745,27.602649688720703,27.692576656313094,0.003257910693593207,1.0032579106935933,0.8452392846438206,0.8883616383616384,1.0,0.051753421920271755,167263.03295348593,143237.44817424024,1808527.0637546044,10703729.078933505
3,full_periodic_coordinates,internal_test,case_189,400360,0.4109326439372011,0.5780331590233257,0.9475265172460184,0.0027769148001980785,1.0721989482985192,-0.569512545213049,4.50395661685842,4.506733531658618,7.995612788200375,7.987795397848325,0.000977709971596692,0.000977709971596692,12.753865308761585,12.122126505711199,0.04953312488068986,0.04953312488068986,29.364471435546875,28.499846288271325,0.029444601077644007,0.970555398922356,0.833449895094415,0.8601398601398601,1.0,0.05218303526825857,164520.99332669782,133769.21721204912,1803204.071125437,10670825.610614894
3,full_periodic_coordinates,internal_test,case_191,400360,0.38785133477889816,0.5605829711332694,0.9530722166217146,-0.03049878442690746,1.0887837038185504,-0.6990541316253468,4.650895452266001,4.620396667839092,8.205350446701049,8.170684712849289,0.004224771882314607,0.004224771882314607,13.111052494049055,12.15629993865081,0.07282043572257804,0.07282043572257804,29.264482498168945,27.846687433073594,0.04844763836791105,0.9515523616320889,0.8440903187131582,0.8966033966033966,1.0,0.052917374363073234,155280.16039207968,125814.43818615044,1862032.503269216,11341140.896453092
3,full_periodic_coordinates,internal_test,case_192,400360,0.3730010034872988,0.5343504030987961,0.9569815818467489,-0.044588411606627645,1.0828286223176071,-0.699500441628656,4.594875131585384,4.550286719978758,8.175111389160156,8.045212520951155,0.015889553307033934,0.015889553307033934,12.946696014404287,12.175706509031828,0.059551062642906584,0.059551062642906584,29.42413902282715,28.68563875338684,0.02509844957119671,0.9749015504288033,0.8522829453491857,0.8781218781218781,1.0,0.052879908082725545,149334.68175617495,114314.93224392344,1839604.2076815246,11110100.202361241
4,physical_only,validation,case_11,400360,1.894799844448987,2.798808393887196,0.31740476311040344,0.5302060990813086,7.493297051347292,-6.098263880480124,6.201051010845691,6.731257109926998,10.622378873825072,9.95936303005944,0.06241688906421806,0.06241688906421806,17.002918834686216,13.102691458051268,0.22938575514919382,0.22938575514919382,35.55618667602539,15.210790452341733,0.5722041120175023,0.4277958879824976,0.10475571985213308,0.01073926073926074,0.061938061938061936,0.05830752322909381,758602.0657235965,3136151.3685106193,2482652.782702181,19989509.012440648
4,physical_only,validation,case_17,400360,1.7528240647460867,2.4908542594359235,0.21820234144715667,1.0017451929798729,5.0275601930659315,-3.093799769436587,5.224712665699665,6.226457858679538,8.882305335998534,9.38219920634701,0.0562797439897149,0.0,13.956213130950902,12.617293110117252,0.09593720074855452,0.09593720074855452,27.7415714263916,14.609961937990654,0.4733549259544956,0.5266450740455044,0.2438805075432111,0.0,0.2265234765234765,0.049295633929463484,701760.6425617433,2483975.5444790632,2091765.9628395182,14106137.547034325
4,physical_only,validation,case_44,400360,1.7494053064437431,2.363639288599265,0.33406367178695584,0.17081816946887732,5.1509437480642495,-3.656924598173637,5.309876889919772,5.48069505938865,9.196964502334595,9.413673313981878,0.023563080143701006,0.0,14.862060785293576,13.063663415782461,0.1210059220919537,0.1210059220919537,32.25737762451172,13.980909573457403,0.5665825741881263,0.4334174258118737,0.3570286741932261,0.11138861138861139,0.6066433566433567,0.055669897092616646,700391.908487817,2236727.5192911956,2125862.31164828,14646837.997959476
4,physical_only,validation,case_61,400360,2.4202445701742805,3.2852365660552794,-0.1382318295773428,1.2782606854756344,4.685574012758933,-2.920375025061789,5.705564880105384,6.98382556558102,9.68325624465942,11.89594112014139,0.2285062813144418,0.0,15.157886562347406,13.658405615512907,0.09892414359131368,0.09892414359131368,33.85128402709961,15.382320836467976,0.5455912152651676,0.45440878473483237,0.13268058747127584,0.014235764235764236,0.1918081918081918,0.03454890598461385,968969.116114975,4320997.118524855,2284279.9553989917,16829343.90342225
4,physical_only,validation,case_69,400360,1.8050529983149266,2.4094783566536004,0.36448561342665753,0.10327206213920943,5.218778111555889,-4.059797789986478,5.590349281239787,5.693621343378996,9.673070669174193,9.30591900506491,0.037956061385895704,0.037956061385895704,15.407477064132683,12.805539437852289,0.16887499591594313,0.16887499591594313,32.95534896850586,15.342803845455144,0.5344366142164763,0.46556338578352374,0.2865421120991108,0.16933066933066934,0.5322177822177823,0.026875811769407534,722671.018405364,2324324.3914152794,2238152.238237161,16169443.43154454
4,physical_only,validation,case_78,400360,2.242157480408247,2.592034196220895,-1.1334751320822347,2.0830099122595342,2.418779416449305,-0.9520797525616788,3.235144727900909,5.318154640160439,5.647890686988831,7.340201201711616,0.29963584787881925,0.0,8.848848810195921,7.9342100650376235,0.1033624559281002,0.1033624559281002,20.279897689819336,10.702297225094616,0.4722706500404461,0.5277293499595539,0.20461584573883504,0.01848151848151848,0.15384615384615385,0.010070936157458287,897670.1688562458,2689875.220610177,1295222.5432624079,5451027.589212791
4,physical_only,validation,case_91,400360,3.3696745045539087,4.209896117411824,-0.5349819154983011,2.394489274167138,6.566341258102814,-4.457569788740124,6.227670659174811,8.622159933341948,10.791361618041991,13.471921589622072,0.24839867909703575,0.0,16.847370262145986,15.016178279780574,0.108693045494458,0.108693045494458,35.742393493652344,16.503990730736422,0.5382516637094423,0.46174833629055767,0.10310720351683485,0.03996003996003996,0.10614385614385614,0.04224198221600559,1349082.8846432029,7095670.488874643,2493310.2251072275,20150156.032166723
4,physical_only,validation,case_107,400360,2.1714195624848895,2.932391243388951,0.10485690467509601,0.5095431814242328,5.092856174090223,-3.692045848708432,5.773947810975519,6.283490992399753,9.823783111572263,11.522627150992847,0.17293175349314988,0.0,15.309831600189176,12.908413189121662,0.15685465874346002,0.15685465874346002,35.135074615478516,13.805952290880574,0.6070606810438234,0.39293931895617656,0.19242681586572086,0.11063936063936064,0.31243756243756243,0.04473973423918473,869349.5360364504,3442662.9723472293,2311657.745602159,17193327.08709395
4,physical_only,validation,case_109,400360,1.608609752725798,2.2303623908283243,0.39086382360185745,0.07233327711547607,5.434848291559391,-4.264033472049624,5.195676734823355,5.268010011938832,9.180979347229002,8.743966204437312,0.04759983943582108,0.04759983943582108,14.838084297180142,10.487788360802435,0.29318447376690304,0.29318447376690304,33.0452880859375,13.408170114211636,0.5942486541699264,0.40575134583007355,0.26725946648016785,0.16408591408591408,0.4522977022977023,0.05227295434109302,644023.0006013005,1991597.383670567,2080141.1375538784,14077284.672122162
4,physical_only,validation,case_139,400360,1.4471809093624528,2.0253331317511525,0.40258603756122946,0.5031135379994358,4.963313300993487,-3.9469348676806604,4.656545949523149,5.159659487522584,8.312557744979857,7.640181256392089,0.08088683522154559,0.08088683522154559,13.217778148651119,10.038371036874093,0.24054020849952654,0.24054020849952654,29.612136840820312,10.301691917602184,0.6521125114010243,0.34788748859897567,0.29733240083924467,0.14635364635364637,0.5057442557442557,0.026096513138175643,579393.3488723516,1642266.428573617,1864294.736351088,11430133.00250851
4,physical_only,validation,case_166,400360,1.4783169309991309,2.037046678733615,0.3824113170722674,0.27134252700619765,4.920273691380315,-4.0038392411887385,4.752669265709314,5.024011792715513,8.191421604156492,7.335797940140626,0.10445362299282766,0.10445362299282766,12.85470631599426,9.986199516158292,0.22314837300225793,0.22314837300225793,28.598407745361328,10.270759247455148,0.6408625494501152,0.35913745054988483,0.2702068138675192,0.0964035964035964,0.5114885114885115,0.013248076730942152,591858.966494812,1661317.5098375422,1902778.6672193808,11733284.091455607
4,physical_only,validation,case_183,400360,1.48933576727434,2.096177831964677,0.41368854125046073,0.39654007707268263,5.235041315438123,-4.19819484644975,4.862273831097952,5.258813908170635,8.673352289199828,7.887465112038005,0.09060939195798835,0.09060939195798835,13.893857116699213,10.014041491810206,0.27924683493583685,0.27924683493583685,30.76870346069336,10.301691917602184,0.6651892748499308,0.3348107251500691,0.3184633829553402,0.12137862137862138,0.5501998001998002,0.037825956639024876,596270.4677859547,1759166.4274292132,1946659.9510183763,12465589.519301178
4,physical_only,validation,case_191,400360,1.4735547906011224,2.072436258482929,0.35862415080308985,0.5163718949221654,4.865006778215781,-3.786004088855422,4.650895452266001,5.167267347188166,8.205350446701049,7.526007816726327,0.08279264053223348,0.08279264053223348,13.111052494049055,9.958934956335813,0.24041681925565844,0.24041681925565844,29.264482498168945,10.301664240192073,0.6479806454518154,0.35201935454818445,0.3048756119492457,0.15534465534465536,0.43956043956043955,0.026695973623738635,589952.3959650653,1719543.0153262597,1862032.503269216,11341140.896453092
4,physical_only,validation,case_192,400360,1.498656395671715,2.0617372245008556,0.3595742606263741,0.6379258176781626,4.707111602199287,-3.679659043065456,4.594875131585384,5.232800949263548,8.175111389160156,7.72746000141382,0.05475783343330371,0.05475783343330371,12.946696014404287,10.038371036874093,0.22463839224265697,0.22463839224265697,29.42413902282715,10.301691917602184,0.6498897755475473,0.35011022445245266,0.2985313218103707,0.14060939060939062,0.49475524475524474,0.020461584573883505,600002.0745711278,1701834.4268948378,1839604.2076815246,11110100.202361241
4,physical_only,validation,case_199,400360,2.159444705454712,2.742096124128818,-0.027062502068594396,1.3947825945620607,5.585427530086165,-4.745946133238503,4.738719716338008,6.13350231090007,8.71670413017273,8.27421418502346,0.0507634466584219,0.0507634466584219,13.672717103958115,8.908013712382294,0.34848255510212284,0.34848255510212284,29.847414016723633,10.301691917602184,0.6548547920489828,0.3451452079510172,0.24522929363572785,0.08741258741258741,0.4787712287712288,0.03778599260665401,864555.2822758486,3010343.334400341,1897193.8256330849,11921292.318331864
4,physical_only,internal_test,case_79,400360,2.0119302697112733,2.6980998899399506,0.2666779627245862,0.40533300080203527,5.39831600922709,-4.020392819400058,5.793376880167527,6.198709880969562,10.056427860260005,11.223244837063424,0.1160269822462836,0.0,15.850202865600538,12.743217725937264,0.1960217901315521,0.1960217901315521,36.246280670166016,13.811979420957407,0.6189407805274233,0.3810592194725767,0.24667798980917174,0.11663336663336664,0.4627872127872128,0.05115396143470876,805496.4027816054,2914517.9139233837,2319436.367743871,17411772.858387887
4,physical_only,internal_test,case_89,400360,2.197450601304869,3.0087984855801193,-0.0638424317349311,1.1772750543571386,6.570046599630504,-5.622563146868977,5.266890383352188,6.444165437709329,9.501103210449216,8.384023148509781,0.11757372140857089,0.11757372140857089,14.831547985076902,11.021120062738802,0.256913703557582,0.256913703557582,30.670499801635742,12.62372178931452,0.5884083444691286,0.41159165553087146,0.03332001198920971,0.002997002997002997,0.01098901098901099,0.03504845638924967,879771.3227384173,3624406.3633293463,2108652.233878882,14512941.660125623
4,physical_only,internal_test,case_99,400360,1.7184477846759605,2.481174783107947,-0.7502370037059249,1.327039984976599,2.6332675394609333,-1.124981393685801,3.476781438713956,4.8038214236905565,5.963100194931029,7.970528232972636,0.33664167503810066,0.0,9.452709732055656,10.349081517507837,0.09482696611453552,0.0,19.247943878173828,14.734343745964564,0.23449778120599432,0.7655022187940057,0.19452492756519132,0.04220779220779221,0.20954045954045955,0.009351583574782696,687997.7550728675,2464707.5639218665,1391964.2168035195,6247768.959238368
4,physical_only,internal_test,case_118,400360,1.7642653491270461,2.6202395470382016,0.21895677569456018,0.03296834239800595,8.278629410366724,-7.562774314919544,4.115224517896751,4.148192860294756,9.728425073623656,5.981904428782162,0.38511070563716493,0.38511070563716493,15.380120143890334,7.917108133347025,0.48523756256273126,0.48523756256273126,27.368141174316406,10.504915731830046,0.6161626153226523,0.38383738467734774,0.24258167649115797,0.007492507492507493,0.052697302697302696,0.05251273853531822,706341.2751765042,2748733.7494473746,1647571.287985143,10299436.424713062
4,physical_only,internal_test,case_124,400360,1.4611753362781268,2.055154559222629,0.3919989945049538,0.5449357185215786,4.964970256194545,-3.9277136389820053,4.68614249334891,5.231078211870489,8.326841783523559,7.906235610064241,0.050512089024145716,0.050512089024145716,13.333128252029367,10.038371036874093,0.2471105919688274,0.2471105919688274,28.74965476989746,10.288178409610216,0.6421460190755914,0.3578539809244085,0.32166050554500947,0.14685314685314685,0.5202297702297702,0.0270956139474473,584996.1576323109,1690984.6226118493,1876144.0086371698,11573098.271248205
4,physical_only,internal_test,case_133,400360,1.509382299342531,2.0651253163457444,0.33348202108902614,0.7601232546670542,4.452624873597767,-3.3292617507494047,4.494560615819249,5.254683870486303,8.05308094024658,7.819540946223764,0.029000080311581418,0.029000080311581418,12.81892926216123,10.00824203826572,0.2192606860069089,0.2192606860069089,28.935829162597656,10.288178409610216,0.6444484672687839,0.35555153273121604,0.30582475771805373,0.1386113886113886,0.48951048951048953,0.018583275052452792,604296.2973647757,1707432.3362108406,1799442.2881493943,10649422.287634764
4,physical_only,internal_test,case_154,400360,2.7991121328530895,3.1144169516430824,-1.1846222958722454,2.4740399807973175,3.428181547475208,-2.5188214235782884,3.5978396622740405,6.071879643071359,6.938599348068237,7.746486136934359,0.1164336991284911,0.0,10.474741182327266,8.310325609410407,0.20663189049182515,0.20663189049182515,24.134431838989258,10.17406567497519,0.5784418815884884,0.4215581184115116,0.14776700969127785,0.06693306693306693,0.20104895104895104,0.012228993905485064,1120652.5335090628,3883329.0329342415,1440431.0871880348,6960014.663848389
4,physical_only,internal_test,case_156,400360,1.49153415579481,2.088418928182753,0.3707257381399457,0.4955989911263171,4.969460646693091,-3.87532400802002,4.732292953646106,5.227891944772423,8.350664710998535,7.938640541868128,0.04934028408394081,0.04934028408394081,13.289695453643796,10.038371036874093,0.24465003190710805,0.24465003190710805,28.11277961730957,10.301691917602184,0.6335584009181633,0.3664415990818367,0.2651113997402338,0.12537462537462538,0.40834165834165836,0.02717554201218903,597150.6146140102,1746167.5855398527,1894620.8069217552,11740791.85297921
4,physical_only,internal_test,case_163,400360,2.018535090594185,2.636352293214837,0.07799442816528834,0.7597070738330156,6.239108501401536,-5.481290966595534,4.8691821289669655,5.6288892027999795,9.154281949996946,8.02203050151862,0.12368544629310924,0.12368544629310924,13.400103712081906,8.39002513179371,0.37388356746604656,0.37388356746604656,30.699800491333008,8.945114614257356,0.7086262949238811,0.291373705076119,0.1263862523728644,0.05419580419580419,0.2127872127872128,0.05375162353881507,808140.7088702879,2782643.49280467,1949425.7571532144,12510142.33051967
4,physical_only,internal_test,case_180,400360,1.8555692637874055,2.509144084432904,-0.013911962289939073,1.0664115228191986,3.9187683108680784,-2.7342624183716193,4.617005859716327,5.683417382535528,7.6927731275558475,8.79915102883178,0.1438204250834902,0.0,12.1202414035797,9.660820936541166,0.2029184390924876,0.2029184390924876,27.940109252929688,10.655163394971925,0.6186427440739278,0.3813572559260722,0.20541512638625237,0.04195804195804196,0.24275724275724275,0.02275951643520831,742895.7104499256,2520588.104030974,1848464.4659960286,11020374.196065595
4,physical_only,internal_test,case_185,400360,1.9055793944336947,2.421633576991718,0.005338052848293251,1.3901587560133186,3.9055658603355194,-2.642303308579191,4.4111433006062715,5.801302056619591,7.666236424446105,8.72053734533769,0.13752522913715884,0.0,12.235298709869317,10.080616896481116,0.17610373595948073,0.17610373595948073,25.902671813964844,10.288178409610216,0.6028140076243572,0.3971859923756427,0.25507043660705364,0.10614385614385614,0.4318181818181818,0.011809371565590969,762917.766355474,2347834.8237907183,1766045.331830727,10150713.984372474
4,physical_only,internal_test,case_186,400360,2.4579837085114766,2.893967071023599,-0.5512569971446253,2.0198774306412144,4.024226053815442,-3.192893855044317,4.10199790038781,6.121875331029024,7.5299984931945785,8.098596717332297,0.0755110674526168,0.0,11.554426622390743,8.890412028612596,0.23056224950320656,0.23056224950320656,25.107419967651367,10.429336154362986,0.5846113950457579,0.4153886049542422,0.21041063043261066,0.09915084915084915,0.4565434565434565,0.008852033170146868,984078.3575396547,3353033.179614504,1642275.8793992638,8898106.523626285
4,physical_only,internal_test,case_189,400360,1.4433923117073582,2.019553581379781,0.3594616377630033,0.5526852896693132,4.651210551574065,-3.584621517248107,4.50395661685842,5.056641906527735,7.995612788200375,7.695121815004834,0.03758198166361861,0.03758198166361861,12.753865308761585,10.037671552183498,0.21297024006613346,0.21297024006613346,29.364471435546875,10.301691917602184,0.6491783637170607,0.3508216362829392,0.3015286242381856,0.1401098901098901,0.45879120879120877,0.02062144070336697,577876.5459151579,1632906.9620260627,1803204.071125437,10670825.610614894
4,physical_only,internal_test,case_190,400360,1.4919321543067277,2.0579076209063385,0.39241569672166743,0.5813981703404921,4.90644220636693,-3.832973428946738,4.71106754251522,5.292465712855711,8.360267305374144,7.995036456889014,0.04368650368994208,0.04368650368994208,13.360542898178092,10.016468037182577,0.25029483356185545,0.25029483356185545,28.387516021728516,10.288178409610216,0.6375808858466029,0.3624191141533971,0.2909881107003697,0.13236763236763235,0.4722777222777223,0.028174642821460684,597309.9572982414,1695518.1046331811,1886123.0013213935,11676241.904284762
4,physical_only,internal_test,case_200,400360,1.7051840338875324,2.2052056524344192,0.153893435647929,1.1275896579672016,4.072388118878183,-2.9829865691482778,4.3085884493248345,5.436178107292038,7.528428196907043,7.8942981043734,0.048598445505088315,0.0,12.027814435958856,9.588349053287757,0.20281867463618086,0.20281867463618086,27.248859405517578,10.301664240192073,0.6219414513142482,0.3780585486857518,0.23593765610950146,0.12987012987012986,0.42207792207792205,0.011669497452292937,682687.4798072125,1946923.4433205156,1724986.4715716909,9733294.889121156
4,position_only_periodic,validation,case_11,400360,1.592343822175065,1.8190802455279327,0.7116495501675222,-1.46576612601616,3.498593592659797,-3.155941793482801,6.201051010845691,4.7352848848295315,10.622378873825072,8.724093706889587,0.17870621915144713,0.17870621915144713,17.002918834686216,13.38682922424362,0.21267463813717197,0.21267463813717197,35.55618667602539,30.10793149322327,0.15322945715311304,0.8467705428468869,0.8230092916375262,0.8881118881118881,1.0,0.05093166150464582,637510.772646009,1324812.4349262665,2482652.782702181,19989509.012440648
4,position_only_periodic,validation,case_17,400360,0.7594790375211576,0.9092435368039843,0.8958262793818129,-0.5744420297988332,1.5337665413935335,-1.0208701048306794,5.224712665699665,4.650270635900832,8.882305335998534,8.492169161532434,0.04392285107391456,0.04392285107391456,13.956213130950902,12.56008004806962,0.100036669674029,0.100036669674029,27.7415714263916,27.50999760924422,0.008347537837278998,0.991652462162721,0.828304525926666,0.8578921078921079,1.0,0.053426915775801775,304065.0274619707,330987.1442592465,2091765.9628395182,14106137.547034325
4,position_only_periodic,validation,case_44,400360,0.7442817430550491,0.9055190759177455,0.9022615349832999,-0.5789079594813946,1.7808816079527285,-1.4139112568564411,5.309876889919772,4.730968930438379,9.196964502334595,8.705997361447043,0.053383607250296845,0.053383607250296845,14.862060785293576,13.141247915626975,0.11578561644488716,0.11578561644488716,32.25737762451172,30.10793149322327,0.06663424895565997,0.93336575104434,0.8175641922269957,0.9090909090909091,1.0,0.05185832750524528,297980.6386495195,328281.10606723744,2125862.31164828,14646837.997959476
4,position_only_periodic,validation,case_61,400360,1.1932300193059446,1.3672850557801797,0.8028414733441734,-0.9856981982761328,2.311782416252904,-2.0139116211176975,5.705564880105384,4.719866681829252,9.68325624465942,8.688638453862065,0.10271521951574021,0.10271521951574021,15.157886562347406,13.109182747033376,0.13515761626050588,0.13515761626050588,33.85128402709961,30.10793149322327,0.11058229078931255,0.8894177092106874,0.7892396842841443,0.8728771228771228,1.0,0.052275452093116195,477721.57052932796,748460.3781364772,2284279.9553989917,16829343.90342225
4,position_only_periodic,validation,case_69,400360,1.0347690750853158,1.204169312508792,0.8412716733396987,-0.8655691288475723,2.1785726654991917,-1.9512458254235516,5.590349281239787,4.724780152392216,9.673070669174193,8.705759388433592,0.10000043562414934,0.10000043562414934,15.407477064132683,13.103933800098817,0.14950814169286172,0.14950814169286172,32.95534896850586,30.10793149322327,0.08640228565031298,0.9135977143496871,0.8303526825856729,0.8966033966033966,1.0,0.05222299930062943,414280.14690115704,580531.5018191064,2238152.238237161,16169443.43154454
4,position_only_periodic,validation,case_78,400360,1.4424248996112508,1.670591648289112,0.11376939607208436,1.4153145176441713,3.320877491025893,3.1627807806893253,3.235144727900909,4.650459245545079,5.647890686988831,8.500712045290548,0.5051127078067967,0.0,8.848848810195921,12.594612413100204,0.4233051872903848,0.0,20.279897689819336,27.17294740125943,0.3398956847252962,1.3398956847252963,0.8303526825856729,0.8901098901098901,1.0,0.053546807872914375,577489.2328083604,1117355.297657253,1295222.5432624079,5451027.589212791
4,position_only_periodic,validation,case_91,400360,1.6171769271987073,1.8453659047057662,0.7050655599679541,-1.4897029459419617,3.4838332363757236,-3.1407196375173965,6.227670659174811,4.737967713232848,10.791361618041991,8.73863527585904,0.19021940092814735,0.19021940092814735,16.847370262145986,13.405022081003294,0.2043255491853963,0.2043255491853963,35.742393493652344,29.747803468152163,0.16771652481988333,0.8322834751801167,0.8251573583774603,0.8876123876123876,1.0,0.05084174243181137,647452.9545732745,1363376.0640162227,2493310.2251072275,20150156.032166723
4,position_only_periodic,validation,case_107,400360,1.2449501015960875,1.4214667791876898,0.7896599044619104,-1.0459964178745675,2.348328174508709,-2.09422451621741,5.773947810975519,4.727951393100952,9.823783111572263,8.710793118049152,0.11329545663645879,0.11329545663645879,15.309831600189176,13.127211381210783,0.14256330676762136,0.14256330676762136,35.135074615478516,30.10793149322327,0.14308047377934338,0.8569195262206566,0.7978319512438805,0.8813686313686314,1.0,0.05220551503646718,498428.22267500963,808954.5261432503,2311657.745602159,17193327.08709395
4,position_only_periodic,validation,case_109,400360,0.6447847475561794,0.8378646251037912,0.9140370648262532,-0.46747795508075807,1.7649586837870137,-1.3584568486860276,5.195676734823355,4.7281987797425975,9.180979347229002,8.695432183250482,0.052886205884459116,0.052886205884459116,14.838084297180142,13.095904014762002,0.11741275002388463,0.11741275002388463,33.0452880859375,30.10793149322327,0.08888881782707865,0.9111111821729213,0.8212109101808373,0.8991008991008991,1.0,0.05194574882605655,258146.021531592,281059.57816692675,2080141.1375538784,14077284.672122162
4,position_only_periodic,validation,case_139,400360,0.46951647853988193,0.734291171327164,0.9214729926139007,0.06163812302191246,0.9360452176620058,-0.23600942304575404,4.656545949523149,4.718184072545061,8.312557744979857,8.712451964614901,0.04810724110476698,0.0,13.217778148651119,13.174167319175414,0.003299406979391288,0.003299406979391288,29.612136840820312,29.856376830107358,0.008247969087808645,1.0082479690878086,0.803277050654411,0.8351648351648352,1.0,0.05293236087521231,187975.61734822713,215867.51578435148,1864294.736351088,11430133.00250851
4,position_only_periodic,validation,case_166,400360,0.46908238618790904,0.6947450435452958,0.9281629844327195,-0.027892995107590787,0.8050282145367655,0.15106169300139394,4.752669265709314,4.724776270601723,8.191421604156492,8.722750192731878,0.06486402656967127,0.0,12.85470631599426,13.27162886077472,0.03243345546227775,0.0,28.598407745361328,30.10793149322327,0.05278348925236183,1.0527834892523618,0.8161654510940154,0.8851148851148851,1.0,0.051810870216804875,187801.82413419127,193242.03165549302,1902778.6672193808,11733284.091455607
4,position_only_periodic,validation,case_183,400360,0.5070779431616683,0.7520652473516807,0.9245284663173037,-0.13967705830767085,1.2011195762883158,-0.7649075963528315,4.862273831097952,4.722596772790282,8.673352289199828,8.707808755787037,0.003972681546685716,0.0,13.893857116699213,13.097650073796377,0.05730640787617313,0.05730640787617313,30.76870346069336,29.856376830107358,0.029651123640990835,0.9703488763590091,0.8104705764811669,0.8513986013986014,1.0,0.05281746428214607,203013.72532420553,226444.47127871658,1946659.9510183763,12465589.519301178
4,position_only_periodic,validation,case_191,400360,0.44269337733388275,0.7068337871205329,0.9253920957698667,0.048950530350542996,0.8977020506166592,-0.18479868700287974,4.650895452266001,4.6998459826165435,8.205350446701049,8.655856543683027,0.05490394345839356,0.0,13.111052494049055,12.90794769219428,0.015491113466822063,0.015491113466822063,29.264482498168945,28.662541022092768,0.020569011466846907,0.9794309885331531,0.8080227794984514,0.8636363636363636,1.0,0.05311469677290439,177236.7205493933,200025.4620870034,1862032.503269216,11341140.896453092
4,position_only_periodic,validation,case_192,400360,0.44313756260272397,0.6989021071840233,0.9264072801761846,0.11555714601766064,0.8674368945762689,-0.04083112529959278,4.594875131585384,4.710432277603046,8.175111389160156,8.68680793430138,0.06259199670596671,0.0,12.946696014404287,13.10582775714806,0.012291301392009605,0.0,29.42413902282715,29.856376830107358,0.01468990501115023,1.0146899050111502,0.8077230492556698,0.8491508491508492,1.0,0.05298980917174543,177414.55456362656,195561.5092664607,1839604.2076815246,11110100.202361241
4,position_only_periodic,validation,case_199,400360,0.4012326120967451,0.6183045749780072,0.9477800509722895,0.007830508691433376,1.2087587291876194,-0.2650150133928944,4.738719716338008,4.746550225029441,8.71670413017273,8.781738829332262,0.007460927684170924,0.0,13.672717103958115,13.529363653222212,0.010484635178651046,0.010484635178651046,29.847414016723633,30.10793149322327,0.008728309807800008,1.0087283098078,0.8504346088520331,0.8436563436563437,1.0,0.05110400639424518,160637.48857905288,153057.8471725716,1897193.8256330849,11921292.318331864
4,position_only_periodic,internal_test,case_79,400360,1.2265363225955437,1.4074910149033717,0.8004416290374612,-1.0568242830449235,2.6281822162598827,-2.404176495020141,5.793376880167527,4.7365525971226035,10.056427860260005,8.72807120851074,0.1320903078317236,0.1320903078317236,15.850202865600538,13.236823382006246,0.1648798760340204,0.1648798760340204,36.246280670166016,30.10793149322327,0.16935114619898547,0.8306488538010145,0.8234089319612349,0.8898601398601399,1.0,0.05182585672894395,491056.08211435186,793125.5539580215,2319436.367743871,17411772.858387887
4,position_only_periodic,internal_test,case_89,400360,0.6858395408737733,0.8530059483150499,0.9144942690325959,-0.5218445738625199,1.789400889410939,-1.215354840854168,5.266890383352188,4.745045809489669,9.501103210449216,8.797514995359766,0.07405331775742116,0.07405331775742116,14.831547985076902,13.612799855988968,0.0821726855695849,0.0821726855695849,30.670499801635742,30.10793149322327,0.01834232608046608,0.981657673919534,0.858127685083425,0.8513986013986014,1.0,0.050074932560695375,274582.7185842239,291309.60203757294,2108652.233878882,14512941.660125623
4,position_only_periodic,internal_test,case_99,400360,1.2043738177476628,1.4900660375076091,0.3687619399902634,1.1307035375269854,2.5110295006237835,2.0102280512086104,3.476781438713956,4.607484976240942,5.963100194931029,8.431158331279832,0.41388842308012713,0.0,9.452709732055656,11.812905225639467,0.24968454130988593,0.0,19.247943878173828,26.53552630985201,0.3786161513044478,1.3786161513044477,0.7329403536816865,0.7392607392607392,0.9942557442557443,0.05526026576081527,482183.1016734543,888918.025300059,1391964.2168035195,6247768.959238368
4,position_only_periodic,internal_test,case_118,400360,1.2487867813279876,1.622436107070492,0.7005472672307447,0.6040537689604414,3.1201844098814013,-2.16236662088612,4.115224517896751,4.719278286857193,9.728425073623656,8.935772453620098,0.08147800019066292,0.08147800019066292,15.380120143890334,13.738775444074781,0.1067185876612003,0.1067185876612003,27.368141174316406,26.90013964769506,0.01710023065287832,0.9828997693471216,0.6543111199920072,0.5686813186813187,0.9997502497502497,0.04538165650914177,499964.27577247313,1053867.1962221707,1647571.287985143,10299436.424713062
4,position_only_periodic,internal_test,case_124,400360,0.4863513009236158,0.7539859059486336,0.9181644933668459,0.03303321897569626,1.0125106398195587,-0.33726848732167924,4.68614249334891,4.719175712324606,8.326841783523559,8.717770007079327,0.046947958628120394,0.0,13.333128252029367,13.146404330957438,0.014004509485124649,0.014004509485124649,28.74965476989746,28.662541022092768,0.0030300797871112652,0.9969699202128888,0.7966829853132181,0.8224275724275725,1.0,0.052972324907583176,194715.60683777882,227602.5566563656,1876144.0086371698,11573098.271248205
4,position_only_periodic,internal_test,case_133,400360,0.4404089220514755,0.6899818224625397,0.9255963320171685,0.19646355827754997,0.8674962429503055,-0.008190546014394633,4.494560615819249,4.691024174096799,8.05308094024658,8.627508636172829,0.07133017787707217,0.0,12.81892926216123,12.821548550321415,0.00020432971480046597,0.0,28.935829162597656,28.662541022092768,0.009444627937537723,0.9905553720624622,0.8109701268858027,0.8668831168831169,1.0,0.05322459786192427,176322.11603252875,190601.35310100942,1799442.2881493943,10649422.287634764
4,position_only_periodic,internal_test,case_154,400360,1.161869094042461,1.3288154312182738,0.6023031251972976,1.1207186266916567,2.4177567732345318,2.1180704505829797,3.5978396622740405,4.7185582889656965,6.938599348068237,8.711138044598346,0.25546059191666665,0.0,10.474741182327266,13.322012888614186,0.27182263091051534,0.0,24.134431838989258,29.856376830107358,0.23708637639748695,1.2370863763974869,0.8216105505045459,0.8623876123876124,1.0,0.05223548806074533,465165.9104908397,706935.8502596106,1440431.0871880348,6960014.663848389
4,position_only_periodic,internal_test,case_156,400360,0.5165797653409474,0.7812393714410032,0.9119411577543489,-0.016365610794067783,1.0283185401816972,-0.3174399690689003,4.732292953646106,4.715927342852039,8.350664710998535,8.704300339097609,0.042348201051983995,0.0,13.289695453643796,13.153485419735203,0.010249296861896642,0.010249296861896642,28.11277961730957,29.856376830107358,0.06202151606966043,1.0620215160696604,0.7931361774403037,0.8171828171828172,1.0,0.05292986312318913,206817.87485190172,244353.70277978975,1894620.8069217552,11740791.85297921
4,position_only_periodic,internal_test,case_163,400360,0.5065608699237615,0.6975396164358215,0.9354547312153544,-0.14362335409799254,1.261043239013729,-0.665180655695223,4.8691821289669655,4.725558774868973,9.154281949996946,8.687471947528376,0.05099362298631469,0.05099362298631469,13.400103712081906,13.243927948453171,0.0116548175286078,0.0116548175286078,30.699800491333008,29.428876917448434,0.04139843104984911,0.9586015689501509,0.7620141872314916,0.9105894105894106,1.0,0.05069687281446698,202806.70988267715,194799.76874491226,1949425.7571532144,12510142.33051967
4,position_only_periodic,internal_test,case_180,400360,0.5007652868320382,0.7037789582615769,0.9202333044053392,0.039964785813564614,0.9881224180471446,0.44579605154978896,4.617005859716327,4.656970645529893,7.6927731275558475,8.512641821251377,0.10657648160176773,0.0,12.1202414035797,12.617371347384545,0.04101650513809225,0.0,27.940109252929688,28.76570123243103,0.02954863103889886,1.0295486310388988,0.8099210710360676,0.8798701298701299,1.0,0.05340443600759317,200486.39023607483,198300.23857265315,1848464.4659960286,11020374.196065595
4,position_only_periodic,internal_test,case_185,400360,0.4190764534954012,0.6677701557790927,0.924366768730434,0.26975135806952355,0.9814008110476734,0.5239519255999435,4.4111433006062715,4.680894658675795,7.666236424446105,8.594823537618012,0.12112685570338359,0.0,12.235298709869317,12.807568404243163,0.04677202477388132,0.0,25.902671813964844,28.662541022092768,0.10654766535087715,1.1065476653508772,0.8127685083424917,0.8776223776223776,1.0,0.053351983215106404,167781.4489214188,178527.32249283523,1766045.331830727,10150713.984372474
4,position_only_periodic,internal_test,case_186,400360,0.641414772700956,0.8068601225304906,0.8794150557975633,0.5928859752917186,1.4916250654082623,1.1720985857309403,4.10199790038781,4.69488387567953,7.5299984931945785,8.642825708823437,0.1477858483815905,0.0,11.554426622390743,12.890105776923908,0.11559891270976788,0.0,25.107419967651367,29.856376830107358,0.18914555412601497,1.189145554126015,0.8638225596962733,0.8948551448551448,1.0,0.05316215406134479,256796.81839855478,260643.67130460608,1642275.8793992638,8898106.523626285
4,position_only_periodic,internal_test,case_189,400360,0.46817888136367747,0.7289400076458273,0.9165516106114375,0.18864768657709932,0.8969494334333431,0.03612715397640611,4.50395661685842,4.692604303435518,7.995612788200375,8.637092073449548,0.08022890830779651,0.0,12.753865308761585,12.85729059297281,0.008109328560979416,0.0,29.364471435546875,28.662541022092768,0.02390407111515014,0.9760959288848499,0.8042261964232191,0.8499000999000998,1.0,0.05318213607753022,187440.0969427619,212732.70117118838,1803204.071125437,10670825.610614894
4,position_only_periodic,internal_test,case_190,400360,0.5027431272786616,0.7671713944139538,0.9155616775849407,0.004589072583049712,1.0392562885785637,-0.3724859873007184,4.71106754251522,4.715656615098269,8.360267305374144,8.699155015022383,0.04053551127849643,0.0,13.360542898178092,13.097650073796377,0.01967680702687351,0.01967680702687351,28.387516021728516,28.662541022092768,0.009688237609579542,1.0096882376095795,0.7955340193825557,0.8241758241758241,1.0,0.05298231591567589,201278.23843728495,235632.6580642466,1886123.0013213935,11676241.904284762
4,position_only_periodic,internal_test,case_200,400360,0.4884358551086938,0.7230256546288429,0.909043385908595,0.37438642758499907,1.1047868218561996,0.7058325678799917,4.3085884493248345,4.682974876909835,7.528428196907043,8.621773565052536,0.1452289029726922,0.0,12.027814435958856,12.835316425602365,0.06713621946389255,0.0,27.248859405517578,28.662541022092768,0.051880396002518016,1.051880396002518,0.8105205315216305,0.8743756243756243,1.0,0.05333699670296733,195550.17895131666,209294.63469559725,1724986.4715716909,9733294.889121156
4,full_raw_coordinates,validation,case_11,400360,0.7119480829508603,0.9563035017233628,0.9203091589962065,-0.4361495356400471,2.162851367673703,-1.5958955424023722,6.201051010845691,5.7649014752056456,10.622378873825072,10.231056344740916,0.03683944375665478,0.03683944375665478,17.002918834686216,14.831064853105845,0.1277341850947236,0.1277341850947236,35.55618667602539,31.014531980874285,0.12773177102856828,0.8722682289714317,0.7941352782495754,0.8938561438561439,1.0,0.052395344190228794,285035.53449020645,366135.78086281323,2482652.782702181,19989509.012440648
4,full_raw_coordinates,validation,case_17,400360,0.5073741046904539,0.7465180474396544,0.9297771658781651,0.2312247724083998,1.3866994832529858,0.24566979451749113,5.224712665699665,5.455937438108065,8.882305335998534,9.697892999898526,0.09182161984395515,0.0,13.956213130950902,13.914363710001382,0.002998622947130954,0.002998622947130954,27.7415714263916,28.82980188165406,0.03922742654106406,1.0392274265410641,0.8015785792786492,0.8523976023976024,1.0,0.05163852532720552,203132.2965538701,223116.30217150078,2091765.9628395182,14106137.547034325
4,full_raw_coordinates,validation,case_44,400360,0.5724370282469184,0.7416349637092483,0.9344382256372502,-0.3883561709477597,1.34548381654138,-0.8585133917498688,5.309876889919772,4.921520718972013,9.196964502334595,8.967642068829736,0.024934578517362586,0.024934578517362586,14.862060785293576,13.58031304642006,0.08624293477132333,0.08624293477132333,32.25737762451172,30.574623552295243,0.05216648705311325,0.9478335129468868,0.857278449395544,0.8873626373626373,1.0,0.05211559596363273,229180.88862893629,220206.97582938976,2125862.31164828,14646837.997959476
4,full_raw_coordinates,validation,case_61,400360,0.6057488839250801,0.7914858708711817,0.9339331252982077,-0.10727546277455409,1.0857977614503593,-0.09989972091151916,5.705564880105384,5.598289417330832,9.68325624465942,9.964438791099445,0.029038015656675915,0.0,15.157886562347406,15.133029541958747,0.0016398737572297295,0.0016398737572297295,33.85128402709961,31.960441606954777,0.055857332284090615,0.9441426677159094,0.8485862723548806,0.8853646353646354,1.0,0.05399640323708662,242517.62316824507,250805.47547364913,2284279.9553989917,16829343.90342225
4,full_raw_coordinates,validation,case_69,400360,0.6799574791272336,0.8408786238278511,0.9225991104552752,-0.4530150791234833,1.0614068859307215,-0.44012734430567424,5.590349281239787,5.137334202116303,9.673070669174193,9.671580286068837,0.00015407549022725288,0.00015407549022725288,15.407477064132683,14.860170209882202,0.03552215927191386,0.03552215927191386,32.95534896850586,31.60559408579112,0.0409570805639062,0.9590429194360938,0.8646218403436907,0.8861138861138861,1.0,0.05149365570986113,272227.7763433792,283085.2916738521,2238152.238237161,16169443.43154454
4,full_raw_coordinates,validation,case_78,400360,1.1434656715453015,1.3327137750715219,0.4359989600483226,1.1120713612243514,2.0138002466921434,1.7445579899371906,3.235144727900909,4.347216089125259,5.647890686988831,7.785328618533018,0.37844888472580573,0.0,8.848848810195921,10.884846171201813,0.23008612811419626,0.0,20.279897689819336,23.44897021471006,0.15626669194103585,1.1562666919410358,0.7758017783994405,0.8271728271728271,0.999000999000999,0.04861874313118194,457797.9162598769,711089.8078684103,1295222.5432624079,5451027.589212791
4,full_raw_coordinates,validation,case_91,400360,0.5967034518106955,0.8494970450976216,0.9374993909446843,-0.18164723329506716,1.9051627040643986,-1.4189433355844823,6.227670659174811,6.046023425879746,10.791361618041991,10.075877794404226,0.06630153348225801,0.06630153348225801,16.847370262145986,15.266246005947378,0.09384991435436094,0.09384991435436094,35.742393493652344,30.728348364183695,0.14028285851531225,0.8597171414846878,0.8404935557997802,0.8798701298701299,1.0,0.05148616245379159,238896.19396693003,288917.88413450285,2493310.2251072275,20150156.032166723
4,full_raw_coordinates,validation,case_107,400360,0.6982653384182076,0.8576880033686353,0.9234214199364383,-0.3670148311274267,1.105668005987562,-0.3780155231938787,5.773947810975519,5.406932979848094,9.823783111572263,9.835826701273385,0.001225962499816878,0.0,15.309831600189176,15.041224043599145,0.017544775383859304,0.017544775383859304,35.135074615478516,31.953723435058738,0.09054630494560714,0.9094536950543929,0.8462383854530923,0.9005994005994006,1.0,0.054600859226695976,279557.5108891136,294516.3107849945,2311657.745602159,17193327.08709395
4,full_raw_coordinates,validation,case_109,400360,0.5909434085546162,0.7737717635881629,0.9266856005801014,-0.40337890736294935,1.3875414369542503,-0.8577454413491034,5.195676734823355,4.792297827460406,9.180979347229002,8.855606856120897,0.03543984566377538,0.03543984566377538,14.838084297180142,13.617347515927122,0.08227051126033913,0.08227051126033913,33.0452880859375,30.43361572649902,0.07903312425803553,0.9209668757419645,0.8638225596962733,0.8756243756243757,1.0,0.05142371865321211,236590.10304892616,239704.6370376998,2080141.1375538784,14077284.672122162
4,full_raw_coordinates,validation,case_139,400360,0.4559748762486258,0.6490624680892134,0.9386442276051407,-0.15089621722365376,1.4460233522596424,-1.0972111673962668,4.656545949523149,4.505649732299496,8.312557744979857,7.984299710742204,0.03948941400568267,0.03948941400568267,13.217778148651119,11.858619235667735,0.10282809241446428,0.10282809241446428,29.612136840820312,28.140941088955014,0.04968218807625042,0.9503178119237495,0.8227095613947447,0.8713786213786214,1.0,0.052250474572884405,182554.10145489982,168664.496544318,1864294.736351088,11430133.00250851
4,full_raw_coordinates,validation,case_166,400360,0.5359643981734189,0.7011801781077719,0.9268260283110662,-0.2979399701730659,1.4226554223935022,-1.0639898967731498,4.752669265709314,4.454729295536248,8.191421604156492,7.841612662998039,0.042704301898092115,0.042704301898092115,12.85470631599426,11.627065917891606,0.09550124039591494,0.09550124039591494,28.598407745361328,27.182740844368745,0.04950159860638413,0.9504984013936159,0.8061744430012988,0.8573926073926074,1.0,0.05127385353182136,214578.70645271,196838.45217968035,1902778.6672193808,11733284.091455607
4,full_raw_coordinates,validation,case_183,400360,0.4878288080149821,0.7008153069146128,0.934464096325526,-0.2538668115516983,1.6815155627819753,-1.3430711085464686,4.862273831097952,4.608407019546254,8.673352289199828,8.125930055955081,0.0631154154693341,0.0631154154693341,13.893857116699213,12.292833769142993,0.11523246094361576,0.11523246094361576,30.76870346069336,27.841340545356502,0.0951409252286671,0.9048590747713329,0.8415925666899791,0.8494005994005994,1.0,0.05217554201218903,195307.14157687823,196633.64891631526,1946659.9510183763,12465589.519301178
4,full_raw_coordinates,validation,case_191,400360,0.4069650670002848,0.5948832956252466,0.9471537972091749,-0.03262393294689897,1.191039070680651,-0.7935772886185422,4.650895452266001,4.6182715193191015,8.205350446701049,8.153095976172038,0.006368341104799459,0.006368341104799459,13.111052494049055,11.989385021077577,0.08555129143755534,0.08555129143755534,29.264482498168945,27.195812723061003,0.07068875300417074,0.9293112469958292,0.8290038964931562,0.8801198801198801,1.0,0.0517359376561095,162932.53422423403,141681.85317433084,1862032.503269216,11341140.896453092
4,full_raw_coordinates,validation,case_192,400360,0.39192257614638737,0.5679568405476034,0.95140038562462,-0.044801885163834126,1.2077062870214508,-0.8093003570430229,4.594875131585384,4.550073246421552,8.175111389160156,8.04286353359273,0.0161768872951115,0.0161768872951115,12.946696014404287,11.937731892620937,0.077932170544577,0.077932170544577,29.42413902282715,27.976950688790733,0.049183710453301326,0.9508162895466987,0.8392446797881906,0.8688811188811189,1.0,0.05264262164052353,156910.12258596765,129146.11608010725,1839604.2076815246,11110100.202361241
4,full_raw_coordinates,validation,case_199,400360,0.5523095165636257,0.7800146118191009,0.9168931158041833,-0.1585591087930115,1.6858435097340438,-1.137424014709337,4.738719716338008,4.580160607544997,8.71670413017273,8.33547584294097,0.043735370793663256,0.043735370793663256,13.672717103958115,12.339432650813805,0.09751422800654143,0.09751422800654143,29.847414016723633,27.214297716063292,0.08821924402512707,0.911780755974873,0.7974822659606354,0.8299200799200799,1.0,0.05090668398441403,221122.63805141317,243588.15006659558,1897193.8256330849,11921292.318331864
4,full_raw_coordinates,internal_test,case_79,400360,0.5831746537801079,0.7496303158715532,0.943392630893769,-0.3501743721075053,1.222524177977002,-0.6988820183616609,5.793376880167527,5.443202508060022,10.056427860260005,9.89168150289799,0.01638219451790064,0.01638219451790064,15.850202865600538,15.083329518901337,0.048382557195121786,0.048382557195121786,36.246280670166016,32.03617954651794,0.11615263816884167,0.8838473618311583,0.87716055550005,0.8998501498501499,1.0,0.05315715855729843,233479.804387404,224980.54460924436,2319436.367743871,17411772.858387887
4,full_raw_coordinates,internal_test,case_89,400360,0.5806576235881422,0.7687372213404096,0.9305540499086418,-0.26047515976634344,1.3564878666974738,-0.6185734885438002,5.266890383352188,5.006415223585845,9.501103210449216,9.353640489683933,0.01552058929357856,0.01552058929357856,14.831547985076902,14.067447341755619,0.05151860372835664,0.05151860372835664,30.670499801635742,30.044759022475798,0.020402040501686626,0.9795979594983134,0.8306024577879908,0.8523976023976024,1.0,0.048968428414427015,232472.0861797486,236595.51067924022,2108652.233878882,14512941.660125623
4,full_raw_coordinates,internal_test,case_99,400360,0.9185299972586441,1.2344679958429552,0.5667467647253661,0.8198122238182282,2.384403481000561,1.3687345933087185,3.476781438713956,4.2965936625321834,5.963100194931029,7.673700261987657,0.2868642167895709,0.0,9.452709732055656,11.634626987105484,0.23082452724117797,0.0,19.247943878173828,29.55774825227,0.5356314648125587,1.5356314648125589,0.7004695773803576,0.6151348651348651,0.9922577422577422,0.026551104006394245,367742.66970247077,610113.1011480028,1391964.2168035195,6247768.959238368
4,full_raw_coordinates,internal_test,case_118,400360,0.9172479562460394,1.1815141541149403,0.841192528044538,-0.5396915042217442,2.3763208960560904,-1.7128150576852221,4.115224517896751,3.575533013675007,9.728425073623656,8.407299408648456,0.13580056946289518,0.13580056946289518,15.380120143890334,13.799573730018617,0.10276554403247497,0.10276554403247497,27.368141174316406,25.451474137426658,0.07003278098727589,0.9299672190127241,0.8414926566090518,0.7692307692307693,0.9992507492507493,0.05066190428614247,367229.3917626643,558892.8298002718,1647571.287985143,10299436.424713062
4,full_raw_coordinates,internal_test,case_124,400360,0.45121022606832073,0.6538044106551508,0.9384665859080236,-0.1838829554854504,1.4971186171101531,-1.1352556172067194,4.68614249334891,4.502259537863461,8.326841783523559,7.976646962576751,0.04205613965666347,0.04205613965666347,13.333128252029367,11.921372317101884,0.10588332372131846,0.10588332372131846,28.74965476989746,27.533230276690123,0.04231092522477885,0.9576890747752211,0.8266060545509042,0.8668831168831169,1.0,0.052100609451493654,180646.5261087129,171137.9686315128,1876144.0086371698,11573098.271248205
4,full_raw_coordinates,internal_test,case_133,400360,0.4072307989419714,0.5640113567130167,0.9502841642000691,0.12126880191456721,1.0108115137488594,-0.5317234956824898,4.494560615819249,4.615829417733815,8.05308094024658,8.126467632646069,0.009112871575986057,0.0,12.81892926216123,12.009117977718246,0.063173083171102,0.063173083171102,28.935829162597656,27.1807705834874,0.06065347459884913,0.9393465254011508,0.8470876211409731,0.8793706293706294,1.0,0.052093116195424116,163038.92266440767,127358.04337228357,1799442.2881493943,10649422.287634764
4,full_raw_coordinates,internal_test,case_154,400360,0.8047821782070294,0.9649857881881945,0.7902680053568292,0.7187808659280076,1.2980355852345349,0.6053613947502623,3.5978396622740405,4.316620528202048,6.938599348068237,7.994005582704058,0.15210652491841228,0.0,10.474741182327266,11.248669946311843,0.07388523978905855,0.0,24.134431838989258,27.26684748061321,0.12979032042360017,1.1297903204236002,0.7877909881107004,0.7739760239760239,1.0,0.050274752722549707,322202.59286696627,372814.2596877822,1440431.0871880348,6960014.663848389
4,full_raw_coordinates,internal_test,case_156,400360,0.44983832123855955,0.6305493663756793,0.9426355393488642,-0.17470663381378182,1.4307964359671113,-1.03232386235776,4.732292953646106,4.557586319832326,8.350664710998535,8.06911041253066,0.03371639362996377,0.03371639362996377,13.289695453643796,11.933092778630934,0.10207928990885234,0.10207928990885234,28.11277961730957,27.800323087290263,0.011114394744051643,0.9888856052559484,0.8418922969327605,0.8563936063936064,1.0,0.05002247976820861,180097.2702910697,159180.1346759455,1894620.8069217552,11740791.85297921
4,full_raw_coordinates,internal_test,case_163,400360,0.7195850340934836,0.9388397778393253,0.8830743961981192,0.372030105809123,1.66670664591653,-0.8991462771173204,4.8691821289669655,5.241212234776089,9.154281949996946,8.752634228715836,0.04387539333778594,0.04387539333778594,13.400103712081906,12.900220523331225,0.037304426853052845,0.037304426853052845,30.699800491333008,28.35446456666296,0.07639580346237661,0.9236041965376234,0.6936257368368468,0.8836163836163836,0.9995004995004995,0.0524303127185533,288093.0642496671,352885.36262760067,1949425.7571532144,12510142.33051967
4,full_raw_coordinates,internal_test,case_180,400360,0.5520435840282029,0.759925899374309,0.9069981607273472,0.257011033914331,1.2426689750474857,0.5313335324907622,4.617005859716327,4.874016893630659,7.6927731275558475,8.400512070612043,0.09200049596172856,0.0,12.1202414035797,12.980101193564044,0.07094411417666864,0.0,27.940109252929688,28.620939683481588,0.024367493497918627,1.0243674934979186,0.8017783994405036,0.8496503496503497,1.0,0.05472324907583175,221016.16930153128,231202.8444700553,1848464.4659960286,11020374.196065595
4,full_raw_coordinates,internal_test,case_185,400360,0.42024959287547764,0.583895489384005,0.9421732366693126,0.244391386108721,0.8472644052005714,0.02220913695868926,4.4111433006062715,4.655534686714992,7.666236424446105,8.191262169522206,0.06848546222784074,0.0,12.235298709869317,12.056111772195376,0.01464508075551966,0.01464508075551966,25.902671813964844,27.20201080889481,0.05016235407149989,1.0501623540715,0.8244080327705066,0.8803696303696303,1.0,0.05099660305724848,168251.12700362623,136496.313228503,1766045.331830727,10150713.984372474
4,full_raw_coordinates,internal_test,case_186,400360,0.6324333593007522,0.8112336877110977,0.8781042574568277,0.4572791453585656,1.1226589028140255,0.557199910688262,4.10199790038781,4.559277045746375,7.5299984931945785,8.348614274514098,0.10871393693629072,0.0,11.554426622390743,12.240055971233987,0.05933910623609811,0.0,25.107419967651367,27.29624744455351,0.08717851056469561,1.0871785105646956,0.8143670696373264,0.8628871128871128,1.0,0.05277000699370567,253201.01972964912,263476.95446552656,1642275.8793992638,8898106.523626285
4,full_raw_coordinates,internal_test,case_189,400360,0.43508792485775216,0.6138689128683097,0.9408185411797562,-0.009156609817308483,1.2004646427524686,-0.6957486496034446,4.50395661685842,4.494800007041111,7.995612788200375,7.953205211830053,0.005303855688572802,0.005303855688572802,12.753865308761585,11.945159461021507,0.06340868655595072,0.06340868655595072,29.364471435546875,27.658142099533606,0.05810863443459393,0.9418913655654061,0.8186632031171945,0.8494005994005994,1.0,0.050979118793086226,174191.80159604966,150869.67748963519,1803204.071125437,10670825.610614894
4,full_raw_coordinates,internal_test,case_190,400360,0.4487662181232461,0.6514949361423837,0.9391056662152277,-0.16430723686926527,1.4185827160015343,-1.0576754754753481,4.71106754251522,4.546760305645956,8.360267305374144,8.076525227105627,0.033939354796242244,0.033939354796242244,13.360542898178092,12.062677386566648,0.09714167466865645,0.09714167466865645,28.387516021728516,27.335750055472317,0.037050299344653835,0.9629497006553461,0.826506144469977,0.8581418581418582,1.0,0.051483664701768406,179668.0430878228,169931.06116232235,1886123.0013213935,11676241.904284762
4,full_raw_coordinates,internal_test,case_200,400360,0.48893580304986917,0.6366899050875505,0.9294685522265231,0.367957887107473,0.8979185808133472,0.0281591947145334,4.3085884493248345,4.676546336432309,7.528428196907043,8.179354656466273,0.08646246501051248,0.0,12.027814435958856,11.798348427939109,0.019077947140066102,0.019077947140066102,27.248859405517578,27.44276437520481,0.007116076559445574,1.0071160765594456,0.8282046158457388,0.8631368631368631,1.0,0.05239284643820562,195750.3381090456,162295.54874884416,1724986.4715716909,9733294.889121156
4,full_periodic_coordinates,validation,case_11,400360,0.7247861352687197,0.9690959833326751,0.9181628483952026,-0.44117669619509087,2.1848616173983686,-1.6036677715044656,6.201051010845691,5.7598743146506,10.622378873825072,10.24688052289873,0.035349741840937296,0.035349741840937296,17.002918834686216,14.840844133412965,0.12715903206351759,0.12715903206351759,35.55618667602539,30.68054973226528,0.13712485504098293,0.8628751449590171,0.7976321310820261,0.8908591408591409,1.0,0.052225497052652614,290175.3771161846,375996.90289357794,2482652.782702181,19989509.012440648
4,full_periodic_coordinates,validation,case_17,400360,0.5157416694728657,0.7746846375256652,0.9243780942777243,0.2306569644514515,1.4641575070627952,0.27426932144571425,5.224712665699665,5.455369630151118,8.882305335998534,9.755770135249698,0.0983376236472251,0.0,13.956213130950902,13.918347573116158,0.0027131684991803942,0.0027131684991803942,27.7415714263916,29.015419870868172,0.045918395353217456,1.0459183953532174,0.798731141972225,0.8486513486513486,1.0,0.05106903786592067,206482.3347901565,240270.56411085106,2091765.9628395182,14106137.547034325
4,full_periodic_coordinates,validation,case_44,400360,0.5826655140512933,0.7539717078228853,0.9322389064795991,-0.39409672056271616,1.35592370226702,-0.859803281446329,5.309876889919772,4.915780169357055,9.196964502334595,8.976453397584303,0.023976509281330452,0.023976509281330452,14.862060785293576,13.55821501114068,0.08772981035329147,0.08772981035329147,32.25737762451172,30.49380921794276,0.0546717847649481,0.945328215235052,0.8562793485862723,0.8831168831168831,1.0,0.052035667898891,233275.9652055758,227593.98487997433,2125862.31164828,14646837.997959476
4,full_periodic_coordinates,validation,case_61,400360,0.6040698964830259,0.791753811240683,0.9338883867127646,-0.10382458955548529,1.1026933121251925,-0.1177511366890179,5.705564880105384,5.6017402905499,9.68325624465942,9.970090300035155,0.029621652895319355,0.0,15.157886562347406,15.141507219006971,0.0010805822614559427,0.0010805822614559427,33.85128402709961,31.943553217822622,0.05635623179758132,0.9436437682024187,0.8444899590368669,0.8856143856143857,1.0,0.05373913477869917,241845.42375594424,250975.31372079992,2284279.9553989917,16829343.90342225
4,full_periodic_coordinates,validation,case_69,400360,0.6833462065243094,0.8467488475657156,0.9215146578715012,-0.45298464216868206,1.0812606545075072,-0.45167767643450124,5.590349281239787,5.137364639071106,9.673070669174193,9.677008345787122,0.000407076175456695,0.0,15.407477064132683,14.842579559381083,0.036663854984190426,0.036663854984190426,32.95534896850586,31.30674863296369,0.050025273199736806,0.9499747268002632,0.8628234588870017,0.8813686313686314,1.0,0.051471175941652514,273584.48724407254,287051.55844145437,2238152.238237161,16169443.43154454
4,full_periodic_coordinates,validation,case_78,400360,1.1354551660379688,1.3197683977928014,0.44690264556629067,1.1039910441034044,2.0148672532671834,1.744807204448625,3.235144727900909,4.3391357720043136,5.647890686988831,7.75493448360297,0.3730673827431154,0.0,8.848848810195921,10.876720561656647,0.22916786069665337,0.0,20.279897689819336,23.57659076851116,0.1625596504042912,1.1625596504042912,0.7835947647117594,0.8316683316683317,0.999000999000999,0.0484314117294435,454590.8302749612,697342.4934296039,1295222.5432624079,5451027.589212791
4,full_periodic_coordinates,validation,case_91,400360,0.591676480976017,0.8553512868519675,0.9366349866692454,-0.16625534776155215,1.9463903286462194,-1.4590979214252917,6.227670659174811,6.06141531141326,10.791361618041991,10.078625887722556,0.06604687670996201,0.06604687670996201,16.847370262145986,15.268540627504063,0.09371371377700198,0.09371371377700198,35.742393493652344,30.595471431731465,0.14400048678427047,0.8559995132157295,0.8293535817764013,0.8831168831168831,1.0,0.05142122090118893,236883.59592355817,292913.7148643377,2493310.2251072275,20150156.032166723
4,full_periodic_coordinates,validation,case_107,400360,0.6972646217035422,0.8579026586189116,0.9233830841985261,-0.3658808583257356,1.1223655994983412,-0.3925985297845915,5.773947810975519,5.408066952649784,9.823783111572263,9.837740785935692,0.0014208044095544749,0.0,15.309831600189176,15.042326712763922,0.017472751785326528,0.017472751785326528,35.135074615478516,31.713542367320926,0.09738223941753797,0.902617760582462,0.8452392846438206,0.8988511488511488,1.0,0.054068838045758814,279156.86394523014,294663.7475759582,2311657.745602159,17193327.08709395
4,full_periodic_coordinates,validation,case_109,400360,0.5981120025302686,0.7832444446945614,0.9248795513799936,-0.41045647632245225,1.4121727052875768,-0.8797609240769487,5.195676734823355,4.785220258500903,9.180979347229002,8.864146932235917,0.034509653383406336,0.034509653383406336,14.838084297180142,13.560922749169201,0.08607321015514484,0.08607321015514484,33.0452880859375,30.35700843857795,0.08135137573527629,0.9186486242647237,0.8642222000199821,0.8741258741258742,1.0,0.0514611849335598,239460.12133301835,245609.5939276089,2080141.1375538784,14077284.672122162
4,full_periodic_coordinates,validation,case_139,400360,0.45647000148801914,0.6490343845774419,0.9386495369501234,-0.1523922110491039,1.4416153417880424,-1.0861873991941138,4.656545949523149,4.504153738474044,8.312557744979857,7.972852187735036,0.04086655006396524,0.04086655006396524,13.217778148651119,11.882929065887451,0.10098891566733477,0.10098891566733477,29.612136840820312,27.986808906682025,0.05488722218444478,0.9451127778155552,0.8229093815565991,0.8686313686313686,1.0,0.05210310720351684,182752.32979574334,168649.90137317847,1864294.736351088,11430133.00250851
4,full_periodic_coordinates,validation,case_166,400360,0.5337328510552929,0.6981606439481796,0.927454898225173,-0.29441930940591055,1.4047893386038786,-1.0468514281701176,4.752669265709314,4.458249956303404,8.191421604156492,7.841902651549346,0.04266890040549163,0.04266890040549163,12.85470631599426,11.657815412767492,0.09310915969644173,0.09310915969644173,28.598407745361328,27.31006785947542,0.04504935720048528,0.9549506427995147,0.805325207313418,0.8573926073926074,1.0,0.051094015386152464,213685.28424849705,195146.78808576762,1902778.6672193808,11733284.091455607
4,full_periodic_coordinates,validation,case_183,400360,0.4903927938782639,0.7023680181378299,0.9341733747646982,-0.2568513624864322,1.6762284633590723,-1.3329423436943093,4.862273831097952,4.60542246861152,8.673352289199828,8.104979454663917,0.06553092917068018,0.06553092917068018,13.893857116699213,12.311691145130046,0.11387521537612041,0.11387521537612041,30.76870346069336,27.82498766988625,0.09567240278966153,0.9043275972103385,0.8437406334299131,0.8511488511488512,1.0,0.05176840843241083,196333.65895710172,197505.9286609902,1946659.9510183763,12465589.519301178
4,full_periodic_coordinates,validation,case_191,400360,0.4074784822537493,0.5953806550838094,0.9470653948406902,-0.03462695402323573,1.1858138238753975,-0.7801522081996275,4.650895452266001,4.616268498242765,8.205350446701049,8.160535173782252,0.00546171345269167,0.00546171345269167,13.111052494049055,12.006819272325599,0.08422155446518532,0.08422155446518532,29.264482498168945,26.914397377889014,0.08030502915699858,0.9196949708430014,0.8271555599960035,0.8851148851148851,1.0,0.051521130982116095,163138.08515511107,141918.8619040117,1862032.503269216,11341140.896453092
4,full_periodic_coordinates,validation,case_192,400360,0.3923544093150142,0.5668460603210074,0.9515902968917342,-0.04739851176594554,1.1992325603063503,-0.7952871244767618,4.594875131585384,4.547476619819439,8.175111389160156,8.037106204403225,0.016881138150596962,0.016881138150596962,12.946696014404287,11.980157213314548,0.07465524795008571,0.07465524795008571,29.42413902282715,27.894247783634295,0.051994426685041444,0.9480055733149586,0.8381456688979918,0.8728771228771228,1.0,0.052390348686182434,157083.01131335908,128641.45564477536,1839604.2076815246,11110100.202361241
4,full_periodic_coordinates,validation,case_199,400360,0.552912994324225,0.7796714588878608,0.9169662223778868,-0.17145276090655398,1.6685400370148766,-1.1108222668161536,4.738719716338008,4.567266955431453,8.71670413017273,8.340945332126314,0.04310789863174694,0.04310789863174694,13.672717103958115,12.419526733461346,0.09165627877534183,0.09165627877534183,29.847414016723633,27.27019780733684,0.08634638189904054,0.9136536181009595,0.8021780397642122,0.8306693306693307,1.0,0.050741832350884204,221364.24640764674,243373.87305189966,1897193.8256330849,11921292.318331864
4,full_periodic_coordinates,internal_test,case_79,400360,0.5824039788729223,0.7521490687362504,0.9430115910559849,-0.34559732678686356,1.2418302048243468,-0.7101869110241974,5.793376880167527,5.447779553380664,10.056427860260005,9.894656001949464,0.016086413640952445,0.016086413640952445,15.850202865600538,15.073545147088712,0.048999859818664844,0.048999859818664844,36.246280670166016,31.887118822856078,0.12026508007752433,0.8797349199224757,0.8736137476271356,0.8988511488511488,1.0,0.05313218103706664,233171.25698156317,226494.95080009982,2319436.367743871,17411772.858387887
4,full_periodic_coordinates,internal_test,case_89,400360,0.5880826667426411,0.7770978301771607,0.9290352793837355,-0.2737393803807729,1.3774716376020486,-0.6262507643421537,5.266890383352188,4.993151002971416,9.501103210449216,9.350664955351455,0.015833767065314114,0.015833767065314114,14.831547985076902,14.084876262458371,0.05034347887151172,0.05034347887151172,30.670499801635742,29.649626135626214,0.033285198239745746,0.9667148017602543,0.8307023678689179,0.8556443556443556,1.0,0.04881356778898991,235444.7764570838,241769.81223998033,2108652.233878882,14512941.660125623
4,full_periodic_coordinates,internal_test,case_99,400360,0.9311262878676283,1.2467250363189295,0.5581005042007393,0.8379204986486555,2.397867245655308,1.3805862088791034,3.476781438713956,4.314701937362611,5.963100194931029,7.654640375155528,0.28366791181244994,0.0,9.452709732055656,11.627962259431916,0.23011946722532164,0.0,19.247943878173828,29.417276097419183,0.5283334305009508,1.5283334305009508,0.7019182735538015,0.6008991008991009,0.9927572427572428,0.02659606354281147,372785.72061068367,622288.8828676008,1391964.2168035195,6247768.959238368
4,full_periodic_coordinates,internal_test,case_118,400360,0.917121909143244,1.1791785397398793,0.8418197679351354,-0.5409188880884677,2.3683771908373665,-1.665694557280877,4.115224517896751,3.5743056298082823,9.728425073623656,8.429603093883332,0.13350793884014958,0.13350793884014958,15.380120143890334,13.85627717180518,0.09907874306758857,0.09907874306758857,27.368141174316406,25.229849096993146,0.0781307018150702,0.9218692981849298,0.8406933759616345,0.760989010989011,0.9995004995004995,0.05054700769307623,367178.92754458915,556685.3777635195,1647571.287985143,10299436.424713062
4,full_periodic_coordinates,internal_test,case_124,400360,0.45195587806230875,0.6535777352478204,0.9385092460478335,-0.18677146440522696,1.490352409509481,-1.123078486778847,4.68614249334891,4.499371028943684,8.326841783523559,7.961936626748197,0.04382275612554629,0.04382275612554629,13.333128252029367,11.960594269807082,0.10294163202198091,0.10294163202198091,28.74965476989746,27.4746147690134,0.04434974997401018,0.9556502500259898,0.8285043460885203,0.8688811188811189,1.0,0.05213308022779498,180945.05534102593,171019.3213928322,1876144.0086371698,11573098.271248205
4,full_periodic_coordinates,internal_test,case_133,400360,0.40656587511114467,0.5620059306563704,0.9506370797211448,0.11797388429678718,1.0084988256569927,-0.5221158392079831,4.494560615819249,4.612534500116037,8.05308094024658,8.109440887276085,0.006998557129587039,0.0,12.81892926216123,12.027182419208902,0.06176388267383592,0.06176388267383592,28.935829162597656,26.91474950691609,0.06984695839627116,0.9301530416037288,0.8496353282046158,0.8838661338661339,1.0,0.051616045558996904,162772.71375949788,126453.97267696667,1799442.2881493943,10649422.287634764
4,full_periodic_coordinates,internal_test,case_154,400360,0.7848525955264825,0.947390637710248,0.7978466094377128,0.6975525302417191,1.3047821996941378,0.6200966276001852,3.5978396622740405,4.295392192515759,6.938599348068237,7.981659465686552,0.15032718640956136,0.0,10.474741182327266,11.299508343467599,0.07873866731254994,0.0,24.134431838989258,27.208560322741683,0.12737521663079548,1.1273752166307955,0.7904885602957339,0.7727272727272727,1.0,0.05077430312718553,314223.5851449825,359342.7258157637,1440431.0871880348,6960014.663848389
4,full_periodic_coordinates,internal_test,case_156,400360,0.45141631700499385,0.6306192168413124,0.9426228293012792,-0.17734194071585885,1.4184451038171522,-1.014907093009808,4.732292953646106,4.554951012930248,8.350664710998535,8.061396306508142,0.034640165124747734,0.034640165124747734,13.289695453643796,11.971016118552567,0.09922570006897116,0.09922570006897116,28.11277961730957,27.731223763243126,0.013572327577011047,0.9864276724229889,0.8411429713258067,0.8573926073926074,1.0,0.04992256968728145,180729.03667611934,159215.40367461395,1894620.8069217552,11740791.85297921
4,full_periodic_coordinates,internal_test,case_163,400360,0.7327826927295372,0.95180355116851,0.8798230164767278,0.38707964952791524,1.6663796391702026,-0.8990059290383922,4.8691821289669655,5.256261778494881,9.154281949996946,8.810977541523354,0.03750205754518049,0.03750205754518049,13.400103712081906,12.909362197433937,0.03662221764787554,0.03662221764787554,30.699800491333008,28.18032989214647,0.08206797955894923,0.9179320204410507,0.6937756019582376,0.8813686313686314,0.9995004995004995,0.052937356379258664,293376.8788611975,362698.1348068007,1949425.7571532144,12510142.33051967
4,full_periodic_coordinates,internal_test,case_180,400360,0.5573367048426313,0.7666911131493395,0.9053348987191792,0.2597341425942397,1.236745478496394,0.5041460926617793,4.617005859716327,4.876740002310566,7.6927731275558475,8.396358554548193,0.09146057154240936,0.0,12.1202414035797,12.948441282285364,0.0683319623040723,0.0,27.940109252929688,28.409238189112322,0.01679051903254258,1.0167905190325426,0.8020781296832851,0.8486513486513486,1.0,0.05453591767409332,223135.32315079586,235337.7186875429,1848464.4659960286,11020374.196065595
4,full_periodic_coordinates,internal_test,case_185,400360,0.41610143678124456,0.5797616082145938,0.9429891455408448,0.23863322477186233,0.846302362540552,0.02816372661065075,4.4111433006062715,4.649776525378135,7.666236424446105,8.193904139580937,0.06883008635791663,0.0,12.235298709869317,12.073068187562432,0.013259220404322904,0.013259220404322904,25.902671813964844,27.10812153758112,0.04653765960028822,1.0465376596002882,0.8245578978918973,0.8838661338661339,1.0,0.05066190428614247,166590.37122973907,134570.4134118783,1766045.331830727,10150713.984372474
4,full_periodic_coordinates,internal_test,case_186,400360,0.6282529366941085,0.8075441803061666,0.8792105047663117,0.44829000800695057,1.1397071629158742,0.5841941055288405,4.10199790038781,4.550287908394761,7.5299984931945785,8.350595808519193,0.10897708891525672,0.0,11.554426622390743,12.305019165929975,0.06496147044498918,0.0,25.107419967651367,27.19908383051017,0.08330859425435672,1.0833085942543568,0.8170646418223598,0.8588911088911089,1.0,0.05251773403936457,251527.3457348533,261085.80719567605,1642275.8793992638,8898106.523626285
4,full_periodic_coordinates,internal_test,case_189,400360,0.43466300226069116,0.6132848934895143,0.9409310951040651,-0.00921532739701906,1.1961933436413545,-0.6821747467214933,4.50395661685842,4.494741289461401,7.995612788200375,7.945583845140689,0.006257049257502373,0.006257049257502373,12.753865308761585,11.976731599592398,0.06093319086844325,0.06093319086844325,29.364471435546875,27.648880131404344,0.05842404852776403,0.9415759514722359,0.8193625736836847,0.8516483516483516,1.0,0.05090418623239085,174021.6795850903,150582.74684278766,1803204.071125437,10670825.610614894
4,full_periodic_coordinates,internal_test,case_190,400360,0.45041158205801896,0.6521717585391189,0.9389790771809767,-0.1669593786467125,1.4102645243748013,-1.0431524565595411,4.71106754251522,4.544108163868509,8.360267305374144,8.079363751616965,0.033599829227542614,0.033599829227542614,13.360542898178092,12.107133773778676,0.09381423598964211,0.09381423598964211,28.387516021728516,27.249994640840484,0.04007118410844205,0.959928815891558,0.8269557398341493,0.8596403596403597,1.0,0.05133629733240084,180326.78099274848,170284.3191353517,1886123.0013213935,11676241.904284762
4,full_periodic_coordinates,internal_test,case_200,400360,0.4831909167191488,0.631179742290042,0.9306840828527956,0.3615085119449006,0.8906870129623825,0.040121083127330544,4.3085884493248345,4.670096961269736,7.528428196907043,8.175462874792,0.08594552022835038,0.0,12.027814435958856,11.836343278513565,0.015919031546817047,0.015919031546817047,27.248859405517578,27.372145022668356,0.004524432208924451,1.0045244322089244,0.828903986412229,0.8698801198801199,1.0,0.05219552402837446,193450.31541767842,159498.5664630774,1724986.4715716909,9733294.889121156
