case_id,case_number,n_elements,stress_mean,stress_std,stress_p95,stress_p99,stress_max,negative_stress_fraction,fluence_rate_mean,fluence_rate_std,fluence_rate_min,fluence_rate_p95,fluence_rate_max,temperature_mean,temperature_std,temperature_min,temperature_p95,temperature_max,weight_loss_rate_mean,weight_loss_rate_std,weight_loss_rate_min,weight_loss_rate_p95,weight_loss_rate_max,rho_mean,rho_std,rho_min,rho_p95,rho_max,theta_mean,theta_std,theta_min,theta_p95,theta_max,z_mean,z_std,z_min,z_p95,z_max,theta_sin_mean,theta_sin_std,theta_sin_min,theta_sin_p95,theta_sin_max,theta_cos_mean,theta_cos_std,theta_cos_min,theta_cos_p95,theta_cos_max
case_01,1,400360,5.896753311157227,3.242328405380249,10.326234483718872,16.558459148406914,37.16805648803711,0.05535268258567289,3.399423837661743,0.40250685811042786,2.7673590183258057,4.336071968078613,5.1644511222839355,398.7736511230469,15.544198989868164,350.38177490234375,431.3729248046875,448.6435546875,0.3569064140319824,0.05417110025882721,0.2690010070800781,0.49315598607063293,0.6124340295791626,187.38546752929688,17.365386962890625,130.10137939453125,212.36359634399415,223.1104736328125,0.3441586196422577,0.1411813646554947,0.007521217688918114,0.5586253136396407,0.7734891176223755,443.37786865234375,256.8924560546875,1.7783960103988647,842.4595458984375,885.380126953125,0.3339897096157074,0.13129059970378876,0.007521146908402443,0.5300209760665893,0.6986358761787415,0.9320444464683533,0.050071101635694504,0.7154774069786072,0.992299023270607,0.9999716877937317
case_06,6,400360,5.917630195617676,3.1990630626678467,10.134570455551147,15.962084121704066,32.9944953918457,0.05531771405734839,3.4794044494628906,0.3796917200088501,2.778795003890991,4.354030132293701,5.141026020050049,426.3059997558594,10.8130464553833,354.5773620605469,442.93011474609375,450.0254211425781,0.3404279053211212,0.04245026409626007,0.2737959921360016,0.4521639943122864,0.5946130156517029,187.4179229736328,17.357627868652344,130.0974578857422,212.3789321899414,223.12879943847656,0.3440924286842346,0.14110317826271057,0.0075250002555549145,0.5582802146673203,0.7734822034835815,443.26458740234375,256.85992431640625,1.761633038520813,842.3040802001954,885.0130004882812,0.333931565284729,0.13121911883354187,0.007524929009377956,0.5297283142805099,0.6986309289932251,0.9320767521858215,0.05004129186272621,0.715482234954834,0.992294254899025,0.9999716877937317
case_10,10,400360,5.735562324523926,3.167390823364258,10.146135330200195,16.147420253753637,36.003170013427734,0.05443600759316615,3.434783697128296,0.3976384401321411,2.759705066680908,4.363170146942139,5.175214767456055,386.9534912109375,18.640626907348633,345.65032958984375,426.16058349609375,447.8836669921875,0.35424208641052246,0.05687224119901657,0.26363998651504517,0.48528799414634705,0.6311690211296082,187.40487670898438,17.371198654174805,130.11402893066406,212.3961624145508,223.04800415039062,0.34418198466300964,0.1412152796983719,0.007521359715610743,0.5587407976388932,0.7734898924827576,443.46484375,256.9591064453125,1.7848119735717773,842.6355010986329,885.5349731445312,0.3340100646018982,0.1313217580318451,0.0075212884694337845,0.5301188886165619,0.6986364126205444,0.9320319294929504,0.05008360370993614,0.7154768705368042,0.992300808429718,0.9999716877937317
case_11,11,400360,6.201050758361816,3.3875954151153564,10.622378873825072,17.002918834686216,35.55618667602539,0.056224398041762415,3.423363447189331,0.3977753221988678,2.7569079399108887,4.352518081665039,5.1711859703063965,439.56268310546875,10.967487335205078,361.0643005371094,447.81744384765625,452.9774169921875,0.35631901025772095,0.0523955263197422,0.2734279930591583,0.49305400252342224,0.6041010022163391,187.44859313964844,17.357280731201172,130.07818603515625,212.40635833740234,223.22122192382812,0.34406593441963196,0.14108572900295258,0.007524634711444378,0.5582090824842452,0.7734813094139099,443.3976745605469,256.8621826171875,1.7681740522384644,842.4624725341797,885.22119140625,0.3339075744152069,0.1312035173177719,0.007524563930928707,0.5296679705381392,0.6986302733421326,0.9320880174636841,0.05003371462225914,0.7154828906059265,0.9922938346862793,0.9999716877937317
case_12,12,400360,5.673344612121582,3.1410410404205322,10.082114791870117,16.142577419280983,36.23194885253906,0.05490308722150065,3.4136345386505127,0.3964231610298157,2.7721569538116455,4.322353839874268,5.169034957885742,383.26806640625,19.721595764160156,345.8624572753906,426.6660461425781,446.35638427734375,0.3571361303329468,0.05148707330226898,0.27773699164390564,0.49428701400756836,0.5934960246086121,187.39588928222656,17.374013900756836,130.10426330566406,212.3946090698242,223.08470153808594,0.34420982003211975,0.1412295550107956,0.007521218620240688,0.5587931960821152,0.7734919190406799,443.4156188964844,256.9574279785156,1.7797420024871826,842.5930938720703,885.4852294921875,0.3340352773666382,0.13133424520492554,0.0075211478397250175,0.5301633536815643,0.698637843132019,0.9320206642150879,0.050090543925762177,0.7154754400253296,0.9923014044761658,0.9999716877937317
case_13,13,400360,5.239577293395996,2.860407829284668,9.118360137939451,14.603178558349592,30.08977508544922,0.0539389549405535,3.357408046722412,0.37328222393989563,2.742722988128662,4.221428871154785,5.116156101226807,385.40252685546875,19.127836227416992,344.8303527832031,425.37994384765625,447.6676330566406,0.35663357377052307,0.05378754436969757,0.2708219885826111,0.4923129975795746,0.6152369976043701,187.2869415283203,17.373435974121094,130.0412139892578,212.29938964843748,222.8022918701172,0.34425947070121765,0.14126209914684296,0.007520652376115322,0.558923852443695,0.7734938263893127,443.1333923339844,256.8885803222656,1.7754329442977905,842.1671844482422,884.8809204101562,0.33408015966415405,0.1313633769750595,0.007520581595599651,0.5302741020917893,0.6986392140388489,0.9319998025894165,0.05010462552309036,0.7154741287231445,0.9923020631074906,0.9999717473983765
case_14,14,400360,5.300424098968506,2.9012532234191895,9.186977624893188,14.805124273300162,30.95267105102539,0.054558397442301926,3.4991164207458496,0.35515323281288147,2.797447919845581,4.3103108406066895,5.132734775543213,385.0202941894531,19.48707389831543,346.3436584472656,427.4309997558594,446.4969177246094,0.357739120721817,0.051540445536375046,0.27668601274490356,0.49591198563575745,0.5916039943695068,187.34451293945312,17.370338439941406,130.08880615234375,212.33499145507812,222.90049743652344,0.3442087173461914,0.14122414588928223,0.007521487306803465,0.5588046401739121,0.773490309715271,443.24932861328125,256.9236145019531,1.7714530229568481,842.3535186767579,885.1083374023438,0.33403459191322327,0.13132934272289276,0.007521416526287794,0.5301730126142502,0.6986367106437683,0.9320217370986938,0.05008837208151817,0.7154765725135803,0.9923005104064941,0.9999716877937317
case_15,15,400360,3.3780579566955566,1.8326913118362427,5.832143068313598,9.363036231994613,18.940412521362305,0.05256768907982815,3.1766889095306396,0.2720814049243927,2.7383580207824707,3.7886319160461426,5.072033882141113,389.1473388671875,18.477283477783203,347.4422912597656,427.666748046875,447.9676818847656,0.352100133895874,0.061611074954271317,0.27000799775123596,0.49524301290512085,0.6584669947624207,186.9614715576172,17.37899398803711,129.79266357421875,211.94850463867186,222.29220581054688,0.3444361090660095,0.14137105643749237,0.007519750390201807,0.5590943217277526,0.7735093235969543,442.273193359375,256.6332702636719,1.6282989978790283,840.8756713867188,883.25537109375,0.3342401683330536,0.13145975768566132,0.007519679609686136,0.5304186433553696,0.6986503005027771,0.9319261312484741,0.05015471950173378,0.7154632806777954,0.9923028379678727,0.9999717473983765
case_16,16,400360,5.625429630279541,3.0860579013824463,9.801409292221068,15.720469598770103,34.04954528808594,0.054658307523229095,3.462811231613159,0.38113829493522644,2.7726290225982666,4.341714859008789,5.138513088226318,389.4546813964844,18.39821434020996,347.4306945800781,427.85137939453125,447.8814697265625,0.3562471866607666,0.053549159318208694,0.27089300751686096,0.4918529987335205,0.6131970286369324,187.38133239746094,17.368717193603516,130.1083221435547,212.36859970092775,222.96890258789062,0.3441798985004425,0.14120596647262573,0.00752099696546793,0.5587307214736938,0.7734894752502441,443.3676452636719,256.9371032714844,1.7772459983825684,842.4965209960938,885.3451538085938,0.3340085446834564,0.13131313025951385,0.007520926184952259,0.5301103591918945,0.6986361145973206,0.932033896446228,0.05008033663034439,0.7154771685600281,0.9923001557588578,0.9999716877937317
case_17,17,400360,5.22471284866333,2.8170926570892334,8.882305335998534,13.956213130950902,27.7415714263916,0.05529773204116295,3.3391776084899902,0.34354904294013977,2.7600150108337402,4.13048791885376,5.11299991607666,440.57305908203125,11.065532684326172,360.54339599609375,448.5782775878906,453.28765869140625,0.3592750132083893,0.0520152747631073,0.27882900834083557,0.49721699953079224,0.6147329807281494,187.22463989257812,17.355382919311523,130.02049255371094,212.18232650756835,222.79823303222656,0.3441717326641083,0.1411529928445816,0.007524486165493727,0.5585218250751495,0.7734874486923218,442.84735107421875,256.71038818359375,1.7524720430374146,841.6339752197266,884.135009765625,0.3340032994747162,0.13126328587532043,0.007524415384978056,0.5299332618713378,0.698634684085846,0.9320436120033264,0.050063978880643845,0.7154785990715027,0.9922952085733414,0.9999716877937317
case_18,18,400360,5.653727054595947,3.1095573902130127,9.915027427673339,15.819301843643087,36.45985412597656,0.05469577380357678,3.517946720123291,0.3797719180583954,2.7948310375213623,4.379520893096924,5.172270774841309,385.7846374511719,19.03748893737793,346.0321350097656,427.0711975097656,447.2848815917969,0.35971400141716003,0.05231698602437973,0.27836498618125916,0.49844399094581604,0.6176450252532959,187.42945861816406,17.369443893432617,130.13201904296875,212.41583404541015,223.12535095214844,0.3441617488861084,0.14119549095630646,0.007522679399698973,0.558680322766304,0.7734875679016113,443.4644470214844,256.96624755859375,1.774176001548767,842.663818359375,885.573486328125,0.3339920938014984,0.1313038468360901,0.007522608619183302,0.5300676763057708,0.6986347436904907,0.932041347026825,0.05007559061050415,0.7154784798622131,0.9922993212938309,0.9999716877937317
case_19,19,400360,5.88552188873291,3.242424249649048,10.343796873092652,16.581697864532423,35.93040466308594,0.05490558497352383,3.4237442016601562,0.3979784846305847,2.753110885620117,4.346603870391846,5.169137954711914,390.79241943359375,17.734981536865234,348.8207702636719,430.1040954589844,447.2859802246094,0.3600948452949524,0.06293410062789917,0.2799069881439209,0.5095490217208862,0.6611430048942566,187.40118408203125,17.36807632446289,130.10821533203125,212.3843795776367,223.06101989746094,0.3441576361656189,0.141196608543396,0.007521241903305054,0.5586770921945572,0.7734888195991516,443.4512634277344,256.93218994140625,1.785343050956726,842.5833160400391,885.5072631835938,0.33398815989494324,0.13130474090576172,0.007521171122789383,0.5300648927688598,0.6986356377601624,0.93204265832901,0.05007633939385414,0.7154775857925415,0.9923003911972046,0.9999716877937317
case_20,20,400360,5.788522243499756,3.1864700317382812,10.149102687835692,16.289631748199415,36.26679992675781,0.05497052652612649,3.4376983642578125,0.3961818218231201,2.758384943008423,4.357461929321289,5.164715766906738,386.24993896484375,18.953399658203125,346.9529724121094,428.4507751464844,446.9674987792969,0.35694003105163574,0.05317346006631851,0.2723129987716675,0.49205899238586426,0.6109539866447449,187.40969848632812,17.37143325805664,130.1112060546875,212.4037841796875,223.04074096679688,0.3441862165927887,0.14121192693710327,0.0075213247910141945,0.5587304532527924,0.773490309715271,443.4353332519531,256.9674987792969,1.7805659770965576,842.6195709228516,885.48193359375,0.3340141177177429,0.13131842017173767,0.007521254010498524,0.5301101475954055,0.6986367106437683,0.9320310354232788,0.05008304491639137,0.7154765725135803,0.9923003345727921,0.9999716877937317
case_21,21,400360,4.529992580413818,2.430978536605835,8.021694707870484,12.29129181861873,23.24169158935547,0.05070186831851334,3.7922611236572266,0.33545756340026855,2.9106080532073975,4.532018184661865,5.1995439529418945,380.05291748046875,17.622663497924805,346.1752624511719,418.7206726074219,438.1097412109375,0.30404648184776306,0.03468083590269089,0.2711560130119324,0.37346601486206055,0.6451990008354187,187.46678161621094,17.375,130.20030212402344,212.45607223510743,223.09042358398438,0.34419217705726624,0.14115680754184723,0.007524068467319012,0.5585457295179366,0.7734854221343994,443.2418518066406,256.9586181640625,1.7594749927520752,842.4063720703125,885.1780395507812,0.33402219414711,0.1312660276889801,0.007523997686803341,0.5299535334110259,0.6986331939697266,0.9320363402366638,0.05006740242242813,0.7154799699783325,0.9922958612442017,0.9999716877937317
case_24,24,400360,5.30462646484375,2.836033344268799,9.102337694168089,14.59939882278439,27.87183380126953,0.051773403936457185,3.4139652252197266,0.39827972650527954,2.76016902923584,4.31955099105835,5.173141956329346,386.143798828125,19.015222549438477,347.04833984375,428.4120788574219,447.1294860839844,0.29689478874206543,0.03347756713628769,0.2592349946498871,0.3571540117263794,0.6409990191459656,187.39599609375,17.377605438232422,130.15016174316406,212.4070747375488,222.98233032226562,0.34424322843551636,0.14124096930027008,0.007522513158619404,0.558909660577774,0.7734916806221008,443.2163391113281,256.9668273925781,1.7682820558547974,842.3827545166016,885.2001342773438,0.3340659439563751,0.13134387135505676,0.007522441912442446,0.5302620530128479,0.6986377239227295,0.932007908821106,0.05009707808494568,0.7154756188392639,0.9922999769449234,0.9999716877937317
case_27,27,400360,4.916951656341553,2.579890489578247,8.11301689147949,13.111589975357049,27.218610763549805,0.052527725047457285,3.4656834602355957,0.4056165814399719,2.761383056640625,4.414574146270752,5.186886787414551,385.16375732421875,19.543014526367188,346.2781677246094,427.7463684082031,446.6230163574219,0.5838103294372559,0.013321498408913612,0.38890400528907776,0.6116610169410706,0.6925140023231506,187.4605712890625,17.343477249145508,130.10055541992188,212.41182022094728,223.27023315429688,0.34403491020202637,0.14109419286251068,0.007524598855525255,0.5581749469041823,0.7734766006469727,443.5822448730469,256.9860534667969,1.7783360481262207,842.8259338378906,885.91650390625,0.3338783383369446,0.13121305406093597,0.007524528075009584,0.5296390175819395,0.6986268758773804,0.9320971965789795,0.05003219470381737,0.7154861688613892,0.9922959804534912,0.9999716877937317
case_28,28,400360,5.526687145233154,3.037137269973755,9.724851751327513,15.672686471939013,36.075843811035156,0.054218703167149565,3.4448089599609375,0.4001657962799072,2.760390043258667,4.344237804412842,5.188630104064941,388.1788024902344,18.416955947875977,346.8524169921875,427.000244140625,447.9479675292969,0.40037888288497925,0.05028070509433746,0.2839139997959137,0.5012249946594238,0.6603909730911255,187.40223693847656,17.36577796936035,130.1000213623047,212.38045349121094,223.1798858642578,0.3441500961780548,0.1411973237991333,0.007522035855799913,0.558640667796135,0.7734869718551636,443.53033447265625,256.9353942871094,1.7855960130691528,842.6932403564454,885.7392578125,0.33398109674453735,0.1313059777021408,0.007521965075284243,0.530034053325653,0.6986343264579773,0.9320449829101562,0.05007506161928177,0.7154788970947266,0.992300271987915,0.9999716877937317
case_29,29,400360,2.0336740016937256,1.1217516660690308,3.50241869688034,5.4425946283340405,12.888184547424316,0.0517958837046658,3.1236889362335205,0.23092006146907806,2.755556106567383,3.676456928253174,5.0824151039123535,392.5954895019531,17.600141525268555,350.0085754394531,424.3432922363281,447.32611083984375,0.3146193325519562,0.02816140279173851,0.2822889983654022,0.3714419901371002,0.6059269905090332,186.94482421875,17.384523391723633,129.7861785888672,211.94251022338867,222.28465270996094,0.344460129737854,0.14137569069862366,0.007520865648984909,0.5590549230575561,0.7735069394111633,442.00372314453125,256.5704345703125,1.4397180080413818,840.5125732421875,882.6060180664062,0.33426228165626526,0.13146324455738068,0.007520794868469238,0.5303852558135986,0.6986486315727234,0.9319175481796265,0.05015852302312851,0.7154649496078491,0.9923020601272583,0.9999717473983765
case_32,32,400360,5.271242618560791,3.0205562114715576,10.015990829467771,15.115796918868979,33.723785400390625,0.053784094315116396,4.004930019378662,0.3062626123428345,2.9958200454711914,4.635653018951416,5.224660873413086,385.7896423339844,19.027637481689453,346.1290588378906,427.2201232910156,447.25738525390625,0.34411993622779846,0.05735309422016144,0.26476800441741943,0.48003798723220825,0.6311230063438416,187.68222045898438,17.376462936401367,130.2214813232422,212.66760330200196,223.47274780273438,0.3440440595149994,0.14109835028648376,0.007526781409978867,0.5581197381019591,0.7734752297401428,443.9691467285156,257.1563720703125,1.7729990482330322,843.4951232910156,886.53564453125,0.33388668298721313,0.13121627271175385,0.0075267101638019085,0.5295921653509139,0.698625922203064,0.9320936799049377,0.05003524199128151,0.7154871225357056,0.9922948479652405,0.9999716877937317
case_34,34,400360,4.6840739250183105,2.524205446243286,8.226318550109863,12.876111402511585,30.05852508544922,0.05537266460185833,3.4060771465301514,0.39776644110679626,2.7513720989227295,4.2971391677856445,5.170565128326416,389.1787109375,18.73888397216797,348.0829772949219,428.2310485839844,445.7388000488281,0.5822104215621948,0.04344131052494049,0.31779301166534424,0.6336789727210999,0.6937620043754578,187.31549072265625,17.344968795776367,130.01649475097656,212.2637580871582,223.1333770751953,0.34408310055732727,0.14115072786808014,0.007523648906499147,0.5583891242742537,0.7734799385070801,443.3576965332031,256.8412780761719,1.7673670053482056,842.3940521240235,885.4196166992188,0.33392074704170227,0.1312645673751831,0.007523578125983477,0.5298206508159636,0.6986293196678162,0.9320734739303589,0.05005417391657829,0.7154837846755981,0.9922974139451981,0.9999716877937317
case_35,35,400360,3.846318006515503,2.0425357818603516,6.875816249847412,10.138929128646827,21.769367218017578,0.05240283744629833,3.4408388137817383,0.39711377024650574,2.759995937347412,4.375041961669922,5.15447998046875,371.5977478027344,14.876484870910645,346.4566955566406,408.7979736328125,432.19158935546875,0.6220473647117615,0.04420861974358559,0.32864901423454285,0.6585180163383484,0.703665018081665,187.2757110595703,17.347740173339844,130.0350799560547,212.2375190734863,222.92352294921875,0.344146192073822,0.14114993810653687,0.007523300126194954,0.5585414946079252,0.7734843492507935,443.0594787597656,256.7676696777344,1.7715059518814087,841.9433044433594,884.7328491210938,0.33397960662841797,0.13126127421855927,0.007523229345679283,0.5299498975276946,0.6986324191093445,0.932052731513977,0.050060730427503586,0.7154807448387146,0.9922965824604034,0.9999716877937317
case_36,36,400360,3.0640299320220947,3.4890124797821045,9.813024330139159,19.2957092285156,31.747325897216797,0.09026875811769408,4.85212516784668,0.264154314994812,3.1361310482025146,5.117259979248047,5.353445053100586,433.7020263671875,10.608501434326172,357.5941162109375,446.0522766113281,449.8446044921875,0.4091252386569977,0.05243874713778496,0.3271830081939697,0.5481550097465515,0.6401910185813904,189.159423828125,17.49432373046875,131.19432067871094,214.28551330566407,225.06521606445312,0.3439505100250244,0.14085613191127777,0.007532288320362568,0.5567762553691863,0.7734647393226624,446.3587951660156,258.55877685546875,1.7315330505371094,848.0761779785156,890.9287719726562,0.3338102698326111,0.1309901922941208,0.00753221707418561,0.5284521132707595,0.6986184120178223,0.9321569800376892,0.049955278635025024,0.7154944539070129,0.9922410309314728,0.9999716281890869
case_39,39,400360,3.0877292156219482,2.016941785812378,6.646077251434326,10.974815073013293,22.030895233154297,0.05591967229493456,3.9490442276000977,0.3113228678703308,2.978343963623047,4.5900468826293945,5.221761226654053,399.2710266113281,7.977405071258545,355.8565673828125,408.46160888671875,442.1180725097656,0.5030649900436401,0.04402286559343338,0.3024980127811432,0.5717719793319702,0.6750900149345398,187.424072265625,17.35945701599121,130.0586395263672,212.38587799072266,223.22325134277344,0.3440855145454407,0.14106500148773193,0.007529146503657103,0.5579030752182006,0.7734771966934204,443.2427673339844,256.8382263183594,1.7515230178833008,842.3051208496094,884.9995727539062,0.33392685651779175,0.13118326663970947,0.0075290752574801445,0.5294083982706069,0.6986273527145386,0.9320841431617737,0.05002928525209427,0.715485692024231,0.9922852516174316,0.9999716281890869
case_40,40,400360,5.041595458984375,2.766361951828003,8.88729267120361,14.066408891677813,32.35271072387695,0.05476820861224897,3.476468086242676,0.40113863348960876,2.761162042617798,4.402723789215088,5.189236164093018,375.66583251953125,16.153501510620117,346.0698547363281,416.1701965332031,432.421630859375,0.35583338141441345,0.055456943809986115,0.269553005695343,0.4885160028934479,0.6253079771995544,187.37213134765625,17.37830352783203,130.10067749023438,212.38616104125975,223.05816650390625,0.344251424074173,0.14121854305267334,0.0075204637832939625,0.5588794052600861,0.7734938859939575,443.2344055175781,256.8791198730469,1.7740269899368286,842.2842742919922,885.0723266601562,0.3340746760368347,0.1313219964504242,0.007520393002778292,0.5302364289760589,0.6986392736434937,0.9320082068443298,0.050092149525880814,0.7154740691184998,0.992300632596016,0.9999717473983765
case_42,42,400360,4.117154121398926,2.638406753540039,8.91228380203247,13.76958976745605,24.76995849609375,0.053469377560195826,4.481013298034668,0.26942360401153564,3.0395710468292236,4.902854919433594,5.2952880859375,383.3473205566406,18.68475341796875,347.9400634765625,424.3719177246094,445.5950927734375,0.29990074038505554,0.030667493119835854,0.2633120119571686,0.37754499912261963,0.6343759894371033,187.97471618652344,17.40200424194336,130.46084594726562,212.98891372680663,223.78501892089844,0.3440554141998291,0.1410522609949112,0.00752961914986372,0.5577834516763687,0.7734721899032593,444.34002685546875,257.4562072753906,1.7571560144424438,844.30751953125,887.2505493164062,0.3338993787765503,0.13117240369319916,0.007529547903686762,0.5293069243431091,0.698623776435852,0.9320960640907288,0.05002238228917122,0.7154892683029175,0.9922857344150543,0.9999716281890869
case_43,43,400360,4.204806804656982,2.6505258083343506,9.005365419387815,13.601225948333738,24.57630157470703,0.053082225996603054,4.455991268157959,0.27136003971099854,3.0322248935699463,4.886398792266846,5.289196014404297,383.7666931152344,19.644357681274414,346.23516845703125,426.8658752441406,446.4568786621094,0.2953096032142639,0.028425374999642372,0.2620919942855835,0.3641569912433624,0.6271389722824097,187.95919799804688,17.400684356689453,130.45860290527344,212.97151565551758,223.69937133789062,0.3440566062927246,0.1410614401102066,0.007529740687459707,0.5578071027994155,0.7734718918800354,444.308349609375,257.4713134765625,1.7562520503997803,844.2813232421875,887.1875,0.3339000642299652,0.13118116557598114,0.007529669441282749,0.5293269902467727,0.698623538017273,0.932094156742096,0.050024837255477905,0.7154894471168518,0.9922890067100525,0.9999716281890869
case_44,44,400360,5.309877395629883,2.896442174911499,9.196964502334595,14.862060785293576,32.25737762451172,0.054753222100109904,3.421377658843994,0.396238774061203,2.74631404876709,4.3431549072265625,5.159008026123047,390.0741271972656,18.652687072753906,346.1019287109375,431.2918395996094,445.4189758300781,0.4716525375843048,0.04629246145486832,0.2974329888820648,0.5480489730834961,0.6709060072898865,187.37368774414062,17.355548858642578,130.0803680419922,212.3400733947754,223.02024841308594,0.34412533044815063,0.1411721557378769,0.007522833999246359,0.5585702568292618,0.7734838128089905,443.4447937011719,256.918701171875,1.7826859951019287,842.5570190429687,885.5159301757812,0.3339591920375824,0.131283238530159,0.007522763218730688,0.5299742579460144,0.6986321210861206,0.9320566058158875,0.050064750015735626,0.7154811024665833,0.9922980695962906,0.9999716877937317
case_45,45,400360,5.207303047180176,3.206408977508545,10.862130212783812,15.904301156997667,36.334930419921875,0.056953741632530724,4.089926719665527,0.29834839701652527,3.0181379318237305,4.690937042236328,5.237214088439941,415.900634765625,11.671467781066895,352.5118713378906,438.6653137207031,448.9953918457031,0.3532792031764984,0.06116778403520584,0.26962199807167053,0.4961870014667511,0.657371997833252,187.8502197265625,17.37845230102539,130.26287841796875,212.813916015625,223.73666381835938,0.343955934047699,0.14099209010601044,0.0075292084366083145,0.5574911296367644,0.7734686136245728,444.19622802734375,257.2191467285156,1.766808032989502,843.8458923339844,886.857666015625,0.3338092863559723,0.13111883401870728,0.007529137656092644,0.5290588498115538,0.6986212134361267,0.9321371912956238,0.04999550059437752,0.7154917120933533,0.9922799468040466,0.9999716281890869
case_47,47,400360,5.241447925567627,2.8235204219818115,9.033231782913207,14.435490150451656,29.597883224487305,0.05252272954341093,3.431697368621826,0.4010428488254547,2.7470550537109375,4.369460105895996,5.176965236663818,385.2372741699219,19.205371856689453,344.62200927734375,425.9954833984375,447.4723815917969,0.44928330183029175,0.03182981535792351,0.29919299483299255,0.5024229884147644,0.6536499857902527,187.39892578125,17.35947608947754,130.1178436279297,212.37145080566407,223.0500946044922,0.34413912892341614,0.1411854326725006,0.007523423060774803,0.5586391508579254,0.773484468460083,443.4290771484375,256.9570007324219,1.7810790538787842,842.6042053222657,885.5068359375,0.33397147059440613,0.1312953233718872,0.007523352280259132,0.5300327122211456,0.698632538318634,0.932050347328186,0.050070010125637054,0.715480625629425,0.9922985464334488,0.9999716877937317
case_48,48,400360,6.037508010864258,3.3350958824157715,10.65202441215515,16.89704576492309,36.57381820678711,0.05526026576081527,3.426650285720825,0.40089908242225647,2.7491469383239746,4.351603031158447,5.1767730712890625,405.2812194824219,13.833043098449707,351.1097412109375,434.8112487792969,448.1915588378906,0.36043810844421387,0.06309356540441513,0.2791770100593567,0.510021984577179,0.6612039804458618,187.40560913085938,17.361745834350586,130.07814025878906,212.3770149230957,223.2047119140625,0.34410881996154785,0.1411488950252533,0.007522893603891134,0.5584681421518325,0.7734856009483337,443.4378662109375,256.8731689453125,1.7806830406188965,842.5050659179688,885.4743041992188,0.3339446485042572,0.1312614232301712,0.0075228228233754635,0.5298876911401749,0.6986333131790161,0.9320651888847351,0.050057344138622284,0.7154799103736877,0.9922980666160583,0.9999716877937317
case_49,49,400360,5.852952480316162,3.2159366607666016,10.265372943878171,16.352748069763166,34.92753982543945,0.0547057648116695,3.473597764968872,0.39600372314453125,2.7748780250549316,4.401814937591553,5.168129920959473,385.604248046875,19.03375816345215,345.2145690917969,425.49005126953125,447.58148193359375,0.34565481543540955,0.06037374213337898,0.25788798928260803,0.4862389862537384,0.6389219760894775,187.43167114257812,17.372636795043945,130.13658142089844,212.4241729736328,223.05096435546875,0.34417039155960083,0.14121247828006744,0.007522097788751125,0.558716544508934,0.7734876871109009,443.5073547363281,256.9881896972656,1.784690022468567,842.7159484863281,885.6151733398438,0.3339993357658386,0.13131952285766602,0.0075220270082354546,0.5300983846187591,0.6986348628997803,0.9320362210273743,0.050081655383110046,0.7154784202575684,0.9923008710145951,0.9999716877937317
case_51,51,400360,3.49507474899292,1.8941562175750732,6.196873641014097,9.536471252441398,19.359146118164062,0.04992256968728145,3.5304033756256104,0.2575376629829407,2.8616979122161865,4.083449840545654,5.11480712890625,385.83099365234375,19.016483306884766,345.8239440917969,427.0550231933594,447.30572509765625,0.32779380679130554,0.026686133816838264,0.2689479887485504,0.3821699917316437,0.6333159804344177,187.1350555419922,17.37166404724121,130.00955200195312,212.12214202880858,222.51092529296875,0.3443118631839752,0.14127913117408752,0.007523982785642147,0.5590657830238341,0.7734928727149963,442.59814453125,256.7506103515625,1.7464580535888672,841.4006378173829,883.8704223632812,0.33412835001945496,0.13137759268283844,0.007523912005126476,0.5303944379091262,0.6986385583877563,0.9319800734519958,0.05011475458741188,0.7154747843742371,0.9922998547554016,0.9999716877937317
case_52,52,400360,5.676126003265381,3.039571762084961,9.567922735214232,15.024835319519037,33.935302734375,0.05437356379258667,3.4609897136688232,0.40153345465660095,2.7495241165161133,4.405360221862793,5.18390417098999,389.74835205078125,18.55299186706543,347.5853271484375,428.3780517578125,447.37152099609375,0.41703206300735474,0.049725983291864395,0.33340299129486084,0.5167099833488464,0.6626970171928406,187.44468688964844,17.36050033569336,130.1385955810547,212.42041091918944,223.13429260253906,0.3440973162651062,0.14115703105926514,0.00752053689211607,0.5585104197263717,0.7734838724136353,443.4521789550781,256.9689636230469,1.764827013015747,842.6494750976562,885.5230102539062,0.33393368124961853,0.13126984238624573,0.007520466111600399,0.529923540353775,0.6986321210861206,0.9320679903030396,0.05005788430571556,0.7154810428619385,0.9922996163368225,0.9999717473983765
case_54,54,400360,5.355597496032715,2.9192395210266113,9.406452131271362,14.854768409728997,33.38887405395508,0.05427365371165951,3.480163097381592,0.39639097452163696,2.7776269912719727,4.408173084259033,5.185591220855713,388.8660583496094,18.785316467285156,347.909912109375,428.88818359375,446.5751647949219,0.47517770528793335,0.045037008821964264,0.2987860143184662,0.5484179854393005,0.6655380129814148,187.43223571777344,17.35575294494629,130.09503173828125,212.3929473876953,223.1354217529297,0.3440913259983063,0.14114953577518463,0.007523336913436651,0.5584626108407974,0.7734813690185547,443.5674743652344,256.95989990234375,1.7824569940567017,842.7626342773438,885.7642822265625,0.3339284360408783,0.13126309216022491,0.007523265667259693,0.5298830032348633,0.6986303329467773,0.9320709109306335,0.050054725259542465,0.7154828310012817,0.9922975301742554,0.9999716877937317
case_56,56,400360,4.807046890258789,2.702672243118286,9.012357282638549,12.885962295532151,27.991840362548828,0.05306973723648716,3.9566686153411865,0.28222811222076416,2.9921300411224365,4.530732154846191,5.185006141662598,391.56829833984375,18.250450134277344,349.5623779296875,431.0653076171875,444.0361022949219,0.36206912994384766,0.05526881664991379,0.28028398752212524,0.49842599034309387,0.6343129873275757,187.54591369628906,17.372472763061523,130.1804962158203,212.5223075866699,223.1905059814453,0.34408172965049744,0.14111478626728058,0.007526218891143799,0.558140245079994,0.7734768986701965,443.56475830078125,257.0608215332031,1.743064045906067,842.9040557861329,885.7020874023438,0.33392104506492615,0.13123051822185516,0.007526147644966841,0.5296096026897429,0.6986271142959595,0.9320787787437439,0.05004359036684036,0.7154859304428101,0.9922946721315384,0.9999716877937317
case_57,57,400360,5.400399684906006,2.950251817703247,9.728502988815302,14.611289510726927,32.06071853637695,0.054720751323808575,3.4517061710357666,0.3979073762893677,2.7758259773254395,4.381138801574707,5.178701877593994,420.94549560546875,11.190784454345703,352.4412841796875,442.0559387207031,448.366455078125,0.5291222929954529,0.042807698249816895,0.3062500059604645,0.5933359861373901,0.6822059750556946,187.4607696533203,17.339752197265625,130.04220581054688,212.38802795410155,223.30239868164062,0.3439774215221405,0.14103633165359497,0.007526971399784088,0.5579073995351789,0.7734735608100891,443.5335388183594,256.8701171875,1.7745529413223267,842.6231842041016,885.606689453125,0.33382731676101685,0.1311601996421814,0.00752690015360713,0.5294121116399763,0.6986247301101685,0.9321238994598389,0.05000993236899376,0.7154883146286011,0.9922903776168823,0.9999716877937317
case_58,58,400360,3.828242063522339,2.025580644607544,6.500666666030883,10.108694267272929,20.552814483642578,0.05154111299830153,3.2952799797058105,0.30939656496047974,2.7478349208831787,3.9979400634765625,5.104435920715332,397.2033996582031,16.30899429321289,350.2341613769531,431.0664978027344,448.1765441894531,0.437208890914917,0.02479226142168045,0.32093098759651184,0.48419100046157837,0.6533219814300537,187.052490234375,17.356191635131836,129.94564819335938,212.01610260009764,222.4716033935547,0.344276487827301,0.14125505089759827,0.007522887084633112,0.5589695543050766,0.773492157459259,442.5157470703125,256.6531677246094,1.7513259649276733,841.1712677001954,883.7088012695312,0.33409634232521057,0.13135609030723572,0.007522815838456154,0.5303128957748412,0.6986380815505981,0.9319950938224792,0.05010417848825455,0.7154752612113953,0.9922994375228882,0.9999716877937317
case_59,59,400360,5.287437438964844,2.880093574523926,9.45020728111267,14.667274990081749,32.03961944580078,0.0545259266660006,3.4141135215759277,0.3985752761363983,2.758544921875,4.321518898010254,5.172412872314453,415.2822570800781,11.511637687683105,352.3162841796875,437.5419616699219,448.81634521484375,0.5159759521484375,0.04325646162033081,0.30424201488494873,0.5820009708404541,0.6793839931488037,187.3929443359375,17.340681076049805,130.01724243164062,212.33434982299804,223.30587768554688,0.3440249562263489,0.14106810092926025,0.007526108529418707,0.5580992579460143,0.7734772562980652,443.4242858886719,256.8020935058594,1.7800049781799316,842.4170013427735,885.4385986328125,0.33387017250061035,0.13118843734264374,0.007526037283241749,0.5295748323202133,0.6986273527145386,0.9321039319038391,0.050024211406707764,0.715485692024231,0.992293119430542,0.9999716877937317
case_60,60,400360,5.622468948364258,3.122555732727051,9.96433162689209,15.850470104217512,36.91607666015625,0.0554600859226696,3.585988759994507,0.3671199679374695,2.8215079307556152,4.4092559814453125,5.179694175720215,390.0577392578125,18.760419845581055,346.4717712402344,431.70086669921875,444.1846008300781,0.35761353373527527,0.055800408124923706,0.2681039869785309,0.49342501163482666,0.622859001159668,187.43504333496094,17.368574142456055,130.11463928222656,212.41680984497071,223.1602325439453,0.3441423177719116,0.14117518067359924,0.0075231012888252735,0.5585553497076033,0.7734853625297546,443.5094909667969,256.9559020996094,1.7724850177764893,842.7033905029297,885.6632690429688,0.33397483825683594,0.1312854290008545,0.007523030508309603,0.5299616456031799,0.6986331343650818,0.932050347328186,0.05006738752126694,0.7154800295829773,0.9922987252473832,0.9999716877937317
case_61,61,400360,5.705564975738525,3.0792949199676514,9.68325624465942,15.157886562347406,33.85128402709961,0.05327205515036467,3.501136541366577,0.398209810256958,2.768143892288208,4.439974784851074,5.187943935394287,395.2786865234375,16.925382614135742,351.3229064941406,425.80035400390625,447.0738220214844,0.3529425859451294,0.05032997205853462,0.27817898988723755,0.4788320064544678,0.6242049932479858,187.38294982910156,17.368940353393555,130.11672973632812,212.35650634765625,222.9855194091797,0.34415215253829956,0.14118537306785583,0.007522461470216513,0.5586210042238235,0.7734853029251099,443.25079345703125,256.9210510253906,1.743764042854309,842.3634094238281,885.0772705078125,0.33398348093032837,0.1312946081161499,0.007522390689700842,0.5300173133611679,0.6986331343650818,0.9320459365844727,0.050071679055690765,0.7154800891876221,0.9922991394996643,0.9999716877937317
case_62,62,400360,2.4747231006622314,1.361090064048767,4.507473468780517,6.4952899599075264,14.41285228729248,0.05485812768508343,3.798898220062256,0.3343678414821625,2.91178297996521,4.536083221435547,5.200133800506592,353.52325439453125,11.043818473815918,341.6856384277344,368.2245178222656,431.7369079589844,0.40302774310112,0.04594789445400238,0.31741800904273987,0.4987649917602539,0.661952018737793,187.38719177246094,17.388198852539062,130.1841278076172,212.4084175109863,222.87307739257812,0.34427472949028015,0.14118608832359314,0.007523041684180498,0.558688050508499,0.7734922170639038,442.8110656738281,256.81744384765625,1.74052894115448,841.7539093017579,884.086181640625,0.3340979516506195,0.13129061460494995,0.00752297043800354,0.5300741612911223,0.6986380815505981,0.9320048093795776,0.050084393471479416,0.7154752612113953,0.9922950863838196,0.9999716877937317
case_63,63,400360,3.5899083614349365,2.5268850326538086,8.285945415496824,13.304288787841797,25.949066162109375,0.05018483364971526,4.257575988769531,0.2848091423511505,3.0179500579833984,4.785690784454346,5.2650299072265625,392.8834533691406,17.84315299987793,352.3106994628906,425.2461242675781,448.66607666015625,0.4950523376464844,0.045140091329813004,0.30215901136398315,0.5653340220451355,0.6750959753990173,187.8930206298828,17.390567779541016,130.3507537841797,212.87720413208007,223.6344757080078,0.3439998924732208,0.14101381599903107,0.007530981209129095,0.5574889630079268,0.7734668254852295,444.1675720214844,257.3666687011719,1.717743992805481,844.0098266601562,886.833984375,0.33384931087493896,0.13113796710968018,0.007530909962952137,0.5290570259094238,0.6986199617385864,0.9321196675300598,0.0500057078897953,0.7154929637908936,0.9922806054353714,0.9999716281890869
case_64,64,400360,3.977193593978882,2.161553144454956,6.892904663085936,10.860165023803638,23.340909957885742,0.05452842441802378,3.4654695987701416,0.38983145356178284,2.7621240615844727,4.380486011505127,5.155342102050781,365.7829895019531,12.928702354431152,345.0087890625,395.72686767578125,432.0075378417969,0.3566097617149353,0.055264171212911606,0.2679150104522705,0.4926530122756958,0.6211310029029846,187.297607421875,17.386964797973633,130.0679473876953,212.3176414489746,222.7925567626953,0.34433624148368835,0.1412549763917923,0.007521708495914936,0.5590688019990921,0.7734984755516052,442.8798522949219,256.82080078125,1.7612359523773193,841.80859375,884.2853393554688,0.33415207266807556,0.1313534379005432,0.007521637249737978,0.5303970009088517,0.6986425518989563,0.9319751262664795,0.05011104419827461,0.7154708504676819,0.9922995567321777,0.9999716877937317
case_66,66,400360,3.309709310531616,2.754206895828247,8.640856552124024,14.484742507934437,22.389339447021484,0.05725846737935858,4.957562446594238,0.26925620436668396,3.15863299369812,5.1825032234191895,5.368753910064697,385.6255798339844,19.089977264404297,345.51922607421875,426.73419189453125,447.3264465332031,0.3400048613548279,0.030455902218818665,0.2938989996910095,0.415477991104126,0.623553991317749,188.62254333496094,17.45256996154785,130.91839599609375,213.69227447509766,224.55694580078125,0.34400808811187744,0.1409618854522705,0.00753137469291687,0.5572203129529952,0.7734676003456116,445.4783630371094,258.1000061035156,1.7420580387115479,846.4218811035156,889.3851928710938,0.33385932445526123,0.13108865916728973,0.007531303446739912,0.5288289964199065,0.6986204981803894,0.9321238398551941,0.049990903586149216,0.7154924273490906,0.9922654688358307,0.9999716281890869
case_67,67,400360,5.64584493637085,3.0143563747406006,9.483993959426876,15.007321405410755,33.35513687133789,0.05495554001398741,3.481675148010254,0.40142250061035156,2.763874053955078,4.425694942474365,5.188252925872803,382.6053771972656,19.79265022277832,346.4131164550781,426.1247253417969,446.21044921875,0.4159236252307892,0.049701035022735596,0.33395901322364807,0.5154770016670227,0.6611059904098511,187.46890258789062,17.36492156982422,130.1615753173828,212.45488967895508,223.1669158935547,0.3441152274608612,0.14117218554019928,0.007521720137447119,0.5585760474205017,0.7734839916229248,443.4979248046875,257.01104736328125,1.7666610479354858,842.7600128173829,885.6182250976562,0.3339496850967407,0.13128358125686646,0.007521649356931448,0.5299791723489762,0.6986322402954102,0.9320600628852844,0.05006399378180504,0.7154809832572937,0.992300096154213,0.9999716877937317
case_68,68,400360,4.470923900604248,2.874513864517212,9.673214769363403,14.204864883422841,30.399791717529297,0.05121640523528824,4.425922393798828,0.2735873758792877,3.023252010345459,4.877762794494629,5.289210796356201,392.8239440917969,17.428680419921875,350.3910827636719,425.4644470214844,446.34661865234375,0.36051708459854126,0.055677156895399094,0.27935901284217834,0.48947399854660034,0.6437190175056458,188.06166076660156,17.404685974121094,130.46234130859375,213.07059783935546,223.865478515625,0.34397420287132263,0.14100012183189392,0.007530997507274151,0.5574325442314146,0.7734653353691101,444.4499206542969,257.50103759765625,1.7198139429092407,844.5042755126954,887.3922729492188,0.33382588624954224,0.1311260461807251,0.007530926261097193,0.5290091454982756,0.6986188888549805,0.9321298599243164,0.049998939037323,0.7154940366744995,0.992280438542366,0.9999716281890869
case_69,69,400360,5.590348720550537,3.02245831489563,9.673070669174193,15.407477064132683,32.95534896850586,0.054011389749225695,3.414844036102295,0.3967931568622589,2.773071050643921,4.331756114959717,5.16845703125,382.49993896484375,19.066736221313477,347.4131774902344,424.4466552734375,445.9034423828125,0.3441344201564789,0.04833095148205757,0.26524901390075684,0.448743999004364,0.6285290122032166,187.3998565673828,17.37441635131836,130.1252899169922,212.40742874145508,223.09930419921875,0.34422290325164795,0.14122004806995392,0.0075195892713963985,0.5588092893362046,0.7734923958778381,443.30126953125,256.9317321777344,1.7713780403137207,842.4310455322266,885.23095703125,0.33404791355133057,0.1313246786594391,0.0075195180252194405,0.5301770031452179,0.6986382007598877,0.9320176839828491,0.0500892773270607,0.7154750823974609,0.9923016458749772,0.9999717473983765
case_71,71,400360,4.549803733825684,2.4108498096466064,7.7705615758895865,12.114842939376807,25.56398582458496,0.05502547707063643,3.4243216514587402,0.39776283502578735,2.756632089614868,4.346854209899902,5.169067859649658,391.5738220214844,17.769493103027344,349.7182312011719,425.13677978515625,446.1650695800781,0.609678328037262,0.02587372064590454,0.38948601484298706,0.6314210295677185,0.6905210018157959,187.32107543945312,17.33914566040039,130.02865600585938,212.25613708496093,223.00241088867188,0.34405717253685,0.141114741563797,0.007524388376623392,0.55828517973423,0.7734770178794861,443.28515625,256.85626220703125,1.7601900100708008,842.313851928711,885.2192993164062,0.33389824628829956,0.13123154640197754,0.007524317596107721,0.5297325313091278,0.6986271739006042,0.9320870041847229,0.05004078894853592,0.7154858708381653,0.9922954469919205,0.9999716877937317
case_72,72,400360,2.7397327423095703,1.500059962272644,4.794327330589294,7.4184241771698,16.875072479248047,0.05503796583075232,3.4638895988464355,0.4016619920730591,2.7559409141540527,4.408148765563965,5.184566020965576,352.4326477050781,11.414469718933105,343.302001953125,370.5895690917969,431.9429016113281,0.35942527651786804,0.06280865520238876,0.2801620066165924,0.5082319974899292,0.6614480018615723,187.37759399414062,17.402070999145508,130.1605224609375,212.41384658813473,222.8255615234375,0.34436047077178955,0.14124871790409088,0.0075210100039839745,0.5590734302997589,0.7735018730163574,442.7777404785156,256.81915283203125,1.749150037765503,841.6973266601562,884.0093994140625,0.3341749906539917,0.13134640455245972,0.007520938757807016,0.5304009705781936,0.6986449956893921,0.9319678544998169,0.050112105906009674,0.7154684662818909,0.9922980070114136,0.9999716877937317
case_73,73,400360,3.1237294673919678,2.7103583812713623,8.22641882896423,14.632464952468844,22.04593849182129,0.06035817764012389,4.698200225830078,0.24223679304122925,3.166369915008545,4.967726230621338,5.285124778747559,389.1913757324219,18.797691345214844,347.4646301269531,430.40179443359375,445.7125244140625,0.5048685073852539,0.04092051088809967,0.3035930097103119,0.5674020051956177,0.6693969964981079,188.48904418945312,17.432575225830078,130.77662658691406,213.54178619384766,224.42857360839844,0.34397491812705994,0.1409420669078827,0.007531973533332348,0.5571168303489684,0.7734647989273071,445.379638671875,257.9601135253906,1.7518450021743774,846.1154846191406,889.2061157226562,0.33382925391197205,0.13107115030288696,0.00753190228715539,0.5287412226200103,0.698618471622467,0.9321374893188477,0.049981679767370224,0.7154943943023682,0.9922643363475799,0.9999716281890869
case_74,74,400360,5.210357189178467,2.8177478313446045,9.183551406860351,13.751770725250228,29.059873580932617,0.05310470576481167,3.837376594543457,0.3287328779697418,2.929440975189209,4.5571489334106445,5.204529762268066,390.3270568847656,18.64606475830078,346.4970397949219,431.7774658203125,444.8883056640625,0.35408344864845276,0.034696824848651886,0.29941898584365845,0.4266839921474457,0.6321939826011658,187.5672149658203,17.368648529052734,130.20053100585938,212.53918304443357,223.21835327148438,0.34407272934913635,0.14111146330833435,0.00752567732706666,0.5582100123167036,0.7734768986701965,443.6015319824219,257.07421875,1.7536890506744385,842.9677734375,885.7788696289062,0.33391278982162476,0.13122792541980743,0.007525606546550989,0.5296687573194503,0.6986271142959595,0.9320822358131409,0.05004119500517845,0.7154859304428101,0.9922951459884644,0.9999716877937317
case_75,75,400360,5.66758918762207,3.0642828941345215,9.665987253189082,15.416833810806175,35.16933822631836,0.05570486562094115,3.434945821762085,0.3981591463088989,2.761620044708252,4.355371952056885,5.176420211791992,389.47900390625,18.642627716064453,347.7839660644531,428.79156494140625,446.85931396484375,0.41210752725601196,0.052954405546188354,0.32815098762512207,0.5527989864349365,0.6431869864463806,187.41050720214844,17.3623046875,130.11920166015625,212.39018936157225,223.15098571777344,0.34412816166877747,0.14117512106895447,0.007521098479628563,0.5585702627897262,0.7734858393669128,443.4470520019531,256.9314270019531,1.77457594871521,842.5936340332031,885.5416259765625,0.3339616358280182,0.13128574192523956,0.007521027699112892,0.5299743115901947,0.6986334919929504,0.9320552349090576,0.050066426396369934,0.7154797315597534,0.9923003345727921,0.9999716877937317
case_77,77,400360,4.216345310211182,2.294172525405884,7.30365433692932,11.748572282791129,23.54745101928711,0.05330952143071236,3.3737595081329346,0.3044011890888214,2.7823760509490967,4.057146072387695,5.099134922027588,382.7502746582031,18.993059158325195,347.437255859375,424.6549377441406,445.9133605957031,0.35750851035118103,0.05170143023133278,0.2759450078010559,0.4952700138092041,0.5917149782180786,187.13221740722656,17.374300003051758,129.95835876464844,212.13150863647462,222.58128356933594,0.3443443477153778,0.1412888765335083,0.007520195096731186,0.5590825945138931,0.7734984755516052,442.67938232421875,256.7378845214844,1.7589110136032104,841.4652130126954,883.9899291992188,0.3341582119464874,0.13138535618782043,0.007520123850554228,0.5304087042808533,0.6986425518989563,0.9319677948951721,0.0501214861869812,0.7154708504676819,0.9923018217086792,0.9999717473983765
case_78,78,400360,3.235144853591919,1.774585485458374,5.647890686988831,8.848848810195921,20.279897689819336,0.05521780397642122,3.473510503768921,0.39761635661125183,2.780771017074585,4.394714832305908,5.1860527992248535,362.47393798828125,10.105934143066406,345.6236267089844,375.292724609375,433.44622802734375,0.3519338071346283,0.06264455616474152,0.2701460123062134,0.4985930025577545,0.664002001285553,187.29832458496094,17.391538619995117,130.09275817871094,212.30403747558594,222.81863403320312,0.3443406820297241,0.14124970138072968,0.007521552033722401,0.5590542763471603,0.7734994888305664,442.75970458984375,256.76953125,1.7540509700775146,841.6166381835938,884.0191650390625,0.33415651321411133,0.13134820759296417,0.00752148125320673,0.5303846806287765,0.6986433267593384,0.9319742918014526,0.0501101128757,0.7154701352119446,0.9922985434532166,0.9999716877937317
case_79,79,400360,5.79337739944458,3.150726079940796,10.056427860260005,15.850202865600538,36.246280670166016,0.05414626835847737,3.430354595184326,0.3977881073951721,2.760723114013672,4.354800224304199,5.174858093261719,389.55474853515625,18.490888595581055,347.4461975097656,427.9959411621094,447.71356201171875,0.35951948165893555,0.05570088326931,0.27841299772262573,0.48614999651908875,0.6416640281677246,187.40951538085938,17.368215560913086,130.13059997558594,212.39531478881835,223.0933380126953,0.34415948390960693,0.1412034034729004,0.007519894279539585,0.5586895972490311,0.7734889388084412,443.40386962890625,256.9505920410156,1.76978600025177,842.5689086914062,885.43701171875,0.33398956060409546,0.13131141662597656,0.007519823499023914,0.5300754934549332,0.6986357569694519,0.9320411086082458,0.05007769167423248,0.7154775261878967,0.992301344871521,0.9999717473983765
case_81,81,400360,5.849575996398926,3.222203493118286,10.314814281463619,16.286035861968987,35.2658805847168,0.05505794784693776,3.4711034297943115,0.389234334230423,2.7744131088256836,4.370614051818848,5.167428970336914,427.36248779296875,10.700604438781738,354.2210388183594,443.0621643066406,450.3314514160156,0.3936992585659027,0.05069844052195549,0.28064000606536865,0.49703899025917053,0.6607829928398132,187.4381866455078,17.353586196899414,130.06256103515625,212.391024017334,223.2376251220703,0.3440529406070709,0.1410832554101944,0.0075254919938743114,0.5581719756126402,0.7734795212745667,443.4306640625,256.85968017578125,1.775812029838562,842.4932312011719,885.3456420898438,0.33389565348625183,0.1312016099691391,0.007525421213358641,0.5296365290880202,0.6986289620399475,0.9320927858352661,0.05003177374601364,0.7154841423034668,0.9922932982444763,0.9999716877937317
case_82,82,400360,5.501571178436279,3.0192654132843018,9.606270885467529,15.515425043106074,34.473167419433594,0.05406134478968928,3.4522545337677,0.40086913108825684,2.7534101009368896,4.387165069580078,5.183825969696045,383.1573181152344,18.72331428527832,348.1375732421875,424.2245788574219,445.5933837890625,0.3968290388584137,0.05057268962264061,0.28173500299453735,0.5005000233650208,0.6613919734954834,187.41372680664062,17.368520736694336,130.12020874023438,212.40073776245117,223.11074829101562,0.3441668450832367,0.1412019282579422,0.007522325497120619,0.5587073922157287,0.7734870910644531,443.4932556152344,256.95782470703125,1.7869549989700317,842.6728546142579,885.6134643554688,0.3339965045452118,0.1313096284866333,0.007522254716604948,0.5300906002521515,0.6986344456672668,0.9320387244224548,0.05007832869887352,0.7154788374900818,0.992300271987915,0.9999716877937317
case_83,83,400360,5.771707534790039,3.188786745071411,10.300168991088865,16.17190748214708,37.063751220703125,0.05474323109201718,3.4547364711761475,0.4013635814189911,2.7607169151306152,4.374969005584717,5.1848249435424805,386.7286682128906,18.719057083129883,345.6745300292969,426.0284423828125,447.8851623535156,0.35364311933517456,0.05637161061167717,0.264849990606308,0.48400598764419556,0.6294469833374023,187.42251586914062,17.371877670288086,130.1249542236328,212.4121711730957,223.1378173828125,0.3441742956638336,0.1412104219198227,0.0075219362042844296,0.558727839589119,0.7734887599945068,443.5196228027344,256.9674072265625,1.7836179733276367,842.7166931152344,885.6824951171875,0.33400315046310425,0.13131749629974365,0.007521865423768759,0.5301078885793686,0.6986356377601624,0.9320352077484131,0.05008123442530632,0.7154776453971863,0.992300808429718,0.9999716877937317
case_84,84,400360,5.850004196166992,3.1805853843688965,10.052421236038205,16.077098846435536,35.38292694091797,0.05519282645618943,3.4487290382385254,0.3937629163265228,2.762173891067505,4.3586931228637695,5.165102005004883,390.2251892089844,18.657062530517578,346.0419006347656,431.47515869140625,445.3526306152344,0.360487163066864,0.05263529717922211,0.2767559885978699,0.49932798743247986,0.6127709746360779,187.40415954589844,17.368276596069336,130.12501525878906,212.38762664794922,223.01754760742188,0.34416988492012024,0.14120052754878998,0.007521714549511671,0.5586985647678375,0.7734887599945068,443.3932800292969,256.9530944824219,1.7708810567855835,842.5503570556641,885.3989868164062,0.3339993953704834,0.13130834698677063,0.007521643768996,0.5300831437110901,0.6986356377601624,0.9320380687713623,0.050077784806489944,0.7154776453971863,0.9922999143600464,0.9999716877937317
case_85,85,400360,5.742957592010498,3.1149020195007324,9.90499882698059,15.767036905288688,34.80757522583008,0.054595863722649615,3.4244441986083984,0.39655011892318726,2.7728540897369385,4.3561110496521,5.168155193328857,382.44708251953125,19.90363121032715,345.6348876953125,426.20562744140625,446.2618408203125,0.3595130443572998,0.05622178688645363,0.26963698863983154,0.4842430055141449,0.6448659896850586,187.4155731201172,17.372634887695312,130.12489318847656,212.4171012878418,223.05044555664062,0.3441896438598633,0.14122487604618073,0.007520620711147785,0.5587513297796249,0.7734905481338501,443.39178466796875,256.98406982421875,1.7724699974060059,842.597607421875,885.3900146484375,0.3340167999267578,0.13133060932159424,0.007520549930632114,0.5301278620958328,0.6986368894577026,0.9320278763771057,0.05008705332875252,0.715476393699646,0.9923019409179688,0.9999717473983765
case_86,86,400360,4.475714206695557,2.3981428146362305,7.60098669528961,12.306284666061373,24.116090774536133,0.051616045558996904,3.3035128116607666,0.33712369203567505,2.7574141025543213,4.07803201675415,5.099003791809082,385.3857116699219,19.11328125,344.546875,425.63128662109375,447.53753662109375,0.34299057722091675,0.03529048711061478,0.27097800374031067,0.41624200344085693,0.6238049864768982,187.180419921875,17.376190185546875,129.99514770507812,212.18061141967775,222.5832061767578,0.34432482719421387,0.14130306243896484,0.007521334104239941,0.5590744644403458,0.7734970450401306,442.7850646972656,256.8100891113281,1.7614350318908691,841.6782928466797,884.203125,0.334139347076416,0.13139961659908295,0.00752126332372427,0.5304018288850785,0.6986415386199951,0.931972324848175,0.05012347176671028,0.7154718637466431,0.9923030734062195,0.9999716877937317
case_87,87,400360,5.090262413024902,3.179569721221924,10.772640562057495,15.996327209472646,34.780033111572266,0.056481666500149866,4.078866958618164,0.29923591017723083,3.0130929946899414,4.678973197937012,5.235569000244141,434.91937255859375,10.841824531555176,359.8905029296875,446.29388427734375,451.6589660644531,0.3624218702316284,0.05619867891073227,0.2799060046672821,0.4929479956626892,0.6498550176620483,187.953125,17.385427474975586,130.3194580078125,212.9161865234375,223.81724548339844,0.34393492341041565,0.1409575194120407,0.007530241273343563,0.5573297530412672,0.7734662294387817,444.2538146972656,257.3016357421875,1.7433780431747437,844.0582977294922,886.9234008789062,0.3337913155555725,0.1310870200395584,0.007530170027166605,0.5289219439029692,0.6986194849014282,0.9321486949920654,0.04998287186026573,0.715493381023407,0.992272675037384,0.9999716281890869
case_89,89,400360,5.2668914794921875,2.917120933532715,9.501103210449216,14.831547985076902,30.670499801635742,0.053042261964232194,3.8019614219665527,0.33345893025398254,2.9161829948425293,4.541163921356201,5.200041770935059,383.197509765625,18.62520980834961,347.28485107421875,423.9712829589844,445.60986328125,0.32875511050224304,0.04614991694688797,0.2669050097465515,0.4343090057373047,0.6367200016975403,187.5291290283203,17.37310791015625,130.177978515625,212.52039184570313,223.1981658935547,0.34412243962287903,0.14114920794963837,0.0075245569460093975,0.5584481596946715,0.7734811902046204,443.6047058105469,257.0372619628906,1.7744519710540771,842.9151000976562,885.7988891601562,0.33395740389823914,0.1312614381313324,0.007524485699832439,0.5298707336187363,0.6986302137374878,0.9320606589317322,0.05005819723010063,0.7154829502105713,0.9922968178987503,0.9999716877937317
case_91,91,400360,6.2276692390441895,3.3979716300964355,10.791361618041991,16.847370262145986,35.742393493652344,0.05574482965331202,3.455228328704834,0.40162137150764465,2.756511926651001,4.390332221984863,5.184733867645264,433.0641174316406,10.695987701416016,358.0635070800781,445.1156921386719,450.83905029296875,0.34507569670677185,0.04671299457550049,0.26983198523521423,0.46574899554252625,0.5870350003242493,187.46725463867188,17.358644485473633,130.09487915039062,212.4288360595703,223.28761291503906,0.3440624475479126,0.14108611643314362,0.007524953689426184,0.5582064747810364,0.7734807133674622,443.4233703613281,256.8799743652344,1.7660959959030151,842.5192901611329,885.3223876953125,0.3339044749736786,0.1312040537595749,0.007524882908910513,0.5296657890081405,0.6986298561096191,0.93208909034729,0.050033386796712875,0.7154833078384399,0.992294430732727,0.9999716877937317
case_92,92,400360,5.130990028381348,2.763456106185913,8.626925182342527,13.86244007110595,26.93845558166504,0.05583974423019283,3.3151376247406006,0.3396933972835541,2.754728078842163,4.09653377532959,5.102495193481445,440.694091796875,11.036330223083496,360.4844665527344,448.29205322265625,453.2403869628906,0.35731104016304016,0.05184103921055794,0.27605199813842773,0.49410301446914673,0.6008960008621216,187.1956024169922,17.356063842773438,130.0107879638672,212.15625076293944,222.7492218017578,0.34419140219688416,0.14116260409355164,0.007523960433900356,0.5585783183574676,0.7734888195991516,442.78485107421875,256.6877746582031,1.7538360357284546,841.5325378417969,884.0133056640625,0.33402127027511597,0.1312716156244278,0.007523889187723398,0.5299811244010925,0.6986356377601624,0.9320359826087952,0.05006883665919304,0.7154775857925415,0.9922953248023987,0.9999716877937317
case_93,93,400360,5.478693008422852,2.9302735328674316,9.250488615036007,14.655003519058223,30.175100326538086,0.054011389749225695,3.417858839035034,0.38890644907951355,2.7503089904785156,4.322260856628418,5.145325183868408,386.1116943359375,18.931987762451172,346.4540100097656,427.1571960449219,447.33795166015625,0.3820260167121887,0.04657125473022461,0.3059450089931488,0.47857800126075745,0.6423789858818054,187.37538146972656,17.36675453186035,130.1198272705078,212.36174392700195,222.9624481201172,0.344177782535553,0.14121182262897491,0.007520854938775301,0.5587264895439148,0.7734887003898621,443.2778625488281,256.94232177734375,1.7672350406646729,842.4097961425781,885.1669921875,0.33400630950927734,0.13131874799728394,0.00752078415825963,0.5301067739725113,0.6986355781555176,0.9320337772369385,0.05008189007639885,0.715477705001831,0.9923009872436523,0.9999717473983765
case_94,94,400360,4.53819465637207,2.4241764545440674,7.718307733535765,12.303719158172552,24.009641647338867,0.05091917274452992,3.345393419265747,0.3452984094619751,2.7503459453582764,4.140851020812988,5.1153788566589355,382.6231994628906,19.04590606689453,347.7283630371094,424.648193359375,445.9895935058594,0.2921536862850189,0.026776203885674477,0.2609739899635315,0.35121798515319824,0.6095690131187439,187.2503204345703,17.382768630981445,130.05181884765625,212.26227111816405,222.646484375,0.34434249997138977,0.14129100739955902,0.007520418614149094,0.5590692281723022,0.7734979391098022,442.8309631347656,256.8525390625,1.7571239471435547,841.7860137939454,884.2918090820312,0.3341563642024994,0.13138741254806519,0.007520347833633423,0.530397367477417,0.6986421942710876,0.9319683313369751,0.050122037529945374,0.7154712677001953,0.9923015296459198,0.9999717473983765
case_95,95,400360,4.895933628082275,3.223219871520996,10.778055810928343,16.617831211090085,34.6576042175293,0.058984414027375365,4.116982936859131,0.2957494258880615,3.0122759342193604,4.701513767242432,5.240910053253174,441.1065368652344,11.151686668395996,360.6827697753906,448.7469177246094,452.7615966796875,0.3583834171295166,0.0516914539039135,0.27584201097488403,0.4941360056400299,0.6097859740257263,188.01231384277344,17.392322540283203,130.3587646484375,212.98012771606446,223.81277465820312,0.34395328164100647,0.1409599632024765,0.007530301343649626,0.5573369443416596,0.7734682559967041,444.3816833496094,257.37811279296875,1.747275948524475,844.3065887451172,887.1319580078125,0.33380815386772156,0.13108855485916138,0.007530230097472668,0.5289280563592911,0.6986209750175476,0.9321423768997192,0.049985677003860474,0.7154919505119324,0.9922710686922074,0.9999716281890869
case_96,96,400360,4.446458339691162,2.4161863327026367,7.780730009078979,12.240180082321166,24.3714542388916,0.05236786891797383,3.607393741607666,0.2878321409225464,2.8694839477539062,4.233084201812744,5.129690170288086,386.0886535644531,19.101863861083984,346.8385009765625,428.4657897949219,446.8908996582031,0.3271991014480591,0.04337603971362114,0.2711290121078491,0.42807701230049133,0.6369100213050842,187.24916076660156,17.370880126953125,130.06625366210938,212.24573516845703,222.7108917236328,0.3442469835281372,0.14123956859111786,0.007523650769144297,0.5588793814182281,0.7734900712966919,442.94677734375,256.84381103515625,1.7580480575561523,841.9138824462891,884.5288696289062,0.3340695798397064,0.131342351436615,0.007523579988628626,0.5302364110946655,0.698636531829834,0.9320068955421448,0.05009719356894493,0.7154767513275146,0.992299023270607,0.9999716877937317
case_97,97,400360,5.692471027374268,3.097450017929077,9.87625789642334,15.68950984954829,35.222373962402344,0.05456089519432511,3.3956286907196045,0.4038839638233185,2.7539379596710205,4.331124782562256,5.162418842315674,385.0579528808594,18.142024993896484,349.3227844238281,424.7047424316406,445.8406066894531,0.36351853609085083,0.05656202509999275,0.28001898527145386,0.4960069954395294,0.651669979095459,187.39498901367188,17.370948791503906,130.11376953125,212.39366607666014,223.0717315673828,0.3441906273365021,0.1412135362625122,0.00751953199505806,0.5587443500757218,0.773490846157074,443.344482421875,256.9350280761719,1.7732239961624146,842.4787658691406,885.3155517578125,0.33401817083358765,0.13131971657276154,0.007519461214542389,0.5301218956708909,0.6986371278762817,0.9320292472839355,0.05008416622877121,0.7154761552810669,0.9923017054796219,0.9999717473983765
case_98,98,400360,6.260926246643066,3.355778455734253,10.456711626052856,16.65958471298217,34.968265533447266,0.05561244879608353,3.4002556800842285,0.4038166403770447,2.7411820888519287,4.341915130615234,5.161951065063477,426.91705322265625,10.807268142700195,354.6826477050781,443.4223937988281,450.148193359375,0.36004143953323364,0.05558523163199425,0.27954399585723877,0.486066997051239,0.6481789946556091,187.43075561523438,17.356294631958008,130.09132385253906,212.39125366210936,223.21815490722656,0.3440706133842468,0.1411016583442688,0.007523125968873501,0.5583201289176941,0.7734824419021606,443.31304931640625,256.85711669921875,1.7613589763641357,842.3571838378906,885.1254272460938,0.333911269903183,0.13121847808361053,0.00752305518835783,0.5297621697187423,0.6986311078071594,0.9320841431617737,0.050038766115903854,0.7154820561408997,0.9922957420349121,0.9999716877937317
case_99,99,400360,3.4767818450927734,1.8754647970199585,5.963100194931029,9.452709732055656,19.247943878173828,0.05264511939254671,3.2034356594085693,0.2735406458377838,2.7578489780426025,3.818567991256714,5.07814884185791,388.10498046875,18.422473907470703,346.7793273925781,426.9716491699219,448.0140380859375,0.363998681306839,0.05668821558356285,0.28101998567581177,0.4999220073223114,0.6507390141487122,186.97586059570312,17.374937057495117,129.82455444335938,211.96504898071288,222.3186798095703,0.3444112539291382,0.14135457575321198,0.007519555743783712,0.559095561504364,0.7735075950622559,442.29541015625,256.6344299316406,1.6887919902801514,840.9014892578125,883.2694702148438,0.33421751856803894,0.13144497573375702,0.007519484963268042,0.5304197072982788,0.6986491084098816,0.9319366216659546,0.05014771223068237,0.7154645323753357,0.9923025965690613,0.9999717473983765
case_100,100,400360,5.69757080078125,3.1376938819885254,10.016252183914181,16.072310028076142,36.00269317626953,0.054880607453292034,3.41831111907959,0.39790940284729004,2.7559409141540527,4.338582992553711,5.170401096343994,385.9527282714844,18.81670379638672,348.28057861328125,427.4082336425781,446.47625732421875,0.3578886091709137,0.051088523119688034,0.282258003950119,0.4932129979133606,0.6013110280036926,187.39700317382812,17.371395111083984,130.11085510253906,212.3921745300293,223.066162109375,0.344195157289505,0.1412172168493271,0.007521608844399452,0.558757734298706,0.7734902501106262,443.4021911621094,256.9505310058594,1.7785470485687256,842.5615234375,885.42919921875,0.33402219414711,0.1313231885433197,0.007521537598222494,0.5301332592964172,0.6986367106437683,0.932027280330658,0.05008527263998985,0.7154765725135803,0.9923008680343628,0.9999716877937317
case_101,101,400360,5.892951965332031,3.2368955612182617,10.397786188125611,16.382473373413045,37.050594329833984,0.055292736537116596,3.457998514175415,0.40148189663887024,2.7897748947143555,4.40238094329834,5.18405294418335,386.0186767578125,18.97425079345703,346.62481689453125,427.7275695800781,447.1670227050781,0.3552675247192383,0.05653046816587448,0.26598501205444336,0.4862160086631775,0.6276569962501526,187.43655395507812,17.37212371826172,130.13015747070312,212.4288703918457,223.1175537109375,0.34417298436164856,0.1412060558795929,0.007521874736994505,0.5587101131677628,0.7734890580177307,443.5262145996094,256.98382568359375,1.7826679944992065,842.7437133789062,885.6727905273438,0.3340020477771759,0.131313294172287,0.007521803956478834,0.5300929069519043,0.6986358165740967,0.9320362210273743,0.050080154091119766,0.715477466583252,0.9923002153635025,0.9999716877937317
case_102,102,400360,3.561208724975586,2.6195924282073975,8.40616006851196,14.098538675308209,24.8814754486084,0.05393645718853032,4.375712871551514,0.27714940905570984,3.016469955444336,4.843551158905029,5.280505180358887,388.4079895019531,18.330293655395508,346.8808288574219,427.1072692871094,447.9696350097656,0.599214494228363,0.04432956501841545,0.321042001247406,0.6417539715766907,0.6981080174446106,188.27598571777344,17.394737243652344,130.5521240234375,213.2448287963867,224.2128143310547,0.3438827395439148,0.1409170925617218,0.007533279247581959,0.5570381373167037,0.7734588384628296,445.0819396972656,257.70074462890625,1.7691049575805664,845.4558166503906,888.6913452148438,0.33374443650245667,0.13105110824108124,0.007533208001405001,0.5286743700504302,0.698614239692688,0.9321713447570801,0.049964744597673416,0.7154985666275024,0.9922671318054199,0.9999716281890869
case_104,104,400360,5.571784019470215,2.9950318336486816,9.49413046836853,15.03142244338985,32.318115234375,0.05417124587870916,3.433887243270874,0.4009110927581787,2.7479889392852783,4.365649223327637,5.174938201904297,383.3001403808594,18.620498657226562,347.5183410644531,424.0548095703125,445.5897216796875,0.38008925318717957,0.049006033688783646,0.2993220090866089,0.482015997171402,0.6424210071563721,187.417724609375,17.36858558654785,130.14170837402344,212.41132354736328,223.0559844970703,0.34416717290878296,0.14120090007781982,0.0075203413143754005,0.5586924046278,0.7734879851341248,443.3655700683594,256.9648132324219,1.770264983177185,842.5394317626954,885.3272705078125,0.33399686217308044,0.13130871951580048,0.00752027053385973,0.5300778836011887,0.6986351013183594,0.9320386648178101,0.0500778891146183,0.7154781818389893,0.992301344871521,0.9999717473983765
case_105,105,400360,4.117725849151611,2.192986249923706,6.899764347076416,10.9968593406677,24.234914779663086,0.0539514437006694,3.423628330230713,0.39797085523605347,2.752490997314453,4.3506760597229,5.170519828796387,368.30047607421875,13.826416015625,346.21435546875,401.8359680175781,432.1304931640625,0.4157237112522125,0.04982975870370865,0.3329620063304901,0.5150690078735352,0.660178005695343,187.29153442382812,17.37523078918457,130.07456970214844,212.3061981201172,222.8644561767578,0.344282865524292,0.14122983813285828,0.007520323619246483,0.5589424520730972,0.7734963297843933,442.8936462402344,256.8027648925781,1.759112000465393,841.8079223632812,884.3329467773438,0.3341034948825836,0.13133154809474945,0.007520252838730812,0.5302899003028869,0.6986410617828369,0.9319962859153748,0.050098590552806854,0.7154723405838013,0.9923003315925598,0.9999717473983765
case_106,106,400360,2.808864116668701,1.5147826671600342,5.13510546684265,7.404705095291117,16.977144241333008,0.053112199020881205,3.4595956802368164,0.4012538492679596,2.753706932067871,4.398697853088379,5.183056831359863,357.88909912109375,11.15423583984375,342.498779296875,377.22314453125,431.7829284667969,0.5974948406219482,0.04420487582683563,0.3209809958934784,0.6409590244293213,0.6982240080833435,187.23101806640625,17.36498260498047,130.0445556640625,212.2210479736328,222.76077270507812,0.3442414402961731,0.14119400084018707,0.007522678002715111,0.55877006649971,0.7734910249710083,442.7300720214844,256.7015380859375,1.7562659978866577,841.5000640869141,883.9918823242188,0.3340664803981781,0.1312994509935379,0.00752260722219944,0.5301437288522719,0.6986371874809265,0.9320148825645447,0.05008312687277794,0.7154760956764221,0.9922972321510315,0.9999716877937317
case_107,107,400360,5.773948669433594,3.099386215209961,9.823783111572263,15.309831600189176,35.135074615478516,0.05322959336597063,3.4598100185394287,0.4023882746696472,2.7862770557403564,4.412162780761719,5.184363842010498,389.02947998046875,18.464963912963867,348.9268798828125,426.8721008300781,445.5423278808594,0.36046063899993896,0.056183330714702606,0.2760559916496277,0.4870460033416748,0.6484519839286804,187.39134216308594,17.37110137939453,130.12741088867188,212.37663040161132,223.0217742919922,0.34416812658309937,0.1412060409784317,0.007520048413425684,0.5587133824825287,0.7734882235527039,443.3079528808594,256.9432678222656,1.751127004623413,842.4527618408204,885.1942138671875,0.333997517824173,0.1313135027885437,0.007519977632910013,0.5300956428050995,0.6986352205276489,0.9320377111434937,0.05007960647344589,0.7154780626296997,0.992301344871521,0.9999717473983765
case_109,109,400360,5.195677280426025,2.857710599899292,9.180979347229002,14.838084297180142,33.0452880859375,0.05352432810470577,3.4166111946105957,0.39800789952278137,2.7496280670166016,4.3369622230529785,5.169534206390381,382.6580505371094,19.00833511352539,347.2770080566406,424.52972412109375,445.9100646972656,0.4566439390182495,0.047763023525476456,0.2948330044746399,0.537326991558075,0.669169008731842,187.37840270996094,17.361642837524414,130.09046936035156,212.36301116943358,223.10446166992188,0.344169944524765,0.1411845088005066,0.007520946674048901,0.5586798816919326,0.7734874486923218,443.427490234375,256.9003601074219,1.7893290519714355,842.5206939697266,885.4933471679688,0.3340001702308655,0.1312931329011917,0.00752087589353323,0.5300672978162765,0.698634684085846,0.9320399761199951,0.05007321015000343,0.7154785990715027,0.9922992050647735,0.9999717473983765
case_110,110,400360,3.9290082454681396,2.1413097381591797,6.862423944473265,10.958230762481676,24.01297378540039,0.0530647417324408,3.4246439933776855,0.39816877245903015,2.759068012237549,4.347803115844727,5.169716835021973,367.248046875,13.424286842346191,345.9427490234375,399.21881103515625,432.0908203125,0.43276333808898926,0.04916857182979584,0.29183900356292725,0.5187699794769287,0.6638489961624146,187.27493286132812,17.376522064208984,130.0512237548828,212.28747940063474,222.81297302246094,0.3442942798137665,0.14123739302158356,0.007521715480834246,0.5589810013771057,0.7734958529472351,442.92724609375,256.7921447753906,1.769974946975708,841.8224517822266,884.3912353515625,0.3341137766838074,0.13133837282657623,0.007521644700318575,0.5303225547075272,0.6986407041549683,0.9319913387298584,0.0501016341149807,0.7154726982116699,0.9922991991043091,0.9999716877937317
case_111,111,400360,1.853567361831665,2.197819948196411,5.327201390266418,13.019953222274761,22.531204223632812,0.05874213208112698,4.829971790313721,0.26324328780174255,3.129601001739502,5.104234218597412,5.349579811096191,365.8954162597656,12.967794418334961,344.76409912109375,395.9998779296875,432.0520935058594,0.5879989862442017,0.04370463266968727,0.3190009891986847,0.6368690133094788,0.6955599784851074,188.3401336669922,17.440797805786133,130.7340545654297,213.41401290893555,224.2315673828125,0.3441072106361389,0.14098972082138062,0.0075299921445548534,0.5575147002935409,0.7734755873680115,444.84820556640625,257.76416015625,1.7468489408493042,845.2932830810547,888.0872192382812,0.33395057916641235,0.1311110258102417,0.007529920898377895,0.5290788918733597,0.6986262202262878,0.9320867657661438,0.05000973492860794,0.7154868245124817,0.9922629058361053,0.9999716281890869
case_114,114,400360,3.8466172218322754,2.06648588180542,6.512721204757687,10.346745529174791,23.000751495361328,0.053836547107603154,3.4229555130004883,0.39779767394065857,2.7450029850006104,4.345383167266846,5.167614936828613,364.3996276855469,12.418913841247559,344.1827087402344,391.62255859375,432.0,0.35775578022003174,0.055735815316438675,0.2672240138053894,0.4785889983177185,0.636713981628418,187.29823303222656,17.38775062561035,130.07171630859375,212.3207595825195,222.8020782470703,0.3443414866924286,0.14126437902450562,0.0075200581923127174,0.559065842628479,0.7735000848770142,442.8196716308594,256.81744384765625,1.7560139894485474,841.7424957275391,884.1497802734375,0.3341566324234009,0.13136214017868042,0.007519987411797047,0.5303944557905197,0.698643684387207,0.9319720268249512,0.05011437088251114,0.7154697775840759,0.9923006892204285,0.9999717473983765
case_115,115,400360,5.9189252853393555,3.2463459968566895,10.394952774047848,16.448994159698447,35.972679138183594,0.05478319512438805,3.470018148422241,0.4010722041130066,2.7639598846435547,4.413661956787109,5.1841559410095215,385.3431091308594,19.139636993408203,344.5267028808594,426.0142517089844,447.41943359375,0.35670167207717896,0.06232873350381851,0.2740330100059509,0.5049260258674622,0.6605409979820251,187.44476318359375,17.3715763092041,130.13449096679688,212.4329536437988,223.0979766845703,0.34415170550346375,0.1412024199962616,0.0075215729884803295,0.5586712419986725,0.773487389087677,443.5589904785156,256.9898376464844,1.786080002784729,842.78046875,885.7161865234375,0.3339824378490448,0.13131055235862732,0.007521501742303371,0.530059939622879,0.6986346244812012,0.932043731212616,0.05007720738649368,0.7154785990715027,0.9923008680343628,0.9999716877937317
case_116,116,400360,5.529623508453369,3.0286061763763428,9.626658058166502,15.341071567535392,35.28178024291992,0.05562993306024578,3.4343976974487305,0.3977457880973816,2.759937047958374,4.361715793609619,5.1751580238342285,388.6405944824219,18.39406394958496,348.0362548828125,424.4935607910156,445.7576904296875,0.3576522171497345,0.05136134475469589,0.2776859998703003,0.49545401334762573,0.5902569890022278,187.33763122558594,17.372379302978516,130.08888244628906,212.33072509765626,222.9356231689453,0.3442097008228302,0.14122752845287323,0.007520322687923908,0.5588116407394409,0.7734909057617188,443.2430419921875,256.9068603515625,1.7578550577163696,842.3280181884766,885.07080078125,0.33403539657592773,0.13133223354816437,0.00752025144174695,0.5301789373159409,0.6986371874809265,0.9320210814476013,0.05009017139673233,0.7154761552810669,0.9923011094331742,0.9999717473983765
case_117,117,400360,5.137139797210693,2.7433009147644043,8.875784015655517,13.745235443115213,30.055034637451172,0.05402887401338795,3.703256130218506,0.34853535890579224,2.8733720779418945,4.484686851501465,5.189231872558594,382.5632019042969,18.538129806518555,346.45794677734375,422.6875915527344,443.732666015625,0.40424707531929016,0.046811096370220184,0.3276289999485016,0.49923500418663025,0.6546739935874939,187.50108337402344,17.36399269104004,130.16085815429688,212.48500595092773,223.2351837158203,0.34409910440444946,0.14111141860485077,0.007522232364863157,0.5583454251289367,0.7734814286231995,443.4566345214844,256.95916748046875,1.7615599632263184,842.6503326416016,885.5011596679688,0.3339373767375946,0.13122642040252686,0.0075221615843474865,0.5297836422920226,0.6986303925514221,0.9320734739303589,0.05004506930708885,0.715482771396637,0.9922963976860046,0.9999716877937317
case_118,118,400360,4.115224361419678,2.9648549556732178,9.728425073623656,15.380120143890334,27.368141174316406,0.05617194524927565,4.794837474822998,0.262771338224411,3.1220340728759766,5.080356121063232,5.343743801116943,385.8163146972656,19.26175880432129,346.4919738769531,428.390380859375,446.8065490722656,0.348154753446579,0.04695987328886986,0.2742840051651001,0.4713909924030304,0.6117569804191589,188.494140625,17.434459686279297,130.7711639404297,213.5510383605957,224.36343383789062,0.34396299719810486,0.14095816016197205,0.007531390525400639,0.5571979045867919,0.7734639644622803,445.3241271972656,257.94085693359375,1.7432990074157715,846.0364379882812,889.0661010742188,0.3338174521923065,0.13108666241168976,0.0075313192792236805,0.5288100242614745,0.6986178755760193,0.9321393370628357,0.04998566582798958,0.7154949903488159,0.9922700017690659,0.9999716281890869
case_119,119,400360,4.59283971786499,2.520750045776367,8.03566355705261,12.864710826873766,27.997272491455078,0.05393146168448396,3.4510338306427,0.3979470133781433,2.7748401165008545,4.379269123077393,5.177862167358398,370.79168701171875,14.664671897888184,346.3008117675781,407.30718994140625,432.18048095703125,0.35555219650268555,0.059317510575056076,0.2622630000114441,0.49125000834465027,0.6537269949913025,187.32662963867188,17.382244110107422,130.0751953125,212.34908447265624,222.89230346679688,0.34429416060447693,0.14124488830566406,0.007521774619817734,0.5589829742908478,0.7734971046447754,443.0667724609375,256.8476867675781,1.7737430334091187,842.0491943359375,884.6748046875,0.33411332964897156,0.13134516775608063,0.007521703839302063,0.5303242266178131,0.6986415982246399,0.9319904446601868,0.050104644149541855,0.7154718041419983,0.9922999739646912,0.9999716877937317
case_120,120,400360,5.849380970001221,3.2156550884246826,10.294800615310661,16.261321811676016,36.66416549682617,0.0549455490058947,3.4712073802948,0.40074867010116577,2.765434980392456,4.415709018707275,5.184878826141357,386.0508728027344,18.94571304321289,345.4892883300781,425.6670227050781,447.7648010253906,0.35781463980674744,0.0556650310754776,0.2680110037326813,0.49409300088882446,0.6233170032501221,187.44192504882812,17.37117576599121,130.13902282714844,212.4317138671875,223.0873260498047,0.3441624939441681,0.14120125770568848,0.007521676830947399,0.558685502409935,0.7734877467155457,443.52996826171875,256.99066162109375,1.7821029424667358,842.7514068603516,885.6646118164062,0.33399248123168945,0.13130933046340942,0.007521606050431728,0.5300720483064651,0.6986348628997803,0.9320403337478638,0.05007721483707428,0.7154783606529236,0.9923005729913712,0.9999716877937317
case_121,121,400360,4.53663969039917,2.5281715393066406,7.992828512191771,12.891168012618962,27.960119247436523,0.053099710260765313,3.406583786010742,0.40229976177215576,2.744326114654541,4.340972900390625,5.162074089050293,368.9012756347656,12.318378448486328,349.80499267578125,401.7388916015625,427.14825439453125,0.34894177317619324,0.05957750603556633,0.2658120095729828,0.49072501063346863,0.6414560079574585,187.33450317382812,17.387149810791016,130.09788513183594,212.32840423583986,222.86676025390625,0.3443077504634857,0.14126095175743103,0.0075203776359558105,0.5589978396892548,0.7735008001327515,443.04888916015625,256.8777770996094,1.7686200141906738,842.0579223632812,884.686767578125,0.3341253399848938,0.13136045634746552,0.00752030685544014,0.5303368240594863,0.69864422082901,0.9319836497306824,0.05010916292667389,0.715469241142273,0.9923000931739807,0.9999717473983765
case_122,122,400360,3.1949198246002197,1.8163950443267822,5.731524729728698,9.12270348548888,22.65458106994629,0.053304525926666,3.433185338973999,0.3995968699455261,2.7547309398651123,4.363324165344238,5.176336765289307,355.65985107421875,6.678843975067139,346.1600341796875,373.4673156738281,424.1872253417969,0.3562403917312622,0.055443547666072845,0.2688780128955841,0.4907729923725128,0.6248090267181396,187.34095764160156,17.399450302124023,130.10879516601562,212.36235733032225,222.6983184814453,0.34436842799186707,0.14128433167934418,0.007521987892687321,0.5590655505657196,0.7735023498535156,442.86041259765625,256.878173828125,1.7545020580291748,841.8616973876954,884.3221435546875,0.33418095111846924,0.13138039410114288,0.00752191711217165,0.5303942799568176,0.6986453533172607,0.9319604635238647,0.050121914595365524,0.715468168258667,0.9922983646392822,0.9999716877937317
case_124,124,400360,4.686142444610596,2.6356780529022217,8.326841783523559,13.333128252029367,28.74965476989746,0.049897592167049656,3.4256980419158936,0.3987233638763428,2.7579870223999023,4.35232400894165,5.171050071716309,365.58282470703125,14.259407997131348,345.52008056640625,399.1667785644531,434.2921142578125,0.34983229637145996,0.059350885450839996,0.268775999546051,0.4898650050163269,0.6502779722213745,187.40597534179688,17.387815475463867,130.113525390625,212.42423782348632,222.97227478027344,0.3443017601966858,0.1412516087293625,0.007523113861680031,0.5589519679546356,0.7735011577606201,443.2354431152344,256.947021484375,1.7880460023880005,842.3618804931641,885.087158203125,0.3341201841831207,0.13135184347629547,0.00752304308116436,0.5302979797124863,0.6986445188522339,0.931986927986145,0.05010579526424408,0.7154690027236938,0.9922972917556763,0.9999716877937317
case_125,125,400360,4.388986110687256,2.4323172569274902,7.719360971450801,12.352934799194323,25.916418075561523,0.051326306324308124,3.443427562713623,0.39865535497665405,2.781601905822754,4.379518985748291,5.179422855377197,368.04571533203125,12.313759803771973,348.6732482910156,400.5073547363281,425.92822265625,0.34956514835357666,0.03859422728419304,0.27139800786972046,0.4294230043888092,0.6256020069122314,187.36964416503906,17.38584327697754,130.1389617919922,212.36208877563476,222.9184112548828,0.3442949056625366,0.14124254882335663,0.007521453313529491,0.5589634954929351,0.773499071598053,443.08135986328125,256.89984130859375,1.7683089971542358,842.1329986572266,884.7717895507812,0.3341142237186432,0.13134360313415527,0.007521382533013821,0.5303077161312103,0.6986429691314697,0.9319905638694763,0.05010221526026726,0.7154704332351685,0.9922981262207031,0.9999716877937317
case_127,127,400360,4.40890645980835,2.476463556289673,7.859949254989618,12.608463897705061,28.440195083618164,0.053289539414526924,3.419966697692871,0.39768901467323303,2.7462010383605957,4.343825817108154,5.169120788574219,368.0277404785156,11.938325881958008,349.15350341796875,399.5997619628906,426.2865905761719,0.3531530499458313,0.0624348483979702,0.2701460123062134,0.5024470090866089,0.6617109775543213,187.3211669921875,17.386869430541992,130.0913848876953,212.30730056762695,222.8721466064453,0.3443075120449066,0.14126195013523102,0.007521558087319136,0.5590072274208069,0.773500919342041,443.0315856933594,256.85833740234375,1.7668379545211792,842.0167266845704,884.6593017578125,0.3341250419616699,0.1313612461090088,0.007521487306803465,0.5303447872400284,0.6986442804336548,0.9319837689399719,0.0501098707318306,0.7154691815376282,0.9922996163368225,0.9999716877937317
case_128,128,400360,3.1501352787017822,1.7750885486602783,5.586181855201721,8.927573862075796,21.58715057373047,0.05380657408332501,3.4276201725006104,0.3980749845504761,2.7642290592193604,4.353791236877441,5.1709442138671875,355.5298767089844,6.357247352600098,347.12542724609375,371.61773681640625,420.6131896972656,0.35496631264686584,0.05811227113008499,0.2636309862136841,0.4897100031375885,0.6378710269927979,187.33074951171875,17.399473190307617,130.1001739501953,212.35527420043945,222.66241455078125,0.34436362981796265,0.1412898153066635,0.007520813029259443,0.5590725064277648,0.773502767086029,442.8321228027344,256.8695983886719,1.754052996635437,841.8154357910156,884.234375,0.33417612314224243,0.13138559460639954,0.007520741783082485,0.5304001659154892,0.6986456513404846,0.9319612979888916,0.050123490393161774,0.7154678702354431,0.9922997951507568,0.9999717473983765
case_129,129,400360,4.307861804962158,2.5321366786956787,8.360485506057739,12.449416322708034,27.233789443969727,0.051338795084424016,3.8984169960021973,0.31286171078681946,2.9591128826141357,4.567196846008301,5.187760829925537,376.6202392578125,12.03110408782959,350.1680603027344,401.56805419921875,440.14501953125,0.3565903902053833,0.05821550637483597,0.2637690007686615,0.4902989864349365,0.6391479969024658,187.5021514892578,17.373090744018555,130.17742919921875,212.48354568481446,223.13055419921875,0.3441259562969208,0.1411380022764206,0.00752565823495388,0.5583851724863051,0.7734843492507935,443.4433288574219,256.9774169921875,1.7742860317230225,842.6588745117188,885.5155029296875,0.3339613378047943,0.13125090301036835,0.007525586988776922,0.5298173546791076,0.6986324787139893,0.9320610761642456,0.05005471780896187,0.7154807448387146,0.9922949075698853,0.9999716877937317
case_130,130,400360,4.393115043640137,2.443871021270752,7.741332387924194,12.371518497466973,25.519859313964844,0.04876361274852633,3.4111592769622803,0.3980726897716522,2.760498046875,4.338098049163818,5.166117191314697,364.0472412109375,13.173166275024414,345.1440124511719,394.93780517578125,431.9494323730469,0.3154884874820709,0.039741937071084976,0.25822898745536804,0.405894011259079,0.6167100071907043,187.40176391601562,17.393770217895508,130.1356658935547,212.41640243530273,222.90142822265625,0.3443380892276764,0.14126746356487274,0.007524223532527685,0.5590436547994614,0.7735022902488708,443.0865478515625,256.94854736328125,1.7714420557022095,842.2087432861329,884.7962646484375,0.33415335416793823,0.13136541843414307,0.007524152286350727,0.5303756684064865,0.698645293712616,0.931972861289978,0.05011431872844696,0.715468168258667,0.9922966957092285,0.9999716877937317
case_133,133,400360,4.494560718536377,2.529533863067627,8.05308094024658,12.81892926216123,28.935829162597656,0.05144619842142072,3.426159381866455,0.39860305190086365,2.7602128982543945,4.360849857330322,5.17316198348999,368.05523681640625,12.325944900512695,348.65960693359375,400.2459411621094,426.3818054199219,0.3568843603134155,0.05349557474255562,0.27012899518013,0.49345800280570984,0.6076909899711609,187.36331176757812,17.38577651977539,130.11700439453125,212.35980834960938,222.927490234375,0.34429848194122314,0.14124320447444916,0.0075203729793429375,0.558962345123291,0.7735006809234619,443.10595703125,256.8928527832031,1.7704730033874512,842.1452087402344,884.8092651367188,0.3341175317764282,0.13134415447711945,0.007520302198827267,0.5303067564964294,0.6986441612243652,0.9319892525672913,0.05010261759161949,0.7154693603515625,0.9922984838485718,0.9999717473983765
case_136,136,400360,3.366135835647583,1.8891232013702393,5.935817217826843,9.499952650070178,21.323503494262695,0.05092666600059946,3.4428329467773438,0.3937138617038727,2.764683961868286,4.3487868309021,5.1656107902526855,357.8339538574219,7.374810695648193,345.714111328125,375.0743713378906,430.85406494140625,0.3329048454761505,0.048517659306526184,0.2668150067329407,0.4450240135192871,0.6381769776344299,187.3513641357422,17.39842414855957,130.12149047851562,212.36847686767578,222.7299041748047,0.344350129365921,0.14128577709197998,0.007523116189986467,0.5590714335441589,0.7735012769699097,442.8763427734375,256.88946533203125,1.7570229768753052,841.9010650634766,884.378173828125,0.33416375517845154,0.1313823014497757,0.007523044943809509,0.530399215221405,0.6986445784568787,0.931966245174408,0.05012092366814613,0.7154688835144043,0.9922988414764404,0.9999716877937317
case_137,137,400360,3.0236618518829346,1.7267062664031982,5.4260913848876955,8.722746763229296,21.634017944335938,0.054016385253272056,3.4354662895202637,0.3983742296695709,2.7612709999084473,4.355877876281738,5.176693916320801,354.2911376953125,6.197383403778076,346.4603576660156,369.28216552734375,421.553955078125,0.3571969270706177,0.05825081840157509,0.26260900497436523,0.4883509874343872,0.6515070199966431,187.3376922607422,17.400846481323242,130.11231994628906,212.36090774536132,222.6752166748047,0.3443635404109955,0.1412925273180008,0.0075223702006042,0.5590787321329117,0.7735022306442261,442.8438720703125,256.8736877441406,1.7543100118637085,841.8379547119141,884.2925415039062,0.33417585492134094,0.1313880831003189,0.00752229942008853,0.5304054349660874,0.698645293712616,0.931960940361023,0.05012447014451027,0.7154682278633118,0.9922993183135986,0.9999716877937317
case_139,139,400360,4.656546592712402,2.620346784591675,8.312557744979857,13.217778148651119,29.612136840820312,0.04997002697572185,3.4313390254974365,0.39797016978263855,2.763916015625,4.357687950134277,5.172056198120117,365.51373291015625,14.265096664428711,345.22979736328125,399.0341796875,434.38592529296875,0.3571951985359192,0.05264772102236748,0.27219700813293457,0.4944460093975067,0.6032469868659973,187.41102600097656,17.38639259338379,130.1226043701172,212.42942581176757,222.9874725341797,0.34429603815078735,0.14124278724193573,0.007523360662162304,0.558932027220726,0.7735008001327515,443.22198486328125,256.9477844238281,1.7822710275650024,842.3520568847656,885.0596313476562,0.334115207195282,0.1313437968492508,0.007523289881646633,0.53028102517128,0.69864422082901,0.9319900870323181,0.05010242015123367,0.715469241142273,0.9922966957092285,0.9999716877937317
case_141,141,400360,4.012784957885742,2.2153759002685547,7.26107919216156,11.077090291976921,25.202781677246094,0.05199070836247378,3.4814980030059814,0.39774757623672485,2.779552936553955,4.4173359870910645,5.185212135314941,368.495361328125,12.15090560913086,349.7679443359375,401.115966796875,423.85052490234375,0.5427432656288147,0.04240122437477112,0.3089810013771057,0.6030099987983704,0.6827409863471985,187.34066772460938,17.360973358154297,130.1129608154297,212.3078140258789,222.98492431640625,0.3441721200942993,0.14116965234279633,0.007522860541939735,0.558596459031105,0.7734895944595337,443.1611633300781,256.8424072265625,1.7691869735717773,842.153564453125,884.9653930664062,0.3340030312538147,0.1312793493270874,0.007522789295762777,0.5299964815378189,0.6986361742019653,0.9320412278175354,0.05006811395287514,0.7154771089553833,0.9922958046197892,0.9999716877937317
case_142,142,400360,4.32127046585083,2.4146816730499268,7.779161429405209,12.231397266387924,27.647048950195312,0.050934159256669,3.4626901149749756,0.4010702967643738,2.7613320350646973,4.397726058959961,5.1849470138549805,368.3284912109375,13.094447135925293,347.1545104980469,400.4606628417969,431.23193359375,0.46182283759117126,0.04727129265666008,0.2948780059814453,0.5411970019340515,0.6698349714279175,187.3774871826172,17.37139320373535,130.1268310546875,212.37728042602538,223.01644897460938,0.34422656893730164,0.14119410514831543,0.007523263338953257,0.5587445259094238,0.7734925746917725,443.2369384765625,256.8868713378906,1.780297040939331,842.2896728515625,885.1165161132812,0.334052711725235,0.13130058348178864,0.0075231920927762985,0.5301220715045929,0.698638379573822,0.9320197701454163,0.05008038878440857,0.7154749631881714,0.9922953248023987,0.9999716877937317
case_143,143,400360,4.474318027496338,2.5066637992858887,7.921590662002563,12.536460180282564,29.560705184936523,0.05241782395843741,3.470649242401123,0.3989446759223938,2.773591995239258,4.404397010803223,5.185092926025391,381.3070983886719,9.018558502197266,351.62640380859375,396.99114990234375,436.7527770996094,0.3576553761959076,0.05187899246811867,0.27545198798179626,0.4957610070705414,0.5928419828414917,187.32171630859375,17.372838973999023,130.10073852539062,212.3199020385742,222.873291015625,0.34421831369400024,0.14121080935001373,0.007521127350628376,0.5587762087583542,0.773493230342865,443.02093505859375,256.8287048339844,1.7655659914016724,841.9830963134766,884.7009887695312,0.33404412865638733,0.13131648302078247,0.007521056570112705,0.5301489233970642,0.6986388564109802,0.9320204854011536,0.05008509010076523,0.715474545955658,0.99229896068573,0.9999716877937317
case_144,144,400360,5.492586612701416,3.0472912788391113,9.57113671302795,15.136413698196405,31.827865600585938,0.052225497052652614,3.474095582962036,0.3984985947608948,2.765842914581299,4.409533977508545,5.183334827423096,407.7988586425781,10.152734756469727,355.9908752441406,423.09149169921875,444.87774658203125,0.3286843001842499,0.042640019208192825,0.2669050097465515,0.42707300186157227,0.6234440207481384,187.38217163085938,17.361454010009766,130.1062469482422,212.34608459472656,222.99293518066406,0.34412267804145813,0.14115163683891296,0.007524188607931137,0.558480641245842,0.773485541343689,443.2170715332031,256.8601989746094,1.7717210054397583,842.2440185546875,885.1072998046875,0.33395761251449585,0.13126380741596222,0.007524117827415466,0.5298982858657837,0.6986333131790161,0.9320603013038635,0.050058744847774506,0.7154799103736877,0.9922962218523026,0.9999716877937317
case_145,145,400360,4.2847580909729,2.330106258392334,7.399078512191771,11.438420429229723,25.100421905517578,0.0491257867918873,3.5594418048858643,0.37310636043548584,2.8131940364837646,4.413477897644043,5.175394058227539,381.24261474609375,11.596158981323242,362.3769836425781,404.8777770996094,439.10748291015625,0.3853324055671692,0.04103849455714226,0.31803199648857117,0.46847400069236755,0.6477540135383606,187.28582763671875,17.36920738220215,130.09361267089844,212.27227783203125,222.86126708984375,0.34422367811203003,0.14119106531143188,0.007520032115280628,0.5587109714746474,0.7734937071800232,442.8671875,256.7880554199219,1.7358579635620117,841.7699615478516,884.324462890625,0.33405008912086487,0.13129732012748718,0.00751996086910367,0.5300936073064804,0.6986391544342041,0.9320212006568909,0.05008050799369812,0.7154741883277893,0.9922971159219742,0.9999717473983765
case_146,146,400360,4.3207831382751465,2.4096717834472656,7.589036440849302,12.167704410552965,28.361948013305664,0.05490808272554701,3.4820210933685303,0.39591315388679504,2.7843780517578125,4.408664226531982,5.185750961303711,368.5951843261719,13.152121543884277,347.340087890625,397.06805419921875,434.55621337890625,0.3772743344306946,0.05268191546201706,0.2741929888725281,0.4902760088443756,0.6578239798545837,187.30670166015625,17.38320541381836,130.08767700195312,212.2940589904785,222.87648010253906,0.3442978262901306,0.14125657081604004,0.007521107327193022,0.5589769184589385,0.773499071598053,443.0252685546875,256.85968017578125,1.7550849914550781,842.0206909179688,884.6353149414062,0.33411625027656555,0.1313565969467163,0.007521036546677351,0.5303190857172012,0.6986430287361145,0.9319877624511719,0.05010713264346123,0.7154704332351685,0.9922987848520279,0.9999716877937317
case_147,147,400360,4.797993183135986,2.6427619457244873,8.369614458084104,13.121011762619016,29.499116897583008,0.050559496453192125,3.4660794734954834,0.4012894630432129,2.7616450786590576,4.404131889343262,5.183708190917969,366.0380554199219,14.437088966369629,345.5254821777344,399.8873596191406,435.6745910644531,0.3587525188922882,0.05572335794568062,0.27439799904823303,0.48441100120544434,0.6430090069770813,187.4381103515625,17.383710861206055,130.15145874023438,212.46301956176757,223.04234313964844,0.344264954328537,0.14122986793518066,0.007523024920374155,0.5588628679513932,0.7734986543655396,443.2442932128906,256.9683532714844,1.774603009223938,842.4112579345704,885.112060546875,0.33408674597740173,0.13133275508880615,0.007522954139858484,0.5302224189043045,0.6986426711082458,0.9320021867752075,0.050095442682504654,0.7154707312583923,0.9922971725463867,0.9999716877937317
case_148,148,400360,4.050931453704834,2.274487018585205,7.333276700973511,11.485404291152937,26.239187240600586,0.04951793385952643,3.440417766571045,0.39818912744522095,2.760435104370117,4.37044620513916,5.176758766174316,376.7049255371094,9.776519775390625,350.4684143066406,394.57952880859375,435.4612731933594,0.47449737787246704,0.04617825150489807,0.2985210120677948,0.5505399703979492,0.6718080043792725,187.29669189453125,17.361785888671875,130.07896423339844,212.27126235961913,222.85557556152344,0.34417960047721863,0.14119133353233337,0.007522440515458584,0.5586785912513732,0.7734899520874023,443.0413818359375,256.8039855957031,1.7747349739074707,841.9713165283204,884.7477416992188,0.33400896191596985,0.13129951059818268,0.007522369734942913,0.5300661325454711,0.6986364722251892,0.9320359826087952,0.05007542669773102,0.7154768109321594,0.9922976493835449,0.9999716877937317
case_150,150,400360,3.788771629333496,2.2244713306427,7.405756855010986,10.835816211700429,22.92385482788086,0.05237785992606654,3.989687919616699,0.305380642414093,2.9925498962402344,4.625411033630371,5.202147960662842,362.2044982910156,11.717700004577637,346.9215087890625,389.4493713378906,435.9619445800781,0.34798094630241394,0.054267387837171555,0.26775699853897095,0.4744180142879486,0.6320250034332275,187.5188751220703,17.3857421875,130.23736572265625,212.51490325927733,223.0730743408203,0.3442012667655945,0.14116878807544708,0.0075263069011271,0.5585649579763412,0.7734889984130859,443.3663330078125,257.01507568359375,1.7660020589828491,842.6262268066406,885.3445434570312,0.33403024077415466,0.13127727806568146,0.007526235654950142,0.5299697667360305,0.6986357569694519,0.9320316314697266,0.05007117986679077,0.7154775261878967,0.9922941327095032,0.9999716877937317
case_151,151,400360,3.8462955951690674,2.105546712875366,6.654342794418334,10.317672529220548,23.825817108154297,0.051815865720851235,3.4796535968780518,0.3960708975791931,2.7847070693969727,4.40528678894043,5.1859049797058105,362.6514892578125,9.897314071655273,346.7306213378906,386.9087829589844,425.0028381347656,0.41244208812713623,0.04879286512732506,0.3312390148639679,0.5098109841346741,0.6606630086898804,187.34521484375,17.380992889404297,130.13365173339844,212.34328384399413,222.87989807128906,0.3442785441875458,0.14122691750526428,0.007521423511207104,0.5589053124189377,0.7734972834587097,442.95770263671875,256.8619689941406,1.7564619779586792,841.9596557617188,884.5317993164062,0.3340997099876404,0.1313294619321823,0.007521352730691433,0.5302584052085876,0.6986417174339294,0.9319981336593628,0.05009591951966286,0.7154717445373535,0.9922971129417419,0.9999716877937317
case_153,153,400360,4.478283882141113,2.494185209274292,8.088743019104003,12.596611623764018,28.401994705200195,0.04933809571385753,3.4646592140197754,0.4014725983142853,2.759582042694092,4.404366970062256,5.183856010437012,367.4671630859375,14.68472957611084,347.8738708496094,402.8360900878906,439.92059326171875,0.494371622800827,0.04514865204691887,0.30171799659729004,0.5650830268859863,0.675836980342865,187.41552734375,17.365976333618164,130.1292266845703,212.39291229248047,223.0757293701172,0.3441942632198334,0.14117778837680817,0.007525051478296518,0.558679249882698,0.7734943628311157,443.34954833984375,256.9179992675781,1.7897850275039673,842.4616119384766,885.3693237304688,0.3340231776237488,0.13128601014614105,0.0075249806977808475,0.5300666928291321,0.6986396312713623,0.9320328831672668,0.05007329210639,0.7154737710952759,0.9922943115234375,0.9999716877937317
case_154,154,400360,3.59783935546875,2.10711669921875,6.938599348068237,10.474741182327266,24.134431838989258,0.04958537316415226,3.8219070434570312,0.33054378628730774,2.924967050552368,4.552929878234863,5.202342987060547,363.5869445800781,10.17988395690918,346.0174560546875,385.8201599121094,432.2469177246094,0.39988112449645996,0.05041099712252617,0.2833769917488098,0.5015569925308228,0.6626309752464294,187.43011474609375,17.378490447998047,130.1762237548828,212.41664428710936,222.97650146484375,0.34419843554496765,0.1411813199520111,0.007526996545493603,0.5586124062538147,0.7734887599945068,443.2099609375,256.9263610839844,1.7676249742507935,842.3389282226562,885.0457763671875,0.334026962518692,0.13128915429115295,0.007526925764977932,0.5300100207328796,0.6986355781555176,0.9320308566093445,0.05007481947541237,0.7154776453971863,0.9922942519187927,0.9999716877937317
case_155,155,400360,4.394123554229736,2.4023540019989014,7.589083981513977,11.835097093582132,28.122840881347656,0.048905984613847535,3.4562721252441406,0.4012274444103241,2.756092071533203,4.397141933441162,5.18429708480835,372.7580871582031,12.300539016723633,352.7840576171875,398.3600158691406,435.5348205566406,0.37986281514167786,0.05150940641760826,0.295989990234375,0.4871020019054413,0.6437990069389343,187.29489135742188,17.378963470458984,130.0842742919922,212.28313064575195,222.88665771484375,0.34428101778030396,0.1412431299686432,0.007519632112234831,0.55891954600811,0.7734987735748291,442.9359130859375,256.8346862792969,1.7434899806976318,841.895751953125,884.4640502929688,0.334101140499115,0.13134469091892242,0.00751956133171916,0.5302704840898513,0.6986427903175354,0.9319949746131897,0.05010099336504936,0.7154706716537476,0.9922997981309891,0.9999717473983765
case_156,156,400360,4.732293128967285,2.6326773166656494,8.350664710998535,13.289695453643796,28.11277961730957,0.0490783295034469,3.3987786769866943,0.404140830039978,2.755202054977417,4.339728832244873,5.1631388664245605,366.6425476074219,14.302489280700684,345.43939208984375,399.6999206542969,436.90972900390625,0.34444156289100647,0.05259963124990463,0.2730169892311096,0.46765199303627014,0.6353330016136169,187.41293334960938,17.38729476928711,130.12844848632812,212.4273239135742,222.9827117919922,0.34429216384887695,0.14124852418899536,0.007523439824581146,0.558941873908043,0.7735005617141724,443.2102355957031,256.94732666015625,1.7840549945831299,842.3393615722656,885.0560913085938,0.3341113328933716,0.1313490867614746,0.007523368578404188,0.5302893817424774,0.6986441016197205,0.931990921497345,0.05010449141263962,0.7154694199562073,0.9922969341278076,0.9999716877937317
case_157,157,400360,4.1411237716674805,2.3156511783599854,7.273385071754455,11.7065015220642,26.843324661254883,0.05608452392846438,3.424818277359009,0.39781567454338074,2.7654099464416504,4.35217809677124,5.172436237335205,373.52349853515625,10.145079612731934,357.895263671875,394.5790100097656,435.3681640625,0.35095202922821045,0.055445779114961624,0.26218000054359436,0.47759199142456055,0.6416199803352356,187.2431182861328,17.382827758789062,130.04505920410156,212.22442398071288,222.72630310058594,0.3443243205547333,0.14126896858215332,0.007520321290940046,0.5590517103672028,0.7735019326210022,442.8340759277344,256.7911071777344,1.7531919479370117,841.7149688720704,884.2359008789062,0.33414044976234436,0.13136719167232513,0.0075202505104243755,0.5303825289011002,0.6986450552940369,0.9319771528244019,0.05011376738548279,0.7154684662818909,0.9922993779182434,0.9999717473983765
case_158,158,400360,5.3091654777526855,2.913379669189453,9.031450700759887,14.374462537765476,33.08441925048828,0.05373663702667599,3.424365282058716,0.39796847105026245,2.7656869888305664,4.352934837341309,5.172513961791992,410.723388671875,10.120108604431152,356.484375,425.5048828125,445.4739685058594,0.4178316593170166,0.0497012622654438,0.33371299505233765,0.5167170166969299,0.6623899936676025,187.36061096191406,17.349609375,130.06983947753906,212.3106735229492,223.0729217529297,0.3440695106983185,0.14111623167991638,0.007523415610194206,0.5582808762788771,0.7734827995300293,443.17626953125,256.8132019042969,1.7632110118865967,842.1497863769531,885.0584716796875,0.33390969038009644,0.1312323957681656,0.0075233448296785355,0.5297288537025451,0.6986313462257385,0.9320827126502991,0.050042714923620224,0.7154818177223206,0.9922959804534912,0.9999716877937317
case_159,159,400360,4.308229923248291,2.4217679500579834,7.735206508636474,12.345149745941162,27.970979690551758,0.048803576780897195,3.417283773422241,0.39714011549949646,2.760845899581909,4.342947959899902,5.168479919433594,366.4687805175781,14.465778350830078,346.31427001953125,400.5136413574219,436.009033203125,0.47972843050956726,0.04599720239639282,0.29915300011634827,0.5544710159301758,0.6732980012893677,187.36769104003906,17.370243072509766,130.09490966796875,212.36740951538087,223.0238800048828,0.34423524141311646,0.14120715856552124,0.007523813750594854,0.5587995707988739,0.7734959125518799,443.2383117675781,256.8885803222656,1.7894020080566406,842.301513671875,885.1586303710938,0.3340601325035095,0.13131241500377655,0.007523742970079184,0.5301687180995941,0.6986407041549683,0.9320151209831238,0.05008566379547119,0.7154726982116699,0.9922958046197892,0.9999716877937317
case_163,163,400360,4.869182109832764,2.745596170425415,9.154281949996946,13.400103712081906,30.699800491333008,0.05220551503646718,3.4270238876342773,0.39808031916618347,2.7635738849639893,4.3568949699401855,5.172461032867432,428.0745849609375,10.44421100616455,360.6109924316406,436.895263671875,449.43756103515625,0.5707933306694031,0.03928324207663536,0.3288879990577698,0.6143990159034729,0.6783890128135681,187.41090393066406,17.33343505859375,130.0022430419922,212.32607345581056,223.2034149169922,0.3439653813838959,0.1410360187292099,0.007526982109993696,0.5578538715839386,0.7734726071357727,443.405029296875,256.8414306640625,1.776769995689392,842.4597900390625,885.5717163085938,0.33381617069244385,0.13116058707237244,0.007526910863816738,0.5293666601181031,0.6986240744590759,0.9321281313896179,0.05000805854797363,0.7154889106750488,0.9922911524772644,0.9999716877937317
case_164,164,400360,4.417447566986084,2.4056923389434814,7.523049545288086,11.752422008514381,27.64034652709961,0.05131131981216905,3.4762561321258545,0.39911752939224243,2.772655963897705,4.41284704208374,5.183588027954102,372.5656433105469,12.289033889770508,352.42877197265625,398.373779296875,435.3020324707031,0.4134506583213806,0.0572255402803421,0.3292990028858185,0.5344280004501343,0.6834419965744019,187.29844665527344,17.374752044677734,130.08914184570312,212.28987655639648,222.89071655273438,0.3442527949810028,0.14122608304023743,0.007520000450313091,0.5588499575853347,0.7734965085983276,442.96112060546875,256.82818603515625,1.7440739870071411,841.9122344970704,884.5120239257812,0.3340756297111511,0.1313294768333435,0.0075199296697974205,0.5302114695310592,0.6986411809921265,0.9320068955421448,0.05009349808096886,0.7154722213745117,0.9922993779182434,0.9999717473983765
case_165,165,400360,3.9166831970214844,2.5460269451141357,8.25058135986328,13.54518896102898,26.689733505249023,0.06240633429913078,4.635026454925537,0.2627304494380951,3.0825259685516357,4.99378776550293,5.319788932800293,381.88018798828125,12.852670669555664,361.7228698730469,415.5033264160156,439.4085693359375,0.41514378786087036,0.059365469962358475,0.33076900243759155,0.5631849765777588,0.7480480074882507,188.23890686035156,17.417476654052734,130.5634002685547,213.26189804077148,224.20631408691406,0.3439803719520569,0.14096476137638092,0.007528994232416153,0.5574279248714447,0.7734699249267578,444.67742919921875,257.63677978515625,1.741197943687439,844.9728454589844,887.951171875,0.3338333070278168,0.13109205663204193,0.007528922986239195,0.5290052652359009,0.6986221671104431,0.9321326613426208,0.04998987913131714,0.7154908180236816,0.9922704786062241,0.9999716281890869
case_166,166,400360,4.752668380737305,2.592097282409668,8.191421604156492,12.85470631599426,28.598407745361328,0.05052203017284444,3.435631275177002,0.4026464819908142,2.7632570266723633,4.379203796386719,5.178531169891357,367.1941223144531,14.791897773742676,347.6478271484375,402.5552978515625,440.31982421875,0.4171966016292572,0.049839846789836884,0.33399099111557007,0.5165070295333862,0.6618279814720154,187.43063354492188,17.374326705932617,130.15740966796875,212.43812789916993,223.07395935058594,0.3442304730415344,0.1412001997232437,0.007522487547248602,0.5587718814611434,0.7734978795051575,443.2458801269531,256.9395751953125,1.7746679782867432,842.3770141601562,885.1375122070312,0.33405596017837524,0.13130587339401245,0.007522416301071644,0.5301452457904815,0.6986421346664429,0.9320176839828491,0.05008351057767868,0.7154712677001953,0.9922967582941056,0.9999716877937317
case_169,169,400360,4.5068583488464355,2.529285430908203,8.090929222106933,12.841711378097514,28.405933380126953,0.04892097112598661,3.432600259780884,0.39797326922416687,2.7607951164245605,4.357941150665283,5.172364234924316,380.2094421386719,11.796460151672363,351.2510681152344,403.2781677246094,440.3528747558594,0.461256742477417,0.04734497889876366,0.2953610122203827,0.5403760075569153,0.6699270009994507,187.347412109375,17.360126495361328,130.09791564941406,212.3175163269043,222.9607696533203,0.3441545069217682,0.14117646217346191,0.007522270083427429,0.558611986041069,0.7734889984130859,443.2061462402344,256.8466796875,1.7850439548492432,842.2044677734375,885.0732421875,0.3339862525463104,0.1312863975763321,0.007522199302911758,0.5300097048282623,0.6986358165740967,0.9320464134216309,0.05006847903132439,0.715477466583252,0.9922975897789001,0.9999716877937317
case_170,170,400360,3.5918002128601074,2.024853229522705,6.727396512031555,9.981185073852506,23.188430786132812,0.05216055550004996,3.624504804611206,0.36193913221359253,2.8390679359436035,4.4452619552612305,5.181856155395508,368.7039794921875,13.252694129943848,347.8941955566406,398.2426452636719,436.6056823730469,0.5845108032226562,0.04363909736275673,0.31752699613571167,0.635528028011322,0.6945679783821106,187.3165740966797,17.35694694519043,130.08514404296875,212.2644271850586,222.96746826171875,0.34415197372436523,0.14115464687347412,0.007523729000240564,0.5584730267524719,0.7734866738319397,443.1128845214844,256.828369140625,1.7511390447616577,842.09716796875,884.85400390625,0.3339848816394806,0.13126587867736816,0.007523658219724894,0.5298918187618256,0.6986340880393982,0.9320499300956726,0.050061699002981186,0.7154791355133057,0.992294430732727,0.9999716877937317
case_171,171,400360,5.335410118103027,2.9375109672546387,9.183458948135376,14.578658542633027,33.82589340209961,0.05347437306424218,3.394049644470215,0.4039483368396759,2.7506110668182373,4.3304901123046875,5.162080764770508,404.6004943847656,9.74038028717041,355.7523498535156,419.4354553222656,442.52801513671875,0.3590504825115204,0.05602467060089111,0.26949599385261536,0.4828700125217438,0.6456360220909119,187.324462890625,17.359968185424805,130.08367919921875,212.29023284912108,222.97186279296875,0.34414464235305786,0.14117395877838135,0.007522541098296642,0.5585764497518538,0.7734886407852173,443.0821533203125,256.80865478515625,1.7649760246276855,842.0318603515625,884.8512573242188,0.333977073431015,0.13128426671028137,0.0075224703177809715,0.529979521036148,0.6986355185508728,0.9320498108863831,0.05006710812449455,0.7154777646064758,0.992297887802124,0.9999716877937317
case_173,173,400360,2.5970051288604736,3.547929525375366,9.599425172805786,17.56222873687742,26.76559829711914,0.18829553401938257,5.071426868438721,0.2815006375312805,3.1910440921783447,5.266848087310791,5.386351108551025,402.19830322265625,10.53454875946045,355.197998046875,418.6421203613281,443.6468200683594,0.3573223054409027,0.05460139364004135,0.26866498589515686,0.49379798769950867,0.6159240007400513,188.83444213867188,17.47878074645996,131.0105438232422,213.96044387817383,224.85870361328125,0.3440514802932739,0.14096888899803162,0.007527777925133705,0.5573564827442169,0.7734724879264832,445.9254150390625,258.307861328125,1.7579840421676636,847.2318786621094,890.3170776367188,0.33389949798583984,0.13109339773654938,0.007527706678956747,0.5289446175098419,0.6986240148544312,0.9321082234382629,0.0499979592859745,0.7154890298843384,0.9922643333673478,0.9999716877937317
case_175,175,400360,4.382044315338135,2.4518561363220215,7.760565519332886,12.505675315856932,28.643783569335938,0.05493056249375562,3.4117743968963623,0.39938631653785706,2.766840934753418,4.342660903930664,5.165687084197998,368.5635070800781,13.123151779174805,347.3141784667969,397.02093505859375,434.58416748046875,0.350957453250885,0.060766514390707016,0.2661510109901428,0.4941850006580353,0.6481459736824036,187.28485107421875,17.388349533081055,130.0590057373047,212.27818450927734,222.8288116455078,0.3443419635295868,0.14128220081329346,0.007519326638430357,0.5590562343597412,0.7735033631324768,442.96044921875,256.8499450683594,1.757951021194458,841.9300567626954,884.50244140625,0.334156334400177,0.13137920200824738,0.007519255857914686,0.5303863406181335,0.698646068572998,0.9319695830345154,0.05011908337473869,0.7154674530029297,0.9923000335693359,0.9999717473983765
case_176,176,400360,4.060999393463135,2.3761093616485596,7.827819538116455,11.872080402374266,27.17892074584961,0.05118892996303327,3.8361308574676514,0.32904767990112305,2.93021297454834,4.557304859161377,5.204758167266846,368.17352294921875,13.200841903686523,347.2072448730469,400.0348815917969,431.0106506347656,0.4161161482334137,0.0495842769742012,0.2864150106906891,0.5100190043449402,0.6637610197067261,187.49046325683594,17.374300003051758,130.2015380859375,212.46931838989258,223.14405822753906,0.3441705107688904,0.141142800450325,0.007526373490691185,0.5584614962339401,0.7734856605529785,443.4278869628906,256.9696960449219,1.7746449708938599,842.629150390625,885.4691772460938,0.33400267362594604,0.13125406205654144,0.007526302244514227,0.5298820167779922,0.6986333727836609,0.9320452213287354,0.050059814006090164,0.715479850769043,0.9922920495271683,0.9999716877937317
case_179,179,400360,4.922423362731934,2.752363920211792,8.778277397155762,13.768545122146582,31.174861907958984,0.05046957738035768,3.457709550857544,0.40188997983932495,2.787290096282959,4.4017839431762695,5.184189796447754,367.383544921875,14.590286254882812,347.0907287597656,401.6455993652344,439.51922607421875,0.35612061619758606,0.057968731969594955,0.26350998878479004,0.4893760085105896,0.6364730000495911,187.43930053710938,17.38432502746582,130.13682556152344,212.46119918823243,223.0684814453125,0.34426313638687134,0.14122697710990906,0.007520958781242371,0.5588646769523621,0.7734990119934082,443.3356018066406,256.9605712890625,1.7882599830627441,842.4971984863281,885.3141479492188,0.33408525586128235,0.13133001327514648,0.0075208880007267,0.5302239269018173,0.6986429691314697,0.9320033192634583,0.05009462311863899,0.7154704928398132,0.9922983050346375,0.9999717473983765
case_180,180,400360,4.617005825042725,2.491870641708374,7.6927731275558475,12.1202414035797,27.940109252929688,0.049717754021380754,3.4693281650543213,0.4054667055606842,2.7597908973693848,4.422637939453125,5.185338973999023,381.38690185546875,11.890837669372559,362.2911376953125,405.3695373535156,440.3094787597656,0.4126565456390381,0.05005868151783943,0.3233579993247986,0.5178800225257874,0.6708080172538757,187.29324340820312,17.368640899658203,130.08517456054688,212.2783462524414,222.9037322998047,0.3442087769508362,0.14120009541511536,0.007518812548369169,0.5587380856275558,0.7734931707382202,442.9268493652344,256.8039855957031,1.7360700368881226,841.8488189697266,884.4547729492188,0.33403560519218445,0.13130638003349304,0.0075187417678534985,0.5301165997982025,0.6986387968063354,0.9320248365402222,0.05008180812001228,0.715474545955658,0.99229896068573,0.9999717473983765
case_181,181,400360,4.4004974365234375,2.542583703994751,8.348705530166626,12.506495037078853,29.049291610717773,0.05285742831451693,3.8809633255004883,0.3218696713447571,2.9497740268707275,4.578250885009766,5.209342956542969,374.6295471191406,12.21060562133789,349.63623046875,400.19683837890625,439.2948303222656,0.36534082889556885,0.05605313926935196,0.2822189927101135,0.5090330243110657,0.6429499983787537,187.52310180664062,17.372798919677734,130.1903076171875,212.5055953979492,223.20835876464844,0.3441177010536194,0.14113259315490723,0.007526346016675234,0.5583631545305252,0.7734845280647278,443.4485778808594,256.9839172363281,1.7666590213775635,842.6879516601563,885.5427856445312,0.333953857421875,0.13124611973762512,0.007526274770498276,0.5297986716032028,0.6986325979232788,0.932064414024353,0.05005224049091339,0.715480625629425,0.9922946691513062,0.9999716877937317
case_182,182,400360,4.517251491546631,2.5158884525299072,8.005867195129394,12.821896562576253,27.602649688720703,0.05247527225497053,3.412649631500244,0.39787784218788147,2.765826940536499,4.340727806091309,5.166155815124512,369.9147644042969,13.084407806396484,349.8485107421875,403.9873962402344,433.89996337890625,0.34107810258865356,0.04385346546769142,0.2713499963283539,0.45598000288009644,0.579925000667572,187.33412170410156,17.38668441772461,130.11119079589844,212.32156066894532,222.8933868408203,0.34431278705596924,0.14125634729862213,0.007521561346948147,0.559010449051857,0.7735018134117126,443.00640869140625,256.8709411621094,1.7579790353775024,842.0111694335938,884.614501953125,0.3341301679611206,0.13135582208633423,0.007521490100771189,0.5303475290536881,0.6986449360847473,0.9319827556610107,0.05010858178138733,0.7154685258865356,0.9922986626625061,0.9999716877937317
case_183,183,400360,4.862273693084717,2.7375617027282715,8.673352289199828,13.893857116699213,30.76870346069336,0.050457088620241786,3.434481382369995,0.39812198281288147,2.7567811012268066,4.36077880859375,5.173046112060547,368.73968505859375,14.467819213867188,348.39154052734375,402.63800048828125,438.0559997558594,0.3535558879375458,0.06173606961965561,0.26740598678588867,0.4997769892215729,0.6579430103302002,187.40660095214844,17.383506774902344,130.12290954589844,212.41589431762694,223.00289916992188,0.3442714512348175,0.14123594760894775,0.00752011826261878,0.5589051425457001,0.7735010385513306,443.2764587402344,256.92547607421875,1.7881120443344116,842.376220703125,885.1760864257812,0.33409255743026733,0.13133788108825684,0.007520047482103109,0.5302582532167435,0.6986443996429443,0.9319993257522583,0.050098877400159836,0.7154691219329834,0.9922979503870011,0.9999717473983765
case_184,184,400360,4.474885940551758,2.4985010623931885,7.875815033912657,12.749776926040594,29.159093856811523,0.05032470776301329,3.397519111633301,0.40352103114128113,2.7622320652008057,4.3331170082092285,5.163376808166504,368.1035461425781,13.316668510437012,347.1853332519531,399.6644592285156,431.8598937988281,0.3936293125152588,0.050915349274873734,0.2818169891834259,0.49793800711631775,0.6601259708404541,187.36717224121094,17.381635665893555,130.11427307128906,212.36815032958984,222.9681854248047,0.3442857563495636,0.14123448729515076,0.0075225504115223885,0.5589224904775619,0.7734971046447754,443.1681823730469,256.8941345214844,1.7821389436721802,842.2182006835938,884.9696044921875,0.3341059386730194,0.13133643567562103,0.007522479631006718,0.5302729785442353,0.6986415982246399,0.931994616985321,0.05009862035512924,0.7154718041419983,0.9922963976860046,0.9999716877937317
case_185,185,400360,4.411143779754639,2.4281229972839355,7.666236424446105,12.235298709869317,25.902671813964844,0.05113647717054651,3.4901881217956543,0.3860352635383606,2.779942035675049,4.3791680335998535,5.168531894683838,368.5096740722656,12.146696090698242,350.01751708984375,400.9403076171875,423.8226623535156,0.34349143505096436,0.04602162912487984,0.276419997215271,0.45280900597572327,0.6255279779434204,187.3624267578125,17.384048461914062,130.1394805908203,212.35752868652344,222.8936767578125,0.3442818224430084,0.14123453199863434,0.007520511746406555,0.5589245438575744,0.7734987735748291,443.0259704589844,256.8898010253906,1.7581470012664795,842.0606719970704,884.6385498046875,0.3341023027896881,0.1313365399837494,0.007520440500229597,0.5302747189998627,0.6986427903175354,0.9319958686828613,0.0500984787940979,0.7154706716537476,0.9922988444566727,0.9999717473983765
case_186,186,400360,4.101998329162598,2.3235483169555664,7.5299984931945785,11.554426622390743,25.107419967651367,0.05367419322609651,3.7361631393432617,0.3437540531158447,2.883729934692383,4.5027031898498535,5.193158149719238,367.2469177246094,11.97087287902832,349.62774658203125,396.7318420410156,432.0859680175781,0.3486391007900238,0.054900024086236954,0.2710759937763214,0.477510005235672,0.6355900168418884,187.38063049316406,17.381959915161133,130.1608123779297,212.37617416381835,222.91635131835938,0.3442417085170746,0.14120519161224365,0.007523514796048403,0.5587491750717163,0.7734951376914978,443.0993957519531,256.8901672363281,1.752539038658142,842.1520416259766,884.7719116210938,0.3340662121772766,0.13130998611450195,0.007523444015532732,0.5301259905099869,0.6986401677131653,0.932013213634491,0.05008656159043312,0.7154731750488281,0.9922958642244339,0.9999716877937317
case_187,187,400360,4.630080223083496,2.5764684677124023,8.103256320953365,13.128380126953111,29.0647029876709,0.05000499550404636,3.3984994888305664,0.4044046103954315,2.7548420429229736,4.339259147644043,5.162806987762451,368.30108642578125,13.983709335327148,346.3468322753906,400.6207580566406,435.3990783691406,0.3873427212238312,0.051468271762132645,0.27958399057388306,0.49455100297927856,0.658827006816864,187.38243103027344,17.380979537963867,130.11546325683594,212.38726043701172,222.95896911621094,0.3442706763744354,0.14123542606830597,0.007520738523453474,0.5589093416929245,0.7734982967376709,443.2077941894531,256.9099426269531,1.7852569818496704,842.2794219970704,885.0355834960938,0.3340919315814972,0.13133758306503296,0.007520667742937803,0.5302617937326431,0.6986424326896667,0.9319995641708374,0.05009821429848671,0.7154709696769714,0.9922972977161407,0.9999717473983765
case_188,188,400360,4.561877250671387,2.5601401329040527,8.110652208328247,13.086825618743863,28.11197280883789,0.05364422020181836,3.424635410308838,0.3976042568683624,2.7522809505462646,4.3478498458862305,5.168691158294678,369.7333984375,12.921147346496582,349.2569885253906,403.5959777832031,433.4514465332031,0.3489305078983307,0.05964117869734764,0.25988900661468506,0.48738598823547363,0.6433979868888855,187.32907104492188,17.385730743408203,130.09947204589844,212.3153045654297,222.86366271972656,0.34430187940597534,0.14125895500183105,0.007522878237068653,0.5590007334947587,0.7735002636909485,443.05584716796875,256.8708801269531,1.7653030157089233,842.0535278320312,884.6978759765625,0.3341200351715088,0.13135860860347748,0.007522807456552982,0.5303393006324768,0.6986438632011414,0.9319860339164734,0.05010846629738808,0.7154695987701416,0.9922987222671509,0.9999716877937317
case_189,189,400360,4.503957748413086,2.523380994796753,7.995612788200375,12.753865308761585,29.364471435546875,0.05067439304625837,3.40437388420105,0.40165647864341736,2.7653989791870117,4.33687686920166,5.164523124694824,365.9328308105469,12.939881324768066,349.2086181640625,396.5462951660156,435.1784362792969,0.35719138383865356,0.054315146058797836,0.26903799176216125,0.4927850067615509,0.6170520186424255,187.3706512451172,17.3869571685791,130.10386657714844,212.37543106079102,222.92437744140625,0.3443138301372528,0.14125263690948486,0.0075203715823590755,0.5589894980192185,0.7735038995742798,443.11456298828125,256.8995361328125,1.7772510051727295,842.1712646484375,884.86328125,0.3341313600540161,0.13135220110416412,0.007520300801843405,0.5303297907114028,0.6986464858055115,0.9319829344749451,0.05010778084397316,0.715467095375061,0.992297711968422,0.9999717473983765
case_190,190,400360,4.711068153381348,2.640113592147827,8.360267305374144,13.360542898178092,28.387516021728516,0.049692776501148964,3.42315673828125,0.39780521392822266,2.7454190254211426,4.344974040985107,5.167935848236084,366.1627197265625,14.30609130859375,346.3038024902344,399.8901672363281,435.0445556640625,0.3473292291164398,0.05766073241829872,0.270579993724823,0.48614200949668884,0.6489390134811401,187.40379333496094,17.38711166381836,130.1156768798828,212.42174530029297,222.96897888183594,0.34429869055747986,0.14124782383441925,0.007522801402956247,0.558944845199585,0.7735015153884888,443.21966552734375,256.9403991699219,1.7868750095367432,842.3365020751953,885.06103515625,0.33411747217178345,0.13134832680225372,0.0075227306224405766,0.5302918761968612,0.698644757270813,0.9319886565208435,0.050104495137929916,0.7154687643051147,0.9922975331544877,0.9999716877937317
case_191,191,400360,4.650894641876221,2.5877652168273926,8.205350446701049,13.111052494049055,29.264482498168945,0.05073683684683784,3.413191318511963,0.40038639307022095,2.765328884124756,4.352011203765869,5.165470123291016,368.427490234375,13.19227123260498,347.1741638183594,400.60540771484375,431.28509521484375,0.3589784801006317,0.051489975303411484,0.2801789939403534,0.49720299243927,0.5972200036048889,187.385986328125,17.38483238220215,130.12916564941406,212.38950119018554,222.96092224121094,0.34429824352264404,0.1412343680858612,0.007521525491029024,0.5589380860328674,0.7734992504119873,443.144775390625,256.9101867675781,1.7736660242080688,842.2122833251954,884.8958740234375,0.33411768078804016,0.13133586943149567,0.007521454710513353,0.5302861928939819,0.698643147945404,0.9319904446601868,0.05009981989860535,0.7154703140258789,0.9922966957092285,0.9999716877937317
case_192,192,400360,4.594874382019043,2.576314687728882,8.175111389160156,12.946696014404287,29.42413902282715,0.0499525427115596,3.4433372020721436,0.39878326654434204,2.764172077178955,4.376368045806885,5.17847204208374,365.5298767089844,13.371981620788574,347.1734924316406,396.9407653808594,436.5933837890625,0.35811886191368103,0.051571741700172424,0.27706900238990784,0.4958359897136688,0.5957520008087158,187.40675354003906,17.38591766357422,130.12701416015625,212.4239875793457,222.98011779785156,0.34428802132606506,0.14124056696891785,0.007520959246903658,0.5589244067668915,0.7735005021095276,443.193603515625,256.9382629394531,1.7789599895477295,842.3131103515625,885.0161743164062,0.33410781621932983,0.13134200870990753,0.0075208880007267,0.5302745968103408,0.6986440420150757,0.9319930672645569,0.05010091885924339,0.715469479560852,0.9922983676195145,0.9999717473983765
case_193,193,400360,4.217784881591797,2.3501968383789062,7.433103251457213,11.889664096832272,26.4258975982666,0.05308472374862624,3.4327430725097656,0.39797210693359375,2.759643077850342,4.358067989349365,5.172543048858643,366.6557312011719,11.779062271118164,349.3851013183594,394.5610046386719,432.6336975097656,0.3520005941390991,0.050225526094436646,0.27110499143600464,0.4825739860534668,0.5892620086669922,187.3068389892578,17.38788604736328,130.08761596679688,212.30149993896484,222.791259765625,0.34432756900787354,0.14126776158809662,0.0075194863602519035,0.5590541362762451,0.7735041379928589,442.9352722167969,256.8570861816406,1.755018949508667,841.9093078613281,884.4345092773438,0.3341435194015503,0.1313660442829132,0.007519415579736233,0.5303845435380936,0.698646605014801,0.9319761395454407,0.050113461911678314,0.7154669165611267,0.9922996163368225,0.9999717473983765
case_194,194,400360,4.473546504974365,2.556513786315918,8.246804285049436,12.928755416870114,28.35040283203125,0.0494604855629933,3.713203191757202,0.3472364842891693,2.873872995376587,4.489656925201416,5.190577030181885,365.9811096191406,14.165607452392578,347.41552734375,399.38507080078125,438.36480712890625,0.3648502230644226,0.05578339844942093,0.2674430012702942,0.4881669878959656,0.6530849933624268,187.46873474121094,17.37955093383789,130.183837890625,212.46458282470704,223.0728302001953,0.34421056509017944,0.14118744432926178,0.00752554927021265,0.5586949259042739,0.7734920382499695,443.37353515625,256.968505859375,1.7833319902420044,842.5593933105469,885.3696899414062,0.3340379297733307,0.13129457831382751,0.0075254784896969795,0.5300800144672393,0.6986379623413086,0.9320261478424072,0.05007762461900711,0.7154753804206848,0.9922953844070435,0.9999716877937317
case_195,195,400360,4.837615966796875,2.686868667602539,8.506486845016479,13.599721879959082,28.627286911010742,0.04965780797282446,3.398775815963745,0.4020915627479553,2.7577459812164307,4.333730220794678,5.153214931488037,366.947021484375,14.86263370513916,347.75750732421875,402.19158935546875,440.9661560058594,0.34813424944877625,0.048810165375471115,0.2693040072917938,0.47251200675964355,0.5930269956588745,187.41824340820312,17.386653900146484,130.1286163330078,212.4358932495117,222.98231506347656,0.3443027436733246,0.14124520123004913,0.007522109895944595,0.5589431166648865,0.7735015749931335,443.2252502441406,256.95391845703125,1.7841089963912964,842.360107421875,885.0848999023438,0.3341214060783386,0.13134589791297913,0.0075220391154289246,0.5302904456853866,0.6986448168754578,0.9319876432418823,0.050103623420000076,0.71546870470047,0.9922976523637772,0.9999716877937317
case_196,196,400360,4.721620082855225,2.6456615924835205,8.420341682434081,13.27775411605834,29.805959701538086,0.05060695374163253,3.4507246017456055,0.3979845643043518,2.7785520553588867,4.378867149353027,5.1780009269714355,367.60760498046875,13.770980834960938,347.8626403808594,400.0106201171875,434.7947998046875,0.3562313914299011,0.05662087723612785,0.26736998558044434,0.48841598629951477,0.6270279884338379,187.4037322998047,17.383892059326172,130.12696838378906,212.4121971130371,222.9742431640625,0.34427839517593384,0.14123350381851196,0.00752096064388752,0.5589170098304749,0.7735003232955933,443.2261657714844,256.9252014160156,1.7814830541610718,842.3221466064454,885.072509765625,0.3340991139411926,0.13133540749549866,0.007520889863371849,0.5302683293819428,0.6986439228057861,0.9319972991943359,0.05009857937693596,0.7154695987701416,0.992297175526619,0.9999717473983765
case_197,197,400360,4.335291862487793,2.46699595451355,7.936916875839233,12.379508867263791,27.07880973815918,0.04987011689479468,3.6821987628936768,0.35212385654449463,2.860975980758667,4.474258899688721,5.187366962432861,368.3271789550781,11.780911445617676,346.88726806640625,394.18548583984375,433.73193359375,0.3610468804836273,0.06304630637168884,0.2811349928379059,0.5100070238113403,0.662086009979248,187.42564392089844,17.377574920654297,130.16078186035156,212.41815567016602,222.9900665283203,0.3441942632198334,0.14119037985801697,0.007525216322392225,0.5586816430091857,0.7734915018081665,443.2518615722656,256.9199523925781,1.776494026184082,842.3614501953125,885.1277465820312,0.334022581577301,0.13129766285419464,0.0075251455418765545,0.53006874024868,0.6986375451087952,0.9320312738418579,0.0500776469707489,0.7154757380485535,0.9922961592674255,0.9999716877937317
case_199,199,400360,4.7387189865112305,2.705728769302368,8.71670413017273,13.672717103958115,29.847414016723633,0.0512089119792187,3.736097574234009,0.3437277376651764,2.883251905441284,4.4997100830078125,5.19283390045166,368.8340759277344,14.88178539276123,349.68310546875,404.2610778808594,440.117919921875,0.35342708230018616,0.0615021213889122,0.26950299739837646,0.4969339966773987,0.6588550209999084,187.48745727539062,17.378141403198242,130.19117736816406,212.47822952270508,223.1280517578125,0.34419581294059753,0.14117206633090973,0.007523914333432913,0.5586234271526335,0.7734941244125366,443.438232421875,256.967041015625,1.7845430374145508,842.6268981933594,885.5151977539062,0.33402493596076965,0.13128027319908142,0.007523843552917242,0.5300194144248961,0.698639452457428,0.9320330619812012,0.050072379410266876,0.7154738903045654,0.9922946095466614,0.9999716877937317
case_200,200,400360,4.308588981628418,2.3973782062530518,7.528428196907043,12.027814435958856,27.248859405517578,0.05078179638325507,3.4804728031158447,0.3878067135810852,2.7758400440216064,4.3745927810668945,5.167616844177246,368.853271484375,10.57806396484375,347.9652404785156,391.2104797363281,432.7962951660156,0.36426687240600586,0.054859016090631485,0.2768250107765198,0.5085939764976501,0.6339049935340881,187.35971069335938,17.37996482849121,130.11668395996094,212.36683197021483,222.86680603027344,0.3442522883415222,0.1412324160337448,0.007523427717387676,0.5588814169168472,0.7734968066215515,443.0403137207031,256.882080078125,1.7674800157546997,842.0722717285156,884.7013549804688,0.3340749144554138,0.13133549690246582,0.0075233569368720055,0.5302381068468094,0.6986414194107056,0.932006299495697,0.05009531229734421,0.7154720425605774,0.9922981262207031,0.9999716877937317
