case_id,split,rmse_v11,p95_relative_error_v11,p99_relative_error_v11,p99_underprediction_fraction_v11,top1pct_hotspot_overlap_v11,top1_recall_in_predicted_top5_v11,top5_actual_bias_v11,rmse_v13,p95_relative_error_v13,p99_relative_error_v13,p99_underprediction_fraction_v13,top1pct_hotspot_overlap_v13,top1_recall_in_predicted_top5_v13,top5_actual_bias_v13,delta_rmse_v13_minus_v11,delta_p95_relative_error_v13_minus_v11,delta_p99_relative_error_v13_minus_v11,delta_p99_underprediction_fraction_v13_minus_v11,delta_top1pct_hotspot_overlap_v13_minus_v11,delta_top1_recall_in_predicted_top5_v13_minus_v11,delta_top5_actual_bias_v13_minus_v11,flag_p99_underprediction_above_10pct,flag_p99_relative_error_above_15pct,flag_top1_overlap_below_60pct,flag_p95_relative_error_above_15pct,fluence_rate_mean,fluence_rate_std,fluence_rate_min,fluence_rate_p95,fluence_rate_max,temperature_mean,temperature_std,temperature_min,temperature_p95,temperature_max,weight_loss_rate_mean,weight_loss_rate_std,weight_loss_rate_min,weight_loss_rate_p95,weight_loss_rate_max
case_111,train,1.8800214155865576,0.018414675572831312,0.29573599546288176,0.29573599546288176,0.3953546453546454,0.9323176823176823,-2.75471478912128,2.363762252134872,0.198417265705061,0.18946679890225915,0.18946679890225915,0.32867132867132864,0.9263236763236763,-1.6773729144757261,0.48374083654831446,0.1800025901322297,-0.10626919656062261,-0.10626919656062261,-0.06668331668331673,-0.005994005994006013,1.077341874645554,True,True,True,True,4.829971790313721,0.2632432878017425,3.129601001739502,5.104234218597412,5.349579811096191,365.8954162597656,12.96779441833496,344.7640991210937,395.9998779296875,432.0520935058594,0.5879989862442017,0.0437046326696872,0.3190009891986847,0.6368690133094788,0.6955599784851074
case_92,train,1.7977409988563111,0.011474918908081997,0.2015856099881241,0.2015856099881241,0.6008991008991009,0.8479020979020979,-2.2857403096469646,1.954603847362638,0.0685027880660108,0.10303138797025366,0.10303138797025366,0.6271228771228772,0.9080919080919081,-1.5599989337389197,0.1568628485063268,0.057027869157928804,-0.09855422201787045,-0.09855422201787045,0.02622377622377625,0.06018981018981018,0.7257413759080449,True,False,False,False,3.3151376247406006,0.3396933972835541,2.754728078842163,4.09653377532959,5.102495193481445,440.694091796875,11.036330223083496,360.4844665527344,448.29205322265625,453.2403869628906,0.3573110401630401,0.0518410392105579,0.2760519981384277,0.4941030144691467,0.6008960008621216
case_171,train,1.852418435944255,0.028124636873555507,0.20122181077327445,0.20122181077327445,0.6051448551448552,0.8783716283716284,-2.60682787186131,2.0261203880354963,0.05304292215001545,0.09890026115481114,0.09890026115481114,0.6378621378621379,0.9255744255744256,-1.7943906532242082,0.17370195209124129,0.024918285276459944,-0.1023215496184633,-0.1023215496184633,0.03271728271728269,0.047202797202797186,0.8124372186371016,False,False,False,False,3.394049644470215,0.4039483368396759,2.7506110668182373,4.330490112304688,5.162080764770508,404.6004943847656,9.74038028717041,355.7523498535156,419.4354553222656,442.5280151367188,0.3590504825115204,0.0560246706008911,0.2694959938526153,0.4828700125217438,0.6456360220909119
case_195,train,1.5846349927719614,0.01897813949400537,0.1976171248042831,0.1976171248042831,0.5761738261738262,0.8598901098901099,-2.3186281728659743,1.7746035818282797,0.06482068741290796,0.09451759391467476,0.09451759391467476,0.6083916083916084,0.8908591408591409,-1.5814082313930722,0.1899685890563183,0.04584254791890259,-0.10309953088960833,-0.10309953088960833,0.032217782217782265,0.03096903096903092,0.7372199414729022,False,False,False,False,3.398775815963745,0.4020915627479553,2.7577459812164307,4.333730220794678,5.153214931488037,366.947021484375,14.86263370513916,347.75750732421875,402.1915893554688,440.9661560058594,0.3481342494487762,0.0488101653754711,0.2693040072917938,0.4725120067596435,0.5930269956588745
case_98,internal_test,2.164029274099822,0.007270233250612654,0.1924933987191391,0.1924933987191391,0.6056443556443556,0.8636363636363636,-2.6953957821596326,2.3707838541786153,0.07323443994434714,0.09057794638173768,0.09057794638173768,0.6423576423576424,0.9233266733266733,-1.7814249802681237,0.2067545800787931,0.06596420669373448,-0.10191545233740142,-0.10191545233740142,0.036713286713286775,0.05969030969030964,0.9139708018915089,False,False,False,False,3.4002556800842285,0.4038166403770447,2.7411820888519287,4.341915130615234,5.161951065063477,426.91705322265625,10.807268142700195,354.6826477050781,443.4223937988281,450.148193359375,0.3600414395332336,0.0555852316319942,0.2795439958572387,0.486066997051239,0.6481789946556091
case_86,validation,1.4747897604145508,0.006506242978722562,0.18954283134404365,0.18954283134404365,0.5996503496503497,0.8531468531468531,-1.939215671863056,1.648611534991995,0.08949789013260644,0.08978297770965932,0.08978297770965932,0.6236263736263736,0.8966033966033966,-1.3097768376369316,0.1738217745774442,0.08299164715388388,-0.09975985363438433,-0.09975985363438433,0.02397602397602394,0.043456543456543484,0.6294388342261243,False,False,False,False,3.3035128116607666,0.337123692035675,2.7574141025543213,4.07803201675415,5.099003791809082,385.3857116699219,19.11328125,344.546875,425.63128662109375,447.53753662109375,0.3429905772209167,0.0352904871106147,0.2709780037403106,0.4162420034408569,0.6238049864768982
case_182,train,1.4568744241953981,0.0039804837552129095,0.18803500850300572,0.18803500850300572,0.6026473526473527,0.8778721278721279,-2.033807302147391,1.6359768232857275,0.085920050163695,0.08711695400110396,0.08711695400110396,0.6333666333666333,0.9088411588411588,-1.3235427545028253,0.17910239909032932,0.08193956640848209,-0.10091805450190176,-0.10091805450190176,0.03071928071928065,0.03096903096903092,0.7102645476445657,False,False,False,False,3.412649631500244,0.3978778421878814,2.765826940536499,4.340727806091309,5.166155815124512,369.9147644042969,13.084407806396484,349.8485107421875,403.9873962402344,433.8999633789063,0.3410781025886535,0.0438534654676914,0.2713499963283539,0.4559800028800964,0.579925000667572
case_17,train,1.8327041547606473,0.014111738459872885,0.1866099303149795,0.1866099303149795,0.5984015984015985,0.8484015984015985,-2.2147330806551593,1.9867981616076074,0.06525739554676913,0.08613726691675315,0.08613726691675315,0.6283716283716284,0.913086913086913,-1.4518431372683926,0.15409400684696006,0.05114565708689624,-0.10047266339822634,-0.10047266339822634,0.029970029970029954,0.06468531468531458,0.7628899433867666,False,False,False,False,3.3391776084899902,0.3435490429401397,2.76001501083374,4.13048791885376,5.11299991607666,440.5730590820313,11.065532684326172,360.54339599609375,448.5782775878906,453.2876586914063,0.3592750132083893,0.0520152747631073,0.2788290083408355,0.4972169995307922,0.6147329807281494
case_175,train,1.4528935802456717,0.0059605862611051335,0.18675591299981534,0.18675591299981534,0.6006493506493507,0.8866133866133866,-2.0495404866264355,1.6290481888481503,0.09001545120185421,0.0841431478869903,0.0841431478869903,0.6336163836163836,0.9200799200799201,-1.33187638289183,0.17615460860247856,0.08405486494074908,-0.10261276511282504,-0.10261276511282504,0.03296703296703296,0.0334665334665335,0.7176641037346054,False,False,False,False,3.4117743968963623,0.399386316537857,2.766840934753418,4.342660903930664,5.165687084197998,368.5635070800781,13.123151779174805,347.3141784667969,397.02093505859375,434.5841674804688,0.350957453250885,0.060766514390707,0.2661510109901428,0.4941850006580353,0.6481459736824036
case_189,train,1.496678318148946,0.011509669096055213,0.18835151435299627,0.18835151435299627,0.5801698301698301,0.8673826173826173,-2.1219790508920733,1.67706981235728,0.07327319679296235,0.08381363637602417,0.08381363637602417,0.6118881118881119,0.8993506493506493,-1.402666769982846,0.180391494208334,0.061763527696907135,-0.1045378779769721,-0.1045378779769721,0.03171828171828173,0.031968031968031996,0.7193122809092274,False,False,False,False,3.40437388420105,0.4016564786434173,2.765398979187012,4.33687686920166,5.164523124694824,365.9328308105469,12.939881324768066,349.2086181640625,396.5462951660156,435.1784362792969,0.3571913838386535,0.0543151460587978,0.2690379917621612,0.4927850067615509,0.6170520186424255
case_13,train,1.6982347791522823,0.001200995833048263,0.18575249515144573,0.18575249515144573,0.6071428571428571,0.8688811188811189,-2.2935329667607687,1.9163640358619263,0.08261356709139502,0.08296324756585545,0.08296324756585545,0.6371128871128872,0.9080919080919081,-1.4879335402951888,0.218129256709644,0.08141257125834675,-0.10278924758559028,-0.10278924758559028,0.029970029970030065,0.03921078921078924,0.8055994264655799,False,False,False,False,3.357408046722412,0.3732822239398956,2.742722988128662,4.221428871154785,5.116156101226807,385.4025268554688,19.127836227416992,344.8303527832031,425.37994384765625,447.6676330566406,0.356633573770523,0.0537875443696975,0.2708219885826111,0.4923129975795746,0.6152369976043701
case_191,train,1.5124229534135702,0.003920332811575111,0.1864249575532387,0.1864249575532387,0.5929070929070929,0.8721278721278721,-2.0977752075870955,1.7038880968153645,0.08037139121092185,0.08208824439967852,0.08208824439967852,0.6253746253746254,0.9050949050949051,-1.3656642431337176,0.1914651434017942,0.07645105839934674,-0.10433671315356019,-0.10433671315356019,0.032467532467532534,0.03296703296703296,0.7321109644533779,False,False,False,False,3.413191318511963,0.4003863930702209,2.765328884124756,4.352011203765869,5.165470123291016,368.427490234375,13.19227123260498,347.1741638183594,400.60540771484375,431.28509521484375,0.3589784801006317,0.0514899753034114,0.2801789939403534,0.49720299243927,0.5972200036048889
case_130,train,1.442434419782496,0.002541719430844812,0.18454753227438242,0.18454753227438242,0.5584415584415584,0.8508991008991009,-1.9909907401611049,1.6262866435604282,0.08272591064590268,0.08089662127713365,0.08089662127713365,0.5901598401598401,0.8841158841158842,-1.3077637492558642,0.1838522237779321,0.08018419121505786,-0.10365091099724877,-0.10365091099724877,0.03171828171828173,0.03321678321678323,0.6832269909052406,False,False,True,False,3.4111592769622803,0.3980726897716522,2.760498046875,4.338098049163818,5.166117191314697,364.0472412109375,13.173166275024414,345.1440124511719,394.9378051757813,431.9494323730469,0.3154884874820709,0.0397419370710849,0.258228987455368,0.405894011259079,0.6167100071907043
case_156,train,1.5587609007008763,0.009236895245462296,0.185157391318116,0.185157391318116,0.5611888111888111,0.8551448551448552,-2.160406211145824,1.7546126603775818,0.07575760298795124,0.08005227650560269,0.08005227650560269,0.5919080919080919,0.8856143856143857,-1.421464749898164,0.19585175967670554,0.06652070774248894,-0.10510511481251332,-0.10510511481251332,0.03071928071928076,0.030469530469530492,0.7389414612476599,False,False,True,False,3.3987786769866943,0.404140830039978,2.755202054977417,4.339728832244873,5.1631388664245605,366.6425476074219,14.302489280700684,345.4393920898437,399.6999206542969,436.9097290039063,0.3444415628910064,0.0525996312499046,0.2730169892311096,0.4676519930362701,0.6353330016136169
case_69,train,1.779708689100217,0.004934072170052755,0.1806484944098907,0.1806484944098907,0.6081418581418582,0.8741258741258742,-2.382162617887344,2.025013941348894,0.08798942684770246,0.07707617467827611,0.07707617467827611,0.6418581418581418,0.9118381618381618,-1.5158622282402099,0.24530525224867694,0.0830553546776497,-0.10357231973161458,-0.10357231973161458,0.03371628371628366,0.03771228771228763,0.8663003896471342,False,False,False,False,3.414844036102295,0.3967931568622589,2.773071050643921,4.331756114959717,5.16845703125,382.49993896484375,19.06673622131348,347.4131774902344,424.4466552734375,445.9034423828125,0.3441344201564789,0.0483309514820575,0.2652490139007568,0.448743999004364,0.6285290122032166
case_121,train,1.468533759011497,0.018572284493000746,0.17968512706365486,0.17968512706365486,0.5896603396603397,0.8743756243756243,-1.9341193294803898,1.6466001933731735,0.10311545333857881,0.07707006441633413,0.07707006441633413,0.6228771228771228,0.9073426573426573,-1.2132750077860848,0.17806643436167646,0.08454316884557807,-0.10261506264732073,-0.10261506264732073,0.03321678321678312,0.03296703296703296,0.720844321694305,False,False,False,False,3.406583786010742,0.4022997617721557,2.744326114654541,4.340972900390625,5.162074089050293,368.9012756347656,12.318378448486328,349.80499267578125,401.7388916015625,427.1482543945313,0.3489417731761932,0.0595775060355663,0.2658120095729828,0.4907250106334686,0.6414560079574585
case_97,train,1.8407251125656903,0.0009437803632674764,0.18060593309969203,0.18060593309969203,0.6071428571428571,0.8751248751248751,-2.4907718980609688,2.086751264492381,0.08252459523588235,0.07607150319959313,0.07607150319959313,0.6416083916083916,0.9125874125874126,-1.5976177189510432,0.24602615192669064,0.08158081487261487,-0.1045344299000989,-0.1045344299000989,0.034465534465534464,0.03746253746253747,0.8931541791099256,False,False,False,False,3.3956286907196045,0.4038839638233185,2.7539379596710205,4.331124782562256,5.162418842315674,385.0579528808594,18.142024993896484,349.3227844238281,424.7047424316406,445.8406066894531,0.3635185360908508,0.0565620250999927,0.2800189852714538,0.4960069954395294,0.651669979095459
case_187,train,1.5498140286780302,0.009830134313914747,0.18139784154502583,0.18139784154502583,0.5759240759240759,0.8678821178821179,-2.041315091871026,1.7389705632959804,0.09738172108596277,0.07464040271038352,0.07464040271038352,0.6081418581418582,0.8961038961038961,-1.306927241584593,0.18915653461795023,0.08755158677204802,-0.10675743883464231,-0.10675743883464231,0.032217782217782265,0.028221778221778182,0.7343878502864329,False,False,False,False,3.3984994888305664,0.4044046103954315,2.7548420429229736,4.339259147644043,5.162806987762451,368.3010864257813,13.983709335327148,346.3468322753906,400.6207580566406,435.3990783691406,0.3873427212238312,0.0514682717621326,0.279583990573883,0.4945510029792785,0.658827006816864
case_188,train,1.4853976215406899,0.022969491445647347,0.1767531859842382,0.1767531859842382,0.5964035964035964,0.8761238761238761,-1.94608366282325,1.6738088636246824,0.1078111397439111,0.07393995200428222,0.07393995200428222,0.6288711288711288,0.9085914085914086,-1.2102868487173588,0.18841124208399251,0.08484164829826375,-0.10281323397995598,-0.10281323397995598,0.03246753246753242,0.032467532467532534,0.7357968141058913,False,False,False,False,3.424635410308838,0.3976042568683624,2.7522809505462646,4.347849845886231,5.168691158294678,369.7333984375,12.921147346496582,349.2569885253906,403.5959777832031,433.4514465332031,0.3489305078983307,0.0596411786973476,0.259889006614685,0.4873859882354736,0.6433979868888855
case_193,train,1.3728887672690515,0.011640761071329692,0.17678506797435106,0.17678506797435106,0.6021478521478522,0.8723776223776224,-1.822930080047949,1.5415876816989071,0.09637839756509559,0.07306815130807676,0.07306815130807676,0.6323676323676324,0.9103396603396603,-1.1442837830036303,0.16869891442985563,0.0847376364937659,-0.1037169166662743,-0.1037169166662743,0.030219780219780223,0.0379620379620379,0.6786462970443188,False,False,False,False,3.4327430725097656,0.3979721069335937,2.759643077850342,4.358067989349365,5.172543048858643,366.6557312011719,11.779062271118164,349.3851013183594,394.5610046386719,432.6336975097656,0.3520005941390991,0.0502255260944366,0.2711049914360046,0.4825739860534668,0.5892620086669922
case_139,train,1.5273299935625964,0.0028156311002085358,0.17854858474838461,0.17854858474838461,0.5741758241758241,0.8626373626373627,-2.0944422259047886,1.7263743137626157,0.08313075896328218,0.07201810066206635,0.07201810066206635,0.6046453546453546,0.8953546453546454,-1.3424705527566207,0.1990443202000194,0.08031512786307364,-0.10653048408631827,-0.10653048408631827,0.030469530469530492,0.03271728271728269,0.7519716731481678,False,False,False,False,3.4313390254974365,0.3979701697826385,2.763916015625,4.357687950134277,5.172056198120117,365.51373291015625,14.265096664428713,345.22979736328125,399.0341796875,434.3859252929688,0.3571951985359192,0.0526477210223674,0.2721970081329345,0.4944460093975067,0.6032469868659973
case_99,train,1.2392547769464142,0.007289804742559981,0.17731490205810796,0.17731490205810796,0.6078921078921079,0.8496503496503497,-1.531807988654125,1.3727146422426824,0.07534961260527741,0.07176240434093943,0.07176240434093943,0.6176323676323676,0.8956043956043956,-1.0264035167288845,0.1334598652962682,0.06805980786271743,-0.10555249771716853,-0.10555249771716853,0.009740259740259716,0.04595404595404595,0.5054044719252404,False,False,False,False,3.2034356594085693,0.2735406458377838,2.7578489780426025,3.818567991256714,5.07814884185791,388.10498046875,18.422473907470703,346.7793273925781,426.9716491699219,448.0140380859375,0.363998681306839,0.0566882155835628,0.2810199856758117,0.4999220073223114,0.6507390141487122
case_77,train,1.3378318848274064,0.01977227635991401,0.17393914223736087,0.17393914223736087,0.6088911088911089,0.8598901098901099,-1.6925258557861664,1.5163459252533262,0.1049176069838049,0.07108244838505631,0.07108244838505631,0.6351148851148851,0.9015984015984015,-1.0530113615232786,0.17851404042591978,0.08514533062389089,-0.10285669385230456,-0.10285669385230456,0.02622377622377625,0.0417082917082916,0.6395144942628879,False,False,False,False,3.3737595081329346,0.3044011890888214,2.7823760509490967,4.057146072387695,5.099134922027588,382.7502746582031,18.993059158325195,347.437255859375,424.6549377441406,445.9133605957031,0.357508510351181,0.0517014302313327,0.2759450078010559,0.4952700138092041,0.5917149782180786
case_200,train,1.4190379946158143,0.0003383753502923189,0.1781953283247518,0.1781953283247518,0.5919080919080919,0.8733766233766234,-1.870260452669235,1.6035373783606954,0.08810142433017025,0.07010641699619895,0.07010641699619895,0.6268731268731269,0.9098401598401599,-1.172239660742221,0.18449938374488117,0.08776304897987793,-0.10808891132855285,-0.10808891132855285,0.034965034965035,0.036463536463536506,0.698020791927014,False,False,False,False,3.4804728031158447,0.3878067135810852,2.7758400440216064,4.374592781066895,5.167616844177246,368.853271484375,10.57806396484375,347.9652404785156,391.2104797363281,432.7962951660156,0.3642668724060058,0.0548590160906314,0.2768250107765198,0.5085939764976501,0.6339049935340881
case_190,train,1.549519758519944,0.0049904804367290265,0.17617669670780897,0.17617669670780897,0.5636863136863137,0.8558941058941059,-2.070611545602769,1.7566757675021012,0.09160215970850297,0.06915276057820431,0.06915276057820431,0.5941558441558441,0.8883616383616384,-1.3145483317468898,0.20715600898215714,0.08661167927177393,-0.10702393612960466,-0.10702393612960466,0.03046953046953038,0.032467532467532534,0.7560632138558794,False,False,True,False,3.42315673828125,0.3978052139282226,2.7454190254211426,4.344974040985107,5.167935848236084,366.1627197265625,14.30609130859375,346.3038024902344,399.8901672363281,435.0445556640625,0.3473292291164398,0.0576607324182987,0.270579993724823,0.4861420094966888,0.6489390134811401
case_158,train,1.8349608123589713,0.0050106558238140345,0.17557567313070627,0.17557567313070627,0.6081418581418582,0.8768731268731269,-2.2380758812999186,2.0300123844853823,0.0894716223799007,0.06909309840139326,0.06909309840139326,0.6441058941058941,0.9275724275724275,-1.4127105914312257,0.195051572126411,0.08446096655608666,-0.10648257472931301,-0.10648257472931301,0.03596403596403597,0.05069930069930062,0.825365289868693,False,False,False,False,3.424365282058716,0.3979684710502624,2.7656869888305664,4.352934837341309,5.172513961791992,410.723388671875,10.120108604431152,356.484375,425.5048828125,445.4739685058594,0.4178316593170166,0.0497012622654438,0.3337129950523376,0.5167170166969299,0.6623899936676025
case_184,train,1.5067336477990034,0.01681187132231764,0.1749169145885178,0.1749169145885178,0.5801698301698301,0.8738761238761239,-1.9151545407366266,1.69203294474549,0.10494373531783102,0.06734060893803935,0.06734060893803935,0.6121378621378621,0.8988511488511488,-1.188273081482395,0.1852992969464866,0.08813186399551338,-0.10757630565047845,-0.10757630565047845,0.031968031968031996,0.024975024975024906,0.7268814592542316,False,False,False,False,3.397519111633301,0.4035210311412811,2.7622320652008057,4.3331170082092285,5.163376808166504,368.1035461425781,13.316668510437012,347.1853332519531,399.6644592285156,431.8598937988281,0.3936293125152588,0.0509153492748737,0.2818169891834259,0.4979380071163177,0.6601259708404541
case_192,train,1.5035546781674982,0.0008946878773456478,0.17430800884161354,0.17430800884161354,0.5789210789210789,0.8658841158841158,-2.0316564906741936,1.7009320249650959,0.08503909787693788,0.06690659901417757,0.06690659901417757,0.6096403596403597,0.9008491508491508,-1.2891247632548726,0.19737734679759766,0.08414440999959223,-0.10740140982743597,-0.10740140982743597,0.03071928071928076,0.034965034965035,0.742531727419321,False,False,False,False,3.443337202072144,0.398783266544342,2.764172077178955,4.376368045806885,5.17847204208374,365.5298767089844,13.371981620788574,347.1734924316406,396.9407653808594,436.5933837890625,0.358118861913681,0.0515717417001724,0.2770690023899078,0.4958359897136688,0.5957520008087158
case_166,train,1.5512465459411653,0.0020729279227903693,0.17170941176490606,0.17170941176490606,0.5876623376623377,0.8658841158841158,-1.961382226747112,1.7495555012608293,0.08156115885916389,0.06592601096328041,0.06592601096328041,0.6216283716283716,0.9048451548451548,-1.236625227262661,0.19830895531966397,0.07948823093637351,-0.10578340080162565,-0.10578340080162565,0.033966033966033926,0.038961038961038974,0.7247569994844509,False,False,False,False,3.435631275177002,0.4026464819908142,2.7632570266723637,4.379203796386719,5.178531169891357,367.1941223144531,14.791897773742676,347.6478271484375,402.5552978515625,440.31982421875,0.4171966016292572,0.0498398467898368,0.33399099111557,0.5165070295333862,0.6618279814720154
case_15,train,1.2185831936083913,0.011262249022500585,0.17211177249772183,0.17211177249772183,0.6036463536463537,0.8541458541458542,-1.4525450790360521,1.3415310027120941,0.09526213275513541,0.0653683063412578,0.0653683063412578,0.6133866133866134,0.8968531468531469,-0.9576933054131124,0.12294780910370284,0.08399988373263483,-0.10674346615646403,-0.10674346615646403,0.009740259740259716,0.04270729270729268,0.49485177362293975,False,False,False,False,3.17668890953064,0.2720814049243927,2.7383580207824707,3.788631916046143,5.072033882141113,389.1473388671875,18.477283477783203,347.4422912597656,427.666748046875,447.9676818847656,0.352100133895874,0.0616110749542713,0.2700079977512359,0.4952430129051208,0.6584669947624207
case_01,train,1.9667508518643257,0.012301853301234306,0.17291674885482491,0.17291674885482491,0.6076423576423576,0.8778721278721279,-2.543290732503491,2.2248219806551597,0.09859639949367897,0.06529072833304618,0.06529072833304618,0.6421078921078921,0.9155844155844156,-1.5714668039613866,0.25807112879083394,0.08629454619244467,-0.10762602052177873,-0.10762602052177873,0.034465534465534464,0.03771228771228774,0.9718239285421044,False,False,False,False,3.399423837661743,0.4025068581104278,2.7673590183258057,4.336071968078613,5.164451122283936,398.7736511230469,15.544198989868164,350.3817749023437,431.3729248046875,448.6435546875,0.3569064140319824,0.0541711002588272,0.2690010070800781,0.4931559860706329,0.6124340295791626
case_12,train,1.8507562806383457,0.012261044080389426,0.1719809266835225,0.1719809266835225,0.6023976023976024,0.8751248751248751,-2.466028636924199,2.1273525908114688,0.09892055221362889,0.0644049087073126,0.0644049087073126,0.6358641358641358,0.9080919080919081,-1.5124904585656958,0.27659631017312303,0.08665950813323946,-0.1075760179762099,-0.1075760179762099,0.03346653346653339,0.03296703296703296,0.9535381783585031,False,False,False,False,3.4136345386505127,0.3964231610298157,2.772156953811645,4.322353839874268,5.169034957885742,383.26806640625,19.72159576416016,345.8624572753906,426.6660461425781,446.35638427734375,0.3571361303329468,0.0514870733022689,0.2777369916439056,0.4942870140075683,0.5934960246086121
case_157,train,1.3925300975283776,0.024025233837647625,0.1698788624196043,0.1698788624196043,0.6066433566433567,0.8853646353646354,-1.7741832535279618,1.5582231202102579,0.11020651437623355,0.0643349220755457,0.0643349220755457,0.6388611388611388,0.9225774225774226,-1.0840627400296663,0.16569302268188024,0.08618128053858592,-0.10554394034405859,-0.10554394034405859,0.032217782217782154,0.0372127872127872,0.6901205134982955,False,False,False,False,3.424818277359009,0.3978156745433807,2.7654099464416504,4.35217809677124,5.172436237335205,373.52349853515625,10.145079612731934,357.895263671875,394.5790100097656,435.3681640625,0.3509520292282104,0.0554457791149616,0.2621800005435943,0.4775919914245605,0.6416199803352356
case_133,train,1.4678070237872543,0.014203909666666703,0.16976242702889943,0.16976242702889943,0.5949050949050949,0.8758741258741258,-1.9001716370261252,1.656942661994147,0.09956698234727875,0.06404872682677655,0.06404872682677655,0.6248751248751249,0.9078421578421578,-1.1644294973464935,0.18913563820689272,0.08536307268061204,-0.10571370020212288,-0.10571370020212288,0.029970029970029954,0.031968031968031996,0.7357421396796318,False,False,False,False,3.426159381866455,0.3986030519008636,2.7602128982543945,4.360849857330322,5.17316198348999,368.0552368164063,12.325944900512695,348.6596069335937,400.2459411621094,426.3818054199219,0.3568843603134155,0.0534955747425556,0.27012899518013,0.4934580028057098,0.6076909899711609
case_85,train,1.8417757920211004,0.01836281707978132,0.16905481267723205,0.16905481267723205,0.6041458541458542,0.8698801198801199,-2.316223737303444,2.104117956749005,0.10289606323194352,0.06395995470678838,0.06395995470678838,0.6381118881118881,0.9090909090909091,-1.4206462027303588,0.2623421647279045,0.08453324615216219,-0.10509485797044367,-0.10509485797044367,0.033966033966033926,0.03921078921078913,0.8955775345730852,False,False,False,False,3.4244441986083984,0.3965501189231872,2.7728540897369385,4.3561110496521,5.168155193328857,382.4470825195313,19.90363121032715,345.6348876953125,426.2056274414063,446.2618408203125,0.3595130443572998,0.0562217868864536,0.2696369886398315,0.4842430055141449,0.6448659896850586
case_127,train,1.4473725367372017,0.024643506963255398,0.16846714512381702,0.16846714512381702,0.5921578421578422,0.8761238761238761,-1.8373320422453165,1.6336695072435994,0.1104504299372262,0.06363035073748625,0.06363035073748625,0.6246253746253746,0.9090909090909091,-1.1117926319229405,0.1862969705063977,0.0858069229739708,-0.10483679438633077,-0.10483679438633077,0.03246753246753242,0.03296703296703296,0.725539410322376,False,False,False,False,3.419966697692871,0.397689014673233,2.746201038360596,4.343825817108154,5.169120788574219,368.0277404785156,11.938325881958008,349.15350341796875,399.5997619628906,426.2865905761719,0.3531530499458313,0.0624348483979702,0.2701460123062134,0.5024470090866089,0.6617109775543213
case_124,train,1.5483579213644103,0.012507007759162417,0.17130490221365857,0.17130490221365857,0.5641858141858141,0.8593906093906094,-2.014039147996126,1.7521086070392686,0.09995037311832856,0.06361223246775151,0.06361223246775151,0.5946553446553446,0.8908591408591409,-1.2543956295189398,0.20375068567485832,0.08744336535916615,-0.10769266974590706,-0.10769266974590706,0.030469530469530492,0.03146853146853146,0.7596435184771861,False,False,True,False,3.4256980419158936,0.3987233638763428,2.7579870223999023,4.35232400894165,5.171050071716309,365.5828247070313,14.259407997131348,345.52008056640625,399.1667785644531,434.2921142578125,0.3498322963714599,0.0593508854508399,0.268775999546051,0.4898650050163269,0.6502779722213745
case_116,train,1.8228798245732525,0.01783926591753483,0.1692298482323387,0.1692298482323387,0.6128871128871128,0.8818681318681318,-2.377317122418588,2.061117303549697,0.10240219561190904,0.06357814259475066,0.06357814259475066,0.6476023976023976,0.9223276723276723,-1.4904531008016593,0.23823747897644432,0.0845629296943742,-0.10565170563758804,-0.10565170563758804,0.03471528471528473,0.04045954045954048,0.8868640216169286,False,False,False,False,3.4343976974487305,0.3977457880973816,2.759937047958374,4.361715793609619,5.1751580238342285,388.6405944824219,18.39406394958496,348.0362548828125,424.4935607910156,445.7576904296875,0.3576522171497345,0.0513613447546958,0.2776859998703003,0.4954540133476257,0.5902569890022278
case_11,train,2.1618364898420497,0.017612019166875586,0.1695906341204019,0.1695906341204019,0.6031468531468531,0.8628871128871128,-2.4625608756644626,2.3879351154287285,0.10383732112548451,0.062167626906732325,0.062167626906732325,0.6396103896103896,0.9175824175824175,-1.4742428986515375,0.22609862558667881,0.08622530195860892,-0.10742300721366957,-0.10742300721366957,0.036463536463536506,0.0546953046953047,0.9883179770129251,False,False,False,False,3.423363447189331,0.3977753221988678,2.7569079399108887,4.352518081665039,5.1711859703063965,439.5626831054688,10.967487335205078,361.0643005371094,447.81744384765625,452.9774169921875,0.3563190102577209,0.0523955263197422,0.2734279930591583,0.4930540025234222,0.6041010022163391
case_183,train,1.599851011968802,0.014143690515192795,0.16936852616936873,0.16936852616936873,0.5724275724275725,0.8648851148851149,-2.083314527329498,1.8168899043783937,0.10171946675421673,0.060842235024798096,0.060842235024798096,0.6041458541458542,0.8968531468531469,-1.2800534049969912,0.21703889240959162,0.08757577623902393,-0.10852629114457063,-0.10852629114457063,0.03171828171828173,0.031968031968031996,0.8032611223325068,False,False,False,False,3.434481382369995,0.3981219828128814,2.756781101226806,4.36077880859375,5.173046112060547,368.73968505859375,14.467819213867188,348.3915405273437,402.6380004882813,438.0559997558594,0.3535558879375458,0.0617360696196556,0.2674059867858886,0.4997769892215729,0.6579430103302002
case_100,train,1.8538004182265218,0.02257519121615221,0.16662271292944053,0.16662271292944053,0.6026473526473527,0.8731268731268731,-2.3200786362532204,2.1195717803808996,0.10950187387530833,0.05901148732165723,0.05901148732165723,0.6356143856143857,0.9095904095904096,-1.3844401348356599,0.2657713621543778,0.08692668265915612,-0.1076112256077833,-0.1076112256077833,0.03296703296703296,0.036463536463536506,0.9356385014175606,False,False,False,False,3.41831111907959,0.39790940284729,2.7559409141540527,4.338582992553711,5.170401096343994,385.9527282714844,18.81670379638672,348.28057861328125,427.4082336425781,446.4762573242188,0.3578886091709137,0.051088523119688,0.282258003950119,0.4932129979133606,0.6013110280036926
case_180,train,1.6055386801666807,0.024758101074635185,0.16230626157998784,0.16230626157998784,0.6181318681318682,0.8816183816183816,-1.7308204473194457,1.765155879085473,0.10672950811985707,0.05846874180710308,0.05846874180710308,0.6568431568431569,0.936063936063936,-1.034750827161578,0.15961719891879222,0.08197140704522188,-0.10383751977288476,-0.10383751977288476,0.038711288711288705,0.054445554445554434,0.6960696201578678,False,False,False,False,3.4693281650543213,0.4054667055606842,2.7597908973693848,4.422637939453125,5.185338973999023,381.3869018554688,11.89083766937256,362.2911376953125,405.3695373535156,440.3094787597656,0.4126565456390381,0.0500586815178394,0.3233579993247986,0.5178800225257874,0.6708080172538757
case_169,train,1.5683098741094461,0.005326228783035726,0.16997184028731743,0.16997184028731743,0.5856643356643356,0.8736263736263736,-1.8860544391757788,1.7488559712493243,0.08374554650906833,0.058216032167484597,0.058216032167484597,0.6221278721278721,0.9018481518481518,-1.1186278476845635,0.18054609713987824,0.07841931772603261,-0.11175580811983284,-0.11175580811983284,0.036463536463536506,0.028221778221778182,0.7674265914912153,False,False,False,False,3.432600259780884,0.3979732692241668,2.7607951164245605,4.357941150665283,5.172364234924316,380.2094421386719,11.796460151672363,351.2510681152344,403.2781677246094,440.3528747558594,0.461256742477417,0.0473449788987636,0.2953610122203827,0.5403760075569153,0.6699270009994507
case_159,internal_test,1.4640132708843707,0.005495356669744044,0.16874335153827213,0.16874335153827213,0.5734265734265734,0.8668831168831169,-1.8231986762972643,1.6502863360003024,0.09432576518354552,0.05816147686467572,0.05816147686467572,0.6026473526473527,0.8918581418581418,-1.0892753082954727,0.18627306511593167,0.08883040851380147,-0.11058187467359643,-0.11058187467359643,0.02922077922077926,0.024975024975024906,0.7339233680017916,False,False,False,False,3.417283773422241,0.3971401154994964,2.760845899581909,4.342947959899902,5.168479919433594,366.4687805175781,14.465778350830078,346.31427001953125,400.5136413574219,436.009033203125,0.4797284305095672,0.0459972023963928,0.2991530001163482,0.5544710159301758,0.6732980012893677
case_94,train,1.4339260876711621,0.03612162072003748,0.15873171559270186,0.15873171559270186,0.5996503496503497,0.8471528471528471,-1.6576465723012546,1.6237332839448884,0.11970080707910091,0.05734864794834773,0.05734864794834773,0.6221278721278721,0.8958541458541458,-1.0168288649147372,0.18980719627372622,0.08357918635906343,-0.10138306764435412,-0.10138306764435412,0.022477522477522438,0.04870129870129869,0.6408177073865173,False,False,False,False,3.345393419265747,0.3452984094619751,2.7503459453582764,4.140851020812988,5.115378856658936,382.6231994628906,19.04590606689453,347.7283630371094,424.648193359375,445.9895935058594,0.2921536862850189,0.0267762038856744,0.2609739899635315,0.3512179851531982,0.6095690131187439
case_06,internal_test,1.9930818389365292,0.0140840873455281,0.16330064882172549,0.16330064882172549,0.6006493506493507,0.8636363636363636,-2.15588920476602,2.2173932153754468,0.0990676340694403,0.05678197244243129,0.05678197244243129,0.6383616383616384,0.9175824175824175,-1.2154387469091477,0.22431137643891752,0.0849835467239122,-0.10651867637929419,-0.10651867637929419,0.03771228771228774,0.053946053946053896,0.9404504578568722,False,False,False,False,3.47940444946289,0.3796917200088501,2.778795003890991,4.354030132293701,5.141026020050049,426.3059997558594,10.8130464553833,354.5773620605469,442.93011474609375,450.0254211425781,0.3404279053211212,0.04245026409626,0.2737959921360016,0.4521639943122864,0.5946130156517029
case_61,train,1.9510967368414645,0.011398455452185229,0.16146576922781855,0.16146576922781855,0.6106393606393606,0.8823676323676324,-2.4196495508121,2.1892047992531705,0.09611324691321255,0.05459289403581625,0.05459289403581625,0.6481018981018981,0.9348151848151848,-1.5462335981048734,0.238108062411706,0.08471479146102731,-0.10687287519200231,-0.10687287519200231,0.03746253746253747,0.05244755244755239,0.8734159527072267,False,False,False,False,3.501136541366577,0.398209810256958,2.768143892288208,4.439974784851074,5.187943935394287,395.2786865234375,16.925382614135742,351.3229064941406,425.8003540039063,447.0738220214844,0.3529425859451294,0.0503299720585346,0.2781789898872375,0.4788320064544678,0.6242049932479858
case_147,internal_test,1.55638428546292,0.01114578888348481,0.16075052569809525,0.16075052569809525,0.583916083916084,0.8673826173826173,-1.9081446632361376,1.7611724475600412,0.09644524600642455,0.053535585811340776,0.053535585811340776,0.6186313686313686,0.9053446553446554,-1.1583762579995136,0.20478816209712125,0.08529945712293974,-0.10721493988675448,-0.10721493988675448,0.03471528471528462,0.03796203796203801,0.749768405236624,False,False,False,False,3.4660794734954834,0.4012894630432129,2.7616450786590576,4.404131889343262,5.183708190917969,366.0380554199219,14.437088966369627,345.5254821777344,399.8873596191406,435.6745910644531,0.3587525188922882,0.0557233579456806,0.274397999048233,0.4844110012054443,0.6430090069770813
case_20,train,1.8743295385372372,0.030218082970894067,0.16088002155448514,0.16088002155448514,0.5991508491508492,0.8683816183816184,-2.2991606120685533,2.1521142847768435,0.11808817586008315,0.05216300685212163,0.05216300685212163,0.6341158841158842,0.9050949050949051,-1.3435915030727412,0.27778474623960636,0.08787009288918908,-0.1087170147023635,-0.1087170147023635,0.034965034965035,0.036713286713286664,0.955569108995812,False,False,False,False,3.4376983642578125,0.3961818218231201,2.758384943008423,4.357461929321289,5.164715766906738,386.24993896484375,18.953399658203125,346.9529724121094,428.4507751464844,446.9674987792969,0.3569400310516357,0.0531734600663185,0.2723129987716675,0.4920589923858642,0.6109539866447449
case_148,train,1.4253856091248078,0.012118227470160597,0.1645541924633352,0.1645541924633352,0.5906593406593407,0.8768731268731269,-1.6785828009263484,1.5878079180290892,0.07639349956389946,0.051997458856607184,0.051997458856607184,0.6258741258741258,0.9098401598401599,-0.9660172930698072,0.16242230890428133,0.06427527209373886,-0.11255673360672801,-0.11255673360672801,0.03521478521478516,0.03296703296703296,0.7125655078565412,False,False,False,False,3.440417766571045,0.3981891274452209,2.760435104370117,4.37044620513916,5.176758766174316,376.7049255371094,9.776519775390623,350.4684143066406,394.57952880859375,435.4612731933594,0.474497377872467,0.046178251504898,0.2985210120677948,0.5505399703979492,0.6718080043792725
case_196,internal_test,1.5489799859642848,0.010988339393870367,0.16045926859658538,0.16045926859658538,0.5866633366633367,0.8686313686313686,-1.9618575914403025,1.7631974761627738,0.09816029490609769,0.05131370586245484,0.05131370586245484,0.6213786213786214,0.9045954045954046,-1.1870548080167111,0.214217490198489,0.08717195551222733,-0.10914556273413054,-0.10914556273413054,0.03471528471528473,0.03596403596403597,0.7748027834235913,False,False,False,False,3.450724601745605,0.3979845643043518,2.7785520553588867,4.378867149353027,5.178000926971436,367.6076049804688,13.770980834960938,347.8626403808594,400.0106201171875,434.7947998046875,0.3562313914299011,0.0566208772361278,0.2673699855804443,0.4884159862995147,0.6270279884338379
case_84,train,1.8952932857352858,0.03409383613163675,0.1582250251715801,0.1582250251715801,0.6106393606393606,0.8728771228771228,-2.2445938231207663,2.1637216096475167,0.12081626045090696,0.05055145396937623,0.05055145396937623,0.6466033966033966,0.9155844155844156,-1.30954071964587,0.2684283239122309,0.08672242431927021,-0.10767357120220387,-0.10767357120220387,0.03596403596403597,0.04270729270729279,0.9350531034748963,False,False,False,False,3.4487290382385254,0.3937629163265228,2.762173891067505,4.3586931228637695,5.165102005004883,390.2251892089844,18.657062530517575,346.0419006347656,431.4751586914063,445.3526306152344,0.360487163066864,0.0526352971792221,0.2767559885978699,0.4993279874324798,0.6127709746360779
case_93,internal_test,1.7754709607481773,0.02964874507747715,0.1564230581747036,0.1564230581747036,0.6071428571428571,0.8628871128871128,-1.9741300403818398,2.0157885904391786,0.11443239451028951,0.050270681185895776,0.050270681185895776,0.6398601398601399,0.9108391608391608,-1.1551407013745407,0.24031762969100123,0.08478364943281236,-0.1061523769888078,-0.1061523769888078,0.0327172827172828,0.047952047952047994,0.8189893390072991,False,False,False,False,3.417858839035034,0.3889064490795135,2.750308990478516,4.322260856628418,5.145325183868408,386.1116943359375,18.93198776245117,346.4540100097656,427.1571960449219,447.33795166015625,0.3820260167121887,0.0465712547302246,0.3059450089931488,0.4785780012607574,0.6423789858818054
case_143,train,1.5090562785527468,0.013951194789474172,0.1591002722577997,0.1591002722577997,0.5981518481518482,0.8808691308691309,-1.8618466299284995,1.7009292757658747,0.10228148934137127,0.04898451069949007,0.04898451069949007,0.6331168831168831,0.9193306693306693,-1.1047626331250378,0.1918729972131279,0.0883302945518971,-0.11011576155830964,-0.11011576155830964,0.03496503496503489,0.038461538461538436,0.7570839968034617,False,False,False,False,3.470649242401123,0.3989446759223938,2.773591995239258,4.404397010803223,5.185092926025391,381.3070983886719,9.018558502197266,351.6264038085937,396.99114990234375,436.7527770996094,0.3576553761959076,0.0518789924681186,0.2754519879817962,0.4957610070705414,0.5928419828414917
case_104,train,1.7978236212772145,0.02784328636062769,0.15582914139860513,0.15582914139860513,0.6073926073926074,0.8688811188811189,-2.0417342261573097,2.049495867527926,0.11354275956879471,0.04853082031483435,0.04853082031483435,0.6418581418581418,0.9133366633366633,-1.183315539784846,0.2516722462507113,0.08569947320816702,-0.10729832108377077,-0.10729832108377077,0.034465534465534464,0.04445554445554445,0.8584186863724637,False,False,False,False,3.433887243270874,0.4009110927581787,2.7479889392852783,4.365649223327637,5.174938201904297,383.3001403808594,18.62049865722656,347.5183410644531,424.0548095703125,445.5897216796875,0.3800892531871795,0.0490060336887836,0.2993220090866089,0.482015997171402,0.6424210071563721
case_155,train,1.496994207262726,0.01837854360537792,0.15439701290038382,0.15439701290038382,0.6233766233766234,0.8971028971028971,-1.7948544005455425,1.6642075093368924,0.10183387822210326,0.047994852108487154,0.047994852108487154,0.6550949050949051,0.9405594405594405,-1.102331703786148,0.1672133020741664,0.08345533461672533,-0.10640216079189667,-0.10640216079189667,0.03171828171828173,0.04345654345654337,0.6925226967593945,False,False,False,False,3.4562721252441406,0.4012274444103241,2.756092071533203,4.397141933441162,5.18429708480835,372.7580871582031,12.300539016723633,352.7840576171875,398.3600158691406,435.5348205566406,0.3798628151416778,0.0515094064176082,0.295989990234375,0.4871020019054413,0.6437990069389343
case_144,train,1.8391823868857857,0.01968866079246579,0.15670993723062804,0.15670993723062804,0.593906093906094,0.8611388611388612,-2.1354626411981537,2.0724021583283863,0.10707882283924967,0.0471440734175541,0.0471440734175541,0.6303696303696303,0.9090909090909091,-1.2442449167109317,0.23321977144260053,0.08739016204678388,-0.10956586381307394,-0.10956586381307394,0.036463536463536395,0.04795204795204788,0.8912177244872219,False,False,False,False,3.474095582962036,0.3984985947608948,2.765842914581299,4.409533977508545,5.183334827423096,407.7988586425781,10.152734756469728,355.9908752441406,423.0914916992188,444.8777465820313,0.3286843001842499,0.0426400192081928,0.2669050097465515,0.4270730018615722,0.6234440207481384
case_185,train,1.4137067778739907,0.044016195415543996,0.15263930148322716,0.15263930148322716,0.5981518481518482,0.8748751248751249,-1.555902157270475,1.6101656834675777,0.1305977000675425,0.04570765806948194,0.04570765806948194,0.6326173826173827,0.9085914085914086,-0.8550824994786129,0.19645890559358703,0.08658150465199851,-0.10693164341374523,-0.10693164341374523,0.034465534465534464,0.03371628371628377,0.7008196577918621,False,False,False,False,3.4901881217956543,0.3860352635383606,2.779942035675049,4.3791680335998535,5.168531894683838,368.5096740722656,12.146696090698242,350.0175170898437,400.9403076171875,423.8226623535156,0.3434914350509643,0.0460216291248798,0.276419997215271,0.4528090059757232,0.6255279779434204
case_79,train,1.9140095380816609,0.02154373068303149,0.1541222751706389,0.1541222751706389,0.6106393606393606,0.8791208791208791,-2.2792917737455323,2.1826319052270695,0.1078248059159968,0.04528955332222749,0.04528955332222749,0.6436063936063936,0.9215784215784216,-1.3475628440524652,0.26862236714540866,0.08628107523296531,-0.1088327218484114,-0.1088327218484114,0.03296703296703296,0.04245754245754252,0.9317289296930671,False,False,False,False,3.430354595184326,0.3977881073951721,2.760723114013672,4.354800224304199,5.174858093261719,389.55474853515625,18.49088859558105,347.4461975097656,427.9959411621094,447.7135620117188,0.3595194816589355,0.05570088326931,0.2784129977226257,0.4861499965190887,0.6416640281677246
case_164,train,1.508315643014663,0.025005518643374976,0.15088629502840373,0.15088629502840373,0.6188811188811189,0.8901098901098901,-1.7253648878057908,1.6843298614646935,0.10894930754497915,0.04401637468377346,0.04401637468377346,0.6558441558441559,0.9348151848151848,-1.0355221442484894,0.17601421845003062,0.08394378890160417,-0.10686992034463028,-0.10686992034463028,0.036963036963037044,0.04470529470529472,0.6898427435573014,False,False,False,False,3.4762561321258545,0.3991175293922424,2.772655963897705,4.41284704208374,5.183588027954102,372.5656433105469,12.289033889770508,352.42877197265625,398.373779296875,435.3020324707031,0.4134506583213806,0.0572255402803421,0.3292990028858185,0.5344280004501343,0.6834419965744019
case_125,train,1.432305126953367,0.045027372225067926,0.15088413756064145,0.15088413756064145,0.5916583416583416,0.8713786213786214,-1.573127975859765,1.6240721724856053,0.132287239723814,0.043424408616892,0.043424408616892,0.6241258741258742,0.9038461538461539,-0.8657586147111042,0.19176704553223822,0.08725986749874609,-0.10745972894374944,-0.10745972894374944,0.032467532467532534,0.03246753246753242,0.7073693611486608,False,False,False,False,3.443427562713623,0.398655354976654,2.781601905822754,4.379518985748291,5.179422855377197,368.0457153320313,12.313759803771973,348.6732482910156,400.5073547363281,425.92822265625,0.3495651483535766,0.038594227284193,0.2713980078697204,0.4294230043888092,0.6256020069122314
case_19,train,1.927946187748479,0.034797443130278966,0.1533411163559697,0.1533411163559697,0.5936563436563437,0.8676323676323676,-2.268984043057864,2.2241206520752406,0.12396431473622646,0.0428529524287892,0.0428529524287892,0.6278721278721279,0.9048451548451548,-1.278046185785369,0.29617446432676164,0.0891668716059475,-0.1104881639271805,-0.1104881639271805,0.034215784215784195,0.0372127872127872,0.990937857272495,False,False,False,False,3.423744201660156,0.3979784846305847,2.753110885620117,4.346603870391846,5.169137954711914,390.79241943359375,17.734981536865234,348.8207702636719,430.1040954589844,447.2859802246094,0.3600948452949524,0.0629341006278991,0.2799069881439209,0.5095490217208862,0.6611430048942566
case_91,train,2.1731567756715706,0.013209373900230885,0.1526458922601056,0.1526458922601056,0.6066433566433567,0.8703796203796204,-2.3848407657378417,2.412410276170748,0.09942136465545307,0.04278232775801806,0.04278232775801806,0.6441058941058941,0.9263236763236763,-1.3789304387529921,0.23925350049917737,0.08621199075522218,-0.10986356450208755,-0.10986356450208755,0.03746253746253747,0.05594405594405594,1.0059103269848495,False,False,False,False,3.455228328704834,0.4016213715076446,2.756511926651001,4.390332221984863,5.184733867645264,433.0641174316406,10.695987701416016,358.0635070800781,445.1156921386719,450.8390502929688,0.3450756967067718,0.0467129945755004,0.2698319852352142,0.4657489955425262,0.5870350003242493
case_107,train,1.9407641202016501,0.028207462706260303,0.14811086817958835,0.14811086817958835,0.6121378621378621,0.8793706293706294,-2.2243559170232143,2.1883589670226313,0.11136947680243582,0.04174835186426507,0.04174835186426507,0.6478521478521478,0.9318181818181818,-1.3474180233436202,0.2475948468209812,0.08316201409617552,-0.10636251631532329,-0.10636251631532329,0.0357142857142857,0.05244755244755239,0.8769378936795942,False,False,False,False,3.4598100185394287,0.4023882746696472,2.7862770557403564,4.412162780761719,5.184363842010498,389.0294799804688,18.464963912963867,348.9268798828125,426.8721008300781,445.5423278808594,0.3604606389999389,0.0561833307147026,0.2760559916496277,0.4870460033416748,0.6484519839286804
case_48,train,2.0367174433906325,0.023657476649550497,0.15274984222473267,0.15274984222473267,0.5956543456543456,0.8703796203796204,-2.4614615214114473,2.327944256446409,0.1117548043178884,0.04116970095005354,0.04116970095005354,0.6308691308691309,0.9143356643356644,-1.4318266103429036,0.29122681305577647,0.0880973276683379,-0.11158014127467913,-0.11158014127467913,0.03521478521478527,0.04395604395604402,1.0296349110685437,False,False,False,False,3.426650285720825,0.4008990824222564,2.7491469383239746,4.351603031158447,5.176773071289063,405.2812194824219,13.833043098449709,351.1097412109375,434.8112487792969,448.1915588378906,0.3604381084442138,0.0630935654044151,0.2791770100593567,0.510021984577179,0.6612039804458618
case_24,train,1.6856062601891701,0.062001698330216994,0.14590951863555962,0.14590951863555962,0.6011488511488512,0.8581418581418582,-1.6930429650348497,1.9266112963497395,0.14705292548072618,0.04079767424074655,0.04079767424074655,0.6306193806193806,0.8966033966033966,-0.8985980057644489,0.24100503616056934,0.0850512271505092,-0.10511184439481308,-0.10511184439481308,0.029470529470529416,0.038461538461538436,0.7944449592704008,False,False,False,False,3.4139652252197266,0.3982797265052795,2.76016902923584,4.31955099105835,5.173141956329346,386.143798828125,19.01522254943848,347.04833984375,428.4120788574219,447.1294860839844,0.2968947887420654,0.0334775671362876,0.2592349946498871,0.3571540117263794,0.6409990191459656
case_179,train,1.6207362986799334,0.018535279052537077,0.1490174001103212,0.1490174001103212,0.5741758241758241,0.8631368631368631,-1.9475230785054256,1.8599389695068513,0.10708029971531574,0.03734227078729266,0.03734227078729266,0.6068931068931069,0.8986013986013986,-1.1260365850493952,0.23920267082691793,0.08854502066277867,-0.11167512932302853,-0.11167512932302853,0.0327172827172828,0.03546453546453554,0.8214864934560304,False,False,False,False,3.457709550857544,0.4018899798393249,2.787290096282959,4.4017839431762695,5.184189796447754,367.383544921875,14.590286254882812,347.0907287597656,401.6455993652344,439.5192260742188,0.356120616197586,0.0579687319695949,0.26350998878479,0.4893760085105896,0.6364730000495911
case_16,train,1.8320437961589935,0.04308310163156676,0.14793865556467906,0.14793865556467906,0.6048951048951049,0.8691308691308691,-2.048273098131512,2.1131577404807973,0.1331960807139571,0.0364673747786194,0.0364673747786194,0.6398601398601399,0.9073426573426573,-1.1097367679349301,0.2811139443218038,0.09011297908239035,-0.11147128078605965,-0.11147128078605965,0.034965034965035,0.03821178821178817,0.9385363301965817,False,False,False,False,3.462811231613159,0.3811382949352264,2.7726290225982666,4.341714859008789,5.138513088226318,389.4546813964844,18.39821434020996,347.4306945800781,427.8513793945313,447.8814697265625,0.3562471866607666,0.0535491593182086,0.2708930075168609,0.4918529987335205,0.6131970286369324
case_58,train,1.3745132776512041,0.015679556033584043,0.1442852518166586,0.1442852518166586,0.6056443556443556,0.8411588411588412,-1.30851383982968,1.514020531528457,0.10045101549903043,0.036122935547209994,0.036122935547209994,0.6243756243756243,0.9013486513486514,-0.7373964761536148,0.13950725387725282,0.0847714594654464,-0.10816231626944861,-0.10816231626944861,0.018731268731268735,0.06018981018981018,0.5711173636760652,False,False,False,False,3.2952799797058105,0.3093965649604797,2.7478349208831787,3.9979400634765625,5.104435920715332,397.2033996582031,16.30899429321289,350.2341613769531,431.0664978027344,448.1765441894531,0.437208890914917,0.0247922614216804,0.3209309875965118,0.4841910004615783,0.6533219814300537
case_146,train,1.445444179004992,0.05283372116467594,0.1451917449700386,0.1451917449700386,0.6093906093906094,0.8928571428571429,-1.6133062340673594,1.6399535901351379,0.14138174967067405,0.0356490366700497,0.0356490366700497,0.6438561438561439,0.9275724275724275,-0.8730254990555792,0.19450941113014597,0.0885480285059981,-0.10954270829998888,-0.10954270829998888,0.034465534465534464,0.03471528471528462,0.7402807350117802,False,False,False,False,3.4820210933685303,0.395913153886795,2.7843780517578125,4.408664226531982,5.185750961303711,368.5951843261719,13.152121543884276,347.340087890625,397.0680541992188,434.5562133789063,0.3772743344306946,0.052681915462017,0.2741929888725281,0.4902760088443756,0.6578239798545837
case_14,train,1.6960960233320022,0.055856766113785046,0.14537022940196243,0.14537022940196243,0.6041458541458542,0.8718781218781219,-1.8420334003148984,1.9630610377428679,0.14659157827208513,0.03452472042749534,0.03452472042749534,0.6406093906093906,0.9078421578421578,-0.9692253594273503,0.26696501441086573,0.0907348121583001,-0.11084550897446709,-0.11084550897446709,0.036463536463536395,0.03596403596403597,0.872808040887548,False,False,False,False,3.4991164207458496,0.3551532328128814,2.797447919845581,4.3103108406066895,5.132734775543213,385.0202941894531,19.48707389831543,346.3436584472656,427.4309997558594,446.4969177246094,0.357739120721817,0.051540445536375,0.2766860127449035,0.4959119856357574,0.5916039943695068
case_109,train,1.7360903006756152,0.05367038479168148,0.1429625572539397,0.1429625572539397,0.6093906093906094,0.8888611388611388,-1.7194603074853116,1.9816727649076402,0.14528612546351716,0.030097784140968014,0.030097784140968014,0.6468531468531469,0.9163336663336663,-0.817169034875665,0.245582464232025,0.09161574067183567,-0.11286477311297168,-0.11286477311297168,0.03746253746253747,0.027472527472527486,0.9022912726096467,False,False,False,False,3.416611194610596,0.3980078995227813,2.7496280670166016,4.3369622230529785,5.169534206390381,382.6580505371094,19.00833511352539,347.2770080566406,424.52972412109375,445.9100646972656,0.4566439390182495,0.0477630235254764,0.2948330044746399,0.537326991558075,0.669169008731842
case_153,train,1.4875623574431778,0.017080191171436842,0.14104997718839796,0.14104997718839796,0.5836663336663337,0.8703796203796204,-1.5639497484314995,1.692636840411032,0.10649622587377205,0.02728640487093567,0.02728640487093567,0.6183816183816184,0.8973526473526473,-0.777784694857332,0.20507448296785413,0.08941603470233521,-0.11376357231746229,-0.11376357231746229,0.03471528471528473,0.026973026973026948,0.7861650535741674,False,False,False,False,3.4646592140197754,0.4014725983142853,2.759582042694092,4.404366970062256,5.183856010437012,367.4671630859375,14.68472957611084,347.8738708496094,402.8360900878906,439.9205932617188,0.494371622800827,0.0451486520469188,0.30171799659729,0.5650830268859863,0.675836980342865
case_81,validation,2.055032902965523,0.03507558273020153,0.14000300452878356,0.14000300452878356,0.6086413586413586,0.8781218781218781,-2.0141636596139114,2.294281125756014,0.12521821059148722,0.026897128733112553,0.026897128733112553,0.6453546453546454,0.9233266733266733,-0.9760835571633398,0.23924822279049085,0.09014262786128568,-0.11310587579567101,-0.11310587579567101,0.036713286713286775,0.045204795204795145,1.0380801024505715,False,False,False,False,3.4711034297943115,0.389234334230423,2.774413108825684,4.370614051818848,5.167428970336914,427.3624877929688,10.700604438781738,354.2210388183594,443.0621643066406,450.3314514160156,0.3936992585659027,0.0506984405219554,0.2806400060653686,0.4970389902591705,0.6607829928398132
case_119,train,1.5010140072121663,0.07254748529601948,0.13380897565010808,0.13380897565010808,0.5974025974025974,0.8741258741258742,-1.4628786915121703,1.714735643340753,0.16002741143111396,0.02583397998693081,0.02583397998693081,0.6316183816183816,0.9108391608391608,-0.7120786256119523,0.21372163612858674,0.08747992613509448,-0.10797499566317727,-0.10797499566317727,0.034215784215784195,0.036713286713286664,0.750800065900218,False,False,False,True,3.4510338306427,0.3979470133781433,2.7748401165008545,4.379269123077393,5.177862167358398,370.7916870117188,14.664671897888184,346.3008117675781,407.3071899414063,432.1804809570313,0.3555521965026855,0.059317510575056,0.2622630000114441,0.4912500083446502,0.6537269949913025
case_10,train,1.905024558396499,0.04347688048409908,0.13868168740808756,0.13868168740808756,0.5986513486513486,0.8701298701298701,-2.0576421747912503,2.205618778625494,0.13421315444694584,0.025454256847275303,0.025454256847275303,0.6336163836163836,0.9073426573426573,-1.0717593249291635,0.30059422022899507,0.09073627396284675,-0.11322743056081226,-0.11322743056081226,0.034965034965035,0.0372127872127872,0.9858828498620869,False,False,False,False,3.434783697128296,0.3976384401321411,2.759705066680908,4.363170146942139,5.175214767456055,386.9534912109375,18.640626907348636,345.6503295898437,426.16058349609375,447.8836669921875,0.3542420864105224,0.0568722411990165,0.2636399865150451,0.485287994146347,0.6311690211296082
case_75,train,1.9109026748686317,0.051399202993374984,0.1370004954403768,0.1370004954403768,0.6121378621378621,0.8698801198801199,-1.9419770032029404,2.1978786134477932,0.1414122616635002,0.02458577779072858,0.02458577779072858,0.6478521478521478,0.9145854145854145,-0.9984962593111714,0.2869759385791615,0.09001305867012523,-0.11241471764964821,-0.11241471764964821,0.0357142857142857,0.04470529470529461,0.9434807438917691,False,False,False,False,3.434945821762085,0.3981591463088989,2.761620044708252,4.355371952056885,5.176420211791992,389.47900390625,18.642627716064453,347.7839660644531,428.7915649414063,446.85931396484375,0.4121075272560119,0.0529544055461883,0.328150987625122,0.5527989864349365,0.6431869864463806
case_105,train,1.3409336750143563,0.0747893889934718,0.13048672885556675,0.13048672885556675,0.6136363636363636,0.8778721278721279,-1.1770963305673747,1.5162886856068771,0.16111697883642373,0.023863935684180243,0.023863935684180243,0.6466033966033966,0.9185814185814186,-0.5474169871217928,0.1753550105925208,0.08632758984295193,-0.10662279317138651,-0.10662279317138651,0.03296703296703296,0.040709290709290746,0.629679343445582,False,False,False,True,3.423628330230713,0.3979708552360534,2.752490997314453,4.3506760597229,5.170519828796387,368.3004760742188,13.826416015625,346.21435546875,401.8359680175781,432.1304931640625,0.4157237112522125,0.0498297587037086,0.3329620063304901,0.5150690078735352,0.660178005695343
case_49,train,1.9273885451594284,0.05300466886196288,0.1331251747545516,0.1331251747545516,0.5994005994005994,0.8691308691308691,-2.0185906780991534,2.2463636046910076,0.14480857705586378,0.01934915895301142,0.01934915895301142,0.6363636363636364,0.9070929070929071,-1.014540889000974,0.31897505953157923,0.0918039081939009,-0.11377601580154018,-0.11377601580154018,0.03696303696303693,0.03796203796203801,1.0040497890981794,False,False,False,False,3.473597764968872,0.3960037231445312,2.774878025054932,4.401814937591553,5.168129920959473,385.604248046875,19.03375816345215,345.2145690917969,425.4900512695313,447.58148193359375,0.3456548154354095,0.0603737421333789,0.257887989282608,0.4862389862537384,0.6389219760894775
case_142,train,1.4564972654925223,0.03790023862676947,0.13345157594445078,0.13345157594445078,0.5961538461538461,0.8816183816183816,-1.402166154179097,1.651451578204258,0.12792888261310406,0.0191214790858611,0.0191214790858611,0.6313686313686314,0.9085914085914086,-0.6408758412944601,0.1949543127117357,0.09002864398633459,-0.11433009685858969,-0.11433009685858969,0.03521478521478527,0.02697302697302706,0.761290312884637,False,False,False,False,3.462690114974976,0.4010702967643738,2.7613320350646973,4.397726058959961,5.1849470138549805,368.3284912109375,13.094447135925291,347.1545104980469,400.4606628417969,431.23193359375,0.4618228375911712,0.04727129265666,0.2948780059814453,0.5411970019340515,0.6698349714279175
case_18,validation,1.8588888129575047,0.054152522154455325,0.13401166478759974,0.13401166478759974,0.6098901098901099,0.8818681318681318,-1.9831913068377778,2.165841755849561,0.14677577864945007,0.018967296150920063,0.018967296150920063,0.6461038961038961,0.9183316683316683,-0.9982154288619992,0.3069529428920563,0.09262325649499475,-0.11504436863667968,-0.11504436863667968,0.036213786213786126,0.036463536463536506,0.9849758779757786,False,False,False,False,3.517946720123291,0.3797719180583954,2.7948310375213623,4.379520893096924,5.172270774841309,385.7846374511719,19.03748893737793,346.0321350097656,427.0711975097656,447.2848815917969,0.35971400141716,0.0523169860243797,0.2783649861812591,0.498443990945816,0.6176450252532959
case_110,train,1.312467084413799,0.07124500115831227,0.12787976036609192,0.12787976036609192,0.6103896103896104,0.8853646353646354,-1.101129997145671,1.4783816891000126,0.16040425485553317,0.017923630434719475,0.017923630434719475,0.6443556443556444,0.9150849150849151,-0.4541686299327212,0.16591460468621366,0.0891592536972209,-0.10995612993137244,-0.10995612993137244,0.03396603396603404,0.029720279720279685,0.6469613672129497,False,False,False,True,3.424643993377685,0.3981687724590301,2.759068012237549,4.347803115844727,5.169716835021973,367.248046875,13.424286842346191,345.9427490234375,399.21881103515625,432.0908203125,0.4327633380889892,0.0491685718297958,0.2918390035629272,0.5187699794769287,0.6638489961624146
case_67,train,1.8661239175672144,0.06203488221177069,0.12738951515676133,0.12738951515676133,0.6096403596403597,0.8756243756243757,-1.7672023379429969,2.147130028010193,0.1514971580674016,0.015547125361550533,0.015547125361550533,0.6461038961038961,0.9198301698301699,-0.8678219391832867,0.28100611044297863,0.08946227585563091,-0.1118423897952108,-0.1118423897952108,0.036463536463536395,0.04420579420579418,0.8993803987597102,False,False,False,True,3.481675148010254,0.4014225006103515,2.763874053955078,4.425694942474365,5.188252925872803,382.6053771972656,19.79265022277832,346.4131164550781,426.1247253417969,446.21044921875,0.4159236252307892,0.0497010350227355,0.333959013223648,0.5154770016670227,0.6611059904098511
case_101,validation,1.9666707498765446,0.048760267270760785,0.12819655875123204,0.12819655875123204,0.6046453546453546,0.8713786213786214,-2.041895213262653,2.2805043087692978,0.13924075470266084,0.01400660665619441,0.01400660665619441,0.6398601398601399,0.9103396603396603,-1.026555762087386,0.3138335588927532,0.09048048743190006,-0.11418995209503763,-0.11418995209503763,0.03521478521478527,0.03896103896103886,1.0153394511752671,False,False,False,False,3.457998514175415,0.4014818966388702,2.7897748947143555,4.40238094329834,5.18405294418335,386.0186767578125,18.97425079345703,346.62481689453125,427.7275695800781,447.1670227050781,0.3552675247192383,0.0565304681658744,0.2659850120544433,0.4862160086631775,0.6276569962501526
case_114,train,1.2675556029862716,0.07867670384684813,0.12187655830083628,0.12187655830083628,0.6111388611388612,0.8758741258741258,-1.079674802986398,1.43360643446385,0.1667828556232023,0.013735639585141896,0.013735639585141896,0.6413586413586414,0.919080919080919,-0.4728139774995771,0.16605083147757838,0.08810615177635417,-0.10814091871569438,-0.10814091871569438,0.030219780219780223,0.043206793206793215,0.606860825486821,False,False,False,True,3.4229555130004883,0.3977976739406585,2.7450029850006104,4.345383167266846,5.167614936828613,364.3996276855469,12.41891384124756,344.1827087402344,391.62255859375,432.0,0.3577557802200317,0.0557358153164386,0.2672240138053894,0.4785889983177185,0.636713981628418
case_59,train,1.891332117367972,0.024670802472416806,0.12944770706368366,0.12944770706368366,0.6171328671328671,0.8801198801198801,-1.8269849482832612,2.113415567171512,0.11409135286283574,0.01304887230598919,0.01304887230598919,0.6523476523476524,0.9213286713286714,-0.8515432784451233,0.22208344980353978,0.08942055039041893,-0.11639883475769447,-0.11639883475769447,0.03521478521478527,0.041208791208791284,0.9754416698381378,False,False,False,False,3.414113521575928,0.3985752761363983,2.758544921875,4.321518898010254,5.172412872314453,415.2822570800781,11.511637687683104,352.3162841796875,437.5419616699219,448.81634521484375,0.5159759521484375,0.0432564616203308,0.3042420148849487,0.5820009708404541,0.6793839931488037
case_120,validation,1.9440964664323055,0.050797581866350805,0.12750674501335957,0.12750674501335957,0.6061438561438561,0.8733766233766234,-1.9933439166448086,2.2580214744527076,0.14250398789328633,0.012833889434014221,0.012833889434014221,0.6423576423576424,0.9113386613386614,-0.9862723332290142,0.31392500802040213,0.09170640602693553,-0.11467285557934534,-0.11467285557934534,0.036213786213786237,0.03796203796203801,1.0070715834157944,False,False,False,False,3.4712073802948,0.4007486701011657,2.765434980392456,4.415709018707275,5.184878826141357,386.0508728027344,18.94571304321289,345.4892883300781,425.6670227050781,447.7648010253906,0.3578146398067474,0.0556650310754776,0.2680110037326813,0.4940930008888244,0.6233170032501221
case_52,train,1.916939393013093,0.05632352714729815,0.12487340811107095,0.12487340811107095,0.6096403596403597,0.8716283716283716,-1.8075593508319698,2.1886793347366327,0.14487354586735643,0.012814525222699347,0.012814525222699347,0.6451048951048951,0.9243256743256744,-0.9121260700546916,0.27173994172353977,0.08855001872005827,-0.1120588828883716,-0.1120588828883716,0.03546453546453543,0.05269730269730277,0.8954332807772782,False,False,False,False,3.4609897136688232,0.4015334546566009,2.7495241165161133,4.405360221862793,5.18390417098999,389.7483520507813,18.55299186706543,347.5853271484375,428.3780517578125,447.37152099609375,0.4170320630073547,0.0497259832918643,0.3334029912948608,0.5167099833488464,0.6626970171928406
case_47,train,1.7237480724247145,0.06608802736870108,0.1259047359273475,0.1259047359273475,0.6046453546453546,0.8668831168831169,-1.4941826478294167,1.9825831362896633,0.1575401622499316,0.012245819391422991,0.012245819391422991,0.6403596403596403,0.9083416583416584,-0.6188020807018922,0.2588350638649488,0.09145213488123051,-0.1136589165359245,-0.1136589165359245,0.0357142857142857,0.04145854145854144,0.8753805671275244,False,False,False,True,3.431697368621826,0.4010428488254547,2.747055053710937,4.369460105895996,5.176965236663818,385.2372741699219,19.205371856689453,344.6220092773437,425.9954833984375,447.4723815917969,0.4492833018302917,0.0318298153579235,0.2991929948329925,0.5024229884147644,0.6536499857902527
case_40,train,1.6694970891204923,0.07149041808376758,0.12304704433370699,0.12304704433370699,0.6096403596403597,0.8796203796203796,-1.5819781525682537,1.9148993844901945,0.15976647743339942,0.011626548892532397,0.011626548892532397,0.6423576423576424,0.913086913086913,-0.7304488132683408,0.24540229536970215,0.08827605934963184,-0.11142049544117459,-0.11142049544117459,0.03271728271728269,0.03346653346653339,0.8515293392999129,False,False,False,True,3.476468086242676,0.4011386334896087,2.761162042617798,4.402723789215088,5.189236164093018,375.6658325195313,16.153501510620117,346.0698547363281,416.1701965332031,432.421630859375,0.3558333814144134,0.0554569438099861,0.269553005695343,0.4885160028934479,0.6253079771995544
case_82,internal_test,1.8306716182886313,0.07617900050415241,0.12490940936243312,0.12490940936243312,0.6028971028971029,0.8801198801198801,-1.6920656353236123,2.1181491045671907,0.17009813952210323,0.00953112944937768,0.00953112944937768,0.6398601398601399,0.9133366633366633,-0.7327100539693492,0.2874774862785594,0.09391913901795082,-0.11537827991305544,-0.11537827991305544,0.036963036963037044,0.03321678321678323,0.9593555813542631,False,False,False,True,3.4522545337677,0.4008691310882568,2.7534101009368896,4.387165069580078,5.183825969696045,383.1573181152344,18.72331428527832,348.1375732421875,424.2245788574219,445.5933837890625,0.3968290388584137,0.0505726896226406,0.2817350029945373,0.5005000233650208,0.6613919734954834
case_44,train,1.7912261654736326,0.08075867571182611,0.12280417462528333,0.12280417462528333,0.6126373626373627,0.8806193806193806,-1.485110534096863,2.046556922758474,0.17344270239267562,0.008389974706709987,0.008389974706709987,0.6486013986013986,0.9120879120879121,-0.574475771145555,0.25533075728484134,0.0926840266808495,-0.11441419991857334,-0.11441419991857334,0.03596403596403597,0.03146853146853146,0.9106347629513081,False,False,False,True,3.421377658843994,0.396238774061203,2.74631404876709,4.3431549072265625,5.159008026123047,390.0741271972656,18.652687072753903,346.1019287109375,431.2918395996094,445.4189758300781,0.4716525375843048,0.0462924614548683,0.2974329888820648,0.5480489730834961,0.6709060072898865
case_145,validation,1.4746570604989142,0.05300251789418434,0.1198023259322036,0.1198023259322036,0.6208791208791209,0.8888611388611388,-1.208616507795034,1.6574823465160644,0.14073563172789696,0.008338464537452314,0.008338464537452314,0.6578421578421578,0.9328171828171828,-0.48806439380201855,0.1828252860171502,0.08773311383371263,-0.11146386139475128,-0.11146386139475128,0.03696303696303693,0.04395604395604402,0.7205521139930153,False,False,False,False,3.5594418048858643,0.3731063604354858,2.8131940364837646,4.413477897644043,5.175394058227539,381.24261474609375,11.596158981323242,362.3769836425781,404.8777770996094,439.10748291015625,0.3853324055671692,0.0410384945571422,0.3180319964885711,0.4684740006923675,0.6477540135383606
case_151,train,1.2970930350818688,0.04707510714291597,0.1195815149797003,0.1195815149797003,0.6016483516483516,0.8851148851148851,-1.22246068084333,1.4753816169481873,0.13608154634161893,0.005993558849601959,0.005993558849601959,0.6368631368631369,0.9233266733266733,-0.5852089828265719,0.17828858186631846,0.08900643919870296,-0.11358795613009835,-0.11358795613009835,0.03521478521478527,0.03821178821178817,0.6372516980167582,False,False,False,False,3.479653596878052,0.3960708975791931,2.7847070693969727,4.40528678894043,5.1859049797058105,362.6514892578125,9.897314071655272,346.7306213378906,386.9087829589844,425.0028381347656,0.4124420881271362,0.048792865127325,0.3312390148639679,0.5098109841346741,0.6606630086898804
case_115,train,1.9636368348709075,0.059178294968927084,0.12101926723754469,0.12101926723754469,0.5941558441558441,0.8678821178821179,-1.9307187086059534,2.2988069261801405,0.15200167058036507,0.005266048435173123,0.005266048435173123,0.6311188811188811,0.906093906093906,-0.9017127087537816,0.33517009130923303,0.09282337561143798,-0.11575321880237156,-0.11575321880237156,0.036963036963037044,0.03821178821178817,1.029005999852172,False,False,False,True,3.470018148422241,0.4010722041130066,2.7639598846435547,4.413661956787109,5.1841559410095215,385.3431091308594,19.139636993408203,344.5267028808594,426.0142517089844,447.41943359375,0.3567016720771789,0.0623287335038185,0.2740330100059509,0.5049260258674622,0.6605409979820251
case_83,validation,1.9695193352316829,0.04682783157267089,0.12198082566325089,0.12198082566325089,0.6061438561438561,0.8798701298701299,-2.0075845110827037,2.284411865351953,0.13911251989583232,0.005144930750323154,0.005144930750323154,0.6408591408591409,0.9155844155844156,-0.9804013246220907,0.3148925301202703,0.09228468832316142,-0.11683589491292773,-0.11683589491292773,0.03471528471528473,0.0357142857142857,1.0271831864606131,False,False,False,False,3.4547364711761475,0.4013635814189911,2.7607169151306152,4.374969005584717,5.1848249435424805,386.7286682128906,18.719057083129883,345.6745300292969,426.0284423828125,447.8851623535156,0.3536431193351745,0.0563716106116771,0.264849990606308,0.4840059876441955,0.6294469833374023
case_136,train,1.1726511325038333,0.06695045321387649,0.11952160674313662,0.11952160674313662,0.5789210789210789,0.8748751248751249,-1.0737805791860875,1.331768296429384,0.16315186680618887,0.003838889668491873,0.003838889668491873,0.6101398601398601,0.9100899100899101,-0.4665662455956297,0.15911716392555064,0.09620141359231238,-0.11568271707464475,-0.11568271707464475,0.03121878121878119,0.03521478521478527,0.6072143335904578,False,False,False,True,3.442832946777344,0.3937138617038727,2.764683961868286,4.3487868309021,5.1656107902526855,357.8339538574219,7.374810695648193,345.714111328125,375.0743713378906,430.8540649414063,0.3329048454761505,0.0485176593065261,0.2668150067329407,0.4450240135192871,0.6381769776344299
case_173,train,3.141789642993938,0.03965893173435992,0.0520230727110996,0.0520230727110996,0.48126873126873126,0.9760239760239761,-2.3483382261866885,4.251567087644514,0.17611982430722886,0.07559725165780307,0.0,0.4340659340659341,0.978021978021978,-0.5002895865594772,1.1097774446505766,0.13646089257286895,0.023574178946703467,-0.0520230727110996,-0.047202797202797186,0.0019980019980019303,1.8480486396272113,False,False,True,True,5.071426868438721,0.2815006375312805,3.1910440921783447,5.266848087310791,5.386351108551025,402.19830322265625,10.53454875946045,355.197998046875,418.6421203613281,443.6468200683594,0.3573223054409027,0.0546013936400413,0.2686649858951568,0.4937979876995086,0.6159240007400513
case_36,train,2.972597146328786,0.048963605371424294,0.10591004204394215,0.10591004204394215,0.4527972027972028,0.965034965034965,-2.6925545069202794,3.8370763974702173,0.24457002840003125,0.006263863577982309,0.0,0.3971028971028971,0.9655344655344655,-0.9690908775516912,0.8644792511414314,0.19560642302860695,-0.09964617846595984,-0.10591004204394215,-0.055694305694305724,0.0004995004995005381,1.723463629368588,False,False,True,True,4.85212516784668,0.264154314994812,3.136131048202514,5.117259979248047,5.353445053100586,433.7020263671875,10.608501434326172,357.5941162109375,446.0522766113281,449.8446044921875,0.4091252386569977,0.0524387471377849,0.3271830081939697,0.5481550097465515,0.6401910185813904
case_118,train,2.7546710066415914,0.025643098923573644,0.07810318165228144,0.0,0.49775224775224775,0.9587912087912088,-0.4862776938844271,3.774665650785507,0.22239819838675323,0.22785780992338303,0.0,0.4712787212787213,0.9702797202797203,1.2813293917282929,1.0199946441439156,0.1967550994631796,0.1497546282711016,0.0,-0.026473526473526465,0.011488511488511488,1.76760708561272,False,True,True,True,4.794837474822998,0.262771338224411,3.122034072875977,5.080356121063232,5.343743801116943,385.8163146972656,19.26175880432129,346.4919738769531,428.390380859375,446.8065490722656,0.348154753446579,0.0469598732888698,0.2742840051651001,0.4713909924030304,0.6117569804191589
case_66,internal_test,2.637750687278418,0.0744126702600776,0.0979399639140012,0.0,0.48951048951048953,0.9815184815184815,-0.20278333404624307,3.6716267575542743,0.29141541226350715,0.2460324441800387,0.0,0.44105894105894106,0.9827672327672328,1.573430312550717,1.033876070275856,0.21700274200342956,0.1480924802660375,0.0,-0.048451548451548476,0.0012487512487512342,1.77621364659696,False,True,True,True,4.957562446594238,0.2692562043666839,3.15863299369812,5.1825032234191895,5.368753910064697,385.6255798339844,19.089977264404297,345.51922607421875,426.7341918945313,447.3264465332031,0.3400048613548279,0.0304559022188186,0.2938989996910095,0.415477991104126,0.623553991317749
case_73,train,2.3314887085772655,0.13187958452457393,0.031320047388265056,0.0,0.43606393606393606,0.955044955044955,-0.5517082113531301,3.1598039634159543,0.3361953761630685,0.17196579970115797,0.0,0.37312687312687315,0.9545454545454546,1.0615620515580837,0.8283152548386887,0.20431579163849456,0.14064575231289292,0.0,-0.06293706293706292,-0.0004995004995004271,1.6132702629112137,False,True,True,True,4.698200225830078,0.2422367930412292,3.166369915008545,4.967726230621338,5.285124778747559,389.1913757324219,18.797691345214844,347.4646301269531,430.40179443359375,445.7125244140625,0.5048685073852539,0.0409205108880996,0.3035930097103119,0.5674020051956177,0.6693969964981079
case_68,train,2.3391548481044593,0.060053092009182685,0.030680753563645868,0.030680753563645868,0.5576923076923077,0.9333166833166833,-1.6470488261309688,2.9426153761662426,0.08209051117241187,0.1084187327137583,0.0,0.5347152847152847,0.9463036963036963,-0.26147751415095294,0.6034605280617833,0.022037419163229183,0.07773797915011244,-0.030680753563645868,-0.022977022977022976,0.012987012987012991,1.385571311980016,False,False,True,False,4.425922393798828,0.2735873758792877,3.023252010345459,4.877762794494629,5.289210796356201,392.8239440917969,17.428680419921875,350.3910827636719,425.4644470214844,446.34661865234375,0.3605170845985412,0.055677156895399,0.2793590128421783,0.4894739985466003,0.6437190175056458
case_165,train,2.2281009173421933,0.052366721452648354,0.07696022645815999,0.07696022645815999,0.5209790209790209,0.9532967032967034,-1.7427113110317167,2.9025643217516226,0.11391077978917022,0.04861563430971455,0.0,0.48926073926073926,0.9590409590409591,-0.4311911031853968,0.6744634044094293,0.061544058336521865,-0.02834459214844544,-0.07696022645815999,-0.03171828171828167,0.005744255744255744,1.31152020784632,False,False,True,False,4.635026454925537,0.2627304494380951,3.082525968551636,4.99378776550293,5.319788932800293,381.8801879882813,12.852670669555664,361.7228698730469,415.5033264160156,439.4085693359375,0.4151437878608703,0.0593654699623584,0.3307690024375915,0.5631849765777588,0.7480480074882507
case_42,train,2.0347198804693005,0.042469765330977155,0.034790954829376004,0.0,0.5894105894105894,0.9405594405594405,-0.5937667448126538,2.801498237802872,0.20786896831708684,0.18443627177299085,0.0,0.5751748251748252,0.954045954045954,0.8624156764623465,0.7667783573335716,0.1653992029861097,0.14964531694361485,0.0,-0.014235764235764226,0.01348651348651353,1.4561824212750003,False,True,True,True,4.481013298034668,0.2694236040115356,3.039571046829224,4.902854919433594,5.2952880859375,383.3473205566406,18.68475341796875,347.9400634765625,424.3719177246094,445.5950927734375,0.2999007403850555,0.0306674931198358,0.2633120119571686,0.3775449991226196,0.6343759894371033
case_95,train,2.298848520073684,0.01451078846843159,0.08944138978780501,0.08944138978780501,0.5309690309690309,0.903096903096903,-2.200993638672124,2.771705833506799,0.11048036451254784,0.04272701149810525,0.0,0.49475524475524474,0.9113386613386614,-0.7774604352920071,0.4728573134331149,0.09596957604411624,-0.046714378289699765,-0.08944138978780501,-0.03621378621378618,0.008241758241758323,1.423533203380117,False,False,True,False,4.116982936859131,0.2957494258880615,3.0122759342193604,4.701513767242432,5.240910053253174,441.1065368652344,11.151686668395996,360.6827697753906,448.7469177246094,452.7615966796875,0.3583834171295166,0.0516914539039135,0.275842010974884,0.4941360056400299,0.6097859740257263
case_43,train,2.016748207302913,0.0451804558339561,0.051002199359923985,0.0,0.5991508491508492,0.9365634365634365,-0.5293766598722949,2.7692839542915446,0.20612302331820195,0.20133425458789572,0.0,0.5889110889110889,0.952047952047952,0.906220929760039,0.7525357469886318,0.16094256748424585,0.15033205522797174,0.0,-0.010239760239760254,0.01548451548451546,1.4355975896323339,False,True,True,True,4.455991268157959,0.2713600397109985,3.0322248935699463,4.886398792266846,5.289196014404297,383.7666931152344,19.64435768127441,346.23516845703125,426.8658752441406,446.4568786621094,0.2953096032142639,0.0284253749996423,0.2620919942855835,0.3641569912433624,0.6271389722824097
case_102,internal_test,2.1072023927068524,0.07955479074788001,0.003072047805579592,0.003072047805579592,0.42482517482517484,0.9238261738261738,-1.0032473268820803,2.756920008006508,0.25246444785069877,0.14472196945535945,0.0,0.3546453546453546,0.9288211788211789,0.48783425146115894,0.6497176152996555,0.17290965710281875,0.14164992164977985,-0.003072047805579592,-0.07017982017982022,0.004995004995005048,1.4910815783432392,False,False,True,True,4.375712871551514,0.2771494090557098,3.016469955444336,4.843551158905029,5.280505180358887,388.4079895019531,18.330293655395508,346.8808288574219,427.1072692871094,447.9696350097656,0.599214494228363,0.0443295650184154,0.321042001247406,0.6417539715766907,0.6981080174446106
case_45,validation,2.1864088034137223,0.00453570248834289,0.02978348099433942,0.02978348099433942,0.5766733266733267,0.9150849150849151,-1.6810172559456749,2.7563811565906913,0.12403073624803891,0.11624773873123694,0.0,0.5946553446553446,0.9278221778221778,-0.2087907933316057,0.5699723531769689,0.11949503375969601,0.08646425773689752,-0.02978348099433942,0.017982017982017928,0.012737262737262722,1.472226462614069,False,False,True,False,4.089926719665527,0.2983483970165252,3.0181379318237305,4.690937042236328,5.237214088439941,415.900634765625,11.671467781066896,352.5118713378906,438.6653137207031,448.9953918457031,0.3532792031764984,0.0611677840352058,0.2696219980716705,0.4961870014667511,0.657371997833252
case_87,validation,2.2449147059669055,0.025285274507876803,0.0748893189591573,0.0748893189591573,0.5629370629370629,0.9150849150849151,-2.092806209588374,2.7164953274300294,0.09497294527963795,0.058992810912514196,0.0,0.5457042957042957,0.9245754245754245,-0.722753332817424,0.47158062146312396,0.06968767077176115,-0.01589650804664311,-0.0748893189591573,-0.017232767232767232,0.009490509490509447,1.3700528767709501,False,False,True,False,4.078866958618164,0.2992359101772308,3.0130929946899414,4.678973197937012,5.235569000244141,434.91937255859375,10.841824531555176,359.8905029296875,446.29388427734375,451.6589660644531,0.3624218702316284,0.0561986789107322,0.2799060046672821,0.4929479956626892,0.6498550176620483
case_32,train,2.0334975361954473,0.056863020513586014,0.01804893608393008,0.01804893608393008,0.5704295704295704,0.8951048951048951,-1.05219235973795,2.6196595551376944,0.1870290966707129,0.1302709785265889,0.0,0.6063936063936064,0.9148351648351648,0.2646542666320265,0.5861620189422472,0.1301660761571269,0.11222204244265882,-0.01804893608393008,0.03596403596403597,0.0197302697302697,1.3168466263699763,False,False,False,True,4.004930019378662,0.3062626123428345,2.9958200454711914,4.635653018951416,5.224660873413086,385.7896423339844,19.027637481689453,346.1290588378906,427.2201232910156,447.2573852539063,0.3441199362277984,0.0573530942201614,0.2647680044174194,0.4800379872322082,0.6311230063438416
case_56,train,1.9236062346826408,0.10129020406126762,0.03589789843913256,0.0,0.5856643356643356,0.9028471528471529,-0.32543133483303716,2.323193325357111,0.21817027848024584,0.17937963444671426,0.0,0.6273726273726273,0.9318181818181818,0.7714734734611199,0.39958709067447007,0.11688007441897821,0.14348173600758168,0.0,0.04170829170829171,0.028971028971028878,1.096904808294157,False,True,False,True,3.9566686153411865,0.2822281122207641,2.9921300411224365,4.530732154846191,5.185006141662598,391.56829833984375,18.250450134277344,349.5623779296875,431.0653076171875,444.0361022949219,0.3620691299438476,0.0552688166499137,0.2802839875221252,0.4984259903430938,0.6343129873275757
case_60,validation,1.96683129475389,0.10197339192104796,0.08923773733620301,0.08923773733620301,0.6128871128871128,0.8896103896103896,-1.52039477863765,2.3066093423278646,0.20182780437994405,0.03247600008576195,0.0,0.6508491508491508,0.926073926073926,-0.46684201215902577,0.3397780475739747,0.09985441245889609,-0.056761737250441056,-0.08923773733620301,0.03796203796203801,0.036463536463536395,1.0535527664786242,False,False,False,True,3.585988759994507,0.3671199679374695,2.8215079307556152,4.4092559814453125,5.179694175720215,390.0577392578125,18.76041984558105,346.4717712402344,431.7008666992188,444.1846008300781,0.3576135337352752,0.0558004081249237,0.2681039869785309,0.4934250116348266,0.622859001159668
case_63,train,1.9195759377098138,0.02314615004787755,0.11374613314684959,0.11374613314684959,0.4692807192807193,0.9253246753246753,-1.9430210159634784,2.2855338206757074,0.11021111171666981,0.0156453728172207,0.0,0.4080919080919081,0.9333166833166833,-0.7796892310950774,0.3659578829658936,0.08706496166879225,-0.09810076032962889,-0.11374613314684959,-0.0611888111888112,0.007992007992007943,1.163331784868401,False,False,True,False,4.257575988769531,0.2848091423511505,3.0179500579833984,4.785690784454346,5.2650299072265625,392.8834533691406,17.84315299987793,352.3106994628906,425.2461242675781,448.66607666015625,0.4950523376464844,0.045140091329813,0.3021590113639831,0.5653340220451355,0.6750959753990173
case_74,train,1.8607818535645344,0.07749116159073072,0.03236125841464877,0.03236125841464877,0.5964035964035964,0.8991008991008991,-0.7201721175647122,2.258235645260723,0.19027506367198024,0.10630454278157266,0.0,0.6401098901098901,0.9313186813186813,0.35348914341199505,0.39745379169618866,0.11278390208124953,0.07394328436692388,-0.03236125841464877,0.04370629370629364,0.032217782217782265,1.0736612609767073,False,False,False,True,3.837376594543457,0.3287328779697418,2.929440975189209,4.5571489334106445,5.204529762268066,390.3270568847656,18.64606475830078,346.4970397949219,431.7774658203125,444.8883056640625,0.3540834486484527,0.0346968248486518,0.2994189858436584,0.4266839921474457,0.6321939826011658
case_28,internal_test,1.9318313975307795,0.0806666836416603,0.112413509487511,0.112413509487511,0.6088911088911089,0.8898601398601399,-1.6505692747189433,2.2359630076764194,0.1775333857679136,0.007640810966115982,0.0,0.6441058941058941,0.9223276723276723,-0.632412325221281,0.30413161014563994,0.09686670212625331,-0.10477269852139502,-0.112413509487511,0.03521478521478527,0.03246753246753242,1.0181569494976623,False,False,False,True,3.444808959960937,0.4001657962799072,2.760390043258667,4.344237804412842,5.188630104064941,388.1788024902344,18.416955947875977,346.8524169921875,427.000244140625,447.9479675292969,0.4003788828849792,0.0502807050943374,0.2839139997959137,0.5012249946594238,0.6603909730911255
case_89,train,1.8018715128715923,0.06698266995296422,0.07504058468481185,0.07504058468481185,0.5921578421578422,0.8871128871128872,-1.1787527818155956,2.225814939320347,0.18104527284425062,0.059875900444523164,0.0,0.6368631368631369,0.916083916083916,-0.0870279122282886,0.4239434264487547,0.1140626028912864,-0.01516468424028869,-0.07504058468481185,0.04470529470529472,0.028971028971028878,1.091724869587307,False,False,False,True,3.8019614219665527,0.3334589302539825,2.9161829948425293,4.541163921356201,5.200041770935059,383.197509765625,18.62520980834961,347.28485107421875,423.9712829589844,445.60986328125,0.328755110502243,0.0461499169468879,0.2669050097465515,0.4343090057373047,0.6367200016975403
case_57,internal_test,1.9503203764975268,0.034200458682907296,0.09546229925817065,0.09546229925817065,0.6161338661338661,0.8761238761238761,-1.670613857557342,2.1761966078115904,0.12431334752121513,0.023772073935902686,0.0,0.6525974025974026,0.9303196803196803,-0.658055875703116,0.22587623131406365,0.09011288883830784,-0.07169022532226796,-0.09546229925817065,0.036463536463536506,0.054195804195804165,1.012557981854226,False,False,False,False,3.4517061710357666,0.3979073762893677,2.7758259773254395,4.381138801574707,5.178701877593994,420.9454956054688,11.190784454345703,352.4412841796875,442.0559387207031,448.366455078125,0.5291222929954529,0.0428076982498168,0.3062500059604645,0.5933359861373901,0.6822059750556946
case_54,validation,1.8447473400845176,0.09196608839808171,0.09048322280264261,0.09048322280264261,0.6151348651348651,0.8806193806193806,-1.1479421880944358,2.135058122787205,0.18832725798146657,0.03055593928269387,0.0,0.6505994005994006,0.9175824175824175,-0.16177095736770272,0.2903107827026876,0.09636116958338486,-0.059927283519948735,-0.09048322280264261,0.03546453546453543,0.03696303696303693,0.9861712307267331,False,False,False,True,3.480163097381592,0.3963909745216369,2.7776269912719727,4.408173084259033,5.185591220855713,388.8660583496094,18.78531646728516,347.909912109375,428.88818359375,446.5751647949219,0.4751777052879333,0.0450370088219642,0.2987860143184662,0.5484179854393005,0.6655380129814148
case_117,internal_test,1.6999111424862112,0.0628833002851723,0.09196931388768285,0.09196931388768285,0.6031468531468531,0.8843656343656343,-1.1911431943270883,2.0360717528245504,0.16514171595774882,0.032744692955715,0.0,0.6446053946053946,0.9193306693306693,-0.2518138181457021,0.3361606103383392,0.10225841567257651,-0.059224620931967856,-0.09196931388768285,0.04145854145854144,0.034965034965035,0.9393293761813861,False,False,False,True,3.703256130218506,0.3485353589057922,2.8733720779418945,4.484686851501465,5.189231872558594,382.5632019042969,18.538129806518555,346.4579467773437,422.6875915527344,443.732666015625,0.4042470753192901,0.0468110963702201,0.3276289999485016,0.4992350041866302,0.6546739935874939
case_163,train,1.841672060229116,0.008565029172088174,0.10849502536408885,0.10849502536408885,0.6201298701298701,0.8823676323676324,-2.0096385279851203,2.0009697627076912,0.0777528328281055,0.00932528750828855,0.0,0.6573426573426573,0.9363136863136863,-1.0862855367757864,0.15929770247857533,0.06918780365601732,-0.0991697378558003,-0.10849502536408885,0.0372127872127872,0.053946053946053896,0.9233529912093339,False,False,False,False,3.4270238876342773,0.3980803191661834,2.7635738849639893,4.3568949699401855,5.172461032867432,428.0745849609375,10.44421100616455,360.6109924316406,436.895263671875,449.43756103515625,0.5707933306694031,0.0392832420766353,0.3288879990577698,0.6143990159034729,0.6783890128135681
case_27,train,1.6854280320349906,0.1436800609889986,0.06921171294881437,0.06921171294881437,0.6011488511488512,0.8531468531468531,-0.7287131046299761,1.9660929900601305,0.2439938621212134,0.05369152320970811,0.0,0.6363636363636364,0.9055944055944056,0.12218420504662136,0.2806649580251399,0.1003138011322148,-0.015520189739106259,-0.06921171294881437,0.03521478521478516,0.0524475524475525,0.8508973096765975,False,False,False,True,3.465683460235596,0.4056165814399719,2.761383056640625,4.414574146270752,5.186886787414551,385.1637573242188,19.543014526367188,346.2781677246094,427.7463684082031,446.6230163574219,0.5838103294372559,0.0133214984089136,0.3889040052890777,0.6116610169410706,0.6925140023231506
case_181,train,1.5556703948143973,0.02477288877084286,0.10240603601928817,0.10240603601928817,0.5819180819180819,0.9010989010989011,-1.6066148808382064,1.9232637158397792,0.08789265563211632,0.033574505236045986,0.0,0.6263736263736264,0.9198301698301699,-0.6354551870611724,0.3675933210253819,0.06311976686127346,-0.0688315307832422,-0.10240603601928817,0.04445554445554445,0.018731268731268735,0.9711596937770339,False,False,False,False,3.880963325500488,0.3218696713447571,2.9497740268707275,4.578250885009766,5.209342956542969,374.6295471191406,12.21060562133789,349.63623046875,400.1968383789063,439.2948303222656,0.3653408288955688,0.0560531392693519,0.2822189927101135,0.5090330243110657,0.6429499983787537
case_129,train,1.519312810143236,0.0037316519576885846,0.06989320507934366,0.06989320507934366,0.5714285714285714,0.8863636363636364,-1.2709457450341326,1.9183327439539382,0.11950496119434668,0.07067582771086386,0.0,0.6138861138861139,0.9068431568431569,-0.27611905967963196,0.3990199338107021,0.1157733092366581,0.0007826226315202078,-0.06989320507934366,0.04245754245754252,0.020479520479520508,0.9948266853545007,False,False,False,False,3.898416996002197,0.3128617107868194,2.959112882614136,4.567196846008301,5.187760829925537,376.6202392578125,12.03110408782959,350.1680603027344,401.5680541992188,440.14501953125,0.3565903902053833,0.0582155063748359,0.2637690007686615,0.4902989864349365,0.6391479969024658
case_199,internal_test,1.5713212787086603,0.0281375113595978,0.11979601401587782,0.11979601401587782,0.567932067932068,0.8671328671328671,-1.566424695238111,1.9122742586332364,0.13352091295267413,0.00630694709258329,0.0,0.6118881118881119,0.8953546453546454,-0.6297823860429765,0.34095297992457607,0.10538340159307633,-0.11348906692329452,-0.11979601401587782,0.04395604395604391,0.028221778221778293,0.9366423091951344,False,False,False,False,3.736097574234009,0.3437277376651764,2.883251905441284,4.4997100830078125,5.19283390045166,368.8340759277344,14.88178539276123,349.68310546875,404.2610778808594,440.117919921875,0.3534270823001861,0.0615021213889122,0.2695029973983764,0.4969339966773987,0.6588550209999084
case_34,train,1.6728057230182087,0.06972981322547642,0.10084499492621232,0.10084499492621232,0.6276223776223776,0.9000999000999002,-1.2391828044844404,1.88859461011546,0.16190780333883859,0.018554046765968713,0.0,0.6618381618381618,0.9370629370629371,-0.37425641094447254,0.2157888870972513,0.09217799011336217,-0.08229094816024361,-0.10084499492621232,0.034215784215784195,0.03696303696303693,0.8649263935399678,False,False,False,True,3.406077146530152,0.3977664411067962,2.751372098922729,4.2971391677856445,5.170565128326416,389.1787109375,18.73888397216797,348.0829772949219,428.2310485839844,445.7388000488281,0.5822104215621948,0.0434413105249404,0.3177930116653442,0.6336789727210999,0.6937620043754578
case_21,train,1.556162252118765,0.11049527773650385,0.0418726483161664,0.0418726483161664,0.5904095904095904,0.8743756243756243,-0.5385325456037557,1.8825969291299915,0.21805163547587994,0.08859631485058962,0.0,0.6313686313686314,0.9025974025974026,0.33500334807134,0.3264346770112265,0.1075563577393761,0.046723666534423225,-0.0418726483161664,0.040959040959041015,0.028221778221778293,0.8735358936750958,False,False,False,True,3.7922611236572266,0.3354575634002685,2.910608053207397,4.532018184661865,5.199543952941895,380.0529174804688,17.622663497924805,346.1752624511719,418.7206726074219,438.1097412109375,0.304046481847763,0.0346808359026908,0.2711560130119324,0.3734660148620605,0.6451990008354187
case_96,train,1.5570835084989987,0.1315778235903231,0.06420701781294799,0.06420701781294799,0.5999000999000998,0.8643856143856143,-0.6208561657145085,1.815960210108334,0.23000208026133737,0.05648182175814885,0.0,0.6331168831168831,0.9065934065934066,0.1636530479055146,0.2588767016093354,0.09842425667101426,-0.007725196054799141,-0.06420701781294799,0.03321678321678323,0.04220779220779225,0.7845092136200231,False,False,False,True,3.607393741607666,0.2878321409225464,2.8694839477539062,4.233084201812744,5.129690170288086,386.0886535644531,19.101863861083984,346.8385009765625,428.4657897949219,446.8908996582031,0.3271991014480591,0.0433760397136211,0.2711290121078491,0.4280770123004913,0.6369100213050842
case_71,internal_test,1.59847192514594,0.0659131577252972,0.10213321977440228,0.10213321977440228,0.6148851148851149,0.8681318681318682,-1.069013601580761,1.803591971688244,0.1573468346584372,0.015730430837154735,0.0,0.6503496503496503,0.9248251748251748,-0.28185558105409825,0.20512004654230398,0.09143367693314002,-0.08640278893724754,-0.10213321977440228,0.03546453546453543,0.05669330669330663,0.7871580205266627,False,False,False,True,3.42432165145874,0.3977628350257873,2.756632089614868,4.346854209899902,5.169067859649658,391.5738220214844,17.769493103027344,349.7182312011719,425.13677978515625,446.1650695800781,0.609678328037262,0.0258737206459045,0.389486014842987,0.6314210295677185,0.6905210018157959
case_194,train,1.488803897821436,0.02847189212994998,0.12045796417139393,0.12045796417139393,0.5686813186813187,0.8673826173826173,-1.444525924585169,1.7995572045569441,0.13270778738397263,0.004995962955890541,0.0,0.6113886113886113,0.8956043956043956,-0.5702189965120436,0.31075330673550816,0.10423589525402265,-0.11546200121550339,-0.12045796417139393,0.04270729270729268,0.028221778221778293,0.8743069280731254,False,False,False,False,3.713203191757202,0.3472364842891693,2.873872995376587,4.489656925201416,5.190577030181885,365.9811096191406,14.165607452392578,347.41552734375,399.3850708007813,438.3648071289063,0.3648502230644226,0.0557833984494209,0.2674430012702942,0.4881669878959656,0.6530849933624268
case_150,train,1.3799043147688985,0.02075547560917675,0.06345648866544534,0.06345648866544534,0.560939060939061,0.8801198801198801,-1.2653081716425583,1.7710603391961084,0.09957010030617466,0.07882425326447816,0.0,0.5981518481518482,0.9005994005994006,-0.3631359696820934,0.39115602442720987,0.07881462469699792,0.015367764599032815,-0.06345648866544534,0.0372127872127872,0.020479520479520508,0.9021722019604649,False,False,True,False,3.989687919616699,0.305380642414093,2.9925498962402344,4.625411033630371,5.202147960662842,362.2044982910156,11.717700004577637,346.9215087890625,389.4493713378906,435.9619445800781,0.3479809463024139,0.0542673878371715,0.2677569985389709,0.4744180142879486,0.6320250034332275
case_39,train,1.5053878618844663,0.06209308199962444,0.1114946733346848,0.1114946733346848,0.479020979020979,0.8374125874125874,-1.2766716384940788,1.7663025780111503,0.18777697231174934,0.023858912426323292,0.0,0.44955044955044954,0.8434065934065934,-0.35823379307748054,0.26091471612668404,0.1256838903121249,-0.0876357609083615,-0.1114946733346848,-0.029470529470529472,0.005994005994006013,0.9184378454165982,False,False,True,True,3.9490442276000977,0.3113228678703308,2.978343963623047,4.5900468826293945,5.221761226654053,399.2710266113281,7.977405071258545,355.8565673828125,408.4616088867188,442.1180725097656,0.5030649900436401,0.0440228655934333,0.3024980127811432,0.5717719793319702,0.6750900149345398
case_176,validation,1.4260490640082755,0.016621586317675137,0.08260322272297717,0.08260322272297717,0.5871628371628371,0.8958541458541458,-1.215420068648226,1.7630357257380675,0.13089996072522875,0.05606941450033805,0.0,0.6306193806193806,0.9145854145854145,-0.2979724517998294,0.3369866617297921,0.11427837440755362,-0.02653380822263912,-0.08260322272297717,0.043456543456543484,0.018731268731268735,0.9174476168483965,False,False,False,False,3.8361308574676514,0.329047679901123,2.93021297454834,4.557304859161377,5.204758167266846,368.1735229492188,13.200841903686523,347.2072448730469,400.0348815917969,431.0106506347656,0.4161161482334137,0.0495842769742012,0.2864150106906891,0.5100190043449402,0.6637610197067261
case_197,internal_test,1.4376001111478285,0.02562674748137606,0.12064021362177026,0.12064021362177026,0.5656843156843157,0.8661338661338661,-1.423602063090814,1.733026562265669,0.12836919583154066,0.0038248963490197757,0.0,0.6068931068931069,0.8948551448551448,-0.5845964085181907,0.2954264511178406,0.1027424483501646,-0.11681531727275048,-0.12064021362177026,0.041208791208791284,0.02872127872127872,0.8390056545726232,False,False,False,False,3.6821987628936768,0.3521238565444946,2.860975980758667,4.474258899688721,5.187366962432861,368.3271789550781,11.780911445617676,346.88726806640625,394.18548583984375,433.73193359375,0.3610468804836273,0.0630463063716888,0.2811349928379059,0.5100070238113403,0.662086009979248
case_186,train,1.3655332678105265,0.03364771685432398,0.10418261902260628,0.10418261902260628,0.5984015984015985,0.8846153846153846,-1.2379511312056402,1.6463968613593571,0.1348006499617996,0.020365212040280547,0.0,0.6403596403596403,0.9155844155844156,-0.424239527631113,0.2808635935488306,0.10115293310747563,-0.08381740698232573,-0.10418261902260628,0.04195804195804187,0.03096903096903103,0.8137116035745271,False,False,False,False,3.7361631393432617,0.3437540531158447,2.883729934692383,4.5027031898498535,5.193158149719238,367.2469177246094,11.97087287902832,349.62774658203125,396.7318420410156,432.0859680175781,0.3486391007900238,0.0549000240862369,0.2710759937763214,0.477510005235672,0.6355900168418884
case_51,validation,1.3951210493547552,0.17784261444776717,0.005225906628680035,0.005225906628680035,0.6016483516483516,0.8511488511488512,-0.11631883320104194,1.5828197888398208,0.2771642429609605,0.12054401489844187,0.0,0.6213786213786214,0.9040959040959041,0.5168915731151179,0.18769873948506555,0.09932162851319332,0.11531810826976183,-0.005225906628680035,0.01973026973026981,0.05294705294705293,0.6332104063161599,False,False,False,True,3.5304033756256104,0.2575376629829407,2.8616979122161865,4.083449840545654,5.11480712890625,385.83099365234375,19.01648330688477,345.8239440917969,427.0550231933594,447.30572509765625,0.3277938067913055,0.0266861338168382,0.2689479887485504,0.3821699917316437,0.6333159804344177
case_154,train,1.2903690255045737,0.004944988282855677,0.09504510206550713,0.09504510206550713,0.5769230769230769,0.8886113886113887,-1.2786557693907474,1.571907932114003,0.10664529128127453,0.042045115983682664,0.0,0.6206293706293706,0.9085914085914086,-0.4659289897200416,0.2815389066094294,0.10170030299841885,-0.05299998608182447,-0.09504510206550713,0.04370629370629375,0.01998001998001997,0.8127267796707058,False,False,False,False,3.8219070434570312,0.3305437862873077,2.924967050552368,4.552929878234863,5.202342987060547,363.5869445800781,10.17988395690918,346.0174560546875,385.8201599121094,432.2469177246094,0.3998811244964599,0.0504109971225261,0.2833769917488098,0.5015569925308228,0.6626309752464294
case_141,train,1.3501821049793943,0.039741969909472735,0.10946177806307458,0.10946177806307458,0.6071428571428571,0.8833666333666333,-1.1368877698466955,1.5303630335700242,0.12820710786393893,0.0067066182215448555,0.0,0.6426073926073926,0.9153346653346653,-0.414533538476886,0.18018092859062995,0.0884651379544662,-0.10275515984152973,-0.10946177806307458,0.03546453546453554,0.031968031968031996,0.7223542313698095,False,False,False,False,3.481498003005981,0.3977475762367248,2.779552936553955,4.4173359870910645,5.185212135314941,368.495361328125,12.15090560913086,349.7679443359375,401.115966796875,423.85052490234375,0.5427432656288147,0.0424012243747711,0.3089810013771057,0.6030099987983704,0.6827409863471985
case_64,train,1.329749916521878,0.0958928163806816,0.10159475201715328,0.10159475201715328,0.6106393606393606,0.8706293706293706,-0.9138994245067348,1.5132920674019494,0.18524332724492404,0.009327178383824018,0.0,0.6413586413586414,0.9118381618381618,-0.25431878899696636,0.18354215088007142,0.08935051086424244,-0.09226757363332926,-0.10159475201715328,0.03071928071928076,0.04120879120879117,0.6595806355097684,False,False,False,True,3.4654695987701416,0.3898314535617828,2.7621240615844727,4.380486011505127,5.155342102050781,365.7829895019531,12.928702354431152,345.0087890625,395.7268676757813,432.0075378417969,0.3566097617149353,0.0552641712129116,0.2679150104522705,0.4926530122756958,0.6211310029029846
case_35,train,1.314620910865567,0.04975714930087601,0.07505374141424692,0.07505374141424692,0.6143856143856143,0.8706293706293706,-1.0379023236292273,1.4787500098897575,0.13648616690550178,0.04192086880596272,0.0,0.6491008991008991,0.9158341658341659,-0.3534695226886872,0.16412909902419037,0.08672901760462576,-0.0331328726082842,-0.07505374141424692,0.03471528471528473,0.045204795204795256,0.68443280094054,False,False,False,False,3.4408388137817383,0.3971137702465057,2.759995937347412,4.375041961669922,5.15447998046875,371.5977478027344,14.876484870910645,346.4566955566406,408.7979736328125,432.1915893554688,0.6220473647117615,0.0442086197435855,0.3286490142345428,0.6585180163383484,0.703665018081665
case_170,train,1.2821679285334804,0.0320239765481425,0.08037474258847521,0.08037474258847521,0.6198801198801199,0.8983516483516484,-1.1967310533985374,1.470432879551301,0.12831025112877806,0.0458804956923445,0.0,0.6578421578421578,0.9325674325674326,-0.45659915632879255,0.1882649510178207,0.09628627458063556,-0.03449424689613071,-0.08037474258847521,0.0379620379620379,0.034215784215784195,0.7401318970697448,False,False,False,False,3.624504804611206,0.3619391322135925,2.8390679359436035,4.445261955261231,5.181856155395508,368.7039794921875,13.252694129943848,347.8941955566406,398.2426452636719,436.6056823730469,0.5845108032226562,0.0436390973627567,0.3175269961357116,0.635528028011322,0.6945679783821106
case_78,train,1.1931154706488936,0.1371269644430385,0.04902243559664145,0.04902243559664145,0.6038961038961039,0.8883616383616384,-0.5231658905292356,1.3624793681538507,0.2357522374764213,0.0748842319900332,0.0,0.6371128871128872,0.9305694305694305,0.08922759328461671,0.16936389750495717,0.09862527303338278,0.025861796393391756,-0.04902243559664145,0.03321678321678323,0.04220779220779214,0.6123934838138523,False,False,False,True,3.473510503768921,0.3976163566112518,2.780771017074585,4.394714832305908,5.1860527992248535,362.4739379882813,10.105934143066406,345.6236267089844,375.292724609375,433.44622802734375,0.3519338071346283,0.0626445561647415,0.2701460123062134,0.4985930025577545,0.664002001285553
case_72,train,1.2198608468854484,0.25817960772718596,0.055441613277173785,0.0,0.5984015984015985,0.8803696303696303,0.24829770029901335,1.3596542482832559,0.3631722251484277,0.1874515006600218,0.0,0.6346153846153846,0.9283216783216783,0.7995404240092127,0.1397934013978075,0.10499261742124172,0.13200988738284802,0.0,0.036213786213786126,0.047952047952047994,0.5512427237101993,False,True,False,True,3.4638895988464355,0.4016619920730591,2.7559409141540527,4.408148765563965,5.184566020965576,352.4326477050781,11.414469718933104,343.302001953125,370.5895690917969,431.9429016113281,0.359425276517868,0.0628086552023887,0.2801620066165924,0.5082319974899292,0.6614480018615723
case_122,train,1.153844559705546,0.08996554724013953,0.09805187161468966,0.09805187161468966,0.5951548451548452,0.9015984015984015,-0.9252739057380511,1.308786284276094,0.18678364659096586,0.019090600673359465,0.0,0.6251248751248751,0.9345654345654346,-0.3271726308478516,0.154941724570548,0.09681809935082633,-0.0789612709413302,-0.09805187161468966,0.029970029970029954,0.03296703296703307,0.5981012748901995,False,False,False,True,3.433185338973999,0.3995968699455261,2.7547309398651123,4.363324165344238,5.176336765289307,355.65985107421875,6.678843975067139,346.1600341796875,373.4673156738281,424.1872253417969,0.3562403917312622,0.0554435476660728,0.2688780128955841,0.4907729923725128,0.6248090267181396
case_128,train,1.124104937834427,0.09128397381276898,0.09846227771209483,0.09846227771209483,0.5974025974025974,0.8941058941058941,-0.877079350076042,1.2803081297402903,0.18876993433150951,0.019350523030252267,0.0,0.6276223776223776,0.9275724275724275,-0.2867480430025703,0.1562031919058633,0.09748596051874053,-0.07911175468184256,-0.09846227771209483,0.030219780219780223,0.03346653346653339,0.5903313070734717,False,False,False,True,3.4276201725006104,0.3980749845504761,2.7642290592193604,4.353791236877441,5.170944213867188,355.5298767089844,6.357247352600098,347.1254272460937,371.6177368164063,420.6131896972656,0.3549663126468658,0.0581122711300849,0.2636309862136841,0.4897100031375885,0.6378710269927979
case_137,train,1.1188252968410564,0.10464872832031692,0.0900589024739815,0.0900589024739815,0.5904095904095904,0.9065934065934066,-0.818147013993012,1.2734666607378446,0.20507262323989495,0.030203859835335387,0.0,0.6206293706293706,0.936063936063936,-0.2238537189651297,0.1546413638967883,0.10042389491957802,-0.05985504263864612,-0.0900589024739815,0.030219780219780223,0.029470529470529416,0.5942932950278823,False,False,False,True,3.435466289520264,0.3983742296695709,2.7612709999084477,4.355877876281738,5.176693916320801,354.2911376953125,6.197383403778076,346.4603576660156,369.28216552734375,421.553955078125,0.3571969270706177,0.058250818401575,0.2626090049743652,0.4883509874343872,0.6515070199966431
case_29,validation,1.1451214467468924,0.3001611135683405,0.12001068600452719,0.0,0.5916583416583416,0.8371628371628371,0.03152483115862999,1.2627308788589549,0.4153510665849735,0.27452148224335354,0.0,0.5899100899100899,0.8828671328671329,0.4028347547014242,0.11760943211206243,0.11518995301663298,0.15451079623882635,0.0,-0.0017482517482517723,0.045704295704295794,0.37130992354279424,False,True,True,True,3.1236889362335205,0.230920061469078,2.755556106567383,3.676456928253174,5.0824151039123535,392.5954895019531,17.600141525268555,350.0085754394531,424.3432922363281,447.32611083984375,0.3146193325519562,0.0281614027917385,0.2822889983654022,0.3714419901371002,0.6059269905090332
case_62,validation,1.0215456160548457,0.14908290597717103,0.08768493514207101,0.0,0.6036463536463537,0.9135864135864136,-0.010849378132414966,1.2419434169711296,0.2749166426661995,0.2500247887227302,0.0,0.6488511488511488,0.9403096903096904,0.622221753070824,0.22039780091628391,0.12583373668902845,0.1623398535806592,0.0,0.045204795204795145,0.02672327672327679,0.6330711312032389,False,True,False,True,3.798898220062256,0.3343678414821625,2.91178297996521,4.536083221435547,5.200133800506592,353.52325439453125,11.043818473815918,341.6856384277344,368.2245178222656,431.7369079589844,0.40302774310112,0.0459478944540023,0.3174180090427398,0.4987649917602539,0.661952018737793
case_106,train,1.037917805253363,0.027281424988108795,0.059298274896449114,0.059298274896449114,0.6176323676323676,0.8848651348651349,-0.9033868864352644,1.1605747131545847,0.11834633463442151,0.06580510556364344,0.0,0.6510989010989011,0.9328171828171828,-0.3542256403318859,0.12265690790122163,0.09106490964631273,0.006506830667194326,-0.059298274896449114,0.0334665334665335,0.047952047952047994,0.5491612461033786,False,False,False,False,3.4595956802368164,0.4012538492679596,2.753706932067871,4.398697853088379,5.183056831359863,357.8890991210937,11.15423583984375,342.498779296875,377.22314453125,431.7829284667969,0.5974948406219482,0.0442048758268356,0.3209809958934784,0.6409590244293213,0.6982240080833435
